solid OpenSCAD_Model
  facet normal 0 0 1
    outer loop
      vertex 8 41.55 3
      vertex 24.85 45.55 3
      vertex 8 45.55 3
    endloop
  endfacet
  facet normal 0 0 1
    outer loop
      vertex 24.85 45.55 3
      vertex 8 41.55 3
      vertex 24.85 35.55 3
    endloop
  endfacet
  facet normal 0 0 1
    outer loop
      vertex 24.85 35.55 3
      vertex 8 41.55 3
      vertex 8 35.55 3
    endloop
  endfacet
  facet normal 0 0 1
    outer loop
      vertex 24.85 45.55 3
      vertex 32.85 57.1 3
      vertex 24.85 57.1 3
    endloop
  endfacet
  facet normal 0 0 1
    outer loop
      vertex 32.85 57.1 3
      vertex 24.85 45.55 3
      vertex 32.85 24 3
    endloop
  endfacet
  facet normal -0 0 1
    outer loop
      vertex 24.85 35.55 3
      vertex 32.85 24 3
      vertex 24.85 45.55 3
    endloop
  endfacet
  facet normal 0 0 1
    outer loop
      vertex 32.85 24 3
      vertex 24.85 35.55 3
      vertex 24.85 24 3
    endloop
  endfacet
  facet normal 1 -0 0
    outer loop
      vertex 32.85 24 3
      vertex 32.85 57.1 0
      vertex 32.85 57.1 3
    endloop
  endfacet
  facet normal 1 0 0
    outer loop
      vertex 32.85 57.1 0
      vertex 32.85 24 3
      vertex 32.85 24 0
    endloop
  endfacet
  facet normal 0 1 0
    outer loop
      vertex 182.75 59.5 8
      vertex 99.65 59.5 6.3
      vertex 8.55 59.5 8
    endloop
  endfacet
  facet normal 0 1 0
    outer loop
      vertex 182.75 59.5 8
      vertex 99.65 59.5 4.1
      vertex 99.65 59.5 6.3
    endloop
  endfacet
  facet normal 0 1 0
    outer loop
      vertex 99.65 59.5 4.1
      vertex 182.75 59.5 0
      vertex 91.65 59.5 4.1
    endloop
  endfacet
  facet normal 0 1 -0
    outer loop
      vertex 182.75 59.5 0
      vertex 99.65 59.5 4.1
      vertex 182.75 59.5 8
    endloop
  endfacet
  facet normal 0 1 -0
    outer loop
      vertex 91.65 59.5 6.3
      vertex 8.55 59.5 8
      vertex 99.65 59.5 6.3
    endloop
  endfacet
  facet normal 0 1 -0
    outer loop
      vertex 91.65 59.5 4.1
      vertex 8.55 59.5 8
      vertex 91.65 59.5 6.3
    endloop
  endfacet
  facet normal 0 1 0
    outer loop
      vertex 91.65 59.5 4.1
      vertex 8.55 59.5 0
      vertex 8.55 59.5 8
    endloop
  endfacet
  facet normal 0 1 0
    outer loop
      vertex 8.55 59.5 0
      vertex 91.65 59.5 4.1
      vertex 182.75 59.5 0
    endloop
  endfacet
  facet normal -1 0 0
    outer loop
      vertex 24.85 45.55 0
      vertex 24.85 57.1 3
      vertex 24.85 57.1 0
    endloop
  endfacet
  facet normal -1 -0 0
    outer loop
      vertex 24.85 57.1 3
      vertex 24.85 45.55 0
      vertex 24.85 45.55 3
    endloop
  endfacet
  facet normal -1 0 0
    outer loop
      vertex 24.85 24 0
      vertex 24.85 35.55 3
      vertex 24.85 35.55 0
    endloop
  endfacet
  facet normal -1 -0 0
    outer loop
      vertex 24.85 35.55 3
      vertex 24.85 24 0
      vertex 24.85 24 3
    endloop
  endfacet
  facet normal 0 0 -1
    outer loop
      vertex 8 40.55 0
      vertex 24.85 35.55 0
      vertex 8 35.55 0
    endloop
  endfacet
  facet normal 0 0 -1
    outer loop
      vertex 24.85 35.55 0
      vertex 8 40.55 0
      vertex 24.85 45.55 0
    endloop
  endfacet
  facet normal -0 0 -1
    outer loop
      vertex 24.85 45.55 0
      vertex 8 40.55 0
      vertex 8 45.55 0
    endloop
  endfacet
  facet normal 0 0 -1
    outer loop
      vertex 182.75 21.6 0
      vertex 183.45 22.3 0
      vertex 183.444 22.2086 0
    endloop
  endfacet
  facet normal -0 0 -1
    outer loop
      vertex 183.45 22.3 0
      vertex 182.75 21.6 0
      vertex 183.45 23.3 0
    endloop
  endfacet
  facet normal 0 0 -1
    outer loop
      vertex 182.75 21.6 0
      vertex 183.444 22.2086 0
      vertex 183.426 22.1188 0
    endloop
  endfacet
  facet normal 0 0 -1
    outer loop
      vertex 182.75 24 0
      vertex 183.45 23.3 0
      vertex 182.75 21.6 0
    endloop
  endfacet
  facet normal 0 0 -1
    outer loop
      vertex 182.75 21.6 0
      vertex 183.426 22.1188 0
      vertex 183.397 22.0321 0
    endloop
  endfacet
  facet normal 0 0 -1
    outer loop
      vertex 183.45 23.3 0
      vertex 182.75 24 0
      vertex 183.444 23.3914 0
    endloop
  endfacet
  facet normal 0 0 -1
    outer loop
      vertex 182.75 21.6 0
      vertex 183.397 22.0321 0
      vertex 183.356 21.95 0
    endloop
  endfacet
  facet normal 0 0 -1
    outer loop
      vertex 183.444 23.3914 0
      vertex 182.75 24 0
      vertex 183.426 23.4812 0
    endloop
  endfacet
  facet normal 0 0 -1
    outer loop
      vertex 182.75 21.6 0
      vertex 183.356 21.95 0
      vertex 183.305 21.8739 0
    endloop
  endfacet
  facet normal 0 0 -1
    outer loop
      vertex 183.426 23.4812 0
      vertex 182.75 24 0
      vertex 183.397 23.5679 0
    endloop
  endfacet
  facet normal 0 0 -1
    outer loop
      vertex 182.75 21.6 0
      vertex 183.305 21.8739 0
      vertex 183.245 21.805 0
    endloop
  endfacet
  facet normal 0 0 -1
    outer loop
      vertex 183.397 23.5679 0
      vertex 182.75 24 0
      vertex 183.356 23.65 0
    endloop
  endfacet
  facet normal 0 0 -1
    outer loop
      vertex 182.75 21.6 0
      vertex 183.245 21.805 0
      vertex 183.176 21.7447 0
    endloop
  endfacet
  facet normal 0 0 -1
    outer loop
      vertex 183.356 23.65 0
      vertex 182.75 24 0
      vertex 183.305 23.7261 0
    endloop
  endfacet
  facet normal 0 0 -1
    outer loop
      vertex 182.75 21.6 0
      vertex 183.176 21.7447 0
      vertex 183.1 21.6938 0
    endloop
  endfacet
  facet normal 0 0 -1
    outer loop
      vertex 183.305 23.7261 0
      vertex 182.75 24 0
      vertex 183.245 23.795 0
    endloop
  endfacet
  facet normal 0 0 -1
    outer loop
      vertex 182.75 21.6 0
      vertex 183.1 21.6938 0
      vertex 183.018 21.6533 0
    endloop
  endfacet
  facet normal 0 0 -1
    outer loop
      vertex 183.245 23.795 0
      vertex 182.75 24 0
      vertex 183.176 23.8553 0
    endloop
  endfacet
  facet normal 0 0 -1
    outer loop
      vertex 182.75 21.6 0
      vertex 183.018 21.6533 0
      vertex 182.931 21.6239 0
    endloop
  endfacet
  facet normal 0 0 -1
    outer loop
      vertex 183.176 23.8553 0
      vertex 182.75 24 0
      vertex 183.1 23.9062 0
    endloop
  endfacet
  facet normal 0 0 -1
    outer loop
      vertex 182.75 21.6 0
      vertex 182.931 21.6239 0
      vertex 182.841 21.606 0
    endloop
  endfacet
  facet normal 0 0 -1
    outer loop
      vertex 183.1 23.9062 0
      vertex 182.75 24 0
      vertex 183.018 23.9467 0
    endloop
  endfacet
  facet normal 0 0 -1
    outer loop
      vertex 183.018 23.9467 0
      vertex 182.75 24 0
      vertex 182.931 23.9761 0
    endloop
  endfacet
  facet normal 0 0 -1
    outer loop
      vertex 182.931 23.9761 0
      vertex 182.75 24 0
      vertex 182.841 23.994 0
    endloop
  endfacet
  facet normal 0 0 -1
    outer loop
      vertex 182.75 21.6 0
      vertex 166.45 24 0
      vertex 182.75 24 0
    endloop
  endfacet
  facet normal 0 0 -1
    outer loop
      vertex 158.45 24 0
      vertex 166.45 35.55 0
      vertex 166.45 24 0
    endloop
  endfacet
  facet normal -0 0 -1
    outer loop
      vertex 166.45 35.55 0
      vertex 158.45 24 0
      vertex 166.45 45.55 0
    endloop
  endfacet
  facet normal 0 0 -1
    outer loop
      vertex 158.45 57.1 0
      vertex 166.45 45.55 0
      vertex 158.45 24 0
    endloop
  endfacet
  facet normal 0 0 -1
    outer loop
      vertex 182.75 21.6 0
      vertex 158.45 24 0
      vertex 166.45 24 0
    endloop
  endfacet
  facet normal 0 0 -1
    outer loop
      vertex 182.75 21.6 0
      vertex 99.65 24 0
      vertex 158.45 24 0
    endloop
  endfacet
  facet normal 0 0 -1
    outer loop
      vertex 99.65 24 0
      vertex 91.65 24 0
      vertex 99.65 57.1 0
    endloop
  endfacet
  facet normal 0 0 -1
    outer loop
      vertex 182.75 21.6 0
      vertex 91.65 24 0
      vertex 99.65 24 0
    endloop
  endfacet
  facet normal 0 0 -1
    outer loop
      vertex 8.55 21.6 0
      vertex 91.65 24 0
      vertex 182.75 21.6 0
    endloop
  endfacet
  facet normal 0 0 -1
    outer loop
      vertex 24.85 35.55 0
      vertex 32.85 24 0
      vertex 24.85 24 0
    endloop
  endfacet
  facet normal -0 0 -1
    outer loop
      vertex 91.65 24 0
      vertex 8.55 21.6 0
      vertex 32.85 24 0
    endloop
  endfacet
  facet normal -0 0 -1
    outer loop
      vertex 32.85 24 0
      vertex 8.55 21.6 0
      vertex 24.85 24 0
    endloop
  endfacet
  facet normal 0 0 -1
    outer loop
      vertex 8.55 21.6 0
      vertex 8.55 24 0
      vertex 24.85 24 0
    endloop
  endfacet
  facet normal 0 0 -1
    outer loop
      vertex 7.85 22.3 0
      vertex 8.55 21.6 0
      vertex 8.45863 21.606 0
    endloop
  endfacet
  facet normal 0 0 -1
    outer loop
      vertex 8.55 21.6 0
      vertex 7.85 22.3 0
      vertex 8.55 24 0
    endloop
  endfacet
  facet normal 0 0 -1
    outer loop
      vertex 7.85 22.3 0
      vertex 8.45863 21.606 0
      vertex 8.36883 21.6239 0
    endloop
  endfacet
  facet normal 0 0 -1
    outer loop
      vertex 7.85 23.3 0
      vertex 8.55 24 0
      vertex 7.85 22.3 0
    endloop
  endfacet
  facet normal 0 0 -1
    outer loop
      vertex 7.85 22.3 0
      vertex 8.36883 21.6239 0
      vertex 8.28212 21.6533 0
    endloop
  endfacet
  facet normal 0 0 -1
    outer loop
      vertex 8.55 24 0
      vertex 7.85 23.3 0
      vertex 8.45863 23.994 0
    endloop
  endfacet
  facet normal 0 0 -1
    outer loop
      vertex 7.85 22.3 0
      vertex 8.28212 21.6533 0
      vertex 8.2 21.6938 0
    endloop
  endfacet
  facet normal 0 0 -1
    outer loop
      vertex 8.45863 23.994 0
      vertex 7.85 23.3 0
      vertex 8.36883 23.9761 0
    endloop
  endfacet
  facet normal 0 0 -1
    outer loop
      vertex 7.85 22.3 0
      vertex 8.2 21.6938 0
      vertex 8.12387 21.7447 0
    endloop
  endfacet
  facet normal 0 0 -1
    outer loop
      vertex 8.36883 23.9761 0
      vertex 7.85 23.3 0
      vertex 8.28212 23.9467 0
    endloop
  endfacet
  facet normal 0 0 -1
    outer loop
      vertex 7.85 22.3 0
      vertex 8.12387 21.7447 0
      vertex 8.05502 21.805 0
    endloop
  endfacet
  facet normal 0 0 -1
    outer loop
      vertex 8.28212 23.9467 0
      vertex 7.85 23.3 0
      vertex 8.2 23.9062 0
    endloop
  endfacet
  facet normal 0 0 -1
    outer loop
      vertex 7.85 22.3 0
      vertex 8.05502 21.805 0
      vertex 7.99465 21.8739 0
    endloop
  endfacet
  facet normal 0 0 -1
    outer loop
      vertex 8.2 23.9062 0
      vertex 7.85 23.3 0
      vertex 8.12387 23.8553 0
    endloop
  endfacet
  facet normal 0 0 -1
    outer loop
      vertex 7.85 22.3 0
      vertex 7.99465 21.8739 0
      vertex 7.94378 21.95 0
    endloop
  endfacet
  facet normal 0 0 -1
    outer loop
      vertex 8.12387 23.8553 0
      vertex 7.85 23.3 0
      vertex 8.05502 23.795 0
    endloop
  endfacet
  facet normal 0 0 -1
    outer loop
      vertex 7.85 22.3 0
      vertex 7.94378 21.95 0
      vertex 7.90328 22.0321 0
    endloop
  endfacet
  facet normal 0 0 -1
    outer loop
      vertex 8.05502 23.795 0
      vertex 7.85 23.3 0
      vertex 7.99465 23.7261 0
    endloop
  endfacet
  facet normal 0 0 -1
    outer loop
      vertex 7.85 22.3 0
      vertex 7.90328 22.0321 0
      vertex 7.87385 22.1188 0
    endloop
  endfacet
  facet normal 0 0 -1
    outer loop
      vertex 7.99465 23.7261 0
      vertex 7.85 23.3 0
      vertex 7.94378 23.65 0
    endloop
  endfacet
  facet normal 0 0 -1
    outer loop
      vertex 7.85 22.3 0
      vertex 7.87385 22.1188 0
      vertex 7.85599 22.2086 0
    endloop
  endfacet
  facet normal 0 0 -1
    outer loop
      vertex 7.94378 23.65 0
      vertex 7.85 23.3 0
      vertex 7.90328 23.5679 0
    endloop
  endfacet
  facet normal 0 0 -1
    outer loop
      vertex 7.90328 23.5679 0
      vertex 7.85 23.3 0
      vertex 7.87385 23.4812 0
    endloop
  endfacet
  facet normal 0 0 -1
    outer loop
      vertex 7.87385 23.4812 0
      vertex 7.85 23.3 0
      vertex 7.85599 23.3914 0
    endloop
  endfacet
  facet normal 0 0 -1
    outer loop
      vertex 183.3 35.55 0
      vertex 191.3 32.55 0
      vertex 183.3 32.55 0
    endloop
  endfacet
  facet normal 0 0 -1
    outer loop
      vertex 191.3 32.55 0
      vertex 183.3 35.55 0
      vertex 191.3 40.55 0
    endloop
  endfacet
  facet normal 0 0 -1
    outer loop
      vertex 183.3 35.55 0
      vertex 183.3 40.55 0
      vertex 191.3 40.55 0
    endloop
  endfacet
  facet normal 0 0 -1
    outer loop
      vertex 166.45 35.55 0
      vertex 183.3 40.55 0
      vertex 183.3 35.55 0
    endloop
  endfacet
  facet normal 0 0 -1
    outer loop
      vertex 166.45 45.55 0
      vertex 183.3 40.55 0
      vertex 166.45 35.55 0
    endloop
  endfacet
  facet normal 0 0 -1
    outer loop
      vertex 183.3 40.55 0
      vertex 166.45 45.55 0
      vertex 183.3 45.55 0
    endloop
  endfacet
  facet normal 0 0 -1
    outer loop
      vertex 182.75 57.1 0
      vertex 183.45 57.8 0
      vertex 183.444 57.7086 0
    endloop
  endfacet
  facet normal -0 0 -1
    outer loop
      vertex 183.45 57.8 0
      vertex 182.75 57.1 0
      vertex 183.45 58.8 0
    endloop
  endfacet
  facet normal 0 0 -1
    outer loop
      vertex 182.75 57.1 0
      vertex 183.444 57.7086 0
      vertex 183.426 57.6188 0
    endloop
  endfacet
  facet normal 0 0 -1
    outer loop
      vertex 182.75 59.5 0
      vertex 183.45 58.8 0
      vertex 182.75 57.1 0
    endloop
  endfacet
  facet normal 0 0 -1
    outer loop
      vertex 182.75 57.1 0
      vertex 183.426 57.6188 0
      vertex 183.397 57.5321 0
    endloop
  endfacet
  facet normal 0 0 -1
    outer loop
      vertex 183.45 58.8 0
      vertex 182.75 59.5 0
      vertex 183.444 58.8914 0
    endloop
  endfacet
  facet normal 0 0 -1
    outer loop
      vertex 182.75 57.1 0
      vertex 183.397 57.5321 0
      vertex 183.356 57.45 0
    endloop
  endfacet
  facet normal 0 0 -1
    outer loop
      vertex 183.444 58.8914 0
      vertex 182.75 59.5 0
      vertex 183.426 58.9812 0
    endloop
  endfacet
  facet normal 0 0 -1
    outer loop
      vertex 182.75 57.1 0
      vertex 183.356 57.45 0
      vertex 183.305 57.3739 0
    endloop
  endfacet
  facet normal 0 0 -1
    outer loop
      vertex 183.426 58.9812 0
      vertex 182.75 59.5 0
      vertex 183.397 59.0679 0
    endloop
  endfacet
  facet normal 0 0 -1
    outer loop
      vertex 182.75 57.1 0
      vertex 183.305 57.3739 0
      vertex 183.245 57.305 0
    endloop
  endfacet
  facet normal 0 0 -1
    outer loop
      vertex 183.397 59.0679 0
      vertex 182.75 59.5 0
      vertex 183.356 59.15 0
    endloop
  endfacet
  facet normal 0 0 -1
    outer loop
      vertex 182.75 57.1 0
      vertex 183.245 57.305 0
      vertex 183.176 57.2447 0
    endloop
  endfacet
  facet normal 0 0 -1
    outer loop
      vertex 183.356 59.15 0
      vertex 182.75 59.5 0
      vertex 183.305 59.2261 0
    endloop
  endfacet
  facet normal 0 0 -1
    outer loop
      vertex 182.75 57.1 0
      vertex 183.176 57.2447 0
      vertex 183.1 57.1938 0
    endloop
  endfacet
  facet normal 0 0 -1
    outer loop
      vertex 183.305 59.2261 0
      vertex 182.75 59.5 0
      vertex 183.245 59.295 0
    endloop
  endfacet
  facet normal 0 0 -1
    outer loop
      vertex 182.75 57.1 0
      vertex 183.1 57.1938 0
      vertex 183.018 57.1533 0
    endloop
  endfacet
  facet normal 0 0 -1
    outer loop
      vertex 183.245 59.295 0
      vertex 182.75 59.5 0
      vertex 183.176 59.3553 0
    endloop
  endfacet
  facet normal 0 0 -1
    outer loop
      vertex 182.75 57.1 0
      vertex 183.018 57.1533 0
      vertex 182.931 57.1239 0
    endloop
  endfacet
  facet normal 0 0 -1
    outer loop
      vertex 183.176 59.3553 0
      vertex 182.75 59.5 0
      vertex 183.1 59.4062 0
    endloop
  endfacet
  facet normal 0 0 -1
    outer loop
      vertex 182.75 57.1 0
      vertex 182.931 57.1239 0
      vertex 182.841 57.106 0
    endloop
  endfacet
  facet normal 0 0 -1
    outer loop
      vertex 183.1 59.4062 0
      vertex 182.75 59.5 0
      vertex 183.018 59.4467 0
    endloop
  endfacet
  facet normal 0 0 -1
    outer loop
      vertex 183.018 59.4467 0
      vertex 182.75 59.5 0
      vertex 182.931 59.4761 0
    endloop
  endfacet
  facet normal 0 0 -1
    outer loop
      vertex 182.931 59.4761 0
      vertex 182.75 59.5 0
      vertex 182.841 59.494 0
    endloop
  endfacet
  facet normal 0 0 -1
    outer loop
      vertex 166.45 57.1 0
      vertex 182.75 59.5 0
      vertex 182.75 57.1 0
    endloop
  endfacet
  facet normal 0 0 -1
    outer loop
      vertex 166.45 45.55 0
      vertex 158.45 57.1 0
      vertex 166.45 57.1 0
    endloop
  endfacet
  facet normal 0 0 -1
    outer loop
      vertex 158.45 57.1 0
      vertex 182.75 59.5 0
      vertex 166.45 57.1 0
    endloop
  endfacet
  facet normal 0 0 -1
    outer loop
      vertex 99.65 57.1 0
      vertex 182.75 59.5 0
      vertex 158.45 57.1 0
    endloop
  endfacet
  facet normal 0 0 -1
    outer loop
      vertex 91.65 57.1 0
      vertex 99.65 57.1 0
      vertex 91.65 24 0
    endloop
  endfacet
  facet normal 0 0 -1
    outer loop
      vertex 91.65 57.1 0
      vertex 182.75 59.5 0
      vertex 99.65 57.1 0
    endloop
  endfacet
  facet normal 0 0 -1
    outer loop
      vertex 8.55 59.5 0
      vertex 91.65 57.1 0
      vertex 32.85 57.1 0
    endloop
  endfacet
  facet normal 0 0 -1
    outer loop
      vertex 32.85 24 0
      vertex 24.85 35.55 0
      vertex 32.85 57.1 0
    endloop
  endfacet
  facet normal 0 0 -1
    outer loop
      vertex 24.85 45.55 0
      vertex 32.85 57.1 0
      vertex 24.85 35.55 0
    endloop
  endfacet
  facet normal 0 0 -1
    outer loop
      vertex 24.85 57.1 0
      vertex 32.85 57.1 0
      vertex 24.85 45.55 0
    endloop
  endfacet
  facet normal 0 0 -1
    outer loop
      vertex 8.55 59.5 0
      vertex 32.85 57.1 0
      vertex 24.85 57.1 0
    endloop
  endfacet
  facet normal 0 0 -1
    outer loop
      vertex 8.55 59.5 0
      vertex 24.85 57.1 0
      vertex 8.55 57.1 0
    endloop
  endfacet
  facet normal 0 0 -1
    outer loop
      vertex 91.65 57.1 0
      vertex 8.55 59.5 0
      vertex 182.75 59.5 0
    endloop
  endfacet
  facet normal 0 0 -1
    outer loop
      vertex 7.85 57.8 0
      vertex 8.55 57.1 0
      vertex 8.45863 57.106 0
    endloop
  endfacet
  facet normal 0 0 -1
    outer loop
      vertex 8.55 57.1 0
      vertex 7.85 57.8 0
      vertex 8.55 59.5 0
    endloop
  endfacet
  facet normal 0 0 -1
    outer loop
      vertex 7.85 57.8 0
      vertex 8.45863 57.106 0
      vertex 8.36883 57.1239 0
    endloop
  endfacet
  facet normal 0 0 -1
    outer loop
      vertex 7.85 58.8 0
      vertex 8.55 59.5 0
      vertex 7.85 57.8 0
    endloop
  endfacet
  facet normal 0 0 -1
    outer loop
      vertex 7.85 57.8 0
      vertex 8.36883 57.1239 0
      vertex 8.28212 57.1533 0
    endloop
  endfacet
  facet normal 0 0 -1
    outer loop
      vertex 8.55 59.5 0
      vertex 7.85 58.8 0
      vertex 8.45863 59.494 0
    endloop
  endfacet
  facet normal 0 0 -1
    outer loop
      vertex 7.85 57.8 0
      vertex 8.28212 57.1533 0
      vertex 8.2 57.1938 0
    endloop
  endfacet
  facet normal 0 0 -1
    outer loop
      vertex 8.45863 59.494 0
      vertex 7.85 58.8 0
      vertex 8.36883 59.4761 0
    endloop
  endfacet
  facet normal 0 0 -1
    outer loop
      vertex 7.85 57.8 0
      vertex 8.2 57.1938 0
      vertex 8.12387 57.2447 0
    endloop
  endfacet
  facet normal 0 0 -1
    outer loop
      vertex 8.36883 59.4761 0
      vertex 7.85 58.8 0
      vertex 8.28212 59.4467 0
    endloop
  endfacet
  facet normal 0 0 -1
    outer loop
      vertex 7.85 57.8 0
      vertex 8.12387 57.2447 0
      vertex 8.05502 57.305 0
    endloop
  endfacet
  facet normal 0 0 -1
    outer loop
      vertex 8.28212 59.4467 0
      vertex 7.85 58.8 0
      vertex 8.2 59.4062 0
    endloop
  endfacet
  facet normal 0 0 -1
    outer loop
      vertex 7.85 57.8 0
      vertex 8.05502 57.305 0
      vertex 7.99465 57.3739 0
    endloop
  endfacet
  facet normal 0 0 -1
    outer loop
      vertex 8.2 59.4062 0
      vertex 7.85 58.8 0
      vertex 8.12387 59.3553 0
    endloop
  endfacet
  facet normal 0 0 -1
    outer loop
      vertex 7.85 57.8 0
      vertex 7.99465 57.3739 0
      vertex 7.94378 57.45 0
    endloop
  endfacet
  facet normal 0 0 -1
    outer loop
      vertex 8.12387 59.3553 0
      vertex 7.85 58.8 0
      vertex 8.05502 59.295 0
    endloop
  endfacet
  facet normal 0 0 -1
    outer loop
      vertex 7.85 57.8 0
      vertex 7.94378 57.45 0
      vertex 7.90328 57.5321 0
    endloop
  endfacet
  facet normal 0 0 -1
    outer loop
      vertex 8.05502 59.295 0
      vertex 7.85 58.8 0
      vertex 7.99465 59.2261 0
    endloop
  endfacet
  facet normal 0 0 -1
    outer loop
      vertex 7.85 57.8 0
      vertex 7.90328 57.5321 0
      vertex 7.87385 57.6188 0
    endloop
  endfacet
  facet normal 0 0 -1
    outer loop
      vertex 7.99465 59.2261 0
      vertex 7.85 58.8 0
      vertex 7.94378 59.15 0
    endloop
  endfacet
  facet normal 0 0 -1
    outer loop
      vertex 7.85 57.8 0
      vertex 7.87385 57.6188 0
      vertex 7.85599 57.7086 0
    endloop
  endfacet
  facet normal 0 0 -1
    outer loop
      vertex 7.94378 59.15 0
      vertex 7.85 58.8 0
      vertex 7.90328 59.0679 0
    endloop
  endfacet
  facet normal 0 0 -1
    outer loop
      vertex 7.90328 59.0679 0
      vertex 7.85 58.8 0
      vertex 7.87385 58.9812 0
    endloop
  endfacet
  facet normal 0 0 -1
    outer loop
      vertex 7.87385 58.9812 0
      vertex 7.85 58.8 0
      vertex 7.85599 58.8914 0
    endloop
  endfacet
  facet normal 0 0 -1
    outer loop
      vertex 0 32.55 0
      vertex 8 35.55 0
      vertex 8 32.55 0
    endloop
  endfacet
  facet normal 0 0 -1
    outer loop
      vertex 0 40.55 0
      vertex 8 35.55 0
      vertex 0 32.55 0
    endloop
  endfacet
  facet normal 0 0 -1
    outer loop
      vertex 8 35.55 0
      vertex 0 40.55 0
      vertex 8 40.55 0
    endloop
  endfacet
  facet normal 0 -1 0
    outer loop
      vertex 8.55 21.6 8
      vertex 91.65 21.6 6.3
      vertex 182.75 21.6 8
    endloop
  endfacet
  facet normal 0 -1 0
    outer loop
      vertex 8.55 21.6 8
      vertex 91.65 21.6 4.1
      vertex 91.65 21.6 6.3
    endloop
  endfacet
  facet normal 0 -1 -0
    outer loop
      vertex 91.65 21.6 4.1
      vertex 8.55 21.6 0
      vertex 99.65 21.6 4.1
    endloop
  endfacet
  facet normal 0 -1 0
    outer loop
      vertex 8.55 21.6 0
      vertex 91.65 21.6 4.1
      vertex 8.55 21.6 8
    endloop
  endfacet
  facet normal 0 -1 0
    outer loop
      vertex 99.65 21.6 6.3
      vertex 182.75 21.6 8
      vertex 91.65 21.6 6.3
    endloop
  endfacet
  facet normal 0 -1 0
    outer loop
      vertex 99.65 21.6 4.1
      vertex 182.75 21.6 8
      vertex 99.65 21.6 6.3
    endloop
  endfacet
  facet normal 0 -1 0
    outer loop
      vertex 99.65 21.6 4.1
      vertex 182.75 21.6 0
      vertex 182.75 21.6 8
    endloop
  endfacet
  facet normal 0 -1 0
    outer loop
      vertex 182.75 21.6 0
      vertex 99.65 21.6 4.1
      vertex 8.55 21.6 0
    endloop
  endfacet
  facet normal -0 0 1
    outer loop
      vertex 91.65 57.1 3
      vertex 99.65 24 3
      vertex 99.65 57.1 3
    endloop
  endfacet
  facet normal 0 0 1
    outer loop
      vertex 99.65 24 3
      vertex 91.65 57.1 3
      vertex 91.65 24 3
    endloop
  endfacet
  facet normal 1 -0 0
    outer loop
      vertex 99.65 24 3
      vertex 99.65 57.1 0
      vertex 99.65 57.1 3
    endloop
  endfacet
  facet normal 1 0 0
    outer loop
      vertex 99.65 57.1 0
      vertex 99.65 24 3
      vertex 99.65 24 0
    endloop
  endfacet
  facet normal -1 0 0
    outer loop
      vertex 91.65 24 0
      vertex 91.65 57.1 3
      vertex 91.65 57.1 0
    endloop
  endfacet
  facet normal -1 -0 0
    outer loop
      vertex 91.65 57.1 3
      vertex 91.65 24 0
      vertex 91.65 24 3
    endloop
  endfacet
  facet normal -0 0 1
    outer loop
      vertex 158.45 57.1 3
      vertex 166.45 45.55 3
      vertex 166.45 57.1 3
    endloop
  endfacet
  facet normal 0 0 1
    outer loop
      vertex 166.45 45.55 3
      vertex 158.45 57.1 3
      vertex 166.45 35.55 3
    endloop
  endfacet
  facet normal 0 0 1
    outer loop
      vertex 158.45 24 3
      vertex 166.45 35.55 3
      vertex 158.45 57.1 3
    endloop
  endfacet
  facet normal 0 0 1
    outer loop
      vertex 166.45 35.55 3
      vertex 158.45 24 3
      vertex 166.45 24 3
    endloop
  endfacet
  facet normal -0 0 1
    outer loop
      vertex 166.45 45.55 3
      vertex 183.3 41.55 3
      vertex 183.3 45.55 3
    endloop
  endfacet
  facet normal 0 0 1
    outer loop
      vertex 166.45 35.55 3
      vertex 183.3 41.55 3
      vertex 166.45 45.55 3
    endloop
  endfacet
  facet normal 0 0 1
    outer loop
      vertex 183.3 41.55 3
      vertex 166.45 35.55 3
      vertex 183.3 35.55 3
    endloop
  endfacet
  facet normal 1 -0 0
    outer loop
      vertex 166.45 24 3
      vertex 166.45 35.55 0
      vertex 166.45 35.55 3
    endloop
  endfacet
  facet normal 1 0 0
    outer loop
      vertex 166.45 35.55 0
      vertex 166.45 24 3
      vertex 166.45 24 0
    endloop
  endfacet
  facet normal 1 -0 0
    outer loop
      vertex 166.45 45.55 3
      vertex 166.45 57.1 0
      vertex 166.45 57.1 3
    endloop
  endfacet
  facet normal 1 0 0
    outer loop
      vertex 166.45 57.1 0
      vertex 166.45 45.55 3
      vertex 166.45 45.55 0
    endloop
  endfacet
  facet normal -1 0 0
    outer loop
      vertex 158.45 24 0
      vertex 158.45 57.1 3
      vertex 158.45 57.1 0
    endloop
  endfacet
  facet normal -1 -0 0
    outer loop
      vertex 158.45 57.1 3
      vertex 158.45 24 0
      vertex 158.45 24 3
    endloop
  endfacet
  facet normal 0 1 -0
    outer loop
      vertex 91.65 24 0
      vertex 32.85 24 3
      vertex 91.65 24 3
    endloop
  endfacet
  facet normal 0 1 0
    outer loop
      vertex 32.85 24 3
      vertex 91.65 24 0
      vertex 32.85 24 0
    endloop
  endfacet
  facet normal 0 1 -0
    outer loop
      vertex 158.45 24 0
      vertex 99.65 24 3
      vertex 158.45 24 3
    endloop
  endfacet
  facet normal 0 1 0
    outer loop
      vertex 99.65 24 3
      vertex 158.45 24 0
      vertex 99.65 24 0
    endloop
  endfacet
  facet normal 0 1 0
    outer loop
      vertex 182.75 24 8
      vertex 99.65 24 6.3
      vertex 8.55 24 8
    endloop
  endfacet
  facet normal 0 1 -0
    outer loop
      vertex 158.45 24 3
      vertex 99.65 24 6.3
      vertex 182.75 24 8
    endloop
  endfacet
  facet normal 0 1 0
    outer loop
      vertex 99.65 24 6.3
      vertex 158.45 24 3
      vertex 99.65 24 4.1
    endloop
  endfacet
  facet normal 0 1 0
    outer loop
      vertex 158.45 24 3
      vertex 182.75 24 8
      vertex 166.45 24 3
    endloop
  endfacet
  facet normal 0 1 -0
    outer loop
      vertex 182.75 24 0
      vertex 166.45 24 3
      vertex 182.75 24 8
    endloop
  endfacet
  facet normal 0 1 0
    outer loop
      vertex 166.45 24 3
      vertex 182.75 24 0
      vertex 166.45 24 0
    endloop
  endfacet
  facet normal 0 1 -0
    outer loop
      vertex 91.65 24 6.3
      vertex 8.55 24 8
      vertex 99.65 24 6.3
    endloop
  endfacet
  facet normal 0 1 0
    outer loop
      vertex 32.85 24 3
      vertex 91.65 24 6.3
      vertex 91.65 24 4.1
    endloop
  endfacet
  facet normal 0 1 0
    outer loop
      vertex 99.65 24 3
      vertex 99.65 24 4.1
      vertex 158.45 24 3
    endloop
  endfacet
  facet normal 0 1 0
    outer loop
      vertex 99.65 24 4.1
      vertex 99.65 24 3
      vertex 91.65 24 4.1
    endloop
  endfacet
  facet normal 0 1 0
    outer loop
      vertex 91.65 24 3
      vertex 91.65 24 4.1
      vertex 99.65 24 3
    endloop
  endfacet
  facet normal 0 1 0
    outer loop
      vertex 32.85 24 3
      vertex 91.65 24 4.1
      vertex 91.65 24 3
    endloop
  endfacet
  facet normal 0 1 0
    outer loop
      vertex 91.65 24 6.3
      vertex 32.85 24 3
      vertex 8.55 24 8
    endloop
  endfacet
  facet normal 0 1 -0
    outer loop
      vertex 24.85 24 3
      vertex 8.55 24 8
      vertex 32.85 24 3
    endloop
  endfacet
  facet normal 0 1 0
    outer loop
      vertex 8.55 24 0
      vertex 24.85 24 3
      vertex 24.85 24 0
    endloop
  endfacet
  facet normal 0 1 0
    outer loop
      vertex 24.85 24 3
      vertex 8.55 24 0
      vertex 8.55 24 8
    endloop
  endfacet
  facet normal 0 0 1
    outer loop
      vertex 182.75 24 8
      vertex 183.45 23.3 8
      vertex 183.444 23.3914 8
    endloop
  endfacet
  facet normal 0 0 1
    outer loop
      vertex 183.45 23.3 8
      vertex 182.75 24 8
      vertex 183.45 22.3 8
    endloop
  endfacet
  facet normal 0 0 1
    outer loop
      vertex 182.75 24 8
      vertex 183.444 23.3914 8
      vertex 183.426 23.4812 8
    endloop
  endfacet
  facet normal 0 0 1
    outer loop
      vertex 182.75 21.6 8
      vertex 183.45 22.3 8
      vertex 182.75 24 8
    endloop
  endfacet
  facet normal 0 0 1
    outer loop
      vertex 182.75 24 8
      vertex 183.426 23.4812 8
      vertex 183.397 23.5679 8
    endloop
  endfacet
  facet normal 0 0 1
    outer loop
      vertex 183.45 22.3 8
      vertex 182.75 21.6 8
      vertex 183.444 22.2086 8
    endloop
  endfacet
  facet normal 0 0 1
    outer loop
      vertex 182.75 24 8
      vertex 183.397 23.5679 8
      vertex 183.356 23.65 8
    endloop
  endfacet
  facet normal 0 0 1
    outer loop
      vertex 183.444 22.2086 8
      vertex 182.75 21.6 8
      vertex 183.426 22.1188 8
    endloop
  endfacet
  facet normal 0 0 1
    outer loop
      vertex 182.75 24 8
      vertex 183.356 23.65 8
      vertex 183.305 23.7261 8
    endloop
  endfacet
  facet normal 0 0 1
    outer loop
      vertex 183.426 22.1188 8
      vertex 182.75 21.6 8
      vertex 183.397 22.0321 8
    endloop
  endfacet
  facet normal 0 0 1
    outer loop
      vertex 182.75 24 8
      vertex 183.305 23.7261 8
      vertex 183.245 23.795 8
    endloop
  endfacet
  facet normal 0 0 1
    outer loop
      vertex 183.397 22.0321 8
      vertex 182.75 21.6 8
      vertex 183.356 21.95 8
    endloop
  endfacet
  facet normal 0 0 1
    outer loop
      vertex 182.75 24 8
      vertex 183.245 23.795 8
      vertex 183.176 23.8553 8
    endloop
  endfacet
  facet normal 0 0 1
    outer loop
      vertex 183.356 21.95 8
      vertex 182.75 21.6 8
      vertex 183.305 21.8739 8
    endloop
  endfacet
  facet normal 0 0 1
    outer loop
      vertex 182.75 24 8
      vertex 183.176 23.8553 8
      vertex 183.1 23.9062 8
    endloop
  endfacet
  facet normal 0 0 1
    outer loop
      vertex 183.305 21.8739 8
      vertex 182.75 21.6 8
      vertex 183.245 21.805 8
    endloop
  endfacet
  facet normal 0 0 1
    outer loop
      vertex 182.75 24 8
      vertex 183.1 23.9062 8
      vertex 183.018 23.9467 8
    endloop
  endfacet
  facet normal 0 0 1
    outer loop
      vertex 183.245 21.805 8
      vertex 182.75 21.6 8
      vertex 183.176 21.7447 8
    endloop
  endfacet
  facet normal 0 0 1
    outer loop
      vertex 182.75 24 8
      vertex 183.018 23.9467 8
      vertex 182.931 23.9761 8
    endloop
  endfacet
  facet normal 0 0 1
    outer loop
      vertex 183.176 21.7447 8
      vertex 182.75 21.6 8
      vertex 183.1 21.6938 8
    endloop
  endfacet
  facet normal 0 0 1
    outer loop
      vertex 182.75 24 8
      vertex 182.931 23.9761 8
      vertex 182.841 23.994 8
    endloop
  endfacet
  facet normal 0 0 1
    outer loop
      vertex 183.1 21.6938 8
      vertex 182.75 21.6 8
      vertex 183.018 21.6533 8
    endloop
  endfacet
  facet normal 0 0 1
    outer loop
      vertex 183.018 21.6533 8
      vertex 182.75 21.6 8
      vertex 182.931 21.6239 8
    endloop
  endfacet
  facet normal 0 0 1
    outer loop
      vertex 182.931 21.6239 8
      vertex 182.75 21.6 8
      vertex 182.841 21.606 8
    endloop
  endfacet
  facet normal -0 0 1
    outer loop
      vertex 8.55 24 8
      vertex 182.75 21.6 8
      vertex 182.75 24 8
    endloop
  endfacet
  facet normal 0 0 1
    outer loop
      vertex 8.55 24 8
      vertex 8.55 21.6 8
      vertex 182.75 21.6 8
    endloop
  endfacet
  facet normal 0 0 1
    outer loop
      vertex 7.85 23.3 8
      vertex 8.55 24 8
      vertex 8.45863 23.994 8
    endloop
  endfacet
  facet normal 0 0 1
    outer loop
      vertex 8.55 24 8
      vertex 7.85 23.3 8
      vertex 8.55 21.6 8
    endloop
  endfacet
  facet normal 0 0 1
    outer loop
      vertex 7.85 23.3 8
      vertex 8.45863 23.994 8
      vertex 8.36883 23.9761 8
    endloop
  endfacet
  facet normal -0 0 1
    outer loop
      vertex 7.85 22.3 8
      vertex 8.55 21.6 8
      vertex 7.85 23.3 8
    endloop
  endfacet
  facet normal 0 0 1
    outer loop
      vertex 7.85 23.3 8
      vertex 8.36883 23.9761 8
      vertex 8.28212 23.9467 8
    endloop
  endfacet
  facet normal 0 0 1
    outer loop
      vertex 8.55 21.6 8
      vertex 7.85 22.3 8
      vertex 8.45863 21.606 8
    endloop
  endfacet
  facet normal 0 0 1
    outer loop
      vertex 7.85 23.3 8
      vertex 8.28212 23.9467 8
      vertex 8.2 23.9062 8
    endloop
  endfacet
  facet normal 0 0 1
    outer loop
      vertex 8.45863 21.606 8
      vertex 7.85 22.3 8
      vertex 8.36883 21.6239 8
    endloop
  endfacet
  facet normal 0 0 1
    outer loop
      vertex 7.85 23.3 8
      vertex 8.2 23.9062 8
      vertex 8.12387 23.8553 8
    endloop
  endfacet
  facet normal 0 0 1
    outer loop
      vertex 8.36883 21.6239 8
      vertex 7.85 22.3 8
      vertex 8.28212 21.6533 8
    endloop
  endfacet
  facet normal 0 0 1
    outer loop
      vertex 7.85 23.3 8
      vertex 8.12387 23.8553 8
      vertex 8.05502 23.795 8
    endloop
  endfacet
  facet normal 0 0 1
    outer loop
      vertex 8.28212 21.6533 8
      vertex 7.85 22.3 8
      vertex 8.2 21.6938 8
    endloop
  endfacet
  facet normal 0 0 1
    outer loop
      vertex 7.85 23.3 8
      vertex 8.05502 23.795 8
      vertex 7.99465 23.7261 8
    endloop
  endfacet
  facet normal 0 0 1
    outer loop
      vertex 8.2 21.6938 8
      vertex 7.85 22.3 8
      vertex 8.12387 21.7447 8
    endloop
  endfacet
  facet normal 0 0 1
    outer loop
      vertex 7.85 23.3 8
      vertex 7.99465 23.7261 8
      vertex 7.94378 23.65 8
    endloop
  endfacet
  facet normal 0 0 1
    outer loop
      vertex 8.12387 21.7447 8
      vertex 7.85 22.3 8
      vertex 8.05502 21.805 8
    endloop
  endfacet
  facet normal 0 0 1
    outer loop
      vertex 7.85 23.3 8
      vertex 7.94378 23.65 8
      vertex 7.90328 23.5679 8
    endloop
  endfacet
  facet normal 0 0 1
    outer loop
      vertex 8.05502 21.805 8
      vertex 7.85 22.3 8
      vertex 7.99465 21.8739 8
    endloop
  endfacet
  facet normal 0 0 1
    outer loop
      vertex 7.85 23.3 8
      vertex 7.90328 23.5679 8
      vertex 7.87385 23.4812 8
    endloop
  endfacet
  facet normal 0 0 1
    outer loop
      vertex 7.99465 21.8739 8
      vertex 7.85 22.3 8
      vertex 7.94378 21.95 8
    endloop
  endfacet
  facet normal 0 0 1
    outer loop
      vertex 7.85 23.3 8
      vertex 7.87385 23.4812 8
      vertex 7.85599 23.3914 8
    endloop
  endfacet
  facet normal 0 0 1
    outer loop
      vertex 7.94378 21.95 8
      vertex 7.85 22.3 8
      vertex 7.90328 22.0321 8
    endloop
  endfacet
  facet normal 0 0 1
    outer loop
      vertex 7.90328 22.0321 8
      vertex 7.85 22.3 8
      vertex 7.87385 22.1188 8
    endloop
  endfacet
  facet normal 0 0 1
    outer loop
      vertex 7.87385 22.1188 8
      vertex 7.85 22.3 8
      vertex 7.85599 22.2086 8
    endloop
  endfacet
  facet normal -1 0 0
    outer loop
      vertex 7.85 22.3 0
      vertex 7.85 23.3 8
      vertex 7.85 23.3 0
    endloop
  endfacet
  facet normal -1 -0 0
    outer loop
      vertex 7.85 23.3 8
      vertex 7.85 22.3 0
      vertex 7.85 22.3 8
    endloop
  endfacet
  facet normal 0 -1 0
    outer loop
      vertex 99.65 57.1 0
      vertex 158.45 57.1 3
      vertex 99.65 57.1 3
    endloop
  endfacet
  facet normal 0 -1 -0
    outer loop
      vertex 158.45 57.1 3
      vertex 99.65 57.1 0
      vertex 158.45 57.1 0
    endloop
  endfacet
  facet normal 0 -1 0
    outer loop
      vertex 32.85 57.1 0
      vertex 91.65 57.1 3
      vertex 32.85 57.1 3
    endloop
  endfacet
  facet normal 0 -1 -0
    outer loop
      vertex 91.65 57.1 3
      vertex 32.85 57.1 0
      vertex 91.65 57.1 0
    endloop
  endfacet
  facet normal 0 -1 0
    outer loop
      vertex 8.55 57.1 8
      vertex 91.65 57.1 6.3
      vertex 182.75 57.1 8
    endloop
  endfacet
  facet normal 0 -1 0
    outer loop
      vertex 32.85 57.1 3
      vertex 91.65 57.1 6.3
      vertex 8.55 57.1 8
    endloop
  endfacet
  facet normal 0 -1 -0
    outer loop
      vertex 91.65 57.1 6.3
      vertex 32.85 57.1 3
      vertex 91.65 57.1 4.1
    endloop
  endfacet
  facet normal 0 -1 0
    outer loop
      vertex 32.85 57.1 3
      vertex 8.55 57.1 8
      vertex 24.85 57.1 3
    endloop
  endfacet
  facet normal 0 -1 0
    outer loop
      vertex 8.55 57.1 0
      vertex 24.85 57.1 3
      vertex 8.55 57.1 8
    endloop
  endfacet
  facet normal 0 -1 -0
    outer loop
      vertex 24.85 57.1 3
      vertex 8.55 57.1 0
      vertex 24.85 57.1 0
    endloop
  endfacet
  facet normal 0 -1 0
    outer loop
      vertex 99.65 57.1 6.3
      vertex 182.75 57.1 8
      vertex 91.65 57.1 6.3
    endloop
  endfacet
  facet normal 0 -1 0
    outer loop
      vertex 158.45 57.1 3
      vertex 99.65 57.1 6.3
      vertex 99.65 57.1 4.1
    endloop
  endfacet
  facet normal 0 -1 0
    outer loop
      vertex 91.65 57.1 3
      vertex 91.65 57.1 4.1
      vertex 32.85 57.1 3
    endloop
  endfacet
  facet normal 0 -1 0
    outer loop
      vertex 91.65 57.1 4.1
      vertex 91.65 57.1 3
      vertex 99.65 57.1 4.1
    endloop
  endfacet
  facet normal 0 -1 0
    outer loop
      vertex 99.65 57.1 3
      vertex 99.65 57.1 4.1
      vertex 91.65 57.1 3
    endloop
  endfacet
  facet normal 0 -1 0
    outer loop
      vertex 158.45 57.1 3
      vertex 99.65 57.1 4.1
      vertex 99.65 57.1 3
    endloop
  endfacet
  facet normal 0 -1 0
    outer loop
      vertex 99.65 57.1 6.3
      vertex 158.45 57.1 3
      vertex 182.75 57.1 8
    endloop
  endfacet
  facet normal 0 -1 0
    outer loop
      vertex 166.45 57.1 3
      vertex 182.75 57.1 8
      vertex 158.45 57.1 3
    endloop
  endfacet
  facet normal 0 -1 0
    outer loop
      vertex 182.75 57.1 0
      vertex 166.45 57.1 3
      vertex 166.45 57.1 0
    endloop
  endfacet
  facet normal 0 -1 0
    outer loop
      vertex 166.45 57.1 3
      vertex 182.75 57.1 0
      vertex 182.75 57.1 8
    endloop
  endfacet
  facet normal 0 0 1
    outer loop
      vertex 182.75 59.5 8
      vertex 183.45 58.8 8
      vertex 183.444 58.8914 8
    endloop
  endfacet
  facet normal 0 0 1
    outer loop
      vertex 183.45 58.8 8
      vertex 182.75 59.5 8
      vertex 183.45 57.8 8
    endloop
  endfacet
  facet normal 0 0 1
    outer loop
      vertex 182.75 59.5 8
      vertex 183.444 58.8914 8
      vertex 183.426 58.9812 8
    endloop
  endfacet
  facet normal 0 0 1
    outer loop
      vertex 182.75 57.1 8
      vertex 183.45 57.8 8
      vertex 182.75 59.5 8
    endloop
  endfacet
  facet normal 0 0 1
    outer loop
      vertex 182.75 59.5 8
      vertex 183.426 58.9812 8
      vertex 183.397 59.0679 8
    endloop
  endfacet
  facet normal 0 0 1
    outer loop
      vertex 183.45 57.8 8
      vertex 182.75 57.1 8
      vertex 183.444 57.7086 8
    endloop
  endfacet
  facet normal 0 0 1
    outer loop
      vertex 182.75 59.5 8
      vertex 183.397 59.0679 8
      vertex 183.356 59.15 8
    endloop
  endfacet
  facet normal 0 0 1
    outer loop
      vertex 183.444 57.7086 8
      vertex 182.75 57.1 8
      vertex 183.426 57.6188 8
    endloop
  endfacet
  facet normal 0 0 1
    outer loop
      vertex 182.75 59.5 8
      vertex 183.356 59.15 8
      vertex 183.305 59.2261 8
    endloop
  endfacet
  facet normal 0 0 1
    outer loop
      vertex 183.426 57.6188 8
      vertex 182.75 57.1 8
      vertex 183.397 57.5321 8
    endloop
  endfacet
  facet normal 0 0 1
    outer loop
      vertex 182.75 59.5 8
      vertex 183.305 59.2261 8
      vertex 183.245 59.295 8
    endloop
  endfacet
  facet normal 0 0 1
    outer loop
      vertex 183.397 57.5321 8
      vertex 182.75 57.1 8
      vertex 183.356 57.45 8
    endloop
  endfacet
  facet normal 0 0 1
    outer loop
      vertex 182.75 59.5 8
      vertex 183.245 59.295 8
      vertex 183.176 59.3553 8
    endloop
  endfacet
  facet normal 0 0 1
    outer loop
      vertex 183.356 57.45 8
      vertex 182.75 57.1 8
      vertex 183.305 57.3739 8
    endloop
  endfacet
  facet normal 0 0 1
    outer loop
      vertex 182.75 59.5 8
      vertex 183.176 59.3553 8
      vertex 183.1 59.4062 8
    endloop
  endfacet
  facet normal 0 0 1
    outer loop
      vertex 183.305 57.3739 8
      vertex 182.75 57.1 8
      vertex 183.245 57.305 8
    endloop
  endfacet
  facet normal 0 0 1
    outer loop
      vertex 182.75 59.5 8
      vertex 183.1 59.4062 8
      vertex 183.018 59.4467 8
    endloop
  endfacet
  facet normal 0 0 1
    outer loop
      vertex 183.245 57.305 8
      vertex 182.75 57.1 8
      vertex 183.176 57.2447 8
    endloop
  endfacet
  facet normal 0 0 1
    outer loop
      vertex 182.75 59.5 8
      vertex 183.018 59.4467 8
      vertex 182.931 59.4761 8
    endloop
  endfacet
  facet normal 0 0 1
    outer loop
      vertex 183.176 57.2447 8
      vertex 182.75 57.1 8
      vertex 183.1 57.1938 8
    endloop
  endfacet
  facet normal 0 0 1
    outer loop
      vertex 182.75 59.5 8
      vertex 182.931 59.4761 8
      vertex 182.841 59.494 8
    endloop
  endfacet
  facet normal 0 0 1
    outer loop
      vertex 183.1 57.1938 8
      vertex 182.75 57.1 8
      vertex 183.018 57.1533 8
    endloop
  endfacet
  facet normal 0 0 1
    outer loop
      vertex 183.018 57.1533 8
      vertex 182.75 57.1 8
      vertex 182.931 57.1239 8
    endloop
  endfacet
  facet normal 0 0 1
    outer loop
      vertex 182.931 57.1239 8
      vertex 182.75 57.1 8
      vertex 182.841 57.106 8
    endloop
  endfacet
  facet normal -0 0 1
    outer loop
      vertex 8.55 59.5 8
      vertex 182.75 57.1 8
      vertex 182.75 59.5 8
    endloop
  endfacet
  facet normal 0 0 1
    outer loop
      vertex 8.55 59.5 8
      vertex 8.55 57.1 8
      vertex 182.75 57.1 8
    endloop
  endfacet
  facet normal 0 0 1
    outer loop
      vertex 7.85 58.8 8
      vertex 8.55 59.5 8
      vertex 8.45863 59.494 8
    endloop
  endfacet
  facet normal 0 0 1
    outer loop
      vertex 8.55 59.5 8
      vertex 7.85 58.8 8
      vertex 8.55 57.1 8
    endloop
  endfacet
  facet normal 0 0 1
    outer loop
      vertex 7.85 58.8 8
      vertex 8.45863 59.494 8
      vertex 8.36883 59.4761 8
    endloop
  endfacet
  facet normal -0 0 1
    outer loop
      vertex 7.85 57.8 8
      vertex 8.55 57.1 8
      vertex 7.85 58.8 8
    endloop
  endfacet
  facet normal 0 0 1
    outer loop
      vertex 7.85 58.8 8
      vertex 8.36883 59.4761 8
      vertex 8.28212 59.4467 8
    endloop
  endfacet
  facet normal 0 0 1
    outer loop
      vertex 8.55 57.1 8
      vertex 7.85 57.8 8
      vertex 8.45863 57.106 8
    endloop
  endfacet
  facet normal 0 0 1
    outer loop
      vertex 7.85 58.8 8
      vertex 8.28212 59.4467 8
      vertex 8.2 59.4062 8
    endloop
  endfacet
  facet normal 0 0 1
    outer loop
      vertex 8.45863 57.106 8
      vertex 7.85 57.8 8
      vertex 8.36883 57.1239 8
    endloop
  endfacet
  facet normal 0 0 1
    outer loop
      vertex 7.85 58.8 8
      vertex 8.2 59.4062 8
      vertex 8.12387 59.3553 8
    endloop
  endfacet
  facet normal 0 0 1
    outer loop
      vertex 8.36883 57.1239 8
      vertex 7.85 57.8 8
      vertex 8.28212 57.1533 8
    endloop
  endfacet
  facet normal 0 0 1
    outer loop
      vertex 7.85 58.8 8
      vertex 8.12387 59.3553 8
      vertex 8.05502 59.295 8
    endloop
  endfacet
  facet normal 0 0 1
    outer loop
      vertex 8.28212 57.1533 8
      vertex 7.85 57.8 8
      vertex 8.2 57.1938 8
    endloop
  endfacet
  facet normal 0 0 1
    outer loop
      vertex 7.85 58.8 8
      vertex 8.05502 59.295 8
      vertex 7.99465 59.2261 8
    endloop
  endfacet
  facet normal 0 0 1
    outer loop
      vertex 8.2 57.1938 8
      vertex 7.85 57.8 8
      vertex 8.12387 57.2447 8
    endloop
  endfacet
  facet normal 0 0 1
    outer loop
      vertex 7.85 58.8 8
      vertex 7.99465 59.2261 8
      vertex 7.94378 59.15 8
    endloop
  endfacet
  facet normal 0 0 1
    outer loop
      vertex 8.12387 57.2447 8
      vertex 7.85 57.8 8
      vertex 8.05502 57.305 8
    endloop
  endfacet
  facet normal 0 0 1
    outer loop
      vertex 7.85 58.8 8
      vertex 7.94378 59.15 8
      vertex 7.90328 59.0679 8
    endloop
  endfacet
  facet normal 0 0 1
    outer loop
      vertex 8.05502 57.305 8
      vertex 7.85 57.8 8
      vertex 7.99465 57.3739 8
    endloop
  endfacet
  facet normal 0 0 1
    outer loop
      vertex 7.85 58.8 8
      vertex 7.90328 59.0679 8
      vertex 7.87385 58.9812 8
    endloop
  endfacet
  facet normal 0 0 1
    outer loop
      vertex 7.99465 57.3739 8
      vertex 7.85 57.8 8
      vertex 7.94378 57.45 8
    endloop
  endfacet
  facet normal 0 0 1
    outer loop
      vertex 7.85 58.8 8
      vertex 7.87385 58.9812 8
      vertex 7.85599 58.8914 8
    endloop
  endfacet
  facet normal 0 0 1
    outer loop
      vertex 7.94378 57.45 8
      vertex 7.85 57.8 8
      vertex 7.90328 57.5321 8
    endloop
  endfacet
  facet normal 0 0 1
    outer loop
      vertex 7.90328 57.5321 8
      vertex 7.85 57.8 8
      vertex 7.87385 57.6188 8
    endloop
  endfacet
  facet normal 0 0 1
    outer loop
      vertex 7.87385 57.6188 8
      vertex 7.85 57.8 8
      vertex 7.85599 57.7086 8
    endloop
  endfacet
  facet normal -1 0 0
    outer loop
      vertex 7.85 57.8 0
      vertex 7.85 58.8 8
      vertex 7.85 58.8 0
    endloop
  endfacet
  facet normal -1 -0 0
    outer loop
      vertex 7.85 58.8 8
      vertex 7.85 57.8 0
      vertex 7.85 57.8 8
    endloop
  endfacet
  facet normal -0.195486 -0.980706 0
    outer loop
      vertex 8.36883 21.6239 0
      vertex 8.45863 21.606 8
      vertex 8.36883 21.6239 8
    endloop
  endfacet
  facet normal -0.195486 -0.980706 -0
    outer loop
      vertex 8.45863 21.606 8
      vertex 8.36883 21.6239 0
      vertex 8.45863 21.606 0
    endloop
  endfacet
  facet normal -0.195486 0.980706 0
    outer loop
      vertex 8.45863 23.994 0
      vertex 8.36883 23.9761 8
      vertex 8.45863 23.994 8
    endloop
  endfacet
  facet normal -0.195486 0.980706 0
    outer loop
      vertex 8.36883 23.9761 8
      vertex 8.45863 23.994 0
      vertex 8.36883 23.9761 0
    endloop
  endfacet
  facet normal -0.0655259 -0.997851 0
    outer loop
      vertex 8.45863 21.606 0
      vertex 8.55 21.6 8
      vertex 8.45863 21.606 8
    endloop
  endfacet
  facet normal -0.0655259 -0.997851 -0
    outer loop
      vertex 8.55 21.6 8
      vertex 8.45863 21.606 0
      vertex 8.55 21.6 0
    endloop
  endfacet
  facet normal -0.75213 0.659015 0
    outer loop
      vertex 7.99465 23.7261 0
      vertex 8.05502 23.795 8
      vertex 8.05502 23.795 0
    endloop
  endfacet
  facet normal -0.75213 0.659015 0
    outer loop
      vertex 8.05502 23.795 8
      vertex 7.99465 23.7261 0
      vertex 7.99465 23.7261 8
    endloop
  endfacet
  facet normal -0.321106 0.947043 0
    outer loop
      vertex 8.36883 23.9761 0
      vertex 8.28212 23.9467 8
      vertex 8.36883 23.9761 8
    endloop
  endfacet
  facet normal -0.321106 0.947043 0
    outer loop
      vertex 8.28212 23.9467 8
      vertex 8.36883 23.9761 0
      vertex 8.28212 23.9467 0
    endloop
  endfacet
  facet normal -0.946932 -0.321433 0
    outer loop
      vertex 7.90328 22.0321 0
      vertex 7.87385 22.1188 8
      vertex 7.87385 22.1188 0
    endloop
  endfacet
  facet normal -0.946932 -0.321433 0
    outer loop
      vertex 7.87385 22.1188 8
      vertex 7.90328 22.0321 0
      vertex 7.90328 22.0321 8
    endloop
  endfacet
  facet normal -0.98079 -0.195066 0
    outer loop
      vertex 7.87385 22.1188 0
      vertex 7.85599 22.2086 8
      vertex 7.85599 22.2086 0
    endloop
  endfacet
  facet normal -0.98079 -0.195066 0
    outer loop
      vertex 7.85599 22.2086 8
      vertex 7.87385 22.1188 0
      vertex 7.87385 22.1188 8
    endloop
  endfacet
  facet normal -0.946932 0.321433 0
    outer loop
      vertex 7.87385 23.4812 0
      vertex 7.90328 23.5679 8
      vertex 7.90328 23.5679 0
    endloop
  endfacet
  facet normal -0.946932 0.321433 0
    outer loop
      vertex 7.90328 23.5679 8
      vertex 7.87385 23.4812 0
      vertex 7.87385 23.4812 8
    endloop
  endfacet
  facet normal -0.0655259 0.997851 0
    outer loop
      vertex 8.55 24 0
      vertex 8.45863 23.994 8
      vertex 8.55 24 8
    endloop
  endfacet
  facet normal -0.0655259 0.997851 0
    outer loop
      vertex 8.45863 23.994 8
      vertex 8.55 24 0
      vertex 8.45863 23.994 0
    endloop
  endfacet
  facet normal -0.555808 -0.83131 0
    outer loop
      vertex 8.12387 21.7447 0
      vertex 8.2 21.6938 8
      vertex 8.12387 21.7447 8
    endloop
  endfacet
  facet normal -0.555808 -0.83131 -0
    outer loop
      vertex 8.2 21.6938 8
      vertex 8.12387 21.7447 0
      vertex 8.2 21.6938 0
    endloop
  endfacet
  facet normal -0.321106 -0.947043 0
    outer loop
      vertex 8.28212 21.6533 0
      vertex 8.36883 21.6239 8
      vertex 8.28212 21.6533 8
    endloop
  endfacet
  facet normal -0.321106 -0.947043 -0
    outer loop
      vertex 8.36883 21.6239 8
      vertex 8.28212 21.6533 0
      vertex 8.36883 21.6239 0
    endloop
  endfacet
  facet normal -0.896817 -0.442401 0
    outer loop
      vertex 7.94378 21.95 0
      vertex 7.90328 22.0321 8
      vertex 7.90328 22.0321 0
    endloop
  endfacet
  facet normal -0.896817 -0.442401 0
    outer loop
      vertex 7.90328 22.0321 8
      vertex 7.94378 21.95 0
      vertex 7.94378 21.95 8
    endloop
  endfacet
  facet normal -0.658853 0.752272 0
    outer loop
      vertex 8.12387 23.8553 0
      vertex 8.05502 23.795 8
      vertex 8.12387 23.8553 8
    endloop
  endfacet
  facet normal -0.658853 0.752272 0
    outer loop
      vertex 8.05502 23.795 8
      vertex 8.12387 23.8553 0
      vertex 8.05502 23.795 0
    endloop
  endfacet
  facet normal -0.555808 0.83131 0
    outer loop
      vertex 8.2 23.9062 0
      vertex 8.12387 23.8553 8
      vertex 8.2 23.9062 8
    endloop
  endfacet
  facet normal -0.555808 0.83131 0
    outer loop
      vertex 8.12387 23.8553 8
      vertex 8.2 23.9062 0
      vertex 8.12387 23.8553 0
    endloop
  endfacet
  facet normal -0.442314 0.89686 0
    outer loop
      vertex 8.28212 23.9467 0
      vertex 8.2 23.9062 8
      vertex 8.28212 23.9467 8
    endloop
  endfacet
  facet normal -0.442314 0.89686 0
    outer loop
      vertex 8.2 23.9062 8
      vertex 8.28212 23.9467 0
      vertex 8.2 23.9062 0
    endloop
  endfacet
  facet normal -0.442314 -0.89686 0
    outer loop
      vertex 8.2 21.6938 0
      vertex 8.28212 21.6533 8
      vertex 8.2 21.6938 8
    endloop
  endfacet
  facet normal -0.442314 -0.89686 -0
    outer loop
      vertex 8.28212 21.6533 8
      vertex 8.2 21.6938 0
      vertex 8.28212 21.6533 0
    endloop
  endfacet
  facet normal -0.658853 -0.752272 0
    outer loop
      vertex 8.05502 21.805 0
      vertex 8.12387 21.7447 8
      vertex 8.05502 21.805 8
    endloop
  endfacet
  facet normal -0.658853 -0.752272 -0
    outer loop
      vertex 8.12387 21.7447 8
      vertex 8.05502 21.805 0
      vertex 8.12387 21.7447 0
    endloop
  endfacet
  facet normal -0.831361 -0.555733 0
    outer loop
      vertex 7.99465 21.8739 0
      vertex 7.94378 21.95 8
      vertex 7.94378 21.95 0
    endloop
  endfacet
  facet normal -0.831361 -0.555733 0
    outer loop
      vertex 7.94378 21.95 8
      vertex 7.99465 21.8739 0
      vertex 7.99465 21.8739 8
    endloop
  endfacet
  facet normal -0.75213 -0.659015 0
    outer loop
      vertex 8.05502 21.805 0
      vertex 7.99465 21.8739 8
      vertex 7.99465 21.8739 0
    endloop
  endfacet
  facet normal -0.75213 -0.659015 0
    outer loop
      vertex 7.99465 21.8739 8
      vertex 8.05502 21.805 0
      vertex 8.05502 21.805 8
    endloop
  endfacet
  facet normal -0.997859 -0.0653958 0
    outer loop
      vertex 7.85599 22.2086 0
      vertex 7.85 22.3 8
      vertex 7.85 22.3 0
    endloop
  endfacet
  facet normal -0.997859 -0.0653958 0
    outer loop
      vertex 7.85 22.3 8
      vertex 7.85599 22.2086 0
      vertex 7.85599 22.2086 8
    endloop
  endfacet
  facet normal -0.997859 0.0653958 0
    outer loop
      vertex 7.85 23.3 0
      vertex 7.85599 23.3914 8
      vertex 7.85599 23.3914 0
    endloop
  endfacet
  facet normal -0.997859 0.0653958 0
    outer loop
      vertex 7.85599 23.3914 8
      vertex 7.85 23.3 0
      vertex 7.85 23.3 8
    endloop
  endfacet
  facet normal -0.98079 0.195066 0
    outer loop
      vertex 7.85599 23.3914 0
      vertex 7.87385 23.4812 8
      vertex 7.87385 23.4812 0
    endloop
  endfacet
  facet normal -0.98079 0.195066 0
    outer loop
      vertex 7.87385 23.4812 8
      vertex 7.85599 23.3914 0
      vertex 7.85599 23.3914 8
    endloop
  endfacet
  facet normal -0.896817 0.442401 0
    outer loop
      vertex 7.90328 23.5679 0
      vertex 7.94378 23.65 8
      vertex 7.94378 23.65 0
    endloop
  endfacet
  facet normal -0.896817 0.442401 0
    outer loop
      vertex 7.94378 23.65 8
      vertex 7.90328 23.5679 0
      vertex 7.90328 23.5679 8
    endloop
  endfacet
  facet normal -0.831361 0.555733 0
    outer loop
      vertex 7.94378 23.65 0
      vertex 7.99465 23.7261 8
      vertex 7.99465 23.7261 0
    endloop
  endfacet
  facet normal -0.831361 0.555733 0
    outer loop
      vertex 7.99465 23.7261 8
      vertex 7.94378 23.65 0
      vertex 7.94378 23.65 8
    endloop
  endfacet
  facet normal -0.321106 -0.947043 0
    outer loop
      vertex 8.28212 57.1533 0
      vertex 8.36883 57.1239 8
      vertex 8.28212 57.1533 8
    endloop
  endfacet
  facet normal -0.321106 -0.947043 -0
    outer loop
      vertex 8.36883 57.1239 8
      vertex 8.28212 57.1533 0
      vertex 8.36883 57.1239 0
    endloop
  endfacet
  facet normal -0.195486 0.980706 0
    outer loop
      vertex 8.45863 59.494 0
      vertex 8.36883 59.4761 8
      vertex 8.45863 59.494 8
    endloop
  endfacet
  facet normal -0.195486 0.980706 0
    outer loop
      vertex 8.36883 59.4761 8
      vertex 8.45863 59.494 0
      vertex 8.36883 59.4761 0
    endloop
  endfacet
  facet normal -0.0655259 -0.997851 0
    outer loop
      vertex 8.45863 57.106 0
      vertex 8.55 57.1 8
      vertex 8.45863 57.106 8
    endloop
  endfacet
  facet normal -0.0655259 -0.997851 -0
    outer loop
      vertex 8.55 57.1 8
      vertex 8.45863 57.106 0
      vertex 8.55 57.1 0
    endloop
  endfacet
  facet normal -0.321106 0.947043 0
    outer loop
      vertex 8.36883 59.4761 0
      vertex 8.28212 59.4467 8
      vertex 8.36883 59.4761 8
    endloop
  endfacet
  facet normal -0.321106 0.947043 0
    outer loop
      vertex 8.28212 59.4467 8
      vertex 8.36883 59.4761 0
      vertex 8.28212 59.4467 0
    endloop
  endfacet
  facet normal -0.896817 -0.442401 0
    outer loop
      vertex 7.94378 57.45 0
      vertex 7.90328 57.5321 8
      vertex 7.90328 57.5321 0
    endloop
  endfacet
  facet normal -0.896817 -0.442401 0
    outer loop
      vertex 7.90328 57.5321 8
      vertex 7.94378 57.45 0
      vertex 7.94378 57.45 8
    endloop
  endfacet
  facet normal -0.831361 -0.555733 0
    outer loop
      vertex 7.99465 57.3739 0
      vertex 7.94378 57.45 8
      vertex 7.94378 57.45 0
    endloop
  endfacet
  facet normal -0.831361 -0.555733 0
    outer loop
      vertex 7.94378 57.45 8
      vertex 7.99465 57.3739 0
      vertex 7.99465 57.3739 8
    endloop
  endfacet
  facet normal -0.555808 0.83131 0
    outer loop
      vertex 8.2 59.4062 0
      vertex 8.12387 59.3553 8
      vertex 8.2 59.4062 8
    endloop
  endfacet
  facet normal -0.555808 0.83131 0
    outer loop
      vertex 8.12387 59.3553 8
      vertex 8.2 59.4062 0
      vertex 8.12387 59.3553 0
    endloop
  endfacet
  facet normal -0.195486 -0.980706 0
    outer loop
      vertex 8.36883 57.1239 0
      vertex 8.45863 57.106 8
      vertex 8.36883 57.1239 8
    endloop
  endfacet
  facet normal -0.195486 -0.980706 -0
    outer loop
      vertex 8.45863 57.106 8
      vertex 8.36883 57.1239 0
      vertex 8.45863 57.106 0
    endloop
  endfacet
  facet normal -0.555808 -0.83131 0
    outer loop
      vertex 8.12387 57.2447 0
      vertex 8.2 57.1938 8
      vertex 8.12387 57.2447 8
    endloop
  endfacet
  facet normal -0.555808 -0.83131 -0
    outer loop
      vertex 8.2 57.1938 8
      vertex 8.12387 57.2447 0
      vertex 8.2 57.1938 0
    endloop
  endfacet
  facet normal -0.997859 -0.0653958 0
    outer loop
      vertex 7.85599 57.7086 0
      vertex 7.85 57.8 8
      vertex 7.85 57.8 0
    endloop
  endfacet
  facet normal -0.997859 -0.0653958 0
    outer loop
      vertex 7.85 57.8 8
      vertex 7.85599 57.7086 0
      vertex 7.85599 57.7086 8
    endloop
  endfacet
  facet normal -0.997859 0.0653958 0
    outer loop
      vertex 7.85 58.8 0
      vertex 7.85599 58.8914 8
      vertex 7.85599 58.8914 0
    endloop
  endfacet
  facet normal -0.997859 0.0653958 0
    outer loop
      vertex 7.85599 58.8914 8
      vertex 7.85 58.8 0
      vertex 7.85 58.8 8
    endloop
  endfacet
  facet normal -0.75213 0.659015 0
    outer loop
      vertex 7.99465 59.2261 0
      vertex 8.05502 59.295 8
      vertex 8.05502 59.295 0
    endloop
  endfacet
  facet normal -0.75213 0.659015 0
    outer loop
      vertex 8.05502 59.295 8
      vertex 7.99465 59.2261 0
      vertex 7.99465 59.2261 8
    endloop
  endfacet
  facet normal -0.946932 0.321433 0
    outer loop
      vertex 7.87385 58.9812 0
      vertex 7.90328 59.0679 8
      vertex 7.90328 59.0679 0
    endloop
  endfacet
  facet normal -0.946932 0.321433 0
    outer loop
      vertex 7.90328 59.0679 8
      vertex 7.87385 58.9812 0
      vertex 7.87385 58.9812 8
    endloop
  endfacet
  facet normal -0.658853 0.752272 0
    outer loop
      vertex 8.12387 59.3553 0
      vertex 8.05502 59.295 8
      vertex 8.12387 59.3553 8
    endloop
  endfacet
  facet normal -0.658853 0.752272 0
    outer loop
      vertex 8.05502 59.295 8
      vertex 8.12387 59.3553 0
      vertex 8.05502 59.295 0
    endloop
  endfacet
  facet normal -0.0655259 0.997851 0
    outer loop
      vertex 8.55 59.5 0
      vertex 8.45863 59.494 8
      vertex 8.55 59.5 8
    endloop
  endfacet
  facet normal -0.0655259 0.997851 0
    outer loop
      vertex 8.45863 59.494 8
      vertex 8.55 59.5 0
      vertex 8.45863 59.494 0
    endloop
  endfacet
  facet normal -0.442314 0.89686 0
    outer loop
      vertex 8.28212 59.4467 0
      vertex 8.2 59.4062 8
      vertex 8.28212 59.4467 8
    endloop
  endfacet
  facet normal -0.442314 0.89686 0
    outer loop
      vertex 8.2 59.4062 8
      vertex 8.28212 59.4467 0
      vertex 8.2 59.4062 0
    endloop
  endfacet
  facet normal -0.442314 -0.89686 0
    outer loop
      vertex 8.2 57.1938 0
      vertex 8.28212 57.1533 8
      vertex 8.2 57.1938 8
    endloop
  endfacet
  facet normal -0.442314 -0.89686 -0
    outer loop
      vertex 8.28212 57.1533 8
      vertex 8.2 57.1938 0
      vertex 8.28212 57.1533 0
    endloop
  endfacet
  facet normal -0.658853 -0.752272 0
    outer loop
      vertex 8.05502 57.305 0
      vertex 8.12387 57.2447 8
      vertex 8.05502 57.305 8
    endloop
  endfacet
  facet normal -0.658853 -0.752272 -0
    outer loop
      vertex 8.12387 57.2447 8
      vertex 8.05502 57.305 0
      vertex 8.12387 57.2447 0
    endloop
  endfacet
  facet normal -0.98079 -0.195066 0
    outer loop
      vertex 7.87385 57.6188 0
      vertex 7.85599 57.7086 8
      vertex 7.85599 57.7086 0
    endloop
  endfacet
  facet normal -0.98079 -0.195066 0
    outer loop
      vertex 7.85599 57.7086 8
      vertex 7.87385 57.6188 0
      vertex 7.87385 57.6188 8
    endloop
  endfacet
  facet normal -0.946932 -0.321433 0
    outer loop
      vertex 7.90328 57.5321 0
      vertex 7.87385 57.6188 8
      vertex 7.87385 57.6188 0
    endloop
  endfacet
  facet normal -0.946932 -0.321433 0
    outer loop
      vertex 7.87385 57.6188 8
      vertex 7.90328 57.5321 0
      vertex 7.90328 57.5321 8
    endloop
  endfacet
  facet normal -0.98079 0.195066 0
    outer loop
      vertex 7.85599 58.8914 0
      vertex 7.87385 58.9812 8
      vertex 7.87385 58.9812 0
    endloop
  endfacet
  facet normal -0.98079 0.195066 0
    outer loop
      vertex 7.87385 58.9812 8
      vertex 7.85599 58.8914 0
      vertex 7.85599 58.8914 8
    endloop
  endfacet
  facet normal -0.896817 0.442401 0
    outer loop
      vertex 7.90328 59.0679 0
      vertex 7.94378 59.15 8
      vertex 7.94378 59.15 0
    endloop
  endfacet
  facet normal -0.896817 0.442401 0
    outer loop
      vertex 7.94378 59.15 8
      vertex 7.90328 59.0679 0
      vertex 7.90328 59.0679 8
    endloop
  endfacet
  facet normal -0.75213 -0.659015 0
    outer loop
      vertex 8.05502 57.305 0
      vertex 7.99465 57.3739 8
      vertex 7.99465 57.3739 0
    endloop
  endfacet
  facet normal -0.75213 -0.659015 0
    outer loop
      vertex 7.99465 57.3739 8
      vertex 8.05502 57.305 0
      vertex 8.05502 57.305 8
    endloop
  endfacet
  facet normal -0.831361 0.555733 0
    outer loop
      vertex 7.94378 59.15 0
      vertex 7.99465 59.2261 8
      vertex 7.99465 59.2261 0
    endloop
  endfacet
  facet normal -0.831361 0.555733 0
    outer loop
      vertex 7.99465 59.2261 8
      vertex 7.94378 59.15 0
      vertex 7.94378 59.15 8
    endloop
  endfacet
  facet normal 0.658041 0.752982 -0
    outer loop
      vertex 183.245 23.795 0
      vertex 183.176 23.8553 8
      vertex 183.245 23.795 8
    endloop
  endfacet
  facet normal 0.658041 0.752982 0
    outer loop
      vertex 183.176 23.8553 8
      vertex 183.245 23.795 0
      vertex 183.176 23.8553 0
    endloop
  endfacet
  facet normal 0.980497 -0.196536 0
    outer loop
      vertex 183.426 22.1188 8
      vertex 183.444 22.2086 0
      vertex 183.444 22.2086 8
    endloop
  endfacet
  facet normal 0.980497 -0.196536 0
    outer loop
      vertex 183.444 22.2086 0
      vertex 183.426 22.1188 8
      vertex 183.426 22.1188 0
    endloop
  endfacet
  facet normal 0.0657912 -0.997833 0
    outer loop
      vertex 182.75 21.6 0
      vertex 182.841 21.606 8
      vertex 182.75 21.6 8
    endloop
  endfacet
  facet normal 0.0657912 -0.997833 0
    outer loop
      vertex 182.841 21.606 8
      vertex 182.75 21.6 0
      vertex 182.841 21.606 0
    endloop
  endfacet
  facet normal 0.442835 -0.896603 0
    outer loop
      vertex 183.018 21.6533 0
      vertex 183.1 21.6938 8
      vertex 183.018 21.6533 8
    endloop
  endfacet
  facet normal 0.442835 -0.896603 0
    outer loop
      vertex 183.1 21.6938 8
      vertex 183.018 21.6533 0
      vertex 183.1 21.6938 0
    endloop
  endfacet
  facet normal 0.948355 0.317212 0
    outer loop
      vertex 183.426 23.4812 8
      vertex 183.397 23.5679 0
      vertex 183.397 23.5679 8
    endloop
  endfacet
  facet normal 0.948355 0.317212 0
    outer loop
      vertex 183.397 23.5679 0
      vertex 183.426 23.4812 8
      vertex 183.426 23.4812 0
    endloop
  endfacet
  facet normal 1 -0 0
    outer loop
      vertex 183.45 22.3 8
      vertex 183.45 23.3 0
      vertex 183.45 23.3 8
    endloop
  endfacet
  facet normal 1 0 0
    outer loop
      vertex 183.45 23.3 0
      vertex 183.45 22.3 8
      vertex 183.45 22.3 0
    endloop
  endfacet
  facet normal 0.195068 -0.98079 0
    outer loop
      vertex 182.841 21.606 0
      vertex 182.931 21.6239 8
      vertex 182.841 21.606 8
    endloop
  endfacet
  facet normal 0.195068 -0.98079 0
    outer loop
      vertex 182.931 21.6239 8
      vertex 182.841 21.606 0
      vertex 182.931 21.6239 0
    endloop
  endfacet
  facet normal 0.320145 -0.947368 0
    outer loop
      vertex 182.931 21.6239 0
      vertex 183.018 21.6533 8
      vertex 182.931 21.6239 8
    endloop
  endfacet
  facet normal 0.320145 -0.947368 0
    outer loop
      vertex 183.018 21.6533 8
      vertex 182.931 21.6239 0
      vertex 183.018 21.6533 0
    endloop
  endfacet
  facet normal 0.556465 -0.830871 0
    outer loop
      vertex 183.1 21.6938 0
      vertex 183.176 21.7447 8
      vertex 183.1 21.6938 8
    endloop
  endfacet
  facet normal 0.556465 -0.830871 0
    outer loop
      vertex 183.176 21.7447 8
      vertex 183.1 21.6938 0
      vertex 183.176 21.7447 0
    endloop
  endfacet
  facet normal 0.195068 0.98079 -0
    outer loop
      vertex 182.931 23.9761 0
      vertex 182.841 23.994 8
      vertex 182.931 23.9761 8
    endloop
  endfacet
  facet normal 0.195068 0.98079 0
    outer loop
      vertex 182.841 23.994 8
      vertex 182.931 23.9761 0
      vertex 182.841 23.994 0
    endloop
  endfacet
  facet normal 0.320145 0.947368 -0
    outer loop
      vertex 183.018 23.9467 0
      vertex 182.931 23.9761 8
      vertex 183.018 23.9467 8
    endloop
  endfacet
  facet normal 0.320145 0.947368 0
    outer loop
      vertex 182.931 23.9761 8
      vertex 183.018 23.9467 0
      vertex 182.931 23.9761 0
    endloop
  endfacet
  facet normal 0.754134 0.656721 0
    outer loop
      vertex 183.305 23.7261 8
      vertex 183.245 23.795 0
      vertex 183.245 23.795 8
    endloop
  endfacet
  facet normal 0.754134 0.656721 0
    outer loop
      vertex 183.245 23.795 0
      vertex 183.305 23.7261 8
      vertex 183.305 23.7261 0
    endloop
  endfacet
  facet normal 0.830704 0.556714 0
    outer loop
      vertex 183.356 23.65 8
      vertex 183.305 23.7261 0
      vertex 183.305 23.7261 8
    endloop
  endfacet
  facet normal 0.830704 0.556714 0
    outer loop
      vertex 183.305 23.7261 0
      vertex 183.356 23.65 8
      vertex 183.356 23.65 0
    endloop
  endfacet
  facet normal 0.894645 -0.446778 0
    outer loop
      vertex 183.356 21.95 8
      vertex 183.397 22.0321 0
      vertex 183.397 22.0321 8
    endloop
  endfacet
  facet normal 0.894645 -0.446778 0
    outer loop
      vertex 183.397 22.0321 0
      vertex 183.356 21.95 8
      vertex 183.356 21.95 0
    endloop
  endfacet
  facet normal 0.997852 -0.0655045 0
    outer loop
      vertex 183.444 22.2086 8
      vertex 183.45 22.3 0
      vertex 183.45 22.3 8
    endloop
  endfacet
  facet normal 0.997852 -0.0655045 0
    outer loop
      vertex 183.45 22.3 0
      vertex 183.444 22.2086 8
      vertex 183.444 22.2086 0
    endloop
  endfacet
  facet normal 0.980497 0.196536 0
    outer loop
      vertex 183.444 23.3914 8
      vertex 183.426 23.4812 0
      vertex 183.426 23.4812 8
    endloop
  endfacet
  facet normal 0.980497 0.196536 0
    outer loop
      vertex 183.426 23.4812 0
      vertex 183.444 23.3914 8
      vertex 183.444 23.3914 0
    endloop
  endfacet
  facet normal 0.997852 0.0655045 0
    outer loop
      vertex 183.45 23.3 8
      vertex 183.444 23.3914 0
      vertex 183.444 23.3914 8
    endloop
  endfacet
  facet normal 0.997852 0.0655045 0
    outer loop
      vertex 183.444 23.3914 0
      vertex 183.45 23.3 8
      vertex 183.45 23.3 0
    endloop
  endfacet
  facet normal 0.0657912 0.997833 -0
    outer loop
      vertex 182.841 23.994 0
      vertex 182.75 24 8
      vertex 182.841 23.994 8
    endloop
  endfacet
  facet normal 0.0657912 0.997833 0
    outer loop
      vertex 182.75 24 8
      vertex 182.841 23.994 0
      vertex 182.75 24 0
    endloop
  endfacet
  facet normal 0.658041 -0.752982 0
    outer loop
      vertex 183.176 21.7447 0
      vertex 183.245 21.805 8
      vertex 183.176 21.7447 8
    endloop
  endfacet
  facet normal 0.658041 -0.752982 0
    outer loop
      vertex 183.245 21.805 8
      vertex 183.176 21.7447 0
      vertex 183.245 21.805 0
    endloop
  endfacet
  facet normal 0.442835 0.896603 -0
    outer loop
      vertex 183.1 23.9062 0
      vertex 183.018 23.9467 8
      vertex 183.1 23.9062 8
    endloop
  endfacet
  facet normal 0.442835 0.896603 0
    outer loop
      vertex 183.018 23.9467 8
      vertex 183.1 23.9062 0
      vertex 183.018 23.9467 0
    endloop
  endfacet
  facet normal 0.556465 0.830871 -0
    outer loop
      vertex 183.176 23.8553 0
      vertex 183.1 23.9062 8
      vertex 183.176 23.8553 8
    endloop
  endfacet
  facet normal 0.556465 0.830871 0
    outer loop
      vertex 183.1 23.9062 8
      vertex 183.176 23.8553 0
      vertex 183.1 23.9062 0
    endloop
  endfacet
  facet normal 0.948355 -0.317212 0
    outer loop
      vertex 183.397 22.0321 8
      vertex 183.426 22.1188 0
      vertex 183.426 22.1188 8
    endloop
  endfacet
  facet normal 0.948355 -0.317212 0
    outer loop
      vertex 183.426 22.1188 0
      vertex 183.397 22.0321 8
      vertex 183.397 22.0321 0
    endloop
  endfacet
  facet normal 0.894645 0.446778 0
    outer loop
      vertex 183.397 23.5679 8
      vertex 183.356 23.65 0
      vertex 183.356 23.65 8
    endloop
  endfacet
  facet normal 0.894645 0.446778 0
    outer loop
      vertex 183.356 23.65 0
      vertex 183.397 23.5679 8
      vertex 183.397 23.5679 0
    endloop
  endfacet
  facet normal 0.830704 -0.556714 0
    outer loop
      vertex 183.305 21.8739 8
      vertex 183.356 21.95 0
      vertex 183.356 21.95 8
    endloop
  endfacet
  facet normal 0.830704 -0.556714 0
    outer loop
      vertex 183.356 21.95 0
      vertex 183.305 21.8739 8
      vertex 183.305 21.8739 0
    endloop
  endfacet
  facet normal 0.754134 -0.656721 0
    outer loop
      vertex 183.245 21.805 8
      vertex 183.305 21.8739 0
      vertex 183.305 21.8739 8
    endloop
  endfacet
  facet normal 0.754134 -0.656721 0
    outer loop
      vertex 183.305 21.8739 0
      vertex 183.245 21.805 8
      vertex 183.245 21.805 0
    endloop
  endfacet
  facet normal 0.980497 -0.196536 0
    outer loop
      vertex 183.426 57.6188 8
      vertex 183.444 57.7086 0
      vertex 183.444 57.7086 8
    endloop
  endfacet
  facet normal 0.980497 -0.196536 0
    outer loop
      vertex 183.444 57.7086 0
      vertex 183.426 57.6188 8
      vertex 183.426 57.6188 0
    endloop
  endfacet
  facet normal 0.754134 -0.656721 0
    outer loop
      vertex 183.245 57.305 8
      vertex 183.305 57.3739 0
      vertex 183.305 57.3739 8
    endloop
  endfacet
  facet normal 0.754134 -0.656721 0
    outer loop
      vertex 183.305 57.3739 0
      vertex 183.245 57.305 8
      vertex 183.245 57.305 0
    endloop
  endfacet
  facet normal 0.0657912 0.997833 -0
    outer loop
      vertex 182.841 59.494 0
      vertex 182.75 59.5 8
      vertex 182.841 59.494 8
    endloop
  endfacet
  facet normal 0.0657912 0.997833 0
    outer loop
      vertex 182.75 59.5 8
      vertex 182.841 59.494 0
      vertex 182.75 59.5 0
    endloop
  endfacet
  facet normal 0.0657912 -0.997833 0
    outer loop
      vertex 182.75 57.1 0
      vertex 182.841 57.106 8
      vertex 182.75 57.1 8
    endloop
  endfacet
  facet normal 0.0657912 -0.997833 0
    outer loop
      vertex 182.841 57.106 8
      vertex 182.75 57.1 0
      vertex 182.841 57.106 0
    endloop
  endfacet
  facet normal 0.442835 -0.896603 0
    outer loop
      vertex 183.018 57.1533 0
      vertex 183.1 57.1938 8
      vertex 183.018 57.1533 8
    endloop
  endfacet
  facet normal 0.442835 -0.896603 0
    outer loop
      vertex 183.1 57.1938 8
      vertex 183.018 57.1533 0
      vertex 183.1 57.1938 0
    endloop
  endfacet
  facet normal 0.948355 0.317212 0
    outer loop
      vertex 183.426 58.9812 8
      vertex 183.397 59.0679 0
      vertex 183.397 59.0679 8
    endloop
  endfacet
  facet normal 0.948355 0.317212 0
    outer loop
      vertex 183.397 59.0679 0
      vertex 183.426 58.9812 8
      vertex 183.426 58.9812 0
    endloop
  endfacet
  facet normal 1 -0 0
    outer loop
      vertex 183.45 57.8 8
      vertex 183.45 58.8 0
      vertex 183.45 58.8 8
    endloop
  endfacet
  facet normal 1 0 0
    outer loop
      vertex 183.45 58.8 0
      vertex 183.45 57.8 8
      vertex 183.45 57.8 0
    endloop
  endfacet
  facet normal 0.195068 -0.98079 0
    outer loop
      vertex 182.841 57.106 0
      vertex 182.931 57.1239 8
      vertex 182.841 57.106 8
    endloop
  endfacet
  facet normal 0.195068 -0.98079 0
    outer loop
      vertex 182.931 57.1239 8
      vertex 182.841 57.106 0
      vertex 182.931 57.1239 0
    endloop
  endfacet
  facet normal 0.320145 -0.947368 0
    outer loop
      vertex 182.931 57.1239 0
      vertex 183.018 57.1533 8
      vertex 182.931 57.1239 8
    endloop
  endfacet
  facet normal 0.320145 -0.947368 0
    outer loop
      vertex 183.018 57.1533 8
      vertex 182.931 57.1239 0
      vertex 183.018 57.1533 0
    endloop
  endfacet
  facet normal 0.556465 -0.830871 0
    outer loop
      vertex 183.1 57.1938 0
      vertex 183.176 57.2447 8
      vertex 183.1 57.1938 8
    endloop
  endfacet
  facet normal 0.556465 -0.830871 0
    outer loop
      vertex 183.176 57.2447 8
      vertex 183.1 57.1938 0
      vertex 183.176 57.2447 0
    endloop
  endfacet
  facet normal 0.195068 0.98079 -0
    outer loop
      vertex 182.931 59.4761 0
      vertex 182.841 59.494 8
      vertex 182.931 59.4761 8
    endloop
  endfacet
  facet normal 0.195068 0.98079 0
    outer loop
      vertex 182.841 59.494 8
      vertex 182.931 59.4761 0
      vertex 182.841 59.494 0
    endloop
  endfacet
  facet normal 0.320145 0.947368 -0
    outer loop
      vertex 183.018 59.4467 0
      vertex 182.931 59.4761 8
      vertex 183.018 59.4467 8
    endloop
  endfacet
  facet normal 0.320145 0.947368 0
    outer loop
      vertex 182.931 59.4761 8
      vertex 183.018 59.4467 0
      vertex 182.931 59.4761 0
    endloop
  endfacet
  facet normal 0.754134 0.656721 0
    outer loop
      vertex 183.305 59.2261 8
      vertex 183.245 59.295 0
      vertex 183.245 59.295 8
    endloop
  endfacet
  facet normal 0.754134 0.656721 0
    outer loop
      vertex 183.245 59.295 0
      vertex 183.305 59.2261 8
      vertex 183.305 59.2261 0
    endloop
  endfacet
  facet normal 0.830704 0.556714 0
    outer loop
      vertex 183.356 59.15 8
      vertex 183.305 59.2261 0
      vertex 183.305 59.2261 8
    endloop
  endfacet
  facet normal 0.830704 0.556714 0
    outer loop
      vertex 183.305 59.2261 0
      vertex 183.356 59.15 8
      vertex 183.356 59.15 0
    endloop
  endfacet
  facet normal 0.894645 -0.446778 0
    outer loop
      vertex 183.356 57.45 8
      vertex 183.397 57.5321 0
      vertex 183.397 57.5321 8
    endloop
  endfacet
  facet normal 0.894645 -0.446778 0
    outer loop
      vertex 183.397 57.5321 0
      vertex 183.356 57.45 8
      vertex 183.356 57.45 0
    endloop
  endfacet
  facet normal 0.997852 -0.0655045 0
    outer loop
      vertex 183.444 57.7086 8
      vertex 183.45 57.8 0
      vertex 183.45 57.8 8
    endloop
  endfacet
  facet normal 0.997852 -0.0655045 0
    outer loop
      vertex 183.45 57.8 0
      vertex 183.444 57.7086 8
      vertex 183.444 57.7086 0
    endloop
  endfacet
  facet normal 0.980497 0.196536 0
    outer loop
      vertex 183.444 58.8914 8
      vertex 183.426 58.9812 0
      vertex 183.426 58.9812 8
    endloop
  endfacet
  facet normal 0.980497 0.196536 0
    outer loop
      vertex 183.426 58.9812 0
      vertex 183.444 58.8914 8
      vertex 183.444 58.8914 0
    endloop
  endfacet
  facet normal 0.997852 0.0655045 0
    outer loop
      vertex 183.45 58.8 8
      vertex 183.444 58.8914 0
      vertex 183.444 58.8914 8
    endloop
  endfacet
  facet normal 0.997852 0.0655045 0
    outer loop
      vertex 183.444 58.8914 0
      vertex 183.45 58.8 8
      vertex 183.45 58.8 0
    endloop
  endfacet
  facet normal 0.658041 -0.752982 0
    outer loop
      vertex 183.176 57.2447 0
      vertex 183.245 57.305 8
      vertex 183.176 57.2447 8
    endloop
  endfacet
  facet normal 0.658041 -0.752982 0
    outer loop
      vertex 183.245 57.305 8
      vertex 183.176 57.2447 0
      vertex 183.245 57.305 0
    endloop
  endfacet
  facet normal 0.442835 0.896603 -0
    outer loop
      vertex 183.1 59.4062 0
      vertex 183.018 59.4467 8
      vertex 183.1 59.4062 8
    endloop
  endfacet
  facet normal 0.442835 0.896603 0
    outer loop
      vertex 183.018 59.4467 8
      vertex 183.1 59.4062 0
      vertex 183.018 59.4467 0
    endloop
  endfacet
  facet normal 0.556465 0.830871 -0
    outer loop
      vertex 183.176 59.3553 0
      vertex 183.1 59.4062 8
      vertex 183.176 59.3553 8
    endloop
  endfacet
  facet normal 0.556465 0.830871 0
    outer loop
      vertex 183.1 59.4062 8
      vertex 183.176 59.3553 0
      vertex 183.1 59.4062 0
    endloop
  endfacet
  facet normal 0.658041 0.752982 -0
    outer loop
      vertex 183.245 59.295 0
      vertex 183.176 59.3553 8
      vertex 183.245 59.295 8
    endloop
  endfacet
  facet normal 0.658041 0.752982 0
    outer loop
      vertex 183.176 59.3553 8
      vertex 183.245 59.295 0
      vertex 183.176 59.3553 0
    endloop
  endfacet
  facet normal 0.948355 -0.317212 0
    outer loop
      vertex 183.397 57.5321 8
      vertex 183.426 57.6188 0
      vertex 183.426 57.6188 8
    endloop
  endfacet
  facet normal 0.948355 -0.317212 0
    outer loop
      vertex 183.426 57.6188 0
      vertex 183.397 57.5321 8
      vertex 183.397 57.5321 0
    endloop
  endfacet
  facet normal 0.894645 0.446778 0
    outer loop
      vertex 183.397 59.0679 8
      vertex 183.356 59.15 0
      vertex 183.356 59.15 8
    endloop
  endfacet
  facet normal 0.894645 0.446778 0
    outer loop
      vertex 183.356 59.15 0
      vertex 183.397 59.0679 8
      vertex 183.397 59.0679 0
    endloop
  endfacet
  facet normal 0.830704 -0.556714 0
    outer loop
      vertex 183.305 57.3739 8
      vertex 183.356 57.45 0
      vertex 183.356 57.45 8
    endloop
  endfacet
  facet normal 0.830704 -0.556714 0
    outer loop
      vertex 183.356 57.45 0
      vertex 183.305 57.3739 8
      vertex 183.305 57.3739 0
    endloop
  endfacet
  facet normal 0 -0.948683 -0.316228
    outer loop
      vertex 0 32.55 0
      vertex 8 30.55 6
      vertex 0 30.55 6
    endloop
  endfacet
  facet normal 0 -0.948683 -0.316228
    outer loop
      vertex 8 30.55 6
      vertex 0 32.55 0
      vertex 8 32.55 0
    endloop
  endfacet
  facet normal 0 0.948683 -0.316228
    outer loop
      vertex 8 41.55 3
      vertex 0 42.55 6
      vertex 8 42.55 6
    endloop
  endfacet
  facet normal 0 0.948683 -0.316228
    outer loop
      vertex 0 40.55 0
      vertex 8 41.55 3
      vertex 8 40.55 0
    endloop
  endfacet
  facet normal 0 0.948683 -0.316228
    outer loop
      vertex 8 41.55 3
      vertex 0 40.55 0
      vertex 0 42.55 6
    endloop
  endfacet
  facet normal -1 0 0
    outer loop
      vertex 0 32.55 0
      vertex 0 42.55 6
      vertex 0 40.55 0
    endloop
  endfacet
  facet normal -1 -0 0
    outer loop
      vertex 0 42.55 6
      vertex 0 32.55 0
      vertex 0 30.55 6
    endloop
  endfacet
  facet normal 0 0 1
    outer loop
      vertex 8 42.55 6
      vertex 7.99743 41.4892 6
      vertex 8 41.45 6
    endloop
  endfacet
  facet normal 0 0 1
    outer loop
      vertex 8 42.55 6
      vertex 7.98978 41.5276 6
      vertex 7.99743 41.4892 6
    endloop
  endfacet
  facet normal 0 0 1
    outer loop
      vertex 8 42.55 6
      vertex 7.97716 41.5648 6
      vertex 7.98978 41.5276 6
    endloop
  endfacet
  facet normal 0 0 1
    outer loop
      vertex 8 42.55 6
      vertex 7.95981 41.6 6
      vertex 7.97716 41.5648 6
    endloop
  endfacet
  facet normal 0 0 1
    outer loop
      vertex 8 42.55 6
      vertex 7.93801 41.6326 6
      vertex 7.95981 41.6 6
    endloop
  endfacet
  facet normal 0 0 1
    outer loop
      vertex 8 42.55 6
      vertex 7.91213 41.6621 6
      vertex 7.93801 41.6326 6
    endloop
  endfacet
  facet normal 0 0 1
    outer loop
      vertex 8 42.55 6
      vertex 7.88263 41.688 6
      vertex 7.91213 41.6621 6
    endloop
  endfacet
  facet normal 0 0 1
    outer loop
      vertex 8 42.55 6
      vertex 7.85 41.7098 6
      vertex 7.88263 41.688 6
    endloop
  endfacet
  facet normal 0 0 1
    outer loop
      vertex 8 42.55 6
      vertex 7.8148 41.7272 6
      vertex 7.85 41.7098 6
    endloop
  endfacet
  facet normal 0 0 1
    outer loop
      vertex 8 42.55 6
      vertex 7.77765 41.7398 6
      vertex 7.8148 41.7272 6
    endloop
  endfacet
  facet normal 0 0 1
    outer loop
      vertex 8 42.55 6
      vertex 7.73916 41.7474 6
      vertex 7.77765 41.7398 6
    endloop
  endfacet
  facet normal 0 0 1
    outer loop
      vertex 8 42.55 6
      vertex 7.7 41.75 6
      vertex 7.73916 41.7474 6
    endloop
  endfacet
  facet normal 0 0 1
    outer loop
      vertex 8 42.55 6
      vertex 6.8 41.75 6
      vertex 7.7 41.75 6
    endloop
  endfacet
  facet normal 0 0 1
    outer loop
      vertex 8 42.55 6
      vertex 6.76084 41.7474 6
      vertex 6.8 41.75 6
    endloop
  endfacet
  facet normal 0 0 1
    outer loop
      vertex 8 42.55 6
      vertex 6.72235 41.7398 6
      vertex 6.76084 41.7474 6
    endloop
  endfacet
  facet normal 0 0 1
    outer loop
      vertex 8 42.55 6
      vertex 6.68519 41.7272 6
      vertex 6.72235 41.7398 6
    endloop
  endfacet
  facet normal -0 0 1
    outer loop
      vertex 0 42.55 6
      vertex 6.68519 41.7272 6
      vertex 8 42.55 6
    endloop
  endfacet
  facet normal 0 0 1
    outer loop
      vertex 6.5 41.45 6
      vertex 0 42.55 6
      vertex 6.5 39.65 6
    endloop
  endfacet
  facet normal 0 0 1
    outer loop
      vertex 6.50257 41.4892 6
      vertex 0 42.55 6
      vertex 6.5 41.45 6
    endloop
  endfacet
  facet normal 0 0 1
    outer loop
      vertex 6.51022 41.5276 6
      vertex 0 42.55 6
      vertex 6.50257 41.4892 6
    endloop
  endfacet
  facet normal 0 0 1
    outer loop
      vertex 6.52284 41.5648 6
      vertex 0 42.55 6
      vertex 6.51022 41.5276 6
    endloop
  endfacet
  facet normal 0 0 1
    outer loop
      vertex 6.54019 41.6 6
      vertex 0 42.55 6
      vertex 6.52284 41.5648 6
    endloop
  endfacet
  facet normal 0 0 1
    outer loop
      vertex 6.56199 41.6326 6
      vertex 0 42.55 6
      vertex 6.54019 41.6 6
    endloop
  endfacet
  facet normal 0 0 1
    outer loop
      vertex 6.58787 41.6621 6
      vertex 0 42.55 6
      vertex 6.56199 41.6326 6
    endloop
  endfacet
  facet normal 0 0 1
    outer loop
      vertex 6.61737 41.688 6
      vertex 0 42.55 6
      vertex 6.58787 41.6621 6
    endloop
  endfacet
  facet normal 0 0 1
    outer loop
      vertex 6.65 41.7098 6
      vertex 0 42.55 6
      vertex 6.61737 41.688 6
    endloop
  endfacet
  facet normal 0 0 1
    outer loop
      vertex 6.68519 41.7272 6
      vertex 0 42.55 6
      vertex 6.65 41.7098 6
    endloop
  endfacet
  facet normal -0 0 1
    outer loop
      vertex 7.99743 39.6108 6
      vertex 8 30.55 6
      vertex 8 39.65 6
    endloop
  endfacet
  facet normal -0 0 1
    outer loop
      vertex 7.98978 39.5724 6
      vertex 8 30.55 6
      vertex 7.99743 39.6108 6
    endloop
  endfacet
  facet normal -0 0 1
    outer loop
      vertex 7.97716 39.5352 6
      vertex 8 30.55 6
      vertex 7.98978 39.5724 6
    endloop
  endfacet
  facet normal -0 0 1
    outer loop
      vertex 7.95981 39.5 6
      vertex 8 30.55 6
      vertex 7.97716 39.5352 6
    endloop
  endfacet
  facet normal -0 0 1
    outer loop
      vertex 7.93801 39.4674 6
      vertex 8 30.55 6
      vertex 7.95981 39.5 6
    endloop
  endfacet
  facet normal -0 0 1
    outer loop
      vertex 7.91213 39.4379 6
      vertex 8 30.55 6
      vertex 7.93801 39.4674 6
    endloop
  endfacet
  facet normal -0 0 1
    outer loop
      vertex 7.88263 39.412 6
      vertex 8 30.55 6
      vertex 7.91213 39.4379 6
    endloop
  endfacet
  facet normal -0 0 1
    outer loop
      vertex 7.85 39.3902 6
      vertex 8 30.55 6
      vertex 7.88263 39.412 6
    endloop
  endfacet
  facet normal -0 0 1
    outer loop
      vertex 7.8148 39.3728 6
      vertex 8 30.55 6
      vertex 7.85 39.3902 6
    endloop
  endfacet
  facet normal -0 0 1
    outer loop
      vertex 7.77765 39.3602 6
      vertex 8 30.55 6
      vertex 7.8148 39.3728 6
    endloop
  endfacet
  facet normal -0 0 1
    outer loop
      vertex 7.73916 39.3526 6
      vertex 8 30.55 6
      vertex 7.77765 39.3602 6
    endloop
  endfacet
  facet normal -0 0 1
    outer loop
      vertex 7.7 39.35 6
      vertex 8 30.55 6
      vertex 7.73916 39.3526 6
    endloop
  endfacet
  facet normal -0 0 1
    outer loop
      vertex 6.8 39.35 6
      vertex 8 30.55 6
      vertex 7.7 39.35 6
    endloop
  endfacet
  facet normal 0 0 1
    outer loop
      vertex 6.76084 39.3526 6
      vertex 8 30.55 6
      vertex 6.8 39.35 6
    endloop
  endfacet
  facet normal 0 0 1
    outer loop
      vertex 6.72235 39.3602 6
      vertex 8 30.55 6
      vertex 6.76084 39.3526 6
    endloop
  endfacet
  facet normal 0 0 1
    outer loop
      vertex 6.68519 39.3728 6
      vertex 8 30.55 6
      vertex 6.72235 39.3602 6
    endloop
  endfacet
  facet normal 0 0 1
    outer loop
      vertex 6.65 39.3902 6
      vertex 8 30.55 6
      vertex 6.68519 39.3728 6
    endloop
  endfacet
  facet normal 0 0 1
    outer loop
      vertex 0 30.55 6
      vertex 6.65 39.3902 6
      vertex 6.61737 39.412 6
    endloop
  endfacet
  facet normal 0 0 1
    outer loop
      vertex 0 30.55 6
      vertex 6.61737 39.412 6
      vertex 6.58787 39.4379 6
    endloop
  endfacet
  facet normal 0 0 1
    outer loop
      vertex 0 30.55 6
      vertex 6.58787 39.4379 6
      vertex 6.56199 39.4674 6
    endloop
  endfacet
  facet normal 0 0 1
    outer loop
      vertex 0 30.55 6
      vertex 6.56199 39.4674 6
      vertex 6.54019 39.5 6
    endloop
  endfacet
  facet normal 0 0 1
    outer loop
      vertex 0 42.55 6
      vertex 6.54019 39.5 6
      vertex 6.52284 39.5352 6
    endloop
  endfacet
  facet normal 0 0 1
    outer loop
      vertex 0 42.55 6
      vertex 6.52284 39.5352 6
      vertex 6.51022 39.5724 6
    endloop
  endfacet
  facet normal 0 0 1
    outer loop
      vertex 0 42.55 6
      vertex 6.51022 39.5724 6
      vertex 6.50257 39.6108 6
    endloop
  endfacet
  facet normal 0 0 1
    outer loop
      vertex 0 42.55 6
      vertex 6.50257 39.6108 6
      vertex 6.5 39.65 6
    endloop
  endfacet
  facet normal 0 0 1
    outer loop
      vertex 6.54019 39.5 6
      vertex 0 42.55 6
      vertex 0 30.55 6
    endloop
  endfacet
  facet normal 0 0 1
    outer loop
      vertex 6.65 39.3902 6
      vertex 0 30.55 6
      vertex 8 30.55 6
    endloop
  endfacet
  facet normal 1 0 0
    outer loop
      vertex 8 41.45 6.35
      vertex 8 39.65 6.35
      vertex 8 41.45 6
    endloop
  endfacet
  facet normal 1 -0 0
    outer loop
      vertex 8 41.45 6
      vertex 8 41.55 3
      vertex 8 42.55 6
    endloop
  endfacet
  facet normal 1 0 0
    outer loop
      vertex 8 39.65 6
      vertex 8 41.45 6
      vertex 8 39.65 6.35
    endloop
  endfacet
  facet normal 1 0 0
    outer loop
      vertex 8 41.45 6
      vertex 8 39.65 6
      vertex 8 41.55 3
    endloop
  endfacet
  facet normal 1 0 0
    outer loop
      vertex 8 39.65 6
      vertex 8 35.55 3
      vertex 8 41.55 3
    endloop
  endfacet
  facet normal 1 0 0
    outer loop
      vertex 8 35.55 3
      vertex 8 32.55 0
      vertex 8 35.55 0
    endloop
  endfacet
  facet normal 1 0 0
    outer loop
      vertex 8 35.55 3
      vertex 8 30.55 6
      vertex 8 32.55 0
    endloop
  endfacet
  facet normal 1 -0 0
    outer loop
      vertex 8 30.55 6
      vertex 8 35.55 3
      vertex 8 39.65 6
    endloop
  endfacet
  facet normal -1 0 0
    outer loop
      vertex 8 45.55 0
      vertex 8 41.55 3
      vertex 8 45.55 3
    endloop
  endfacet
  facet normal -1 0 -0
    outer loop
      vertex 8 41.55 3
      vertex 8 45.55 0
      vertex 8 40.55 0
    endloop
  endfacet
  facet normal 0 0 1
    outer loop
      vertex 7.7 41.75 6.35
      vertex 8 41.45 6.35
      vertex 7.99743 41.4892 6.35
    endloop
  endfacet
  facet normal 0 0 1
    outer loop
      vertex 8 41.45 6.35
      vertex 6.5 41.45 6.35
      vertex 8 39.65 6.35
    endloop
  endfacet
  facet normal 0 0 1
    outer loop
      vertex 7.7 41.75 6.35
      vertex 7.99743 41.4892 6.35
      vertex 7.98978 41.5276 6.35
    endloop
  endfacet
  facet normal 0 0 1
    outer loop
      vertex 6.5 39.65 6.35
      vertex 8 39.65 6.35
      vertex 6.5 41.45 6.35
    endloop
  endfacet
  facet normal 0 0 1
    outer loop
      vertex 7.7 41.75 6.35
      vertex 7.98978 41.5276 6.35
      vertex 7.97716 41.5648 6.35
    endloop
  endfacet
  facet normal 0 -0 1
    outer loop
      vertex 7.7 39.35 6.35
      vertex 8 39.65 6.35
      vertex 6.5 39.65 6.35
    endloop
  endfacet
  facet normal 0 0 1
    outer loop
      vertex 7.7 41.75 6.35
      vertex 7.97716 41.5648 6.35
      vertex 7.95981 41.6 6.35
    endloop
  endfacet
  facet normal 0 0 1
    outer loop
      vertex 8 39.65 6.35
      vertex 7.7 39.35 6.35
      vertex 7.99743 39.6108 6.35
    endloop
  endfacet
  facet normal 0 0 1
    outer loop
      vertex 7.7 41.75 6.35
      vertex 7.95981 41.6 6.35
      vertex 7.93801 41.6326 6.35
    endloop
  endfacet
  facet normal 0 0 1
    outer loop
      vertex 7.99743 39.6108 6.35
      vertex 7.7 39.35 6.35
      vertex 7.98978 39.5724 6.35
    endloop
  endfacet
  facet normal 0 0 1
    outer loop
      vertex 7.7 41.75 6.35
      vertex 7.93801 41.6326 6.35
      vertex 7.91213 41.6621 6.35
    endloop
  endfacet
  facet normal 0 0 1
    outer loop
      vertex 7.98978 39.5724 6.35
      vertex 7.7 39.35 6.35
      vertex 7.97716 39.5352 6.35
    endloop
  endfacet
  facet normal 0 0 1
    outer loop
      vertex 7.7 41.75 6.35
      vertex 7.91213 41.6621 6.35
      vertex 7.88263 41.688 6.35
    endloop
  endfacet
  facet normal 0 0 1
    outer loop
      vertex 8 41.45 6.35
      vertex 7.7 41.75 6.35
      vertex 6.5 41.45 6.35
    endloop
  endfacet
  facet normal 0 0 1
    outer loop
      vertex 7.7 41.75 6.35
      vertex 7.88263 41.688 6.35
      vertex 7.85 41.7098 6.35
    endloop
  endfacet
  facet normal 0 0 1
    outer loop
      vertex 7.97716 39.5352 6.35
      vertex 7.7 39.35 6.35
      vertex 7.95981 39.5 6.35
    endloop
  endfacet
  facet normal 0 0 1
    outer loop
      vertex 7.7 41.75 6.35
      vertex 7.85 41.7098 6.35
      vertex 7.8148 41.7272 6.35
    endloop
  endfacet
  facet normal 0 0 1
    outer loop
      vertex 7.91213 39.4379 6.35
      vertex 7.7 39.35 6.35
      vertex 7.88263 39.412 6.35
    endloop
  endfacet
  facet normal 0 0 1
    outer loop
      vertex 7.7 41.75 6.35
      vertex 7.8148 41.7272 6.35
      vertex 7.77765 41.7398 6.35
    endloop
  endfacet
  facet normal 0 0 1
    outer loop
      vertex 7.88263 39.412 6.35
      vertex 7.7 39.35 6.35
      vertex 7.85 39.3902 6.35
    endloop
  endfacet
  facet normal 0 0 1
    outer loop
      vertex 7.7 41.75 6.35
      vertex 7.77765 41.7398 6.35
      vertex 7.73916 41.7474 6.35
    endloop
  endfacet
  facet normal 0 0 1
    outer loop
      vertex 7.85 39.3902 6.35
      vertex 7.7 39.35 6.35
      vertex 7.8148 39.3728 6.35
    endloop
  endfacet
  facet normal 0 0 1
    outer loop
      vertex 7.8148 39.3728 6.35
      vertex 7.7 39.35 6.35
      vertex 7.77765 39.3602 6.35
    endloop
  endfacet
  facet normal 0 0 1
    outer loop
      vertex 7.77765 39.3602 6.35
      vertex 7.7 39.35 6.35
      vertex 7.73916 39.3526 6.35
    endloop
  endfacet
  facet normal 0 0 1
    outer loop
      vertex 6.5 41.45 6.35
      vertex 7.7 41.75 6.35
      vertex 6.8 41.75 6.35
    endloop
  endfacet
  facet normal 0 0 1
    outer loop
      vertex 7.95981 39.5 6.35
      vertex 7.7 39.35 6.35
      vertex 7.93801 39.4674 6.35
    endloop
  endfacet
  facet normal 0 0 1
    outer loop
      vertex 6.5 41.45 6.35
      vertex 6.8 41.75 6.35
      vertex 6.76084 41.7474 6.35
    endloop
  endfacet
  facet normal 0 0 1
    outer loop
      vertex 7.93801 39.4674 6.35
      vertex 7.7 39.35 6.35
      vertex 7.91213 39.4379 6.35
    endloop
  endfacet
  facet normal 0 0 1
    outer loop
      vertex 6.5 41.45 6.35
      vertex 6.76084 41.7474 6.35
      vertex 6.72235 41.7398 6.35
    endloop
  endfacet
  facet normal 0 0 1
    outer loop
      vertex 7.7 39.35 6.35
      vertex 6.5 39.65 6.35
      vertex 6.8 39.35 6.35
    endloop
  endfacet
  facet normal 0 0 1
    outer loop
      vertex 6.5 41.45 6.35
      vertex 6.72235 41.7398 6.35
      vertex 6.68519 41.7272 6.35
    endloop
  endfacet
  facet normal 0 0 1
    outer loop
      vertex 6.8 39.35 6.35
      vertex 6.5 39.65 6.35
      vertex 6.76084 39.3526 6.35
    endloop
  endfacet
  facet normal 0 0 1
    outer loop
      vertex 6.5 41.45 6.35
      vertex 6.68519 41.7272 6.35
      vertex 6.65 41.7098 6.35
    endloop
  endfacet
  facet normal 0 0 1
    outer loop
      vertex 6.76084 39.3526 6.35
      vertex 6.5 39.65 6.35
      vertex 6.72235 39.3602 6.35
    endloop
  endfacet
  facet normal 0 0 1
    outer loop
      vertex 6.5 41.45 6.35
      vertex 6.65 41.7098 6.35
      vertex 6.61737 41.688 6.35
    endloop
  endfacet
  facet normal 0 0 1
    outer loop
      vertex 6.72235 39.3602 6.35
      vertex 6.5 39.65 6.35
      vertex 6.68519 39.3728 6.35
    endloop
  endfacet
  facet normal 0 0 1
    outer loop
      vertex 6.5 41.45 6.35
      vertex 6.61737 41.688 6.35
      vertex 6.58787 41.6621 6.35
    endloop
  endfacet
  facet normal 0 0 1
    outer loop
      vertex 6.68519 39.3728 6.35
      vertex 6.5 39.65 6.35
      vertex 6.65 39.3902 6.35
    endloop
  endfacet
  facet normal 0 0 1
    outer loop
      vertex 6.5 41.45 6.35
      vertex 6.58787 41.6621 6.35
      vertex 6.56199 41.6326 6.35
    endloop
  endfacet
  facet normal 0 0 1
    outer loop
      vertex 6.65 39.3902 6.35
      vertex 6.5 39.65 6.35
      vertex 6.61737 39.412 6.35
    endloop
  endfacet
  facet normal 0 0 1
    outer loop
      vertex 6.5 41.45 6.35
      vertex 6.56199 41.6326 6.35
      vertex 6.54019 41.6 6.35
    endloop
  endfacet
  facet normal 0 0 1
    outer loop
      vertex 6.61737 39.412 6.35
      vertex 6.5 39.65 6.35
      vertex 6.58787 39.4379 6.35
    endloop
  endfacet
  facet normal 0 0 1
    outer loop
      vertex 6.5 41.45 6.35
      vertex 6.54019 41.6 6.35
      vertex 6.52284 41.5648 6.35
    endloop
  endfacet
  facet normal 0 0 1
    outer loop
      vertex 6.58787 39.4379 6.35
      vertex 6.5 39.65 6.35
      vertex 6.56199 39.4674 6.35
    endloop
  endfacet
  facet normal 0 0 1
    outer loop
      vertex 6.5 41.45 6.35
      vertex 6.52284 41.5648 6.35
      vertex 6.51022 41.5276 6.35
    endloop
  endfacet
  facet normal 0 0 1
    outer loop
      vertex 6.56199 39.4674 6.35
      vertex 6.5 39.65 6.35
      vertex 6.54019 39.5 6.35
    endloop
  endfacet
  facet normal 0 0 1
    outer loop
      vertex 6.5 41.45 6.35
      vertex 6.51022 41.5276 6.35
      vertex 6.50257 41.4892 6.35
    endloop
  endfacet
  facet normal 0 0 1
    outer loop
      vertex 6.54019 39.5 6.35
      vertex 6.5 39.65 6.35
      vertex 6.52284 39.5352 6.35
    endloop
  endfacet
  facet normal 0 0 1
    outer loop
      vertex 6.52284 39.5352 6.35
      vertex 6.5 39.65 6.35
      vertex 6.51022 39.5724 6.35
    endloop
  endfacet
  facet normal 0 0 1
    outer loop
      vertex 6.51022 39.5724 6.35
      vertex 6.5 39.65 6.35
      vertex 6.50257 39.6108 6.35
    endloop
  endfacet
  facet normal -1 0 0
    outer loop
      vertex 6.5 39.65 6
      vertex 6.5 41.45 6.35
      vertex 6.5 41.45 6
    endloop
  endfacet
  facet normal -1 -0 0
    outer loop
      vertex 6.5 41.45 6.35
      vertex 6.5 39.65 6
      vertex 6.5 39.65 6.35
    endloop
  endfacet
  facet normal 0.896961 0.44211 0
    outer loop
      vertex 7.97716 41.5648 6.35
      vertex 7.95981 41.6 6
      vertex 7.95981 41.6 6.35
    endloop
  endfacet
  facet normal 0.896961 0.44211 0
    outer loop
      vertex 7.95981 41.6 6
      vertex 7.97716 41.5648 6.35
      vertex 7.97716 41.5648 6
    endloop
  endfacet
  facet normal 0.997858 -0.0654208 0
    outer loop
      vertex 7.99743 39.6108 6.35
      vertex 8 39.65 6
      vertex 8 39.65 6.35
    endloop
  endfacet
  facet normal 0.997858 -0.0654208 0
    outer loop
      vertex 8 39.65 6
      vertex 7.99743 39.6108 6.35
      vertex 7.99743 39.6108 6
    endloop
  endfacet
  facet normal 0.997858 0.0654208 0
    outer loop
      vertex 8 41.45 6.35
      vertex 7.99743 41.4892 6
      vertex 7.99743 41.4892 6.35
    endloop
  endfacet
  facet normal 0.997858 0.0654208 0
    outer loop
      vertex 7.99743 41.4892 6
      vertex 8 41.45 6.35
      vertex 8 41.45 6
    endloop
  endfacet
  facet normal -0.0662484 -0.997803 0
    outer loop
      vertex 6.76084 39.3526 6
      vertex 6.8 39.35 6.35
      vertex 6.76084 39.3526 6.35
    endloop
  endfacet
  facet normal -0.0662484 -0.997803 -0
    outer loop
      vertex 6.8 39.35 6.35
      vertex 6.76084 39.3526 6
      vertex 6.8 39.35 6
    endloop
  endfacet
  facet normal -0.997858 -0.0654208 0
    outer loop
      vertex 6.50257 39.6108 6
      vertex 6.5 39.65 6.35
      vertex 6.5 39.65 6
    endloop
  endfacet
  facet normal -0.997858 -0.0654208 0
    outer loop
      vertex 6.5 39.65 6.35
      vertex 6.50257 39.6108 6
      vertex 6.50257 39.6108 6.35
    endloop
  endfacet
  facet normal 0.193714 0.981058 -0
    outer loop
      vertex 7.77765 41.7398 6
      vertex 7.73916 41.7474 6.35
      vertex 7.77765 41.7398 6.35
    endloop
  endfacet
  facet normal 0.193714 0.981058 0
    outer loop
      vertex 7.73916 41.7474 6.35
      vertex 7.77765 41.7398 6
      vertex 7.73916 41.7474 6
    endloop
  endfacet
  facet normal -0.555523 0.831501 0
    outer loop
      vertex 6.65 41.7098 6
      vertex 6.61737 41.688 6.35
      vertex 6.65 41.7098 6.35
    endloop
  endfacet
  facet normal -0.555523 0.831501 0
    outer loop
      vertex 6.61737 41.688 6.35
      vertex 6.65 41.7098 6
      vertex 6.61737 41.688 6
    endloop
  endfacet
  facet normal -0.997858 0.0654208 0
    outer loop
      vertex 6.5 41.45 6
      vertex 6.50257 41.4892 6.35
      vertex 6.50257 41.4892 6
    endloop
  endfacet
  facet normal -0.997858 0.0654208 0
    outer loop
      vertex 6.50257 41.4892 6.35
      vertex 6.5 41.45 6
      vertex 6.5 41.45 6.35
    endloop
  endfacet
  facet normal 0.659766 0.751471 -0
    outer loop
      vertex 7.91213 41.6621 6
      vertex 7.88263 41.688 6.35
      vertex 7.91213 41.6621 6.35
    endloop
  endfacet
  facet normal 0.659766 0.751471 0
    outer loop
      vertex 7.88263 41.688 6.35
      vertex 7.91213 41.6621 6
      vertex 7.88263 41.688 6
    endloop
  endfacet
  facet normal 0.980728 0.195379 0
    outer loop
      vertex 7.99743 41.4892 6.35
      vertex 7.98978 41.5276 6
      vertex 7.98978 41.5276 6.35
    endloop
  endfacet
  facet normal 0.980728 0.195379 0
    outer loop
      vertex 7.98978 41.5276 6
      vertex 7.99743 41.4892 6.35
      vertex 7.99743 41.4892 6
    endloop
  endfacet
  facet normal 0.94699 -0.321264 0
    outer loop
      vertex 7.97716 39.5352 6.35
      vertex 7.98978 39.5724 6
      vertex 7.98978 39.5724 6.35
    endloop
  endfacet
  facet normal 0.94699 -0.321264 0
    outer loop
      vertex 7.98978 39.5724 6
      vertex 7.97716 39.5352 6.35
      vertex 7.97716 39.5352 6
    endloop
  endfacet
  facet normal 0.659766 -0.751471 0
    outer loop
      vertex 7.88263 39.412 6
      vertex 7.91213 39.4379 6.35
      vertex 7.88263 39.412 6.35
    endloop
  endfacet
  facet normal 0.659766 -0.751471 0
    outer loop
      vertex 7.91213 39.4379 6.35
      vertex 7.88263 39.412 6
      vertex 7.91213 39.4379 6
    endloop
  endfacet
  facet normal -0.0662484 0.997803 0
    outer loop
      vertex 6.8 41.75 6
      vertex 6.76084 41.7474 6.35
      vertex 6.8 41.75 6.35
    endloop
  endfacet
  facet normal -0.0662484 0.997803 0
    outer loop
      vertex 6.76084 41.7474 6.35
      vertex 6.8 41.75 6
      vertex 6.76084 41.7474 6
    endloop
  endfacet
  facet normal 0.321194 0.947013 -0
    outer loop
      vertex 7.8148 41.7272 6
      vertex 7.77765 41.7398 6.35
      vertex 7.8148 41.7272 6.35
    endloop
  endfacet
  facet normal 0.321194 0.947013 0
    outer loop
      vertex 7.77765 41.7398 6.35
      vertex 7.8148 41.7272 6
      vertex 7.77765 41.7398 6
    endloop
  endfacet
  facet normal -0.193714 0.981058 0
    outer loop
      vertex 6.76084 41.7474 6
      vertex 6.72235 41.7398 6.35
      vertex 6.76084 41.7474 6.35
    endloop
  endfacet
  facet normal -0.193714 0.981058 0
    outer loop
      vertex 6.72235 41.7398 6.35
      vertex 6.76084 41.7474 6
      vertex 6.72235 41.7398 6
    endloop
  endfacet
  facet normal -0.751724 0.659478 0
    outer loop
      vertex 6.56199 41.6326 6
      vertex 6.58787 41.6621 6.35
      vertex 6.58787 41.6621 6
    endloop
  endfacet
  facet normal -0.751724 0.659478 0
    outer loop
      vertex 6.58787 41.6621 6.35
      vertex 6.56199 41.6326 6
      vertex 6.56199 41.6326 6.35
    endloop
  endfacet
  facet normal -0.831265 0.555877 0
    outer loop
      vertex 6.54019 41.6 6
      vertex 6.56199 41.6326 6.35
      vertex 6.56199 41.6326 6
    endloop
  endfacet
  facet normal -0.831265 0.555877 0
    outer loop
      vertex 6.56199 41.6326 6.35
      vertex 6.54019 41.6 6
      vertex 6.54019 41.6 6.35
    endloop
  endfacet
  facet normal -0.94699 0.321264 0
    outer loop
      vertex 6.51022 41.5276 6
      vertex 6.52284 41.5648 6.35
      vertex 6.52284 41.5648 6
    endloop
  endfacet
  facet normal -0.94699 0.321264 0
    outer loop
      vertex 6.52284 41.5648 6.35
      vertex 6.51022 41.5276 6
      vertex 6.51022 41.5276 6.35
    endloop
  endfacet
  facet normal -0.896961 0.44211 0
    outer loop
      vertex 6.52284 41.5648 6
      vertex 6.54019 41.6 6.35
      vertex 6.54019 41.6 6
    endloop
  endfacet
  facet normal -0.896961 0.44211 0
    outer loop
      vertex 6.54019 41.6 6.35
      vertex 6.52284 41.5648 6
      vertex 6.52284 41.5648 6.35
    endloop
  endfacet
  facet normal -0.980728 0.195379 0
    outer loop
      vertex 6.50257 41.4892 6
      vertex 6.51022 41.5276 6.35
      vertex 6.51022 41.5276 6
    endloop
  endfacet
  facet normal -0.980728 0.195379 0
    outer loop
      vertex 6.51022 41.5276 6.35
      vertex 6.50257 41.4892 6
      vertex 6.50257 41.4892 6.35
    endloop
  endfacet
  facet normal 0.94699 0.321264 0
    outer loop
      vertex 7.98978 41.5276 6.35
      vertex 7.97716 41.5648 6
      vertex 7.97716 41.5648 6.35
    endloop
  endfacet
  facet normal 0.94699 0.321264 0
    outer loop
      vertex 7.97716 41.5648 6
      vertex 7.98978 41.5276 6.35
      vertex 7.98978 41.5276 6
    endloop
  endfacet
  facet normal 0.980728 -0.195379 0
    outer loop
      vertex 7.98978 39.5724 6.35
      vertex 7.99743 39.6108 6
      vertex 7.99743 39.6108 6.35
    endloop
  endfacet
  facet normal 0.980728 -0.195379 0
    outer loop
      vertex 7.99743 39.6108 6
      vertex 7.98978 39.5724 6.35
      vertex 7.98978 39.5724 6
    endloop
  endfacet
  facet normal -0.980728 -0.195379 0
    outer loop
      vertex 6.51022 39.5724 6
      vertex 6.50257 39.6108 6.35
      vertex 6.50257 39.6108 6
    endloop
  endfacet
  facet normal -0.980728 -0.195379 0
    outer loop
      vertex 6.50257 39.6108 6.35
      vertex 6.51022 39.5724 6
      vertex 6.51022 39.5724 6.35
    endloop
  endfacet
  facet normal 0.831265 -0.555877 0
    outer loop
      vertex 7.93801 39.4674 6.35
      vertex 7.95981 39.5 6
      vertex 7.95981 39.5 6.35
    endloop
  endfacet
  facet normal 0.831265 -0.555877 0
    outer loop
      vertex 7.95981 39.5 6
      vertex 7.93801 39.4674 6.35
      vertex 7.93801 39.4674 6
    endloop
  endfacet
  facet normal 0.443134 -0.896455 0
    outer loop
      vertex 7.8148 39.3728 6
      vertex 7.85 39.3902 6.35
      vertex 7.8148 39.3728 6.35
    endloop
  endfacet
  facet normal 0.443134 -0.896455 0
    outer loop
      vertex 7.85 39.3902 6.35
      vertex 7.8148 39.3728 6
      vertex 7.85 39.3902 6
    endloop
  endfacet
  facet normal 0.751724 -0.659478 0
    outer loop
      vertex 7.91213 39.4379 6.35
      vertex 7.93801 39.4674 6
      vertex 7.93801 39.4674 6.35
    endloop
  endfacet
  facet normal 0.751724 -0.659478 0
    outer loop
      vertex 7.93801 39.4674 6
      vertex 7.91213 39.4379 6.35
      vertex 7.91213 39.4379 6
    endloop
  endfacet
  facet normal 0.0662484 0.997803 -0
    outer loop
      vertex 7.73916 41.7474 6
      vertex 7.7 41.75 6.35
      vertex 7.73916 41.7474 6.35
    endloop
  endfacet
  facet normal 0.0662484 0.997803 0
    outer loop
      vertex 7.7 41.75 6.35
      vertex 7.73916 41.7474 6
      vertex 7.7 41.75 6
    endloop
  endfacet
  facet normal -0.321117 0.94704 0
    outer loop
      vertex 6.72235 41.7398 6
      vertex 6.68519 41.7272 6.35
      vertex 6.72235 41.7398 6.35
    endloop
  endfacet
  facet normal -0.321117 0.94704 0
    outer loop
      vertex 6.68519 41.7272 6.35
      vertex 6.72235 41.7398 6
      vertex 6.68519 41.7272 6
    endloop
  endfacet
  facet normal -0.443235 0.896405 0
    outer loop
      vertex 6.68519 41.7272 6
      vertex 6.65 41.7098 6.35
      vertex 6.68519 41.7272 6.35
    endloop
  endfacet
  facet normal -0.443235 0.896405 0
    outer loop
      vertex 6.65 41.7098 6.35
      vertex 6.68519 41.7272 6
      vertex 6.65 41.7098 6
    endloop
  endfacet
  facet normal -0.659766 0.751471 0
    outer loop
      vertex 6.61737 41.688 6
      vertex 6.58787 41.6621 6.35
      vertex 6.61737 41.688 6.35
    endloop
  endfacet
  facet normal -0.659766 0.751471 0
    outer loop
      vertex 6.58787 41.6621 6.35
      vertex 6.61737 41.688 6
      vertex 6.58787 41.6621 6
    endloop
  endfacet
  facet normal -0.831265 -0.555877 0
    outer loop
      vertex 6.56199 39.4674 6
      vertex 6.54019 39.5 6.35
      vertex 6.54019 39.5 6
    endloop
  endfacet
  facet normal -0.831265 -0.555877 0
    outer loop
      vertex 6.54019 39.5 6.35
      vertex 6.56199 39.4674 6
      vertex 6.56199 39.4674 6.35
    endloop
  endfacet
  facet normal -0.94699 -0.321264 0
    outer loop
      vertex 6.52284 39.5352 6
      vertex 6.51022 39.5724 6.35
      vertex 6.51022 39.5724 6
    endloop
  endfacet
  facet normal -0.94699 -0.321264 0
    outer loop
      vertex 6.51022 39.5724 6.35
      vertex 6.52284 39.5352 6
      vertex 6.52284 39.5352 6.35
    endloop
  endfacet
  facet normal 0.896961 -0.44211 0
    outer loop
      vertex 7.95981 39.5 6.35
      vertex 7.97716 39.5352 6
      vertex 7.97716 39.5352 6.35
    endloop
  endfacet
  facet normal 0.896961 -0.44211 0
    outer loop
      vertex 7.97716 39.5352 6
      vertex 7.95981 39.5 6.35
      vertex 7.95981 39.5 6
    endloop
  endfacet
  facet normal -0.659766 -0.751471 0
    outer loop
      vertex 6.58787 39.4379 6
      vertex 6.61737 39.412 6.35
      vertex 6.58787 39.4379 6.35
    endloop
  endfacet
  facet normal -0.659766 -0.751471 -0
    outer loop
      vertex 6.61737 39.412 6.35
      vertex 6.58787 39.4379 6
      vertex 6.61737 39.412 6
    endloop
  endfacet
  facet normal 0 -1 0
    outer loop
      vertex 6.8 39.35 6
      vertex 7.7 39.35 6.35
      vertex 6.8 39.35 6.35
    endloop
  endfacet
  facet normal 0 -1 -0
    outer loop
      vertex 7.7 39.35 6.35
      vertex 6.8 39.35 6
      vertex 7.7 39.35 6
    endloop
  endfacet
  facet normal 0.555523 -0.831501 0
    outer loop
      vertex 7.85 39.3902 6
      vertex 7.88263 39.412 6.35
      vertex 7.85 39.3902 6.35
    endloop
  endfacet
  facet normal 0.555523 -0.831501 0
    outer loop
      vertex 7.88263 39.412 6.35
      vertex 7.85 39.3902 6
      vertex 7.88263 39.412 6
    endloop
  endfacet
  facet normal 0.0662484 -0.997803 0
    outer loop
      vertex 7.7 39.35 6
      vertex 7.73916 39.3526 6.35
      vertex 7.7 39.35 6.35
    endloop
  endfacet
  facet normal 0.0662484 -0.997803 0
    outer loop
      vertex 7.73916 39.3526 6.35
      vertex 7.7 39.35 6
      vertex 7.73916 39.3526 6
    endloop
  endfacet
  facet normal 0.193714 -0.981058 0
    outer loop
      vertex 7.73916 39.3526 6
      vertex 7.77765 39.3602 6.35
      vertex 7.73916 39.3526 6.35
    endloop
  endfacet
  facet normal 0.193714 -0.981058 0
    outer loop
      vertex 7.77765 39.3602 6.35
      vertex 7.73916 39.3526 6
      vertex 7.77765 39.3602 6
    endloop
  endfacet
  facet normal 0 1 -0
    outer loop
      vertex 7.7 41.75 6
      vertex 6.8 41.75 6.35
      vertex 7.7 41.75 6.35
    endloop
  endfacet
  facet normal 0 1 0
    outer loop
      vertex 6.8 41.75 6.35
      vertex 7.7 41.75 6
      vertex 6.8 41.75 6
    endloop
  endfacet
  facet normal 0.555523 0.831501 -0
    outer loop
      vertex 7.88263 41.688 6
      vertex 7.85 41.7098 6.35
      vertex 7.88263 41.688 6.35
    endloop
  endfacet
  facet normal 0.555523 0.831501 0
    outer loop
      vertex 7.85 41.7098 6.35
      vertex 7.88263 41.688 6
      vertex 7.85 41.7098 6
    endloop
  endfacet
  facet normal 0.751724 0.659478 0
    outer loop
      vertex 7.93801 41.6326 6.35
      vertex 7.91213 41.6621 6
      vertex 7.91213 41.6621 6.35
    endloop
  endfacet
  facet normal 0.751724 0.659478 0
    outer loop
      vertex 7.91213 41.6621 6
      vertex 7.93801 41.6326 6.35
      vertex 7.93801 41.6326 6
    endloop
  endfacet
  facet normal -0.751724 -0.659478 0
    outer loop
      vertex 6.58787 39.4379 6
      vertex 6.56199 39.4674 6.35
      vertex 6.56199 39.4674 6
    endloop
  endfacet
  facet normal -0.751724 -0.659478 0
    outer loop
      vertex 6.56199 39.4674 6.35
      vertex 6.58787 39.4379 6
      vertex 6.58787 39.4379 6.35
    endloop
  endfacet
  facet normal -0.896961 -0.44211 0
    outer loop
      vertex 6.54019 39.5 6
      vertex 6.52284 39.5352 6.35
      vertex 6.52284 39.5352 6
    endloop
  endfacet
  facet normal -0.896961 -0.44211 0
    outer loop
      vertex 6.52284 39.5352 6.35
      vertex 6.54019 39.5 6
      vertex 6.54019 39.5 6.35
    endloop
  endfacet
  facet normal -0.193714 -0.981058 0
    outer loop
      vertex 6.72235 39.3602 6
      vertex 6.76084 39.3526 6.35
      vertex 6.72235 39.3602 6.35
    endloop
  endfacet
  facet normal -0.193714 -0.981058 -0
    outer loop
      vertex 6.76084 39.3526 6.35
      vertex 6.72235 39.3602 6
      vertex 6.76084 39.3526 6
    endloop
  endfacet
  facet normal 0.321194 -0.947013 0
    outer loop
      vertex 7.77765 39.3602 6
      vertex 7.8148 39.3728 6.35
      vertex 7.77765 39.3602 6.35
    endloop
  endfacet
  facet normal 0.321194 -0.947013 0
    outer loop
      vertex 7.8148 39.3728 6.35
      vertex 7.77765 39.3602 6
      vertex 7.8148 39.3728 6
    endloop
  endfacet
  facet normal 0.443134 0.896455 -0
    outer loop
      vertex 7.85 41.7098 6
      vertex 7.8148 41.7272 6.35
      vertex 7.85 41.7098 6.35
    endloop
  endfacet
  facet normal 0.443134 0.896455 0
    outer loop
      vertex 7.8148 41.7272 6.35
      vertex 7.85 41.7098 6
      vertex 7.8148 41.7272 6
    endloop
  endfacet
  facet normal 0.831265 0.555877 0
    outer loop
      vertex 7.95981 41.6 6.35
      vertex 7.93801 41.6326 6
      vertex 7.93801 41.6326 6.35
    endloop
  endfacet
  facet normal 0.831265 0.555877 0
    outer loop
      vertex 7.93801 41.6326 6
      vertex 7.95981 41.6 6.35
      vertex 7.95981 41.6 6
    endloop
  endfacet
  facet normal -0.555523 -0.831501 0
    outer loop
      vertex 6.61737 39.412 6
      vertex 6.65 39.3902 6.35
      vertex 6.61737 39.412 6.35
    endloop
  endfacet
  facet normal -0.555523 -0.831501 -0
    outer loop
      vertex 6.65 39.3902 6.35
      vertex 6.61737 39.412 6
      vertex 6.65 39.3902 6
    endloop
  endfacet
  facet normal -0.321117 -0.94704 0
    outer loop
      vertex 6.68519 39.3728 6
      vertex 6.72235 39.3602 6.35
      vertex 6.68519 39.3728 6.35
    endloop
  endfacet
  facet normal -0.321117 -0.94704 -0
    outer loop
      vertex 6.72235 39.3602 6.35
      vertex 6.68519 39.3728 6
      vertex 6.72235 39.3602 6
    endloop
  endfacet
  facet normal -0.443235 -0.896405 0
    outer loop
      vertex 6.65 39.3902 6
      vertex 6.68519 39.3728 6.35
      vertex 6.65 39.3902 6.35
    endloop
  endfacet
  facet normal -0.443235 -0.896405 -0
    outer loop
      vertex 6.68519 39.3728 6.35
      vertex 6.65 39.3902 6
      vertex 6.68519 39.3728 6
    endloop
  endfacet
  facet normal 0 -1 0
    outer loop
      vertex 8 35.55 0
      vertex 24.85 35.55 3
      vertex 8 35.55 3
    endloop
  endfacet
  facet normal 0 -1 -0
    outer loop
      vertex 24.85 35.55 3
      vertex 8 35.55 0
      vertex 24.85 35.55 0
    endloop
  endfacet
  facet normal 0 1 -0
    outer loop
      vertex 24.85 45.55 0
      vertex 8 45.55 3
      vertex 24.85 45.55 3
    endloop
  endfacet
  facet normal 0 1 0
    outer loop
      vertex 8 45.55 3
      vertex 24.85 45.55 0
      vertex 8 45.55 0
    endloop
  endfacet
  facet normal 0 -0.948683 -0.316228
    outer loop
      vertex 183.3 32.55 0
      vertex 191.3 30.55 6
      vertex 183.3 30.55 6
    endloop
  endfacet
  facet normal 0 -0.948683 -0.316228
    outer loop
      vertex 191.3 30.55 6
      vertex 183.3 32.55 0
      vertex 191.3 32.55 0
    endloop
  endfacet
  facet normal 0 0.948683 -0.316228
    outer loop
      vertex 191.3 42.55 6
      vertex 183.3 41.55 3
      vertex 183.3 42.55 6
    endloop
  endfacet
  facet normal 0 0.948683 -0.316228
    outer loop
      vertex 191.3 40.55 0
      vertex 183.3 41.55 3
      vertex 191.3 42.55 6
    endloop
  endfacet
  facet normal 0 0.948683 -0.316228
    outer loop
      vertex 183.3 41.55 3
      vertex 191.3 40.55 0
      vertex 183.3 40.55 0
    endloop
  endfacet
  facet normal -1 0 0
    outer loop
      vertex 183.3 35.55 0
      vertex 183.3 32.55 0
      vertex 183.3 35.55 3
    endloop
  endfacet
  facet normal -1 0 0
    outer loop
      vertex 183.3 41.55 3
      vertex 183.3 41.45 6
      vertex 183.3 42.55 6
    endloop
  endfacet
  facet normal -1 0 0
    outer loop
      vertex 183.3 41.45 6
      vertex 183.3 39.65 6
      vertex 183.3 41.45 6.35
    endloop
  endfacet
  facet normal -1 0 0
    outer loop
      vertex 183.3 41.55 3
      vertex 183.3 39.65 6
      vertex 183.3 41.45 6
    endloop
  endfacet
  facet normal -1 0 0
    outer loop
      vertex 183.3 35.55 3
      vertex 183.3 39.65 6
      vertex 183.3 41.55 3
    endloop
  endfacet
  facet normal -1 0 0
    outer loop
      vertex 183.3 35.55 3
      vertex 183.3 30.55 6
      vertex 183.3 39.65 6
    endloop
  endfacet
  facet normal -1 0 0
    outer loop
      vertex 183.3 30.55 6
      vertex 183.3 35.55 3
      vertex 183.3 32.55 0
    endloop
  endfacet
  facet normal -1 -0 0
    outer loop
      vertex 183.3 41.45 6.35
      vertex 183.3 39.65 6
      vertex 183.3 39.65 6.35
    endloop
  endfacet
  facet normal 1 -0 0
    outer loop
      vertex 183.3 41.55 3
      vertex 183.3 45.55 0
      vertex 183.3 45.55 3
    endloop
  endfacet
  facet normal 1 0 0
    outer loop
      vertex 183.3 45.55 0
      vertex 183.3 41.55 3
      vertex 183.3 40.55 0
    endloop
  endfacet
  facet normal 1 0 0
    outer loop
      vertex 191.3 42.55 6
      vertex 191.3 32.55 0
      vertex 191.3 40.55 0
    endloop
  endfacet
  facet normal 1 0 -0
    outer loop
      vertex 191.3 32.55 0
      vertex 191.3 42.55 6
      vertex 191.3 30.55 6
    endloop
  endfacet
  facet normal 0 0 1
    outer loop
      vertex 184.8 39.65 6
      vertex 191.3 42.55 6
      vertex 184.8 41.45 6
    endloop
  endfacet
  facet normal 0 0 1
    outer loop
      vertex 191.3 42.55 6
      vertex 184.797 41.4892 6
      vertex 184.8 41.45 6
    endloop
  endfacet
  facet normal 0 0 1
    outer loop
      vertex 191.3 42.55 6
      vertex 184.79 41.5276 6
      vertex 184.797 41.4892 6
    endloop
  endfacet
  facet normal 0 0 1
    outer loop
      vertex 191.3 42.55 6
      vertex 184.777 41.5648 6
      vertex 184.79 41.5276 6
    endloop
  endfacet
  facet normal 0 0 1
    outer loop
      vertex 191.3 42.55 6
      vertex 184.76 41.6 6
      vertex 184.777 41.5648 6
    endloop
  endfacet
  facet normal 0 0 1
    outer loop
      vertex 191.3 42.55 6
      vertex 184.738 41.6326 6
      vertex 184.76 41.6 6
    endloop
  endfacet
  facet normal 0 0 1
    outer loop
      vertex 191.3 42.55 6
      vertex 184.712 41.6621 6
      vertex 184.738 41.6326 6
    endloop
  endfacet
  facet normal 0 0 1
    outer loop
      vertex 191.3 42.55 6
      vertex 184.683 41.688 6
      vertex 184.712 41.6621 6
    endloop
  endfacet
  facet normal 0 0 1
    outer loop
      vertex 191.3 42.55 6
      vertex 184.65 41.7098 6
      vertex 184.683 41.688 6
    endloop
  endfacet
  facet normal 0 0 1
    outer loop
      vertex 191.3 42.55 6
      vertex 184.615 41.7272 6
      vertex 184.65 41.7098 6
    endloop
  endfacet
  facet normal -0 0 1
    outer loop
      vertex 183.3 42.55 6
      vertex 184.615 41.7272 6
      vertex 191.3 42.55 6
    endloop
  endfacet
  facet normal 0 0 1
    outer loop
      vertex 184.615 41.7272 6
      vertex 183.3 42.55 6
      vertex 184.578 41.7398 6
    endloop
  endfacet
  facet normal 0 0 1
    outer loop
      vertex 184.578 41.7398 6
      vertex 183.3 42.55 6
      vertex 184.539 41.7474 6
    endloop
  endfacet
  facet normal 0 0 1
    outer loop
      vertex 184.539 41.7474 6
      vertex 183.3 42.55 6
      vertex 184.5 41.75 6
    endloop
  endfacet
  facet normal 0 0 1
    outer loop
      vertex 184.5 41.75 6
      vertex 183.3 42.55 6
      vertex 183.6 41.75 6
    endloop
  endfacet
  facet normal 0 0 1
    outer loop
      vertex 183.6 41.75 6
      vertex 183.3 42.55 6
      vertex 183.561 41.7474 6
    endloop
  endfacet
  facet normal 0 0 1
    outer loop
      vertex 183.3 42.55 6
      vertex 183.522 41.7398 6
      vertex 183.561 41.7474 6
    endloop
  endfacet
  facet normal 0 0 1
    outer loop
      vertex 183.3 42.55 6
      vertex 183.485 41.7272 6
      vertex 183.522 41.7398 6
    endloop
  endfacet
  facet normal 0 0 1
    outer loop
      vertex 183.3 42.55 6
      vertex 183.45 41.7098 6
      vertex 183.485 41.7272 6
    endloop
  endfacet
  facet normal 0 0 1
    outer loop
      vertex 183.3 42.55 6
      vertex 183.417 41.688 6
      vertex 183.45 41.7098 6
    endloop
  endfacet
  facet normal 0 0 1
    outer loop
      vertex 183.3 42.55 6
      vertex 183.388 41.6621 6
      vertex 183.417 41.688 6
    endloop
  endfacet
  facet normal 0 0 1
    outer loop
      vertex 183.3 42.55 6
      vertex 183.362 41.6326 6
      vertex 183.388 41.6621 6
    endloop
  endfacet
  facet normal 0 0 1
    outer loop
      vertex 183.3 42.55 6
      vertex 183.34 41.6 6
      vertex 183.362 41.6326 6
    endloop
  endfacet
  facet normal 0 0 1
    outer loop
      vertex 183.3 42.55 6
      vertex 183.323 41.5648 6
      vertex 183.34 41.6 6
    endloop
  endfacet
  facet normal 0 0 1
    outer loop
      vertex 183.3 42.55 6
      vertex 183.31 41.5276 6
      vertex 183.323 41.5648 6
    endloop
  endfacet
  facet normal 0 0 1
    outer loop
      vertex 183.3 42.55 6
      vertex 183.303 41.4892 6
      vertex 183.31 41.5276 6
    endloop
  endfacet
  facet normal 0 0 1
    outer loop
      vertex 183.303 41.4892 6
      vertex 183.3 42.55 6
      vertex 183.3 41.45 6
    endloop
  endfacet
  facet normal 0 0 1
    outer loop
      vertex 184.797 39.6108 6
      vertex 191.3 42.55 6
      vertex 184.8 39.65 6
    endloop
  endfacet
  facet normal 0 0 1
    outer loop
      vertex 184.79 39.5724 6
      vertex 191.3 42.55 6
      vertex 184.797 39.6108 6
    endloop
  endfacet
  facet normal 0 0 1
    outer loop
      vertex 184.777 39.5352 6
      vertex 191.3 42.55 6
      vertex 184.79 39.5724 6
    endloop
  endfacet
  facet normal 0 0 1
    outer loop
      vertex 184.76 39.5 6
      vertex 191.3 42.55 6
      vertex 184.777 39.5352 6
    endloop
  endfacet
  facet normal 0 0 1
    outer loop
      vertex 191.3 42.55 6
      vertex 184.76 39.5 6
      vertex 191.3 30.55 6
    endloop
  endfacet
  facet normal -0 0 1
    outer loop
      vertex 184.738 39.4674 6
      vertex 191.3 30.55 6
      vertex 184.76 39.5 6
    endloop
  endfacet
  facet normal -0 0 1
    outer loop
      vertex 184.712 39.4379 6
      vertex 191.3 30.55 6
      vertex 184.738 39.4674 6
    endloop
  endfacet
  facet normal -0 0 1
    outer loop
      vertex 184.683 39.412 6
      vertex 191.3 30.55 6
      vertex 184.712 39.4379 6
    endloop
  endfacet
  facet normal -0 0 1
    outer loop
      vertex 184.65 39.3902 6
      vertex 191.3 30.55 6
      vertex 184.683 39.412 6
    endloop
  endfacet
  facet normal 0 0 1
    outer loop
      vertex 183.3 30.55 6
      vertex 184.65 39.3902 6
      vertex 184.615 39.3728 6
    endloop
  endfacet
  facet normal 0 0 1
    outer loop
      vertex 183.3 30.55 6
      vertex 184.615 39.3728 6
      vertex 184.578 39.3602 6
    endloop
  endfacet
  facet normal 0 0 1
    outer loop
      vertex 183.3 30.55 6
      vertex 184.578 39.3602 6
      vertex 184.539 39.3526 6
    endloop
  endfacet
  facet normal 0 0 1
    outer loop
      vertex 183.3 30.55 6
      vertex 184.539 39.3526 6
      vertex 184.5 39.35 6
    endloop
  endfacet
  facet normal 0 0 1
    outer loop
      vertex 183.3 30.55 6
      vertex 184.5 39.35 6
      vertex 183.6 39.35 6
    endloop
  endfacet
  facet normal 0 0 1
    outer loop
      vertex 183.3 30.55 6
      vertex 183.6 39.35 6
      vertex 183.561 39.3526 6
    endloop
  endfacet
  facet normal 0 0 1
    outer loop
      vertex 183.3 30.55 6
      vertex 183.561 39.3526 6
      vertex 183.522 39.3602 6
    endloop
  endfacet
  facet normal 0 0 1
    outer loop
      vertex 183.3 30.55 6
      vertex 183.522 39.3602 6
      vertex 183.485 39.3728 6
    endloop
  endfacet
  facet normal 0 0 1
    outer loop
      vertex 183.3 30.55 6
      vertex 183.485 39.3728 6
      vertex 183.45 39.3902 6
    endloop
  endfacet
  facet normal 0 0 1
    outer loop
      vertex 183.3 30.55 6
      vertex 183.45 39.3902 6
      vertex 183.417 39.412 6
    endloop
  endfacet
  facet normal 0 0 1
    outer loop
      vertex 183.3 30.55 6
      vertex 183.417 39.412 6
      vertex 183.388 39.4379 6
    endloop
  endfacet
  facet normal 0 0 1
    outer loop
      vertex 184.65 39.3902 6
      vertex 183.3 30.55 6
      vertex 191.3 30.55 6
    endloop
  endfacet
  facet normal 0 0 1
    outer loop
      vertex 183.362 39.4674 6
      vertex 183.3 30.55 6
      vertex 183.388 39.4379 6
    endloop
  endfacet
  facet normal 0 0 1
    outer loop
      vertex 183.34 39.5 6
      vertex 183.3 30.55 6
      vertex 183.362 39.4674 6
    endloop
  endfacet
  facet normal 0 0 1
    outer loop
      vertex 183.323 39.5352 6
      vertex 183.3 30.55 6
      vertex 183.34 39.5 6
    endloop
  endfacet
  facet normal 0 0 1
    outer loop
      vertex 183.31 39.5724 6
      vertex 183.3 30.55 6
      vertex 183.323 39.5352 6
    endloop
  endfacet
  facet normal 0 0 1
    outer loop
      vertex 183.303 39.6108 6
      vertex 183.3 30.55 6
      vertex 183.31 39.5724 6
    endloop
  endfacet
  facet normal 0 0 1
    outer loop
      vertex 183.3 30.55 6
      vertex 183.303 39.6108 6
      vertex 183.3 39.65 6
    endloop
  endfacet
  facet normal 0 0 1
    outer loop
      vertex 184.5 41.75 6.35
      vertex 184.8 41.45 6.35
      vertex 184.797 41.4892 6.35
    endloop
  endfacet
  facet normal 0 0 1
    outer loop
      vertex 184.8 41.45 6.35
      vertex 183.3 41.45 6.35
      vertex 184.8 39.65 6.35
    endloop
  endfacet
  facet normal 0 0 1
    outer loop
      vertex 184.5 41.75 6.35
      vertex 184.797 41.4892 6.35
      vertex 184.79 41.5276 6.35
    endloop
  endfacet
  facet normal 0 0 1
    outer loop
      vertex 183.3 39.65 6.35
      vertex 184.8 39.65 6.35
      vertex 183.3 41.45 6.35
    endloop
  endfacet
  facet normal 0 0 1
    outer loop
      vertex 184.5 41.75 6.35
      vertex 184.79 41.5276 6.35
      vertex 184.777 41.5648 6.35
    endloop
  endfacet
  facet normal 0 -0 1
    outer loop
      vertex 184.5 39.35 6.35
      vertex 184.8 39.65 6.35
      vertex 183.3 39.65 6.35
    endloop
  endfacet
  facet normal 0 0 1
    outer loop
      vertex 184.5 41.75 6.35
      vertex 184.777 41.5648 6.35
      vertex 184.76 41.6 6.35
    endloop
  endfacet
  facet normal 0 0 1
    outer loop
      vertex 184.8 39.65 6.35
      vertex 184.5 39.35 6.35
      vertex 184.797 39.6108 6.35
    endloop
  endfacet
  facet normal 0 0 1
    outer loop
      vertex 184.5 41.75 6.35
      vertex 184.76 41.6 6.35
      vertex 184.738 41.6326 6.35
    endloop
  endfacet
  facet normal 0 0 1
    outer loop
      vertex 184.797 39.6108 6.35
      vertex 184.5 39.35 6.35
      vertex 184.79 39.5724 6.35
    endloop
  endfacet
  facet normal 0 0 1
    outer loop
      vertex 184.5 41.75 6.35
      vertex 184.738 41.6326 6.35
      vertex 184.712 41.6621 6.35
    endloop
  endfacet
  facet normal 0 0 1
    outer loop
      vertex 184.79 39.5724 6.35
      vertex 184.5 39.35 6.35
      vertex 184.777 39.5352 6.35
    endloop
  endfacet
  facet normal 0 0 1
    outer loop
      vertex 184.5 41.75 6.35
      vertex 184.712 41.6621 6.35
      vertex 184.683 41.688 6.35
    endloop
  endfacet
  facet normal 0 0 1
    outer loop
      vertex 184.8 41.45 6.35
      vertex 184.5 41.75 6.35
      vertex 183.3 41.45 6.35
    endloop
  endfacet
  facet normal 0 0 1
    outer loop
      vertex 184.5 41.75 6.35
      vertex 184.683 41.688 6.35
      vertex 184.65 41.7098 6.35
    endloop
  endfacet
  facet normal 0 0 1
    outer loop
      vertex 184.777 39.5352 6.35
      vertex 184.5 39.35 6.35
      vertex 184.76 39.5 6.35
    endloop
  endfacet
  facet normal 0 0 1
    outer loop
      vertex 184.5 41.75 6.35
      vertex 184.65 41.7098 6.35
      vertex 184.615 41.7272 6.35
    endloop
  endfacet
  facet normal 0 0 1
    outer loop
      vertex 184.712 39.4379 6.35
      vertex 184.5 39.35 6.35
      vertex 184.683 39.412 6.35
    endloop
  endfacet
  facet normal 0 0 1
    outer loop
      vertex 184.5 41.75 6.35
      vertex 184.615 41.7272 6.35
      vertex 184.578 41.7398 6.35
    endloop
  endfacet
  facet normal 0 0 1
    outer loop
      vertex 184.683 39.412 6.35
      vertex 184.5 39.35 6.35
      vertex 184.65 39.3902 6.35
    endloop
  endfacet
  facet normal 0 0 1
    outer loop
      vertex 184.5 41.75 6.35
      vertex 184.578 41.7398 6.35
      vertex 184.539 41.7474 6.35
    endloop
  endfacet
  facet normal 0 0 1
    outer loop
      vertex 184.65 39.3902 6.35
      vertex 184.5 39.35 6.35
      vertex 184.615 39.3728 6.35
    endloop
  endfacet
  facet normal 0 0 1
    outer loop
      vertex 184.615 39.3728 6.35
      vertex 184.5 39.35 6.35
      vertex 184.578 39.3602 6.35
    endloop
  endfacet
  facet normal 0 0 1
    outer loop
      vertex 184.578 39.3602 6.35
      vertex 184.5 39.35 6.35
      vertex 184.539 39.3526 6.35
    endloop
  endfacet
  facet normal 0 0 1
    outer loop
      vertex 183.3 41.45 6.35
      vertex 184.5 41.75 6.35
      vertex 183.6 41.75 6.35
    endloop
  endfacet
  facet normal 0 0 1
    outer loop
      vertex 184.76 39.5 6.35
      vertex 184.5 39.35 6.35
      vertex 184.738 39.4674 6.35
    endloop
  endfacet
  facet normal 0 0 1
    outer loop
      vertex 183.3 41.45 6.35
      vertex 183.6 41.75 6.35
      vertex 183.561 41.7474 6.35
    endloop
  endfacet
  facet normal 0 0 1
    outer loop
      vertex 184.738 39.4674 6.35
      vertex 184.5 39.35 6.35
      vertex 184.712 39.4379 6.35
    endloop
  endfacet
  facet normal 0 0 1
    outer loop
      vertex 183.3 41.45 6.35
      vertex 183.561 41.7474 6.35
      vertex 183.522 41.7398 6.35
    endloop
  endfacet
  facet normal 0 0 1
    outer loop
      vertex 184.5 39.35 6.35
      vertex 183.3 39.65 6.35
      vertex 183.6 39.35 6.35
    endloop
  endfacet
  facet normal 0 0 1
    outer loop
      vertex 183.3 41.45 6.35
      vertex 183.522 41.7398 6.35
      vertex 183.485 41.7272 6.35
    endloop
  endfacet
  facet normal 0 0 1
    outer loop
      vertex 183.6 39.35 6.35
      vertex 183.3 39.65 6.35
      vertex 183.561 39.3526 6.35
    endloop
  endfacet
  facet normal 0 0 1
    outer loop
      vertex 183.3 41.45 6.35
      vertex 183.485 41.7272 6.35
      vertex 183.45 41.7098 6.35
    endloop
  endfacet
  facet normal 0 0 1
    outer loop
      vertex 183.561 39.3526 6.35
      vertex 183.3 39.65 6.35
      vertex 183.522 39.3602 6.35
    endloop
  endfacet
  facet normal 0 0 1
    outer loop
      vertex 183.3 41.45 6.35
      vertex 183.45 41.7098 6.35
      vertex 183.417 41.688 6.35
    endloop
  endfacet
  facet normal 0 0 1
    outer loop
      vertex 183.522 39.3602 6.35
      vertex 183.3 39.65 6.35
      vertex 183.485 39.3728 6.35
    endloop
  endfacet
  facet normal 0 0 1
    outer loop
      vertex 183.3 41.45 6.35
      vertex 183.417 41.688 6.35
      vertex 183.388 41.6621 6.35
    endloop
  endfacet
  facet normal 0 0 1
    outer loop
      vertex 183.485 39.3728 6.35
      vertex 183.3 39.65 6.35
      vertex 183.45 39.3902 6.35
    endloop
  endfacet
  facet normal 0 0 1
    outer loop
      vertex 183.3 41.45 6.35
      vertex 183.388 41.6621 6.35
      vertex 183.362 41.6326 6.35
    endloop
  endfacet
  facet normal 0 0 1
    outer loop
      vertex 183.45 39.3902 6.35
      vertex 183.3 39.65 6.35
      vertex 183.417 39.412 6.35
    endloop
  endfacet
  facet normal 0 0 1
    outer loop
      vertex 183.3 41.45 6.35
      vertex 183.362 41.6326 6.35
      vertex 183.34 41.6 6.35
    endloop
  endfacet
  facet normal 0 0 1
    outer loop
      vertex 183.417 39.412 6.35
      vertex 183.3 39.65 6.35
      vertex 183.388 39.4379 6.35
    endloop
  endfacet
  facet normal 0 0 1
    outer loop
      vertex 183.3 41.45 6.35
      vertex 183.34 41.6 6.35
      vertex 183.323 41.5648 6.35
    endloop
  endfacet
  facet normal 0 0 1
    outer loop
      vertex 183.388 39.4379 6.35
      vertex 183.3 39.65 6.35
      vertex 183.362 39.4674 6.35
    endloop
  endfacet
  facet normal 0 0 1
    outer loop
      vertex 183.3 41.45 6.35
      vertex 183.323 41.5648 6.35
      vertex 183.31 41.5276 6.35
    endloop
  endfacet
  facet normal 0 0 1
    outer loop
      vertex 183.362 39.4674 6.35
      vertex 183.3 39.65 6.35
      vertex 183.34 39.5 6.35
    endloop
  endfacet
  facet normal 0 0 1
    outer loop
      vertex 183.3 41.45 6.35
      vertex 183.31 41.5276 6.35
      vertex 183.303 41.4892 6.35
    endloop
  endfacet
  facet normal 0 0 1
    outer loop
      vertex 183.34 39.5 6.35
      vertex 183.3 39.65 6.35
      vertex 183.323 39.5352 6.35
    endloop
  endfacet
  facet normal 0 0 1
    outer loop
      vertex 183.323 39.5352 6.35
      vertex 183.3 39.65 6.35
      vertex 183.31 39.5724 6.35
    endloop
  endfacet
  facet normal 0 0 1
    outer loop
      vertex 183.31 39.5724 6.35
      vertex 183.3 39.65 6.35
      vertex 183.303 39.6108 6.35
    endloop
  endfacet
  facet normal -0.066519 0.997785 0
    outer loop
      vertex 183.6 41.75 6
      vertex 183.561 41.7474 6.35
      vertex 183.6 41.75 6.35
    endloop
  endfacet
  facet normal -0.066519 0.997785 0
    outer loop
      vertex 183.561 41.7474 6.35
      vertex 183.6 41.75 6
      vertex 183.561 41.7474 6
    endloop
  endfacet
  facet normal 0.666118 0.745846 -0
    outer loop
      vertex 184.712 41.6621 6
      vertex 184.683 41.688 6.35
      vertex 184.712 41.6621 6.35
    endloop
  endfacet
  facet normal 0.666118 0.745846 0
    outer loop
      vertex 184.683 41.688 6.35
      vertex 184.712 41.6621 6
      vertex 184.683 41.688 6
    endloop
  endfacet
  facet normal 0.900483 0.434892 0
    outer loop
      vertex 184.777 41.5648 6.35
      vertex 184.76 41.6 6
      vertex 184.76 41.6 6.35
    endloop
  endfacet
  facet normal 0.900483 0.434892 0
    outer loop
      vertex 184.76 41.6 6
      vertex 184.777 41.5648 6.35
      vertex 184.777 41.5648 6
    endloop
  endfacet
  facet normal 1 -0 0
    outer loop
      vertex 184.8 39.65 6.35
      vertex 184.8 41.45 6
      vertex 184.8 41.45 6.35
    endloop
  endfacet
  facet normal 1 0 0
    outer loop
      vertex 184.8 41.45 6
      vertex 184.8 39.65 6.35
      vertex 184.8 39.65 6
    endloop
  endfacet
  facet normal 0.997084 -0.0763075 0
    outer loop
      vertex 184.797 39.6108 6.35
      vertex 184.8 39.65 6
      vertex 184.8 39.65 6.35
    endloop
  endfacet
  facet normal 0.997084 -0.0763075 0
    outer loop
      vertex 184.8 39.65 6
      vertex 184.797 39.6108 6.35
      vertex 184.797 39.6108 6
    endloop
  endfacet
  facet normal 0.997084 0.0763075 0
    outer loop
      vertex 184.8 41.45 6.35
      vertex 184.797 41.4892 6
      vertex 184.797 41.4892 6.35
    endloop
  endfacet
  facet normal 0.997084 0.0763075 0
    outer loop
      vertex 184.797 41.4892 6
      vertex 184.8 41.45 6.35
      vertex 184.8 41.45 6
    endloop
  endfacet
  facet normal -0.066519 -0.997785 0
    outer loop
      vertex 183.561 39.3526 6
      vertex 183.6 39.35 6.35
      vertex 183.561 39.3526 6.35
    endloop
  endfacet
  facet normal -0.066519 -0.997785 -0
    outer loop
      vertex 183.6 39.35 6.35
      vertex 183.561 39.3526 6
      vertex 183.6 39.35 6
    endloop
  endfacet
  facet normal -0.997084 -0.0763075 0
    outer loop
      vertex 183.303 39.6108 6
      vertex 183.3 39.65 6.35
      vertex 183.3 39.65 6
    endloop
  endfacet
  facet normal -0.997084 -0.0763075 0
    outer loop
      vertex 183.3 39.65 6.35
      vertex 183.303 39.6108 6
      vertex 183.303 39.6108 6.35
    endloop
  endfacet
  facet normal 0.191274 0.981537 -0
    outer loop
      vertex 184.578 41.7398 6
      vertex 184.539 41.7474 6.35
      vertex 184.578 41.7398 6.35
    endloop
  endfacet
  facet normal 0.191274 0.981537 0
    outer loop
      vertex 184.539 41.7474 6.35
      vertex 184.578 41.7398 6
      vertex 184.539 41.7474 6
    endloop
  endfacet
  facet normal -0.997084 0.0763075 0
    outer loop
      vertex 183.3 41.45 6
      vertex 183.303 41.4892 6.35
      vertex 183.303 41.4892 6
    endloop
  endfacet
  facet normal -0.997084 0.0763075 0
    outer loop
      vertex 183.303 41.4892 6.35
      vertex 183.3 41.45 6
      vertex 183.3 41.45 6.35
    endloop
  endfacet
  facet normal 0.983788 0.179336 0
    outer loop
      vertex 184.797 41.4892 6.35
      vertex 184.79 41.5276 6
      vertex 184.79 41.5276 6.35
    endloop
  endfacet
  facet normal 0.983788 0.179336 0
    outer loop
      vertex 184.79 41.5276 6
      vertex 184.797 41.4892 6.35
      vertex 184.797 41.4892 6
    endloop
  endfacet
  facet normal 0.944016 -0.329898 0
    outer loop
      vertex 184.777 39.5352 6.35
      vertex 184.79 39.5724 6
      vertex 184.79 39.5724 6.35
    endloop
  endfacet
  facet normal 0.944016 -0.329898 0
    outer loop
      vertex 184.79 39.5724 6
      vertex 184.777 39.5352 6.35
      vertex 184.777 39.5352 6
    endloop
  endfacet
  facet normal -0.944016 -0.329898 0
    outer loop
      vertex 183.323 39.5352 6
      vertex 183.31 39.5724 6.35
      vertex 183.31 39.5724 6
    endloop
  endfacet
  facet normal -0.944016 -0.329898 0
    outer loop
      vertex 183.31 39.5724 6.35
      vertex 183.323 39.5352 6
      vertex 183.323 39.5352 6.35
    endloop
  endfacet
  facet normal 0.551194 0.834377 -0
    outer loop
      vertex 184.683 41.688 6
      vertex 184.65 41.7098 6.35
      vertex 184.683 41.688 6.35
    endloop
  endfacet
  facet normal 0.551194 0.834377 0
    outer loop
      vertex 184.65 41.7098 6.35
      vertex 184.683 41.688 6
      vertex 184.65 41.7098 6
    endloop
  endfacet
  facet normal -0.445166 0.895448 0
    outer loop
      vertex 183.485 41.7272 6
      vertex 183.45 41.7098 6.35
      vertex 183.485 41.7272 6.35
    endloop
  endfacet
  facet normal -0.445166 0.895448 0
    outer loop
      vertex 183.45 41.7098 6.35
      vertex 183.485 41.7272 6
      vertex 183.45 41.7098 6
    endloop
  endfacet
  facet normal -0.191274 0.981537 0
    outer loop
      vertex 183.561 41.7474 6
      vertex 183.522 41.7398 6.35
      vertex 183.561 41.7474 6.35
    endloop
  endfacet
  facet normal -0.191274 0.981537 0
    outer loop
      vertex 183.522 41.7398 6.35
      vertex 183.561 41.7474 6
      vertex 183.522 41.7398 6
    endloop
  endfacet
  facet normal -0.750209 0.661201 0
    outer loop
      vertex 183.362 41.6326 6
      vertex 183.388 41.6621 6.35
      vertex 183.388 41.6621 6
    endloop
  endfacet
  facet normal -0.750209 0.661201 0
    outer loop
      vertex 183.388 41.6621 6.35
      vertex 183.362 41.6326 6
      vertex 183.362 41.6326 6.35
    endloop
  endfacet
  facet normal -0.944016 0.329898 0
    outer loop
      vertex 183.31 41.5276 6
      vertex 183.323 41.5648 6.35
      vertex 183.323 41.5648 6
    endloop
  endfacet
  facet normal -0.944016 0.329898 0
    outer loop
      vertex 183.323 41.5648 6.35
      vertex 183.31 41.5276 6
      vertex 183.31 41.5276 6.35
    endloop
  endfacet
  facet normal -0.828908 0.559386 0
    outer loop
      vertex 183.34 41.6 6
      vertex 183.362 41.6326 6.35
      vertex 183.362 41.6326 6
    endloop
  endfacet
  facet normal -0.828908 0.559386 0
    outer loop
      vertex 183.362 41.6326 6.35
      vertex 183.34 41.6 6
      vertex 183.34 41.6 6.35
    endloop
  endfacet
  facet normal -0.983788 0.179336 0
    outer loop
      vertex 183.303 41.4892 6
      vertex 183.31 41.5276 6.35
      vertex 183.31 41.5276 6
    endloop
  endfacet
  facet normal -0.983788 0.179336 0
    outer loop
      vertex 183.31 41.5276 6.35
      vertex 183.303 41.4892 6
      vertex 183.303 41.4892 6.35
    endloop
  endfacet
  facet normal 0.944016 0.329898 0
    outer loop
      vertex 184.79 41.5276 6.35
      vertex 184.777 41.5648 6
      vertex 184.777 41.5648 6.35
    endloop
  endfacet
  facet normal 0.944016 0.329898 0
    outer loop
      vertex 184.777 41.5648 6
      vertex 184.79 41.5276 6.35
      vertex 184.79 41.5276 6
    endloop
  endfacet
  facet normal 0.983788 -0.179336 0
    outer loop
      vertex 184.79 39.5724 6.35
      vertex 184.797 39.6108 6
      vertex 184.797 39.6108 6.35
    endloop
  endfacet
  facet normal 0.983788 -0.179336 0
    outer loop
      vertex 184.797 39.6108 6
      vertex 184.79 39.5724 6.35
      vertex 184.79 39.5724 6
    endloop
  endfacet
  facet normal -0.983788 -0.179336 0
    outer loop
      vertex 183.31 39.5724 6
      vertex 183.303 39.6108 6.35
      vertex 183.303 39.6108 6
    endloop
  endfacet
  facet normal -0.983788 -0.179336 0
    outer loop
      vertex 183.303 39.6108 6.35
      vertex 183.31 39.5724 6
      vertex 183.31 39.5724 6.35
    endloop
  endfacet
  facet normal 0.900483 -0.434892 0
    outer loop
      vertex 184.76 39.5 6.35
      vertex 184.777 39.5352 6
      vertex 184.777 39.5352 6.35
    endloop
  endfacet
  facet normal 0.900483 -0.434892 0
    outer loop
      vertex 184.777 39.5352 6
      vertex 184.76 39.5 6.35
      vertex 184.76 39.5 6
    endloop
  endfacet
  facet normal 0.828908 -0.559386 0
    outer loop
      vertex 184.738 39.4674 6.35
      vertex 184.76 39.5 6
      vertex 184.76 39.5 6.35
    endloop
  endfacet
  facet normal 0.828908 -0.559386 0
    outer loop
      vertex 184.76 39.5 6
      vertex 184.738 39.4674 6.35
      vertex 184.738 39.4674 6
    endloop
  endfacet
  facet normal -0.322361 0.946617 0
    outer loop
      vertex 183.522 41.7398 6
      vertex 183.485 41.7272 6.35
      vertex 183.522 41.7398 6.35
    endloop
  endfacet
  facet normal -0.322361 0.946617 0
    outer loop
      vertex 183.485 41.7272 6.35
      vertex 183.522 41.7398 6
      vertex 183.485 41.7272 6
    endloop
  endfacet
  facet normal -0.666118 0.745846 0
    outer loop
      vertex 183.417 41.688 6
      vertex 183.388 41.6621 6.35
      vertex 183.417 41.688 6.35
    endloop
  endfacet
  facet normal -0.666118 0.745846 0
    outer loop
      vertex 183.388 41.6621 6.35
      vertex 183.417 41.688 6
      vertex 183.388 41.6621 6
    endloop
  endfacet
  facet normal -0.551194 0.834377 0
    outer loop
      vertex 183.45 41.7098 6
      vertex 183.417 41.688 6.35
      vertex 183.45 41.7098 6.35
    endloop
  endfacet
  facet normal -0.551194 0.834377 0
    outer loop
      vertex 183.417 41.688 6.35
      vertex 183.45 41.7098 6
      vertex 183.417 41.688 6
    endloop
  endfacet
  facet normal -0.900483 0.434892 0
    outer loop
      vertex 183.323 41.5648 6
      vertex 183.34 41.6 6.35
      vertex 183.34 41.6 6
    endloop
  endfacet
  facet normal -0.900483 0.434892 0
    outer loop
      vertex 183.34 41.6 6.35
      vertex 183.323 41.5648 6
      vertex 183.323 41.5648 6.35
    endloop
  endfacet
  facet normal -0.828908 -0.559386 0
    outer loop
      vertex 183.362 39.4674 6
      vertex 183.34 39.5 6.35
      vertex 183.34 39.5 6
    endloop
  endfacet
  facet normal -0.828908 -0.559386 0
    outer loop
      vertex 183.34 39.5 6.35
      vertex 183.362 39.4674 6
      vertex 183.362 39.4674 6.35
    endloop
  endfacet
  facet normal -0.750209 -0.661201 0
    outer loop
      vertex 183.388 39.4379 6
      vertex 183.362 39.4674 6.35
      vertex 183.362 39.4674 6
    endloop
  endfacet
  facet normal -0.750209 -0.661201 0
    outer loop
      vertex 183.362 39.4674 6.35
      vertex 183.388 39.4379 6
      vertex 183.388 39.4379 6.35
    endloop
  endfacet
  facet normal -0.666118 -0.745846 0
    outer loop
      vertex 183.388 39.4379 6
      vertex 183.417 39.412 6.35
      vertex 183.388 39.4379 6.35
    endloop
  endfacet
  facet normal -0.666118 -0.745846 -0
    outer loop
      vertex 183.417 39.412 6.35
      vertex 183.388 39.4379 6
      vertex 183.417 39.412 6
    endloop
  endfacet
  facet normal -0.191274 -0.981537 0
    outer loop
      vertex 183.522 39.3602 6
      vertex 183.561 39.3526 6.35
      vertex 183.522 39.3602 6.35
    endloop
  endfacet
  facet normal -0.191274 -0.981537 -0
    outer loop
      vertex 183.561 39.3526 6.35
      vertex 183.522 39.3602 6
      vertex 183.561 39.3526 6
    endloop
  endfacet
  facet normal 0 -1 0
    outer loop
      vertex 183.6 39.35 6
      vertex 184.5 39.35 6.35
      vertex 183.6 39.35 6.35
    endloop
  endfacet
  facet normal 0 -1 -0
    outer loop
      vertex 184.5 39.35 6.35
      vertex 183.6 39.35 6
      vertex 184.5 39.35 6
    endloop
  endfacet
  facet normal 0.066519 -0.997785 0
    outer loop
      vertex 184.5 39.35 6
      vertex 184.539 39.3526 6.35
      vertex 184.5 39.35 6.35
    endloop
  endfacet
  facet normal 0.066519 -0.997785 0
    outer loop
      vertex 184.539 39.3526 6.35
      vertex 184.5 39.35 6
      vertex 184.539 39.3526 6
    endloop
  endfacet
  facet normal 0 1 -0
    outer loop
      vertex 184.5 41.75 6
      vertex 183.6 41.75 6.35
      vertex 184.5 41.75 6.35
    endloop
  endfacet
  facet normal 0 1 0
    outer loop
      vertex 183.6 41.75 6.35
      vertex 184.5 41.75 6
      vertex 183.6 41.75 6
    endloop
  endfacet
  facet normal 0.066519 0.997785 -0
    outer loop
      vertex 184.539 41.7474 6
      vertex 184.5 41.75 6.35
      vertex 184.539 41.7474 6.35
    endloop
  endfacet
  facet normal 0.066519 0.997785 0
    outer loop
      vertex 184.5 41.75 6.35
      vertex 184.539 41.7474 6
      vertex 184.5 41.75 6
    endloop
  endfacet
  facet normal 0.322361 0.946617 -0
    outer loop
      vertex 184.615 41.7272 6
      vertex 184.578 41.7398 6.35
      vertex 184.615 41.7272 6.35
    endloop
  endfacet
  facet normal 0.322361 0.946617 0
    outer loop
      vertex 184.578 41.7398 6.35
      vertex 184.615 41.7272 6
      vertex 184.578 41.7398 6
    endloop
  endfacet
  facet normal -0.900483 -0.434892 0
    outer loop
      vertex 183.34 39.5 6
      vertex 183.323 39.5352 6.35
      vertex 183.323 39.5352 6
    endloop
  endfacet
  facet normal -0.900483 -0.434892 0
    outer loop
      vertex 183.323 39.5352 6.35
      vertex 183.34 39.5 6
      vertex 183.34 39.5 6.35
    endloop
  endfacet
  facet normal -0.445166 -0.895448 0
    outer loop
      vertex 183.45 39.3902 6
      vertex 183.485 39.3728 6.35
      vertex 183.45 39.3902 6.35
    endloop
  endfacet
  facet normal -0.445166 -0.895448 -0
    outer loop
      vertex 183.485 39.3728 6.35
      vertex 183.45 39.3902 6
      vertex 183.485 39.3728 6
    endloop
  endfacet
  facet normal -0.322361 -0.946617 0
    outer loop
      vertex 183.485 39.3728 6
      vertex 183.522 39.3602 6.35
      vertex 183.485 39.3728 6.35
    endloop
  endfacet
  facet normal -0.322361 -0.946617 -0
    outer loop
      vertex 183.522 39.3602 6.35
      vertex 183.485 39.3728 6
      vertex 183.522 39.3602 6
    endloop
  endfacet
  facet normal -0.551194 -0.834377 0
    outer loop
      vertex 183.417 39.412 6
      vertex 183.45 39.3902 6.35
      vertex 183.417 39.412 6.35
    endloop
  endfacet
  facet normal -0.551194 -0.834377 -0
    outer loop
      vertex 183.45 39.3902 6.35
      vertex 183.417 39.412 6
      vertex 183.45 39.3902 6
    endloop
  endfacet
  facet normal 0.322361 -0.946617 0
    outer loop
      vertex 184.578 39.3602 6
      vertex 184.615 39.3728 6.35
      vertex 184.578 39.3602 6.35
    endloop
  endfacet
  facet normal 0.322361 -0.946617 0
    outer loop
      vertex 184.615 39.3728 6.35
      vertex 184.578 39.3602 6
      vertex 184.615 39.3728 6
    endloop
  endfacet
  facet normal 0.191274 -0.981537 0
    outer loop
      vertex 184.539 39.3526 6
      vertex 184.578 39.3602 6.35
      vertex 184.539 39.3526 6.35
    endloop
  endfacet
  facet normal 0.191274 -0.981537 0
    outer loop
      vertex 184.578 39.3602 6.35
      vertex 184.539 39.3526 6
      vertex 184.578 39.3602 6
    endloop
  endfacet
  facet normal 0.445166 0.895448 -0
    outer loop
      vertex 184.65 41.7098 6
      vertex 184.615 41.7272 6.35
      vertex 184.65 41.7098 6.35
    endloop
  endfacet
  facet normal 0.445166 0.895448 0
    outer loop
      vertex 184.615 41.7272 6.35
      vertex 184.65 41.7098 6
      vertex 184.615 41.7272 6
    endloop
  endfacet
  facet normal 0.750209 0.661201 0
    outer loop
      vertex 184.738 41.6326 6.35
      vertex 184.712 41.6621 6
      vertex 184.712 41.6621 6.35
    endloop
  endfacet
  facet normal 0.750209 0.661201 0
    outer loop
      vertex 184.712 41.6621 6
      vertex 184.738 41.6326 6.35
      vertex 184.738 41.6326 6
    endloop
  endfacet
  facet normal 0.828908 0.559386 0
    outer loop
      vertex 184.76 41.6 6.35
      vertex 184.738 41.6326 6
      vertex 184.738 41.6326 6.35
    endloop
  endfacet
  facet normal 0.828908 0.559386 0
    outer loop
      vertex 184.738 41.6326 6
      vertex 184.76 41.6 6.35
      vertex 184.76 41.6 6
    endloop
  endfacet
  facet normal 0.445166 -0.895448 0
    outer loop
      vertex 184.615 39.3728 6
      vertex 184.65 39.3902 6.35
      vertex 184.615 39.3728 6.35
    endloop
  endfacet
  facet normal 0.445166 -0.895448 0
    outer loop
      vertex 184.65 39.3902 6.35
      vertex 184.615 39.3728 6
      vertex 184.65 39.3902 6
    endloop
  endfacet
  facet normal 0.551194 -0.834377 0
    outer loop
      vertex 184.65 39.3902 6
      vertex 184.683 39.412 6.35
      vertex 184.65 39.3902 6.35
    endloop
  endfacet
  facet normal 0.551194 -0.834377 0
    outer loop
      vertex 184.683 39.412 6.35
      vertex 184.65 39.3902 6
      vertex 184.683 39.412 6
    endloop
  endfacet
  facet normal 0.666118 -0.745846 0
    outer loop
      vertex 184.683 39.412 6
      vertex 184.712 39.4379 6.35
      vertex 184.683 39.412 6.35
    endloop
  endfacet
  facet normal 0.666118 -0.745846 0
    outer loop
      vertex 184.712 39.4379 6.35
      vertex 184.683 39.412 6
      vertex 184.712 39.4379 6
    endloop
  endfacet
  facet normal 0.750209 -0.661201 0
    outer loop
      vertex 184.712 39.4379 6.35
      vertex 184.738 39.4674 6
      vertex 184.738 39.4674 6.35
    endloop
  endfacet
  facet normal 0.750209 -0.661201 0
    outer loop
      vertex 184.738 39.4674 6
      vertex 184.712 39.4379 6.35
      vertex 184.712 39.4379 6
    endloop
  endfacet
  facet normal 0 -1 0
    outer loop
      vertex 166.45 35.55 0
      vertex 183.3 35.55 3
      vertex 166.45 35.55 3
    endloop
  endfacet
  facet normal 0 -1 -0
    outer loop
      vertex 183.3 35.55 3
      vertex 166.45 35.55 0
      vertex 183.3 35.55 0
    endloop
  endfacet
  facet normal 0 1 -0
    outer loop
      vertex 183.3 45.55 0
      vertex 166.45 45.55 3
      vertex 183.3 45.55 3
    endloop
  endfacet
  facet normal 0 1 0
    outer loop
      vertex 166.45 45.55 3
      vertex 183.3 45.55 0
      vertex 166.45 45.55 0
    endloop
  endfacet
  facet normal 1 -0 0
    outer loop
      vertex 91.65 21.6 6.3
      vertex 91.65 24 4.1
      vertex 91.65 24 6.3
    endloop
  endfacet
  facet normal 1 0 0
    outer loop
      vertex 91.65 24 4.1
      vertex 91.65 21.6 6.3
      vertex 91.65 21.6 4.1
    endloop
  endfacet
  facet normal 0 0 -1
    outer loop
      vertex 91.65 21.6 6.3
      vertex 99.65 24 6.3
      vertex 99.65 21.6 6.3
    endloop
  endfacet
  facet normal -0 0 -1
    outer loop
      vertex 99.65 24 6.3
      vertex 91.65 21.6 6.3
      vertex 91.65 24 6.3
    endloop
  endfacet
  facet normal -1 0 0
    outer loop
      vertex 99.65 21.6 4.1
      vertex 99.65 24 6.3
      vertex 99.65 24 4.1
    endloop
  endfacet
  facet normal -1 -0 0
    outer loop
      vertex 99.65 24 6.3
      vertex 99.65 21.6 4.1
      vertex 99.65 21.6 6.3
    endloop
  endfacet
  facet normal -0 0 1
    outer loop
      vertex 91.65 24 4.1
      vertex 99.65 21.6 4.1
      vertex 99.65 24 4.1
    endloop
  endfacet
  facet normal 0 0 1
    outer loop
      vertex 99.65 21.6 4.1
      vertex 91.65 24 4.1
      vertex 91.65 21.6 4.1
    endloop
  endfacet
  facet normal 1 -0 0
    outer loop
      vertex 91.65 57.1 6.3
      vertex 91.65 59.5 4.1
      vertex 91.65 59.5 6.3
    endloop
  endfacet
  facet normal 1 0 0
    outer loop
      vertex 91.65 59.5 4.1
      vertex 91.65 57.1 6.3
      vertex 91.65 57.1 4.1
    endloop
  endfacet
  facet normal 0 0 -1
    outer loop
      vertex 91.65 57.1 6.3
      vertex 99.65 59.5 6.3
      vertex 99.65 57.1 6.3
    endloop
  endfacet
  facet normal -0 0 -1
    outer loop
      vertex 99.65 59.5 6.3
      vertex 91.65 57.1 6.3
      vertex 91.65 59.5 6.3
    endloop
  endfacet
  facet normal -1 0 0
    outer loop
      vertex 99.65 57.1 4.1
      vertex 99.65 59.5 6.3
      vertex 99.65 59.5 4.1
    endloop
  endfacet
  facet normal -1 -0 0
    outer loop
      vertex 99.65 59.5 6.3
      vertex 99.65 57.1 4.1
      vertex 99.65 57.1 6.3
    endloop
  endfacet
  facet normal -0 0 1
    outer loop
      vertex 91.65 59.5 4.1
      vertex 99.65 57.1 4.1
      vertex 99.65 59.5 4.1
    endloop
  endfacet
  facet normal 0 0 1
    outer loop
      vertex 99.65 57.1 4.1
      vertex 91.65 59.5 4.1
      vertex 91.65 57.1 4.1
    endloop
  endfacet
endsolid OpenSCAD_Model
