solid OpenSCAD_Model
  facet normal -0.866024 -0.500003 0
    outer loop
      vertex 17.25 11.8 0
      vertex 14.55 16.4765 1.8
      vertex 14.55 16.4765 0
    endloop
  endfacet
  facet normal -0.866024 -0.500003 0
    outer loop
      vertex 14.55 16.4765 1.8
      vertex 17.25 11.8 0
      vertex 17.25 11.8 1.8
    endloop
  endfacet
  facet normal 0.866024 -0.500003 0
    outer loop
      vertex 6.45 11.8 1.8
      vertex 9.15 16.4765 0
      vertex 9.15 16.4765 1.8
    endloop
  endfacet
  facet normal 0.866024 -0.500003 0
    outer loop
      vertex 9.15 16.4765 0
      vertex 6.45 11.8 1.8
      vertex 6.45 11.8 0
    endloop
  endfacet
  facet normal 0 -1 0
    outer loop
      vertex 9.15 16.4765 0
      vertex 14.55 16.4765 1.8
      vertex 9.15 16.4765 1.8
    endloop
  endfacet
  facet normal 0 -1 -0
    outer loop
      vertex 14.55 16.4765 1.8
      vertex 9.15 16.4765 0
      vertex 14.55 16.4765 0
    endloop
  endfacet
  facet normal 0.866026 0.5 0
    outer loop
      vertex 9.15 7.12346 1.8
      vertex 6.45 11.8 0
      vertex 6.45 11.8 1.8
    endloop
  endfacet
  facet normal 0.866026 0.5 0
    outer loop
      vertex 6.45 11.8 0
      vertex 9.15 7.12346 1.8
      vertex 9.15 7.12346 0
    endloop
  endfacet
  facet normal -0.866026 0.5 0
    outer loop
      vertex 14.55 7.12346 0
      vertex 17.25 11.8 1.8
      vertex 17.25 11.8 0
    endloop
  endfacet
  facet normal -0.866026 0.5 0
    outer loop
      vertex 17.25 11.8 1.8
      vertex 14.55 7.12346 0
      vertex 14.55 7.12346 1.8
    endloop
  endfacet
  facet normal 0 1 -0
    outer loop
      vertex 14.55 7.12346 0
      vertex 9.15 7.12346 1.8
      vertex 14.55 7.12346 1.8
    endloop
  endfacet
  facet normal 0 1 0
    outer loop
      vertex 9.15 7.12346 1.8
      vertex 14.55 7.12346 0
      vertex 9.15 7.12346 0
    endloop
  endfacet
  facet normal 0.866024 0.500003 0
    outer loop
      vertex 9.15 20.9799 1.8
      vertex 7.17539 24.4 0
      vertex 7.17539 24.4 1.8
    endloop
  endfacet
  facet normal 0.866024 0.500003 0
    outer loop
      vertex 7.17539 24.4 0
      vertex 9.15 20.9799 1.8
      vertex 9.15 20.9799 0
    endloop
  endfacet
  facet normal -0.866025 0.500001 0
    outer loop
      vertex 14.55 20.9799 0
      vertex 16.5246 24.4 1.8
      vertex 16.5246 24.4 0
    endloop
  endfacet
  facet normal -0.866025 0.500001 0
    outer loop
      vertex 16.5246 24.4 1.8
      vertex 14.55 20.9799 0
      vertex 14.55 20.9799 1.8
    endloop
  endfacet
  facet normal 0 1 -0
    outer loop
      vertex 14.55 20.9799 0
      vertex 9.15 20.9799 1.8
      vertex 14.55 20.9799 1.8
    endloop
  endfacet
  facet normal 0 1 0
    outer loop
      vertex 9.15 20.9799 1.8
      vertex 14.55 20.9799 0
      vertex 9.15 20.9799 0
    endloop
  endfacet
  facet normal -0.866028 -0.499995 0
    outer loop
      vertex 17.25 39.5128 0
      vertex 14.55 44.1894 1.8
      vertex 14.55 44.1894 0
    endloop
  endfacet
  facet normal -0.866028 -0.499995 0
    outer loop
      vertex 14.55 44.1894 1.8
      vertex 17.25 39.5128 0
      vertex 17.25 39.5128 1.8
    endloop
  endfacet
  facet normal 0.866028 -0.499995 0
    outer loop
      vertex 6.45 39.5128 1.8
      vertex 9.15 44.1894 0
      vertex 9.15 44.1894 1.8
    endloop
  endfacet
  facet normal 0.866028 -0.499995 0
    outer loop
      vertex 9.15 44.1894 0
      vertex 6.45 39.5128 1.8
      vertex 6.45 39.5128 0
    endloop
  endfacet
  facet normal 0 -1 0
    outer loop
      vertex 9.15 44.1894 0
      vertex 14.55 44.1894 1.8
      vertex 9.15 44.1894 1.8
    endloop
  endfacet
  facet normal 0 -1 -0
    outer loop
      vertex 14.55 44.1894 1.8
      vertex 9.15 44.1894 0
      vertex 14.55 44.1894 0
    endloop
  endfacet
  facet normal -0.866024 0.500003 0
    outer loop
      vertex 14.55 34.8363 0
      vertex 17.25 39.5128 1.8
      vertex 17.25 39.5128 0
    endloop
  endfacet
  facet normal -0.866024 0.500003 0
    outer loop
      vertex 17.25 39.5128 1.8
      vertex 14.55 34.8363 0
      vertex 14.55 34.8363 1.8
    endloop
  endfacet
  facet normal 0 1 -0
    outer loop
      vertex 14.55 34.8363 0
      vertex 9.15 34.8363 1.8
      vertex 14.55 34.8363 1.8
    endloop
  endfacet
  facet normal 0 1 0
    outer loop
      vertex 9.15 34.8363 1.8
      vertex 14.55 34.8363 0
      vertex 9.15 34.8363 0
    endloop
  endfacet
  facet normal 0.866024 0.500003 0
    outer loop
      vertex 9.15 34.8363 1.8
      vertex 6.45 39.5128 0
      vertex 6.45 39.5128 1.8
    endloop
  endfacet
  facet normal 0.866024 0.500003 0
    outer loop
      vertex 6.45 39.5128 0
      vertex 9.15 34.8363 1.8
      vertex 9.15 34.8363 0
    endloop
  endfacet
  facet normal -0.866028 -0.499995 0
    outer loop
      vertex 17.25 53.3692 0
      vertex 14.55 58.0458 1.8
      vertex 14.55 58.0458 0
    endloop
  endfacet
  facet normal -0.866028 -0.499995 0
    outer loop
      vertex 14.55 58.0458 1.8
      vertex 17.25 53.3692 0
      vertex 17.25 53.3692 1.8
    endloop
  endfacet
  facet normal 0 1 -0
    outer loop
      vertex 14.55 48.6927 0
      vertex 9.15 48.6927 1.8
      vertex 14.55 48.6927 1.8
    endloop
  endfacet
  facet normal 0 1 0
    outer loop
      vertex 9.15 48.6927 1.8
      vertex 14.55 48.6927 0
      vertex 9.15 48.6927 0
    endloop
  endfacet
  facet normal 0.866028 -0.499995 0
    outer loop
      vertex 6.45 53.3692 1.8
      vertex 9.15 58.0458 0
      vertex 9.15 58.0458 1.8
    endloop
  endfacet
  facet normal 0.866028 -0.499995 0
    outer loop
      vertex 9.15 58.0458 0
      vertex 6.45 53.3692 1.8
      vertex 6.45 53.3692 0
    endloop
  endfacet
  facet normal 0 -1 0
    outer loop
      vertex 9.15 58.0458 0
      vertex 14.55 58.0458 1.8
      vertex 9.15 58.0458 1.8
    endloop
  endfacet
  facet normal 0 -1 -0
    outer loop
      vertex 14.55 58.0458 1.8
      vertex 9.15 58.0458 0
      vertex 14.55 58.0458 0
    endloop
  endfacet
  facet normal 0.866024 0.500003 0
    outer loop
      vertex 9.15 48.6927 1.8
      vertex 6.45 53.3692 0
      vertex 6.45 53.3692 1.8
    endloop
  endfacet
  facet normal 0.866024 0.500003 0
    outer loop
      vertex 6.45 53.3692 0
      vertex 9.15 48.6927 1.8
      vertex 9.15 48.6927 0
    endloop
  endfacet
  facet normal -0.866024 0.500003 0
    outer loop
      vertex 14.55 48.6927 0
      vertex 17.25 53.3692 1.8
      vertex 17.25 53.3692 0
    endloop
  endfacet
  facet normal -0.866024 0.500003 0
    outer loop
      vertex 17.25 53.3692 1.8
      vertex 14.55 48.6927 0
      vertex 14.55 48.6927 1.8
    endloop
  endfacet
  facet normal -0.866028 -0.499995 0
    outer loop
      vertex 17.25 67.2256 0
      vertex 14.55 71.9022 1.8
      vertex 14.55 71.9022 0
    endloop
  endfacet
  facet normal -0.866028 -0.499995 0
    outer loop
      vertex 14.55 71.9022 1.8
      vertex 17.25 67.2256 0
      vertex 17.25 67.2256 1.8
    endloop
  endfacet
  facet normal 0.866028 -0.499995 0
    outer loop
      vertex 6.45 67.2256 1.8
      vertex 9.15 71.9022 0
      vertex 9.15 71.9022 1.8
    endloop
  endfacet
  facet normal 0.866028 -0.499995 0
    outer loop
      vertex 9.15 71.9022 0
      vertex 6.45 67.2256 1.8
      vertex 6.45 67.2256 0
    endloop
  endfacet
  facet normal 0 -1 0
    outer loop
      vertex 9.15 71.9022 0
      vertex 14.55 71.9022 1.8
      vertex 9.15 71.9022 1.8
    endloop
  endfacet
  facet normal 0 -1 -0
    outer loop
      vertex 14.55 71.9022 1.8
      vertex 9.15 71.9022 0
      vertex 14.55 71.9022 0
    endloop
  endfacet
  facet normal 0.866024 0.500003 0
    outer loop
      vertex 9.15 62.5491 1.8
      vertex 6.45 67.2256 0
      vertex 6.45 67.2256 1.8
    endloop
  endfacet
  facet normal 0.866024 0.500003 0
    outer loop
      vertex 6.45 67.2256 0
      vertex 9.15 62.5491 1.8
      vertex 9.15 62.5491 0
    endloop
  endfacet
  facet normal -0.866024 0.500003 0
    outer loop
      vertex 14.55 62.5491 0
      vertex 17.25 67.2256 1.8
      vertex 17.25 67.2256 0
    endloop
  endfacet
  facet normal -0.866024 0.500003 0
    outer loop
      vertex 17.25 67.2256 1.8
      vertex 14.55 62.5491 0
      vertex 14.55 62.5491 1.8
    endloop
  endfacet
  facet normal 0 1 -0
    outer loop
      vertex 14.55 62.5491 0
      vertex 9.15 62.5491 1.8
      vertex 14.55 62.5491 1.8
    endloop
  endfacet
  facet normal 0 1 0
    outer loop
      vertex 9.15 62.5491 1.8
      vertex 14.55 62.5491 0
      vertex 9.15 62.5491 0
    endloop
  endfacet
  facet normal -0.866039 -0.499977 0
    outer loop
      vertex 17.25 81.082 0
      vertex 16.4891 82.4 1.8
      vertex 16.4891 82.4 0
    endloop
  endfacet
  facet normal -0.866039 -0.499977 0
    outer loop
      vertex 16.4891 82.4 1.8
      vertex 17.25 81.082 0
      vertex 17.25 81.082 1.8
    endloop
  endfacet
  facet normal 0.86603 -0.499991 0
    outer loop
      vertex 6.45 81.082 1.8
      vertex 7.21093 82.4 0
      vertex 7.21093 82.4 1.8
    endloop
  endfacet
  facet normal 0.86603 -0.499991 0
    outer loop
      vertex 7.21093 82.4 0
      vertex 6.45 81.082 1.8
      vertex 6.45 81.082 0
    endloop
  endfacet
  facet normal -0.866024 0.500003 0
    outer loop
      vertex 14.55 76.4055 0
      vertex 17.25 81.082 1.8
      vertex 17.25 81.082 0
    endloop
  endfacet
  facet normal -0.866024 0.500003 0
    outer loop
      vertex 17.25 81.082 1.8
      vertex 14.55 76.4055 0
      vertex 14.55 76.4055 1.8
    endloop
  endfacet
  facet normal 0 1 -0
    outer loop
      vertex 14.55 76.4055 0
      vertex 9.15 76.4055 1.8
      vertex 14.55 76.4055 1.8
    endloop
  endfacet
  facet normal 0 1 0
    outer loop
      vertex 9.15 76.4055 1.8
      vertex 14.55 76.4055 0
      vertex 9.15 76.4055 0
    endloop
  endfacet
  facet normal 0.866024 0.500003 0
    outer loop
      vertex 9.15 76.4055 1.8
      vertex 6.45 81.082 0
      vertex 6.45 81.082 1.8
    endloop
  endfacet
  facet normal 0.866024 0.500003 0
    outer loop
      vertex 6.45 81.082 0
      vertex 9.15 76.4055 1.8
      vertex 9.15 76.4055 0
    endloop
  endfacet
  facet normal -0.866028 -0.499995 0
    outer loop
      vertex 17.25 94.9384 0
      vertex 14.55 99.615 1.8
      vertex 14.55 99.615 0
    endloop
  endfacet
  facet normal -0.866028 -0.499995 0
    outer loop
      vertex 14.55 99.615 1.8
      vertex 17.25 94.9384 0
      vertex 17.25 94.9384 1.8
    endloop
  endfacet
  facet normal 0.866028 -0.499995 0
    outer loop
      vertex 6.45 94.9384 1.8
      vertex 9.15 99.615 0
      vertex 9.15 99.615 1.8
    endloop
  endfacet
  facet normal 0.866028 -0.499995 0
    outer loop
      vertex 9.15 99.615 0
      vertex 6.45 94.9384 1.8
      vertex 6.45 94.9384 0
    endloop
  endfacet
  facet normal 0 -1 0
    outer loop
      vertex 9.15 99.615 0
      vertex 14.55 99.615 1.8
      vertex 9.15 99.615 1.8
    endloop
  endfacet
  facet normal 0 -1 -0
    outer loop
      vertex 14.55 99.615 1.8
      vertex 9.15 99.615 0
      vertex 14.55 99.615 0
    endloop
  endfacet
  facet normal 0.866022 0.500006 -0
    outer loop
      vertex 8.67093 91.0917 1.6
      vertex 6.45 94.9384 1.8
      vertex 8.67093 91.0917 1.8
    endloop
  endfacet
  facet normal 0.866022 0.500006 0
    outer loop
      vertex 6.45 94.9384 1.8
      vertex 8.67093 91.0917 1.6
      vertex 6.45 94.9384 0
    endloop
  endfacet
  facet normal 0.866033 0.499988 -0
    outer loop
      vertex 9.07027 90.4 0
      vertex 8.67093 91.0917 1.6
      vertex 9.07027 90.4 1.6
    endloop
  endfacet
  facet normal 0.866023 0.500003 -9.0763e-06
    outer loop
      vertex 8.67093 91.0917 1.6
      vertex 9.07027 90.4 0
      vertex 6.45 94.9384 0
    endloop
  endfacet
  facet normal -0.866021 0.500008 0
    outer loop
      vertex 14.6297 90.4 0
      vertex 17.25 94.9384 1.8
      vertex 17.25 94.9384 0
    endloop
  endfacet
  facet normal -0.866021 0.500008 0
    outer loop
      vertex 17.25 94.9384 1.8
      vertex 14.6297 90.4 0
      vertex 14.6297 90.4 1.8
    endloop
  endfacet
  facet normal -0.866024 -0.500003 0
    outer loop
      vertex 29.25 18.7282 0
      vertex 26.55 23.4047 1.8
      vertex 26.55 23.4047 0
    endloop
  endfacet
  facet normal -0.866024 -0.500003 0
    outer loop
      vertex 26.55 23.4047 1.8
      vertex 29.25 18.7282 0
      vertex 29.25 18.7282 1.8
    endloop
  endfacet
  facet normal 0.866024 -0.500003 0
    outer loop
      vertex 18.45 18.7282 1.8
      vertex 21.15 23.4047 0
      vertex 21.15 23.4047 1.8
    endloop
  endfacet
  facet normal 0.866024 -0.500003 0
    outer loop
      vertex 21.15 23.4047 0
      vertex 18.45 18.7282 1.8
      vertex 18.45 18.7282 0
    endloop
  endfacet
  facet normal 0 -1 0
    outer loop
      vertex 21.15 23.4047 0
      vertex 26.55 23.4047 1.8
      vertex 21.15 23.4047 1.8
    endloop
  endfacet
  facet normal 0 -1 -0
    outer loop
      vertex 26.55 23.4047 1.8
      vertex 21.15 23.4047 0
      vertex 26.55 23.4047 0
    endloop
  endfacet
  facet normal 0.866024 0.500003 0
    outer loop
      vertex 21.15 14.0517 1.8
      vertex 18.45 18.7282 0
      vertex 18.45 18.7282 1.8
    endloop
  endfacet
  facet normal 0.866024 0.500003 0
    outer loop
      vertex 18.45 18.7282 0
      vertex 21.15 14.0517 1.8
      vertex 21.15 14.0517 0
    endloop
  endfacet
  facet normal 0 1 -0
    outer loop
      vertex 26.55 14.0517 0
      vertex 21.15 14.0517 1.8
      vertex 26.55 14.0517 1.8
    endloop
  endfacet
  facet normal 0 1 0
    outer loop
      vertex 21.15 14.0517 1.8
      vertex 26.55 14.0517 0
      vertex 21.15 14.0517 0
    endloop
  endfacet
  facet normal -0.866024 0.500003 0
    outer loop
      vertex 26.55 14.0517 0
      vertex 29.25 18.7282 1.8
      vertex 29.25 18.7282 0
    endloop
  endfacet
  facet normal -0.866024 0.500003 0
    outer loop
      vertex 29.25 18.7282 1.8
      vertex 26.55 14.0517 0
      vertex 26.55 14.0517 1.8
    endloop
  endfacet
  facet normal -0.866024 -0.500003 0
    outer loop
      vertex 29.25 32.5846 0
      vertex 26.55 37.2611 1.8
      vertex 26.55 37.2611 0
    endloop
  endfacet
  facet normal -0.866024 -0.500003 0
    outer loop
      vertex 26.55 37.2611 1.8
      vertex 29.25 32.5846 0
      vertex 29.25 32.5846 1.8
    endloop
  endfacet
  facet normal 0.866024 -0.500003 0
    outer loop
      vertex 18.45 32.5846 1.8
      vertex 21.15 37.2611 0
      vertex 21.15 37.2611 1.8
    endloop
  endfacet
  facet normal 0.866024 -0.500003 0
    outer loop
      vertex 21.15 37.2611 0
      vertex 18.45 32.5846 1.8
      vertex 18.45 32.5846 0
    endloop
  endfacet
  facet normal 0 -1 0
    outer loop
      vertex 21.15 37.2611 0
      vertex 26.55 37.2611 1.8
      vertex 21.15 37.2611 1.8
    endloop
  endfacet
  facet normal 0 -1 -0
    outer loop
      vertex 26.55 37.2611 1.8
      vertex 21.15 37.2611 0
      vertex 26.55 37.2611 0
    endloop
  endfacet
  facet normal 0.865982 0.500074 0
    outer loop
      vertex 18.5566 32.4 1.8
      vertex 18.45 32.5846 0
      vertex 18.45 32.5846 1.8
    endloop
  endfacet
  facet normal 0.865982 0.500074 0
    outer loop
      vertex 18.45 32.5846 0
      vertex 18.5566 32.4 1.8
      vertex 18.5566 32.4 0
    endloop
  endfacet
  facet normal -0.865982 0.500074 0
    outer loop
      vertex 29.1434 32.4 0
      vertex 29.25 32.5846 1.8
      vertex 29.25 32.5846 0
    endloop
  endfacet
  facet normal -0.865982 0.500074 0
    outer loop
      vertex 29.25 32.5846 1.8
      vertex 29.1434 32.4 0
      vertex 29.1434 32.4 1.8
    endloop
  endfacet
  facet normal -0.866028 -0.499995 0
    outer loop
      vertex 29.25 46.441 0
      vertex 26.55 51.1176 1.8
      vertex 26.55 51.1176 0
    endloop
  endfacet
  facet normal -0.866028 -0.499995 0
    outer loop
      vertex 26.55 51.1176 1.8
      vertex 29.25 46.441 0
      vertex 29.25 46.441 1.8
    endloop
  endfacet
  facet normal 0.866028 -0.499995 0
    outer loop
      vertex 18.45 46.441 1.8
      vertex 21.15 51.1176 0
      vertex 21.15 51.1176 1.8
    endloop
  endfacet
  facet normal 0.866028 -0.499995 0
    outer loop
      vertex 21.15 51.1176 0
      vertex 18.45 46.441 1.8
      vertex 18.45 46.441 0
    endloop
  endfacet
  facet normal 0 -1 0
    outer loop
      vertex 21.15 51.1176 0
      vertex 26.55 51.1176 1.8
      vertex 21.15 51.1176 1.8
    endloop
  endfacet
  facet normal 0 -1 -0
    outer loop
      vertex 26.55 51.1176 1.8
      vertex 21.15 51.1176 0
      vertex 26.55 51.1176 0
    endloop
  endfacet
  facet normal 0.866024 0.500003 0
    outer loop
      vertex 21.15 41.7645 1.8
      vertex 18.45 46.441 0
      vertex 18.45 46.441 1.8
    endloop
  endfacet
  facet normal 0.866024 0.500003 0
    outer loop
      vertex 18.45 46.441 0
      vertex 21.15 41.7645 1.8
      vertex 21.15 41.7645 0
    endloop
  endfacet
  facet normal -0.866024 0.500003 0
    outer loop
      vertex 26.55 41.7645 0
      vertex 29.25 46.441 1.8
      vertex 29.25 46.441 0
    endloop
  endfacet
  facet normal -0.866024 0.500003 0
    outer loop
      vertex 29.25 46.441 1.8
      vertex 26.55 41.7645 0
      vertex 26.55 41.7645 1.8
    endloop
  endfacet
  facet normal 0 1 -0
    outer loop
      vertex 26.55 41.7645 0
      vertex 21.15 41.7645 1.8
      vertex 26.55 41.7645 1.8
    endloop
  endfacet
  facet normal 0 1 0
    outer loop
      vertex 21.15 41.7645 1.8
      vertex 26.55 41.7645 0
      vertex 21.15 41.7645 0
    endloop
  endfacet
  facet normal -0.866028 -0.499995 0
    outer loop
      vertex 29.25 60.2974 0
      vertex 26.55 64.974 1.8
      vertex 26.55 64.974 0
    endloop
  endfacet
  facet normal -0.866028 -0.499995 0
    outer loop
      vertex 26.55 64.974 1.8
      vertex 29.25 60.2974 0
      vertex 29.25 60.2974 1.8
    endloop
  endfacet
  facet normal 0.866028 -0.499995 0
    outer loop
      vertex 18.45 60.2974 1.8
      vertex 21.15 64.974 0
      vertex 21.15 64.974 1.8
    endloop
  endfacet
  facet normal 0.866028 -0.499995 0
    outer loop
      vertex 21.15 64.974 0
      vertex 18.45 60.2974 1.8
      vertex 18.45 60.2974 0
    endloop
  endfacet
  facet normal 0 -1 0
    outer loop
      vertex 21.15 64.974 0
      vertex 26.55 64.974 1.8
      vertex 21.15 64.974 1.8
    endloop
  endfacet
  facet normal 0 -1 -0
    outer loop
      vertex 26.55 64.974 1.8
      vertex 21.15 64.974 0
      vertex 26.55 64.974 0
    endloop
  endfacet
  facet normal 0 1 -0
    outer loop
      vertex 26.55 55.6209 0
      vertex 21.15 55.6209 1.8
      vertex 26.55 55.6209 1.8
    endloop
  endfacet
  facet normal 0 1 0
    outer loop
      vertex 21.15 55.6209 1.8
      vertex 26.55 55.6209 0
      vertex 21.15 55.6209 0
    endloop
  endfacet
  facet normal 0.866024 0.500003 0
    outer loop
      vertex 21.15 55.6209 1.8
      vertex 18.45 60.2974 0
      vertex 18.45 60.2974 1.8
    endloop
  endfacet
  facet normal 0.866024 0.500003 0
    outer loop
      vertex 18.45 60.2974 0
      vertex 21.15 55.6209 1.8
      vertex 21.15 55.6209 0
    endloop
  endfacet
  facet normal -0.866024 0.500003 0
    outer loop
      vertex 26.55 55.6209 0
      vertex 29.25 60.2974 1.8
      vertex 29.25 60.2974 0
    endloop
  endfacet
  facet normal -0.866024 0.500003 0
    outer loop
      vertex 29.25 60.2974 1.8
      vertex 26.55 55.6209 0
      vertex 26.55 55.6209 1.8
    endloop
  endfacet
  facet normal -0.866028 -0.499995 0
    outer loop
      vertex 29.25 74.1538 0
      vertex 26.55 78.8304 1.8
      vertex 26.55 78.8304 0
    endloop
  endfacet
  facet normal -0.866028 -0.499995 0
    outer loop
      vertex 26.55 78.8304 1.8
      vertex 29.25 74.1538 0
      vertex 29.25 74.1538 1.8
    endloop
  endfacet
  facet normal 0.866028 -0.499995 0
    outer loop
      vertex 18.45 74.1538 1.8
      vertex 21.15 78.8304 0
      vertex 21.15 78.8304 1.8
    endloop
  endfacet
  facet normal 0.866028 -0.499995 0
    outer loop
      vertex 21.15 78.8304 0
      vertex 18.45 74.1538 1.8
      vertex 18.45 74.1538 0
    endloop
  endfacet
  facet normal 0 -1 0
    outer loop
      vertex 21.15 78.8304 0
      vertex 26.55 78.8304 1.8
      vertex 21.15 78.8304 1.8
    endloop
  endfacet
  facet normal 0 -1 -0
    outer loop
      vertex 26.55 78.8304 1.8
      vertex 21.15 78.8304 0
      vertex 26.55 78.8304 0
    endloop
  endfacet
  facet normal 0 1 -0
    outer loop
      vertex 26.55 69.4773 0
      vertex 21.15 69.4773 1.8
      vertex 26.55 69.4773 1.8
    endloop
  endfacet
  facet normal 0 1 0
    outer loop
      vertex 21.15 69.4773 1.8
      vertex 26.55 69.4773 0
      vertex 21.15 69.4773 0
    endloop
  endfacet
  facet normal 0.866024 0.500003 0
    outer loop
      vertex 21.15 69.4773 1.8
      vertex 18.45 74.1538 0
      vertex 18.45 74.1538 1.8
    endloop
  endfacet
  facet normal 0.866024 0.500003 0
    outer loop
      vertex 18.45 74.1538 0
      vertex 21.15 69.4773 1.8
      vertex 21.15 69.4773 0
    endloop
  endfacet
  facet normal -0.866024 0.500003 0
    outer loop
      vertex 26.55 69.4773 0
      vertex 29.25 74.1538 1.8
      vertex 29.25 74.1538 0
    endloop
  endfacet
  facet normal -0.866024 0.500003 0
    outer loop
      vertex 29.25 74.1538 1.8
      vertex 26.55 69.4773 0
      vertex 26.55 69.4773 1.8
    endloop
  endfacet
  facet normal -0.866023 -0.500004 0
    outer loop
      vertex 27.8703 90.4 0
      vertex 26.55 92.6868 1.8
      vertex 26.55 92.6868 0
    endloop
  endfacet
  facet normal -0.866023 -0.500004 0
    outer loop
      vertex 26.55 92.6868 1.8
      vertex 27.8703 90.4 0
      vertex 27.8703 90.4 1.8
    endloop
  endfacet
  facet normal 0.866023 -0.500004 0
    outer loop
      vertex 19.8297 90.4 1.8
      vertex 21.15 92.6868 0
      vertex 21.15 92.6868 1.8
    endloop
  endfacet
  facet normal 0.866023 -0.500004 0
    outer loop
      vertex 21.15 92.6868 0
      vertex 19.8297 90.4 1.8
      vertex 19.8297 90.4 0
    endloop
  endfacet
  facet normal 0 -1 0
    outer loop
      vertex 21.15 92.6868 0
      vertex 26.55 92.6868 1.8
      vertex 21.15 92.6868 1.8
    endloop
  endfacet
  facet normal 0 -1 -0
    outer loop
      vertex 26.55 92.6868 1.8
      vertex 21.15 92.6868 0
      vertex 26.55 92.6868 0
    endloop
  endfacet
  facet normal -0.866001 -0.500043 0
    outer loop
      vertex 29.25 101.867 0
      vertex 26.55 106.543 1.8
      vertex 26.55 106.543 0
    endloop
  endfacet
  facet normal -0.866001 -0.500043 0
    outer loop
      vertex 26.55 106.543 1.8
      vertex 29.25 101.867 0
      vertex 29.25 101.867 1.8
    endloop
  endfacet
  facet normal 0.866001 -0.500043 0
    outer loop
      vertex 18.45 101.867 1.8
      vertex 21.15 106.543 0
      vertex 21.15 106.543 1.8
    endloop
  endfacet
  facet normal 0.866001 -0.500043 0
    outer loop
      vertex 21.15 106.543 0
      vertex 18.45 101.867 1.8
      vertex 18.45 101.867 0
    endloop
  endfacet
  facet normal 0 -1 0
    outer loop
      vertex 21.15 106.543 0
      vertex 26.55 106.543 1.8
      vertex 21.15 106.543 1.8
    endloop
  endfacet
  facet normal 0 -1 -0
    outer loop
      vertex 26.55 106.543 1.8
      vertex 21.15 106.543 0
      vertex 26.55 106.543 0
    endloop
  endfacet
  facet normal 0.866042 0.499971 0
    outer loop
      vertex 21.15 97.1901 1.8
      vertex 18.45 101.867 0
      vertex 18.45 101.867 1.8
    endloop
  endfacet
  facet normal 0.866042 0.499971 0
    outer loop
      vertex 18.45 101.867 0
      vertex 21.15 97.1901 1.8
      vertex 21.15 97.1901 0
    endloop
  endfacet
  facet normal 0 1 -0
    outer loop
      vertex 26.55 97.1901 0
      vertex 21.15 97.1901 1.8
      vertex 26.55 97.1901 1.8
    endloop
  endfacet
  facet normal 0 1 0
    outer loop
      vertex 21.15 97.1901 1.8
      vertex 26.55 97.1901 0
      vertex 21.15 97.1901 0
    endloop
  endfacet
  facet normal -0.866042 0.499971 0
    outer loop
      vertex 26.55 97.1901 0
      vertex 29.25 101.867 1.8
      vertex 29.25 101.867 0
    endloop
  endfacet
  facet normal -0.866042 0.499971 0
    outer loop
      vertex 29.25 101.867 1.8
      vertex 26.55 97.1901 0
      vertex 26.55 97.1901 1.8
    endloop
  endfacet
  facet normal -0.866024 -0.500003 0
    outer loop
      vertex 41.25 11.8 0
      vertex 38.55 16.4765 1.8
      vertex 38.55 16.4765 0
    endloop
  endfacet
  facet normal -0.866024 -0.500003 0
    outer loop
      vertex 38.55 16.4765 1.8
      vertex 41.25 11.8 0
      vertex 41.25 11.8 1.8
    endloop
  endfacet
  facet normal 0.866024 -0.500003 0
    outer loop
      vertex 30.45 11.8 1.8
      vertex 33.15 16.4765 0
      vertex 33.15 16.4765 1.8
    endloop
  endfacet
  facet normal 0.866024 -0.500003 0
    outer loop
      vertex 33.15 16.4765 0
      vertex 30.45 11.8 1.8
      vertex 30.45 11.8 0
    endloop
  endfacet
  facet normal 0 -1 0
    outer loop
      vertex 33.15 16.4765 0
      vertex 38.55 16.4765 1.8
      vertex 33.15 16.4765 1.8
    endloop
  endfacet
  facet normal 0 -1 -0
    outer loop
      vertex 38.55 16.4765 1.8
      vertex 33.15 16.4765 0
      vertex 38.55 16.4765 0
    endloop
  endfacet
  facet normal -0.866026 0.5 0
    outer loop
      vertex 38.55 7.12346 0
      vertex 41.25 11.8 1.8
      vertex 41.25 11.8 0
    endloop
  endfacet
  facet normal -0.866026 0.5 0
    outer loop
      vertex 41.25 11.8 1.8
      vertex 38.55 7.12346 0
      vertex 38.55 7.12346 1.8
    endloop
  endfacet
  facet normal 0 1 -0
    outer loop
      vertex 38.55 7.12346 0
      vertex 33.15 7.12346 1.8
      vertex 38.55 7.12346 1.8
    endloop
  endfacet
  facet normal 0 1 0
    outer loop
      vertex 33.15 7.12346 1.8
      vertex 38.55 7.12346 0
      vertex 33.15 7.12346 0
    endloop
  endfacet
  facet normal 0.866026 0.5 0
    outer loop
      vertex 33.15 7.12346 1.8
      vertex 30.45 11.8 0
      vertex 30.45 11.8 1.8
    endloop
  endfacet
  facet normal 0.866026 0.5 0
    outer loop
      vertex 30.45 11.8 0
      vertex 33.15 7.12346 1.8
      vertex 33.15 7.12346 0
    endloop
  endfacet
  facet normal 0.866025 0.500001 0
    outer loop
      vertex 33.15 20.9799 1.8
      vertex 31.1754 24.4 0
      vertex 31.1754 24.4 1.8
    endloop
  endfacet
  facet normal 0.866025 0.500001 0
    outer loop
      vertex 31.1754 24.4 0
      vertex 33.15 20.9799 1.8
      vertex 33.15 20.9799 0
    endloop
  endfacet
  facet normal 0 1 -0
    outer loop
      vertex 38.55 20.9799 0
      vertex 33.15 20.9799 1.8
      vertex 38.55 20.9799 1.8
    endloop
  endfacet
  facet normal 0 1 0
    outer loop
      vertex 33.15 20.9799 1.8
      vertex 38.55 20.9799 0
      vertex 33.15 20.9799 0
    endloop
  endfacet
  facet normal -0.866025 0.500001 0
    outer loop
      vertex 38.55 20.9799 0
      vertex 40.5246 24.4 1.8
      vertex 40.5246 24.4 0
    endloop
  endfacet
  facet normal -0.866025 0.500001 0
    outer loop
      vertex 40.5246 24.4 1.8
      vertex 38.55 20.9799 0
      vertex 38.55 20.9799 1.8
    endloop
  endfacet
  facet normal -0.866028 -0.499995 0
    outer loop
      vertex 41.25 39.5128 0
      vertex 38.55 44.1894 1.8
      vertex 38.55 44.1894 0
    endloop
  endfacet
  facet normal -0.866028 -0.499995 0
    outer loop
      vertex 38.55 44.1894 1.8
      vertex 41.25 39.5128 0
      vertex 41.25 39.5128 1.8
    endloop
  endfacet
  facet normal 0.866028 -0.499995 0
    outer loop
      vertex 30.45 39.5128 1.8
      vertex 33.15 44.1894 0
      vertex 33.15 44.1894 1.8
    endloop
  endfacet
  facet normal 0.866028 -0.499995 0
    outer loop
      vertex 33.15 44.1894 0
      vertex 30.45 39.5128 1.8
      vertex 30.45 39.5128 0
    endloop
  endfacet
  facet normal 0 -1 0
    outer loop
      vertex 33.15 44.1894 0
      vertex 38.55 44.1894 1.8
      vertex 33.15 44.1894 1.8
    endloop
  endfacet
  facet normal 0 -1 -0
    outer loop
      vertex 38.55 44.1894 1.8
      vertex 33.15 44.1894 0
      vertex 38.55 44.1894 0
    endloop
  endfacet
  facet normal -0.866024 0.500003 0
    outer loop
      vertex 38.55 34.8363 0
      vertex 41.25 39.5128 1.8
      vertex 41.25 39.5128 0
    endloop
  endfacet
  facet normal -0.866024 0.500003 0
    outer loop
      vertex 41.25 39.5128 1.8
      vertex 38.55 34.8363 0
      vertex 38.55 34.8363 1.8
    endloop
  endfacet
  facet normal 0 1 -0
    outer loop
      vertex 38.55 34.8363 0
      vertex 33.15 34.8363 1.8
      vertex 38.55 34.8363 1.8
    endloop
  endfacet
  facet normal 0 1 0
    outer loop
      vertex 33.15 34.8363 1.8
      vertex 38.55 34.8363 0
      vertex 33.15 34.8363 0
    endloop
  endfacet
  facet normal 0.866024 0.500003 0
    outer loop
      vertex 33.15 34.8363 1.8
      vertex 30.45 39.5128 0
      vertex 30.45 39.5128 1.8
    endloop
  endfacet
  facet normal 0.866024 0.500003 0
    outer loop
      vertex 30.45 39.5128 0
      vertex 33.15 34.8363 1.8
      vertex 33.15 34.8363 0
    endloop
  endfacet
  facet normal -0.866028 -0.499995 0
    outer loop
      vertex 41.25 53.3692 0
      vertex 38.55 58.0458 1.8
      vertex 38.55 58.0458 0
    endloop
  endfacet
  facet normal -0.866028 -0.499995 0
    outer loop
      vertex 38.55 58.0458 1.8
      vertex 41.25 53.3692 0
      vertex 41.25 53.3692 1.8
    endloop
  endfacet
  facet normal 0 1 -0
    outer loop
      vertex 38.55 48.6927 0
      vertex 33.15 48.6927 1.8
      vertex 38.55 48.6927 1.8
    endloop
  endfacet
  facet normal 0 1 0
    outer loop
      vertex 33.15 48.6927 1.8
      vertex 38.55 48.6927 0
      vertex 33.15 48.6927 0
    endloop
  endfacet
  facet normal 0.866028 -0.499995 0
    outer loop
      vertex 30.45 53.3692 1.8
      vertex 33.15 58.0458 0
      vertex 33.15 58.0458 1.8
    endloop
  endfacet
  facet normal 0.866028 -0.499995 0
    outer loop
      vertex 33.15 58.0458 0
      vertex 30.45 53.3692 1.8
      vertex 30.45 53.3692 0
    endloop
  endfacet
  facet normal 0 -1 0
    outer loop
      vertex 33.15 58.0458 0
      vertex 38.55 58.0458 1.8
      vertex 33.15 58.0458 1.8
    endloop
  endfacet
  facet normal 0 -1 -0
    outer loop
      vertex 38.55 58.0458 1.8
      vertex 33.15 58.0458 0
      vertex 38.55 58.0458 0
    endloop
  endfacet
  facet normal 0.866024 0.500003 0
    outer loop
      vertex 33.15 48.6927 1.8
      vertex 30.45 53.3692 0
      vertex 30.45 53.3692 1.8
    endloop
  endfacet
  facet normal 0.866024 0.500003 0
    outer loop
      vertex 30.45 53.3692 0
      vertex 33.15 48.6927 1.8
      vertex 33.15 48.6927 0
    endloop
  endfacet
  facet normal -0.866024 0.500003 0
    outer loop
      vertex 38.55 48.6927 0
      vertex 41.25 53.3692 1.8
      vertex 41.25 53.3692 0
    endloop
  endfacet
  facet normal -0.866024 0.500003 0
    outer loop
      vertex 41.25 53.3692 1.8
      vertex 38.55 48.6927 0
      vertex 38.55 48.6927 1.8
    endloop
  endfacet
  facet normal -0.866028 -0.499995 0
    outer loop
      vertex 41.25 67.2256 0
      vertex 38.55 71.9022 1.8
      vertex 38.55 71.9022 0
    endloop
  endfacet
  facet normal -0.866028 -0.499995 0
    outer loop
      vertex 38.55 71.9022 1.8
      vertex 41.25 67.2256 0
      vertex 41.25 67.2256 1.8
    endloop
  endfacet
  facet normal 0.866028 -0.499995 0
    outer loop
      vertex 30.45 67.2256 1.8
      vertex 33.15 71.9022 0
      vertex 33.15 71.9022 1.8
    endloop
  endfacet
  facet normal 0.866028 -0.499995 0
    outer loop
      vertex 33.15 71.9022 0
      vertex 30.45 67.2256 1.8
      vertex 30.45 67.2256 0
    endloop
  endfacet
  facet normal 0 -1 0
    outer loop
      vertex 33.15 71.9022 0
      vertex 38.55 71.9022 1.8
      vertex 33.15 71.9022 1.8
    endloop
  endfacet
  facet normal 0 -1 -0
    outer loop
      vertex 38.55 71.9022 1.8
      vertex 33.15 71.9022 0
      vertex 38.55 71.9022 0
    endloop
  endfacet
  facet normal 0 1 -0
    outer loop
      vertex 38.55 62.5491 0
      vertex 33.15 62.5491 1.8
      vertex 38.55 62.5491 1.8
    endloop
  endfacet
  facet normal 0 1 0
    outer loop
      vertex 33.15 62.5491 1.8
      vertex 38.55 62.5491 0
      vertex 33.15 62.5491 0
    endloop
  endfacet
  facet normal 0.866024 0.500003 0
    outer loop
      vertex 33.15 62.5491 1.8
      vertex 30.45 67.2256 0
      vertex 30.45 67.2256 1.8
    endloop
  endfacet
  facet normal 0.866024 0.500003 0
    outer loop
      vertex 30.45 67.2256 0
      vertex 33.15 62.5491 1.8
      vertex 33.15 62.5491 0
    endloop
  endfacet
  facet normal -0.866024 0.500003 0
    outer loop
      vertex 38.55 62.5491 0
      vertex 41.25 67.2256 1.8
      vertex 41.25 67.2256 0
    endloop
  endfacet
  facet normal -0.866024 0.500003 0
    outer loop
      vertex 41.25 67.2256 1.8
      vertex 38.55 62.5491 0
      vertex 38.55 62.5491 1.8
    endloop
  endfacet
  facet normal -0.866039 -0.499977 0
    outer loop
      vertex 41.25 81.082 0
      vertex 40.4891 82.4 1.8
      vertex 40.4891 82.4 0
    endloop
  endfacet
  facet normal -0.866039 -0.499977 0
    outer loop
      vertex 40.4891 82.4 1.8
      vertex 41.25 81.082 0
      vertex 41.25 81.082 1.8
    endloop
  endfacet
  facet normal 0.866039 -0.499977 0
    outer loop
      vertex 30.45 81.082 1.8
      vertex 31.2109 82.4 0
      vertex 31.2109 82.4 1.8
    endloop
  endfacet
  facet normal 0.866039 -0.499977 0
    outer loop
      vertex 31.2109 82.4 0
      vertex 30.45 81.082 1.8
      vertex 30.45 81.082 0
    endloop
  endfacet
  facet normal 0 1 -0
    outer loop
      vertex 38.55 76.4055 0
      vertex 33.15 76.4055 1.8
      vertex 38.55 76.4055 1.8
    endloop
  endfacet
  facet normal 0 1 0
    outer loop
      vertex 33.15 76.4055 1.8
      vertex 38.55 76.4055 0
      vertex 33.15 76.4055 0
    endloop
  endfacet
  facet normal 0.866024 0.500003 0
    outer loop
      vertex 33.15 76.4055 1.8
      vertex 30.45 81.082 0
      vertex 30.45 81.082 1.8
    endloop
  endfacet
  facet normal 0.866024 0.500003 0
    outer loop
      vertex 30.45 81.082 0
      vertex 33.15 76.4055 1.8
      vertex 33.15 76.4055 0
    endloop
  endfacet
  facet normal -0.866024 0.500003 0
    outer loop
      vertex 38.55 76.4055 0
      vertex 41.25 81.082 1.8
      vertex 41.25 81.082 0
    endloop
  endfacet
  facet normal -0.866024 0.500003 0
    outer loop
      vertex 41.25 81.082 1.8
      vertex 38.55 76.4055 0
      vertex 38.55 76.4055 1.8
    endloop
  endfacet
  facet normal -0.866028 -0.499995 0
    outer loop
      vertex 41.25 94.9384 0
      vertex 38.55 99.615 1.8
      vertex 38.55 99.615 0
    endloop
  endfacet
  facet normal -0.866028 -0.499995 0
    outer loop
      vertex 38.55 99.615 1.8
      vertex 41.25 94.9384 0
      vertex 41.25 94.9384 1.8
    endloop
  endfacet
  facet normal 0.866028 -0.499995 0
    outer loop
      vertex 30.45 94.9384 1.8
      vertex 33.15 99.615 0
      vertex 33.15 99.615 1.8
    endloop
  endfacet
  facet normal 0.866028 -0.499995 0
    outer loop
      vertex 33.15 99.615 0
      vertex 30.45 94.9384 1.8
      vertex 30.45 94.9384 0
    endloop
  endfacet
  facet normal 0 -1 0
    outer loop
      vertex 33.15 99.615 0
      vertex 38.55 99.615 1.8
      vertex 33.15 99.615 1.8
    endloop
  endfacet
  facet normal 0 -1 -0
    outer loop
      vertex 38.55 99.615 1.8
      vertex 33.15 99.615 0
      vertex 38.55 99.615 0
    endloop
  endfacet
  facet normal -0.866021 0.500008 0
    outer loop
      vertex 38.6297 90.4 0
      vertex 41.25 94.9384 1.8
      vertex 41.25 94.9384 0
    endloop
  endfacet
  facet normal -0.866021 0.500008 0
    outer loop
      vertex 41.25 94.9384 1.8
      vertex 38.6297 90.4 0
      vertex 38.6297 90.4 1.8
    endloop
  endfacet
  facet normal 0.866021 0.500008 0
    outer loop
      vertex 33.0703 90.4 1.8
      vertex 30.45 94.9384 0
      vertex 30.45 94.9384 1.8
    endloop
  endfacet
  facet normal 0.866021 0.500008 0
    outer loop
      vertex 30.45 94.9384 0
      vertex 33.0703 90.4 1.8
      vertex 33.0703 90.4 0
    endloop
  endfacet
  facet normal -0.866024 -0.500003 0
    outer loop
      vertex 53.25 18.7282 0
      vertex 50.55 23.4047 1.8
      vertex 50.55 23.4047 0
    endloop
  endfacet
  facet normal -0.866024 -0.500003 0
    outer loop
      vertex 50.55 23.4047 1.8
      vertex 53.25 18.7282 0
      vertex 53.25 18.7282 1.8
    endloop
  endfacet
  facet normal 0 1 -0
    outer loop
      vertex 50.55 14.0517 0
      vertex 45.15 14.0517 1.8
      vertex 50.55 14.0517 1.8
    endloop
  endfacet
  facet normal 0 1 0
    outer loop
      vertex 45.15 14.0517 1.8
      vertex 50.55 14.0517 0
      vertex 45.15 14.0517 0
    endloop
  endfacet
  facet normal 0.866024 -0.500003 0
    outer loop
      vertex 42.45 18.7282 1.8
      vertex 45.15 23.4047 0
      vertex 45.15 23.4047 1.8
    endloop
  endfacet
  facet normal 0.866024 -0.500003 0
    outer loop
      vertex 45.15 23.4047 0
      vertex 42.45 18.7282 1.8
      vertex 42.45 18.7282 0
    endloop
  endfacet
  facet normal 0 -1 0
    outer loop
      vertex 45.15 23.4047 0
      vertex 50.55 23.4047 1.8
      vertex 45.15 23.4047 1.8
    endloop
  endfacet
  facet normal 0 -1 -0
    outer loop
      vertex 50.55 23.4047 1.8
      vertex 45.15 23.4047 0
      vertex 50.55 23.4047 0
    endloop
  endfacet
  facet normal 0.866024 0.500003 0
    outer loop
      vertex 45.15 14.0517 1.8
      vertex 42.45 18.7282 0
      vertex 42.45 18.7282 1.8
    endloop
  endfacet
  facet normal 0.866024 0.500003 0
    outer loop
      vertex 42.45 18.7282 0
      vertex 45.15 14.0517 1.8
      vertex 45.15 14.0517 0
    endloop
  endfacet
  facet normal -0.866024 0.500003 0
    outer loop
      vertex 50.55 14.0517 0
      vertex 53.25 18.7282 1.8
      vertex 53.25 18.7282 0
    endloop
  endfacet
  facet normal -0.866024 0.500003 0
    outer loop
      vertex 53.25 18.7282 1.8
      vertex 50.55 14.0517 0
      vertex 50.55 14.0517 1.8
    endloop
  endfacet
  facet normal -0.866024 -0.500003 0
    outer loop
      vertex 53.25 32.5846 0
      vertex 50.55 37.2611 1.8
      vertex 50.55 37.2611 0
    endloop
  endfacet
  facet normal -0.866024 -0.500003 0
    outer loop
      vertex 50.55 37.2611 1.8
      vertex 53.25 32.5846 0
      vertex 53.25 32.5846 1.8
    endloop
  endfacet
  facet normal 0.866024 -0.500003 0
    outer loop
      vertex 42.45 32.5846 1.8
      vertex 45.15 37.2611 0
      vertex 45.15 37.2611 1.8
    endloop
  endfacet
  facet normal 0.866024 -0.500003 0
    outer loop
      vertex 45.15 37.2611 0
      vertex 42.45 32.5846 1.8
      vertex 42.45 32.5846 0
    endloop
  endfacet
  facet normal 0 -1 0
    outer loop
      vertex 45.15 37.2611 0
      vertex 50.55 37.2611 1.8
      vertex 45.15 37.2611 1.8
    endloop
  endfacet
  facet normal 0 -1 -0
    outer loop
      vertex 50.55 37.2611 1.8
      vertex 45.15 37.2611 0
      vertex 50.55 37.2611 0
    endloop
  endfacet
  facet normal 0.865982 0.500074 0
    outer loop
      vertex 42.5566 32.4 1.8
      vertex 42.45 32.5846 0
      vertex 42.45 32.5846 1.8
    endloop
  endfacet
  facet normal 0.865982 0.500074 0
    outer loop
      vertex 42.45 32.5846 0
      vertex 42.5566 32.4 1.8
      vertex 42.5566 32.4 0
    endloop
  endfacet
  facet normal -0.865982 0.500074 0
    outer loop
      vertex 53.1434 32.4 0
      vertex 53.25 32.5846 1.8
      vertex 53.25 32.5846 0
    endloop
  endfacet
  facet normal -0.865982 0.500074 0
    outer loop
      vertex 53.25 32.5846 1.8
      vertex 53.1434 32.4 0
      vertex 53.1434 32.4 1.8
    endloop
  endfacet
  facet normal -0.866028 -0.499995 0
    outer loop
      vertex 53.25 46.441 0
      vertex 50.55 51.1176 1.8
      vertex 50.55 51.1176 0
    endloop
  endfacet
  facet normal -0.866028 -0.499995 0
    outer loop
      vertex 50.55 51.1176 1.8
      vertex 53.25 46.441 0
      vertex 53.25 46.441 1.8
    endloop
  endfacet
  facet normal 0.866028 -0.499995 0
    outer loop
      vertex 42.45 46.441 1.8
      vertex 45.15 51.1176 0
      vertex 45.15 51.1176 1.8
    endloop
  endfacet
  facet normal 0.866028 -0.499995 0
    outer loop
      vertex 45.15 51.1176 0
      vertex 42.45 46.441 1.8
      vertex 42.45 46.441 0
    endloop
  endfacet
  facet normal 0 -1 0
    outer loop
      vertex 45.15 51.1176 0
      vertex 50.55 51.1176 1.8
      vertex 45.15 51.1176 1.8
    endloop
  endfacet
  facet normal 0 -1 -0
    outer loop
      vertex 50.55 51.1176 1.8
      vertex 45.15 51.1176 0
      vertex 50.55 51.1176 0
    endloop
  endfacet
  facet normal -0.866024 0.500003 0
    outer loop
      vertex 50.55 41.7645 0
      vertex 53.25 46.441 1.8
      vertex 53.25 46.441 0
    endloop
  endfacet
  facet normal -0.866024 0.500003 0
    outer loop
      vertex 53.25 46.441 1.8
      vertex 50.55 41.7645 0
      vertex 50.55 41.7645 1.8
    endloop
  endfacet
  facet normal 0 1 -0
    outer loop
      vertex 50.55 41.7645 0
      vertex 45.15 41.7645 1.8
      vertex 50.55 41.7645 1.8
    endloop
  endfacet
  facet normal 0 1 0
    outer loop
      vertex 45.15 41.7645 1.8
      vertex 50.55 41.7645 0
      vertex 45.15 41.7645 0
    endloop
  endfacet
  facet normal 0.866024 0.500003 0
    outer loop
      vertex 45.15 41.7645 1.8
      vertex 42.45 46.441 0
      vertex 42.45 46.441 1.8
    endloop
  endfacet
  facet normal 0.866024 0.500003 0
    outer loop
      vertex 42.45 46.441 0
      vertex 45.15 41.7645 1.8
      vertex 45.15 41.7645 0
    endloop
  endfacet
  facet normal -0.866028 -0.499995 0
    outer loop
      vertex 53.25 60.2974 0
      vertex 50.55 64.974 1.8
      vertex 50.55 64.974 0
    endloop
  endfacet
  facet normal -0.866028 -0.499995 0
    outer loop
      vertex 50.55 64.974 1.8
      vertex 53.25 60.2974 0
      vertex 53.25 60.2974 1.8
    endloop
  endfacet
  facet normal 0.866028 -0.499995 0
    outer loop
      vertex 42.45 60.2974 1.8
      vertex 45.15 64.974 0
      vertex 45.15 64.974 1.8
    endloop
  endfacet
  facet normal 0.866028 -0.499995 0
    outer loop
      vertex 45.15 64.974 0
      vertex 42.45 60.2974 1.8
      vertex 42.45 60.2974 0
    endloop
  endfacet
  facet normal 0 -1 0
    outer loop
      vertex 45.15 64.974 0
      vertex 50.55 64.974 1.8
      vertex 45.15 64.974 1.8
    endloop
  endfacet
  facet normal 0 -1 -0
    outer loop
      vertex 50.55 64.974 1.8
      vertex 45.15 64.974 0
      vertex 50.55 64.974 0
    endloop
  endfacet
  facet normal -0.866024 0.500003 0
    outer loop
      vertex 50.55 55.6209 0
      vertex 53.25 60.2974 1.8
      vertex 53.25 60.2974 0
    endloop
  endfacet
  facet normal -0.866024 0.500003 0
    outer loop
      vertex 53.25 60.2974 1.8
      vertex 50.55 55.6209 0
      vertex 50.55 55.6209 1.8
    endloop
  endfacet
  facet normal 0 1 -0
    outer loop
      vertex 50.55 55.6209 0
      vertex 45.15 55.6209 1.8
      vertex 50.55 55.6209 1.8
    endloop
  endfacet
  facet normal 0 1 0
    outer loop
      vertex 45.15 55.6209 1.8
      vertex 50.55 55.6209 0
      vertex 45.15 55.6209 0
    endloop
  endfacet
  facet normal 0.866024 0.500003 0
    outer loop
      vertex 45.15 55.6209 1.8
      vertex 42.45 60.2974 0
      vertex 42.45 60.2974 1.8
    endloop
  endfacet
  facet normal 0.866024 0.500003 0
    outer loop
      vertex 42.45 60.2974 0
      vertex 45.15 55.6209 1.8
      vertex 45.15 55.6209 0
    endloop
  endfacet
  facet normal -0.866028 -0.499995 0
    outer loop
      vertex 53.25 74.1538 0
      vertex 50.55 78.8304 1.8
      vertex 50.55 78.8304 0
    endloop
  endfacet
  facet normal -0.866028 -0.499995 0
    outer loop
      vertex 50.55 78.8304 1.8
      vertex 53.25 74.1538 0
      vertex 53.25 74.1538 1.8
    endloop
  endfacet
  facet normal 0 1 -0
    outer loop
      vertex 50.55 69.4773 0
      vertex 45.15 69.4773 1.8
      vertex 50.55 69.4773 1.8
    endloop
  endfacet
  facet normal 0 1 0
    outer loop
      vertex 45.15 69.4773 1.8
      vertex 50.55 69.4773 0
      vertex 45.15 69.4773 0
    endloop
  endfacet
  facet normal 0.866028 -0.499995 0
    outer loop
      vertex 42.45 74.1538 1.8
      vertex 45.15 78.8304 0
      vertex 45.15 78.8304 1.8
    endloop
  endfacet
  facet normal 0.866028 -0.499995 0
    outer loop
      vertex 45.15 78.8304 0
      vertex 42.45 74.1538 1.8
      vertex 42.45 74.1538 0
    endloop
  endfacet
  facet normal 0 -1 0
    outer loop
      vertex 45.15 78.8304 0
      vertex 50.55 78.8304 1.8
      vertex 45.15 78.8304 1.8
    endloop
  endfacet
  facet normal 0 -1 -0
    outer loop
      vertex 50.55 78.8304 1.8
      vertex 45.15 78.8304 0
      vertex 50.55 78.8304 0
    endloop
  endfacet
  facet normal 0.866024 0.500003 0
    outer loop
      vertex 45.15 69.4773 1.8
      vertex 42.45 74.1538 0
      vertex 42.45 74.1538 1.8
    endloop
  endfacet
  facet normal 0.866024 0.500003 0
    outer loop
      vertex 42.45 74.1538 0
      vertex 45.15 69.4773 1.8
      vertex 45.15 69.4773 0
    endloop
  endfacet
  facet normal -0.866024 0.500003 0
    outer loop
      vertex 50.55 69.4773 0
      vertex 53.25 74.1538 1.8
      vertex 53.25 74.1538 0
    endloop
  endfacet
  facet normal -0.866024 0.500003 0
    outer loop
      vertex 53.25 74.1538 1.8
      vertex 50.55 69.4773 0
      vertex 50.55 69.4773 1.8
    endloop
  endfacet
  facet normal -0.866023 -0.500004 0
    outer loop
      vertex 51.8703 90.4 0
      vertex 50.55 92.6868 1.8
      vertex 50.55 92.6868 0
    endloop
  endfacet
  facet normal -0.866023 -0.500004 0
    outer loop
      vertex 50.55 92.6868 1.8
      vertex 51.8703 90.4 0
      vertex 51.8703 90.4 1.8
    endloop
  endfacet
  facet normal 0.866023 -0.500004 0
    outer loop
      vertex 43.8297 90.4 1.8
      vertex 45.15 92.6868 0
      vertex 45.15 92.6868 1.8
    endloop
  endfacet
  facet normal 0.866023 -0.500004 0
    outer loop
      vertex 45.15 92.6868 0
      vertex 43.8297 90.4 1.8
      vertex 43.8297 90.4 0
    endloop
  endfacet
  facet normal 0 -1 0
    outer loop
      vertex 45.15 92.6868 0
      vertex 50.55 92.6868 1.8
      vertex 45.15 92.6868 1.8
    endloop
  endfacet
  facet normal 0 -1 -0
    outer loop
      vertex 50.55 92.6868 1.8
      vertex 45.15 92.6868 0
      vertex 50.55 92.6868 0
    endloop
  endfacet
  facet normal -0.866001 -0.500043 0
    outer loop
      vertex 53.25 101.867 0
      vertex 50.55 106.543 1.8
      vertex 50.55 106.543 0
    endloop
  endfacet
  facet normal -0.866001 -0.500043 0
    outer loop
      vertex 50.55 106.543 1.8
      vertex 53.25 101.867 0
      vertex 53.25 101.867 1.8
    endloop
  endfacet
  facet normal 0.866001 -0.500043 0
    outer loop
      vertex 42.45 101.867 1.8
      vertex 45.15 106.543 0
      vertex 45.15 106.543 1.8
    endloop
  endfacet
  facet normal 0.866001 -0.500043 0
    outer loop
      vertex 45.15 106.543 0
      vertex 42.45 101.867 1.8
      vertex 42.45 101.867 0
    endloop
  endfacet
  facet normal 0 -1 0
    outer loop
      vertex 45.15 106.543 0
      vertex 50.55 106.543 1.8
      vertex 45.15 106.543 1.8
    endloop
  endfacet
  facet normal 0 -1 -0
    outer loop
      vertex 50.55 106.543 1.8
      vertex 45.15 106.543 0
      vertex 50.55 106.543 0
    endloop
  endfacet
  facet normal 0.866042 0.499971 0
    outer loop
      vertex 45.15 97.1901 1.8
      vertex 42.45 101.867 0
      vertex 42.45 101.867 1.8
    endloop
  endfacet
  facet normal 0.866042 0.499971 0
    outer loop
      vertex 42.45 101.867 0
      vertex 45.15 97.1901 1.8
      vertex 45.15 97.1901 0
    endloop
  endfacet
  facet normal 0 1 -0
    outer loop
      vertex 50.55 97.1901 0
      vertex 45.15 97.1901 1.8
      vertex 50.55 97.1901 1.8
    endloop
  endfacet
  facet normal 0 1 0
    outer loop
      vertex 45.15 97.1901 1.8
      vertex 50.55 97.1901 0
      vertex 45.15 97.1901 0
    endloop
  endfacet
  facet normal -0.866042 0.499971 0
    outer loop
      vertex 50.55 97.1901 0
      vertex 53.25 101.867 1.8
      vertex 53.25 101.867 0
    endloop
  endfacet
  facet normal -0.866042 0.499971 0
    outer loop
      vertex 53.25 101.867 1.8
      vertex 50.55 97.1901 0
      vertex 50.55 97.1901 1.8
    endloop
  endfacet
  facet normal -1 0 0
    outer loop
      vertex 2.45 114.4 0
      vertex 2.45 102.4 1.6
      vertex 2.45 114.4 1.8
    endloop
  endfacet
  facet normal -1 0 0
    outer loop
      vertex 2.45 114.4 0
      vertex 2.45 92.4 1.6
      vertex 2.45 102.4 1.6
    endloop
  endfacet
  facet normal -1 0 0
    outer loop
      vertex 2.45 92.4 1.6
      vertex 2.45 43.4 1.6
      vertex 2.45 92.4 1.8
    endloop
  endfacet
  facet normal -1 0 0
    outer loop
      vertex 2.45 114.4 0
      vertex 2.45 43.4 1.6
      vertex 2.45 92.4 1.6
    endloop
  endfacet
  facet normal -1 0 0
    outer loop
      vertex 2.45 2.4 0
      vertex 2.45 43.4 1.6
      vertex 2.45 114.4 0
    endloop
  endfacet
  facet normal -1 0 0
    outer loop
      vertex 2.45 5.4 1.8
      vertex 2.45 33.4 1.6
      vertex 2.45 5.4 0.4
    endloop
  endfacet
  facet normal -1 -0 0
    outer loop
      vertex 2.45 43.4 1.6
      vertex 2.45 2.4 0
      vertex 2.45 33.4 1.6
    endloop
  endfacet
  facet normal -1 0 0
    outer loop
      vertex 2.45 33.4 1.6
      vertex 2.45 2.4 0
      vertex 2.45 5.4 0.4
    endloop
  endfacet
  facet normal -1 -0 0
    outer loop
      vertex 2.45 5.4 0.4
      vertex 2.45 2.4 0
      vertex 2.45 2.4 0.4
    endloop
  endfacet
  facet normal -1 -0 0
    outer loop
      vertex 2.45 114.4 1.8
      vertex 2.45 102.4 1.6
      vertex 2.45 102.4 1.8
    endloop
  endfacet
  facet normal -1 -0 0
    outer loop
      vertex 2.45 92.4 1.8
      vertex 2.45 43.4 1.6
      vertex 2.45 43.4 1.8
    endloop
  endfacet
  facet normal -1 0 0
    outer loop
      vertex 2.45 33.4 1.6
      vertex 2.45 5.4 1.8
      vertex 2.45 33.4 1.8
    endloop
  endfacet
  facet normal 0 0 1
    outer loop
      vertex 4.25 26.4149 1.8
      vertex 4.02609 26.75 1.8
      vertex 4.25 24.4 1.8
    endloop
  endfacet
  facet normal 0 0 1
    outer loop
      vertex 4.02609 84.75 1.8
      vertex 4.25 82.4 1.8
      vertex 4.25 84.4149 1.8
    endloop
  endfacet
  facet normal 0 0 1
    outer loop
      vertex 4.25 82.4 1.8
      vertex 3.95 43.4 1.8
      vertex 4.25 32.4 1.8
    endloop
  endfacet
  facet normal 0 0 1
    outer loop
      vertex 3.77732 85.2545 1.8
      vertex 4.25 82.4 1.8
      vertex 4.02609 84.75 1.8
    endloop
  endfacet
  facet normal -0 0 1
    outer loop
      vertex 3.95 33.4 1.8
      vertex 4.25 32.4 1.8
      vertex 3.95 43.4 1.8
    endloop
  endfacet
  facet normal -0 0 1
    outer loop
      vertex 2.45 33.4 1.8
      vertex 4.25 32.4 1.8
      vertex 3.95 33.4 1.8
    endloop
  endfacet
  facet normal 0 0 1
    outer loop
      vertex 3.59652 85.7871 1.8
      vertex 4.25 82.4 1.8
      vertex 3.77732 85.2545 1.8
    endloop
  endfacet
  facet normal 0 0 1
    outer loop
      vertex 4.25 82.4 1.8
      vertex 3.59652 85.7871 1.8
      vertex 2.45 43.4 1.8
    endloop
  endfacet
  facet normal 0 0 1
    outer loop
      vertex 2.45 43.4 1.8
      vertex 3.59652 85.7871 1.8
      vertex 3.48679 86.3387 1.8
    endloop
  endfacet
  facet normal 0 0 1
    outer loop
      vertex 2.45 92.4 1.8
      vertex 3.48679 86.3387 1.8
      vertex 3.45 86.9 1.8
    endloop
  endfacet
  facet normal 0 0 1
    outer loop
      vertex 3.48679 86.3387 1.8
      vertex 2.45 92.4 1.8
      vertex 2.45 43.4 1.8
    endloop
  endfacet
  facet normal 0 0 1
    outer loop
      vertex 4.25 82.4 1.8
      vertex 2.45 43.4 1.8
      vertex 3.95 43.4 1.8
    endloop
  endfacet
  facet normal -0 0 1
    outer loop
      vertex 2.45 92.4 1.8
      vertex 4.25 90.4 1.8
      vertex 3.95 92.4 1.8
    endloop
  endfacet
  facet normal 0 0 1
    outer loop
      vertex 4.25 90.4 1.8
      vertex 2.45 92.4 1.8
      vertex 4.02609 89.05 1.8
    endloop
  endfacet
  facet normal 0 0 1
    outer loop
      vertex 4.02609 89.05 1.8
      vertex 2.45 92.4 1.8
      vertex 3.77732 88.5455 1.8
    endloop
  endfacet
  facet normal 0 0 1
    outer loop
      vertex 3.77732 88.5455 1.8
      vertex 2.45 92.4 1.8
      vertex 3.59652 88.0129 1.8
    endloop
  endfacet
  facet normal 0 0 1
    outer loop
      vertex 3.48679 87.4613 1.8
      vertex 2.45 92.4 1.8
      vertex 3.45 86.9 1.8
    endloop
  endfacet
  facet normal 0 0 1
    outer loop
      vertex 3.59652 88.0129 1.8
      vertex 2.45 92.4 1.8
      vertex 3.48679 87.4613 1.8
    endloop
  endfacet
  facet normal 0 -0 1
    outer loop
      vertex 4.02609 31.05 1.8
      vertex 4.25 32.4 1.8
      vertex 2.45 33.4 1.8
    endloop
  endfacet
  facet normal 0 0 1
    outer loop
      vertex 4.25 32.4 1.8
      vertex 4.02609 31.05 1.8
      vertex 4.25 31.3851 1.8
    endloop
  endfacet
  facet normal 0 0 1
    outer loop
      vertex 4.02609 31.05 1.8
      vertex 2.45 33.4 1.8
      vertex 3.77732 30.5455 1.8
    endloop
  endfacet
  facet normal 0 0 1
    outer loop
      vertex 3.77732 30.5455 1.8
      vertex 2.45 33.4 1.8
      vertex 3.59652 30.0129 1.8
    endloop
  endfacet
  facet normal 0 0 1
    outer loop
      vertex 3.59652 30.0129 1.8
      vertex 2.45 33.4 1.8
      vertex 3.48679 29.4613 1.8
    endloop
  endfacet
  facet normal 0 0 1
    outer loop
      vertex 2.45 33.4 1.8
      vertex 3.45 28.9 1.8
      vertex 3.48679 29.4613 1.8
    endloop
  endfacet
  facet normal 0 0 1
    outer loop
      vertex 2.45 5.4 1.8
      vertex 3.48679 28.3387 1.8
      vertex 2.45 33.4 1.8
    endloop
  endfacet
  facet normal 0 0 1
    outer loop
      vertex 3.48679 28.3387 1.8
      vertex 2.45 5.4 1.8
      vertex 2.65 5.4 1.8
    endloop
  endfacet
  facet normal 0 0 1
    outer loop
      vertex 9.15 71.9022 1.8
      vertex 4.25 82.4 1.8
      vertex 6.45 67.2256 1.8
    endloop
  endfacet
  facet normal 0 0 1
    outer loop
      vertex 6.45 67.2256 1.8
      vertex 4.25 82.4 1.8
      vertex 6.45 53.3692 1.8
    endloop
  endfacet
  facet normal 0 0 1
    outer loop
      vertex 4.25 32.4 1.8
      vertex 6.45 53.3692 1.8
      vertex 4.25 82.4 1.8
    endloop
  endfacet
  facet normal 0 0 1
    outer loop
      vertex 6.45 39.5128 1.8
      vertex 4.25 32.4 1.8
      vertex 6.10446 32.8727 1.8
    endloop
  endfacet
  facet normal 0 0 1
    outer loop
      vertex 6.10446 32.8727 1.8
      vertex 4.25 32.4 1.8
      vertex 5.6 32.6239 1.8
    endloop
  endfacet
  facet normal -0 0 1
    outer loop
      vertex 4.25 82.4 1.8
      vertex 6.45 81.082 1.8
      vertex 7.21093 82.4 1.8
    endloop
  endfacet
  facet normal 0 0 1
    outer loop
      vertex 6.45 53.3692 1.8
      vertex 4.25 32.4 1.8
      vertex 6.45 39.5128 1.8
    endloop
  endfacet
  facet normal 0 0 1
    outer loop
      vertex 5.6 32.6239 1.8
      vertex 4.25 32.4 1.8
      vertex 5.2649 32.4 1.8
    endloop
  endfacet
  facet normal 0 0 1
    outer loop
      vertex 26.55 37.2611 1.8
      vertex 30.45 39.5128 1.8
      vertex 26.55 41.7645 1.8
    endloop
  endfacet
  facet normal 0 0 1
    outer loop
      vertex 30.45 39.5128 1.8
      vertex 26.55 37.2611 1.8
      vertex 29.25 32.5846 1.8
    endloop
  endfacet
  facet normal -0 0 1
    outer loop
      vertex 21.15 41.7645 1.8
      vertex 26.55 37.2611 1.8
      vertex 26.55 41.7645 1.8
    endloop
  endfacet
  facet normal 0 0 1
    outer loop
      vertex 21.15 41.7645 1.8
      vertex 21.15 37.2611 1.8
      vertex 26.55 37.2611 1.8
    endloop
  endfacet
  facet normal 0 0 1
    outer loop
      vertex 17.25 39.5128 1.8
      vertex 21.15 41.7645 1.8
      vertex 18.45 46.441 1.8
    endloop
  endfacet
  facet normal 0 0 1
    outer loop
      vertex 21.15 41.7645 1.8
      vertex 17.25 39.5128 1.8
      vertex 21.15 37.2611 1.8
    endloop
  endfacet
  facet normal 0 0 1
    outer loop
      vertex 26.55 51.1176 1.8
      vertex 30.45 53.3692 1.8
      vertex 26.55 55.6209 1.8
    endloop
  endfacet
  facet normal 0 0 1
    outer loop
      vertex 30.45 53.3692 1.8
      vertex 26.55 51.1176 1.8
      vertex 29.25 46.441 1.8
    endloop
  endfacet
  facet normal -0 0 1
    outer loop
      vertex 21.15 55.6209 1.8
      vertex 26.55 51.1176 1.8
      vertex 26.55 55.6209 1.8
    endloop
  endfacet
  facet normal 0 0 1
    outer loop
      vertex 21.15 55.6209 1.8
      vertex 21.15 51.1176 1.8
      vertex 26.55 51.1176 1.8
    endloop
  endfacet
  facet normal 0 0 1
    outer loop
      vertex 17.25 53.3692 1.8
      vertex 21.15 55.6209 1.8
      vertex 18.45 60.2974 1.8
    endloop
  endfacet
  facet normal 0 0 1
    outer loop
      vertex 21.15 55.6209 1.8
      vertex 17.25 53.3692 1.8
      vertex 21.15 51.1176 1.8
    endloop
  endfacet
  facet normal 0 0 1
    outer loop
      vertex 26.55 64.974 1.8
      vertex 30.45 67.2256 1.8
      vertex 26.55 69.4773 1.8
    endloop
  endfacet
  facet normal 0 0 1
    outer loop
      vertex 30.45 67.2256 1.8
      vertex 26.55 64.974 1.8
      vertex 29.25 60.2974 1.8
    endloop
  endfacet
  facet normal -0 0 1
    outer loop
      vertex 21.15 69.4773 1.8
      vertex 26.55 64.974 1.8
      vertex 26.55 69.4773 1.8
    endloop
  endfacet
  facet normal 0 0 1
    outer loop
      vertex 21.15 69.4773 1.8
      vertex 21.15 64.974 1.8
      vertex 26.55 64.974 1.8
    endloop
  endfacet
  facet normal 0 0 1
    outer loop
      vertex 17.25 67.2256 1.8
      vertex 21.15 69.4773 1.8
      vertex 18.45 74.1538 1.8
    endloop
  endfacet
  facet normal 0 0 1
    outer loop
      vertex 21.15 69.4773 1.8
      vertex 17.25 67.2256 1.8
      vertex 21.15 64.974 1.8
    endloop
  endfacet
  facet normal 0 0 1
    outer loop
      vertex 33.15 71.9022 1.8
      vertex 29.25 74.1538 1.8
      vertex 30.45 67.2256 1.8
    endloop
  endfacet
  facet normal 0 0 1
    outer loop
      vertex 30.45 67.2256 1.8
      vertex 29.25 60.2974 1.8
      vertex 30.45 53.3692 1.8
    endloop
  endfacet
  facet normal -0 0 1
    outer loop
      vertex 26.55 69.4773 1.8
      vertex 30.45 67.2256 1.8
      vertex 29.25 74.1538 1.8
    endloop
  endfacet
  facet normal 0 0 1
    outer loop
      vertex 30.45 81.082 1.8
      vertex 26.55 78.8304 1.8
      vertex 29.25 74.1538 1.8
    endloop
  endfacet
  facet normal 0 0 1
    outer loop
      vertex 31.2109 82.4 1.8
      vertex 26.55 78.8304 1.8
      vertex 30.45 81.082 1.8
    endloop
  endfacet
  facet normal 0 0 1
    outer loop
      vertex 31.2109 82.4 1.8
      vertex 21.15 78.8304 1.8
      vertex 26.55 78.8304 1.8
    endloop
  endfacet
  facet normal 0 0 1
    outer loop
      vertex 21.15 64.974 1.8
      vertex 17.25 67.2256 1.8
      vertex 18.45 60.2974 1.8
    endloop
  endfacet
  facet normal 0 0 1
    outer loop
      vertex 21.15 51.1176 1.8
      vertex 17.25 53.3692 1.8
      vertex 18.45 46.441 1.8
    endloop
  endfacet
  facet normal -0 0 1
    outer loop
      vertex 14.55 76.4055 1.8
      vertex 18.45 74.1538 1.8
      vertex 17.25 81.082 1.8
    endloop
  endfacet
  facet normal 0 0 1
    outer loop
      vertex 21.15 78.8304 1.8
      vertex 17.25 81.082 1.8
      vertex 18.45 74.1538 1.8
    endloop
  endfacet
  facet normal -0 0 1
    outer loop
      vertex 16.4891 82.4 1.8
      vertex 21.15 78.8304 1.8
      vertex 31.2109 82.4 1.8
    endloop
  endfacet
  facet normal 0 0 1
    outer loop
      vertex 21.15 78.8304 1.8
      vertex 16.4891 82.4 1.8
      vertex 17.25 81.082 1.8
    endloop
  endfacet
  facet normal 0 0 1
    outer loop
      vertex 60.25 24.4 1.8
      vertex 50.55 23.4047 1.8
      vertex 53.25 18.7282 1.8
    endloop
  endfacet
  facet normal -0 0 1
    outer loop
      vertex 40.5246 24.4 1.8
      vertex 50.55 23.4047 1.8
      vertex 60.25 24.4 1.8
    endloop
  endfacet
  facet normal 0 0 1
    outer loop
      vertex 50.55 23.4047 1.8
      vertex 40.5246 24.4 1.8
      vertex 45.15 23.4047 1.8
    endloop
  endfacet
  facet normal 0 0 1
    outer loop
      vertex 40.5246 24.4 1.8
      vertex 42.45 18.7282 1.8
      vertex 45.15 23.4047 1.8
    endloop
  endfacet
  facet normal -0 0 1
    outer loop
      vertex 38.55 20.9799 1.8
      vertex 42.45 18.7282 1.8
      vertex 40.5246 24.4 1.8
    endloop
  endfacet
  facet normal 0 0 1
    outer loop
      vertex 42.45 18.7282 1.8
      vertex 38.55 20.9799 1.8
      vertex 38.55 16.4765 1.8
    endloop
  endfacet
  facet normal 0 0 1
    outer loop
      vertex 42.45 18.7282 1.8
      vertex 38.55 16.4765 1.8
      vertex 41.25 11.8 1.8
    endloop
  endfacet
  facet normal -0 0 1
    outer loop
      vertex 33.15 20.9799 1.8
      vertex 38.55 16.4765 1.8
      vertex 38.55 20.9799 1.8
    endloop
  endfacet
  facet normal 0 0 1
    outer loop
      vertex 33.15 20.9799 1.8
      vertex 33.15 16.4765 1.8
      vertex 38.55 16.4765 1.8
    endloop
  endfacet
  facet normal 0 0 1
    outer loop
      vertex 29.25 18.7282 1.8
      vertex 33.15 20.9799 1.8
      vertex 31.1754 24.4 1.8
    endloop
  endfacet
  facet normal 0 0 1
    outer loop
      vertex 33.15 20.9799 1.8
      vertex 29.25 18.7282 1.8
      vertex 33.15 16.4765 1.8
    endloop
  endfacet
  facet normal 0 0 1
    outer loop
      vertex 33.15 16.4765 1.8
      vertex 29.25 18.7282 1.8
      vertex 30.45 11.8 1.8
    endloop
  endfacet
  facet normal 0 0 1
    outer loop
      vertex 31.1754 24.4 1.8
      vertex 26.55 23.4047 1.8
      vertex 29.25 18.7282 1.8
    endloop
  endfacet
  facet normal 0 0 1
    outer loop
      vertex 31.1754 24.4 1.8
      vertex 21.15 23.4047 1.8
      vertex 26.55 23.4047 1.8
    endloop
  endfacet
  facet normal -0 0 1
    outer loop
      vertex 16.5246 24.4 1.8
      vertex 21.15 23.4047 1.8
      vertex 31.1754 24.4 1.8
    endloop
  endfacet
  facet normal 0 0 1
    outer loop
      vertex 16.5246 24.4 1.8
      vertex 18.45 18.7282 1.8
      vertex 21.15 23.4047 1.8
    endloop
  endfacet
  facet normal -0 0 1
    outer loop
      vertex 14.55 20.9799 1.8
      vertex 18.45 18.7282 1.8
      vertex 16.5246 24.4 1.8
    endloop
  endfacet
  facet normal 0 0 1
    outer loop
      vertex 18.45 18.7282 1.8
      vertex 14.55 20.9799 1.8
      vertex 14.55 16.4765 1.8
    endloop
  endfacet
  facet normal 0 0 1
    outer loop
      vertex 18.45 18.7282 1.8
      vertex 14.55 16.4765 1.8
      vertex 17.25 11.8 1.8
    endloop
  endfacet
  facet normal -0 0 1
    outer loop
      vertex 9.15 20.9799 1.8
      vertex 14.55 16.4765 1.8
      vertex 14.55 20.9799 1.8
    endloop
  endfacet
  facet normal 0 0 1
    outer loop
      vertex 9.15 20.9799 1.8
      vertex 9.15 16.4765 1.8
      vertex 14.55 16.4765 1.8
    endloop
  endfacet
  facet normal -0 0 1
    outer loop
      vertex 4.25 24.4 1.8
      vertex 9.15 20.9799 1.8
      vertex 7.17539 24.4 1.8
    endloop
  endfacet
  facet normal 0 0 1
    outer loop
      vertex 9.15 20.9799 1.8
      vertex 4.25 24.4 1.8
      vertex 9.15 16.4765 1.8
    endloop
  endfacet
  facet normal 0 0 1
    outer loop
      vertex 9.15 16.4765 1.8
      vertex 4.25 24.4 1.8
      vertex 6.45 11.8 1.8
    endloop
  endfacet
  facet normal 0 0 1
    outer loop
      vertex 55.6371 33.0535 1.8
      vertex 50.55 37.2611 1.8
      vertex 55.1045 32.8727 1.8
    endloop
  endfacet
  facet normal 0 0 1
    outer loop
      vertex 55.1045 32.8727 1.8
      vertex 50.55 37.2611 1.8
      vertex 53.25 32.5846 1.8
    endloop
  endfacet
  facet normal -0 0 1
    outer loop
      vertex 45.15 41.7645 1.8
      vertex 50.55 37.2611 1.8
      vertex 50.55 41.7645 1.8
    endloop
  endfacet
  facet normal 0 0 1
    outer loop
      vertex 45.15 41.7645 1.8
      vertex 45.15 37.2611 1.8
      vertex 50.55 37.2611 1.8
    endloop
  endfacet
  facet normal 0 0 1
    outer loop
      vertex 41.25 39.5128 1.8
      vertex 45.15 41.7645 1.8
      vertex 42.45 46.441 1.8
    endloop
  endfacet
  facet normal 0 0 1
    outer loop
      vertex 45.15 41.7645 1.8
      vertex 41.25 39.5128 1.8
      vertex 45.15 37.2611 1.8
    endloop
  endfacet
  facet normal -0 0 1
    outer loop
      vertex 50.55 55.6209 1.8
      vertex 53.25 46.441 1.8
      vertex 53.25 60.2974 1.8
    endloop
  endfacet
  facet normal 0 0 1
    outer loop
      vertex 50.55 55.6209 1.8
      vertex 50.55 51.1176 1.8
      vertex 53.25 46.441 1.8
    endloop
  endfacet
  facet normal -0 0 1
    outer loop
      vertex 45.15 55.6209 1.8
      vertex 50.55 51.1176 1.8
      vertex 50.55 55.6209 1.8
    endloop
  endfacet
  facet normal 0 0 1
    outer loop
      vertex 45.15 55.6209 1.8
      vertex 45.15 51.1176 1.8
      vertex 50.55 51.1176 1.8
    endloop
  endfacet
  facet normal 0 0 1
    outer loop
      vertex 41.25 53.3692 1.8
      vertex 45.15 55.6209 1.8
      vertex 42.45 60.2974 1.8
    endloop
  endfacet
  facet normal 0 0 1
    outer loop
      vertex 45.15 55.6209 1.8
      vertex 41.25 53.3692 1.8
      vertex 45.15 51.1176 1.8
    endloop
  endfacet
  facet normal -0 0 1
    outer loop
      vertex 50.55 69.4773 1.8
      vertex 53.25 60.2974 1.8
      vertex 53.25 74.1538 1.8
    endloop
  endfacet
  facet normal 0 0 1
    outer loop
      vertex 50.55 69.4773 1.8
      vertex 50.55 64.974 1.8
      vertex 53.25 60.2974 1.8
    endloop
  endfacet
  facet normal -0 0 1
    outer loop
      vertex 45.15 69.4773 1.8
      vertex 50.55 64.974 1.8
      vertex 50.55 69.4773 1.8
    endloop
  endfacet
  facet normal 0 0 1
    outer loop
      vertex 45.15 69.4773 1.8
      vertex 45.15 64.974 1.8
      vertex 50.55 64.974 1.8
    endloop
  endfacet
  facet normal 0 0 1
    outer loop
      vertex 41.25 67.2256 1.8
      vertex 45.15 69.4773 1.8
      vertex 42.45 74.1538 1.8
    endloop
  endfacet
  facet normal 0 0 1
    outer loop
      vertex 45.15 69.4773 1.8
      vertex 41.25 67.2256 1.8
      vertex 45.15 64.974 1.8
    endloop
  endfacet
  facet normal 0 0 1
    outer loop
      vertex 60.55 43.4 1.8
      vertex 59.2351 32.4 1.8
      vertex 60.25 32.4 1.8
    endloop
  endfacet
  facet normal -0 0 1
    outer loop
      vertex 53.25 46.441 1.8
      vertex 60.55 43.4 1.8
      vertex 53.25 60.2974 1.8
    endloop
  endfacet
  facet normal 0 0 1
    outer loop
      vertex 50.55 41.7645 1.8
      vertex 60.55 43.4 1.8
      vertex 53.25 46.441 1.8
    endloop
  endfacet
  facet normal 0 0 1
    outer loop
      vertex 60.55 43.4 1.8
      vertex 58.9 32.6239 1.8
      vertex 59.2351 32.4 1.8
    endloop
  endfacet
  facet normal 0 0 1
    outer loop
      vertex 60.55 43.4 1.8
      vertex 58.3955 32.8727 1.8
      vertex 58.9 32.6239 1.8
    endloop
  endfacet
  facet normal 0 0 1
    outer loop
      vertex 60.55 43.4 1.8
      vertex 57.8629 33.0535 1.8
      vertex 58.3955 32.8727 1.8
    endloop
  endfacet
  facet normal 0 0 1
    outer loop
      vertex 60.55 43.4 1.8
      vertex 57.3113 33.1632 1.8
      vertex 57.8629 33.0535 1.8
    endloop
  endfacet
  facet normal -0 0 1
    outer loop
      vertex 50.55 37.2611 1.8
      vertex 56.75 33.2 1.8
      vertex 60.55 43.4 1.8
    endloop
  endfacet
  facet normal 0 0 1
    outer loop
      vertex 50.55 37.2611 1.8
      vertex 60.55 43.4 1.8
      vertex 50.55 41.7645 1.8
    endloop
  endfacet
  facet normal 0 0 1
    outer loop
      vertex 56.75 33.2 1.8
      vertex 50.55 37.2611 1.8
      vertex 56.1887 33.1632 1.8
    endloop
  endfacet
  facet normal 0 0 1
    outer loop
      vertex 56.1887 33.1632 1.8
      vertex 50.55 37.2611 1.8
      vertex 55.6371 33.0535 1.8
    endloop
  endfacet
  facet normal 0 0 1
    outer loop
      vertex 53.25 60.2974 1.8
      vertex 60.25 82.4 1.8
      vertex 53.25 74.1538 1.8
    endloop
  endfacet
  facet normal 0 0 1
    outer loop
      vertex 60.25 82.4 1.8
      vertex 50.55 78.8304 1.8
      vertex 53.25 74.1538 1.8
    endloop
  endfacet
  facet normal -0 0 1
    outer loop
      vertex 40.4891 82.4 1.8
      vertex 50.55 78.8304 1.8
      vertex 60.25 82.4 1.8
    endloop
  endfacet
  facet normal 0 0 1
    outer loop
      vertex 45.15 64.974 1.8
      vertex 41.25 67.2256 1.8
      vertex 42.45 60.2974 1.8
    endloop
  endfacet
  facet normal 0 0 1
    outer loop
      vertex 45.15 51.1176 1.8
      vertex 41.25 53.3692 1.8
      vertex 42.45 46.441 1.8
    endloop
  endfacet
  facet normal -0 0 1
    outer loop
      vertex 38.55 76.4055 1.8
      vertex 42.45 74.1538 1.8
      vertex 41.25 81.082 1.8
    endloop
  endfacet
  facet normal 0 0 1
    outer loop
      vertex 45.15 78.8304 1.8
      vertex 41.25 81.082 1.8
      vertex 42.45 74.1538 1.8
    endloop
  endfacet
  facet normal 0 0 1
    outer loop
      vertex 50.55 78.8304 1.8
      vertex 40.4891 82.4 1.8
      vertex 45.15 78.8304 1.8
    endloop
  endfacet
  facet normal 0 0 1
    outer loop
      vertex 45.15 78.8304 1.8
      vertex 40.4891 82.4 1.8
      vertex 41.25 81.082 1.8
    endloop
  endfacet
  facet normal 0 0 1
    outer loop
      vertex 60.4739 89.05 1.8
      vertex 60.25 90.4 1.8
      vertex 60.25 89.3851 1.8
    endloop
  endfacet
  facet normal -0 0 1
    outer loop
      vertex 54.25 110.7 1.8
      vertex 60.55 102.4 1.8
      vertex 59.25 110.7 1.8
    endloop
  endfacet
  facet normal 0 -0 1
    outer loop
      vertex 56.75 91.2 1.8
      vertex 60.55 102.4 1.8
      vertex 53.25 101.867 1.8
    endloop
  endfacet
  facet normal 0 0 1
    outer loop
      vertex 60.25 90.4 1.8
      vertex 58.9 90.6239 1.8
      vertex 59.2351 90.4 1.8
    endloop
  endfacet
  facet normal 0 0 1
    outer loop
      vertex 60.55 102.4 1.8
      vertex 58.3955 90.8727 1.8
      vertex 60.25 90.4 1.8
    endloop
  endfacet
  facet normal 0 0 1
    outer loop
      vertex 60.25 90.4 1.8
      vertex 58.3955 90.8727 1.8
      vertex 58.9 90.6239 1.8
    endloop
  endfacet
  facet normal 0 0 1
    outer loop
      vertex 60.55 102.4 1.8
      vertex 57.8629 91.0535 1.8
      vertex 58.3955 90.8727 1.8
    endloop
  endfacet
  facet normal 0 0 1
    outer loop
      vertex 60.55 102.4 1.8
      vertex 57.3113 91.1632 1.8
      vertex 57.8629 91.0535 1.8
    endloop
  endfacet
  facet normal 0 0 1
    outer loop
      vertex 60.55 102.4 1.8
      vertex 56.75 91.2 1.8
      vertex 57.3113 91.1632 1.8
    endloop
  endfacet
  facet normal -0 0 1
    outer loop
      vertex 50.55 97.1901 1.8
      vertex 56.75 91.2 1.8
      vertex 53.25 101.867 1.8
    endloop
  endfacet
  facet normal 0 0 1
    outer loop
      vertex 56.75 91.2 1.8
      vertex 50.55 97.1901 1.8
      vertex 56.1887 91.1632 1.8
    endloop
  endfacet
  facet normal 0 0 1
    outer loop
      vertex 56.1887 91.1632 1.8
      vertex 50.55 97.1901 1.8
      vertex 55.6371 91.0535 1.8
    endloop
  endfacet
  facet normal -0 0 1
    outer loop
      vertex 50.55 92.6868 1.8
      vertex 55.6371 91.0535 1.8
      vertex 50.55 97.1901 1.8
    endloop
  endfacet
  facet normal 0 0 1
    outer loop
      vertex 60.55 102.4 1.8
      vertex 54.25 110.7 1.8
      vertex 53.25 101.867 1.8
    endloop
  endfacet
  facet normal 0 0 1
    outer loop
      vertex 55.6371 91.0535 1.8
      vertex 50.55 92.6868 1.8
      vertex 55.1045 90.8727 1.8
    endloop
  endfacet
  facet normal 0 0 1
    outer loop
      vertex 55.1045 90.8727 1.8
      vertex 50.55 92.6868 1.8
      vertex 54.6 90.6239 1.8
    endloop
  endfacet
  facet normal 0 -0 1
    outer loop
      vertex 51.8703 90.4 1.8
      vertex 54.6 90.6239 1.8
      vertex 50.55 92.6868 1.8
    endloop
  endfacet
  facet normal 0 0 1
    outer loop
      vertex 54.6 90.6239 1.8
      vertex 51.8703 90.4 1.8
      vertex 54.2649 90.4 1.8
    endloop
  endfacet
  facet normal -0 0 1
    outer loop
      vertex 45.15 97.1901 1.8
      vertex 50.55 92.6868 1.8
      vertex 50.55 97.1901 1.8
    endloop
  endfacet
  facet normal 0 0 1
    outer loop
      vertex 45.15 97.1901 1.8
      vertex 45.15 92.6868 1.8
      vertex 50.55 92.6868 1.8
    endloop
  endfacet
  facet normal -0 0 1
    outer loop
      vertex 41.25 94.9384 1.8
      vertex 45.15 92.6868 1.8
      vertex 45.15 97.1901 1.8
    endloop
  endfacet
  facet normal 0 0 1
    outer loop
      vertex 41.25 94.9384 1.8
      vertex 45.15 97.1901 1.8
      vertex 42.45 101.867 1.8
    endloop
  endfacet
  facet normal 0 0 1
    outer loop
      vertex 45.15 92.6868 1.8
      vertex 41.25 94.9384 1.8
      vertex 43.8297 90.4 1.8
    endloop
  endfacet
  facet normal 0 0 1
    outer loop
      vertex 43.8297 90.4 1.8
      vertex 41.25 94.9384 1.8
      vertex 38.6297 90.4 1.8
    endloop
  endfacet
  facet normal 0 0 1
    outer loop
      vertex 60.55 43.4 1.8
      vertex 56.75 33.2 1.8
      vertex 57.3113 33.1632 1.8
    endloop
  endfacet
  facet normal 0 0 1
    outer loop
      vertex 55.1045 32.8727 1.8
      vertex 53.25 32.5846 1.8
      vertex 54.6 32.6239 1.8
    endloop
  endfacet
  facet normal 0 0 1
    outer loop
      vertex 54.6 32.6239 1.8
      vertex 53.25 32.5846 1.8
      vertex 54.2649 32.4 1.8
    endloop
  endfacet
  facet normal 0 0 1
    outer loop
      vertex 54.2649 32.4 1.8
      vertex 53.25 32.5846 1.8
      vertex 53.1434 32.4 1.8
    endloop
  endfacet
  facet normal -0 0 1
    outer loop
      vertex 38.55 62.5491 1.8
      vertex 42.45 60.2974 1.8
      vertex 41.25 67.2256 1.8
    endloop
  endfacet
  facet normal -0 0 1
    outer loop
      vertex 38.55 48.6927 1.8
      vertex 42.45 46.441 1.8
      vertex 41.25 53.3692 1.8
    endloop
  endfacet
  facet normal 0 0 1
    outer loop
      vertex 45.15 37.2611 1.8
      vertex 41.25 39.5128 1.8
      vertex 42.45 32.5846 1.8
    endloop
  endfacet
  facet normal -0 0 1
    outer loop
      vertex 38.55 34.8363 1.8
      vertex 42.45 32.5846 1.8
      vertex 41.25 39.5128 1.8
    endloop
  endfacet
  facet normal 0 0 1
    outer loop
      vertex 38.55 34.8363 1.8
      vertex 42.5566 32.4 1.8
      vertex 42.45 32.5846 1.8
    endloop
  endfacet
  facet normal -0 0 1
    outer loop
      vertex 33.15 34.8363 1.8
      vertex 42.5566 32.4 1.8
      vertex 38.55 34.8363 1.8
    endloop
  endfacet
  facet normal -0 0 1
    outer loop
      vertex 26.55 55.6209 1.8
      vertex 30.45 53.3692 1.8
      vertex 29.25 60.2974 1.8
    endloop
  endfacet
  facet normal 0 0 1
    outer loop
      vertex 30.45 53.3692 1.8
      vertex 29.25 46.441 1.8
      vertex 30.45 39.5128 1.8
    endloop
  endfacet
  facet normal -0 0 1
    outer loop
      vertex 26.55 41.7645 1.8
      vertex 30.45 39.5128 1.8
      vertex 29.25 46.441 1.8
    endloop
  endfacet
  facet normal 0 0 1
    outer loop
      vertex 29.25 32.5846 1.8
      vertex 33.15 34.8363 1.8
      vertex 30.45 39.5128 1.8
    endloop
  endfacet
  facet normal 0 0 1
    outer loop
      vertex 29.1434 32.4 1.8
      vertex 33.15 34.8363 1.8
      vertex 29.25 32.5846 1.8
    endloop
  endfacet
  facet normal 0 0 1
    outer loop
      vertex 33.15 34.8363 1.8
      vertex 29.1434 32.4 1.8
      vertex 42.5566 32.4 1.8
    endloop
  endfacet
  facet normal 0 0 1
    outer loop
      vertex 38.55 44.1894 1.8
      vertex 42.45 46.441 1.8
      vertex 38.55 48.6927 1.8
    endloop
  endfacet
  facet normal 0 0 1
    outer loop
      vertex 42.45 46.441 1.8
      vertex 38.55 44.1894 1.8
      vertex 41.25 39.5128 1.8
    endloop
  endfacet
  facet normal -0 0 1
    outer loop
      vertex 33.15 48.6927 1.8
      vertex 38.55 44.1894 1.8
      vertex 38.55 48.6927 1.8
    endloop
  endfacet
  facet normal 0 0 1
    outer loop
      vertex 33.15 48.6927 1.8
      vertex 33.15 44.1894 1.8
      vertex 38.55 44.1894 1.8
    endloop
  endfacet
  facet normal 0 0 1
    outer loop
      vertex 30.45 53.3692 1.8
      vertex 33.15 44.1894 1.8
      vertex 33.15 48.6927 1.8
    endloop
  endfacet
  facet normal 0 0 1
    outer loop
      vertex 33.15 44.1894 1.8
      vertex 30.45 53.3692 1.8
      vertex 30.45 39.5128 1.8
    endloop
  endfacet
  facet normal 0 0 1
    outer loop
      vertex 38.55 58.0458 1.8
      vertex 42.45 60.2974 1.8
      vertex 38.55 62.5491 1.8
    endloop
  endfacet
  facet normal 0 0 1
    outer loop
      vertex 42.45 60.2974 1.8
      vertex 38.55 58.0458 1.8
      vertex 41.25 53.3692 1.8
    endloop
  endfacet
  facet normal -0 0 1
    outer loop
      vertex 33.15 62.5491 1.8
      vertex 38.55 58.0458 1.8
      vertex 38.55 62.5491 1.8
    endloop
  endfacet
  facet normal 0 0 1
    outer loop
      vertex 33.15 62.5491 1.8
      vertex 33.15 58.0458 1.8
      vertex 38.55 58.0458 1.8
    endloop
  endfacet
  facet normal 0 0 1
    outer loop
      vertex 30.45 67.2256 1.8
      vertex 33.15 58.0458 1.8
      vertex 33.15 62.5491 1.8
    endloop
  endfacet
  facet normal 0 0 1
    outer loop
      vertex 33.15 58.0458 1.8
      vertex 30.45 67.2256 1.8
      vertex 30.45 53.3692 1.8
    endloop
  endfacet
  facet normal 0 0 1
    outer loop
      vertex 38.55 71.9022 1.8
      vertex 42.45 74.1538 1.8
      vertex 38.55 76.4055 1.8
    endloop
  endfacet
  facet normal 0 0 1
    outer loop
      vertex 42.45 74.1538 1.8
      vertex 38.55 71.9022 1.8
      vertex 41.25 67.2256 1.8
    endloop
  endfacet
  facet normal -0 0 1
    outer loop
      vertex 33.15 76.4055 1.8
      vertex 38.55 71.9022 1.8
      vertex 38.55 76.4055 1.8
    endloop
  endfacet
  facet normal 0 0 1
    outer loop
      vertex 33.15 76.4055 1.8
      vertex 33.15 71.9022 1.8
      vertex 38.55 71.9022 1.8
    endloop
  endfacet
  facet normal 0 0 1
    outer loop
      vertex 29.25 74.1538 1.8
      vertex 33.15 76.4055 1.8
      vertex 30.45 81.082 1.8
    endloop
  endfacet
  facet normal 0 0 1
    outer loop
      vertex 33.15 76.4055 1.8
      vertex 29.25 74.1538 1.8
      vertex 33.15 71.9022 1.8
    endloop
  endfacet
  facet normal 0 0 1
    outer loop
      vertex 30.45 94.9384 1.8
      vertex 27.8703 90.4 1.8
      vertex 33.0703 90.4 1.8
    endloop
  endfacet
  facet normal -0 0 1
    outer loop
      vertex 26.55 97.1901 1.8
      vertex 30.45 94.9384 1.8
      vertex 29.25 101.867 1.8
    endloop
  endfacet
  facet normal 0 0 1
    outer loop
      vertex 26.55 92.6868 1.8
      vertex 30.45 94.9384 1.8
      vertex 26.55 97.1901 1.8
    endloop
  endfacet
  facet normal 0 0 1
    outer loop
      vertex 30.45 94.9384 1.8
      vertex 26.55 92.6868 1.8
      vertex 27.8703 90.4 1.8
    endloop
  endfacet
  facet normal -0 0 1
    outer loop
      vertex 21.15 97.1901 1.8
      vertex 26.55 92.6868 1.8
      vertex 26.55 97.1901 1.8
    endloop
  endfacet
  facet normal 0 0 1
    outer loop
      vertex 21.15 97.1901 1.8
      vertex 21.15 92.6868 1.8
      vertex 26.55 92.6868 1.8
    endloop
  endfacet
  facet normal -0 0 1
    outer loop
      vertex 17.25 94.9384 1.8
      vertex 21.15 92.6868 1.8
      vertex 21.15 97.1901 1.8
    endloop
  endfacet
  facet normal 0 0 1
    outer loop
      vertex 17.25 94.9384 1.8
      vertex 21.15 97.1901 1.8
      vertex 18.45 101.867 1.8
    endloop
  endfacet
  facet normal 0 0 1
    outer loop
      vertex 21.15 92.6868 1.8
      vertex 17.25 94.9384 1.8
      vertex 19.8297 90.4 1.8
    endloop
  endfacet
  facet normal 0 0 1
    outer loop
      vertex 19.8297 90.4 1.8
      vertex 17.25 94.9384 1.8
      vertex 14.6297 90.4 1.8
    endloop
  endfacet
  facet normal -0 0 1
    outer loop
      vertex 14.55 62.5491 1.8
      vertex 18.45 60.2974 1.8
      vertex 17.25 67.2256 1.8
    endloop
  endfacet
  facet normal -0 0 1
    outer loop
      vertex 14.55 48.6927 1.8
      vertex 18.45 46.441 1.8
      vertex 17.25 53.3692 1.8
    endloop
  endfacet
  facet normal 0 0 1
    outer loop
      vertex 21.15 37.2611 1.8
      vertex 17.25 39.5128 1.8
      vertex 18.45 32.5846 1.8
    endloop
  endfacet
  facet normal -0 0 1
    outer loop
      vertex 14.55 34.8363 1.8
      vertex 18.45 32.5846 1.8
      vertex 17.25 39.5128 1.8
    endloop
  endfacet
  facet normal 0 0 1
    outer loop
      vertex 14.55 34.8363 1.8
      vertex 18.5566 32.4 1.8
      vertex 18.45 32.5846 1.8
    endloop
  endfacet
  facet normal 0 0 1
    outer loop
      vertex 14.55 34.8363 1.8
      vertex 10.2351 32.4 1.8
      vertex 18.5566 32.4 1.8
    endloop
  endfacet
  facet normal -0 0 1
    outer loop
      vertex 9.15 34.8363 1.8
      vertex 10.2351 32.4 1.8
      vertex 14.55 34.8363 1.8
    endloop
  endfacet
  facet normal 0 0 1
    outer loop
      vertex 10.2351 32.4 1.8
      vertex 9.15 34.8363 1.8
      vertex 9.9 32.6239 1.8
    endloop
  endfacet
  facet normal 0 0 1
    outer loop
      vertex 9.9 32.6239 1.8
      vertex 9.15 34.8363 1.8
      vertex 9.39554 32.8727 1.8
    endloop
  endfacet
  facet normal 0 0 1
    outer loop
      vertex 9.15 34.8363 1.8
      vertex 8.86292 33.0535 1.8
      vertex 9.39554 32.8727 1.8
    endloop
  endfacet
  facet normal 0 0 1
    outer loop
      vertex 9.15 34.8363 1.8
      vertex 8.31126 33.1632 1.8
      vertex 8.86292 33.0535 1.8
    endloop
  endfacet
  facet normal 0 0 1
    outer loop
      vertex 9.15 34.8363 1.8
      vertex 7.75 33.2 1.8
      vertex 8.31126 33.1632 1.8
    endloop
  endfacet
  facet normal 0 0 1
    outer loop
      vertex 9.15 34.8363 1.8
      vertex 7.18874 33.1632 1.8
      vertex 7.75 33.2 1.8
    endloop
  endfacet
  facet normal 0 0 1
    outer loop
      vertex 9.15 34.8363 1.8
      vertex 6.63708 33.0535 1.8
      vertex 7.18874 33.1632 1.8
    endloop
  endfacet
  facet normal 0 0 1
    outer loop
      vertex 6.45 39.5128 1.8
      vertex 6.63708 33.0535 1.8
      vertex 9.15 34.8363 1.8
    endloop
  endfacet
  facet normal 0 0 1
    outer loop
      vertex 6.63708 33.0535 1.8
      vertex 6.45 39.5128 1.8
      vertex 6.10446 32.8727 1.8
    endloop
  endfacet
  facet normal 0 0 1
    outer loop
      vertex 14.55 44.1894 1.8
      vertex 18.45 46.441 1.8
      vertex 14.55 48.6927 1.8
    endloop
  endfacet
  facet normal 0 0 1
    outer loop
      vertex 18.45 46.441 1.8
      vertex 14.55 44.1894 1.8
      vertex 17.25 39.5128 1.8
    endloop
  endfacet
  facet normal -0 0 1
    outer loop
      vertex 9.15 48.6927 1.8
      vertex 14.55 44.1894 1.8
      vertex 14.55 48.6927 1.8
    endloop
  endfacet
  facet normal 0 0 1
    outer loop
      vertex 9.15 48.6927 1.8
      vertex 9.15 44.1894 1.8
      vertex 14.55 44.1894 1.8
    endloop
  endfacet
  facet normal 0 0 1
    outer loop
      vertex 6.45 53.3692 1.8
      vertex 9.15 44.1894 1.8
      vertex 9.15 48.6927 1.8
    endloop
  endfacet
  facet normal 0 0 1
    outer loop
      vertex 9.15 44.1894 1.8
      vertex 6.45 53.3692 1.8
      vertex 6.45 39.5128 1.8
    endloop
  endfacet
  facet normal 0 0 1
    outer loop
      vertex 14.55 58.0458 1.8
      vertex 18.45 60.2974 1.8
      vertex 14.55 62.5491 1.8
    endloop
  endfacet
  facet normal 0 0 1
    outer loop
      vertex 18.45 60.2974 1.8
      vertex 14.55 58.0458 1.8
      vertex 17.25 53.3692 1.8
    endloop
  endfacet
  facet normal -0 0 1
    outer loop
      vertex 9.15 62.5491 1.8
      vertex 14.55 58.0458 1.8
      vertex 14.55 62.5491 1.8
    endloop
  endfacet
  facet normal 0 0 1
    outer loop
      vertex 9.15 62.5491 1.8
      vertex 9.15 58.0458 1.8
      vertex 14.55 58.0458 1.8
    endloop
  endfacet
  facet normal 0 0 1
    outer loop
      vertex 6.45 67.2256 1.8
      vertex 9.15 58.0458 1.8
      vertex 9.15 62.5491 1.8
    endloop
  endfacet
  facet normal 0 0 1
    outer loop
      vertex 9.15 58.0458 1.8
      vertex 6.45 67.2256 1.8
      vertex 6.45 53.3692 1.8
    endloop
  endfacet
  facet normal 0 0 1
    outer loop
      vertex 14.55 71.9022 1.8
      vertex 18.45 74.1538 1.8
      vertex 14.55 76.4055 1.8
    endloop
  endfacet
  facet normal 0 0 1
    outer loop
      vertex 18.45 74.1538 1.8
      vertex 14.55 71.9022 1.8
      vertex 17.25 67.2256 1.8
    endloop
  endfacet
  facet normal -0 0 1
    outer loop
      vertex 9.15 76.4055 1.8
      vertex 14.55 71.9022 1.8
      vertex 14.55 76.4055 1.8
    endloop
  endfacet
  facet normal 0 0 1
    outer loop
      vertex 9.15 76.4055 1.8
      vertex 9.15 71.9022 1.8
      vertex 14.55 71.9022 1.8
    endloop
  endfacet
  facet normal 0 0 1
    outer loop
      vertex 4.25 82.4 1.8
      vertex 9.15 76.4055 1.8
      vertex 6.45 81.082 1.8
    endloop
  endfacet
  facet normal 0 0 1
    outer loop
      vertex 9.15 76.4055 1.8
      vertex 4.25 82.4 1.8
      vertex 9.15 71.9022 1.8
    endloop
  endfacet
  facet normal 0 0 1
    outer loop
      vertex 18.45 101.867 1.8
      vertex 10.25 110.7 1.8
      vertex 14.55 99.615 1.8
    endloop
  endfacet
  facet normal 0 0 1
    outer loop
      vertex 10.25 110.7 1.8
      vertex 9.15 99.615 1.8
      vertex 14.55 99.615 1.8
    endloop
  endfacet
  facet normal -0 0 1
    outer loop
      vertex 3.95 102.4 1.8
      vertex 9.15 99.615 1.8
      vertex 10.25 110.7 1.8
    endloop
  endfacet
  facet normal 0 0 1
    outer loop
      vertex 6.63708 91.0535 1.8
      vertex 3.95 92.4 1.8
      vertex 6.10446 90.8727 1.8
    endloop
  endfacet
  facet normal 0 0 1
    outer loop
      vertex 6.10446 90.8727 1.8
      vertex 3.95 92.4 1.8
      vertex 5.6 90.6239 1.8
    endloop
  endfacet
  facet normal 0 0 1
    outer loop
      vertex 9.15 99.615 1.8
      vertex 3.95 102.4 1.8
      vertex 6.45 94.9384 1.8
    endloop
  endfacet
  facet normal 0 0 1
    outer loop
      vertex 3.95 102.4 1.8
      vertex 10.25 110.7 1.8
      vertex 5.25 110.7 1.8
    endloop
  endfacet
  facet normal 0 0 1
    outer loop
      vertex 3.95 92.4 1.8
      vertex 6.45 94.9384 1.8
      vertex 3.95 102.4 1.8
    endloop
  endfacet
  facet normal 0 0 1
    outer loop
      vertex 6.45 94.9384 1.8
      vertex 8.31126 91.1632 1.8
      vertex 8.67093 91.0917 1.8
    endloop
  endfacet
  facet normal 0 0 1
    outer loop
      vertex 6.45 94.9384 1.8
      vertex 7.75 91.2 1.8
      vertex 8.31126 91.1632 1.8
    endloop
  endfacet
  facet normal 0 0 1
    outer loop
      vertex 6.45 94.9384 1.8
      vertex 7.18874 91.1632 1.8
      vertex 7.75 91.2 1.8
    endloop
  endfacet
  facet normal 0 0 1
    outer loop
      vertex 6.45 94.9384 1.8
      vertex 6.63708 91.0535 1.8
      vertex 7.18874 91.1632 1.8
    endloop
  endfacet
  facet normal -0 0 1
    outer loop
      vertex 3.95 92.4 1.8
      vertex 6.63708 91.0535 1.8
      vertex 6.45 94.9384 1.8
    endloop
  endfacet
  facet normal 0 0 1
    outer loop
      vertex 59.25 110.7 1.8
      vertex 62.05 114.4 1.8
      vertex 59.25 112.2 1.8
    endloop
  endfacet
  facet normal 0 0 1
    outer loop
      vertex 60.25 90.4 1.8
      vertex 60.55 92.4 1.8
      vertex 60.55 102.4 1.8
    endloop
  endfacet
  facet normal 0 0 1
    outer loop
      vertex 60.55 92.4 1.8
      vertex 60.25 90.4 1.8
      vertex 60.4739 89.05 1.8
    endloop
  endfacet
  facet normal 0 0 1
    outer loop
      vertex 62.05 102.4 1.8
      vertex 59.25 110.7 1.8
      vertex 60.55 102.4 1.8
    endloop
  endfacet
  facet normal 0 0 1
    outer loop
      vertex 62.05 114.4 1.8
      vertex 59.25 110.7 1.8
      vertex 62.05 102.4 1.8
    endloop
  endfacet
  facet normal 0 0 1
    outer loop
      vertex 62.05 114.4 1.8
      vertex 54.25 112.2 1.8
      vertex 59.25 112.2 1.8
    endloop
  endfacet
  facet normal 0 0 1
    outer loop
      vertex 50.55 106.543 1.8
      vertex 54.25 110.7 1.8
      vertex 54.25 112.2 1.8
    endloop
  endfacet
  facet normal 0 0 1
    outer loop
      vertex 54.25 110.7 1.8
      vertex 50.55 106.543 1.8
      vertex 53.25 101.867 1.8
    endloop
  endfacet
  facet normal 0 0 1
    outer loop
      vertex 54.25 112.2 1.8
      vertex 45.15 106.543 1.8
      vertex 50.55 106.543 1.8
    endloop
  endfacet
  facet normal 0 0 1
    outer loop
      vertex 42.45 101.867 1.8
      vertex 38.55 99.615 1.8
      vertex 41.25 94.9384 1.8
    endloop
  endfacet
  facet normal 0 0 1
    outer loop
      vertex 45.15 106.543 1.8
      vertex 38.55 99.615 1.8
      vertex 42.45 101.867 1.8
    endloop
  endfacet
  facet normal 0 0 1
    outer loop
      vertex 45.15 106.543 1.8
      vertex 33.15 99.615 1.8
      vertex 38.55 99.615 1.8
    endloop
  endfacet
  facet normal 0 0 1
    outer loop
      vertex 26.55 106.543 1.8
      vertex 45.15 106.543 1.8
      vertex 54.25 112.2 1.8
    endloop
  endfacet
  facet normal 0 0 1
    outer loop
      vertex 33.15 99.615 1.8
      vertex 29.25 101.867 1.8
      vertex 30.45 94.9384 1.8
    endloop
  endfacet
  facet normal 0 0 1
    outer loop
      vertex 45.15 106.543 1.8
      vertex 26.55 106.543 1.8
      vertex 33.15 99.615 1.8
    endloop
  endfacet
  facet normal 0 0 1
    outer loop
      vertex 33.15 99.615 1.8
      vertex 26.55 106.543 1.8
      vertex 29.25 101.867 1.8
    endloop
  endfacet
  facet normal 0 0 1
    outer loop
      vertex 10.25 112.2 1.8
      vertex 54.25 112.2 1.8
      vertex 62.05 114.4 1.8
    endloop
  endfacet
  facet normal 0 0 1
    outer loop
      vertex 54.25 112.2 1.8
      vertex 10.25 112.2 1.8
      vertex 26.55 106.543 1.8
    endloop
  endfacet
  facet normal 0 0 1
    outer loop
      vertex 18.45 101.867 1.8
      vertex 14.55 99.615 1.8
      vertex 17.25 94.9384 1.8
    endloop
  endfacet
  facet normal -0 0 1
    outer loop
      vertex 10.25 110.7 1.8
      vertex 21.15 106.543 1.8
      vertex 10.25 112.2 1.8
    endloop
  endfacet
  facet normal 0 0 1
    outer loop
      vertex 21.15 106.543 1.8
      vertex 10.25 110.7 1.8
      vertex 18.45 101.867 1.8
    endloop
  endfacet
  facet normal 0 0 1
    outer loop
      vertex 26.55 106.543 1.8
      vertex 10.25 112.2 1.8
      vertex 21.15 106.543 1.8
    endloop
  endfacet
  facet normal -0 0 1
    outer loop
      vertex 2.45 114.4 1.8
      vertex 10.25 112.2 1.8
      vertex 62.05 114.4 1.8
    endloop
  endfacet
  facet normal 0 0 1
    outer loop
      vertex 2.45 114.4 1.8
      vertex 5.25 110.7 1.8
      vertex 5.25 112.2 1.8
    endloop
  endfacet
  facet normal 0 0 1
    outer loop
      vertex 4.25 90.4 1.8
      vertex 4.02609 89.05 1.8
      vertex 4.25 89.3851 1.8
    endloop
  endfacet
  facet normal 0 0 1
    outer loop
      vertex 3.95 92.4 1.8
      vertex 5.2649 90.4 1.8
      vertex 5.6 90.6239 1.8
    endloop
  endfacet
  facet normal 0 0 1
    outer loop
      vertex 5.2649 90.4 1.8
      vertex 3.95 92.4 1.8
      vertex 4.25 90.4 1.8
    endloop
  endfacet
  facet normal 0 0 1
    outer loop
      vertex 10.25 112.2 1.8
      vertex 2.45 114.4 1.8
      vertex 5.25 112.2 1.8
    endloop
  endfacet
  facet normal 0 0 1
    outer loop
      vertex 5.25 110.7 1.8
      vertex 2.45 114.4 1.8
      vertex 2.45 102.4 1.8
    endloop
  endfacet
  facet normal 0 0 1
    outer loop
      vertex 5.25 110.7 1.8
      vertex 2.45 102.4 1.8
      vertex 3.95 102.4 1.8
    endloop
  endfacet
  facet normal 0 0 1
    outer loop
      vertex 61.0132 86.3387 1.8
      vertex 62.05 92.4 1.8
      vertex 61.05 86.9 1.8
    endloop
  endfacet
  facet normal 0 0 1
    outer loop
      vertex 62.05 92.4 1.8
      vertex 61.0132 87.4613 1.8
      vertex 61.05 86.9 1.8
    endloop
  endfacet
  facet normal 0 0 1
    outer loop
      vertex 62.05 92.4 1.8
      vertex 60.9035 88.0129 1.8
      vertex 61.0132 87.4613 1.8
    endloop
  endfacet
  facet normal 0 0 1
    outer loop
      vertex 62.05 92.4 1.8
      vertex 60.7227 88.5455 1.8
      vertex 60.9035 88.0129 1.8
    endloop
  endfacet
  facet normal 0 0 1
    outer loop
      vertex 60.4739 89.05 1.8
      vertex 62.05 92.4 1.8
      vertex 60.55 92.4 1.8
    endloop
  endfacet
  facet normal 0 0 1
    outer loop
      vertex 62.05 92.4 1.8
      vertex 60.4739 89.05 1.8
      vertex 60.7227 88.5455 1.8
    endloop
  endfacet
  facet normal -0 0 1
    outer loop
      vertex 61.0132 28.3387 1.8
      vertex 62.05 5.4 1.8
      vertex 62.05 33.4 1.8
    endloop
  endfacet
  facet normal 0 0 1
    outer loop
      vertex 61.0132 28.3387 1.8
      vertex 62.05 33.4 1.8
      vertex 61.05 28.9 1.8
    endloop
  endfacet
  facet normal 0 0 1
    outer loop
      vertex 62.05 33.4 1.8
      vertex 61.0132 29.4613 1.8
      vertex 61.05 28.9 1.8
    endloop
  endfacet
  facet normal 0 0 1
    outer loop
      vertex 62.05 33.4 1.8
      vertex 60.9035 30.0129 1.8
      vertex 61.0132 29.4613 1.8
    endloop
  endfacet
  facet normal 0 0 1
    outer loop
      vertex 62.05 33.4 1.8
      vertex 60.7227 30.5455 1.8
      vertex 60.9035 30.0129 1.8
    endloop
  endfacet
  facet normal 0 0 1
    outer loop
      vertex 60.4739 31.05 1.8
      vertex 62.05 33.4 1.8
      vertex 60.55 33.4 1.8
    endloop
  endfacet
  facet normal 0 0 1
    outer loop
      vertex 62.05 33.4 1.8
      vertex 60.4739 31.05 1.8
      vertex 60.7227 30.5455 1.8
    endloop
  endfacet
  facet normal 0 0 1
    outer loop
      vertex 60.55 43.4 1.8
      vertex 60.4739 31.05 1.8
      vertex 60.55 33.4 1.8
    endloop
  endfacet
  facet normal 0 0 1
    outer loop
      vertex 60.25 82.4 1.8
      vertex 60.4739 84.75 1.8
      vertex 60.25 84.4149 1.8
    endloop
  endfacet
  facet normal 0 0 1
    outer loop
      vertex 62.05 43.4 1.8
      vertex 53.25 60.2974 1.8
      vertex 60.55 43.4 1.8
    endloop
  endfacet
  facet normal 0 0 1
    outer loop
      vertex 60.55 43.4 1.8
      vertex 60.25 32.4 1.8
      vertex 60.4739 31.05 1.8
    endloop
  endfacet
  facet normal 0 0 1
    outer loop
      vertex 60.4739 31.05 1.8
      vertex 60.25 32.4 1.8
      vertex 60.25 31.3851 1.8
    endloop
  endfacet
  facet normal 0 0 1
    outer loop
      vertex 62.05 92.4 1.8
      vertex 61.0132 86.3387 1.8
      vertex 62.05 43.4 1.8
    endloop
  endfacet
  facet normal -0 0 1
    outer loop
      vertex 60.9035 85.7871 1.8
      vertex 62.05 43.4 1.8
      vertex 61.0132 86.3387 1.8
    endloop
  endfacet
  facet normal 0 0 1
    outer loop
      vertex 60.25 82.4 1.8
      vertex 60.9035 85.7871 1.8
      vertex 60.7227 85.2545 1.8
    endloop
  endfacet
  facet normal 0 0 1
    outer loop
      vertex 60.25 82.4 1.8
      vertex 60.7227 85.2545 1.8
      vertex 60.4739 84.75 1.8
    endloop
  endfacet
  facet normal -0 0 1
    outer loop
      vertex 53.25 60.2974 1.8
      vertex 62.05 43.4 1.8
      vertex 60.25 82.4 1.8
    endloop
  endfacet
  facet normal 0 0 1
    outer loop
      vertex 60.9035 85.7871 1.8
      vertex 60.25 82.4 1.8
      vertex 62.05 43.4 1.8
    endloop
  endfacet
  facet normal -0 0 1
    outer loop
      vertex 60.9035 27.7871 1.8
      vertex 62.05 5.4 1.8
      vertex 61.0132 28.3387 1.8
    endloop
  endfacet
  facet normal -0 0 1
    outer loop
      vertex 60.25 24.4 1.8
      vertex 62.05 5.4 1.8
      vertex 60.9035 27.7871 1.8
    endloop
  endfacet
  facet normal 0 0 1
    outer loop
      vertex 60.25 24.4 1.8
      vertex 60.9035 27.7871 1.8
      vertex 60.7227 27.2545 1.8
    endloop
  endfacet
  facet normal 0 0 1
    outer loop
      vertex 60.25 24.4 1.8
      vertex 60.7227 27.2545 1.8
      vertex 60.4739 26.75 1.8
    endloop
  endfacet
  facet normal 0 0 1
    outer loop
      vertex 60.25 24.4 1.8
      vertex 60.4739 26.75 1.8
      vertex 60.25 26.4149 1.8
    endloop
  endfacet
  facet normal -0 0 1
    outer loop
      vertex 53.25 18.7282 1.8
      vertex 62.05 5.4 1.8
      vertex 60.25 24.4 1.8
    endloop
  endfacet
  facet normal 0 0 1
    outer loop
      vertex 62.05 5.4 1.8
      vertex 53.25 18.7282 1.8
      vertex 61.85 5.4 1.8
    endloop
  endfacet
  facet normal -0 0 1
    outer loop
      vertex 50.55 14.0517 1.8
      vertex 61.85 5.4 1.8
      vertex 53.25 18.7282 1.8
    endloop
  endfacet
  facet normal 0 0 1
    outer loop
      vertex 38.55 7.12346 1.8
      vertex 50.55 14.0517 1.8
      vertex 45.15 14.0517 1.8
    endloop
  endfacet
  facet normal 0 0 1
    outer loop
      vertex 41.25 11.8 1.8
      vertex 45.15 14.0517 1.8
      vertex 42.45 18.7282 1.8
    endloop
  endfacet
  facet normal 0 0 1
    outer loop
      vertex 38.55 7.12346 1.8
      vertex 45.15 14.0517 1.8
      vertex 41.25 11.8 1.8
    endloop
  endfacet
  facet normal 0 0 1
    outer loop
      vertex 50.55 14.0517 1.8
      vertex 38.55 7.12346 1.8
      vertex 61.85 5.4 1.8
    endloop
  endfacet
  facet normal -0 0 1
    outer loop
      vertex 33.15 7.12346 1.8
      vertex 61.85 5.4 1.8
      vertex 38.55 7.12346 1.8
    endloop
  endfacet
  facet normal -0 0 1
    outer loop
      vertex 26.55 14.0517 1.8
      vertex 30.45 11.8 1.8
      vertex 29.25 18.7282 1.8
    endloop
  endfacet
  facet normal 0 0 1
    outer loop
      vertex 26.55 14.0517 1.8
      vertex 33.15 7.12346 1.8
      vertex 30.45 11.8 1.8
    endloop
  endfacet
  facet normal -0 0 1
    outer loop
      vertex 21.15 14.0517 1.8
      vertex 33.15 7.12346 1.8
      vertex 26.55 14.0517 1.8
    endloop
  endfacet
  facet normal 0 0 1
    outer loop
      vertex 17.25 11.8 1.8
      vertex 21.15 14.0517 1.8
      vertex 18.45 18.7282 1.8
    endloop
  endfacet
  facet normal -0 0 1
    outer loop
      vertex 17.25 11.8 1.8
      vertex 33.15 7.12346 1.8
      vertex 21.15 14.0517 1.8
    endloop
  endfacet
  facet normal 0 0 1
    outer loop
      vertex 14.55 7.12346 1.8
      vertex 33.15 7.12346 1.8
      vertex 17.25 11.8 1.8
    endloop
  endfacet
  facet normal 0 0 1
    outer loop
      vertex 2.65 5.4 1.8
      vertex 33.15 7.12346 1.8
      vertex 14.55 7.12346 1.8
    endloop
  endfacet
  facet normal 0 0 1
    outer loop
      vertex 2.65 5.4 1.8
      vertex 14.55 7.12346 1.8
      vertex 9.15 7.12346 1.8
    endloop
  endfacet
  facet normal 0 0 1
    outer loop
      vertex 3.77732 27.2545 1.8
      vertex 4.25 24.4 1.8
      vertex 4.02609 26.75 1.8
    endloop
  endfacet
  facet normal 0 0 1
    outer loop
      vertex 3.59652 27.7871 1.8
      vertex 4.25 24.4 1.8
      vertex 3.77732 27.2545 1.8
    endloop
  endfacet
  facet normal 0 0 1
    outer loop
      vertex 2.65 5.4 1.8
      vertex 4.25 24.4 1.8
      vertex 3.59652 27.7871 1.8
    endloop
  endfacet
  facet normal 0 0 1
    outer loop
      vertex 2.65 5.4 1.8
      vertex 3.59652 27.7871 1.8
      vertex 3.48679 28.3387 1.8
    endloop
  endfacet
  facet normal 0 0 1
    outer loop
      vertex 33.15 7.12346 1.8
      vertex 2.65 5.4 1.8
      vertex 61.85 5.4 1.8
    endloop
  endfacet
  facet normal 0 0 1
    outer loop
      vertex 6.45 11.8 1.8
      vertex 2.65 5.4 1.8
      vertex 9.15 7.12346 1.8
    endloop
  endfacet
  facet normal 0 0 1
    outer loop
      vertex 4.25 24.4 1.8
      vertex 2.65 5.4 1.8
      vertex 6.45 11.8 1.8
    endloop
  endfacet
  facet normal 0 0 1
    outer loop
      vertex 2.45 33.4 1.8
      vertex 3.48679 28.3387 1.8
      vertex 3.45 28.9 1.8
    endloop
  endfacet
  facet normal 0 0 0
    outer loop
      vertex 62.05 92.4 1.8
      vertex 62.05 43.4 1.8
      vertex 62.05 33.4 1.8
    endloop
  endfacet
  facet normal -0 0 0
    outer loop
      vertex 62.05 33.4 1.8
      vertex 62.05 5.4 1.8
      vertex 62.05 114.4 1.8
    endloop
  endfacet
  facet normal 0 0 0
    outer loop
      vertex 62.05 114.4 1.8
      vertex 62.05 102.4 1.8
      vertex 62.05 92.4 1.8
    endloop
  endfacet
  facet normal 0 0 0
    outer loop
      vertex 62.05 33.4 1.8
      vertex 62.05 114.4 1.8
      vertex 62.05 92.4 1.8
    endloop
  endfacet
  facet normal 1 -0 0
    outer loop
      vertex 62.05 5.4 1.8
      vertex 62.05 114.4 0
      vertex 62.05 114.4 1.8
    endloop
  endfacet
  facet normal 1 -0 0
    outer loop
      vertex 62.05 5.4 0.4
      vertex 62.05 114.4 0
      vertex 62.05 5.4 1.8
    endloop
  endfacet
  facet normal 1 0 0
    outer loop
      vertex 62.05 2.4 0
      vertex 62.05 5.4 0.4
      vertex 62.05 2.4 0.4
    endloop
  endfacet
  facet normal 1 0 0
    outer loop
      vertex 62.05 5.4 0.4
      vertex 62.05 2.4 0
      vertex 62.05 114.4 0
    endloop
  endfacet
  facet normal 0 1 -0
    outer loop
      vertex 62.05 114.4 0
      vertex 2.45 114.4 1.8
      vertex 62.05 114.4 1.8
    endloop
  endfacet
  facet normal 0 1 0
    outer loop
      vertex 2.45 114.4 1.8
      vertex 62.05 114.4 0
      vertex 2.45 114.4 0
    endloop
  endfacet
  facet normal 0 0 -1
    outer loop
      vertex 14.6297 90.4 0
      vertex 19.8297 90.4 0
      vertex 16.4891 82.4 0
    endloop
  endfacet
  facet normal 0 0 -1
    outer loop
      vertex 19.8297 90.4 0
      vertex 14.6297 90.4 0
      vertex 17.25 94.9384 0
    endloop
  endfacet
  facet normal 0 0 -1
    outer loop
      vertex 11.2173 86.4435 0
      vertex 14.6297 90.4 0
      vertex 16.4891 82.4 0
    endloop
  endfacet
  facet normal 0 0 -1
    outer loop
      vertex 14.6297 90.4 0
      vertex 11.2468 86.8939 0
      vertex 11.2472 86.9 0
    endloop
  endfacet
  facet normal 0 0 -1
    outer loop
      vertex 14.6297 90.4 0
      vertex 11.2173 86.4435 0
      vertex 11.2468 86.8939 0
    endloop
  endfacet
  facet normal 0 0 -1
    outer loop
      vertex 16.4891 82.4 0
      vertex 11.1292 86.0008 0
      vertex 11.2173 86.4435 0
    endloop
  endfacet
  facet normal 0 0 -1
    outer loop
      vertex 16.4891 82.4 0
      vertex 11.128 85.9949 0
      vertex 11.1292 86.0008 0
    endloop
  endfacet
  facet normal 0 0 -1
    outer loop
      vertex 16.4891 82.4 0
      vertex 11.1261 85.9891 0
      vertex 11.128 85.9949 0
    endloop
  endfacet
  facet normal 0 0 -1
    outer loop
      vertex 16.4891 82.4 0
      vertex 10.981 85.5617 0
      vertex 11.1261 85.9891 0
    endloop
  endfacet
  facet normal 0 0 -1
    outer loop
      vertex 16.4891 82.4 0
      vertex 10.7813 85.1569 0
      vertex 10.981 85.5617 0
    endloop
  endfacet
  facet normal 0 0 -1
    outer loop
      vertex 16.4891 82.4 0
      vertex 10.7786 85.1514 0
      vertex 10.7813 85.1569 0
    endloop
  endfacet
  facet normal 0 0 -1
    outer loop
      vertex 16.4891 82.4 0
      vertex 10.7753 85.1464 0
      vertex 10.7786 85.1514 0
    endloop
  endfacet
  facet normal 0 0 -1
    outer loop
      vertex 16.4891 82.4 0
      vertex 10.5245 84.771 0
      vertex 10.7753 85.1464 0
    endloop
  endfacet
  facet normal 0 0 -1
    outer loop
      vertex 16.4891 82.4 0
      vertex 10.5205 84.7665 0
      vertex 10.5245 84.771 0
    endloop
  endfacet
  facet normal 0 0 -1
    outer loop
      vertex 16.4891 82.4 0
      vertex 10.2229 84.4271 0
      vertex 10.5205 84.7665 0
    endloop
  endfacet
  facet normal 0 0 -1
    outer loop
      vertex 16.4891 82.4 0
      vertex 9.88352 84.1295 0
      vertex 10.2229 84.4271 0
    endloop
  endfacet
  facet normal 0 0 -1
    outer loop
      vertex 16.4891 82.4 0
      vertex 9.87895 84.1255 0
      vertex 9.88352 84.1295 0
    endloop
  endfacet
  facet normal 0 0 -1
    outer loop
      vertex 16.4891 82.4 0
      vertex 9.50365 83.8747 0
      vertex 9.87895 84.1255 0
    endloop
  endfacet
  facet normal 0 0 -1
    outer loop
      vertex 16.4891 82.4 0
      vertex 9.49859 83.8714 0
      vertex 9.50365 83.8747 0
    endloop
  endfacet
  facet normal 0 0 -1
    outer loop
      vertex 16.4891 82.4 0
      vertex 9.49314 83.8687 0
      vertex 9.49859 83.8714 0
    endloop
  endfacet
  facet normal 0 0 -1
    outer loop
      vertex 16.4891 82.4 0
      vertex 9.08831 83.669 0
      vertex 9.49314 83.8687 0
    endloop
  endfacet
  facet normal 0 0 -1
    outer loop
      vertex 7.21093 82.4 0
      vertex 9.08831 83.669 0
      vertex 16.4891 82.4 0
    endloop
  endfacet
  facet normal 0 0 -1
    outer loop
      vertex 9.08831 83.669 0
      vertex 7.21093 82.4 0
      vertex 8.66089 83.5239 0
    endloop
  endfacet
  facet normal 0 0 -1
    outer loop
      vertex 8.66089 83.5239 0
      vertex 7.21093 82.4 0
      vertex 8.65514 83.522 0
    endloop
  endfacet
  facet normal 0 0 -1
    outer loop
      vertex 8.65514 83.522 0
      vertex 7.21093 82.4 0
      vertex 8.64917 83.5208 0
    endloop
  endfacet
  facet normal 0 0 -1
    outer loop
      vertex 8.64917 83.5208 0
      vertex 7.21093 82.4 0
      vertex 8.20647 83.4327 0
    endloop
  endfacet
  facet normal 0 0 -1
    outer loop
      vertex 8.20647 83.4327 0
      vertex 7.21093 82.4 0
      vertex 7.75607 83.4032 0
    endloop
  endfacet
  facet normal 0 0 -1
    outer loop
      vertex 7.75607 83.4032 0
      vertex 7.21093 82.4 0
      vertex 7.75 83.4028 0
    endloop
  endfacet
  facet normal -0 0 -1
    outer loop
      vertex 7.75 83.4028 0
      vertex 7.21093 82.4 0
      vertex 7.74393 83.4032 0
    endloop
  endfacet
  facet normal -0 0 -1
    outer loop
      vertex 7.74393 83.4032 0
      vertex 7.21093 82.4 0
      vertex 7.29353 83.4327 0
    endloop
  endfacet
  facet normal 0 0 -1
    outer loop
      vertex 7.21093 82.4 0
      vertex 6.85082 83.5208 0
      vertex 7.29353 83.4327 0
    endloop
  endfacet
  facet normal 0 0 -1
    outer loop
      vertex 7.21093 82.4 0
      vertex 6.84486 83.522 0
      vertex 6.85082 83.5208 0
    endloop
  endfacet
  facet normal 0 0 -1
    outer loop
      vertex 7.21093 82.4 0
      vertex 6.83911 83.5239 0
      vertex 6.84486 83.522 0
    endloop
  endfacet
  facet normal 0 0 -1
    outer loop
      vertex 6.41169 83.669 0
      vertex 7.21093 82.4 0
      vertex 6.45 81.082 0
    endloop
  endfacet
  facet normal 0 0 -1
    outer loop
      vertex 7.21093 82.4 0
      vertex 6.41169 83.669 0
      vertex 6.83911 83.5239 0
    endloop
  endfacet
  facet normal 0 0 -1
    outer loop
      vertex 5.62105 31.6745 0
      vertex 6.45 39.5128 0
      vertex 5.99635 31.9253 0
    endloop
  endfacet
  facet normal 0 0 -1
    outer loop
      vertex 5.61648 31.6705 0
      vertex 6.45 39.5128 0
      vertex 5.62105 31.6745 0
    endloop
  endfacet
  facet normal 0 0 -1
    outer loop
      vertex 6.45 81.082 0
      vertex 6.00686 83.8687 0
      vertex 6.41169 83.669 0
    endloop
  endfacet
  facet normal 0 0 -1
    outer loop
      vertex 5.27712 31.3729 0
      vertex 6.45 39.5128 0
      vertex 5.61648 31.6705 0
    endloop
  endfacet
  facet normal 0 0 -1
    outer loop
      vertex 6.45 81.082 0
      vertex 6.00141 83.8714 0
      vertex 6.00686 83.8687 0
    endloop
  endfacet
  facet normal 0 0 -1
    outer loop
      vertex 4.97951 31.0335 0
      vertex 6.45 39.5128 0
      vertex 5.27712 31.3729 0
    endloop
  endfacet
  facet normal 0 0 -1
    outer loop
      vertex 6.45 81.082 0
      vertex 5.99635 83.8747 0
      vertex 6.00141 83.8714 0
    endloop
  endfacet
  facet normal 0 0 -1
    outer loop
      vertex 4.9755 31.0289 0
      vertex 6.45 39.5128 0
      vertex 4.97951 31.0335 0
    endloop
  endfacet
  facet normal 0 0 -1
    outer loop
      vertex 6.45 81.082 0
      vertex 5.62105 84.1255 0
      vertex 5.99635 83.8747 0
    endloop
  endfacet
  facet normal 0 0 -1
    outer loop
      vertex 4.72473 30.6536 0
      vertex 6.45 39.5128 0
      vertex 4.9755 31.0289 0
    endloop
  endfacet
  facet normal 0 0 -1
    outer loop
      vertex 6.45 81.082 0
      vertex 5.61648 84.1295 0
      vertex 5.62105 84.1255 0
    endloop
  endfacet
  facet normal 0 0 -1
    outer loop
      vertex 4.72135 30.6486 0
      vertex 6.45 39.5128 0
      vertex 4.72473 30.6536 0
    endloop
  endfacet
  facet normal 0 0 -1
    outer loop
      vertex 6.45 81.082 0
      vertex 5.27712 84.4271 0
      vertex 5.61648 84.1295 0
    endloop
  endfacet
  facet normal 0 0 -1
    outer loop
      vertex 4.71866 30.6431 0
      vertex 6.45 39.5128 0
      vertex 4.72135 30.6486 0
    endloop
  endfacet
  facet normal 0 0 -1
    outer loop
      vertex 6.45 81.082 0
      vertex 4.97951 84.7665 0
      vertex 5.27712 84.4271 0
    endloop
  endfacet
  facet normal 0 0 -1
    outer loop
      vertex 4.51902 30.2383 0
      vertex 6.45 39.5128 0
      vertex 4.71866 30.6431 0
    endloop
  endfacet
  facet normal 0 0 -1
    outer loop
      vertex 6.45 81.082 0
      vertex 4.9755 84.771 0
      vertex 4.97951 84.7665 0
    endloop
  endfacet
  facet normal 0 0 -1
    outer loop
      vertex 4.37393 29.8109 0
      vertex 6.45 39.5128 0
      vertex 4.51902 30.2383 0
    endloop
  endfacet
  facet normal 0 0 -1
    outer loop
      vertex 6.45 81.082 0
      vertex 4.72473 85.1464 0
      vertex 4.9755 84.771 0
    endloop
  endfacet
  facet normal 0 0 -1
    outer loop
      vertex 4.37198 29.8051 0
      vertex 6.45 39.5128 0
      vertex 4.37393 29.8109 0
    endloop
  endfacet
  facet normal 0 0 -1
    outer loop
      vertex 6.45 81.082 0
      vertex 4.72135 85.1514 0
      vertex 4.72473 85.1464 0
    endloop
  endfacet
  facet normal -0 0 -1
    outer loop
      vertex 6.45 39.5128 0
      vertex 4.37198 29.8051 0
      vertex 6.45 53.3692 0
    endloop
  endfacet
  facet normal 0 0 -1
    outer loop
      vertex 6.45 67.2256 0
      vertex 4.72135 85.1514 0
      vertex 6.45 81.082 0
    endloop
  endfacet
  facet normal -0 -0 -1
    outer loop
      vertex 4.71866 85.1569 0
      vertex 6.45 67.2256 0
      vertex 4.51902 85.5617 0
    endloop
  endfacet
  facet normal -0 -0 -1
    outer loop
      vertex 4.72135 85.1514 0
      vertex 6.45 67.2256 0
      vertex 4.71866 85.1569 0
    endloop
  endfacet
  facet normal 0 0 -1
    outer loop
      vertex 4.37079 29.7992 0
      vertex 6.45 53.3692 0
      vertex 4.37198 29.8051 0
    endloop
  endfacet
  facet normal 0 0 -1
    outer loop
      vertex 6.45 67.2256 0
      vertex 4.37393 85.9891 0
      vertex 4.51902 85.5617 0
    endloop
  endfacet
  facet normal 0 0 -1
    outer loop
      vertex 4.28274 29.3565 0
      vertex 6.45 53.3692 0
      vertex 4.37079 29.7992 0
    endloop
  endfacet
  facet normal 0 0 -1
    outer loop
      vertex 6.45 67.2256 0
      vertex 4.37198 85.9949 0
      vertex 4.37393 85.9891 0
    endloop
  endfacet
  facet normal 0 0 -1
    outer loop
      vertex 4.28274 86.4435 0
      vertex 6.45 53.3692 0
      vertex 4.28274 29.3565 0
    endloop
  endfacet
  facet normal 0 0 -1
    outer loop
      vertex 6.45 67.2256 0
      vertex 4.37079 86.0008 0
      vertex 4.37198 85.9949 0
    endloop
  endfacet
  facet normal 0 0 -1
    outer loop
      vertex 6.45 53.3692 0
      vertex 4.28274 86.4435 0
      vertex 6.45 67.2256 0
    endloop
  endfacet
  facet normal 0 0 -1
    outer loop
      vertex 6.45 67.2256 0
      vertex 4.28274 86.4435 0
      vertex 4.37079 86.0008 0
    endloop
  endfacet
  facet normal 0 0 -1
    outer loop
      vertex 4.25321 28.9061 0
      vertex 4.28274 86.4435 0
      vertex 4.28274 29.3565 0
    endloop
  endfacet
  facet normal 0 0 -1
    outer loop
      vertex 4.25321 28.9061 0
      vertex 4.25321 86.8939 0
      vertex 4.28274 86.4435 0
    endloop
  endfacet
  facet normal 0 0 -1
    outer loop
      vertex 4.25282 28.9 0
      vertex 4.25321 86.8939 0
      vertex 4.25321 28.9061 0
    endloop
  endfacet
  facet normal -0 0 -1
    outer loop
      vertex 4.25321 86.8939 0
      vertex 4.25282 28.9 0
      vertex 4.25282 86.9 0
    endloop
  endfacet
  facet normal 0 0 -1
    outer loop
      vertex 14.55 76.4055 0
      vertex 18.45 74.1538 0
      vertex 14.55 71.9022 0
    endloop
  endfacet
  facet normal 0 0 -1
    outer loop
      vertex 18.45 74.1538 0
      vertex 14.55 76.4055 0
      vertex 17.25 81.082 0
    endloop
  endfacet
  facet normal 0 0 -1
    outer loop
      vertex 9.15 71.9022 0
      vertex 14.55 76.4055 0
      vertex 14.55 71.9022 0
    endloop
  endfacet
  facet normal 0 0 -1
    outer loop
      vertex 9.15 71.9022 0
      vertex 9.15 76.4055 0
      vertex 14.55 76.4055 0
    endloop
  endfacet
  facet normal 0 0 -1
    outer loop
      vertex 6.45 67.2256 0
      vertex 9.15 76.4055 0
      vertex 9.15 71.9022 0
    endloop
  endfacet
  facet normal -0 0 -1
    outer loop
      vertex 9.15 76.4055 0
      vertex 6.45 67.2256 0
      vertex 6.45 81.082 0
    endloop
  endfacet
  facet normal 0 0 -1
    outer loop
      vertex 14.55 62.5491 0
      vertex 18.45 60.2974 0
      vertex 14.55 58.0458 0
    endloop
  endfacet
  facet normal 0 0 -1
    outer loop
      vertex 18.45 60.2974 0
      vertex 14.55 62.5491 0
      vertex 17.25 67.2256 0
    endloop
  endfacet
  facet normal 0 0 -1
    outer loop
      vertex 9.15 58.0458 0
      vertex 14.55 62.5491 0
      vertex 14.55 58.0458 0
    endloop
  endfacet
  facet normal 0 0 -1
    outer loop
      vertex 9.15 58.0458 0
      vertex 9.15 62.5491 0
      vertex 14.55 62.5491 0
    endloop
  endfacet
  facet normal 0 0 -1
    outer loop
      vertex 6.45 53.3692 0
      vertex 9.15 62.5491 0
      vertex 9.15 58.0458 0
    endloop
  endfacet
  facet normal -0 0 -1
    outer loop
      vertex 9.15 62.5491 0
      vertex 6.45 53.3692 0
      vertex 6.45 67.2256 0
    endloop
  endfacet
  facet normal 0 0 -1
    outer loop
      vertex 14.55 48.6927 0
      vertex 18.45 46.441 0
      vertex 14.55 44.1894 0
    endloop
  endfacet
  facet normal 0 0 -1
    outer loop
      vertex 18.45 46.441 0
      vertex 14.55 48.6927 0
      vertex 17.25 53.3692 0
    endloop
  endfacet
  facet normal 0 0 -1
    outer loop
      vertex 9.15 44.1894 0
      vertex 14.55 48.6927 0
      vertex 14.55 44.1894 0
    endloop
  endfacet
  facet normal 0 0 -1
    outer loop
      vertex 9.15 44.1894 0
      vertex 9.15 48.6927 0
      vertex 14.55 48.6927 0
    endloop
  endfacet
  facet normal 0 0 -1
    outer loop
      vertex 6.45 39.5128 0
      vertex 9.15 48.6927 0
      vertex 9.15 44.1894 0
    endloop
  endfacet
  facet normal -0 0 -1
    outer loop
      vertex 9.15 48.6927 0
      vertex 6.45 39.5128 0
      vertex 6.45 53.3692 0
    endloop
  endfacet
  facet normal 0 0 -1
    outer loop
      vertex 11.2468 28.9061 0
      vertex 18.5566 32.4 0
      vertex 11.2472 28.9 0
    endloop
  endfacet
  facet normal 0 0 -1
    outer loop
      vertex 14.55 20.9799 0
      vertex 18.45 18.7282 0
      vertex 14.55 16.4765 0
    endloop
  endfacet
  facet normal 0 0 -1
    outer loop
      vertex 18.45 18.7282 0
      vertex 14.55 20.9799 0
      vertex 16.5246 24.4 0
    endloop
  endfacet
  facet normal 0 0 -1
    outer loop
      vertex 9.15 16.4765 0
      vertex 14.55 20.9799 0
      vertex 14.55 16.4765 0
    endloop
  endfacet
  facet normal 0 0 -1
    outer loop
      vertex 9.15 16.4765 0
      vertex 9.15 20.9799 0
      vertex 14.55 20.9799 0
    endloop
  endfacet
  facet normal 0 0 -1
    outer loop
      vertex 9.15 16.4765 0
      vertex 7.17539 24.4 0
      vertex 9.15 20.9799 0
    endloop
  endfacet
  facet normal 0 0 -1
    outer loop
      vertex 6.45 11.8 0
      vertex 7.17539 24.4 0
      vertex 9.15 16.4765 0
    endloop
  endfacet
  facet normal 0 0 -1
    outer loop
      vertex 7.17539 24.4 0
      vertex 6.84486 25.522 0
      vertex 6.85082 25.5208 0
    endloop
  endfacet
  facet normal 0 0 -1
    outer loop
      vertex 7.17539 24.4 0
      vertex 6.83911 25.5239 0
      vertex 6.84486 25.522 0
    endloop
  endfacet
  facet normal -0 0 -1
    outer loop
      vertex 7.17539 24.4 0
      vertex 6.45 11.8 0
      vertex 5.62105 26.1255 0
    endloop
  endfacet
  facet normal 0 0 -1
    outer loop
      vertex 7.17539 24.4 0
      vertex 6.41169 25.669 0
      vertex 6.83911 25.5239 0
    endloop
  endfacet
  facet normal 0 0 -1
    outer loop
      vertex 18.45 32.5846 0
      vertex 14.55 34.8363 0
      vertex 17.25 39.5128 0
    endloop
  endfacet
  facet normal 0 0 -1
    outer loop
      vertex 11.2173 29.3565 0
      vertex 18.5566 32.4 0
      vertex 11.2468 28.9061 0
    endloop
  endfacet
  facet normal 0 0 -1
    outer loop
      vertex 16.5246 24.4 0
      vertex 11.2468 28.8939 0
      vertex 11.2472 28.9 0
    endloop
  endfacet
  facet normal 0 0 -1
    outer loop
      vertex 16.5246 24.4 0
      vertex 11.2173 28.4435 0
      vertex 11.2468 28.8939 0
    endloop
  endfacet
  facet normal 0 0 -1
    outer loop
      vertex 16.5246 24.4 0
      vertex 11.1292 28.0008 0
      vertex 11.2173 28.4435 0
    endloop
  endfacet
  facet normal 0 0 -1
    outer loop
      vertex 16.5246 24.4 0
      vertex 11.128 27.9949 0
      vertex 11.1292 28.0008 0
    endloop
  endfacet
  facet normal 0 0 -1
    outer loop
      vertex 16.5246 24.4 0
      vertex 11.1261 27.9891 0
      vertex 11.128 27.9949 0
    endloop
  endfacet
  facet normal 0 0 -1
    outer loop
      vertex 16.5246 24.4 0
      vertex 10.981 27.5617 0
      vertex 11.1261 27.9891 0
    endloop
  endfacet
  facet normal 0 0 -1
    outer loop
      vertex 16.5246 24.4 0
      vertex 10.7813 27.1569 0
      vertex 10.981 27.5617 0
    endloop
  endfacet
  facet normal 0 0 -1
    outer loop
      vertex 16.5246 24.4 0
      vertex 10.7786 27.1514 0
      vertex 10.7813 27.1569 0
    endloop
  endfacet
  facet normal 0 0 -1
    outer loop
      vertex 16.5246 24.4 0
      vertex 10.7753 27.1464 0
      vertex 10.7786 27.1514 0
    endloop
  endfacet
  facet normal 0 0 -1
    outer loop
      vertex 16.5246 24.4 0
      vertex 10.5245 26.771 0
      vertex 10.7753 27.1464 0
    endloop
  endfacet
  facet normal 0 0 -1
    outer loop
      vertex 16.5246 24.4 0
      vertex 10.5205 26.7665 0
      vertex 10.5245 26.771 0
    endloop
  endfacet
  facet normal 0 0 -1
    outer loop
      vertex 16.5246 24.4 0
      vertex 10.2229 26.4271 0
      vertex 10.5205 26.7665 0
    endloop
  endfacet
  facet normal 0 0 -1
    outer loop
      vertex 16.5246 24.4 0
      vertex 9.88352 26.1295 0
      vertex 10.2229 26.4271 0
    endloop
  endfacet
  facet normal 0 0 -1
    outer loop
      vertex 16.5246 24.4 0
      vertex 9.87895 26.1255 0
      vertex 9.88352 26.1295 0
    endloop
  endfacet
  facet normal 0 0 -1
    outer loop
      vertex 16.5246 24.4 0
      vertex 9.50365 25.8747 0
      vertex 9.87895 26.1255 0
    endloop
  endfacet
  facet normal 0 0 -1
    outer loop
      vertex 16.5246 24.4 0
      vertex 9.49859 25.8714 0
      vertex 9.50365 25.8747 0
    endloop
  endfacet
  facet normal 0 0 -1
    outer loop
      vertex 16.5246 24.4 0
      vertex 9.49314 25.8687 0
      vertex 9.49859 25.8714 0
    endloop
  endfacet
  facet normal 0 0 -1
    outer loop
      vertex 16.5246 24.4 0
      vertex 9.08831 25.669 0
      vertex 9.49314 25.8687 0
    endloop
  endfacet
  facet normal 0 0 -1
    outer loop
      vertex 7.17539 24.4 0
      vertex 9.08831 25.669 0
      vertex 16.5246 24.4 0
    endloop
  endfacet
  facet normal 0 0 -1
    outer loop
      vertex 9.08831 25.669 0
      vertex 7.17539 24.4 0
      vertex 8.66089 25.5239 0
    endloop
  endfacet
  facet normal 0 0 -1
    outer loop
      vertex 8.66089 25.5239 0
      vertex 7.17539 24.4 0
      vertex 8.65514 25.522 0
    endloop
  endfacet
  facet normal 0 0 -1
    outer loop
      vertex 8.65514 25.522 0
      vertex 7.17539 24.4 0
      vertex 8.64917 25.5208 0
    endloop
  endfacet
  facet normal 0 0 -1
    outer loop
      vertex 8.64917 25.5208 0
      vertex 7.17539 24.4 0
      vertex 8.20647 25.4327 0
    endloop
  endfacet
  facet normal 0 0 -1
    outer loop
      vertex 8.20647 25.4327 0
      vertex 7.17539 24.4 0
      vertex 7.75607 25.4032 0
    endloop
  endfacet
  facet normal 0 0 -1
    outer loop
      vertex 7.75607 25.4032 0
      vertex 7.17539 24.4 0
      vertex 7.75 25.4028 0
    endloop
  endfacet
  facet normal -0 0 -1
    outer loop
      vertex 7.75 25.4028 0
      vertex 7.17539 24.4 0
      vertex 7.74393 25.4032 0
    endloop
  endfacet
  facet normal -0 0 -1
    outer loop
      vertex 7.74393 25.4032 0
      vertex 7.17539 24.4 0
      vertex 7.29353 25.4327 0
    endloop
  endfacet
  facet normal -0 0 -1
    outer loop
      vertex 7.29353 25.4327 0
      vertex 7.17539 24.4 0
      vertex 6.85082 25.5208 0
    endloop
  endfacet
  facet normal 0 0 -1
    outer loop
      vertex 11.1292 29.7992 0
      vertex 18.5566 32.4 0
      vertex 11.2173 29.3565 0
    endloop
  endfacet
  facet normal -0 0 -1
    outer loop
      vertex 18.5566 32.4 0
      vertex 11.1292 29.7992 0
      vertex 18.45 32.5846 0
    endloop
  endfacet
  facet normal 0 0 -1
    outer loop
      vertex 11.128 29.8051 0
      vertex 18.45 32.5846 0
      vertex 11.1292 29.7992 0
    endloop
  endfacet
  facet normal -0 0 -1
    outer loop
      vertex 18.45 32.5846 0
      vertex 11.128 29.8051 0
      vertex 14.55 34.8363 0
    endloop
  endfacet
  facet normal 0 0 -1
    outer loop
      vertex 11.1261 29.8109 0
      vertex 14.55 34.8363 0
      vertex 11.128 29.8051 0
    endloop
  endfacet
  facet normal 0 0 -1
    outer loop
      vertex 10.981 30.2383 0
      vertex 14.55 34.8363 0
      vertex 11.1261 29.8109 0
    endloop
  endfacet
  facet normal 0 0 -1
    outer loop
      vertex 10.7813 30.6431 0
      vertex 14.55 34.8363 0
      vertex 10.981 30.2383 0
    endloop
  endfacet
  facet normal 0 0 -1
    outer loop
      vertex 10.7786 30.6486 0
      vertex 14.55 34.8363 0
      vertex 10.7813 30.6431 0
    endloop
  endfacet
  facet normal 0 0 -1
    outer loop
      vertex 10.7753 30.6536 0
      vertex 14.55 34.8363 0
      vertex 10.7786 30.6486 0
    endloop
  endfacet
  facet normal 0 0 -1
    outer loop
      vertex 10.5245 31.0289 0
      vertex 14.55 34.8363 0
      vertex 10.7753 30.6536 0
    endloop
  endfacet
  facet normal 0 0 -1
    outer loop
      vertex 10.5205 31.0335 0
      vertex 14.55 34.8363 0
      vertex 10.5245 31.0289 0
    endloop
  endfacet
  facet normal 0 0 -1
    outer loop
      vertex 10.2229 31.3729 0
      vertex 14.55 34.8363 0
      vertex 10.5205 31.0335 0
    endloop
  endfacet
  facet normal 0 0 -1
    outer loop
      vertex 9.88352 31.6705 0
      vertex 14.55 34.8363 0
      vertex 10.2229 31.3729 0
    endloop
  endfacet
  facet normal 0 0 -1
    outer loop
      vertex 9.15 34.8363 0
      vertex 9.88352 31.6705 0
      vertex 9.87895 31.6745 0
    endloop
  endfacet
  facet normal 0 0 -1
    outer loop
      vertex 9.15 34.8363 0
      vertex 9.87895 31.6745 0
      vertex 9.50365 31.9253 0
    endloop
  endfacet
  facet normal 0 0 -1
    outer loop
      vertex 9.15 34.8363 0
      vertex 9.50365 31.9253 0
      vertex 9.49859 31.9286 0
    endloop
  endfacet
  facet normal 0 0 -1
    outer loop
      vertex 9.15 34.8363 0
      vertex 9.49859 31.9286 0
      vertex 9.49314 31.9313 0
    endloop
  endfacet
  facet normal 0 0 -1
    outer loop
      vertex 9.88352 31.6705 0
      vertex 9.15 34.8363 0
      vertex 14.55 34.8363 0
    endloop
  endfacet
  facet normal 0 0 -1
    outer loop
      vertex 9.08831 32.131 0
      vertex 9.15 34.8363 0
      vertex 9.49314 31.9313 0
    endloop
  endfacet
  facet normal 0 0 -1
    outer loop
      vertex 8.66089 32.2761 0
      vertex 9.15 34.8363 0
      vertex 9.08831 32.131 0
    endloop
  endfacet
  facet normal 0 0 -1
    outer loop
      vertex 8.65514 32.278 0
      vertex 9.15 34.8363 0
      vertex 8.66089 32.2761 0
    endloop
  endfacet
  facet normal 0 0 -1
    outer loop
      vertex 8.64917 32.2792 0
      vertex 9.15 34.8363 0
      vertex 8.65514 32.278 0
    endloop
  endfacet
  facet normal 0 0 -1
    outer loop
      vertex 8.20647 32.3673 0
      vertex 9.15 34.8363 0
      vertex 8.64917 32.2792 0
    endloop
  endfacet
  facet normal 0 0 -1
    outer loop
      vertex 7.75607 32.3968 0
      vertex 9.15 34.8363 0
      vertex 8.20647 32.3673 0
    endloop
  endfacet
  facet normal 0 0 -1
    outer loop
      vertex 7.75 32.3972 0
      vertex 9.15 34.8363 0
      vertex 7.75607 32.3968 0
    endloop
  endfacet
  facet normal 0 0 -1
    outer loop
      vertex 7.74393 32.3968 0
      vertex 9.15 34.8363 0
      vertex 7.75 32.3972 0
    endloop
  endfacet
  facet normal 0 0 -1
    outer loop
      vertex 7.29353 32.3673 0
      vertex 9.15 34.8363 0
      vertex 7.74393 32.3968 0
    endloop
  endfacet
  facet normal 0 0 -1
    outer loop
      vertex 6.85082 32.2792 0
      vertex 9.15 34.8363 0
      vertex 7.29353 32.3673 0
    endloop
  endfacet
  facet normal 0 0 -1
    outer loop
      vertex 6.84486 32.278 0
      vertex 9.15 34.8363 0
      vertex 6.85082 32.2792 0
    endloop
  endfacet
  facet normal 0 0 -1
    outer loop
      vertex 6.83911 32.2761 0
      vertex 9.15 34.8363 0
      vertex 6.84486 32.278 0
    endloop
  endfacet
  facet normal 0 0 -1
    outer loop
      vertex 6.83911 32.2761 0
      vertex 6.45 39.5128 0
      vertex 9.15 34.8363 0
    endloop
  endfacet
  facet normal 0 0 -1
    outer loop
      vertex 6.00141 31.9286 0
      vertex 6.45 39.5128 0
      vertex 6.00686 31.9313 0
    endloop
  endfacet
  facet normal 0 0 -1
    outer loop
      vertex 5.99635 31.9253 0
      vertex 6.45 39.5128 0
      vertex 6.00141 31.9286 0
    endloop
  endfacet
  facet normal 0 0 -1
    outer loop
      vertex 6.00686 31.9313 0
      vertex 6.45 39.5128 0
      vertex 6.41169 32.131 0
    endloop
  endfacet
  facet normal 0 0 -1
    outer loop
      vertex 6.41169 32.131 0
      vertex 6.45 39.5128 0
      vertex 6.83911 32.2761 0
    endloop
  endfacet
  facet normal 0 0 -1
    outer loop
      vertex 11.2468 86.9061 0
      vertex 14.6297 90.4 0
      vertex 11.2472 86.9 0
    endloop
  endfacet
  facet normal 0 0 -1
    outer loop
      vertex 11.2173 87.3565 0
      vertex 14.6297 90.4 0
      vertex 11.2468 86.9061 0
    endloop
  endfacet
  facet normal 0 0 -1
    outer loop
      vertex 11.1292 87.7992 0
      vertex 14.6297 90.4 0
      vertex 11.2173 87.3565 0
    endloop
  endfacet
  facet normal 0 0 -1
    outer loop
      vertex 11.128 87.8051 0
      vertex 14.6297 90.4 0
      vertex 11.1292 87.7992 0
    endloop
  endfacet
  facet normal 0 0 -1
    outer loop
      vertex 11.1261 87.8109 0
      vertex 14.6297 90.4 0
      vertex 11.128 87.8051 0
    endloop
  endfacet
  facet normal 0 0 -1
    outer loop
      vertex 10.981 88.2383 0
      vertex 14.6297 90.4 0
      vertex 11.1261 87.8109 0
    endloop
  endfacet
  facet normal 0 0 -1
    outer loop
      vertex 10.7813 88.6431 0
      vertex 14.6297 90.4 0
      vertex 10.981 88.2383 0
    endloop
  endfacet
  facet normal 0 0 -1
    outer loop
      vertex 10.7786 88.6486 0
      vertex 14.6297 90.4 0
      vertex 10.7813 88.6431 0
    endloop
  endfacet
  facet normal 0 0 -1
    outer loop
      vertex 10.7753 88.6536 0
      vertex 14.6297 90.4 0
      vertex 10.7786 88.6486 0
    endloop
  endfacet
  facet normal 0 0 -1
    outer loop
      vertex 10.5245 89.029 0
      vertex 14.6297 90.4 0
      vertex 10.7753 88.6536 0
    endloop
  endfacet
  facet normal 0 0 -1
    outer loop
      vertex 10.5205 89.0335 0
      vertex 14.6297 90.4 0
      vertex 10.5245 89.029 0
    endloop
  endfacet
  facet normal 0 0 -1
    outer loop
      vertex 10.2229 89.3729 0
      vertex 14.6297 90.4 0
      vertex 10.5205 89.0335 0
    endloop
  endfacet
  facet normal 0 0 -1
    outer loop
      vertex 9.88352 89.6705 0
      vertex 14.6297 90.4 0
      vertex 10.2229 89.3729 0
    endloop
  endfacet
  facet normal 0 0 -1
    outer loop
      vertex 9.87895 89.6745 0
      vertex 14.6297 90.4 0
      vertex 9.88352 89.6705 0
    endloop
  endfacet
  facet normal 0 0 -1
    outer loop
      vertex 9.07027 90.4 0
      vertex 9.87895 89.6745 0
      vertex 9.50365 89.9253 0
    endloop
  endfacet
  facet normal 0 0 -1
    outer loop
      vertex 9.07027 90.4 0
      vertex 9.50365 89.9253 0
      vertex 9.49859 89.9286 0
    endloop
  endfacet
  facet normal 0 0 -1
    outer loop
      vertex 9.07027 90.4 0
      vertex 9.49859 89.9286 0
      vertex 9.49314 89.9313 0
    endloop
  endfacet
  facet normal 0 0 -1
    outer loop
      vertex 9.07027 90.4 0
      vertex 9.49314 89.9313 0
      vertex 9.08831 90.131 0
    endloop
  endfacet
  facet normal 0 0 -1
    outer loop
      vertex 9.87895 89.6745 0
      vertex 9.07027 90.4 0
      vertex 14.6297 90.4 0
    endloop
  endfacet
  facet normal 0 0 -1
    outer loop
      vertex 8.66089 90.2761 0
      vertex 9.07027 90.4 0
      vertex 9.08831 90.131 0
    endloop
  endfacet
  facet normal 0 0 -1
    outer loop
      vertex 8.65514 90.278 0
      vertex 9.07027 90.4 0
      vertex 8.66089 90.2761 0
    endloop
  endfacet
  facet normal 0 0 -1
    outer loop
      vertex 8.64917 90.2792 0
      vertex 9.07027 90.4 0
      vertex 8.65514 90.278 0
    endloop
  endfacet
  facet normal 0 0 -1
    outer loop
      vertex 8.20647 90.3673 0
      vertex 9.07027 90.4 0
      vertex 8.64917 90.2792 0
    endloop
  endfacet
  facet normal 0 0 -1
    outer loop
      vertex 6.45 94.9384 0
      vertex 8.20647 90.3673 0
      vertex 7.75607 90.3968 0
    endloop
  endfacet
  facet normal 0 0 -1
    outer loop
      vertex 6.45 94.9384 0
      vertex 7.75607 90.3968 0
      vertex 7.75 90.3972 0
    endloop
  endfacet
  facet normal 0 0 -1
    outer loop
      vertex 6.45 94.9384 0
      vertex 7.74393 90.3968 0
      vertex 7.29353 90.3673 0
    endloop
  endfacet
  facet normal 0 0 -1
    outer loop
      vertex 6.45 94.9384 0
      vertex 6.85082 90.2792 0
      vertex 6.84486 90.278 0
    endloop
  endfacet
  facet normal 0 0 -1
    outer loop
      vertex 8.20647 90.3673 0
      vertex 6.45 94.9384 0
      vertex 9.07027 90.4 0
    endloop
  endfacet
  facet normal 0 0 -1
    outer loop
      vertex 7.74393 90.3968 0
      vertex 6.45 94.9384 0
      vertex 7.75 90.3972 0
    endloop
  endfacet
  facet normal 0 0 -1
    outer loop
      vertex 6.85082 90.2792 0
      vertex 6.45 94.9384 0
      vertex 7.29353 90.3673 0
    endloop
  endfacet
  facet normal 0 0 -1
    outer loop
      vertex 6.83911 90.2761 0
      vertex 6.45 94.9384 0
      vertex 6.84486 90.278 0
    endloop
  endfacet
  facet normal 0 -0 -1
    outer loop
      vertex 6.45 94.9384 0
      vertex 6.83911 90.2761 0
      vertex 6.41169 90.131 0
    endloop
  endfacet
  facet normal 0 0 -1
    outer loop
      vertex 26.55 92.6868 0
      vertex 30.45 94.9384 0
      vertex 27.8703 90.4 0
    endloop
  endfacet
  facet normal -0 0 -1
    outer loop
      vertex 30.45 81.082 0
      vertex 26.55 78.8304 0
      vertex 27.8703 90.4 0
    endloop
  endfacet
  facet normal 0 0 -1
    outer loop
      vertex 21.15 78.8304 0
      vertex 27.8703 90.4 0
      vertex 26.55 78.8304 0
    endloop
  endfacet
  facet normal 0 0 -1
    outer loop
      vertex 21.15 78.8304 0
      vertex 19.8297 90.4 0
      vertex 27.8703 90.4 0
    endloop
  endfacet
  facet normal 0 0 -1
    outer loop
      vertex 17.25 81.082 0
      vertex 21.15 78.8304 0
      vertex 18.45 74.1538 0
    endloop
  endfacet
  facet normal 0 0 -1
    outer loop
      vertex 26.55 69.4773 0
      vertex 30.45 67.2256 0
      vertex 26.55 64.974 0
    endloop
  endfacet
  facet normal 0 0 -1
    outer loop
      vertex 30.45 67.2256 0
      vertex 26.55 69.4773 0
      vertex 29.25 74.1538 0
    endloop
  endfacet
  facet normal 0 0 -1
    outer loop
      vertex 21.15 64.974 0
      vertex 26.55 69.4773 0
      vertex 26.55 64.974 0
    endloop
  endfacet
  facet normal 0 0 -1
    outer loop
      vertex 21.15 64.974 0
      vertex 21.15 69.4773 0
      vertex 26.55 69.4773 0
    endloop
  endfacet
  facet normal 0 0 -1
    outer loop
      vertex 17.25 67.2256 0
      vertex 21.15 64.974 0
      vertex 18.45 60.2974 0
    endloop
  endfacet
  facet normal 0 0 -1
    outer loop
      vertex 21.15 64.974 0
      vertex 17.25 67.2256 0
      vertex 21.15 69.4773 0
    endloop
  endfacet
  facet normal 0 0 -1
    outer loop
      vertex 26.55 55.6209 0
      vertex 30.45 53.3692 0
      vertex 26.55 51.1176 0
    endloop
  endfacet
  facet normal 0 0 -1
    outer loop
      vertex 30.45 53.3692 0
      vertex 26.55 55.6209 0
      vertex 29.25 60.2974 0
    endloop
  endfacet
  facet normal 0 0 -1
    outer loop
      vertex 21.15 51.1176 0
      vertex 26.55 55.6209 0
      vertex 26.55 51.1176 0
    endloop
  endfacet
  facet normal 0 0 -1
    outer loop
      vertex 21.15 51.1176 0
      vertex 21.15 55.6209 0
      vertex 26.55 55.6209 0
    endloop
  endfacet
  facet normal 0 0 -1
    outer loop
      vertex 17.25 53.3692 0
      vertex 21.15 51.1176 0
      vertex 18.45 46.441 0
    endloop
  endfacet
  facet normal 0 0 -1
    outer loop
      vertex 21.15 51.1176 0
      vertex 17.25 53.3692 0
      vertex 21.15 55.6209 0
    endloop
  endfacet
  facet normal 0 0 -1
    outer loop
      vertex 26.55 41.7645 0
      vertex 30.45 39.5128 0
      vertex 26.55 37.2611 0
    endloop
  endfacet
  facet normal 0 0 -1
    outer loop
      vertex 30.45 39.5128 0
      vertex 26.55 41.7645 0
      vertex 29.25 46.441 0
    endloop
  endfacet
  facet normal 0 0 -1
    outer loop
      vertex 21.15 37.2611 0
      vertex 26.55 41.7645 0
      vertex 26.55 37.2611 0
    endloop
  endfacet
  facet normal 0 0 -1
    outer loop
      vertex 21.15 37.2611 0
      vertex 21.15 41.7645 0
      vertex 26.55 41.7645 0
    endloop
  endfacet
  facet normal 0 0 -1
    outer loop
      vertex 17.25 39.5128 0
      vertex 21.15 37.2611 0
      vertex 18.45 32.5846 0
    endloop
  endfacet
  facet normal 0 0 -1
    outer loop
      vertex 21.15 37.2611 0
      vertex 17.25 39.5128 0
      vertex 21.15 41.7645 0
    endloop
  endfacet
  facet normal 0 0 -1
    outer loop
      vertex 33.15 34.8363 0
      vertex 29.1434 32.4 0
      vertex 29.25 32.5846 0
    endloop
  endfacet
  facet normal -0 0 -1
    outer loop
      vertex 31.1754 24.4 0
      vertex 26.55 23.4047 0
      vertex 29.1434 32.4 0
    endloop
  endfacet
  facet normal 0 0 -1
    outer loop
      vertex 21.15 23.4047 0
      vertex 29.1434 32.4 0
      vertex 26.55 23.4047 0
    endloop
  endfacet
  facet normal 0 0 -1
    outer loop
      vertex 21.15 23.4047 0
      vertex 18.5566 32.4 0
      vertex 29.1434 32.4 0
    endloop
  endfacet
  facet normal 0 0 -1
    outer loop
      vertex 16.5246 24.4 0
      vertex 21.15 23.4047 0
      vertex 18.45 18.7282 0
    endloop
  endfacet
  facet normal 0 0 -1
    outer loop
      vertex 21.15 23.4047 0
      vertex 16.5246 24.4 0
      vertex 18.5566 32.4 0
    endloop
  endfacet
  facet normal -0 0 -1
    outer loop
      vertex 30.45 94.9384 0
      vertex 26.55 92.6868 0
      vertex 26.55 97.1901 0
    endloop
  endfacet
  facet normal 0 0 -1
    outer loop
      vertex 30.45 94.9384 0
      vertex 26.55 97.1901 0
      vertex 29.25 101.867 0
    endloop
  endfacet
  facet normal 0 0 -1
    outer loop
      vertex 21.15 92.6868 0
      vertex 26.55 97.1901 0
      vertex 26.55 92.6868 0
    endloop
  endfacet
  facet normal 0 0 -1
    outer loop
      vertex 21.15 92.6868 0
      vertex 21.15 97.1901 0
      vertex 26.55 97.1901 0
    endloop
  endfacet
  facet normal 0 0 -1
    outer loop
      vertex 17.25 94.9384 0
      vertex 21.15 92.6868 0
      vertex 19.8297 90.4 0
    endloop
  endfacet
  facet normal 0 0 -1
    outer loop
      vertex 21.15 92.6868 0
      vertex 17.25 94.9384 0
      vertex 21.15 97.1901 0
    endloop
  endfacet
  facet normal 0 0 -1
    outer loop
      vertex 16.4891 82.4 0
      vertex 21.15 78.8304 0
      vertex 17.25 81.082 0
    endloop
  endfacet
  facet normal 0 0 -1
    outer loop
      vertex 40.4891 82.4 0
      vertex 41.25 94.9384 0
      vertex 41.25 81.082 0
    endloop
  endfacet
  facet normal 0 0 -1
    outer loop
      vertex 40.4891 82.4 0
      vertex 38.6297 90.4 0
      vertex 41.25 94.9384 0
    endloop
  endfacet
  facet normal 0 0 -1
    outer loop
      vertex 40.4891 82.4 0
      vertex 33.0703 90.4 0
      vertex 38.6297 90.4 0
    endloop
  endfacet
  facet normal 0 0 -1
    outer loop
      vertex 31.2109 82.4 0
      vertex 33.0703 90.4 0
      vertex 40.4891 82.4 0
    endloop
  endfacet
  facet normal 0 0 -1
    outer loop
      vertex 27.8703 90.4 0
      vertex 31.2109 82.4 0
      vertex 30.45 81.082 0
    endloop
  endfacet
  facet normal 0 0 -1
    outer loop
      vertex 27.8703 90.4 0
      vertex 33.0703 90.4 0
      vertex 31.2109 82.4 0
    endloop
  endfacet
  facet normal 0 0 -1
    outer loop
      vertex 38.55 76.4055 0
      vertex 42.45 74.1538 0
      vertex 38.55 71.9022 0
    endloop
  endfacet
  facet normal 0 0 -1
    outer loop
      vertex 42.45 74.1538 0
      vertex 38.55 76.4055 0
      vertex 41.25 81.082 0
    endloop
  endfacet
  facet normal 0 0 -1
    outer loop
      vertex 33.15 71.9022 0
      vertex 38.55 76.4055 0
      vertex 38.55 71.9022 0
    endloop
  endfacet
  facet normal 0 0 -1
    outer loop
      vertex 33.15 71.9022 0
      vertex 33.15 76.4055 0
      vertex 38.55 76.4055 0
    endloop
  endfacet
  facet normal 0 0 -1
    outer loop
      vertex 29.25 74.1538 0
      vertex 33.15 71.9022 0
      vertex 30.45 67.2256 0
    endloop
  endfacet
  facet normal 0 0 -1
    outer loop
      vertex 33.15 71.9022 0
      vertex 29.25 74.1538 0
      vertex 33.15 76.4055 0
    endloop
  endfacet
  facet normal 0 0 -1
    outer loop
      vertex 38.55 62.5491 0
      vertex 42.45 60.2974 0
      vertex 38.55 58.0458 0
    endloop
  endfacet
  facet normal 0 0 -1
    outer loop
      vertex 42.45 60.2974 0
      vertex 38.55 62.5491 0
      vertex 41.25 67.2256 0
    endloop
  endfacet
  facet normal 0 0 -1
    outer loop
      vertex 33.15 58.0458 0
      vertex 38.55 62.5491 0
      vertex 38.55 58.0458 0
    endloop
  endfacet
  facet normal 0 0 -1
    outer loop
      vertex 33.15 58.0458 0
      vertex 33.15 62.5491 0
      vertex 38.55 62.5491 0
    endloop
  endfacet
  facet normal 0 0 -1
    outer loop
      vertex 29.25 60.2974 0
      vertex 33.15 58.0458 0
      vertex 30.45 53.3692 0
    endloop
  endfacet
  facet normal 0 0 -1
    outer loop
      vertex 33.15 58.0458 0
      vertex 29.25 60.2974 0
      vertex 33.15 62.5491 0
    endloop
  endfacet
  facet normal 0 0 -1
    outer loop
      vertex 38.55 48.6927 0
      vertex 42.45 46.441 0
      vertex 38.55 44.1894 0
    endloop
  endfacet
  facet normal 0 0 -1
    outer loop
      vertex 42.45 46.441 0
      vertex 38.55 48.6927 0
      vertex 41.25 53.3692 0
    endloop
  endfacet
  facet normal 0 0 -1
    outer loop
      vertex 33.15 44.1894 0
      vertex 38.55 48.6927 0
      vertex 38.55 44.1894 0
    endloop
  endfacet
  facet normal 0 0 -1
    outer loop
      vertex 33.15 44.1894 0
      vertex 33.15 48.6927 0
      vertex 38.55 48.6927 0
    endloop
  endfacet
  facet normal 0 0 -1
    outer loop
      vertex 29.25 46.441 0
      vertex 33.15 44.1894 0
      vertex 30.45 39.5128 0
    endloop
  endfacet
  facet normal 0 0 -1
    outer loop
      vertex 33.15 44.1894 0
      vertex 29.25 46.441 0
      vertex 33.15 48.6927 0
    endloop
  endfacet
  facet normal 0 0 -1
    outer loop
      vertex 42.5566 32.4 0
      vertex 38.55 34.8363 0
      vertex 42.45 32.5846 0
    endloop
  endfacet
  facet normal 0 0 -1
    outer loop
      vertex 38.55 20.9799 0
      vertex 42.45 18.7282 0
      vertex 38.55 16.4765 0
    endloop
  endfacet
  facet normal 0 0 -1
    outer loop
      vertex 42.45 18.7282 0
      vertex 38.55 20.9799 0
      vertex 40.5246 24.4 0
    endloop
  endfacet
  facet normal 0 0 -1
    outer loop
      vertex 33.15 16.4765 0
      vertex 38.55 20.9799 0
      vertex 38.55 16.4765 0
    endloop
  endfacet
  facet normal 0 0 -1
    outer loop
      vertex 33.15 16.4765 0
      vertex 33.15 20.9799 0
      vertex 38.55 20.9799 0
    endloop
  endfacet
  facet normal 0 0 -1
    outer loop
      vertex 29.25 18.7282 0
      vertex 33.15 20.9799 0
      vertex 33.15 16.4765 0
    endloop
  endfacet
  facet normal 0 0 -1
    outer loop
      vertex 29.25 18.7282 0
      vertex 33.15 16.4765 0
      vertex 30.45 11.8 0
    endloop
  endfacet
  facet normal 0 0 -1
    outer loop
      vertex 42.45 32.5846 0
      vertex 38.55 34.8363 0
      vertex 41.25 39.5128 0
    endloop
  endfacet
  facet normal 0 0 -1
    outer loop
      vertex 40.5246 24.4 0
      vertex 33.15 34.8363 0
      vertex 38.55 34.8363 0
    endloop
  endfacet
  facet normal 0 0 -1
    outer loop
      vertex 31.1754 24.4 0
      vertex 33.15 34.8363 0
      vertex 40.5246 24.4 0
    endloop
  endfacet
  facet normal 0 0 -1
    outer loop
      vertex 29.1434 32.4 0
      vertex 33.15 34.8363 0
      vertex 31.1754 24.4 0
    endloop
  endfacet
  facet normal -0 0 -1
    outer loop
      vertex 33.15 20.9799 0
      vertex 29.25 18.7282 0
      vertex 31.1754 24.4 0
    endloop
  endfacet
  facet normal 0 0 -1
    outer loop
      vertex 55.8391 90.2761 0
      vertex 50.55 92.6868 0
      vertex 55.8449 90.278 0
    endloop
  endfacet
  facet normal -0 0 -1
    outer loop
      vertex 53.3739 85.9891 0
      vertex 45.15 78.8304 0
      vertex 53.372 85.9949 0
    endloop
  endfacet
  facet normal 0 0 -1
    outer loop
      vertex 43.8297 90.4 0
      vertex 53.372 85.9949 0
      vertex 45.15 78.8304 0
    endloop
  endfacet
  facet normal 0 0 -1
    outer loop
      vertex 53.372 85.9949 0
      vertex 43.8297 90.4 0
      vertex 51.8703 90.4 0
    endloop
  endfacet
  facet normal 0 -0 -1
    outer loop
      vertex 43.8297 90.4 0
      vertex 45.15 78.8304 0
      vertex 42.45 74.1538 0
    endloop
  endfacet
  facet normal 0 0 -1
    outer loop
      vertex 50.55 64.974 0
      vertex 53.25 74.1538 0
      vertex 53.25 60.2974 0
    endloop
  endfacet
  facet normal 0 0 -1
    outer loop
      vertex 50.55 64.974 0
      vertex 50.55 69.4773 0
      vertex 53.25 74.1538 0
    endloop
  endfacet
  facet normal 0 0 -1
    outer loop
      vertex 45.15 64.974 0
      vertex 50.55 69.4773 0
      vertex 50.55 64.974 0
    endloop
  endfacet
  facet normal 0 0 -1
    outer loop
      vertex 45.15 64.974 0
      vertex 45.15 69.4773 0
      vertex 50.55 69.4773 0
    endloop
  endfacet
  facet normal 0 0 -1
    outer loop
      vertex 41.25 67.2256 0
      vertex 45.15 64.974 0
      vertex 42.45 60.2974 0
    endloop
  endfacet
  facet normal 0 0 -1
    outer loop
      vertex 45.15 64.974 0
      vertex 41.25 67.2256 0
      vertex 45.15 69.4773 0
    endloop
  endfacet
  facet normal 0 0 -1
    outer loop
      vertex 50.55 51.1176 0
      vertex 53.25 60.2974 0
      vertex 53.25 46.441 0
    endloop
  endfacet
  facet normal 0 0 -1
    outer loop
      vertex 50.55 51.1176 0
      vertex 50.55 55.6209 0
      vertex 53.25 60.2974 0
    endloop
  endfacet
  facet normal 0 0 -1
    outer loop
      vertex 45.15 51.1176 0
      vertex 50.55 55.6209 0
      vertex 50.55 51.1176 0
    endloop
  endfacet
  facet normal 0 0 -1
    outer loop
      vertex 45.15 51.1176 0
      vertex 45.15 55.6209 0
      vertex 50.55 55.6209 0
    endloop
  endfacet
  facet normal 0 0 -1
    outer loop
      vertex 41.25 53.3692 0
      vertex 45.15 51.1176 0
      vertex 42.45 46.441 0
    endloop
  endfacet
  facet normal 0 0 -1
    outer loop
      vertex 45.15 51.1176 0
      vertex 41.25 53.3692 0
      vertex 45.15 55.6209 0
    endloop
  endfacet
  facet normal 0 0 -1
    outer loop
      vertex 56.7561 32.3968 0
      vertex 50.55 41.7645 0
      vertex 57.2065 32.3673 0
    endloop
  endfacet
  facet normal 0 0 -1
    outer loop
      vertex 57.2065 32.3673 0
      vertex 50.55 41.7645 0
      vertex 53.25 46.441 0
    endloop
  endfacet
  facet normal 0 0 -1
    outer loop
      vertex 45.15 37.2611 0
      vertex 50.55 41.7645 0
      vertex 50.55 37.2611 0
    endloop
  endfacet
  facet normal 0 0 -1
    outer loop
      vertex 45.15 37.2611 0
      vertex 45.15 41.7645 0
      vertex 50.55 41.7645 0
    endloop
  endfacet
  facet normal 0 0 -1
    outer loop
      vertex 41.25 39.5128 0
      vertex 45.15 37.2611 0
      vertex 42.45 32.5846 0
    endloop
  endfacet
  facet normal 0 0 -1
    outer loop
      vertex 45.15 37.2611 0
      vertex 41.25 39.5128 0
      vertex 45.15 41.7645 0
    endloop
  endfacet
  facet normal 0 0 -1
    outer loop
      vertex 54.2771 31.3729 0
      vertex 53.1434 32.4 0
      vertex 53.25 32.5846 0
    endloop
  endfacet
  facet normal -0 0 -1
    outer loop
      vertex 53.2532 28.8939 0
      vertex 45.15 23.4047 0
      vertex 53.2528 28.9 0
    endloop
  endfacet
  facet normal 0 0 -1
    outer loop
      vertex 42.5566 32.4 0
      vertex 53.2528 28.9 0
      vertex 45.15 23.4047 0
    endloop
  endfacet
  facet normal 0 0 -1
    outer loop
      vertex 53.2528 28.9 0
      vertex 42.5566 32.4 0
      vertex 53.1434 32.4 0
    endloop
  endfacet
  facet normal 0 0 -1
    outer loop
      vertex 40.5246 24.4 0
      vertex 45.15 23.4047 0
      vertex 42.45 18.7282 0
    endloop
  endfacet
  facet normal 0 0 -1
    outer loop
      vertex 45.15 23.4047 0
      vertex 40.5246 24.4 0
      vertex 42.5566 32.4 0
    endloop
  endfacet
  facet normal 0 0 -1
    outer loop
      vertex 60.2468 28.9061 0
      vertex 60.2472 86.9 0
      vertex 60.2472 28.9 0
    endloop
  endfacet
  facet normal 0 0 -1
    outer loop
      vertex 60.2468 28.9061 0
      vertex 60.2468 86.8939 0
      vertex 60.2472 86.9 0
    endloop
  endfacet
  facet normal 0 0 -1
    outer loop
      vertex 60.2173 29.3565 0
      vertex 60.2468 86.8939 0
      vertex 60.2468 28.9061 0
    endloop
  endfacet
  facet normal 0 0 -1
    outer loop
      vertex 60.2173 29.3565 0
      vertex 60.2173 86.4435 0
      vertex 60.2468 86.8939 0
    endloop
  endfacet
  facet normal 0 0 -1
    outer loop
      vertex 60.1292 29.7992 0
      vertex 60.2173 86.4435 0
      vertex 60.2173 29.3565 0
    endloop
  endfacet
  facet normal 0 0 -1
    outer loop
      vertex 60.1292 29.7992 0
      vertex 60.1292 86.0008 0
      vertex 60.2173 86.4435 0
    endloop
  endfacet
  facet normal 0 0 -1
    outer loop
      vertex 60.128 29.8051 0
      vertex 60.1292 86.0008 0
      vertex 60.1292 29.7992 0
    endloop
  endfacet
  facet normal 0 0 -1
    outer loop
      vertex 60.128 29.8051 0
      vertex 60.128 85.9949 0
      vertex 60.1292 86.0008 0
    endloop
  endfacet
  facet normal 0 0 -1
    outer loop
      vertex 60.1261 29.8109 0
      vertex 60.128 85.9949 0
      vertex 60.128 29.8051 0
    endloop
  endfacet
  facet normal 0 0 -1
    outer loop
      vertex 60.1261 29.8109 0
      vertex 60.1261 85.9891 0
      vertex 60.128 85.9949 0
    endloop
  endfacet
  facet normal 0 0 -1
    outer loop
      vertex 59.981 30.2383 0
      vertex 60.1261 85.9891 0
      vertex 60.1261 29.8109 0
    endloop
  endfacet
  facet normal 0 0 -1
    outer loop
      vertex 59.981 30.2383 0
      vertex 59.981 85.5617 0
      vertex 60.1261 85.9891 0
    endloop
  endfacet
  facet normal 0 0 -1
    outer loop
      vertex 59.7813 30.6431 0
      vertex 59.981 85.5617 0
      vertex 59.981 30.2383 0
    endloop
  endfacet
  facet normal 0 0 -1
    outer loop
      vertex 59.7813 30.6431 0
      vertex 59.7813 85.1569 0
      vertex 59.981 85.5617 0
    endloop
  endfacet
  facet normal 0 0 -1
    outer loop
      vertex 59.7786 30.6486 0
      vertex 59.7813 85.1569 0
      vertex 59.7813 30.6431 0
    endloop
  endfacet
  facet normal 0 0 -1
    outer loop
      vertex 59.7786 30.6486 0
      vertex 59.7786 85.1514 0
      vertex 59.7813 85.1569 0
    endloop
  endfacet
  facet normal 0 0 -1
    outer loop
      vertex 53.25 60.2974 0
      vertex 59.7786 30.6486 0
      vertex 59.7753 30.6536 0
    endloop
  endfacet
  facet normal 0 0 -1
    outer loop
      vertex 59.7786 30.6486 0
      vertex 53.25 60.2974 0
      vertex 59.7786 85.1514 0
    endloop
  endfacet
  facet normal 0 0 -1
    outer loop
      vertex 53.25 60.2974 0
      vertex 59.7753 30.6536 0
      vertex 59.5245 31.0289 0
    endloop
  endfacet
  facet normal 0 0 -1
    outer loop
      vertex 59.7786 85.1514 0
      vertex 53.25 60.2974 0
      vertex 59.7753 85.1464 0
    endloop
  endfacet
  facet normal 0 0 -1
    outer loop
      vertex 53.25 46.441 0
      vertex 59.5245 31.0289 0
      vertex 59.5205 31.0335 0
    endloop
  endfacet
  facet normal 0 0 -1
    outer loop
      vertex 59.7753 85.1464 0
      vertex 53.25 60.2974 0
      vertex 59.5245 84.771 0
    endloop
  endfacet
  facet normal 0 0 -1
    outer loop
      vertex 53.25 46.441 0
      vertex 59.5205 31.0335 0
      vertex 59.2229 31.3729 0
    endloop
  endfacet
  facet normal 0 0 -1
    outer loop
      vertex 59.5245 84.771 0
      vertex 53.25 60.2974 0
      vertex 59.5205 84.7665 0
    endloop
  endfacet
  facet normal 0 0 -1
    outer loop
      vertex 53.25 46.441 0
      vertex 59.2229 31.3729 0
      vertex 58.8835 31.6705 0
    endloop
  endfacet
  facet normal 0 0 -1
    outer loop
      vertex 59.5205 84.7665 0
      vertex 53.25 60.2974 0
      vertex 59.2229 84.4271 0
    endloop
  endfacet
  facet normal 0 0 -1
    outer loop
      vertex 53.25 46.441 0
      vertex 58.8835 31.6705 0
      vertex 58.879 31.6745 0
    endloop
  endfacet
  facet normal 0 0 -1
    outer loop
      vertex 53.25 74.1538 0
      vertex 59.2229 84.4271 0
      vertex 53.25 60.2974 0
    endloop
  endfacet
  facet normal 0 0 -1
    outer loop
      vertex 53.25 46.441 0
      vertex 58.879 31.6745 0
      vertex 58.5036 31.9253 0
    endloop
  endfacet
  facet normal 0 0 -1
    outer loop
      vertex 59.2229 84.4271 0
      vertex 53.25 74.1538 0
      vertex 58.8835 84.1295 0
    endloop
  endfacet
  facet normal 0 0 -1
    outer loop
      vertex 53.25 46.441 0
      vertex 58.5036 31.9253 0
      vertex 58.4986 31.9286 0
    endloop
  endfacet
  facet normal 0 0 -1
    outer loop
      vertex 58.8835 84.1295 0
      vertex 53.25 74.1538 0
      vertex 58.879 84.1255 0
    endloop
  endfacet
  facet normal 0 0 -1
    outer loop
      vertex 53.25 46.441 0
      vertex 58.4986 31.9286 0
      vertex 58.4931 31.9313 0
    endloop
  endfacet
  facet normal 0 0 -1
    outer loop
      vertex 58.879 84.1255 0
      vertex 53.25 74.1538 0
      vertex 58.5036 83.8747 0
    endloop
  endfacet
  facet normal 0 0 -1
    outer loop
      vertex 53.25 46.441 0
      vertex 58.4931 31.9313 0
      vertex 58.0883 32.131 0
    endloop
  endfacet
  facet normal 0 0 -1
    outer loop
      vertex 58.5036 83.8747 0
      vertex 53.25 74.1538 0
      vertex 58.4986 83.8714 0
    endloop
  endfacet
  facet normal 0 0 -1
    outer loop
      vertex 53.25 46.441 0
      vertex 58.0883 32.131 0
      vertex 57.6609 32.2761 0
    endloop
  endfacet
  facet normal 0 0 -1
    outer loop
      vertex 58.4986 83.8714 0
      vertex 53.25 74.1538 0
      vertex 58.4931 83.8687 0
    endloop
  endfacet
  facet normal 0 0 -1
    outer loop
      vertex 53.25 46.441 0
      vertex 57.6609 32.2761 0
      vertex 57.6551 32.278 0
    endloop
  endfacet
  facet normal 0 0 -1
    outer loop
      vertex 58.4931 83.8687 0
      vertex 53.25 74.1538 0
      vertex 58.0883 83.669 0
    endloop
  endfacet
  facet normal 0 0 -1
    outer loop
      vertex 53.25 46.441 0
      vertex 57.6551 32.278 0
      vertex 57.6492 32.2792 0
    endloop
  endfacet
  facet normal 0 0 -1
    outer loop
      vertex 58.0883 83.669 0
      vertex 53.25 74.1538 0
      vertex 57.6609 83.5239 0
    endloop
  endfacet
  facet normal 0 0 -1
    outer loop
      vertex 53.25 46.441 0
      vertex 57.6492 32.2792 0
      vertex 57.2065 32.3673 0
    endloop
  endfacet
  facet normal 0 0 -1
    outer loop
      vertex 57.6609 83.5239 0
      vertex 53.25 74.1538 0
      vertex 57.6551 83.522 0
    endloop
  endfacet
  facet normal 0 0 -1
    outer loop
      vertex 50.55 41.7645 0
      vertex 56.7561 32.3968 0
      vertex 50.55 37.2611 0
    endloop
  endfacet
  facet normal 0 0 -1
    outer loop
      vertex 57.6551 83.522 0
      vertex 53.25 74.1538 0
      vertex 57.6492 83.5208 0
    endloop
  endfacet
  facet normal 0 0 -1
    outer loop
      vertex 50.55 37.2611 0
      vertex 56.7561 32.3968 0
      vertex 56.75 32.3972 0
    endloop
  endfacet
  facet normal 0 0 -1
    outer loop
      vertex 57.6492 83.5208 0
      vertex 53.25 74.1538 0
      vertex 57.2065 83.4327 0
    endloop
  endfacet
  facet normal 0 0 -1
    outer loop
      vertex 50.55 37.2611 0
      vertex 56.75 32.3972 0
      vertex 56.7439 32.3968 0
    endloop
  endfacet
  facet normal 0 0 -1
    outer loop
      vertex 57.2065 83.4327 0
      vertex 53.25 74.1538 0
      vertex 56.7561 83.4032 0
    endloop
  endfacet
  facet normal 0 0 -1
    outer loop
      vertex 50.55 37.2611 0
      vertex 56.7439 32.3968 0
      vertex 56.2935 32.3673 0
    endloop
  endfacet
  facet normal 0 0 -1
    outer loop
      vertex 56.7561 83.4032 0
      vertex 53.25 74.1538 0
      vertex 56.75 83.4028 0
    endloop
  endfacet
  facet normal 0 0 -1
    outer loop
      vertex 50.55 37.2611 0
      vertex 55.8508 32.2792 0
      vertex 53.25 32.5846 0
    endloop
  endfacet
  facet normal -0 0 -1
    outer loop
      vertex 56.75 83.4028 0
      vertex 53.25 74.1538 0
      vertex 56.7439 83.4032 0
    endloop
  endfacet
  facet normal 0 0 -1
    outer loop
      vertex 53.25 32.5846 0
      vertex 55.8508 32.2792 0
      vertex 55.8449 32.278 0
    endloop
  endfacet
  facet normal -0 0 -1
    outer loop
      vertex 56.7439 83.4032 0
      vertex 53.25 74.1538 0
      vertex 56.2935 83.4327 0
    endloop
  endfacet
  facet normal 0 0 -1
    outer loop
      vertex 53.25 32.5846 0
      vertex 55.8449 32.278 0
      vertex 55.8391 32.2761 0
    endloop
  endfacet
  facet normal 0 0 -1
    outer loop
      vertex 50.55 78.8304 0
      vertex 56.2935 83.4327 0
      vertex 53.25 74.1538 0
    endloop
  endfacet
  facet normal 0 0 -1
    outer loop
      vertex 53.25 32.5846 0
      vertex 55.8391 32.2761 0
      vertex 55.4117 32.131 0
    endloop
  endfacet
  facet normal -0 0 -1
    outer loop
      vertex 56.2935 83.4327 0
      vertex 50.55 78.8304 0
      vertex 55.8508 83.5208 0
    endloop
  endfacet
  facet normal 0 0 -1
    outer loop
      vertex 53.25 32.5846 0
      vertex 55.4117 32.131 0
      vertex 55.0069 31.9313 0
    endloop
  endfacet
  facet normal -0 0 -1
    outer loop
      vertex 55.8508 83.5208 0
      vertex 50.55 78.8304 0
      vertex 55.8449 83.522 0
    endloop
  endfacet
  facet normal 0 0 -1
    outer loop
      vertex 53.25 32.5846 0
      vertex 55.0069 31.9313 0
      vertex 55.0014 31.9286 0
    endloop
  endfacet
  facet normal -0 0 -1
    outer loop
      vertex 55.8449 83.522 0
      vertex 50.55 78.8304 0
      vertex 55.8391 83.5239 0
    endloop
  endfacet
  facet normal 0 0 -1
    outer loop
      vertex 53.25 32.5846 0
      vertex 55.0014 31.9286 0
      vertex 54.9964 31.9253 0
    endloop
  endfacet
  facet normal -0 0 -1
    outer loop
      vertex 55.8391 83.5239 0
      vertex 50.55 78.8304 0
      vertex 55.4117 83.669 0
    endloop
  endfacet
  facet normal 0 0 -1
    outer loop
      vertex 53.25 32.5846 0
      vertex 54.9964 31.9253 0
      vertex 54.621 31.6745 0
    endloop
  endfacet
  facet normal -0 0 -1
    outer loop
      vertex 55.4117 83.669 0
      vertex 50.55 78.8304 0
      vertex 55.0069 83.8687 0
    endloop
  endfacet
  facet normal 0 0 -1
    outer loop
      vertex 53.25 32.5846 0
      vertex 54.621 31.6745 0
      vertex 54.6165 31.6705 0
    endloop
  endfacet
  facet normal -0 0 -1
    outer loop
      vertex 55.0069 83.8687 0
      vertex 50.55 78.8304 0
      vertex 55.0014 83.8714 0
    endloop
  endfacet
  facet normal 0 0 -1
    outer loop
      vertex 53.25 32.5846 0
      vertex 54.6165 31.6705 0
      vertex 54.2771 31.3729 0
    endloop
  endfacet
  facet normal -0 0 -1
    outer loop
      vertex 55.0014 83.8714 0
      vertex 50.55 78.8304 0
      vertex 54.9964 83.8747 0
    endloop
  endfacet
  facet normal 0 0 -1
    outer loop
      vertex 53.1434 32.4 0
      vertex 54.2771 31.3729 0
      vertex 53.9795 31.0335 0
    endloop
  endfacet
  facet normal -0 0 -1
    outer loop
      vertex 54.9964 83.8747 0
      vertex 50.55 78.8304 0
      vertex 54.621 84.1255 0
    endloop
  endfacet
  facet normal 0 0 -1
    outer loop
      vertex 53.1434 32.4 0
      vertex 53.9795 31.0335 0
      vertex 53.9755 31.0289 0
    endloop
  endfacet
  facet normal -0 0 -1
    outer loop
      vertex 54.621 84.1255 0
      vertex 50.55 78.8304 0
      vertex 54.6165 84.1295 0
    endloop
  endfacet
  facet normal 0 0 -1
    outer loop
      vertex 53.1434 32.4 0
      vertex 53.9755 31.0289 0
      vertex 53.7247 30.6536 0
    endloop
  endfacet
  facet normal -0 0 -1
    outer loop
      vertex 54.6165 84.1295 0
      vertex 50.55 78.8304 0
      vertex 54.2771 84.4271 0
    endloop
  endfacet
  facet normal 0 0 -1
    outer loop
      vertex 53.1434 32.4 0
      vertex 53.7247 30.6536 0
      vertex 53.7214 30.6486 0
    endloop
  endfacet
  facet normal -0 0 -1
    outer loop
      vertex 54.2771 84.4271 0
      vertex 50.55 78.8304 0
      vertex 53.9795 84.7665 0
    endloop
  endfacet
  facet normal 0 0 -1
    outer loop
      vertex 53.1434 32.4 0
      vertex 53.7214 30.6486 0
      vertex 53.7187 30.6431 0
    endloop
  endfacet
  facet normal -0 0 -1
    outer loop
      vertex 53.9795 84.7665 0
      vertex 50.55 78.8304 0
      vertex 53.9755 84.771 0
    endloop
  endfacet
  facet normal 0 0 -1
    outer loop
      vertex 53.1434 32.4 0
      vertex 53.7187 30.6431 0
      vertex 53.519 30.2383 0
    endloop
  endfacet
  facet normal 0 0 -1
    outer loop
      vertex 59.5245 31.0289 0
      vertex 53.25 46.441 0
      vertex 53.25 60.2974 0
    endloop
  endfacet
  facet normal 0 0 -1
    outer loop
      vertex 53.1434 32.4 0
      vertex 53.519 30.2383 0
      vertex 53.3739 29.8109 0
    endloop
  endfacet
  facet normal -0 0 -1
    outer loop
      vertex 53.9755 84.771 0
      vertex 50.55 78.8304 0
      vertex 53.7247 85.1464 0
    endloop
  endfacet
  facet normal 0 0 -1
    outer loop
      vertex 53.1434 32.4 0
      vertex 53.3739 29.8109 0
      vertex 53.372 29.8051 0
    endloop
  endfacet
  facet normal -0 0 -1
    outer loop
      vertex 53.7247 85.1464 0
      vertex 50.55 78.8304 0
      vertex 53.7214 85.1514 0
    endloop
  endfacet
  facet normal 0 0 -1
    outer loop
      vertex 53.1434 32.4 0
      vertex 53.372 29.8051 0
      vertex 53.3708 29.7992 0
    endloop
  endfacet
  facet normal -0 0 -1
    outer loop
      vertex 53.7214 85.1514 0
      vertex 50.55 78.8304 0
      vertex 53.7187 85.1569 0
    endloop
  endfacet
  facet normal 0 0 -1
    outer loop
      vertex 53.1434 32.4 0
      vertex 53.3708 29.7992 0
      vertex 53.2827 29.3565 0
    endloop
  endfacet
  facet normal 0 0 -1
    outer loop
      vertex 55.8508 32.2792 0
      vertex 50.55 37.2611 0
      vertex 56.2935 32.3673 0
    endloop
  endfacet
  facet normal 0 0 -1
    outer loop
      vertex 53.1434 32.4 0
      vertex 53.2827 29.3565 0
      vertex 53.2532 28.9061 0
    endloop
  endfacet
  facet normal -0 0 -1
    outer loop
      vertex 53.7187 85.1569 0
      vertex 50.55 78.8304 0
      vertex 53.519 85.5617 0
    endloop
  endfacet
  facet normal 0 0 -1
    outer loop
      vertex 53.1434 32.4 0
      vertex 53.2532 28.9061 0
      vertex 53.2528 28.9 0
    endloop
  endfacet
  facet normal -0 0 -1
    outer loop
      vertex 53.519 85.5617 0
      vertex 50.55 78.8304 0
      vertex 53.3739 85.9891 0
    endloop
  endfacet
  facet normal 0 0 -1
    outer loop
      vertex 63.3 3.8147e-07 0
      vertex 62.05 2.4 0
      vertex 63.3 2.4 0
    endloop
  endfacet
  facet normal 0 0 -1
    outer loop
      vertex 62.05 2.4 0
      vertex 60.2472 28.9 0
      vertex 62.05 114.4 0
    endloop
  endfacet
  facet normal 0 0 -1
    outer loop
      vertex 62.05 2.4 0
      vertex 60.2468 28.8939 0
      vertex 60.2472 28.9 0
    endloop
  endfacet
  facet normal 0 0 -1
    outer loop
      vertex 62.05 2.4 0
      vertex 60.2173 28.4435 0
      vertex 60.2468 28.8939 0
    endloop
  endfacet
  facet normal 0 0 -1
    outer loop
      vertex 62.05 2.4 0
      vertex 60.1292 28.0008 0
      vertex 60.2173 28.4435 0
    endloop
  endfacet
  facet normal 0 0 -1
    outer loop
      vertex 62.05 2.4 0
      vertex 60.128 27.9949 0
      vertex 60.1292 28.0008 0
    endloop
  endfacet
  facet normal 0 0 -1
    outer loop
      vertex 62.05 2.4 0
      vertex 60.1261 27.9891 0
      vertex 60.128 27.9949 0
    endloop
  endfacet
  facet normal 0 0 -1
    outer loop
      vertex 62.05 2.4 0
      vertex 59.981 27.5617 0
      vertex 60.1261 27.9891 0
    endloop
  endfacet
  facet normal 0 0 -1
    outer loop
      vertex 62.05 2.4 0
      vertex 59.7813 27.1569 0
      vertex 59.981 27.5617 0
    endloop
  endfacet
  facet normal 0 0 -1
    outer loop
      vertex 62.05 2.4 0
      vertex 59.7786 27.1514 0
      vertex 59.7813 27.1569 0
    endloop
  endfacet
  facet normal 0 0 -1
    outer loop
      vertex 62.05 2.4 0
      vertex 59.7753 27.1464 0
      vertex 59.7786 27.1514 0
    endloop
  endfacet
  facet normal 0 0 -1
    outer loop
      vertex 62.05 2.4 0
      vertex 59.5245 26.771 0
      vertex 59.7753 27.1464 0
    endloop
  endfacet
  facet normal 0 0 -1
    outer loop
      vertex 62.05 2.4 0
      vertex 59.5205 26.7665 0
      vertex 59.5245 26.771 0
    endloop
  endfacet
  facet normal 0 0 -1
    outer loop
      vertex 62.05 2.4 0
      vertex 59.2229 26.4271 0
      vertex 59.5205 26.7665 0
    endloop
  endfacet
  facet normal 0 0 -1
    outer loop
      vertex 62.05 2.4 0
      vertex 58.8835 26.1295 0
      vertex 59.2229 26.4271 0
    endloop
  endfacet
  facet normal 0 0 -1
    outer loop
      vertex 62.05 2.4 0
      vertex 58.879 26.1255 0
      vertex 58.8835 26.1295 0
    endloop
  endfacet
  facet normal 0 0 -1
    outer loop
      vertex 62.05 2.4 0
      vertex 58.5036 25.8747 0
      vertex 58.879 26.1255 0
    endloop
  endfacet
  facet normal 0 0 -1
    outer loop
      vertex 62.05 2.4 0
      vertex 58.4986 25.8714 0
      vertex 58.5036 25.8747 0
    endloop
  endfacet
  facet normal 0 0 -1
    outer loop
      vertex 53.25 18.7282 0
      vertex 58.4986 25.8714 0
      vertex 62.05 2.4 0
    endloop
  endfacet
  facet normal 0 0 -1
    outer loop
      vertex 58.4986 25.8714 0
      vertex 53.25 18.7282 0
      vertex 58.4931 25.8687 0
    endloop
  endfacet
  facet normal 0 0 -1
    outer loop
      vertex 58.4931 25.8687 0
      vertex 53.25 18.7282 0
      vertex 58.0883 25.669 0
    endloop
  endfacet
  facet normal 0 0 -1
    outer loop
      vertex 58.0883 25.669 0
      vertex 53.25 18.7282 0
      vertex 57.6609 25.5239 0
    endloop
  endfacet
  facet normal 0 0 -1
    outer loop
      vertex 57.6609 25.5239 0
      vertex 53.25 18.7282 0
      vertex 57.6551 25.522 0
    endloop
  endfacet
  facet normal 0 0 -1
    outer loop
      vertex 57.6551 25.522 0
      vertex 53.25 18.7282 0
      vertex 57.6492 25.5208 0
    endloop
  endfacet
  facet normal 0 0 -1
    outer loop
      vertex 57.6492 25.5208 0
      vertex 53.25 18.7282 0
      vertex 57.2065 25.4327 0
    endloop
  endfacet
  facet normal 0 0 -1
    outer loop
      vertex 57.2065 25.4327 0
      vertex 53.25 18.7282 0
      vertex 56.7561 25.4032 0
    endloop
  endfacet
  facet normal 0 0 -1
    outer loop
      vertex 56.7561 25.4032 0
      vertex 53.25 18.7282 0
      vertex 56.75 25.4028 0
    endloop
  endfacet
  facet normal -0 0 -1
    outer loop
      vertex 56.75 25.4028 0
      vertex 53.25 18.7282 0
      vertex 56.7439 25.4032 0
    endloop
  endfacet
  facet normal -0 0 -1
    outer loop
      vertex 56.7439 25.4032 0
      vertex 53.25 18.7282 0
      vertex 56.2935 25.4327 0
    endloop
  endfacet
  facet normal -0 0 -1
    outer loop
      vertex 56.2935 25.4327 0
      vertex 53.25 18.7282 0
      vertex 55.8508 25.5208 0
    endloop
  endfacet
  facet normal -0 0 -1
    outer loop
      vertex 55.8508 25.5208 0
      vertex 53.25 18.7282 0
      vertex 55.8449 25.522 0
    endloop
  endfacet
  facet normal -0 0 -1
    outer loop
      vertex 55.8449 25.522 0
      vertex 53.25 18.7282 0
      vertex 55.8391 25.5239 0
    endloop
  endfacet
  facet normal -0 0 -1
    outer loop
      vertex 55.8391 25.5239 0
      vertex 53.25 18.7282 0
      vertex 55.4117 25.669 0
    endloop
  endfacet
  facet normal 0 0 -1
    outer loop
      vertex 50.55 23.4047 0
      vertex 55.4117 25.669 0
      vertex 53.25 18.7282 0
    endloop
  endfacet
  facet normal -0 0 -1
    outer loop
      vertex 55.4117 25.669 0
      vertex 50.55 23.4047 0
      vertex 55.0069 25.8687 0
    endloop
  endfacet
  facet normal -0 0 -1
    outer loop
      vertex 55.0069 25.8687 0
      vertex 50.55 23.4047 0
      vertex 55.0014 25.8714 0
    endloop
  endfacet
  facet normal -0 0 -1
    outer loop
      vertex 55.0014 25.8714 0
      vertex 50.55 23.4047 0
      vertex 54.9964 25.8747 0
    endloop
  endfacet
  facet normal -0 0 -1
    outer loop
      vertex 54.9964 25.8747 0
      vertex 50.55 23.4047 0
      vertex 54.621 26.1255 0
    endloop
  endfacet
  facet normal -0 0 -1
    outer loop
      vertex 54.621 26.1255 0
      vertex 50.55 23.4047 0
      vertex 54.6165 26.1295 0
    endloop
  endfacet
  facet normal -0 0 -1
    outer loop
      vertex 54.6165 26.1295 0
      vertex 50.55 23.4047 0
      vertex 54.2771 26.4271 0
    endloop
  endfacet
  facet normal -0 0 -1
    outer loop
      vertex 54.2771 26.4271 0
      vertex 50.55 23.4047 0
      vertex 53.9795 26.7665 0
    endloop
  endfacet
  facet normal -0 0 -1
    outer loop
      vertex 53.9795 26.7665 0
      vertex 50.55 23.4047 0
      vertex 53.9755 26.771 0
    endloop
  endfacet
  facet normal -0 0 -1
    outer loop
      vertex 53.9755 26.771 0
      vertex 50.55 23.4047 0
      vertex 53.7247 27.1464 0
    endloop
  endfacet
  facet normal -0 0 -1
    outer loop
      vertex 53.7247 27.1464 0
      vertex 50.55 23.4047 0
      vertex 53.7214 27.1514 0
    endloop
  endfacet
  facet normal -0 0 -1
    outer loop
      vertex 53.7214 27.1514 0
      vertex 50.55 23.4047 0
      vertex 53.7187 27.1569 0
    endloop
  endfacet
  facet normal -0 0 -1
    outer loop
      vertex 53.7187 27.1569 0
      vertex 50.55 23.4047 0
      vertex 53.519 27.5617 0
    endloop
  endfacet
  facet normal 0 0 -1
    outer loop
      vertex 50.55 23.4047 0
      vertex 53.3708 28.0008 0
      vertex 53.372 27.9949 0
    endloop
  endfacet
  facet normal 0 0 -1
    outer loop
      vertex 45.15 23.4047 0
      vertex 53.2827 28.4435 0
      vertex 50.55 23.4047 0
    endloop
  endfacet
  facet normal -0 0 -1
    outer loop
      vertex 53.2827 28.4435 0
      vertex 45.15 23.4047 0
      vertex 53.2532 28.8939 0
    endloop
  endfacet
  facet normal -0 0 -1
    outer loop
      vertex 53.3708 28.0008 0
      vertex 50.55 23.4047 0
      vertex 53.2827 28.4435 0
    endloop
  endfacet
  facet normal -0 0 -1
    outer loop
      vertex 53.3739 27.9891 0
      vertex 50.55 23.4047 0
      vertex 53.372 27.9949 0
    endloop
  endfacet
  facet normal -0 0 -1
    outer loop
      vertex 53.519 27.5617 0
      vertex 50.55 23.4047 0
      vertex 53.3739 27.9891 0
    endloop
  endfacet
  facet normal 0 0 -1
    outer loop
      vertex 38.55 7.12346 0
      vertex 62.05 2.4 0
      vertex 63.3 3.8147e-07 0
    endloop
  endfacet
  facet normal 0 0 -1
    outer loop
      vertex 62.05 2.4 0
      vertex 50.55 14.0517 0
      vertex 53.25 18.7282 0
    endloop
  endfacet
  facet normal 0 0 -1
    outer loop
      vertex 62.05 2.4 0
      vertex 38.55 7.12346 0
      vertex 50.55 14.0517 0
    endloop
  endfacet
  facet normal 0 0 -1
    outer loop
      vertex 38.55 34.8363 0
      vertex 42.5566 32.4 0
      vertex 40.5246 24.4 0
    endloop
  endfacet
  facet normal -0 0 -1
    outer loop
      vertex 45.15 41.7645 0
      vertex 41.25 39.5128 0
      vertex 42.45 46.441 0
    endloop
  endfacet
  facet normal 0 0 -1
    outer loop
      vertex 38.55 44.1894 0
      vertex 42.45 46.441 0
      vertex 41.25 39.5128 0
    endloop
  endfacet
  facet normal 0 0 -1
    outer loop
      vertex 38.55 58.0458 0
      vertex 42.45 60.2974 0
      vertex 41.25 53.3692 0
    endloop
  endfacet
  facet normal 0 0 -1
    outer loop
      vertex 38.55 16.4765 0
      vertex 42.45 18.7282 0
      vertex 41.25 11.8 0
    endloop
  endfacet
  facet normal -0 0 -1
    outer loop
      vertex 45.15 14.0517 0
      vertex 41.25 11.8 0
      vertex 42.45 18.7282 0
    endloop
  endfacet
  facet normal -0 0 -1
    outer loop
      vertex 50.55 14.0517 0
      vertex 38.55 7.12346 0
      vertex 45.15 14.0517 0
    endloop
  endfacet
  facet normal 0 0 -1
    outer loop
      vertex 45.15 14.0517 0
      vertex 38.55 7.12346 0
      vertex 41.25 11.8 0
    endloop
  endfacet
  facet normal 0 0 -1
    outer loop
      vertex 63.3 3.8147e-07 0
      vertex 33.15 7.12346 0
      vertex 38.55 7.12346 0
    endloop
  endfacet
  facet normal -0 0 -1
    outer loop
      vertex 33.15 34.8363 0
      vertex 29.25 32.5846 0
      vertex 30.45 39.5128 0
    endloop
  endfacet
  facet normal 0 0 -1
    outer loop
      vertex 26.55 37.2611 0
      vertex 30.45 39.5128 0
      vertex 29.25 32.5846 0
    endloop
  endfacet
  facet normal 0 0 -1
    outer loop
      vertex 26.55 51.1176 0
      vertex 30.45 53.3692 0
      vertex 29.25 46.441 0
    endloop
  endfacet
  facet normal -0 0 -1
    outer loop
      vertex 33.15 62.5491 0
      vertex 29.25 60.2974 0
      vertex 30.45 67.2256 0
    endloop
  endfacet
  facet normal 0 0 -1
    outer loop
      vertex 26.55 23.4047 0
      vertex 31.1754 24.4 0
      vertex 29.25 18.7282 0
    endloop
  endfacet
  facet normal 0 0 -1
    outer loop
      vertex 30.45 11.8 0
      vertex 26.55 14.0517 0
      vertex 29.25 18.7282 0
    endloop
  endfacet
  facet normal 0 0 -1
    outer loop
      vertex 33.15 7.12346 0
      vertex 26.55 14.0517 0
      vertex 30.45 11.8 0
    endloop
  endfacet
  facet normal 0 0 -1
    outer loop
      vertex 33.15 7.12346 0
      vertex 21.15 14.0517 0
      vertex 26.55 14.0517 0
    endloop
  endfacet
  facet normal 0 0 -1
    outer loop
      vertex 11.2472 28.9 0
      vertex 18.5566 32.4 0
      vertex 16.5246 24.4 0
    endloop
  endfacet
  facet normal -0 0 -1
    outer loop
      vertex 21.15 41.7645 0
      vertex 17.25 39.5128 0
      vertex 18.45 46.441 0
    endloop
  endfacet
  facet normal 0 0 -1
    outer loop
      vertex 14.55 44.1894 0
      vertex 18.45 46.441 0
      vertex 17.25 39.5128 0
    endloop
  endfacet
  facet normal 0 0 -1
    outer loop
      vertex 14.55 58.0458 0
      vertex 18.45 60.2974 0
      vertex 17.25 53.3692 0
    endloop
  endfacet
  facet normal 0 0 -1
    outer loop
      vertex 14.55 16.4765 0
      vertex 18.45 18.7282 0
      vertex 17.25 11.8 0
    endloop
  endfacet
  facet normal -0 0 -1
    outer loop
      vertex 21.15 14.0517 0
      vertex 17.25 11.8 0
      vertex 18.45 18.7282 0
    endloop
  endfacet
  facet normal 0 0 -1
    outer loop
      vertex 33.15 7.12346 0
      vertex 17.25 11.8 0
      vertex 21.15 14.0517 0
    endloop
  endfacet
  facet normal 0 0 -1
    outer loop
      vertex 33.15 7.12346 0
      vertex 14.55 7.12346 0
      vertex 17.25 11.8 0
    endloop
  endfacet
  facet normal 0 0 -1
    outer loop
      vertex 1.2 3.8147e-07 0
      vertex 33.15 7.12346 0
      vertex 63.3 3.8147e-07 0
    endloop
  endfacet
  facet normal -0 0 -1
    outer loop
      vertex 33.15 7.12346 0
      vertex 1.2 3.8147e-07 0
      vertex 14.55 7.12346 0
    endloop
  endfacet
  facet normal 0 0 -1
    outer loop
      vertex 7.17539 24.4 0
      vertex 6.00686 25.8687 0
      vertex 6.41169 25.669 0
    endloop
  endfacet
  facet normal 0 0 -1
    outer loop
      vertex 7.17539 24.4 0
      vertex 6.00141 25.8714 0
      vertex 6.00686 25.8687 0
    endloop
  endfacet
  facet normal 0 0 -1
    outer loop
      vertex 7.17539 24.4 0
      vertex 5.99635 25.8747 0
      vertex 6.00141 25.8714 0
    endloop
  endfacet
  facet normal 0 0 -1
    outer loop
      vertex 7.17539 24.4 0
      vertex 5.62105 26.1255 0
      vertex 5.99635 25.8747 0
    endloop
  endfacet
  facet normal 0 0 -1
    outer loop
      vertex 6.45 11.8 0
      vertex 5.61648 26.1295 0
      vertex 5.62105 26.1255 0
    endloop
  endfacet
  facet normal 0 0 -1
    outer loop
      vertex 6.45 11.8 0
      vertex 5.27712 26.4271 0
      vertex 5.61648 26.1295 0
    endloop
  endfacet
  facet normal 0 0 -1
    outer loop
      vertex 6.45 11.8 0
      vertex 4.97951 26.7665 0
      vertex 5.27712 26.4271 0
    endloop
  endfacet
  facet normal 0 0 -1
    outer loop
      vertex 6.45 11.8 0
      vertex 4.9755 26.771 0
      vertex 4.97951 26.7665 0
    endloop
  endfacet
  facet normal 0 0 -1
    outer loop
      vertex 6.45 11.8 0
      vertex 4.72473 27.1464 0
      vertex 4.9755 26.771 0
    endloop
  endfacet
  facet normal 0 0 -1
    outer loop
      vertex 6.45 11.8 0
      vertex 4.72135 27.1514 0
      vertex 4.72473 27.1464 0
    endloop
  endfacet
  facet normal 0 0 -1
    outer loop
      vertex 6.45 11.8 0
      vertex 4.71866 27.1569 0
      vertex 4.72135 27.1514 0
    endloop
  endfacet
  facet normal 0 0 -1
    outer loop
      vertex 6.45 11.8 0
      vertex 4.51902 27.5617 0
      vertex 4.71866 27.1569 0
    endloop
  endfacet
  facet normal 0 0 -1
    outer loop
      vertex 2.45 2.4 0
      vertex 4.51902 27.5617 0
      vertex 6.45 11.8 0
    endloop
  endfacet
  facet normal -0 0 -1
    outer loop
      vertex 4.51902 27.5617 0
      vertex 2.45 2.4 0
      vertex 4.37393 27.9891 0
    endloop
  endfacet
  facet normal -0 0 -1
    outer loop
      vertex 4.37393 27.9891 0
      vertex 2.45 2.4 0
      vertex 4.37198 27.9949 0
    endloop
  endfacet
  facet normal -0 0 -1
    outer loop
      vertex 4.37198 27.9949 0
      vertex 2.45 2.4 0
      vertex 4.37079 28.0008 0
    endloop
  endfacet
  facet normal 0 0 1
    outer loop
      vertex 4.28274 28.4435 0
      vertex 4.25282 28.9 0
      vertex 4.25321 28.8939 0
    endloop
  endfacet
  facet normal -0 0 -1
    outer loop
      vertex 4.25282 28.9 0
      vertex 2.45 2.4 0
      vertex 4.25282 86.9 0
    endloop
  endfacet
  facet normal -0 0 -1
    outer loop
      vertex 4.28274 28.4435 0
      vertex 2.45 2.4 0
      vertex 4.25282 28.9 0
    endloop
  endfacet
  facet normal -0 0 -1
    outer loop
      vertex 4.37079 28.0008 0
      vertex 2.45 2.4 0
      vertex 4.28274 28.4435 0
    endloop
  endfacet
  facet normal -0 0 -1
    outer loop
      vertex 9.15 7.12346 0
      vertex 2.45 2.4 0
      vertex 6.45 11.8 0
    endloop
  endfacet
  facet normal 0 -0 -1
    outer loop
      vertex 2.45 2.4 0
      vertex 14.55 7.12346 0
      vertex 1.2 3.8147e-07 0
    endloop
  endfacet
  facet normal -0 0 -1
    outer loop
      vertex 14.55 7.12346 0
      vertex 2.45 2.4 0
      vertex 9.15 7.12346 0
    endloop
  endfacet
  facet normal -0 0 -1
    outer loop
      vertex 2.45 2.4 0
      vertex 1.2 3.8147e-07 0
      vertex 1.2 2.4 0
    endloop
  endfacet
  facet normal 0 0 -1
    outer loop
      vertex 60.2472 86.9 0
      vertex 62.05 114.4 0
      vertex 60.2472 28.9 0
    endloop
  endfacet
  facet normal 0 0 -1
    outer loop
      vertex 60.2468 86.9061 0
      vertex 62.05 114.4 0
      vertex 60.2472 86.9 0
    endloop
  endfacet
  facet normal 0 0 -1
    outer loop
      vertex 60.2173 87.3565 0
      vertex 62.05 114.4 0
      vertex 60.2468 86.9061 0
    endloop
  endfacet
  facet normal 0 0 -1
    outer loop
      vertex 60.1292 87.7992 0
      vertex 62.05 114.4 0
      vertex 60.2173 87.3565 0
    endloop
  endfacet
  facet normal 0 0 -1
    outer loop
      vertex 60.128 87.8051 0
      vertex 62.05 114.4 0
      vertex 60.1292 87.7992 0
    endloop
  endfacet
  facet normal 0 0 -1
    outer loop
      vertex 60.1261 87.8109 0
      vertex 62.05 114.4 0
      vertex 60.128 87.8051 0
    endloop
  endfacet
  facet normal 0 0 -1
    outer loop
      vertex 59.981 88.2383 0
      vertex 62.05 114.4 0
      vertex 60.1261 87.8109 0
    endloop
  endfacet
  facet normal 0 0 -1
    outer loop
      vertex 59.7813 88.6431 0
      vertex 62.05 114.4 0
      vertex 59.981 88.2383 0
    endloop
  endfacet
  facet normal 0 0 -1
    outer loop
      vertex 59.7786 88.6486 0
      vertex 62.05 114.4 0
      vertex 59.7813 88.6431 0
    endloop
  endfacet
  facet normal 0 0 -1
    outer loop
      vertex 59.7753 88.6536 0
      vertex 62.05 114.4 0
      vertex 59.7786 88.6486 0
    endloop
  endfacet
  facet normal 0 0 -1
    outer loop
      vertex 59.5245 89.029 0
      vertex 62.05 114.4 0
      vertex 59.7753 88.6536 0
    endloop
  endfacet
  facet normal 0 0 -1
    outer loop
      vertex 59.5205 89.0335 0
      vertex 62.05 114.4 0
      vertex 59.5245 89.029 0
    endloop
  endfacet
  facet normal 0 0 -1
    outer loop
      vertex 59.2229 89.3729 0
      vertex 62.05 114.4 0
      vertex 59.5205 89.0335 0
    endloop
  endfacet
  facet normal 0 0 -1
    outer loop
      vertex 58.8835 89.6705 0
      vertex 62.05 114.4 0
      vertex 59.2229 89.3729 0
    endloop
  endfacet
  facet normal 0 0 -1
    outer loop
      vertex 58.879 89.6745 0
      vertex 62.05 114.4 0
      vertex 58.8835 89.6705 0
    endloop
  endfacet
  facet normal 0 0 -1
    outer loop
      vertex 53.25 101.867 0
      vertex 58.879 89.6745 0
      vertex 58.5036 89.9253 0
    endloop
  endfacet
  facet normal 0 0 -1
    outer loop
      vertex 53.25 101.867 0
      vertex 58.5036 89.9253 0
      vertex 58.4986 89.9286 0
    endloop
  endfacet
  facet normal 0 0 -1
    outer loop
      vertex 53.25 101.867 0
      vertex 58.4986 89.9286 0
      vertex 58.4931 89.9313 0
    endloop
  endfacet
  facet normal 0 0 -1
    outer loop
      vertex 53.25 101.867 0
      vertex 58.4931 89.9313 0
      vertex 58.0883 90.131 0
    endloop
  endfacet
  facet normal 0 0 -1
    outer loop
      vertex 53.25 101.867 0
      vertex 58.0883 90.131 0
      vertex 57.6609 90.2761 0
    endloop
  endfacet
  facet normal 0 0 -1
    outer loop
      vertex 53.25 101.867 0
      vertex 57.6609 90.2761 0
      vertex 57.6551 90.278 0
    endloop
  endfacet
  facet normal 0 0 -1
    outer loop
      vertex 53.25 101.867 0
      vertex 57.6551 90.278 0
      vertex 57.6492 90.2792 0
    endloop
  endfacet
  facet normal 0 0 -1
    outer loop
      vertex 53.25 101.867 0
      vertex 57.6492 90.2792 0
      vertex 57.2065 90.3673 0
    endloop
  endfacet
  facet normal 0 0 -1
    outer loop
      vertex 53.25 101.867 0
      vertex 57.2065 90.3673 0
      vertex 56.7561 90.3968 0
    endloop
  endfacet
  facet normal 0 0 -1
    outer loop
      vertex 53.25 101.867 0
      vertex 56.7561 90.3968 0
      vertex 56.75 90.3972 0
    endloop
  endfacet
  facet normal 0 0 -1
    outer loop
      vertex 53.25 101.867 0
      vertex 56.75 90.3972 0
      vertex 56.7439 90.3968 0
    endloop
  endfacet
  facet normal 0 0 -1
    outer loop
      vertex 53.25 101.867 0
      vertex 56.7439 90.3968 0
      vertex 56.2935 90.3673 0
    endloop
  endfacet
  facet normal 0 0 -1
    outer loop
      vertex 53.25 101.867 0
      vertex 56.2935 90.3673 0
      vertex 55.8508 90.2792 0
    endloop
  endfacet
  facet normal 0 0 -1
    outer loop
      vertex 53.25 101.867 0
      vertex 55.8508 90.2792 0
      vertex 55.8449 90.278 0
    endloop
  endfacet
  facet normal 0 0 -1
    outer loop
      vertex 55.4117 90.131 0
      vertex 50.55 92.6868 0
      vertex 55.8391 90.2761 0
    endloop
  endfacet
  facet normal 0 0 -1
    outer loop
      vertex 50.55 92.6868 0
      vertex 55.4117 90.131 0
      vertex 51.8703 90.4 0
    endloop
  endfacet
  facet normal 0 0 -1
    outer loop
      vertex 51.8703 90.4 0
      vertex 55.4117 90.131 0
      vertex 55.0069 89.9313 0
    endloop
  endfacet
  facet normal 0 0 -1
    outer loop
      vertex 51.8703 90.4 0
      vertex 55.0069 89.9313 0
      vertex 55.0014 89.9286 0
    endloop
  endfacet
  facet normal 0 0 -1
    outer loop
      vertex 51.8703 90.4 0
      vertex 55.0014 89.9286 0
      vertex 54.9964 89.9253 0
    endloop
  endfacet
  facet normal 0 0 -1
    outer loop
      vertex 51.8703 90.4 0
      vertex 54.9964 89.9253 0
      vertex 54.621 89.6745 0
    endloop
  endfacet
  facet normal 0 0 -1
    outer loop
      vertex 51.8703 90.4 0
      vertex 54.621 89.6745 0
      vertex 54.6165 89.6705 0
    endloop
  endfacet
  facet normal 0 0 -1
    outer loop
      vertex 51.8703 90.4 0
      vertex 54.6165 89.6705 0
      vertex 54.2771 89.3729 0
    endloop
  endfacet
  facet normal 0 0 -1
    outer loop
      vertex 51.8703 90.4 0
      vertex 54.2771 89.3729 0
      vertex 53.9795 89.0335 0
    endloop
  endfacet
  facet normal 0 0 -1
    outer loop
      vertex 51.8703 90.4 0
      vertex 53.9795 89.0335 0
      vertex 53.9755 89.029 0
    endloop
  endfacet
  facet normal 0 0 -1
    outer loop
      vertex 51.8703 90.4 0
      vertex 53.9755 89.029 0
      vertex 53.7247 88.6536 0
    endloop
  endfacet
  facet normal 0 0 -1
    outer loop
      vertex 51.8703 90.4 0
      vertex 53.7247 88.6536 0
      vertex 53.7214 88.6486 0
    endloop
  endfacet
  facet normal 0 0 -1
    outer loop
      vertex 51.8703 90.4 0
      vertex 53.7214 88.6486 0
      vertex 53.7187 88.6431 0
    endloop
  endfacet
  facet normal 0 0 -1
    outer loop
      vertex 51.8703 90.4 0
      vertex 53.7187 88.6431 0
      vertex 53.519 88.2383 0
    endloop
  endfacet
  facet normal 0 0 -1
    outer loop
      vertex 51.8703 90.4 0
      vertex 53.519 88.2383 0
      vertex 53.3739 87.8109 0
    endloop
  endfacet
  facet normal 0 0 -1
    outer loop
      vertex 51.8703 90.4 0
      vertex 53.3739 87.8109 0
      vertex 53.372 87.8051 0
    endloop
  endfacet
  facet normal 0 0 -1
    outer loop
      vertex 51.8703 90.4 0
      vertex 53.3708 87.7992 0
      vertex 53.2827 87.3565 0
    endloop
  endfacet
  facet normal 0 0 -1
    outer loop
      vertex 51.8703 90.4 0
      vertex 53.2532 86.9061 0
      vertex 53.2528 86.9 0
    endloop
  endfacet
  facet normal 0 0 -1
    outer loop
      vertex 45.15 78.8304 0
      vertex 53.3739 85.9891 0
      vertex 50.55 78.8304 0
    endloop
  endfacet
  facet normal 0 0 -1
    outer loop
      vertex 53.372 85.9949 0
      vertex 51.8703 90.4 0
      vertex 53.3708 86.0008 0
    endloop
  endfacet
  facet normal 0 0 -1
    outer loop
      vertex 53.3708 86.0008 0
      vertex 51.8703 90.4 0
      vertex 53.2827 86.4435 0
    endloop
  endfacet
  facet normal 0 0 -1
    outer loop
      vertex 53.2827 86.4435 0
      vertex 51.8703 90.4 0
      vertex 53.2532 86.8939 0
    endloop
  endfacet
  facet normal 0 0 -1
    outer loop
      vertex 53.2532 86.8939 0
      vertex 51.8703 90.4 0
      vertex 53.2528 86.9 0
    endloop
  endfacet
  facet normal 0 0 -1
    outer loop
      vertex 53.2532 86.9061 0
      vertex 51.8703 90.4 0
      vertex 53.2827 87.3565 0
    endloop
  endfacet
  facet normal 0 0 -1
    outer loop
      vertex 53.3708 87.7992 0
      vertex 51.8703 90.4 0
      vertex 53.372 87.8051 0
    endloop
  endfacet
  facet normal 0 0 -1
    outer loop
      vertex 58.879 89.6745 0
      vertex 53.25 101.867 0
      vertex 62.05 114.4 0
    endloop
  endfacet
  facet normal 0 0 -1
    outer loop
      vertex 50.55 106.543 0
      vertex 62.05 114.4 0
      vertex 53.25 101.867 0
    endloop
  endfacet
  facet normal 0 0 -1
    outer loop
      vertex 45.15 106.543 0
      vertex 62.05 114.4 0
      vertex 50.55 106.543 0
    endloop
  endfacet
  facet normal -0 0 -1
    outer loop
      vertex 45.15 55.6209 0
      vertex 41.25 53.3692 0
      vertex 42.45 60.2974 0
    endloop
  endfacet
  facet normal -0 0 -1
    outer loop
      vertex 45.15 69.4773 0
      vertex 41.25 67.2256 0
      vertex 42.45 74.1538 0
    endloop
  endfacet
  facet normal 0 0 -1
    outer loop
      vertex 38.55 71.9022 0
      vertex 42.45 74.1538 0
      vertex 41.25 67.2256 0
    endloop
  endfacet
  facet normal 0 0 -1
    outer loop
      vertex 42.45 74.1538 0
      vertex 41.25 81.082 0
      vertex 42.45 101.867 0
    endloop
  endfacet
  facet normal 0 0 -1
    outer loop
      vertex 41.25 94.9384 0
      vertex 42.45 101.867 0
      vertex 41.25 81.082 0
    endloop
  endfacet
  facet normal 0 0 -1
    outer loop
      vertex 38.55 99.615 0
      vertex 42.45 101.867 0
      vertex 41.25 94.9384 0
    endloop
  endfacet
  facet normal 0 0 -1
    outer loop
      vertex 38.55 99.615 0
      vertex 45.15 106.543 0
      vertex 42.45 101.867 0
    endloop
  endfacet
  facet normal 0 0 -1
    outer loop
      vertex 33.15 99.615 0
      vertex 45.15 106.543 0
      vertex 38.55 99.615 0
    endloop
  endfacet
  facet normal -0 0 -1
    outer loop
      vertex 33.15 48.6927 0
      vertex 29.25 46.441 0
      vertex 30.45 53.3692 0
    endloop
  endfacet
  facet normal 0 0 -1
    outer loop
      vertex 26.55 64.974 0
      vertex 30.45 67.2256 0
      vertex 29.25 60.2974 0
    endloop
  endfacet
  facet normal -0 0 -1
    outer loop
      vertex 33.15 76.4055 0
      vertex 29.25 74.1538 0
      vertex 30.45 81.082 0
    endloop
  endfacet
  facet normal 0 0 -1
    outer loop
      vertex 26.55 78.8304 0
      vertex 30.45 81.082 0
      vertex 29.25 74.1538 0
    endloop
  endfacet
  facet normal 0 0 -1
    outer loop
      vertex 33.0703 90.4 0
      vertex 27.8703 90.4 0
      vertex 30.45 94.9384 0
    endloop
  endfacet
  facet normal 0 0 -1
    outer loop
      vertex 29.25 101.867 0
      vertex 33.15 99.615 0
      vertex 30.45 94.9384 0
    endloop
  endfacet
  facet normal 0 0 -1
    outer loop
      vertex 29.25 101.867 0
      vertex 45.15 106.543 0
      vertex 33.15 99.615 0
    endloop
  endfacet
  facet normal 0 0 -1
    outer loop
      vertex 26.55 106.543 0
      vertex 45.15 106.543 0
      vertex 29.25 101.867 0
    endloop
  endfacet
  facet normal 0 0 -1
    outer loop
      vertex 45.15 106.543 0
      vertex 26.55 106.543 0
      vertex 62.05 114.4 0
    endloop
  endfacet
  facet normal 0 0 -1
    outer loop
      vertex 2.45 114.4 0
      vertex 26.55 106.543 0
      vertex 21.15 106.543 0
    endloop
  endfacet
  facet normal -0 0 -1
    outer loop
      vertex 21.15 55.6209 0
      vertex 17.25 53.3692 0
      vertex 18.45 60.2974 0
    endloop
  endfacet
  facet normal -0 0 -1
    outer loop
      vertex 21.15 69.4773 0
      vertex 17.25 67.2256 0
      vertex 18.45 74.1538 0
    endloop
  endfacet
  facet normal 0 0 -1
    outer loop
      vertex 14.55 71.9022 0
      vertex 18.45 74.1538 0
      vertex 17.25 67.2256 0
    endloop
  endfacet
  facet normal 0 0 -1
    outer loop
      vertex 21.15 78.8304 0
      vertex 16.4891 82.4 0
      vertex 19.8297 90.4 0
    endloop
  endfacet
  facet normal -0 0 -1
    outer loop
      vertex 21.15 97.1901 0
      vertex 17.25 94.9384 0
      vertex 18.45 101.867 0
    endloop
  endfacet
  facet normal 0 0 -1
    outer loop
      vertex 14.55 99.615 0
      vertex 18.45 101.867 0
      vertex 17.25 94.9384 0
    endloop
  endfacet
  facet normal 0 0 -1
    outer loop
      vertex 14.55 99.615 0
      vertex 21.15 106.543 0
      vertex 18.45 101.867 0
    endloop
  endfacet
  facet normal 0 0 -1
    outer loop
      vertex 9.15 99.615 0
      vertex 21.15 106.543 0
      vertex 14.55 99.615 0
    endloop
  endfacet
  facet normal 0 0 -1
    outer loop
      vertex 6.00686 89.9313 0
      vertex 6.45 94.9384 0
      vertex 6.41169 90.131 0
    endloop
  endfacet
  facet normal 0 0 -1
    outer loop
      vertex 6.00141 89.9286 0
      vertex 6.45 94.9384 0
      vertex 6.00686 89.9313 0
    endloop
  endfacet
  facet normal 0 0 -1
    outer loop
      vertex 5.99635 89.9253 0
      vertex 6.45 94.9384 0
      vertex 6.00141 89.9286 0
    endloop
  endfacet
  facet normal 0 0 -1
    outer loop
      vertex 5.62105 89.6745 0
      vertex 6.45 94.9384 0
      vertex 5.99635 89.9253 0
    endloop
  endfacet
  facet normal 0 0 -1
    outer loop
      vertex 5.61648 89.6705 0
      vertex 6.45 94.9384 0
      vertex 5.62105 89.6745 0
    endloop
  endfacet
  facet normal 0 0 -1
    outer loop
      vertex 5.27712 89.3729 0
      vertex 6.45 94.9384 0
      vertex 5.61648 89.6705 0
    endloop
  endfacet
  facet normal 0 0 -1
    outer loop
      vertex 4.97951 89.0335 0
      vertex 6.45 94.9384 0
      vertex 5.27712 89.3729 0
    endloop
  endfacet
  facet normal 0 0 -1
    outer loop
      vertex 4.9755 89.029 0
      vertex 6.45 94.9384 0
      vertex 4.97951 89.0335 0
    endloop
  endfacet
  facet normal 0 0 -1
    outer loop
      vertex 4.72473 88.6536 0
      vertex 6.45 94.9384 0
      vertex 4.9755 89.029 0
    endloop
  endfacet
  facet normal 0 0 -1
    outer loop
      vertex 4.72135 88.6486 0
      vertex 6.45 94.9384 0
      vertex 4.72473 88.6536 0
    endloop
  endfacet
  facet normal 0 0 -1
    outer loop
      vertex 4.71866 88.6431 0
      vertex 6.45 94.9384 0
      vertex 4.72135 88.6486 0
    endloop
  endfacet
  facet normal 0 0 -1
    outer loop
      vertex 4.51902 88.2383 0
      vertex 6.45 94.9384 0
      vertex 4.71866 88.6431 0
    endloop
  endfacet
  facet normal 0 0 -1
    outer loop
      vertex 2.45 114.4 0
      vertex 4.51902 88.2383 0
      vertex 4.37393 87.8109 0
    endloop
  endfacet
  facet normal 0 0 -1
    outer loop
      vertex 2.45 114.4 0
      vertex 4.37393 87.8109 0
      vertex 4.37198 87.8051 0
    endloop
  endfacet
  facet normal 0 0 1
    outer loop
      vertex 4.28274 87.3565 0
      vertex 4.37198 87.8051 0
      vertex 4.37079 87.7992 0
    endloop
  endfacet
  facet normal 0 0 1
    outer loop
      vertex 4.25282 86.9 0
      vertex 4.28274 87.3565 0
      vertex 4.25321 86.9061 0
    endloop
  endfacet
  facet normal 0 0 -1
    outer loop
      vertex 26.55 106.543 0
      vertex 2.45 114.4 0
      vertex 62.05 114.4 0
    endloop
  endfacet
  facet normal 0 0 -1
    outer loop
      vertex 9.15 99.615 0
      vertex 2.45 114.4 0
      vertex 21.15 106.543 0
    endloop
  endfacet
  facet normal 0 0 -1
    outer loop
      vertex 6.45 94.9384 0
      vertex 2.45 114.4 0
      vertex 9.15 99.615 0
    endloop
  endfacet
  facet normal 0 0 -1
    outer loop
      vertex 4.51902 88.2383 0
      vertex 2.45 114.4 0
      vertex 6.45 94.9384 0
    endloop
  endfacet
  facet normal 0 0 -1
    outer loop
      vertex 4.28274 87.3565 0
      vertex 2.45 114.4 0
      vertex 4.37198 87.8051 0
    endloop
  endfacet
  facet normal 0 0 -1
    outer loop
      vertex 4.25282 86.9 0
      vertex 2.45 114.4 0
      vertex 4.28274 87.3565 0
    endloop
  endfacet
  facet normal 0 0 -1
    outer loop
      vertex 2.45 114.4 0
      vertex 4.25282 86.9 0
      vertex 2.45 2.4 0
    endloop
  endfacet
  facet normal 0 0 -1
    outer loop
      vertex 55.8449 90.278 0
      vertex 50.55 92.6868 0
      vertex 50.55 97.1901 0
    endloop
  endfacet
  facet normal 0 0 -1
    outer loop
      vertex 55.8449 90.278 0
      vertex 50.55 97.1901 0
      vertex 53.25 101.867 0
    endloop
  endfacet
  facet normal 0 0 -1
    outer loop
      vertex 45.15 92.6868 0
      vertex 50.55 97.1901 0
      vertex 50.55 92.6868 0
    endloop
  endfacet
  facet normal 0 0 -1
    outer loop
      vertex 45.15 92.6868 0
      vertex 45.15 97.1901 0
      vertex 50.55 97.1901 0
    endloop
  endfacet
  facet normal 0 0 -1
    outer loop
      vertex 43.8297 90.4 0
      vertex 45.15 97.1901 0
      vertex 45.15 92.6868 0
    endloop
  endfacet
  facet normal 0 0 -1
    outer loop
      vertex 43.8297 90.4 0
      vertex 42.45 101.867 0
      vertex 45.15 97.1901 0
    endloop
  endfacet
  facet normal 0 0 -1
    outer loop
      vertex 42.45 101.867 0
      vertex 43.8297 90.4 0
      vertex 42.45 74.1538 0
    endloop
  endfacet
  facet normal 0 1 0
    outer loop
      vertex 63.3 2.4 30
      vertex 62.85 2.4 29.6
      vertex 59 2.4 30
    endloop
  endfacet
  facet normal 0 1 0
    outer loop
      vertex 64.5 2.4 28.8
      vertex 62.85 2.4 29.6
      vertex 63.3 2.4 30
    endloop
  endfacet
  facet normal 0 1 -0
    outer loop
      vertex 64.5 2.4 1.2
      vertex 62.85 2.4 29.6
      vertex 64.5 2.4 28.8
    endloop
  endfacet
  facet normal 0 1 0
    outer loop
      vertex 64.5 2.4 1.2
      vertex 62.85 2.4 0.4
      vertex 62.85 2.4 29.6
    endloop
  endfacet
  facet normal 0 1 -0
    outer loop
      vertex 63.3 2.4 0
      vertex 62.85 2.4 0.4
      vertex 64.5 2.4 1.2
    endloop
  endfacet
  facet normal 0 1 0
    outer loop
      vertex 62.05 2.4 0
      vertex 62.85 2.4 0.4
      vertex 63.3 2.4 0
    endloop
  endfacet
  facet normal 0 1 0
    outer loop
      vertex 62.85 2.4 0.4
      vertex 62.05 2.4 0
      vertex 62.05 2.4 0.4
    endloop
  endfacet
  facet normal 0 1 0
    outer loop
      vertex 59 2.4 30
      vertex 62.85 2.4 29.6
      vertex 59 2.4 29.6
    endloop
  endfacet
  facet normal 0 1 0
    outer loop
      vertex 2.45 2.4 0.4
      vertex 2.45 2.4 0
      vertex 1.65 2.4 0.4
    endloop
  endfacet
  facet normal 0 1 0
    outer loop
      vertex 1.65 2.4 29.6
      vertex 5.5 2.4 30
      vertex 5.5 2.4 29.6
    endloop
  endfacet
  facet normal 0 1 0
    outer loop
      vertex 5.5 2.4 30
      vertex 1.65 2.4 29.6
      vertex 1.2 2.4 30
    endloop
  endfacet
  facet normal 0 1 0
    outer loop
      vertex 1.65 2.4 29.6
      vertex 0 2.4 28.8
      vertex 1.2 2.4 30
    endloop
  endfacet
  facet normal 0 1 0
    outer loop
      vertex 1.65 2.4 29.6
      vertex 0 2.4 1.2
      vertex 0 2.4 28.8
    endloop
  endfacet
  facet normal 0 1 -0
    outer loop
      vertex 1.65 2.4 0.4
      vertex 0 2.4 1.2
      vertex 1.65 2.4 29.6
    endloop
  endfacet
  facet normal 0 1 0
    outer loop
      vertex 1.2 2.4 0
      vertex 1.65 2.4 0.4
      vertex 2.45 2.4 0
    endloop
  endfacet
  facet normal 0 1 0
    outer loop
      vertex 1.65 2.4 0.4
      vertex 1.2 2.4 0
      vertex 0 2.4 1.2
    endloop
  endfacet
  facet normal -1 0 0
    outer loop
      vertex 4.25 24.4 1.8
      vertex 4.25 26.4149 3.4
      vertex 4.25 26.4149 1.8
    endloop
  endfacet
  facet normal -1 -0 0
    outer loop
      vertex 4.25 26.4149 3.4
      vertex 4.25 24.4 1.8
      vertex 4.25 24.4 3.4
    endloop
  endfacet
  facet normal -1 0 0
    outer loop
      vertex 4.25 31.3851 1.8
      vertex 4.25 32.4 3.4
      vertex 4.25 32.4 1.8
    endloop
  endfacet
  facet normal -1 -0 0
    outer loop
      vertex 4.25 32.4 3.4
      vertex 4.25 31.3851 1.8
      vertex 4.25 31.3851 3.4
    endloop
  endfacet
  facet normal 0 0 1
    outer loop
      vertex 52.4868 29.4613 3.4
      vertex 12.05 28.9 3.4
      vertex 52.45 28.9 3.4
    endloop
  endfacet
  facet normal 0 0 1
    outer loop
      vertex 12.0132 29.4613 3.4
      vertex 52.4868 29.4613 3.4
      vertex 52.5965 30.0129 3.4
    endloop
  endfacet
  facet normal 0 0 1
    outer loop
      vertex 11.9035 30.0129 3.4
      vertex 52.5965 30.0129 3.4
      vertex 52.7773 30.5455 3.4
    endloop
  endfacet
  facet normal 0 0 1
    outer loop
      vertex 11.7227 30.5455 3.4
      vertex 52.7773 30.5455 3.4
      vertex 53.0261 31.05 3.4
    endloop
  endfacet
  facet normal 0 0 1
    outer loop
      vertex 11.4739 31.05 3.4
      vertex 53.0261 31.05 3.4
      vertex 53.3386 31.5177 3.4
    endloop
  endfacet
  facet normal 0 0 1
    outer loop
      vertex 11.1614 31.5177 3.4
      vertex 53.3386 31.5177 3.4
      vertex 53.7094 31.9406 3.4
    endloop
  endfacet
  facet normal 0 0 1
    outer loop
      vertex 10.7906 31.9406 3.4
      vertex 53.7094 31.9406 3.4
      vertex 54.1323 32.3114 3.4
    endloop
  endfacet
  facet normal 0 0 1
    outer loop
      vertex 10.3677 32.3114 3.4
      vertex 54.1323 32.3114 3.4
      vertex 54.2649 32.4 3.4
    endloop
  endfacet
  facet normal 0 0 1
    outer loop
      vertex 52.4868 29.4613 3.4
      vertex 12.0132 29.4613 3.4
      vertex 12.05 28.9 3.4
    endloop
  endfacet
  facet normal 0 0 1
    outer loop
      vertex 52.5965 30.0129 3.4
      vertex 11.9035 30.0129 3.4
      vertex 12.0132 29.4613 3.4
    endloop
  endfacet
  facet normal 0 0 1
    outer loop
      vertex 52.7773 30.5455 3.4
      vertex 11.7227 30.5455 3.4
      vertex 11.9035 30.0129 3.4
    endloop
  endfacet
  facet normal 0 0 1
    outer loop
      vertex 53.0261 31.05 3.4
      vertex 11.4739 31.05 3.4
      vertex 11.7227 30.5455 3.4
    endloop
  endfacet
  facet normal 0 0 1
    outer loop
      vertex 53.3386 31.5177 3.4
      vertex 11.1614 31.5177 3.4
      vertex 11.4739 31.05 3.4
    endloop
  endfacet
  facet normal 0 0 1
    outer loop
      vertex 53.7094 31.9406 3.4
      vertex 10.7906 31.9406 3.4
      vertex 11.1614 31.5177 3.4
    endloop
  endfacet
  facet normal 0 0 1
    outer loop
      vertex 54.1323 32.3114 3.4
      vertex 10.3677 32.3114 3.4
      vertex 10.7906 31.9406 3.4
    endloop
  endfacet
  facet normal 0 -0 1
    outer loop
      vertex 10.3677 32.3114 3.4
      vertex 54.2649 32.4 3.4
      vertex 10.2351 32.4 3.4
    endloop
  endfacet
  facet normal -0 0 1
    outer loop
      vertex 60.1614 26.2823 3.4
      vertex 60.25 24.4 3.4
      vertex 60.25 26.4149 3.4
    endloop
  endfacet
  facet normal -0 0 1
    outer loop
      vertex 59.7906 25.8594 3.4
      vertex 60.25 24.4 3.4
      vertex 60.1614 26.2823 3.4
    endloop
  endfacet
  facet normal -0 0 1
    outer loop
      vertex 59.3677 25.4886 3.4
      vertex 60.25 24.4 3.4
      vertex 59.7906 25.8594 3.4
    endloop
  endfacet
  facet normal -0 0 1
    outer loop
      vertex 58.9 25.1761 3.4
      vertex 60.25 24.4 3.4
      vertex 59.3677 25.4886 3.4
    endloop
  endfacet
  facet normal -0 0 1
    outer loop
      vertex 58.3955 24.9273 3.4
      vertex 60.25 24.4 3.4
      vertex 58.9 25.1761 3.4
    endloop
  endfacet
  facet normal -0 0 1
    outer loop
      vertex 57.8629 24.7465 3.4
      vertex 60.25 24.4 3.4
      vertex 58.3955 24.9273 3.4
    endloop
  endfacet
  facet normal -0 0 1
    outer loop
      vertex 57.3113 24.6368 3.4
      vertex 60.25 24.4 3.4
      vertex 57.8629 24.7465 3.4
    endloop
  endfacet
  facet normal -0 0 1
    outer loop
      vertex 56.75 24.6 3.4
      vertex 60.25 24.4 3.4
      vertex 57.3113 24.6368 3.4
    endloop
  endfacet
  facet normal -0 0 1
    outer loop
      vertex 12.05 28.9 3.4
      vertex 52.4868 28.3387 3.4
      vertex 52.45 28.9 3.4
    endloop
  endfacet
  facet normal 0 0 1
    outer loop
      vertex 12.0132 28.3387 3.4
      vertex 52.4868 28.3387 3.4
      vertex 12.05 28.9 3.4
    endloop
  endfacet
  facet normal 0 0 1
    outer loop
      vertex 52.4868 28.3387 3.4
      vertex 12.0132 28.3387 3.4
      vertex 52.5965 27.7871 3.4
    endloop
  endfacet
  facet normal 0 0 1
    outer loop
      vertex 11.9035 27.7871 3.4
      vertex 52.5965 27.7871 3.4
      vertex 12.0132 28.3387 3.4
    endloop
  endfacet
  facet normal 0 0 1
    outer loop
      vertex 52.5965 27.7871 3.4
      vertex 11.9035 27.7871 3.4
      vertex 52.7773 27.2545 3.4
    endloop
  endfacet
  facet normal 0 0 1
    outer loop
      vertex 11.7227 27.2545 3.4
      vertex 52.7773 27.2545 3.4
      vertex 11.9035 27.7871 3.4
    endloop
  endfacet
  facet normal 0 0 1
    outer loop
      vertex 52.7773 27.2545 3.4
      vertex 11.7227 27.2545 3.4
      vertex 53.0261 26.75 3.4
    endloop
  endfacet
  facet normal 0 0 1
    outer loop
      vertex 11.4739 26.75 3.4
      vertex 53.0261 26.75 3.4
      vertex 11.7227 27.2545 3.4
    endloop
  endfacet
  facet normal 0 0 1
    outer loop
      vertex 53.0261 26.75 3.4
      vertex 11.4739 26.75 3.4
      vertex 53.3386 26.2823 3.4
    endloop
  endfacet
  facet normal 0 0 1
    outer loop
      vertex 11.1614 26.2823 3.4
      vertex 53.3386 26.2823 3.4
      vertex 11.4739 26.75 3.4
    endloop
  endfacet
  facet normal 0 0 1
    outer loop
      vertex 53.3386 26.2823 3.4
      vertex 11.1614 26.2823 3.4
      vertex 53.7094 25.8594 3.4
    endloop
  endfacet
  facet normal 0 0 1
    outer loop
      vertex 10.7906 25.8594 3.4
      vertex 53.7094 25.8594 3.4
      vertex 11.1614 26.2823 3.4
    endloop
  endfacet
  facet normal 0 0 1
    outer loop
      vertex 53.7094 25.8594 3.4
      vertex 10.7906 25.8594 3.4
      vertex 54.1323 25.4886 3.4
    endloop
  endfacet
  facet normal 0 0 1
    outer loop
      vertex 10.3677 25.4886 3.4
      vertex 54.1323 25.4886 3.4
      vertex 10.7906 25.8594 3.4
    endloop
  endfacet
  facet normal 0 0 1
    outer loop
      vertex 54.1323 25.4886 3.4
      vertex 10.3677 25.4886 3.4
      vertex 54.6 25.1761 3.4
    endloop
  endfacet
  facet normal 0 0 1
    outer loop
      vertex 9.9 25.1761 3.4
      vertex 54.6 25.1761 3.4
      vertex 10.3677 25.4886 3.4
    endloop
  endfacet
  facet normal 0 0 1
    outer loop
      vertex 54.6 25.1761 3.4
      vertex 9.9 25.1761 3.4
      vertex 55.1045 24.9273 3.4
    endloop
  endfacet
  facet normal 0 0 1
    outer loop
      vertex 9.39554 24.9273 3.4
      vertex 55.1045 24.9273 3.4
      vertex 9.9 25.1761 3.4
    endloop
  endfacet
  facet normal 0 0 1
    outer loop
      vertex 55.1045 24.9273 3.4
      vertex 9.39554 24.9273 3.4
      vertex 55.6371 24.7465 3.4
    endloop
  endfacet
  facet normal 0 0 1
    outer loop
      vertex 8.86292 24.7465 3.4
      vertex 55.6371 24.7465 3.4
      vertex 9.39554 24.9273 3.4
    endloop
  endfacet
  facet normal 0 0 1
    outer loop
      vertex 55.6371 24.7465 3.4
      vertex 8.86292 24.7465 3.4
      vertex 56.1887 24.6368 3.4
    endloop
  endfacet
  facet normal 0 0 1
    outer loop
      vertex 8.31126 24.6368 3.4
      vertex 56.1887 24.6368 3.4
      vertex 8.86292 24.7465 3.4
    endloop
  endfacet
  facet normal 0 0 1
    outer loop
      vertex 56.1887 24.6368 3.4
      vertex 8.31126 24.6368 3.4
      vertex 56.75 24.6 3.4
    endloop
  endfacet
  facet normal 0 0 1
    outer loop
      vertex 7.75 24.6 3.4
      vertex 56.75 24.6 3.4
      vertex 8.31126 24.6368 3.4
    endloop
  endfacet
  facet normal 0 0 1
    outer loop
      vertex 56.75 24.6 3.4
      vertex 7.75 24.6 3.4
      vertex 60.25 24.4 3.4
    endloop
  endfacet
  facet normal 0 0 1
    outer loop
      vertex 7.75 24.6 3.4
      vertex 4.25 24.4 3.4
      vertex 60.25 24.4 3.4
    endloop
  endfacet
  facet normal 0 0 1
    outer loop
      vertex 7.18874 24.6368 3.4
      vertex 4.25 24.4 3.4
      vertex 7.75 24.6 3.4
    endloop
  endfacet
  facet normal 0 0 1
    outer loop
      vertex 6.63708 24.7465 3.4
      vertex 4.25 24.4 3.4
      vertex 7.18874 24.6368 3.4
    endloop
  endfacet
  facet normal 0 0 1
    outer loop
      vertex 6.10446 24.9273 3.4
      vertex 4.25 24.4 3.4
      vertex 6.63708 24.7465 3.4
    endloop
  endfacet
  facet normal 0 0 1
    outer loop
      vertex 5.6 25.1761 3.4
      vertex 4.25 24.4 3.4
      vertex 6.10446 24.9273 3.4
    endloop
  endfacet
  facet normal 0 0 1
    outer loop
      vertex 5.13233 25.4886 3.4
      vertex 4.25 24.4 3.4
      vertex 5.6 25.1761 3.4
    endloop
  endfacet
  facet normal 0 0 1
    outer loop
      vertex 4.70944 25.8594 3.4
      vertex 4.25 24.4 3.4
      vertex 5.13233 25.4886 3.4
    endloop
  endfacet
  facet normal 0 0 1
    outer loop
      vertex 4.33858 26.2823 3.4
      vertex 4.25 24.4 3.4
      vertex 4.70944 25.8594 3.4
    endloop
  endfacet
  facet normal 0 0 1
    outer loop
      vertex 4.25 24.4 3.4
      vertex 4.33858 26.2823 3.4
      vertex 4.25 26.4149 3.4
    endloop
  endfacet
  facet normal 0 0 1
    outer loop
      vertex 60.25 32.4 3.4
      vertex 60.1614 31.5177 3.4
      vertex 60.25 31.3851 3.4
    endloop
  endfacet
  facet normal 0 0 1
    outer loop
      vertex 60.25 32.4 3.4
      vertex 59.7906 31.9406 3.4
      vertex 60.1614 31.5177 3.4
    endloop
  endfacet
  facet normal 0 0 1
    outer loop
      vertex 60.25 32.4 3.4
      vertex 59.3677 32.3114 3.4
      vertex 59.7906 31.9406 3.4
    endloop
  endfacet
  facet normal 0 -0 1
    outer loop
      vertex 59.3677 32.3114 3.4
      vertex 60.25 32.4 3.4
      vertex 59.2351 32.4 3.4
    endloop
  endfacet
  facet normal -0 0 1
    outer loop
      vertex 4.25 32.4 3.4
      vertex 5.13233 32.3114 3.4
      vertex 5.2649 32.4 3.4
    endloop
  endfacet
  facet normal 0 0 1
    outer loop
      vertex 4.25 32.4 3.4
      vertex 4.70944 31.9406 3.4
      vertex 5.13233 32.3114 3.4
    endloop
  endfacet
  facet normal 0 0 1
    outer loop
      vertex 4.25 32.4 3.4
      vertex 4.33858 31.5177 3.4
      vertex 4.70944 31.9406 3.4
    endloop
  endfacet
  facet normal 0 0 1
    outer loop
      vertex 4.33858 31.5177 3.4
      vertex 4.25 32.4 3.4
      vertex 4.25 31.3851 3.4
    endloop
  endfacet
  facet normal 1 -0 0
    outer loop
      vertex 60.25 24.4 3.4
      vertex 60.25 26.4149 1.8
      vertex 60.25 26.4149 3.4
    endloop
  endfacet
  facet normal 1 0 0
    outer loop
      vertex 60.25 26.4149 1.8
      vertex 60.25 24.4 3.4
      vertex 60.25 24.4 1.8
    endloop
  endfacet
  facet normal 1 -0 0
    outer loop
      vertex 60.25 31.3851 3.4
      vertex 60.25 32.4 1.8
      vertex 60.25 32.4 3.4
    endloop
  endfacet
  facet normal 1 0 0
    outer loop
      vertex 60.25 32.4 1.8
      vertex 60.25 31.3851 3.4
      vertex 60.25 31.3851 1.8
    endloop
  endfacet
  facet normal 0 1 -0
    outer loop
      vertex 60.25 32.4 1.8
      vertex 59.2351 32.4 3.4
      vertex 60.25 32.4 3.4
    endloop
  endfacet
  facet normal 0 1 0
    outer loop
      vertex 59.2351 32.4 3.4
      vertex 60.25 32.4 1.8
      vertex 59.2351 32.4 1.8
    endloop
  endfacet
  facet normal 0 1 -0
    outer loop
      vertex 5.2649 32.4 1.8
      vertex 4.25 32.4 3.4
      vertex 5.2649 32.4 3.4
    endloop
  endfacet
  facet normal 0 1 0
    outer loop
      vertex 4.25 32.4 3.4
      vertex 5.2649 32.4 1.8
      vertex 4.25 32.4 1.8
    endloop
  endfacet
  facet normal 0 1 -0
    outer loop
      vertex 29.1434 32.4 0
      vertex 18.5566 32.4 1.8
      vertex 29.1434 32.4 1.8
    endloop
  endfacet
  facet normal 0 1 0
    outer loop
      vertex 18.5566 32.4 1.8
      vertex 29.1434 32.4 0
      vertex 18.5566 32.4 0
    endloop
  endfacet
  facet normal 0 1 -0
    outer loop
      vertex 53.1434 32.4 0
      vertex 42.5566 32.4 1.8
      vertex 53.1434 32.4 1.8
    endloop
  endfacet
  facet normal 0 1 0
    outer loop
      vertex 42.5566 32.4 1.8
      vertex 53.1434 32.4 0
      vertex 42.5566 32.4 0
    endloop
  endfacet
  facet normal 0 1 0
    outer loop
      vertex 53.1434 32.4 1.8
      vertex 54.2649 32.4 3.4
      vertex 54.2649 32.4 1.8
    endloop
  endfacet
  facet normal 0 1 0
    outer loop
      vertex 42.5566 32.4 1.8
      vertex 54.2649 32.4 3.4
      vertex 53.1434 32.4 1.8
    endloop
  endfacet
  facet normal 0 1 0
    outer loop
      vertex 29.1434 32.4 1.8
      vertex 54.2649 32.4 3.4
      vertex 42.5566 32.4 1.8
    endloop
  endfacet
  facet normal 0 1 0
    outer loop
      vertex 54.2649 32.4 3.4
      vertex 29.1434 32.4 1.8
      vertex 10.2351 32.4 3.4
    endloop
  endfacet
  facet normal 0 1 -0
    outer loop
      vertex 18.5566 32.4 1.8
      vertex 10.2351 32.4 3.4
      vertex 29.1434 32.4 1.8
    endloop
  endfacet
  facet normal 0 1 0
    outer loop
      vertex 10.2351 32.4 3.4
      vertex 18.5566 32.4 1.8
      vertex 10.2351 32.4 1.8
    endloop
  endfacet
  facet normal 0 -1 0
    outer loop
      vertex 31.1754 24.4 0
      vertex 40.5246 24.4 1.8
      vertex 31.1754 24.4 1.8
    endloop
  endfacet
  facet normal 0 -1 -0
    outer loop
      vertex 40.5246 24.4 1.8
      vertex 31.1754 24.4 0
      vertex 40.5246 24.4 0
    endloop
  endfacet
  facet normal 0 -1 0
    outer loop
      vertex 7.17539 24.4 0
      vertex 16.5246 24.4 1.8
      vertex 7.17539 24.4 1.8
    endloop
  endfacet
  facet normal 0 -1 -0
    outer loop
      vertex 16.5246 24.4 1.8
      vertex 7.17539 24.4 0
      vertex 16.5246 24.4 0
    endloop
  endfacet
  facet normal 0 -1 0
    outer loop
      vertex 7.17539 24.4 1.8
      vertex 4.25 24.4 3.4
      vertex 4.25 24.4 1.8
    endloop
  endfacet
  facet normal 0 -1 0
    outer loop
      vertex 16.5246 24.4 1.8
      vertex 4.25 24.4 3.4
      vertex 7.17539 24.4 1.8
    endloop
  endfacet
  facet normal 0 -1 0
    outer loop
      vertex 31.1754 24.4 1.8
      vertex 4.25 24.4 3.4
      vertex 16.5246 24.4 1.8
    endloop
  endfacet
  facet normal 0 -1 0
    outer loop
      vertex 4.25 24.4 3.4
      vertex 31.1754 24.4 1.8
      vertex 60.25 24.4 3.4
    endloop
  endfacet
  facet normal 0 -1 0
    outer loop
      vertex 40.5246 24.4 1.8
      vertex 60.25 24.4 3.4
      vertex 31.1754 24.4 1.8
    endloop
  endfacet
  facet normal 0 -1 -0
    outer loop
      vertex 60.25 24.4 3.4
      vertex 40.5246 24.4 1.8
      vertex 60.25 24.4 1.8
    endloop
  endfacet
  facet normal -1 0 0
    outer loop
      vertex 4.25 82.4 1.8
      vertex 4.25 84.4149 3.4
      vertex 4.25 84.4149 1.8
    endloop
  endfacet
  facet normal -1 -0 0
    outer loop
      vertex 4.25 84.4149 3.4
      vertex 4.25 82.4 1.8
      vertex 4.25 82.4 3.4
    endloop
  endfacet
  facet normal -1 0 0
    outer loop
      vertex 4.25 89.3851 1.8
      vertex 4.25 90.4 3.4
      vertex 4.25 90.4 1.8
    endloop
  endfacet
  facet normal -1 -0 0
    outer loop
      vertex 4.25 90.4 3.4
      vertex 4.25 89.3851 1.8
      vertex 4.25 89.3851 3.4
    endloop
  endfacet
  facet normal 0 0 1
    outer loop
      vertex 52.4868 87.4613 3.4
      vertex 12.05 86.9 3.4
      vertex 52.45 86.9 3.4
    endloop
  endfacet
  facet normal 0 0 1
    outer loop
      vertex 12.0132 87.4613 3.4
      vertex 52.4868 87.4613 3.4
      vertex 52.5965 88.0129 3.4
    endloop
  endfacet
  facet normal 0 0 1
    outer loop
      vertex 11.9035 88.0129 3.4
      vertex 52.5965 88.0129 3.4
      vertex 52.7773 88.5455 3.4
    endloop
  endfacet
  facet normal 0 0 1
    outer loop
      vertex 11.7227 88.5455 3.4
      vertex 52.7773 88.5455 3.4
      vertex 53.0261 89.05 3.4
    endloop
  endfacet
  facet normal 0 0 1
    outer loop
      vertex 11.4739 89.05 3.4
      vertex 53.0261 89.05 3.4
      vertex 53.3386 89.5177 3.4
    endloop
  endfacet
  facet normal 0 0 1
    outer loop
      vertex 11.1614 89.5177 3.4
      vertex 53.3386 89.5177 3.4
      vertex 53.7094 89.9406 3.4
    endloop
  endfacet
  facet normal 0 0 1
    outer loop
      vertex 10.7906 89.9406 3.4
      vertex 53.7094 89.9406 3.4
      vertex 54.1323 90.3114 3.4
    endloop
  endfacet
  facet normal 0 0 1
    outer loop
      vertex 10.3677 90.3114 3.4
      vertex 54.1323 90.3114 3.4
      vertex 54.2649 90.4 3.4
    endloop
  endfacet
  facet normal 0 0 1
    outer loop
      vertex 52.4868 87.4613 3.4
      vertex 12.0132 87.4613 3.4
      vertex 12.05 86.9 3.4
    endloop
  endfacet
  facet normal 0 0 1
    outer loop
      vertex 52.5965 88.0129 3.4
      vertex 11.9035 88.0129 3.4
      vertex 12.0132 87.4613 3.4
    endloop
  endfacet
  facet normal 0 0 1
    outer loop
      vertex 52.7773 88.5455 3.4
      vertex 11.7227 88.5455 3.4
      vertex 11.9035 88.0129 3.4
    endloop
  endfacet
  facet normal 0 0 1
    outer loop
      vertex 53.0261 89.05 3.4
      vertex 11.4739 89.05 3.4
      vertex 11.7227 88.5455 3.4
    endloop
  endfacet
  facet normal 0 0 1
    outer loop
      vertex 53.3386 89.5177 3.4
      vertex 11.1614 89.5177 3.4
      vertex 11.4739 89.05 3.4
    endloop
  endfacet
  facet normal 0 0 1
    outer loop
      vertex 53.7094 89.9406 3.4
      vertex 10.7906 89.9406 3.4
      vertex 11.1614 89.5177 3.4
    endloop
  endfacet
  facet normal 0 0 1
    outer loop
      vertex 54.1323 90.3114 3.4
      vertex 10.3677 90.3114 3.4
      vertex 10.7906 89.9406 3.4
    endloop
  endfacet
  facet normal 0 -0 1
    outer loop
      vertex 10.3677 90.3114 3.4
      vertex 54.2649 90.4 3.4
      vertex 10.2351 90.4 3.4
    endloop
  endfacet
  facet normal -0 0 1
    outer loop
      vertex 60.1614 84.2823 3.4
      vertex 60.25 82.4 3.4
      vertex 60.25 84.4149 3.4
    endloop
  endfacet
  facet normal -0 0 1
    outer loop
      vertex 59.7906 83.8594 3.4
      vertex 60.25 82.4 3.4
      vertex 60.1614 84.2823 3.4
    endloop
  endfacet
  facet normal -0 0 1
    outer loop
      vertex 59.3677 83.4886 3.4
      vertex 60.25 82.4 3.4
      vertex 59.7906 83.8594 3.4
    endloop
  endfacet
  facet normal -0 0 1
    outer loop
      vertex 58.9 83.1761 3.4
      vertex 60.25 82.4 3.4
      vertex 59.3677 83.4886 3.4
    endloop
  endfacet
  facet normal -0 0 1
    outer loop
      vertex 58.3955 82.9273 3.4
      vertex 60.25 82.4 3.4
      vertex 58.9 83.1761 3.4
    endloop
  endfacet
  facet normal -0 0 1
    outer loop
      vertex 57.8629 82.7465 3.4
      vertex 60.25 82.4 3.4
      vertex 58.3955 82.9273 3.4
    endloop
  endfacet
  facet normal -0 0 1
    outer loop
      vertex 57.3113 82.6368 3.4
      vertex 60.25 82.4 3.4
      vertex 57.8629 82.7465 3.4
    endloop
  endfacet
  facet normal -0 0 1
    outer loop
      vertex 56.75 82.6 3.4
      vertex 60.25 82.4 3.4
      vertex 57.3113 82.6368 3.4
    endloop
  endfacet
  facet normal -0 0 1
    outer loop
      vertex 12.05 86.9 3.4
      vertex 52.4868 86.3387 3.4
      vertex 52.45 86.9 3.4
    endloop
  endfacet
  facet normal 0 0 1
    outer loop
      vertex 12.0132 86.3387 3.4
      vertex 52.4868 86.3387 3.4
      vertex 12.05 86.9 3.4
    endloop
  endfacet
  facet normal 0 0 1
    outer loop
      vertex 52.4868 86.3387 3.4
      vertex 12.0132 86.3387 3.4
      vertex 52.5965 85.7871 3.4
    endloop
  endfacet
  facet normal 0 0 1
    outer loop
      vertex 11.9035 85.7871 3.4
      vertex 52.5965 85.7871 3.4
      vertex 12.0132 86.3387 3.4
    endloop
  endfacet
  facet normal 0 0 1
    outer loop
      vertex 52.5965 85.7871 3.4
      vertex 11.9035 85.7871 3.4
      vertex 52.7773 85.2545 3.4
    endloop
  endfacet
  facet normal 0 0 1
    outer loop
      vertex 11.7227 85.2545 3.4
      vertex 52.7773 85.2545 3.4
      vertex 11.9035 85.7871 3.4
    endloop
  endfacet
  facet normal 0 0 1
    outer loop
      vertex 52.7773 85.2545 3.4
      vertex 11.7227 85.2545 3.4
      vertex 53.0261 84.75 3.4
    endloop
  endfacet
  facet normal 0 0 1
    outer loop
      vertex 11.4739 84.75 3.4
      vertex 53.0261 84.75 3.4
      vertex 11.7227 85.2545 3.4
    endloop
  endfacet
  facet normal 0 0 1
    outer loop
      vertex 53.0261 84.75 3.4
      vertex 11.4739 84.75 3.4
      vertex 53.3386 84.2823 3.4
    endloop
  endfacet
  facet normal 0 0 1
    outer loop
      vertex 11.1614 84.2823 3.4
      vertex 53.3386 84.2823 3.4
      vertex 11.4739 84.75 3.4
    endloop
  endfacet
  facet normal 0 0 1
    outer loop
      vertex 53.3386 84.2823 3.4
      vertex 11.1614 84.2823 3.4
      vertex 53.7094 83.8594 3.4
    endloop
  endfacet
  facet normal 0 0 1
    outer loop
      vertex 10.7906 83.8594 3.4
      vertex 53.7094 83.8594 3.4
      vertex 11.1614 84.2823 3.4
    endloop
  endfacet
  facet normal 0 0 1
    outer loop
      vertex 53.7094 83.8594 3.4
      vertex 10.7906 83.8594 3.4
      vertex 54.1323 83.4886 3.4
    endloop
  endfacet
  facet normal 0 0 1
    outer loop
      vertex 10.3677 83.4886 3.4
      vertex 54.1323 83.4886 3.4
      vertex 10.7906 83.8594 3.4
    endloop
  endfacet
  facet normal 0 0 1
    outer loop
      vertex 54.1323 83.4886 3.4
      vertex 10.3677 83.4886 3.4
      vertex 54.6 83.1761 3.4
    endloop
  endfacet
  facet normal 0 0 1
    outer loop
      vertex 9.9 83.1761 3.4
      vertex 54.6 83.1761 3.4
      vertex 10.3677 83.4886 3.4
    endloop
  endfacet
  facet normal 0 0 1
    outer loop
      vertex 54.6 83.1761 3.4
      vertex 9.9 83.1761 3.4
      vertex 55.1045 82.9273 3.4
    endloop
  endfacet
  facet normal 0 0 1
    outer loop
      vertex 9.39554 82.9273 3.4
      vertex 55.1045 82.9273 3.4
      vertex 9.9 83.1761 3.4
    endloop
  endfacet
  facet normal 0 0 1
    outer loop
      vertex 55.1045 82.9273 3.4
      vertex 9.39554 82.9273 3.4
      vertex 55.6371 82.7465 3.4
    endloop
  endfacet
  facet normal 0 0 1
    outer loop
      vertex 8.86292 82.7465 3.4
      vertex 55.6371 82.7465 3.4
      vertex 9.39554 82.9273 3.4
    endloop
  endfacet
  facet normal 0 0 1
    outer loop
      vertex 55.6371 82.7465 3.4
      vertex 8.86292 82.7465 3.4
      vertex 56.1887 82.6368 3.4
    endloop
  endfacet
  facet normal 0 0 1
    outer loop
      vertex 8.31126 82.6368 3.4
      vertex 56.1887 82.6368 3.4
      vertex 8.86292 82.7465 3.4
    endloop
  endfacet
  facet normal 0 0 1
    outer loop
      vertex 56.1887 82.6368 3.4
      vertex 8.31126 82.6368 3.4
      vertex 56.75 82.6 3.4
    endloop
  endfacet
  facet normal 0 0 1
    outer loop
      vertex 7.75 82.6 3.4
      vertex 56.75 82.6 3.4
      vertex 8.31126 82.6368 3.4
    endloop
  endfacet
  facet normal 0 0 1
    outer loop
      vertex 56.75 82.6 3.4
      vertex 7.75 82.6 3.4
      vertex 60.25 82.4 3.4
    endloop
  endfacet
  facet normal 0 0 1
    outer loop
      vertex 7.75 82.6 3.4
      vertex 4.25 82.4 3.4
      vertex 60.25 82.4 3.4
    endloop
  endfacet
  facet normal 0 0 1
    outer loop
      vertex 7.18874 82.6368 3.4
      vertex 4.25 82.4 3.4
      vertex 7.75 82.6 3.4
    endloop
  endfacet
  facet normal 0 0 1
    outer loop
      vertex 6.63708 82.7465 3.4
      vertex 4.25 82.4 3.4
      vertex 7.18874 82.6368 3.4
    endloop
  endfacet
  facet normal 0 0 1
    outer loop
      vertex 6.10446 82.9273 3.4
      vertex 4.25 82.4 3.4
      vertex 6.63708 82.7465 3.4
    endloop
  endfacet
  facet normal 0 0 1
    outer loop
      vertex 5.6 83.1761 3.4
      vertex 4.25 82.4 3.4
      vertex 6.10446 82.9273 3.4
    endloop
  endfacet
  facet normal 0 0 1
    outer loop
      vertex 5.13233 83.4886 3.4
      vertex 4.25 82.4 3.4
      vertex 5.6 83.1761 3.4
    endloop
  endfacet
  facet normal 0 0 1
    outer loop
      vertex 4.70944 83.8594 3.4
      vertex 4.25 82.4 3.4
      vertex 5.13233 83.4886 3.4
    endloop
  endfacet
  facet normal 0 0 1
    outer loop
      vertex 4.33858 84.2823 3.4
      vertex 4.25 82.4 3.4
      vertex 4.70944 83.8594 3.4
    endloop
  endfacet
  facet normal 0 0 1
    outer loop
      vertex 4.25 82.4 3.4
      vertex 4.33858 84.2823 3.4
      vertex 4.25 84.4149 3.4
    endloop
  endfacet
  facet normal 0 0 1
    outer loop
      vertex 60.25 90.4 3.4
      vertex 60.1614 89.5177 3.4
      vertex 60.25 89.3851 3.4
    endloop
  endfacet
  facet normal 0 0 1
    outer loop
      vertex 60.25 90.4 3.4
      vertex 59.7906 89.9406 3.4
      vertex 60.1614 89.5177 3.4
    endloop
  endfacet
  facet normal 0 0 1
    outer loop
      vertex 60.25 90.4 3.4
      vertex 59.3677 90.3114 3.4
      vertex 59.7906 89.9406 3.4
    endloop
  endfacet
  facet normal 0 -0 1
    outer loop
      vertex 59.3677 90.3114 3.4
      vertex 60.25 90.4 3.4
      vertex 59.2351 90.4 3.4
    endloop
  endfacet
  facet normal -0 0 1
    outer loop
      vertex 4.25 90.4 3.4
      vertex 5.13233 90.3114 3.4
      vertex 5.2649 90.4 3.4
    endloop
  endfacet
  facet normal 0 0 1
    outer loop
      vertex 4.25 90.4 3.4
      vertex 4.70944 89.9406 3.4
      vertex 5.13233 90.3114 3.4
    endloop
  endfacet
  facet normal 0 0 1
    outer loop
      vertex 4.25 90.4 3.4
      vertex 4.33858 89.5177 3.4
      vertex 4.70944 89.9406 3.4
    endloop
  endfacet
  facet normal 0 0 1
    outer loop
      vertex 4.33858 89.5177 3.4
      vertex 4.25 90.4 3.4
      vertex 4.25 89.3851 3.4
    endloop
  endfacet
  facet normal 1 -0 0
    outer loop
      vertex 60.25 82.4 3.4
      vertex 60.25 84.4149 1.8
      vertex 60.25 84.4149 3.4
    endloop
  endfacet
  facet normal 1 0 0
    outer loop
      vertex 60.25 84.4149 1.8
      vertex 60.25 82.4 3.4
      vertex 60.25 82.4 1.8
    endloop
  endfacet
  facet normal 1 -0 0
    outer loop
      vertex 60.25 89.3851 3.4
      vertex 60.25 90.4 1.8
      vertex 60.25 90.4 3.4
    endloop
  endfacet
  facet normal 1 0 0
    outer loop
      vertex 60.25 90.4 1.8
      vertex 60.25 89.3851 3.4
      vertex 60.25 89.3851 1.8
    endloop
  endfacet
  facet normal 0 1 -0
    outer loop
      vertex 60.25 90.4 1.8
      vertex 59.2351 90.4 3.4
      vertex 60.25 90.4 3.4
    endloop
  endfacet
  facet normal 0 1 0
    outer loop
      vertex 59.2351 90.4 3.4
      vertex 60.25 90.4 1.8
      vertex 59.2351 90.4 1.8
    endloop
  endfacet
  facet normal 0 1 -0
    outer loop
      vertex 5.2649 90.4 1.8
      vertex 4.25 90.4 3.4
      vertex 5.2649 90.4 3.4
    endloop
  endfacet
  facet normal 0 1 0
    outer loop
      vertex 4.25 90.4 3.4
      vertex 5.2649 90.4 1.8
      vertex 4.25 90.4 1.8
    endloop
  endfacet
  facet normal 0 1 -0
    outer loop
      vertex 27.8703 90.4 0
      vertex 19.8297 90.4 1.8
      vertex 27.8703 90.4 1.8
    endloop
  endfacet
  facet normal 0 1 0
    outer loop
      vertex 19.8297 90.4 1.8
      vertex 27.8703 90.4 0
      vertex 19.8297 90.4 0
    endloop
  endfacet
  facet normal 0 1 -0
    outer loop
      vertex 38.6297 90.4 0
      vertex 33.0703 90.4 1.8
      vertex 38.6297 90.4 1.8
    endloop
  endfacet
  facet normal 0 1 0
    outer loop
      vertex 33.0703 90.4 1.8
      vertex 38.6297 90.4 0
      vertex 33.0703 90.4 0
    endloop
  endfacet
  facet normal 0 1 -0
    outer loop
      vertex 51.8703 90.4 0
      vertex 43.8297 90.4 1.8
      vertex 51.8703 90.4 1.8
    endloop
  endfacet
  facet normal 0 1 0
    outer loop
      vertex 43.8297 90.4 1.8
      vertex 51.8703 90.4 0
      vertex 43.8297 90.4 0
    endloop
  endfacet
  facet normal 0 1 0
    outer loop
      vertex 51.8703 90.4 1.8
      vertex 54.2649 90.4 3.4
      vertex 54.2649 90.4 1.8
    endloop
  endfacet
  facet normal 0 1 0
    outer loop
      vertex 43.8297 90.4 1.8
      vertex 54.2649 90.4 3.4
      vertex 51.8703 90.4 1.8
    endloop
  endfacet
  facet normal 0 1 0
    outer loop
      vertex 38.6297 90.4 1.8
      vertex 54.2649 90.4 3.4
      vertex 43.8297 90.4 1.8
    endloop
  endfacet
  facet normal 0 1 0
    outer loop
      vertex 33.0703 90.4 1.8
      vertex 54.2649 90.4 3.4
      vertex 38.6297 90.4 1.8
    endloop
  endfacet
  facet normal 0 1 0
    outer loop
      vertex 54.2649 90.4 3.4
      vertex 33.0703 90.4 1.8
      vertex 10.2351 90.4 3.4
    endloop
  endfacet
  facet normal 0 1 -0
    outer loop
      vertex 27.8703 90.4 1.8
      vertex 10.2351 90.4 3.4
      vertex 33.0703 90.4 1.8
    endloop
  endfacet
  facet normal 0 1 -0
    outer loop
      vertex 19.8297 90.4 1.8
      vertex 10.2351 90.4 3.4
      vertex 27.8703 90.4 1.8
    endloop
  endfacet
  facet normal 0 1 -0
    outer loop
      vertex 14.6297 90.4 1.8
      vertex 10.2351 90.4 3.4
      vertex 19.8297 90.4 1.8
    endloop
  endfacet
  facet normal 0 1 0
    outer loop
      vertex 14.6297 90.4 1.8
      vertex 10.2351 90.4 1.6
      vertex 10.2351 90.4 3.4
    endloop
  endfacet
  facet normal 0 1 -0
    outer loop
      vertex 14.6297 90.4 0
      vertex 10.2351 90.4 1.6
      vertex 14.6297 90.4 1.8
    endloop
  endfacet
  facet normal 0 1 0
    outer loop
      vertex 9.07027 90.4 0
      vertex 10.2351 90.4 1.6
      vertex 14.6297 90.4 0
    endloop
  endfacet
  facet normal 0 1 0
    outer loop
      vertex 10.2351 90.4 1.6
      vertex 9.07027 90.4 0
      vertex 9.07027 90.4 1.6
    endloop
  endfacet
  facet normal 0 -1 0
    outer loop
      vertex 31.2109 82.4 0
      vertex 40.4891 82.4 1.8
      vertex 31.2109 82.4 1.8
    endloop
  endfacet
  facet normal 0 -1 -0
    outer loop
      vertex 40.4891 82.4 1.8
      vertex 31.2109 82.4 0
      vertex 40.4891 82.4 0
    endloop
  endfacet
  facet normal 0 -1 0
    outer loop
      vertex 7.21093 82.4 0
      vertex 16.4891 82.4 1.8
      vertex 7.21093 82.4 1.8
    endloop
  endfacet
  facet normal 0 -1 -0
    outer loop
      vertex 16.4891 82.4 1.8
      vertex 7.21093 82.4 0
      vertex 16.4891 82.4 0
    endloop
  endfacet
  facet normal 0 -1 0
    outer loop
      vertex 7.21093 82.4 1.8
      vertex 4.25 82.4 3.4
      vertex 4.25 82.4 1.8
    endloop
  endfacet
  facet normal 0 -1 0
    outer loop
      vertex 16.4891 82.4 1.8
      vertex 4.25 82.4 3.4
      vertex 7.21093 82.4 1.8
    endloop
  endfacet
  facet normal 0 -1 0
    outer loop
      vertex 31.2109 82.4 1.8
      vertex 4.25 82.4 3.4
      vertex 16.4891 82.4 1.8
    endloop
  endfacet
  facet normal 0 -1 0
    outer loop
      vertex 4.25 82.4 3.4
      vertex 31.2109 82.4 1.8
      vertex 60.25 82.4 3.4
    endloop
  endfacet
  facet normal 0 -1 0
    outer loop
      vertex 40.4891 82.4 1.8
      vertex 60.25 82.4 3.4
      vertex 31.2109 82.4 1.8
    endloop
  endfacet
  facet normal 0 -1 -0
    outer loop
      vertex 60.25 82.4 3.4
      vertex 40.4891 82.4 1.8
      vertex 60.25 82.4 1.8
    endloop
  endfacet
  facet normal 0.997858 0.0654216 0
    outer loop
      vertex 12.05 28.9 6.8
      vertex 12.0132 29.4613 3.4
      vertex 12.0132 29.4613 6.8
    endloop
  endfacet
  facet normal 0.997858 0.0654216 0
    outer loop
      vertex 12.0132 29.4613 3.4
      vertex 12.05 28.9 6.8
      vertex 12.05 28.9 3.4
    endloop
  endfacet
  facet normal -0.0654263 0.997857 0
    outer loop
      vertex 7.75 33.2 1.8
      vertex 7.18874 33.1632 6.8
      vertex 7.75 33.2 6.8
    endloop
  endfacet
  facet normal -0.0654263 0.997857 0
    outer loop
      vertex 7.18874 33.1632 6.8
      vertex 7.75 33.2 1.8
      vertex 7.18874 33.1632 1.8
    endloop
  endfacet
  facet normal 0.0654263 -0.997857 0
    outer loop
      vertex 7.75 24.6 3.4
      vertex 8.31126 24.6368 6.8
      vertex 7.75 24.6 6.8
    endloop
  endfacet
  facet normal 0.0654263 -0.997857 0
    outer loop
      vertex 8.31126 24.6368 6.8
      vertex 7.75 24.6 3.4
      vertex 8.31126 24.6368 3.4
    endloop
  endfacet
  facet normal -0.659281 -0.751897 0
    outer loop
      vertex 4.70944 25.8594 3.4
      vertex 5.13233 25.4886 6.8
      vertex 4.70944 25.8594 6.8
    endloop
  endfacet
  facet normal -0.659281 -0.751897 -0
    outer loop
      vertex 5.13233 25.4886 6.8
      vertex 4.70944 25.8594 3.4
      vertex 5.13233 25.4886 3.4
    endloop
  endfacet
  facet normal 0.659272 0.751904 -0
    outer loop
      vertex 10.7906 31.9406 3.4
      vertex 10.3677 32.3114 6.8
      vertex 10.7906 31.9406 6.8
    endloop
  endfacet
  facet normal 0.659272 0.751904 0
    outer loop
      vertex 10.3677 32.3114 6.8
      vertex 10.7906 31.9406 3.4
      vertex 10.3677 32.3114 3.4
    endloop
  endfacet
  facet normal -0.751852 0.659332 0
    outer loop
      vertex 4.33858 31.5177 3.4
      vertex 4.70944 31.9406 6.8
      vertex 4.70944 31.9406 3.4
    endloop
  endfacet
  facet normal -0.751852 0.659332 0
    outer loop
      vertex 4.70944 31.9406 6.8
      vertex 4.33858 31.5177 3.4
      vertex 4.33858 31.5177 6.8
    endloop
  endfacet
  facet normal -0.442329 0.896853 0
    outer loop
      vertex 6.10446 32.8727 1.8
      vertex 5.6 32.6239 6.8
      vertex 6.10446 32.8727 6.8
    endloop
  endfacet
  facet normal -0.442329 0.896853 0
    outer loop
      vertex 5.6 32.6239 6.8
      vertex 6.10446 32.8727 1.8
      vertex 5.6 32.6239 1.8
    endloop
  endfacet
  facet normal 0.751904 -0.659272 0
    outer loop
      vertex 10.7906 25.8594 6.8
      vertex 11.1614 26.2823 3.4
      vertex 11.1614 26.2823 6.8
    endloop
  endfacet
  facet normal 0.751904 -0.659272 0
    outer loop
      vertex 11.1614 26.2823 3.4
      vertex 10.7906 25.8594 6.8
      vertex 10.7906 25.8594 3.4
    endloop
  endfacet
  facet normal 0.896867 0.4423 0
    outer loop
      vertex 11.7227 30.5455 6.8
      vertex 11.4739 31.05 3.4
      vertex 11.4739 31.05 6.8
    endloop
  endfacet
  facet normal 0.896867 0.4423 0
    outer loop
      vertex 11.4739 31.05 3.4
      vertex 11.7227 30.5455 6.8
      vertex 11.7227 30.5455 3.4
    endloop
  endfacet
  facet normal 0.980792 0.195056 0
    outer loop
      vertex 12.0132 29.4613 6.8
      vertex 11.9035 30.0129 3.4
      vertex 11.9035 30.0129 6.8
    endloop
  endfacet
  facet normal 0.980792 0.195056 0
    outer loop
      vertex 11.9035 30.0129 3.4
      vertex 12.0132 29.4613 6.8
      vertex 12.0132 29.4613 3.4
    endloop
  endfacet
  facet normal 0.831475 0.555561 0
    outer loop
      vertex 11.4739 31.05 6.8
      vertex 11.1614 31.5177 3.4
      vertex 11.1614 31.5177 6.8
    endloop
  endfacet
  facet normal 0.831475 0.555561 0
    outer loop
      vertex 11.1614 31.5177 3.4
      vertex 11.4739 31.05 6.8
      vertex 11.4739 31.05 3.4
    endloop
  endfacet
  facet normal 0.321439 0.94693 -0
    outer loop
      vertex 9.39554 32.8727 1.8
      vertex 8.86292 33.0535 6.8
      vertex 9.39554 32.8727 6.8
    endloop
  endfacet
  facet normal 0.321439 0.94693 0
    outer loop
      vertex 8.86292 33.0535 6.8
      vertex 9.39554 32.8727 1.8
      vertex 8.86292 33.0535 1.8
    endloop
  endfacet
  facet normal 0.555568 0.831471 0
    outer loop
      vertex 10.2351 32.4 3.4
      vertex 10.3677 32.3114 6.8
      vertex 10.3677 32.3114 3.4
    endloop
  endfacet
  facet normal 0.555561 0.831475 3.76475e-07
    outer loop
      vertex 10.3677 32.3114 6.8
      vertex 10.2351 32.4 3.4
      vertex 9.9 32.6239 6.8
    endloop
  endfacet
  facet normal 0.555559 0.831477 0
    outer loop
      vertex 9.9 32.6239 1.8
      vertex 10.2351 32.4 3.4
      vertex 10.2351 32.4 1.8
    endloop
  endfacet
  facet normal 0.555559 0.831477 0
    outer loop
      vertex 10.2351 32.4 3.4
      vertex 9.9 32.6239 1.8
      vertex 9.9 32.6239 6.8
    endloop
  endfacet
  facet normal -0.946927 0.32145 0
    outer loop
      vertex 3.59652 30.0129 1.8
      vertex 3.77732 30.5455 6.8
      vertex 3.77732 30.5455 1.8
    endloop
  endfacet
  facet normal -0.946927 0.32145 0
    outer loop
      vertex 3.77732 30.5455 6.8
      vertex 3.59652 30.0129 1.8
      vertex 3.59652 30.0129 6.8
    endloop
  endfacet
  facet normal -0.831466 0.555576 0
    outer loop
      vertex 4.25 31.3851 1.8
      vertex 4.02609 31.05 1.8
      vertex 4.25 31.3851 3.4
    endloop
  endfacet
  facet normal -0.831529 0.555481 0
    outer loop
      vertex 4.25 31.3851 3.4
      vertex 4.33858 31.5177 6.8
      vertex 4.33858 31.5177 3.4
    endloop
  endfacet
  facet normal -0.831466 0.555576 0
    outer loop
      vertex 4.02609 31.05 6.8
      vertex 4.25 31.3851 3.4
      vertex 4.02609 31.05 1.8
    endloop
  endfacet
  facet normal -0.831484 0.555549 -3.82125e-06
    outer loop
      vertex 4.25 31.3851 3.4
      vertex 4.02609 31.05 6.8
      vertex 4.33858 31.5177 6.8
    endloop
  endfacet
  facet normal 0 0 1
    outer loop
      vertex 10.55 28.9 6.8
      vertex 12.05 28.9 6.8
      vertex 12.0132 29.4613 6.8
    endloop
  endfacet
  facet normal 0 0 1
    outer loop
      vertex 10.526 29.2655 6.8
      vertex 12.0132 29.4613 6.8
      vertex 11.9035 30.0129 6.8
    endloop
  endfacet
  facet normal 0 0 1
    outer loop
      vertex 12.05 28.9 6.8
      vertex 10.55 28.9 6.8
      vertex 12.0132 28.3387 6.8
    endloop
  endfacet
  facet normal 0 0 1
    outer loop
      vertex 10.4546 29.6247 6.8
      vertex 11.9035 30.0129 6.8
      vertex 11.7227 30.5455 6.8
    endloop
  endfacet
  facet normal -0 0 1
    outer loop
      vertex 10.526 28.5345 6.8
      vertex 12.0132 28.3387 6.8
      vertex 10.55 28.9 6.8
    endloop
  endfacet
  facet normal 0 0 1
    outer loop
      vertex 10.3369 29.9715 6.8
      vertex 11.7227 30.5455 6.8
      vertex 11.4739 31.05 6.8
    endloop
  endfacet
  facet normal 0 0 1
    outer loop
      vertex 12.0132 28.3387 6.8
      vertex 10.526 28.5345 6.8
      vertex 11.9035 27.7871 6.8
    endloop
  endfacet
  facet normal 0 0 1
    outer loop
      vertex 10.1749 30.3 6.8
      vertex 11.4739 31.05 6.8
      vertex 11.1614 31.5177 6.8
    endloop
  endfacet
  facet normal -0 0 1
    outer loop
      vertex 10.4546 28.1753 6.8
      vertex 11.9035 27.7871 6.8
      vertex 10.526 28.5345 6.8
    endloop
  endfacet
  facet normal 0 0 1
    outer loop
      vertex 9.97139 30.6045 6.8
      vertex 11.1614 31.5177 6.8
      vertex 10.7906 31.9406 6.8
    endloop
  endfacet
  facet normal 0 0 1
    outer loop
      vertex 11.9035 27.7871 6.8
      vertex 10.4546 28.1753 6.8
      vertex 11.7227 27.2545 6.8
    endloop
  endfacet
  facet normal -0 0 1
    outer loop
      vertex 10.3369 27.8285 6.8
      vertex 11.7227 27.2545 6.8
      vertex 10.4546 28.1753 6.8
    endloop
  endfacet
  facet normal 0 0 1
    outer loop
      vertex 12.0132 29.4613 6.8
      vertex 10.526 29.2655 6.8
      vertex 10.55 28.9 6.8
    endloop
  endfacet
  facet normal 0 0 1
    outer loop
      vertex 11.9035 30.0129 6.8
      vertex 10.4546 29.6247 6.8
      vertex 10.526 29.2655 6.8
    endloop
  endfacet
  facet normal 0 0 1
    outer loop
      vertex 9.7299 30.8799 6.8
      vertex 10.7906 31.9406 6.8
      vertex 10.3677 32.3114 6.8
    endloop
  endfacet
  facet normal 0 0 1
    outer loop
      vertex 11.7227 30.5455 6.8
      vertex 10.3369 29.9715 6.8
      vertex 10.4546 29.6247 6.8
    endloop
  endfacet
  facet normal 0 0 1
    outer loop
      vertex 11.4739 31.05 6.8
      vertex 10.1749 30.3 6.8
      vertex 10.3369 29.9715 6.8
    endloop
  endfacet
  facet normal 0 0 1
    outer loop
      vertex 11.1614 31.5177 6.8
      vertex 9.97139 30.6045 6.8
      vertex 10.1749 30.3 6.8
    endloop
  endfacet
  facet normal 0 0 1
    outer loop
      vertex 9.45453 31.1214 6.8
      vertex 10.3677 32.3114 6.8
      vertex 9.9 32.6239 6.8
    endloop
  endfacet
  facet normal 0 0 1
    outer loop
      vertex 10.7906 31.9406 6.8
      vertex 9.7299 30.8799 6.8
      vertex 9.97139 30.6045 6.8
    endloop
  endfacet
  facet normal 0 0 1
    outer loop
      vertex 10.3677 32.3114 6.8
      vertex 9.45453 31.1214 6.8
      vertex 9.7299 30.8799 6.8
    endloop
  endfacet
  facet normal 0 0 1
    outer loop
      vertex 9.15 31.3249 6.8
      vertex 9.9 32.6239 6.8
      vertex 9.39554 32.8727 6.8
    endloop
  endfacet
  facet normal 0 0 1
    outer loop
      vertex 9.9 32.6239 6.8
      vertex 9.15 31.3249 6.8
      vertex 9.45453 31.1214 6.8
    endloop
  endfacet
  facet normal 0 0 1
    outer loop
      vertex 8.82151 31.4869 6.8
      vertex 9.39554 32.8727 6.8
      vertex 8.86292 33.0535 6.8
    endloop
  endfacet
  facet normal 0 0 1
    outer loop
      vertex 9.39554 32.8727 6.8
      vertex 8.82151 31.4869 6.8
      vertex 9.15 31.3249 6.8
    endloop
  endfacet
  facet normal 0 0 1
    outer loop
      vertex 8.86292 33.0535 6.8
      vertex 8.47469 31.6046 6.8
      vertex 8.82151 31.4869 6.8
    endloop
  endfacet
  facet normal 0 0 1
    outer loop
      vertex 8.31126 33.1632 6.8
      vertex 8.47469 31.6046 6.8
      vertex 8.86292 33.0535 6.8
    endloop
  endfacet
  facet normal 0 0 1
    outer loop
      vertex 8.31126 33.1632 6.8
      vertex 8.11547 31.676 6.8
      vertex 8.47469 31.6046 6.8
    endloop
  endfacet
  facet normal 0 0 1
    outer loop
      vertex 7.75 33.2 6.8
      vertex 8.11547 31.676 6.8
      vertex 8.31126 33.1632 6.8
    endloop
  endfacet
  facet normal 0 0 1
    outer loop
      vertex 7.75 33.2 6.8
      vertex 7.75 31.7 6.8
      vertex 8.11547 31.676 6.8
    endloop
  endfacet
  facet normal 0 0 1
    outer loop
      vertex 7.75 33.2 6.8
      vertex 7.38453 31.676 6.8
      vertex 7.75 31.7 6.8
    endloop
  endfacet
  facet normal -0 0 1
    outer loop
      vertex 7.18874 33.1632 6.8
      vertex 7.38453 31.676 6.8
      vertex 7.75 33.2 6.8
    endloop
  endfacet
  facet normal 0 0 1
    outer loop
      vertex 7.18874 33.1632 6.8
      vertex 7.02531 31.6046 6.8
      vertex 7.38453 31.676 6.8
    endloop
  endfacet
  facet normal -0 0 1
    outer loop
      vertex 6.63708 33.0535 6.8
      vertex 7.02531 31.6046 6.8
      vertex 7.18874 33.1632 6.8
    endloop
  endfacet
  facet normal 0 0 1
    outer loop
      vertex 7.02531 31.6046 6.8
      vertex 6.63708 33.0535 6.8
      vertex 6.67849 31.4869 6.8
    endloop
  endfacet
  facet normal -0 0 1
    outer loop
      vertex 6.10446 32.8727 6.8
      vertex 6.67849 31.4869 6.8
      vertex 6.63708 33.0535 6.8
    endloop
  endfacet
  facet normal 0 0 1
    outer loop
      vertex 6.67849 31.4869 6.8
      vertex 6.10446 32.8727 6.8
      vertex 6.35 31.3249 6.8
    endloop
  endfacet
  facet normal -0 0 1
    outer loop
      vertex 5.6 32.6239 6.8
      vertex 6.35 31.3249 6.8
      vertex 6.10446 32.8727 6.8
    endloop
  endfacet
  facet normal 0 0 1
    outer loop
      vertex 6.35 31.3249 6.8
      vertex 5.6 32.6239 6.8
      vertex 6.04547 31.1214 6.8
    endloop
  endfacet
  facet normal -0 0 1
    outer loop
      vertex 5.13233 32.3114 6.8
      vertex 6.04547 31.1214 6.8
      vertex 5.6 32.6239 6.8
    endloop
  endfacet
  facet normal 0 0 1
    outer loop
      vertex 6.04547 31.1214 6.8
      vertex 5.13233 32.3114 6.8
      vertex 5.7701 30.8799 6.8
    endloop
  endfacet
  facet normal -0 0 1
    outer loop
      vertex 4.70944 31.9406 6.8
      vertex 5.7701 30.8799 6.8
      vertex 5.13233 32.3114 6.8
    endloop
  endfacet
  facet normal 0 0 1
    outer loop
      vertex 5.7701 30.8799 6.8
      vertex 4.70944 31.9406 6.8
      vertex 5.52861 30.6045 6.8
    endloop
  endfacet
  facet normal -0 0 1
    outer loop
      vertex 4.33858 31.5177 6.8
      vertex 5.52861 30.6045 6.8
      vertex 4.70944 31.9406 6.8
    endloop
  endfacet
  facet normal 0 0 1
    outer loop
      vertex 5.52861 30.6045 6.8
      vertex 4.33858 31.5177 6.8
      vertex 5.32513 30.3 6.8
    endloop
  endfacet
  facet normal -0 0 1
    outer loop
      vertex 4.02609 31.05 6.8
      vertex 5.32513 30.3 6.8
      vertex 4.33858 31.5177 6.8
    endloop
  endfacet
  facet normal 0 0 1
    outer loop
      vertex 5.32513 30.3 6.8
      vertex 4.02609 31.05 6.8
      vertex 5.16314 29.9715 6.8
    endloop
  endfacet
  facet normal -0 0 1
    outer loop
      vertex 3.77732 30.5455 6.8
      vertex 5.16314 29.9715 6.8
      vertex 4.02609 31.05 6.8
    endloop
  endfacet
  facet normal 0 0 1
    outer loop
      vertex 11.7227 27.2545 6.8
      vertex 10.3369 27.8285 6.8
      vertex 11.4739 26.75 6.8
    endloop
  endfacet
  facet normal -0 0 1
    outer loop
      vertex 10.1749 27.5 6.8
      vertex 11.4739 26.75 6.8
      vertex 10.3369 27.8285 6.8
    endloop
  endfacet
  facet normal 0 0 1
    outer loop
      vertex 11.4739 26.75 6.8
      vertex 10.1749 27.5 6.8
      vertex 11.1614 26.2823 6.8
    endloop
  endfacet
  facet normal -0 0 1
    outer loop
      vertex 9.97139 27.1955 6.8
      vertex 11.1614 26.2823 6.8
      vertex 10.1749 27.5 6.8
    endloop
  endfacet
  facet normal 0 0 1
    outer loop
      vertex 11.1614 26.2823 6.8
      vertex 9.97139 27.1955 6.8
      vertex 10.7906 25.8594 6.8
    endloop
  endfacet
  facet normal -0 0 1
    outer loop
      vertex 9.7299 26.9201 6.8
      vertex 10.7906 25.8594 6.8
      vertex 9.97139 27.1955 6.8
    endloop
  endfacet
  facet normal 0 0 1
    outer loop
      vertex 10.7906 25.8594 6.8
      vertex 9.7299 26.9201 6.8
      vertex 10.3677 25.4886 6.8
    endloop
  endfacet
  facet normal -0 0 1
    outer loop
      vertex 9.45453 26.6786 6.8
      vertex 10.3677 25.4886 6.8
      vertex 9.7299 26.9201 6.8
    endloop
  endfacet
  facet normal 0 0 1
    outer loop
      vertex 10.3677 25.4886 6.8
      vertex 9.45453 26.6786 6.8
      vertex 9.9 25.1761 6.8
    endloop
  endfacet
  facet normal -0 0 1
    outer loop
      vertex 9.15 26.4751 6.8
      vertex 9.9 25.1761 6.8
      vertex 9.45453 26.6786 6.8
    endloop
  endfacet
  facet normal 0 0 1
    outer loop
      vertex 9.9 25.1761 6.8
      vertex 9.15 26.4751 6.8
      vertex 9.39554 24.9273 6.8
    endloop
  endfacet
  facet normal -0 0 1
    outer loop
      vertex 8.82151 26.3131 6.8
      vertex 9.39554 24.9273 6.8
      vertex 9.15 26.4751 6.8
    endloop
  endfacet
  facet normal 0 0 1
    outer loop
      vertex 9.39554 24.9273 6.8
      vertex 8.82151 26.3131 6.8
      vertex 8.86292 24.7465 6.8
    endloop
  endfacet
  facet normal -0 0 1
    outer loop
      vertex 8.47469 26.1954 6.8
      vertex 8.86292 24.7465 6.8
      vertex 8.82151 26.3131 6.8
    endloop
  endfacet
  facet normal 0 0 1
    outer loop
      vertex 8.47469 26.1954 6.8
      vertex 8.31126 24.6368 6.8
      vertex 8.86292 24.7465 6.8
    endloop
  endfacet
  facet normal -0 0 1
    outer loop
      vertex 8.11547 26.124 6.8
      vertex 8.31126 24.6368 6.8
      vertex 8.47469 26.1954 6.8
    endloop
  endfacet
  facet normal -0 0 1
    outer loop
      vertex 7.75 26.1 6.8
      vertex 8.31126 24.6368 6.8
      vertex 8.11547 26.124 6.8
    endloop
  endfacet
  facet normal 0 0 1
    outer loop
      vertex 7.75 26.1 6.8
      vertex 7.75 24.6 6.8
      vertex 8.31126 24.6368 6.8
    endloop
  endfacet
  facet normal 0 0 1
    outer loop
      vertex 7.38453 26.124 6.8
      vertex 7.75 24.6 6.8
      vertex 7.75 26.1 6.8
    endloop
  endfacet
  facet normal 0 0 1
    outer loop
      vertex 7.38453 26.124 6.8
      vertex 7.18874 24.6368 6.8
      vertex 7.75 24.6 6.8
    endloop
  endfacet
  facet normal 0 0 1
    outer loop
      vertex 7.02531 26.1954 6.8
      vertex 7.18874 24.6368 6.8
      vertex 7.38453 26.124 6.8
    endloop
  endfacet
  facet normal 0 0 1
    outer loop
      vertex 6.63708 24.7465 6.8
      vertex 7.02531 26.1954 6.8
      vertex 6.67849 26.3131 6.8
    endloop
  endfacet
  facet normal 0 0 1
    outer loop
      vertex 7.02531 26.1954 6.8
      vertex 6.63708 24.7465 6.8
      vertex 7.18874 24.6368 6.8
    endloop
  endfacet
  facet normal 0 0 1
    outer loop
      vertex 6.10446 24.9273 6.8
      vertex 6.67849 26.3131 6.8
      vertex 6.35 26.4751 6.8
    endloop
  endfacet
  facet normal 0 0 1
    outer loop
      vertex 6.67849 26.3131 6.8
      vertex 6.10446 24.9273 6.8
      vertex 6.63708 24.7465 6.8
    endloop
  endfacet
  facet normal 0 0 1
    outer loop
      vertex 5.6 25.1761 6.8
      vertex 6.35 26.4751 6.8
      vertex 6.04547 26.6786 6.8
    endloop
  endfacet
  facet normal 0 0 1
    outer loop
      vertex 5.13233 25.4886 6.8
      vertex 6.04547 26.6786 6.8
      vertex 5.7701 26.9201 6.8
    endloop
  endfacet
  facet normal 0 0 1
    outer loop
      vertex 6.35 26.4751 6.8
      vertex 5.6 25.1761 6.8
      vertex 6.10446 24.9273 6.8
    endloop
  endfacet
  facet normal 0 0 1
    outer loop
      vertex 4.70944 25.8594 6.8
      vertex 5.7701 26.9201 6.8
      vertex 5.52861 27.1955 6.8
    endloop
  endfacet
  facet normal 0 0 1
    outer loop
      vertex 4.33858 26.2823 6.8
      vertex 5.52861 27.1955 6.8
      vertex 5.32513 27.5 6.8
    endloop
  endfacet
  facet normal 0 0 1
    outer loop
      vertex 4.02609 26.75 6.8
      vertex 5.32513 27.5 6.8
      vertex 5.16314 27.8285 6.8
    endloop
  endfacet
  facet normal 0 0 1
    outer loop
      vertex 6.04547 26.6786 6.8
      vertex 5.13233 25.4886 6.8
      vertex 5.6 25.1761 6.8
    endloop
  endfacet
  facet normal 0 0 1
    outer loop
      vertex 3.77732 27.2545 6.8
      vertex 5.16314 27.8285 6.8
      vertex 5.04541 28.1753 6.8
    endloop
  endfacet
  facet normal 0 0 1
    outer loop
      vertex 3.59652 27.7871 6.8
      vertex 5.04541 28.1753 6.8
      vertex 4.97396 28.5345 6.8
    endloop
  endfacet
  facet normal 0 0 1
    outer loop
      vertex 3.48679 28.3387 6.8
      vertex 4.97396 28.5345 6.8
      vertex 4.95 28.9 6.8
    endloop
  endfacet
  facet normal 0 0 1
    outer loop
      vertex 5.16314 29.9715 6.8
      vertex 3.77732 30.5455 6.8
      vertex 5.04541 29.6247 6.8
    endloop
  endfacet
  facet normal 0 0 1
    outer loop
      vertex 5.7701 26.9201 6.8
      vertex 4.70944 25.8594 6.8
      vertex 5.13233 25.4886 6.8
    endloop
  endfacet
  facet normal -0 0 1
    outer loop
      vertex 3.59652 30.0129 6.8
      vertex 5.04541 29.6247 6.8
      vertex 3.77732 30.5455 6.8
    endloop
  endfacet
  facet normal 0 0 1
    outer loop
      vertex 5.52861 27.1955 6.8
      vertex 4.33858 26.2823 6.8
      vertex 4.70944 25.8594 6.8
    endloop
  endfacet
  facet normal 0 0 1
    outer loop
      vertex 5.04541 29.6247 6.8
      vertex 3.59652 30.0129 6.8
      vertex 4.97396 29.2655 6.8
    endloop
  endfacet
  facet normal 0 0 1
    outer loop
      vertex 5.32513 27.5 6.8
      vertex 4.02609 26.75 6.8
      vertex 4.33858 26.2823 6.8
    endloop
  endfacet
  facet normal -0 0 1
    outer loop
      vertex 3.48679 29.4613 6.8
      vertex 4.97396 29.2655 6.8
      vertex 3.59652 30.0129 6.8
    endloop
  endfacet
  facet normal 0 0 1
    outer loop
      vertex 5.16314 27.8285 6.8
      vertex 3.77732 27.2545 6.8
      vertex 4.02609 26.75 6.8
    endloop
  endfacet
  facet normal 0 0 1
    outer loop
      vertex 4.97396 29.2655 6.8
      vertex 3.48679 29.4613 6.8
      vertex 4.95 28.9 6.8
    endloop
  endfacet
  facet normal 0 0 1
    outer loop
      vertex 5.04541 28.1753 6.8
      vertex 3.59652 27.7871 6.8
      vertex 3.77732 27.2545 6.8
    endloop
  endfacet
  facet normal 0 0 1
    outer loop
      vertex 3.45 28.9 6.8
      vertex 4.95 28.9 6.8
      vertex 3.48679 29.4613 6.8
    endloop
  endfacet
  facet normal 0 0 1
    outer loop
      vertex 4.97396 28.5345 6.8
      vertex 3.48679 28.3387 6.8
      vertex 3.59652 27.7871 6.8
    endloop
  endfacet
  facet normal 0 0 1
    outer loop
      vertex 4.95 28.9 6.8
      vertex 3.45 28.9 6.8
      vertex 3.48679 28.3387 6.8
    endloop
  endfacet
  facet normal -0.555586 0.831459 3.88884e-06
    outer loop
      vertex 5.6 32.6239 6.8
      vertex 5.2649 32.4 3.4
      vertex 5.13233 32.3114 6.8
    endloop
  endfacet
  facet normal -0.555559 0.831477 0
    outer loop
      vertex 5.6 32.6239 1.8
      vertex 5.2649 32.4 3.4
      vertex 5.6 32.6239 6.8
    endloop
  endfacet
  facet normal -0.555559 0.831477 0
    outer loop
      vertex 5.2649 32.4 3.4
      vertex 5.6 32.6239 1.8
      vertex 5.2649 32.4 1.8
    endloop
  endfacet
  facet normal -0.555655 0.831413 0
    outer loop
      vertex 5.13233 32.3114 6.8
      vertex 5.2649 32.4 3.4
      vertex 5.13233 32.3114 3.4
    endloop
  endfacet
  facet normal -0.195036 0.980796 0
    outer loop
      vertex 7.18874 33.1632 1.8
      vertex 6.63708 33.0535 6.8
      vertex 7.18874 33.1632 6.8
    endloop
  endfacet
  facet normal -0.195036 0.980796 0
    outer loop
      vertex 6.63708 33.0535 6.8
      vertex 7.18874 33.1632 1.8
      vertex 6.63708 33.0535 1.8
    endloop
  endfacet
  facet normal 0.442329 -0.896853 0
    outer loop
      vertex 9.39554 24.9273 3.4
      vertex 9.9 25.1761 6.8
      vertex 9.39554 24.9273 6.8
    endloop
  endfacet
  facet normal 0.442329 -0.896853 0
    outer loop
      vertex 9.9 25.1761 6.8
      vertex 9.39554 24.9273 3.4
      vertex 9.9 25.1761 3.4
    endloop
  endfacet
  facet normal 0.195036 -0.980796 0
    outer loop
      vertex 8.31126 24.6368 3.4
      vertex 8.86292 24.7465 6.8
      vertex 8.31126 24.6368 6.8
    endloop
  endfacet
  facet normal 0.195036 -0.980796 0
    outer loop
      vertex 8.86292 24.7465 6.8
      vertex 8.31126 24.6368 3.4
      vertex 8.86292 24.7465 3.4
    endloop
  endfacet
  facet normal 0.555561 -0.831475 0
    outer loop
      vertex 9.9 25.1761 3.4
      vertex 10.3677 25.4886 6.8
      vertex 9.9 25.1761 6.8
    endloop
  endfacet
  facet normal 0.555561 -0.831475 0
    outer loop
      vertex 10.3677 25.4886 6.8
      vertex 9.9 25.1761 3.4
      vertex 10.3677 25.4886 3.4
    endloop
  endfacet
  facet normal 0.980792 -0.195056 0
    outer loop
      vertex 11.9035 27.7871 6.8
      vertex 12.0132 28.3387 3.4
      vertex 12.0132 28.3387 6.8
    endloop
  endfacet
  facet normal 0.980792 -0.195056 0
    outer loop
      vertex 12.0132 28.3387 3.4
      vertex 11.9035 27.7871 6.8
      vertex 11.9035 27.7871 3.4
    endloop
  endfacet
  facet normal -0.321439 -0.94693 0
    outer loop
      vertex 6.10446 24.9273 3.4
      vertex 6.63708 24.7465 6.8
      vertex 6.10446 24.9273 6.8
    endloop
  endfacet
  facet normal -0.321439 -0.94693 -0
    outer loop
      vertex 6.63708 24.7465 6.8
      vertex 6.10446 24.9273 3.4
      vertex 6.63708 24.7465 3.4
    endloop
  endfacet
  facet normal -0.555586 -0.831459 0
    outer loop
      vertex 5.13233 25.4886 3.4
      vertex 5.6 25.1761 6.8
      vertex 5.13233 25.4886 6.8
    endloop
  endfacet
  facet normal -0.555586 -0.831459 -0
    outer loop
      vertex 5.6 25.1761 6.8
      vertex 5.13233 25.4886 3.4
      vertex 5.6 25.1761 3.4
    endloop
  endfacet
  facet normal -0.195036 -0.980796 0
    outer loop
      vertex 6.63708 24.7465 3.4
      vertex 7.18874 24.6368 6.8
      vertex 6.63708 24.7465 6.8
    endloop
  endfacet
  facet normal -0.195036 -0.980796 -0
    outer loop
      vertex 7.18874 24.6368 6.8
      vertex 6.63708 24.7465 3.4
      vertex 7.18874 24.6368 3.4
    endloop
  endfacet
  facet normal -0.831466 -0.555576 -0
    outer loop
      vertex 4.25 26.4149 3.4
      vertex 4.02609 26.75 1.8
      vertex 4.25 26.4149 1.8
    endloop
  endfacet
  facet normal -0.831466 -0.555576 0
    outer loop
      vertex 4.02609 26.75 1.8
      vertex 4.25 26.4149 3.4
      vertex 4.02609 26.75 6.8
    endloop
  endfacet
  facet normal -0.831529 -0.555481 -0
    outer loop
      vertex 4.33858 26.2823 6.8
      vertex 4.25 26.4149 3.4
      vertex 4.33858 26.2823 3.4
    endloop
  endfacet
  facet normal -0.831484 -0.555549 -3.82125e-06
    outer loop
      vertex 4.25 26.4149 3.4
      vertex 4.33858 26.2823 6.8
      vertex 4.02609 26.75 6.8
    endloop
  endfacet
  facet normal -0.980782 -0.195107 0
    outer loop
      vertex 3.59652 27.7871 1.8
      vertex 3.48679 28.3387 6.8
      vertex 3.48679 28.3387 1.8
    endloop
  endfacet
  facet normal -0.980782 -0.195107 0
    outer loop
      vertex 3.48679 28.3387 6.8
      vertex 3.59652 27.7871 1.8
      vertex 3.59652 27.7871 6.8
    endloop
  endfacet
  facet normal 0.946927 0.32145 0
    outer loop
      vertex 11.9035 30.0129 6.8
      vertex 11.7227 30.5455 3.4
      vertex 11.7227 30.5455 6.8
    endloop
  endfacet
  facet normal 0.946927 0.32145 0
    outer loop
      vertex 11.7227 30.5455 3.4
      vertex 11.9035 30.0129 6.8
      vertex 11.9035 30.0129 3.4
    endloop
  endfacet
  facet normal 0.751904 0.659272 0
    outer loop
      vertex 11.1614 31.5177 6.8
      vertex 10.7906 31.9406 3.4
      vertex 10.7906 31.9406 6.8
    endloop
  endfacet
  facet normal 0.751904 0.659272 0
    outer loop
      vertex 10.7906 31.9406 3.4
      vertex 11.1614 31.5177 6.8
      vertex 11.1614 31.5177 3.4
    endloop
  endfacet
  facet normal 0.195036 0.980796 -0
    outer loop
      vertex 8.86292 33.0535 1.8
      vertex 8.31126 33.1632 6.8
      vertex 8.86292 33.0535 6.8
    endloop
  endfacet
  facet normal 0.195036 0.980796 0
    outer loop
      vertex 8.31126 33.1632 6.8
      vertex 8.86292 33.0535 1.8
      vertex 8.31126 33.1632 1.8
    endloop
  endfacet
  facet normal 0.0654263 0.997857 -0
    outer loop
      vertex 8.31126 33.1632 1.8
      vertex 7.75 33.2 6.8
      vertex 8.31126 33.1632 6.8
    endloop
  endfacet
  facet normal 0.0654263 0.997857 0
    outer loop
      vertex 7.75 33.2 6.8
      vertex 8.31126 33.1632 1.8
      vertex 7.75 33.2 1.8
    endloop
  endfacet
  facet normal 0.442329 0.896853 -0
    outer loop
      vertex 9.9 32.6239 1.8
      vertex 9.39554 32.8727 6.8
      vertex 9.9 32.6239 6.8
    endloop
  endfacet
  facet normal 0.442329 0.896853 0
    outer loop
      vertex 9.39554 32.8727 6.8
      vertex 9.9 32.6239 1.8
      vertex 9.39554 32.8727 1.8
    endloop
  endfacet
  facet normal -0.896888 0.442257 0
    outer loop
      vertex 3.77732 30.5455 1.8
      vertex 4.02609 31.05 6.8
      vertex 4.02609 31.05 1.8
    endloop
  endfacet
  facet normal -0.896888 0.442257 0
    outer loop
      vertex 4.02609 31.05 6.8
      vertex 3.77732 30.5455 1.8
      vertex 3.77732 30.5455 6.8
    endloop
  endfacet
  facet normal -0.980782 0.195107 0
    outer loop
      vertex 3.48679 29.4613 1.8
      vertex 3.59652 30.0129 6.8
      vertex 3.59652 30.0129 1.8
    endloop
  endfacet
  facet normal -0.980782 0.195107 0
    outer loop
      vertex 3.59652 30.0129 6.8
      vertex 3.48679 29.4613 1.8
      vertex 3.48679 29.4613 6.8
    endloop
  endfacet
  facet normal -0.997859 0.0654039 0
    outer loop
      vertex 3.45 28.9 1.8
      vertex 3.48679 29.4613 6.8
      vertex 3.48679 29.4613 1.8
    endloop
  endfacet
  facet normal -0.997859 0.0654039 0
    outer loop
      vertex 3.48679 29.4613 6.8
      vertex 3.45 28.9 1.8
      vertex 3.45 28.9 6.8
    endloop
  endfacet
  facet normal -0.997859 -0.0654039 0
    outer loop
      vertex 3.48679 28.3387 1.8
      vertex 3.45 28.9 6.8
      vertex 3.45 28.9 1.8
    endloop
  endfacet
  facet normal -0.997859 -0.0654039 0
    outer loop
      vertex 3.45 28.9 6.8
      vertex 3.48679 28.3387 1.8
      vertex 3.48679 28.3387 6.8
    endloop
  endfacet
  facet normal -0.659281 0.751897 0
    outer loop
      vertex 5.13233 32.3114 3.4
      vertex 4.70944 31.9406 6.8
      vertex 5.13233 32.3114 6.8
    endloop
  endfacet
  facet normal -0.659281 0.751897 0
    outer loop
      vertex 4.70944 31.9406 6.8
      vertex 5.13233 32.3114 3.4
      vertex 4.70944 31.9406 3.4
    endloop
  endfacet
  facet normal -0.321439 0.94693 0
    outer loop
      vertex 6.63708 33.0535 1.8
      vertex 6.10446 32.8727 6.8
      vertex 6.63708 33.0535 6.8
    endloop
  endfacet
  facet normal -0.321439 0.94693 0
    outer loop
      vertex 6.10446 32.8727 6.8
      vertex 6.63708 33.0535 1.8
      vertex 6.10446 32.8727 1.8
    endloop
  endfacet
  facet normal 0.997858 -0.0654216 0
    outer loop
      vertex 12.0132 28.3387 6.8
      vertex 12.05 28.9 3.4
      vertex 12.05 28.9 6.8
    endloop
  endfacet
  facet normal 0.997858 -0.0654216 0
    outer loop
      vertex 12.05 28.9 3.4
      vertex 12.0132 28.3387 6.8
      vertex 12.0132 28.3387 3.4
    endloop
  endfacet
  facet normal 0.321439 -0.94693 0
    outer loop
      vertex 8.86292 24.7465 3.4
      vertex 9.39554 24.9273 6.8
      vertex 8.86292 24.7465 6.8
    endloop
  endfacet
  facet normal 0.321439 -0.94693 0
    outer loop
      vertex 9.39554 24.9273 6.8
      vertex 8.86292 24.7465 3.4
      vertex 9.39554 24.9273 3.4
    endloop
  endfacet
  facet normal 0.659272 -0.751904 0
    outer loop
      vertex 10.3677 25.4886 3.4
      vertex 10.7906 25.8594 6.8
      vertex 10.3677 25.4886 6.8
    endloop
  endfacet
  facet normal 0.659272 -0.751904 0
    outer loop
      vertex 10.7906 25.8594 6.8
      vertex 10.3677 25.4886 3.4
      vertex 10.7906 25.8594 3.4
    endloop
  endfacet
  facet normal 0.831475 -0.555561 0
    outer loop
      vertex 11.1614 26.2823 6.8
      vertex 11.4739 26.75 3.4
      vertex 11.4739 26.75 6.8
    endloop
  endfacet
  facet normal 0.831475 -0.555561 0
    outer loop
      vertex 11.4739 26.75 3.4
      vertex 11.1614 26.2823 6.8
      vertex 11.1614 26.2823 3.4
    endloop
  endfacet
  facet normal -0.442329 -0.896853 0
    outer loop
      vertex 5.6 25.1761 3.4
      vertex 6.10446 24.9273 6.8
      vertex 5.6 25.1761 6.8
    endloop
  endfacet
  facet normal -0.442329 -0.896853 -0
    outer loop
      vertex 6.10446 24.9273 6.8
      vertex 5.6 25.1761 3.4
      vertex 6.10446 24.9273 3.4
    endloop
  endfacet
  facet normal -0.0654263 -0.997857 0
    outer loop
      vertex 7.18874 24.6368 3.4
      vertex 7.75 24.6 6.8
      vertex 7.18874 24.6368 6.8
    endloop
  endfacet
  facet normal -0.0654263 -0.997857 -0
    outer loop
      vertex 7.75 24.6 6.8
      vertex 7.18874 24.6368 3.4
      vertex 7.75 24.6 3.4
    endloop
  endfacet
  facet normal -0.751852 -0.659332 0
    outer loop
      vertex 4.70944 25.8594 3.4
      vertex 4.33858 26.2823 6.8
      vertex 4.33858 26.2823 3.4
    endloop
  endfacet
  facet normal -0.751852 -0.659332 0
    outer loop
      vertex 4.33858 26.2823 6.8
      vertex 4.70944 25.8594 3.4
      vertex 4.70944 25.8594 6.8
    endloop
  endfacet
  facet normal -0.946927 -0.32145 0
    outer loop
      vertex 3.77732 27.2545 1.8
      vertex 3.59652 27.7871 6.8
      vertex 3.59652 27.7871 1.8
    endloop
  endfacet
  facet normal -0.946927 -0.32145 0
    outer loop
      vertex 3.59652 27.7871 6.8
      vertex 3.77732 27.2545 1.8
      vertex 3.77732 27.2545 6.8
    endloop
  endfacet
  facet normal 0.946927 -0.32145 0
    outer loop
      vertex 11.7227 27.2545 6.8
      vertex 11.9035 27.7871 3.4
      vertex 11.9035 27.7871 6.8
    endloop
  endfacet
  facet normal 0.946927 -0.32145 0
    outer loop
      vertex 11.9035 27.7871 3.4
      vertex 11.7227 27.2545 6.8
      vertex 11.7227 27.2545 3.4
    endloop
  endfacet
  facet normal 0.896867 -0.4423 0
    outer loop
      vertex 11.4739 26.75 6.8
      vertex 11.7227 27.2545 3.4
      vertex 11.7227 27.2545 6.8
    endloop
  endfacet
  facet normal 0.896867 -0.4423 0
    outer loop
      vertex 11.7227 27.2545 3.4
      vertex 11.4739 26.75 6.8
      vertex 11.4739 26.75 3.4
    endloop
  endfacet
  facet normal -0.896888 -0.442257 0
    outer loop
      vertex 4.02609 26.75 1.8
      vertex 3.77732 27.2545 6.8
      vertex 3.77732 27.2545 1.8
    endloop
  endfacet
  facet normal -0.896888 -0.442257 0
    outer loop
      vertex 3.77732 27.2545 6.8
      vertex 4.02609 26.75 1.8
      vertex 4.02609 26.75 6.8
    endloop
  endfacet
  facet normal 0 0 -1
    outer loop
      vertex 9.07027 90.4 1.6
      vertex 9.9 90.6239 1.6
      vertex 10.2351 90.4 1.6
    endloop
  endfacet
  facet normal -0 0 -1
    outer loop
      vertex 9.9 90.6239 1.6
      vertex 9.07027 90.4 1.6
      vertex 9.39554 90.8727 1.6
    endloop
  endfacet
  facet normal 0 0 -1
    outer loop
      vertex 9.07027 90.4 1.6
      vertex 8.86292 91.0535 1.6
      vertex 9.39554 90.8727 1.6
    endloop
  endfacet
  facet normal -0 -0 -1
    outer loop
      vertex 8.86292 91.0535 1.6
      vertex 9.07027 90.4 1.6
      vertex 8.67093 91.0917 1.6
    endloop
  endfacet
  facet normal 0.555568 0.831471 0
    outer loop
      vertex 10.2351 90.4 3.4
      vertex 10.3677 90.3114 6.8
      vertex 10.3677 90.3114 3.4
    endloop
  endfacet
  facet normal 0.555561 0.831475 3.76475e-07
    outer loop
      vertex 10.3677 90.3114 6.8
      vertex 10.2351 90.4 3.4
      vertex 9.9 90.6239 6.8
    endloop
  endfacet
  facet normal 0.555559 0.831477 0
    outer loop
      vertex 9.9 90.6239 1.6
      vertex 10.2351 90.4 3.4
      vertex 10.2351 90.4 1.6
    endloop
  endfacet
  facet normal 0.555559 0.831477 0
    outer loop
      vertex 10.2351 90.4 3.4
      vertex 9.9 90.6239 1.6
      vertex 9.9 90.6239 6.8
    endloop
  endfacet
  facet normal 0.980792 -0.195056 0
    outer loop
      vertex 11.9035 85.7871 6.8
      vertex 12.0132 86.3387 3.4
      vertex 12.0132 86.3387 6.8
    endloop
  endfacet
  facet normal 0.980792 -0.195056 0
    outer loop
      vertex 12.0132 86.3387 3.4
      vertex 11.9035 85.7871 6.8
      vertex 11.9035 85.7871 3.4
    endloop
  endfacet
  facet normal -0.195036 -0.980796 0
    outer loop
      vertex 6.63708 82.7465 3.4
      vertex 7.18874 82.6368 6.8
      vertex 6.63708 82.7465 6.8
    endloop
  endfacet
  facet normal -0.195036 -0.980796 -0
    outer loop
      vertex 7.18874 82.6368 6.8
      vertex 6.63708 82.7465 3.4
      vertex 7.18874 82.6368 3.4
    endloop
  endfacet
  facet normal -0.442329 0.896853 0
    outer loop
      vertex 6.10446 90.8727 1.8
      vertex 5.6 90.6239 6.8
      vertex 6.10446 90.8727 6.8
    endloop
  endfacet
  facet normal -0.442329 0.896853 0
    outer loop
      vertex 5.6 90.6239 6.8
      vertex 6.10446 90.8727 1.8
      vertex 5.6 90.6239 1.8
    endloop
  endfacet
  facet normal -0.946927 0.32145 0
    outer loop
      vertex 3.59652 88.0129 1.8
      vertex 3.77732 88.5455 6.8
      vertex 3.77732 88.5455 1.8
    endloop
  endfacet
  facet normal -0.946927 0.32145 0
    outer loop
      vertex 3.77732 88.5455 6.8
      vertex 3.59652 88.0129 1.8
      vertex 3.59652 88.0129 6.8
    endloop
  endfacet
  facet normal 0.896867 0.4423 0
    outer loop
      vertex 11.7227 88.5455 6.8
      vertex 11.4739 89.05 3.4
      vertex 11.4739 89.05 6.8
    endloop
  endfacet
  facet normal 0.896867 0.4423 0
    outer loop
      vertex 11.4739 89.05 3.4
      vertex 11.7227 88.5455 6.8
      vertex 11.7227 88.5455 3.4
    endloop
  endfacet
  facet normal 0.980792 0.195056 0
    outer loop
      vertex 12.0132 87.4613 6.8
      vertex 11.9035 88.0129 3.4
      vertex 11.9035 88.0129 6.8
    endloop
  endfacet
  facet normal 0.980792 0.195056 0
    outer loop
      vertex 11.9035 88.0129 3.4
      vertex 12.0132 87.4613 6.8
      vertex 12.0132 87.4613 3.4
    endloop
  endfacet
  facet normal 0.831475 0.555561 0
    outer loop
      vertex 11.4739 89.05 6.8
      vertex 11.1614 89.5177 3.4
      vertex 11.1614 89.5177 6.8
    endloop
  endfacet
  facet normal 0.831475 0.555561 0
    outer loop
      vertex 11.1614 89.5177 3.4
      vertex 11.4739 89.05 6.8
      vertex 11.4739 89.05 3.4
    endloop
  endfacet
  facet normal 0.321439 0.94693 -0
    outer loop
      vertex 9.39554 90.8727 1.6
      vertex 8.86292 91.0535 6.8
      vertex 9.39554 90.8727 6.8
    endloop
  endfacet
  facet normal 0.321439 0.94693 0
    outer loop
      vertex 8.86292 91.0535 6.8
      vertex 9.39554 90.8727 1.6
      vertex 8.86292 91.0535 1.6
    endloop
  endfacet
  facet normal -0.0654263 0.997857 0
    outer loop
      vertex 7.75 91.2 1.8
      vertex 7.18874 91.1632 6.8
      vertex 7.75 91.2 6.8
    endloop
  endfacet
  facet normal -0.0654263 0.997857 0
    outer loop
      vertex 7.18874 91.1632 6.8
      vertex 7.75 91.2 1.8
      vertex 7.18874 91.1632 1.8
    endloop
  endfacet
  facet normal -0.997859 -0.0654039 0
    outer loop
      vertex 3.48679 86.3387 1.8
      vertex 3.45 86.9 6.8
      vertex 3.45 86.9 1.8
    endloop
  endfacet
  facet normal -0.997859 -0.0654039 0
    outer loop
      vertex 3.45 86.9 6.8
      vertex 3.48679 86.3387 1.8
      vertex 3.48679 86.3387 6.8
    endloop
  endfacet
  facet normal -0.831466 0.555576 0
    outer loop
      vertex 4.25 89.3851 1.8
      vertex 4.02609 89.05 1.8
      vertex 4.25 89.3851 3.4
    endloop
  endfacet
  facet normal -0.831529 0.555481 0
    outer loop
      vertex 4.25 89.3851 3.4
      vertex 4.33858 89.5177 6.8
      vertex 4.33858 89.5177 3.4
    endloop
  endfacet
  facet normal -0.831466 0.555576 0
    outer loop
      vertex 4.02609 89.05 6.8
      vertex 4.25 89.3851 3.4
      vertex 4.02609 89.05 1.8
    endloop
  endfacet
  facet normal -0.831484 0.555549 -3.82125e-06
    outer loop
      vertex 4.25 89.3851 3.4
      vertex 4.02609 89.05 6.8
      vertex 4.33858 89.5177 6.8
    endloop
  endfacet
  facet normal -0.555586 0.831459 3.88884e-06
    outer loop
      vertex 5.6 90.6239 6.8
      vertex 5.2649 90.4 3.4
      vertex 5.13233 90.3114 6.8
    endloop
  endfacet
  facet normal -0.555559 0.831477 0
    outer loop
      vertex 5.6 90.6239 1.8
      vertex 5.2649 90.4 3.4
      vertex 5.6 90.6239 6.8
    endloop
  endfacet
  facet normal -0.555559 0.831477 0
    outer loop
      vertex 5.2649 90.4 3.4
      vertex 5.6 90.6239 1.8
      vertex 5.2649 90.4 1.8
    endloop
  endfacet
  facet normal -0.555655 0.831413 0
    outer loop
      vertex 5.13233 90.3114 6.8
      vertex 5.2649 90.4 3.4
      vertex 5.13233 90.3114 3.4
    endloop
  endfacet
  facet normal -0.195036 0.980796 0
    outer loop
      vertex 7.18874 91.1632 1.8
      vertex 6.63708 91.0535 6.8
      vertex 7.18874 91.1632 6.8
    endloop
  endfacet
  facet normal -0.195036 0.980796 0
    outer loop
      vertex 6.63708 91.0535 6.8
      vertex 7.18874 91.1632 1.8
      vertex 6.63708 91.0535 1.8
    endloop
  endfacet
  facet normal 0.997858 -0.0654216 0
    outer loop
      vertex 12.0132 86.3387 6.8
      vertex 12.05 86.9 3.4
      vertex 12.05 86.9 6.8
    endloop
  endfacet
  facet normal 0.997858 -0.0654216 0
    outer loop
      vertex 12.05 86.9 3.4
      vertex 12.0132 86.3387 6.8
      vertex 12.0132 86.3387 3.4
    endloop
  endfacet
  facet normal 0.195036 -0.980796 0
    outer loop
      vertex 8.31126 82.6368 3.4
      vertex 8.86292 82.7465 6.8
      vertex 8.31126 82.6368 6.8
    endloop
  endfacet
  facet normal 0.195036 -0.980796 0
    outer loop
      vertex 8.86292 82.7465 6.8
      vertex 8.31126 82.6368 3.4
      vertex 8.86292 82.7465 3.4
    endloop
  endfacet
  facet normal 0.555561 -0.831475 0
    outer loop
      vertex 9.9 83.1761 3.4
      vertex 10.3677 83.4886 6.8
      vertex 9.9 83.1761 6.8
    endloop
  endfacet
  facet normal 0.555561 -0.831475 0
    outer loop
      vertex 10.3677 83.4886 6.8
      vertex 9.9 83.1761 3.4
      vertex 10.3677 83.4886 3.4
    endloop
  endfacet
  facet normal 0.831475 -0.555561 0
    outer loop
      vertex 11.1614 84.2823 6.8
      vertex 11.4739 84.75 3.4
      vertex 11.4739 84.75 6.8
    endloop
  endfacet
  facet normal 0.831475 -0.555561 0
    outer loop
      vertex 11.4739 84.75 3.4
      vertex 11.1614 84.2823 6.8
      vertex 11.1614 84.2823 3.4
    endloop
  endfacet
  facet normal -0.0654263 -0.997857 0
    outer loop
      vertex 7.18874 82.6368 3.4
      vertex 7.75 82.6 6.8
      vertex 7.18874 82.6368 6.8
    endloop
  endfacet
  facet normal -0.0654263 -0.997857 -0
    outer loop
      vertex 7.75 82.6 6.8
      vertex 7.18874 82.6368 3.4
      vertex 7.75 82.6 3.4
    endloop
  endfacet
  facet normal -0.555586 -0.831459 0
    outer loop
      vertex 5.13233 83.4886 3.4
      vertex 5.6 83.1761 6.8
      vertex 5.13233 83.4886 6.8
    endloop
  endfacet
  facet normal -0.555586 -0.831459 -0
    outer loop
      vertex 5.6 83.1761 6.8
      vertex 5.13233 83.4886 3.4
      vertex 5.6 83.1761 3.4
    endloop
  endfacet
  facet normal -0.831466 -0.555576 -0
    outer loop
      vertex 4.25 84.4149 3.4
      vertex 4.02609 84.75 1.8
      vertex 4.25 84.4149 1.8
    endloop
  endfacet
  facet normal -0.831466 -0.555576 0
    outer loop
      vertex 4.02609 84.75 1.8
      vertex 4.25 84.4149 3.4
      vertex 4.02609 84.75 6.8
    endloop
  endfacet
  facet normal -0.831529 -0.555481 -0
    outer loop
      vertex 4.33858 84.2823 6.8
      vertex 4.25 84.4149 3.4
      vertex 4.33858 84.2823 3.4
    endloop
  endfacet
  facet normal -0.831484 -0.555549 -3.82125e-06
    outer loop
      vertex 4.25 84.4149 3.4
      vertex 4.33858 84.2823 6.8
      vertex 4.02609 84.75 6.8
    endloop
  endfacet
  facet normal -0.980782 -0.195107 0
    outer loop
      vertex 3.59652 85.7871 1.8
      vertex 3.48679 86.3387 6.8
      vertex 3.48679 86.3387 1.8
    endloop
  endfacet
  facet normal -0.980782 -0.195107 0
    outer loop
      vertex 3.48679 86.3387 6.8
      vertex 3.59652 85.7871 1.8
      vertex 3.59652 85.7871 6.8
    endloop
  endfacet
  facet normal 0.946927 0.32145 0
    outer loop
      vertex 11.9035 88.0129 6.8
      vertex 11.7227 88.5455 3.4
      vertex 11.7227 88.5455 6.8
    endloop
  endfacet
  facet normal 0.946927 0.32145 0
    outer loop
      vertex 11.7227 88.5455 3.4
      vertex 11.9035 88.0129 6.8
      vertex 11.9035 88.0129 3.4
    endloop
  endfacet
  facet normal 0.751904 0.659272 0
    outer loop
      vertex 11.1614 89.5177 6.8
      vertex 10.7906 89.9406 3.4
      vertex 10.7906 89.9406 6.8
    endloop
  endfacet
  facet normal 0.751904 0.659272 0
    outer loop
      vertex 10.7906 89.9406 3.4
      vertex 11.1614 89.5177 6.8
      vertex 11.1614 89.5177 3.4
    endloop
  endfacet
  facet normal 0.659272 0.751904 -0
    outer loop
      vertex 10.7906 89.9406 3.4
      vertex 10.3677 90.3114 6.8
      vertex 10.7906 89.9406 6.8
    endloop
  endfacet
  facet normal 0.659272 0.751904 0
    outer loop
      vertex 10.3677 90.3114 6.8
      vertex 10.7906 89.9406 3.4
      vertex 10.3677 90.3114 3.4
    endloop
  endfacet
  facet normal 0.442329 0.896853 -0
    outer loop
      vertex 9.9 90.6239 1.6
      vertex 9.39554 90.8727 6.8
      vertex 9.9 90.6239 6.8
    endloop
  endfacet
  facet normal 0.442329 0.896853 0
    outer loop
      vertex 9.39554 90.8727 6.8
      vertex 9.9 90.6239 1.6
      vertex 9.39554 90.8727 1.6
    endloop
  endfacet
  facet normal 0.195036 0.980796 4.30572e-06
    outer loop
      vertex 8.86292 91.0535 6.8
      vertex 8.67093 91.0917 1.8
      vertex 8.31126 91.1632 6.8
    endloop
  endfacet
  facet normal 0.195143 0.980775 -0
    outer loop
      vertex 8.86292 91.0535 1.6
      vertex 8.67093 91.0917 1.8
      vertex 8.86292 91.0535 6.8
    endloop
  endfacet
  facet normal 0.195143 0.980775 0
    outer loop
      vertex 8.67093 91.0917 1.8
      vertex 8.86292 91.0535 1.6
      vertex 8.67093 91.0917 1.6
    endloop
  endfacet
  facet normal 0.194978 0.980808 0
    outer loop
      vertex 8.31126 91.1632 6.8
      vertex 8.67093 91.0917 1.8
      vertex 8.31126 91.1632 1.8
    endloop
  endfacet
  facet normal 0.0654263 0.997857 -0
    outer loop
      vertex 8.31126 91.1632 1.8
      vertex 7.75 91.2 6.8
      vertex 8.31126 91.1632 6.8
    endloop
  endfacet
  facet normal 0.0654263 0.997857 0
    outer loop
      vertex 7.75 91.2 6.8
      vertex 8.31126 91.1632 1.8
      vertex 7.75 91.2 1.8
    endloop
  endfacet
  facet normal -0.980782 0.195107 0
    outer loop
      vertex 3.48679 87.4613 1.8
      vertex 3.59652 88.0129 6.8
      vertex 3.59652 88.0129 1.8
    endloop
  endfacet
  facet normal -0.980782 0.195107 0
    outer loop
      vertex 3.59652 88.0129 6.8
      vertex 3.48679 87.4613 1.8
      vertex 3.48679 87.4613 6.8
    endloop
  endfacet
  facet normal -0.997859 0.0654039 0
    outer loop
      vertex 3.45 86.9 1.8
      vertex 3.48679 87.4613 6.8
      vertex 3.48679 87.4613 1.8
    endloop
  endfacet
  facet normal -0.997859 0.0654039 0
    outer loop
      vertex 3.48679 87.4613 6.8
      vertex 3.45 86.9 1.8
      vertex 3.45 86.9 6.8
    endloop
  endfacet
  facet normal -0.896888 0.442257 0
    outer loop
      vertex 3.77732 88.5455 1.8
      vertex 4.02609 89.05 6.8
      vertex 4.02609 89.05 1.8
    endloop
  endfacet
  facet normal -0.896888 0.442257 0
    outer loop
      vertex 4.02609 89.05 6.8
      vertex 3.77732 88.5455 1.8
      vertex 3.77732 88.5455 6.8
    endloop
  endfacet
  facet normal -0.321439 0.94693 0
    outer loop
      vertex 6.63708 91.0535 1.8
      vertex 6.10446 90.8727 6.8
      vertex 6.63708 91.0535 6.8
    endloop
  endfacet
  facet normal -0.321439 0.94693 0
    outer loop
      vertex 6.10446 90.8727 6.8
      vertex 6.63708 91.0535 1.8
      vertex 6.10446 90.8727 1.8
    endloop
  endfacet
  facet normal -0.659281 0.751897 0
    outer loop
      vertex 5.13233 90.3114 3.4
      vertex 4.70944 89.9406 6.8
      vertex 5.13233 90.3114 6.8
    endloop
  endfacet
  facet normal -0.659281 0.751897 0
    outer loop
      vertex 4.70944 89.9406 6.8
      vertex 5.13233 90.3114 3.4
      vertex 4.70944 89.9406 3.4
    endloop
  endfacet
  facet normal -0.751852 0.659332 0
    outer loop
      vertex 4.33858 89.5177 3.4
      vertex 4.70944 89.9406 6.8
      vertex 4.70944 89.9406 3.4
    endloop
  endfacet
  facet normal -0.751852 0.659332 0
    outer loop
      vertex 4.70944 89.9406 6.8
      vertex 4.33858 89.5177 3.4
      vertex 4.33858 89.5177 6.8
    endloop
  endfacet
  facet normal 0.997858 0.0654216 0
    outer loop
      vertex 12.05 86.9 6.8
      vertex 12.0132 87.4613 3.4
      vertex 12.0132 87.4613 6.8
    endloop
  endfacet
  facet normal 0.997858 0.0654216 0
    outer loop
      vertex 12.0132 87.4613 3.4
      vertex 12.05 86.9 6.8
      vertex 12.05 86.9 3.4
    endloop
  endfacet
  facet normal 0.321439 -0.94693 0
    outer loop
      vertex 8.86292 82.7465 3.4
      vertex 9.39554 82.9273 6.8
      vertex 8.86292 82.7465 6.8
    endloop
  endfacet
  facet normal 0.321439 -0.94693 0
    outer loop
      vertex 9.39554 82.9273 6.8
      vertex 8.86292 82.7465 3.4
      vertex 9.39554 82.9273 3.4
    endloop
  endfacet
  facet normal 0.659272 -0.751904 0
    outer loop
      vertex 10.3677 83.4886 3.4
      vertex 10.7906 83.8594 6.8
      vertex 10.3677 83.4886 6.8
    endloop
  endfacet
  facet normal 0.659272 -0.751904 0
    outer loop
      vertex 10.7906 83.8594 6.8
      vertex 10.3677 83.4886 3.4
      vertex 10.7906 83.8594 3.4
    endloop
  endfacet
  facet normal 0.896867 -0.4423 0
    outer loop
      vertex 11.4739 84.75 6.8
      vertex 11.7227 85.2545 3.4
      vertex 11.7227 85.2545 6.8
    endloop
  endfacet
  facet normal 0.896867 -0.4423 0
    outer loop
      vertex 11.7227 85.2545 3.4
      vertex 11.4739 84.75 6.8
      vertex 11.4739 84.75 3.4
    endloop
  endfacet
  facet normal -0.442329 -0.896853 0
    outer loop
      vertex 5.6 83.1761 3.4
      vertex 6.10446 82.9273 6.8
      vertex 5.6 83.1761 6.8
    endloop
  endfacet
  facet normal -0.442329 -0.896853 -0
    outer loop
      vertex 6.10446 82.9273 6.8
      vertex 5.6 83.1761 3.4
      vertex 6.10446 82.9273 3.4
    endloop
  endfacet
  facet normal -0.946927 -0.32145 0
    outer loop
      vertex 3.77732 85.2545 1.8
      vertex 3.59652 85.7871 6.8
      vertex 3.59652 85.7871 1.8
    endloop
  endfacet
  facet normal -0.946927 -0.32145 0
    outer loop
      vertex 3.59652 85.7871 6.8
      vertex 3.77732 85.2545 1.8
      vertex 3.77732 85.2545 6.8
    endloop
  endfacet
  facet normal -0.751852 -0.659332 0
    outer loop
      vertex 4.70944 83.8594 3.4
      vertex 4.33858 84.2823 6.8
      vertex 4.33858 84.2823 3.4
    endloop
  endfacet
  facet normal -0.751852 -0.659332 0
    outer loop
      vertex 4.33858 84.2823 6.8
      vertex 4.70944 83.8594 3.4
      vertex 4.70944 83.8594 6.8
    endloop
  endfacet
  facet normal -0.659281 -0.751897 0
    outer loop
      vertex 4.70944 83.8594 3.4
      vertex 5.13233 83.4886 6.8
      vertex 4.70944 83.8594 6.8
    endloop
  endfacet
  facet normal -0.659281 -0.751897 -0
    outer loop
      vertex 5.13233 83.4886 6.8
      vertex 4.70944 83.8594 3.4
      vertex 5.13233 83.4886 3.4
    endloop
  endfacet
  facet normal 0 0 1
    outer loop
      vertex 10.55 86.9 6.8
      vertex 12.05 86.9 6.8
      vertex 12.0132 87.4613 6.8
    endloop
  endfacet
  facet normal 0 0 1
    outer loop
      vertex 10.526 87.2655 6.8
      vertex 12.0132 87.4613 6.8
      vertex 11.9035 88.0129 6.8
    endloop
  endfacet
  facet normal 0 0 1
    outer loop
      vertex 12.05 86.9 6.8
      vertex 10.55 86.9 6.8
      vertex 12.0132 86.3387 6.8
    endloop
  endfacet
  facet normal 0 0 1
    outer loop
      vertex 10.4546 87.6247 6.8
      vertex 11.9035 88.0129 6.8
      vertex 11.7227 88.5455 6.8
    endloop
  endfacet
  facet normal -0 0 1
    outer loop
      vertex 10.526 86.5345 6.8
      vertex 12.0132 86.3387 6.8
      vertex 10.55 86.9 6.8
    endloop
  endfacet
  facet normal 0 0 1
    outer loop
      vertex 10.3369 87.9715 6.8
      vertex 11.7227 88.5455 6.8
      vertex 11.4739 89.05 6.8
    endloop
  endfacet
  facet normal 0 0 1
    outer loop
      vertex 12.0132 86.3387 6.8
      vertex 10.526 86.5345 6.8
      vertex 11.9035 85.7871 6.8
    endloop
  endfacet
  facet normal 0 0 1
    outer loop
      vertex 10.1749 88.3 6.8
      vertex 11.4739 89.05 6.8
      vertex 11.1614 89.5177 6.8
    endloop
  endfacet
  facet normal -0 0 1
    outer loop
      vertex 10.4546 86.1753 6.8
      vertex 11.9035 85.7871 6.8
      vertex 10.526 86.5345 6.8
    endloop
  endfacet
  facet normal 0 0 1
    outer loop
      vertex 9.97139 88.6045 6.8
      vertex 11.1614 89.5177 6.8
      vertex 10.7906 89.9406 6.8
    endloop
  endfacet
  facet normal 0 0 1
    outer loop
      vertex 11.9035 85.7871 6.8
      vertex 10.4546 86.1753 6.8
      vertex 11.7227 85.2545 6.8
    endloop
  endfacet
  facet normal -0 0 1
    outer loop
      vertex 10.3369 85.8285 6.8
      vertex 11.7227 85.2545 6.8
      vertex 10.4546 86.1753 6.8
    endloop
  endfacet
  facet normal 0 0 1
    outer loop
      vertex 12.0132 87.4613 6.8
      vertex 10.526 87.2655 6.8
      vertex 10.55 86.9 6.8
    endloop
  endfacet
  facet normal 0 0 1
    outer loop
      vertex 11.9035 88.0129 6.8
      vertex 10.4546 87.6247 6.8
      vertex 10.526 87.2655 6.8
    endloop
  endfacet
  facet normal 0 0 1
    outer loop
      vertex 9.7299 88.8799 6.8
      vertex 10.7906 89.9406 6.8
      vertex 10.3677 90.3114 6.8
    endloop
  endfacet
  facet normal 0 0 1
    outer loop
      vertex 11.7227 88.5455 6.8
      vertex 10.3369 87.9715 6.8
      vertex 10.4546 87.6247 6.8
    endloop
  endfacet
  facet normal 0 0 1
    outer loop
      vertex 11.4739 89.05 6.8
      vertex 10.1749 88.3 6.8
      vertex 10.3369 87.9715 6.8
    endloop
  endfacet
  facet normal 0 0 1
    outer loop
      vertex 11.1614 89.5177 6.8
      vertex 9.97139 88.6045 6.8
      vertex 10.1749 88.3 6.8
    endloop
  endfacet
  facet normal 0 0 1
    outer loop
      vertex 9.45453 89.1214 6.8
      vertex 10.3677 90.3114 6.8
      vertex 9.9 90.6239 6.8
    endloop
  endfacet
  facet normal 0 0 1
    outer loop
      vertex 10.7906 89.9406 6.8
      vertex 9.7299 88.8799 6.8
      vertex 9.97139 88.6045 6.8
    endloop
  endfacet
  facet normal 0 0 1
    outer loop
      vertex 10.3677 90.3114 6.8
      vertex 9.45453 89.1214 6.8
      vertex 9.7299 88.8799 6.8
    endloop
  endfacet
  facet normal 0 0 1
    outer loop
      vertex 9.15 89.3249 6.8
      vertex 9.9 90.6239 6.8
      vertex 9.39554 90.8727 6.8
    endloop
  endfacet
  facet normal 0 0 1
    outer loop
      vertex 9.9 90.6239 6.8
      vertex 9.15 89.3249 6.8
      vertex 9.45453 89.1214 6.8
    endloop
  endfacet
  facet normal 0 0 1
    outer loop
      vertex 8.82151 89.4869 6.8
      vertex 9.39554 90.8727 6.8
      vertex 8.86292 91.0535 6.8
    endloop
  endfacet
  facet normal 0 0 1
    outer loop
      vertex 9.39554 90.8727 6.8
      vertex 8.82151 89.4869 6.8
      vertex 9.15 89.3249 6.8
    endloop
  endfacet
  facet normal 0 0 1
    outer loop
      vertex 8.86292 91.0535 6.8
      vertex 8.47469 89.6046 6.8
      vertex 8.82151 89.4869 6.8
    endloop
  endfacet
  facet normal 0 0 1
    outer loop
      vertex 8.31126 91.1632 6.8
      vertex 8.47469 89.6046 6.8
      vertex 8.86292 91.0535 6.8
    endloop
  endfacet
  facet normal 0 0 1
    outer loop
      vertex 8.31126 91.1632 6.8
      vertex 8.11547 89.676 6.8
      vertex 8.47469 89.6046 6.8
    endloop
  endfacet
  facet normal 0 0 1
    outer loop
      vertex 7.75 91.2 6.8
      vertex 8.11547 89.676 6.8
      vertex 8.31126 91.1632 6.8
    endloop
  endfacet
  facet normal 0 0 1
    outer loop
      vertex 7.75 91.2 6.8
      vertex 7.75 89.7 6.8
      vertex 8.11547 89.676 6.8
    endloop
  endfacet
  facet normal 0 0 1
    outer loop
      vertex 7.75 91.2 6.8
      vertex 7.38453 89.676 6.8
      vertex 7.75 89.7 6.8
    endloop
  endfacet
  facet normal -0 0 1
    outer loop
      vertex 7.18874 91.1632 6.8
      vertex 7.38453 89.676 6.8
      vertex 7.75 91.2 6.8
    endloop
  endfacet
  facet normal 0 0 1
    outer loop
      vertex 7.18874 91.1632 6.8
      vertex 7.02531 89.6046 6.8
      vertex 7.38453 89.676 6.8
    endloop
  endfacet
  facet normal -0 0 1
    outer loop
      vertex 6.63708 91.0535 6.8
      vertex 7.02531 89.6046 6.8
      vertex 7.18874 91.1632 6.8
    endloop
  endfacet
  facet normal 0 0 1
    outer loop
      vertex 7.02531 89.6046 6.8
      vertex 6.63708 91.0535 6.8
      vertex 6.67849 89.4869 6.8
    endloop
  endfacet
  facet normal -0 0 1
    outer loop
      vertex 6.10446 90.8727 6.8
      vertex 6.67849 89.4869 6.8
      vertex 6.63708 91.0535 6.8
    endloop
  endfacet
  facet normal 0 0 1
    outer loop
      vertex 6.67849 89.4869 6.8
      vertex 6.10446 90.8727 6.8
      vertex 6.35 89.3249 6.8
    endloop
  endfacet
  facet normal -0 0 1
    outer loop
      vertex 5.6 90.6239 6.8
      vertex 6.35 89.3249 6.8
      vertex 6.10446 90.8727 6.8
    endloop
  endfacet
  facet normal 0 0 1
    outer loop
      vertex 6.35 89.3249 6.8
      vertex 5.6 90.6239 6.8
      vertex 6.04547 89.1214 6.8
    endloop
  endfacet
  facet normal -0 0 1
    outer loop
      vertex 5.13233 90.3114 6.8
      vertex 6.04547 89.1214 6.8
      vertex 5.6 90.6239 6.8
    endloop
  endfacet
  facet normal 0 0 1
    outer loop
      vertex 6.04547 89.1214 6.8
      vertex 5.13233 90.3114 6.8
      vertex 5.7701 88.8799 6.8
    endloop
  endfacet
  facet normal -0 0 1
    outer loop
      vertex 4.70944 89.9406 6.8
      vertex 5.7701 88.8799 6.8
      vertex 5.13233 90.3114 6.8
    endloop
  endfacet
  facet normal 0 0 1
    outer loop
      vertex 5.7701 88.8799 6.8
      vertex 4.70944 89.9406 6.8
      vertex 5.52861 88.6045 6.8
    endloop
  endfacet
  facet normal -0 0 1
    outer loop
      vertex 4.33858 89.5177 6.8
      vertex 5.52861 88.6045 6.8
      vertex 4.70944 89.9406 6.8
    endloop
  endfacet
  facet normal 0 0 1
    outer loop
      vertex 5.52861 88.6045 6.8
      vertex 4.33858 89.5177 6.8
      vertex 5.32513 88.3 6.8
    endloop
  endfacet
  facet normal -0 0 1
    outer loop
      vertex 4.02609 89.05 6.8
      vertex 5.32513 88.3 6.8
      vertex 4.33858 89.5177 6.8
    endloop
  endfacet
  facet normal 0 0 1
    outer loop
      vertex 5.32513 88.3 6.8
      vertex 4.02609 89.05 6.8
      vertex 5.16314 87.9715 6.8
    endloop
  endfacet
  facet normal -0 0 1
    outer loop
      vertex 3.77732 88.5455 6.8
      vertex 5.16314 87.9715 6.8
      vertex 4.02609 89.05 6.8
    endloop
  endfacet
  facet normal 0 0 1
    outer loop
      vertex 11.7227 85.2545 6.8
      vertex 10.3369 85.8285 6.8
      vertex 11.4739 84.75 6.8
    endloop
  endfacet
  facet normal -0 0 1
    outer loop
      vertex 10.1749 85.5 6.8
      vertex 11.4739 84.75 6.8
      vertex 10.3369 85.8285 6.8
    endloop
  endfacet
  facet normal 0 0 1
    outer loop
      vertex 11.4739 84.75 6.8
      vertex 10.1749 85.5 6.8
      vertex 11.1614 84.2823 6.8
    endloop
  endfacet
  facet normal -0 0 1
    outer loop
      vertex 9.97139 85.1955 6.8
      vertex 11.1614 84.2823 6.8
      vertex 10.1749 85.5 6.8
    endloop
  endfacet
  facet normal 0 0 1
    outer loop
      vertex 11.1614 84.2823 6.8
      vertex 9.97139 85.1955 6.8
      vertex 10.7906 83.8594 6.8
    endloop
  endfacet
  facet normal -0 0 1
    outer loop
      vertex 9.7299 84.9201 6.8
      vertex 10.7906 83.8594 6.8
      vertex 9.97139 85.1955 6.8
    endloop
  endfacet
  facet normal 0 0 1
    outer loop
      vertex 10.7906 83.8594 6.8
      vertex 9.7299 84.9201 6.8
      vertex 10.3677 83.4886 6.8
    endloop
  endfacet
  facet normal -0 0 1
    outer loop
      vertex 9.45453 84.6786 6.8
      vertex 10.3677 83.4886 6.8
      vertex 9.7299 84.9201 6.8
    endloop
  endfacet
  facet normal 0 0 1
    outer loop
      vertex 10.3677 83.4886 6.8
      vertex 9.45453 84.6786 6.8
      vertex 9.9 83.1761 6.8
    endloop
  endfacet
  facet normal -0 0 1
    outer loop
      vertex 9.15 84.4751 6.8
      vertex 9.9 83.1761 6.8
      vertex 9.45453 84.6786 6.8
    endloop
  endfacet
  facet normal 0 0 1
    outer loop
      vertex 9.9 83.1761 6.8
      vertex 9.15 84.4751 6.8
      vertex 9.39554 82.9273 6.8
    endloop
  endfacet
  facet normal -0 0 1
    outer loop
      vertex 8.82151 84.3131 6.8
      vertex 9.39554 82.9273 6.8
      vertex 9.15 84.4751 6.8
    endloop
  endfacet
  facet normal 0 0 1
    outer loop
      vertex 9.39554 82.9273 6.8
      vertex 8.82151 84.3131 6.8
      vertex 8.86292 82.7465 6.8
    endloop
  endfacet
  facet normal -0 0 1
    outer loop
      vertex 8.47469 84.1954 6.8
      vertex 8.86292 82.7465 6.8
      vertex 8.82151 84.3131 6.8
    endloop
  endfacet
  facet normal 0 0 1
    outer loop
      vertex 8.47469 84.1954 6.8
      vertex 8.31126 82.6368 6.8
      vertex 8.86292 82.7465 6.8
    endloop
  endfacet
  facet normal -0 0 1
    outer loop
      vertex 8.11547 84.124 6.8
      vertex 8.31126 82.6368 6.8
      vertex 8.47469 84.1954 6.8
    endloop
  endfacet
  facet normal -0 0 1
    outer loop
      vertex 7.75 84.1 6.8
      vertex 8.31126 82.6368 6.8
      vertex 8.11547 84.124 6.8
    endloop
  endfacet
  facet normal 0 0 1
    outer loop
      vertex 7.75 84.1 6.8
      vertex 7.75 82.6 6.8
      vertex 8.31126 82.6368 6.8
    endloop
  endfacet
  facet normal 0 0 1
    outer loop
      vertex 7.38453 84.124 6.8
      vertex 7.75 82.6 6.8
      vertex 7.75 84.1 6.8
    endloop
  endfacet
  facet normal 0 0 1
    outer loop
      vertex 7.38453 84.124 6.8
      vertex 7.18874 82.6368 6.8
      vertex 7.75 82.6 6.8
    endloop
  endfacet
  facet normal 0 0 1
    outer loop
      vertex 7.02531 84.1954 6.8
      vertex 7.18874 82.6368 6.8
      vertex 7.38453 84.124 6.8
    endloop
  endfacet
  facet normal 0 0 1
    outer loop
      vertex 6.63708 82.7465 6.8
      vertex 7.02531 84.1954 6.8
      vertex 6.67849 84.3131 6.8
    endloop
  endfacet
  facet normal 0 0 1
    outer loop
      vertex 7.02531 84.1954 6.8
      vertex 6.63708 82.7465 6.8
      vertex 7.18874 82.6368 6.8
    endloop
  endfacet
  facet normal 0 0 1
    outer loop
      vertex 6.10446 82.9273 6.8
      vertex 6.67849 84.3131 6.8
      vertex 6.35 84.4751 6.8
    endloop
  endfacet
  facet normal 0 0 1
    outer loop
      vertex 6.67849 84.3131 6.8
      vertex 6.10446 82.9273 6.8
      vertex 6.63708 82.7465 6.8
    endloop
  endfacet
  facet normal 0 0 1
    outer loop
      vertex 5.6 83.1761 6.8
      vertex 6.35 84.4751 6.8
      vertex 6.04547 84.6786 6.8
    endloop
  endfacet
  facet normal 0 0 1
    outer loop
      vertex 5.13233 83.4886 6.8
      vertex 6.04547 84.6786 6.8
      vertex 5.7701 84.9201 6.8
    endloop
  endfacet
  facet normal 0 0 1
    outer loop
      vertex 6.35 84.4751 6.8
      vertex 5.6 83.1761 6.8
      vertex 6.10446 82.9273 6.8
    endloop
  endfacet
  facet normal 0 0 1
    outer loop
      vertex 4.70944 83.8594 6.8
      vertex 5.7701 84.9201 6.8
      vertex 5.52861 85.1955 6.8
    endloop
  endfacet
  facet normal 0 0 1
    outer loop
      vertex 4.33858 84.2823 6.8
      vertex 5.52861 85.1955 6.8
      vertex 5.32513 85.5 6.8
    endloop
  endfacet
  facet normal 0 0 1
    outer loop
      vertex 4.02609 84.75 6.8
      vertex 5.32513 85.5 6.8
      vertex 5.16314 85.8285 6.8
    endloop
  endfacet
  facet normal 0 0 1
    outer loop
      vertex 6.04547 84.6786 6.8
      vertex 5.13233 83.4886 6.8
      vertex 5.6 83.1761 6.8
    endloop
  endfacet
  facet normal 0 0 1
    outer loop
      vertex 3.77732 85.2545 6.8
      vertex 5.16314 85.8285 6.8
      vertex 5.04541 86.1753 6.8
    endloop
  endfacet
  facet normal 0 0 1
    outer loop
      vertex 3.59652 85.7871 6.8
      vertex 5.04541 86.1753 6.8
      vertex 4.97396 86.5345 6.8
    endloop
  endfacet
  facet normal 0 0 1
    outer loop
      vertex 3.48679 86.3387 6.8
      vertex 4.97396 86.5345 6.8
      vertex 4.95 86.9 6.8
    endloop
  endfacet
  facet normal 0 0 1
    outer loop
      vertex 5.16314 87.9715 6.8
      vertex 3.77732 88.5455 6.8
      vertex 5.04541 87.6247 6.8
    endloop
  endfacet
  facet normal 0 0 1
    outer loop
      vertex 5.7701 84.9201 6.8
      vertex 4.70944 83.8594 6.8
      vertex 5.13233 83.4886 6.8
    endloop
  endfacet
  facet normal -0 0 1
    outer loop
      vertex 3.59652 88.0129 6.8
      vertex 5.04541 87.6247 6.8
      vertex 3.77732 88.5455 6.8
    endloop
  endfacet
  facet normal 0 0 1
    outer loop
      vertex 5.52861 85.1955 6.8
      vertex 4.33858 84.2823 6.8
      vertex 4.70944 83.8594 6.8
    endloop
  endfacet
  facet normal 0 0 1
    outer loop
      vertex 5.04541 87.6247 6.8
      vertex 3.59652 88.0129 6.8
      vertex 4.97396 87.2655 6.8
    endloop
  endfacet
  facet normal 0 0 1
    outer loop
      vertex 5.32513 85.5 6.8
      vertex 4.02609 84.75 6.8
      vertex 4.33858 84.2823 6.8
    endloop
  endfacet
  facet normal -0 0 1
    outer loop
      vertex 3.48679 87.4613 6.8
      vertex 4.97396 87.2655 6.8
      vertex 3.59652 88.0129 6.8
    endloop
  endfacet
  facet normal 0 0 1
    outer loop
      vertex 5.16314 85.8285 6.8
      vertex 3.77732 85.2545 6.8
      vertex 4.02609 84.75 6.8
    endloop
  endfacet
  facet normal 0 0 1
    outer loop
      vertex 4.97396 87.2655 6.8
      vertex 3.48679 87.4613 6.8
      vertex 4.95 86.9 6.8
    endloop
  endfacet
  facet normal 0 0 1
    outer loop
      vertex 5.04541 86.1753 6.8
      vertex 3.59652 85.7871 6.8
      vertex 3.77732 85.2545 6.8
    endloop
  endfacet
  facet normal 0 0 1
    outer loop
      vertex 3.45 86.9 6.8
      vertex 4.95 86.9 6.8
      vertex 3.48679 87.4613 6.8
    endloop
  endfacet
  facet normal 0 0 1
    outer loop
      vertex 4.97396 86.5345 6.8
      vertex 3.48679 86.3387 6.8
      vertex 3.59652 85.7871 6.8
    endloop
  endfacet
  facet normal 0 0 1
    outer loop
      vertex 4.95 86.9 6.8
      vertex 3.45 86.9 6.8
      vertex 3.48679 86.3387 6.8
    endloop
  endfacet
  facet normal 0.442329 -0.896853 0
    outer loop
      vertex 9.39554 82.9273 3.4
      vertex 9.9 83.1761 6.8
      vertex 9.39554 82.9273 6.8
    endloop
  endfacet
  facet normal 0.442329 -0.896853 0
    outer loop
      vertex 9.9 83.1761 6.8
      vertex 9.39554 82.9273 3.4
      vertex 9.9 83.1761 3.4
    endloop
  endfacet
  facet normal 0.751904 -0.659272 0
    outer loop
      vertex 10.7906 83.8594 6.8
      vertex 11.1614 84.2823 3.4
      vertex 11.1614 84.2823 6.8
    endloop
  endfacet
  facet normal 0.751904 -0.659272 0
    outer loop
      vertex 11.1614 84.2823 3.4
      vertex 10.7906 83.8594 6.8
      vertex 10.7906 83.8594 3.4
    endloop
  endfacet
  facet normal 0.946927 -0.32145 0
    outer loop
      vertex 11.7227 85.2545 6.8
      vertex 11.9035 85.7871 3.4
      vertex 11.9035 85.7871 6.8
    endloop
  endfacet
  facet normal 0.946927 -0.32145 0
    outer loop
      vertex 11.9035 85.7871 3.4
      vertex 11.7227 85.2545 6.8
      vertex 11.7227 85.2545 3.4
    endloop
  endfacet
  facet normal 0.0654263 -0.997857 0
    outer loop
      vertex 7.75 82.6 3.4
      vertex 8.31126 82.6368 6.8
      vertex 7.75 82.6 6.8
    endloop
  endfacet
  facet normal 0.0654263 -0.997857 0
    outer loop
      vertex 8.31126 82.6368 6.8
      vertex 7.75 82.6 3.4
      vertex 8.31126 82.6368 3.4
    endloop
  endfacet
  facet normal -0.321439 -0.94693 0
    outer loop
      vertex 6.10446 82.9273 3.4
      vertex 6.63708 82.7465 6.8
      vertex 6.10446 82.9273 6.8
    endloop
  endfacet
  facet normal -0.321439 -0.94693 -0
    outer loop
      vertex 6.63708 82.7465 6.8
      vertex 6.10446 82.9273 3.4
      vertex 6.63708 82.7465 3.4
    endloop
  endfacet
  facet normal -0.896888 -0.442257 0
    outer loop
      vertex 4.02609 84.75 1.8
      vertex 3.77732 85.2545 6.8
      vertex 3.77732 85.2545 1.8
    endloop
  endfacet
  facet normal -0.896888 -0.442257 0
    outer loop
      vertex 3.77732 85.2545 6.8
      vertex 4.02609 84.75 1.8
      vertex 4.02609 84.75 6.8
    endloop
  endfacet
  facet normal 0.555568 0.831471 0
    outer loop
      vertex 59.2351 32.4 3.4
      vertex 59.3677 32.3114 6.8
      vertex 59.3677 32.3114 3.4
    endloop
  endfacet
  facet normal 0.555561 0.831475 3.76475e-07
    outer loop
      vertex 59.3677 32.3114 6.8
      vertex 59.2351 32.4 3.4
      vertex 58.9 32.6239 6.8
    endloop
  endfacet
  facet normal 0.555559 0.831477 0
    outer loop
      vertex 58.9 32.6239 1.8
      vertex 59.2351 32.4 3.4
      vertex 59.2351 32.4 1.8
    endloop
  endfacet
  facet normal 0.555559 0.831477 0
    outer loop
      vertex 59.2351 32.4 3.4
      vertex 58.9 32.6239 1.8
      vertex 58.9 32.6239 6.8
    endloop
  endfacet
  facet normal 0.980792 -0.195056 0
    outer loop
      vertex 60.9035 27.7871 6.8
      vertex 61.0132 28.3387 1.8
      vertex 61.0132 28.3387 6.8
    endloop
  endfacet
  facet normal 0.980792 -0.195056 0
    outer loop
      vertex 61.0132 28.3387 1.8
      vertex 60.9035 27.7871 6.8
      vertex 60.9035 27.7871 1.8
    endloop
  endfacet
  facet normal -0.195056 -0.980792 0
    outer loop
      vertex 55.6371 24.7465 3.4
      vertex 56.1887 24.6368 6.8
      vertex 55.6371 24.7465 6.8
    endloop
  endfacet
  facet normal -0.195056 -0.980792 -0
    outer loop
      vertex 56.1887 24.6368 6.8
      vertex 55.6371 24.7465 3.4
      vertex 56.1887 24.6368 3.4
    endloop
  endfacet
  facet normal -0.4423 0.896867 0
    outer loop
      vertex 55.1045 32.8727 1.8
      vertex 54.6 32.6239 6.8
      vertex 55.1045 32.8727 6.8
    endloop
  endfacet
  facet normal -0.4423 0.896867 0
    outer loop
      vertex 54.6 32.6239 6.8
      vertex 55.1045 32.8727 1.8
      vertex 54.6 32.6239 1.8
    endloop
  endfacet
  facet normal -0.946927 0.32145 0
    outer loop
      vertex 52.5965 30.0129 3.4
      vertex 52.7773 30.5455 6.8
      vertex 52.7773 30.5455 3.4
    endloop
  endfacet
  facet normal -0.946927 0.32145 0
    outer loop
      vertex 52.7773 30.5455 6.8
      vertex 52.5965 30.0129 3.4
      vertex 52.5965 30.0129 6.8
    endloop
  endfacet
  facet normal 0.946927 -0.32145 0
    outer loop
      vertex 60.7227 27.2545 6.8
      vertex 60.9035 27.7871 1.8
      vertex 60.9035 27.7871 6.8
    endloop
  endfacet
  facet normal 0.946927 -0.32145 0
    outer loop
      vertex 60.9035 27.7871 1.8
      vertex 60.7227 27.2545 6.8
      vertex 60.7227 27.2545 1.8
    endloop
  endfacet
  facet normal -0.896867 -0.4423 0
    outer loop
      vertex 53.0261 26.75 3.4
      vertex 52.7773 27.2545 6.8
      vertex 52.7773 27.2545 3.4
    endloop
  endfacet
  facet normal -0.896867 -0.4423 0
    outer loop
      vertex 52.7773 27.2545 6.8
      vertex 53.0261 26.75 3.4
      vertex 53.0261 26.75 6.8
    endloop
  endfacet
  facet normal -0.32145 -0.946927 0
    outer loop
      vertex 55.1045 24.9273 3.4
      vertex 55.6371 24.7465 6.8
      vertex 55.1045 24.9273 6.8
    endloop
  endfacet
  facet normal -0.32145 -0.946927 -0
    outer loop
      vertex 55.6371 24.7465 6.8
      vertex 55.1045 24.9273 3.4
      vertex 55.6371 24.7465 3.4
    endloop
  endfacet
  facet normal 0.896867 0.4423 0
    outer loop
      vertex 60.7227 30.5455 6.8
      vertex 60.4739 31.05 1.8
      vertex 60.4739 31.05 6.8
    endloop
  endfacet
  facet normal 0.896867 0.4423 0
    outer loop
      vertex 60.4739 31.05 1.8
      vertex 60.7227 30.5455 6.8
      vertex 60.7227 30.5455 1.8
    endloop
  endfacet
  facet normal 0.980792 0.195056 0
    outer loop
      vertex 61.0132 29.4613 6.8
      vertex 60.9035 30.0129 1.8
      vertex 60.9035 30.0129 6.8
    endloop
  endfacet
  facet normal 0.980792 0.195056 0
    outer loop
      vertex 60.9035 30.0129 1.8
      vertex 61.0132 29.4613 6.8
      vertex 61.0132 29.4613 1.8
    endloop
  endfacet
  facet normal 0.831471 0.555568 0
    outer loop
      vertex 60.1614 31.5177 6.8
      vertex 60.25 31.3851 3.4
      vertex 60.1614 31.5177 3.4
    endloop
  endfacet
  facet normal 0.831475 0.555561 3.76475e-07
    outer loop
      vertex 60.4739 31.05 6.8
      vertex 60.25 31.3851 3.4
      vertex 60.1614 31.5177 6.8
    endloop
  endfacet
  facet normal 0.831477 0.555559 -0
    outer loop
      vertex 60.4739 31.05 1.8
      vertex 60.25 31.3851 3.4
      vertex 60.4739 31.05 6.8
    endloop
  endfacet
  facet normal 0.831477 0.555559 0
    outer loop
      vertex 60.25 31.3851 3.4
      vertex 60.4739 31.05 1.8
      vertex 60.25 31.3851 1.8
    endloop
  endfacet
  facet normal 0.32145 0.946927 -0
    outer loop
      vertex 58.3955 32.8727 1.8
      vertex 57.8629 33.0535 6.8
      vertex 58.3955 32.8727 6.8
    endloop
  endfacet
  facet normal 0.32145 0.946927 0
    outer loop
      vertex 57.8629 33.0535 6.8
      vertex 58.3955 32.8727 1.8
      vertex 57.8629 33.0535 1.8
    endloop
  endfacet
  facet normal -0.0654216 0.997858 0
    outer loop
      vertex 56.75 33.2 1.8
      vertex 56.1887 33.1632 6.8
      vertex 56.75 33.2 6.8
    endloop
  endfacet
  facet normal -0.0654216 0.997858 0
    outer loop
      vertex 56.1887 33.1632 6.8
      vertex 56.75 33.2 1.8
      vertex 56.1887 33.1632 1.8
    endloop
  endfacet
  facet normal -0.997858 -0.0654216 0
    outer loop
      vertex 52.4868 28.3387 3.4
      vertex 52.45 28.9 6.8
      vertex 52.45 28.9 3.4
    endloop
  endfacet
  facet normal -0.997858 -0.0654216 0
    outer loop
      vertex 52.45 28.9 6.8
      vertex 52.4868 28.3387 3.4
      vertex 52.4868 28.3387 6.8
    endloop
  endfacet
  facet normal -0.831475 0.555561 0
    outer loop
      vertex 53.0261 31.05 3.4
      vertex 53.3386 31.5177 6.8
      vertex 53.3386 31.5177 3.4
    endloop
  endfacet
  facet normal -0.831475 0.555561 0
    outer loop
      vertex 53.3386 31.5177 6.8
      vertex 53.0261 31.05 3.4
      vertex 53.0261 31.05 6.8
    endloop
  endfacet
  facet normal -0.555561 0.831475 3.76475e-07
    outer loop
      vertex 54.6 32.6239 6.8
      vertex 54.2649 32.4 3.4
      vertex 54.1323 32.3114 6.8
    endloop
  endfacet
  facet normal -0.555559 0.831477 0
    outer loop
      vertex 54.6 32.6239 1.8
      vertex 54.2649 32.4 3.4
      vertex 54.6 32.6239 6.8
    endloop
  endfacet
  facet normal -0.555559 0.831477 0
    outer loop
      vertex 54.2649 32.4 3.4
      vertex 54.6 32.6239 1.8
      vertex 54.2649 32.4 1.8
    endloop
  endfacet
  facet normal -0.555568 0.831471 0
    outer loop
      vertex 54.1323 32.3114 6.8
      vertex 54.2649 32.4 3.4
      vertex 54.1323 32.3114 3.4
    endloop
  endfacet
  facet normal -0.195056 0.980792 0
    outer loop
      vertex 56.1887 33.1632 1.8
      vertex 55.6371 33.0535 6.8
      vertex 56.1887 33.1632 6.8
    endloop
  endfacet
  facet normal -0.195056 0.980792 0
    outer loop
      vertex 55.6371 33.0535 6.8
      vertex 56.1887 33.1632 1.8
      vertex 55.6371 33.0535 1.8
    endloop
  endfacet
  facet normal 0.997858 -0.0654216 0
    outer loop
      vertex 61.0132 28.3387 6.8
      vertex 61.05 28.9 1.8
      vertex 61.05 28.9 6.8
    endloop
  endfacet
  facet normal 0.997858 -0.0654216 0
    outer loop
      vertex 61.05 28.9 1.8
      vertex 61.0132 28.3387 6.8
      vertex 61.0132 28.3387 1.8
    endloop
  endfacet
  facet normal 0.195056 -0.980792 0
    outer loop
      vertex 57.3113 24.6368 3.4
      vertex 57.8629 24.7465 6.8
      vertex 57.3113 24.6368 6.8
    endloop
  endfacet
  facet normal 0.195056 -0.980792 0
    outer loop
      vertex 57.8629 24.7465 6.8
      vertex 57.3113 24.6368 3.4
      vertex 57.8629 24.7465 3.4
    endloop
  endfacet
  facet normal 0.4423 -0.896867 0
    outer loop
      vertex 58.3955 24.9273 3.4
      vertex 58.9 25.1761 6.8
      vertex 58.3955 24.9273 6.8
    endloop
  endfacet
  facet normal 0.4423 -0.896867 0
    outer loop
      vertex 58.9 25.1761 6.8
      vertex 58.3955 24.9273 3.4
      vertex 58.9 25.1761 3.4
    endloop
  endfacet
  facet normal 0.555561 -0.831475 0
    outer loop
      vertex 58.9 25.1761 3.4
      vertex 59.3677 25.4886 6.8
      vertex 58.9 25.1761 6.8
    endloop
  endfacet
  facet normal 0.555561 -0.831475 0
    outer loop
      vertex 59.3677 25.4886 6.8
      vertex 58.9 25.1761 3.4
      vertex 59.3677 25.4886 3.4
    endloop
  endfacet
  facet normal 0.831477 -0.555559 0
    outer loop
      vertex 60.4739 26.75 6.8
      vertex 60.25 26.4149 3.4
      vertex 60.4739 26.75 1.8
    endloop
  endfacet
  facet normal 0.831475 -0.555561 3.76475e-07
    outer loop
      vertex 60.1614 26.2823 6.8
      vertex 60.25 26.4149 3.4
      vertex 60.4739 26.75 6.8
    endloop
  endfacet
  facet normal 0.831471 -0.555568 0
    outer loop
      vertex 60.25 26.4149 3.4
      vertex 60.1614 26.2823 6.8
      vertex 60.1614 26.2823 3.4
    endloop
  endfacet
  facet normal 0.831477 -0.555559 0
    outer loop
      vertex 60.4739 26.75 1.8
      vertex 60.25 26.4149 3.4
      vertex 60.25 26.4149 1.8
    endloop
  endfacet
  facet normal -0.0654216 -0.997858 0
    outer loop
      vertex 56.1887 24.6368 3.4
      vertex 56.75 24.6 6.8
      vertex 56.1887 24.6368 6.8
    endloop
  endfacet
  facet normal -0.0654216 -0.997858 -0
    outer loop
      vertex 56.75 24.6 6.8
      vertex 56.1887 24.6368 3.4
      vertex 56.75 24.6 3.4
    endloop
  endfacet
  facet normal -0.555561 -0.831475 0
    outer loop
      vertex 54.1323 25.4886 3.4
      vertex 54.6 25.1761 6.8
      vertex 54.1323 25.4886 6.8
    endloop
  endfacet
  facet normal -0.555561 -0.831475 -0
    outer loop
      vertex 54.6 25.1761 6.8
      vertex 54.1323 25.4886 3.4
      vertex 54.6 25.1761 3.4
    endloop
  endfacet
  facet normal -0.831475 -0.555561 0
    outer loop
      vertex 53.3386 26.2823 3.4
      vertex 53.0261 26.75 6.8
      vertex 53.0261 26.75 3.4
    endloop
  endfacet
  facet normal -0.831475 -0.555561 0
    outer loop
      vertex 53.0261 26.75 6.8
      vertex 53.3386 26.2823 3.4
      vertex 53.3386 26.2823 6.8
    endloop
  endfacet
  facet normal -0.980792 -0.195056 0
    outer loop
      vertex 52.5965 27.7871 3.4
      vertex 52.4868 28.3387 6.8
      vertex 52.4868 28.3387 3.4
    endloop
  endfacet
  facet normal -0.980792 -0.195056 0
    outer loop
      vertex 52.4868 28.3387 6.8
      vertex 52.5965 27.7871 3.4
      vertex 52.5965 27.7871 6.8
    endloop
  endfacet
  facet normal 0.946927 0.32145 0
    outer loop
      vertex 60.9035 30.0129 6.8
      vertex 60.7227 30.5455 1.8
      vertex 60.7227 30.5455 6.8
    endloop
  endfacet
  facet normal 0.946927 0.32145 0
    outer loop
      vertex 60.7227 30.5455 1.8
      vertex 60.9035 30.0129 6.8
      vertex 60.9035 30.0129 1.8
    endloop
  endfacet
  facet normal 0.751904 0.659272 0
    outer loop
      vertex 60.1614 31.5177 6.8
      vertex 59.7906 31.9406 3.4
      vertex 59.7906 31.9406 6.8
    endloop
  endfacet
  facet normal 0.751904 0.659272 0
    outer loop
      vertex 59.7906 31.9406 3.4
      vertex 60.1614 31.5177 6.8
      vertex 60.1614 31.5177 3.4
    endloop
  endfacet
  facet normal 0.659272 0.751904 -0
    outer loop
      vertex 59.7906 31.9406 3.4
      vertex 59.3677 32.3114 6.8
      vertex 59.7906 31.9406 6.8
    endloop
  endfacet
  facet normal 0.659272 0.751904 0
    outer loop
      vertex 59.3677 32.3114 6.8
      vertex 59.7906 31.9406 3.4
      vertex 59.3677 32.3114 3.4
    endloop
  endfacet
  facet normal 0.4423 0.896867 -0
    outer loop
      vertex 58.9 32.6239 1.8
      vertex 58.3955 32.8727 6.8
      vertex 58.9 32.6239 6.8
    endloop
  endfacet
  facet normal 0.4423 0.896867 0
    outer loop
      vertex 58.3955 32.8727 6.8
      vertex 58.9 32.6239 1.8
      vertex 58.3955 32.8727 1.8
    endloop
  endfacet
  facet normal 0.195056 0.980792 -0
    outer loop
      vertex 57.8629 33.0535 1.8
      vertex 57.3113 33.1632 6.8
      vertex 57.8629 33.0535 6.8
    endloop
  endfacet
  facet normal 0.195056 0.980792 0
    outer loop
      vertex 57.3113 33.1632 6.8
      vertex 57.8629 33.0535 1.8
      vertex 57.3113 33.1632 1.8
    endloop
  endfacet
  facet normal 0.0654216 0.997858 -0
    outer loop
      vertex 57.3113 33.1632 1.8
      vertex 56.75 33.2 6.8
      vertex 57.3113 33.1632 6.8
    endloop
  endfacet
  facet normal 0.0654216 0.997858 0
    outer loop
      vertex 56.75 33.2 6.8
      vertex 57.3113 33.1632 1.8
      vertex 56.75 33.2 1.8
    endloop
  endfacet
  facet normal -0.980792 0.195056 0
    outer loop
      vertex 52.4868 29.4613 3.4
      vertex 52.5965 30.0129 6.8
      vertex 52.5965 30.0129 3.4
    endloop
  endfacet
  facet normal -0.980792 0.195056 0
    outer loop
      vertex 52.5965 30.0129 6.8
      vertex 52.4868 29.4613 3.4
      vertex 52.4868 29.4613 6.8
    endloop
  endfacet
  facet normal -0.997858 0.0654216 0
    outer loop
      vertex 52.45 28.9 3.4
      vertex 52.4868 29.4613 6.8
      vertex 52.4868 29.4613 3.4
    endloop
  endfacet
  facet normal -0.997858 0.0654216 0
    outer loop
      vertex 52.4868 29.4613 6.8
      vertex 52.45 28.9 3.4
      vertex 52.45 28.9 6.8
    endloop
  endfacet
  facet normal -0.896867 0.4423 0
    outer loop
      vertex 52.7773 30.5455 3.4
      vertex 53.0261 31.05 6.8
      vertex 53.0261 31.05 3.4
    endloop
  endfacet
  facet normal -0.896867 0.4423 0
    outer loop
      vertex 53.0261 31.05 6.8
      vertex 52.7773 30.5455 3.4
      vertex 52.7773 30.5455 6.8
    endloop
  endfacet
  facet normal -0.32145 0.946927 0
    outer loop
      vertex 55.6371 33.0535 1.8
      vertex 55.1045 32.8727 6.8
      vertex 55.6371 33.0535 6.8
    endloop
  endfacet
  facet normal -0.32145 0.946927 0
    outer loop
      vertex 55.1045 32.8727 6.8
      vertex 55.6371 33.0535 1.8
      vertex 55.1045 32.8727 1.8
    endloop
  endfacet
  facet normal -0.659272 0.751904 0
    outer loop
      vertex 54.1323 32.3114 3.4
      vertex 53.7094 31.9406 6.8
      vertex 54.1323 32.3114 6.8
    endloop
  endfacet
  facet normal -0.659272 0.751904 0
    outer loop
      vertex 53.7094 31.9406 6.8
      vertex 54.1323 32.3114 3.4
      vertex 53.7094 31.9406 3.4
    endloop
  endfacet
  facet normal -0.751904 0.659272 0
    outer loop
      vertex 53.3386 31.5177 3.4
      vertex 53.7094 31.9406 6.8
      vertex 53.7094 31.9406 3.4
    endloop
  endfacet
  facet normal -0.751904 0.659272 0
    outer loop
      vertex 53.7094 31.9406 6.8
      vertex 53.3386 31.5177 3.4
      vertex 53.3386 31.5177 6.8
    endloop
  endfacet
  facet normal 0.997858 0.0654216 0
    outer loop
      vertex 61.05 28.9 6.8
      vertex 61.0132 29.4613 1.8
      vertex 61.0132 29.4613 6.8
    endloop
  endfacet
  facet normal 0.997858 0.0654216 0
    outer loop
      vertex 61.0132 29.4613 1.8
      vertex 61.05 28.9 6.8
      vertex 61.05 28.9 1.8
    endloop
  endfacet
  facet normal 0.32145 -0.946927 0
    outer loop
      vertex 57.8629 24.7465 3.4
      vertex 58.3955 24.9273 6.8
      vertex 57.8629 24.7465 6.8
    endloop
  endfacet
  facet normal 0.32145 -0.946927 0
    outer loop
      vertex 58.3955 24.9273 6.8
      vertex 57.8629 24.7465 3.4
      vertex 58.3955 24.9273 3.4
    endloop
  endfacet
  facet normal 0.751904 -0.659272 0
    outer loop
      vertex 59.7906 25.8594 6.8
      vertex 60.1614 26.2823 3.4
      vertex 60.1614 26.2823 6.8
    endloop
  endfacet
  facet normal 0.751904 -0.659272 0
    outer loop
      vertex 60.1614 26.2823 3.4
      vertex 59.7906 25.8594 6.8
      vertex 59.7906 25.8594 3.4
    endloop
  endfacet
  facet normal 0.659272 -0.751904 0
    outer loop
      vertex 59.3677 25.4886 3.4
      vertex 59.7906 25.8594 6.8
      vertex 59.3677 25.4886 6.8
    endloop
  endfacet
  facet normal 0.659272 -0.751904 0
    outer loop
      vertex 59.7906 25.8594 6.8
      vertex 59.3677 25.4886 3.4
      vertex 59.7906 25.8594 3.4
    endloop
  endfacet
  facet normal 0.896867 -0.4423 0
    outer loop
      vertex 60.4739 26.75 6.8
      vertex 60.7227 27.2545 1.8
      vertex 60.7227 27.2545 6.8
    endloop
  endfacet
  facet normal 0.896867 -0.4423 0
    outer loop
      vertex 60.7227 27.2545 1.8
      vertex 60.4739 26.75 6.8
      vertex 60.4739 26.75 1.8
    endloop
  endfacet
  facet normal 0.0654216 -0.997858 0
    outer loop
      vertex 56.75 24.6 3.4
      vertex 57.3113 24.6368 6.8
      vertex 56.75 24.6 6.8
    endloop
  endfacet
  facet normal 0.0654216 -0.997858 0
    outer loop
      vertex 57.3113 24.6368 6.8
      vertex 56.75 24.6 3.4
      vertex 57.3113 24.6368 3.4
    endloop
  endfacet
  facet normal -0.4423 -0.896867 0
    outer loop
      vertex 54.6 25.1761 3.4
      vertex 55.1045 24.9273 6.8
      vertex 54.6 25.1761 6.8
    endloop
  endfacet
  facet normal -0.4423 -0.896867 -0
    outer loop
      vertex 55.1045 24.9273 6.8
      vertex 54.6 25.1761 3.4
      vertex 55.1045 24.9273 3.4
    endloop
  endfacet
  facet normal -0.946927 -0.32145 0
    outer loop
      vertex 52.7773 27.2545 3.4
      vertex 52.5965 27.7871 6.8
      vertex 52.5965 27.7871 3.4
    endloop
  endfacet
  facet normal -0.946927 -0.32145 0
    outer loop
      vertex 52.5965 27.7871 6.8
      vertex 52.7773 27.2545 3.4
      vertex 52.7773 27.2545 6.8
    endloop
  endfacet
  facet normal -0.751904 -0.659272 0
    outer loop
      vertex 53.7094 25.8594 3.4
      vertex 53.3386 26.2823 6.8
      vertex 53.3386 26.2823 3.4
    endloop
  endfacet
  facet normal -0.751904 -0.659272 0
    outer loop
      vertex 53.3386 26.2823 6.8
      vertex 53.7094 25.8594 3.4
      vertex 53.7094 25.8594 6.8
    endloop
  endfacet
  facet normal -0.659272 -0.751904 0
    outer loop
      vertex 53.7094 25.8594 3.4
      vertex 54.1323 25.4886 6.8
      vertex 53.7094 25.8594 6.8
    endloop
  endfacet
  facet normal -0.659272 -0.751904 -0
    outer loop
      vertex 54.1323 25.4886 6.8
      vertex 53.7094 25.8594 3.4
      vertex 54.1323 25.4886 3.4
    endloop
  endfacet
  facet normal 0 0 1
    outer loop
      vertex 59.55 28.9 6.8
      vertex 61.05 28.9 6.8
      vertex 61.0132 29.4613 6.8
    endloop
  endfacet
  facet normal 0 0 1
    outer loop
      vertex 59.526 29.2655 6.8
      vertex 61.0132 29.4613 6.8
      vertex 60.9035 30.0129 6.8
    endloop
  endfacet
  facet normal 0 0 1
    outer loop
      vertex 61.05 28.9 6.8
      vertex 59.55 28.9 6.8
      vertex 61.0132 28.3387 6.8
    endloop
  endfacet
  facet normal 0 0 1
    outer loop
      vertex 59.4546 29.6247 6.8
      vertex 60.9035 30.0129 6.8
      vertex 60.7227 30.5455 6.8
    endloop
  endfacet
  facet normal -0 0 1
    outer loop
      vertex 59.526 28.5345 6.8
      vertex 61.0132 28.3387 6.8
      vertex 59.55 28.9 6.8
    endloop
  endfacet
  facet normal 0 0 1
    outer loop
      vertex 59.3369 29.9715 6.8
      vertex 60.7227 30.5455 6.8
      vertex 60.4739 31.05 6.8
    endloop
  endfacet
  facet normal 0 0 1
    outer loop
      vertex 61.0132 28.3387 6.8
      vertex 59.526 28.5345 6.8
      vertex 60.9035 27.7871 6.8
    endloop
  endfacet
  facet normal 0 0 1
    outer loop
      vertex 59.1749 30.3 6.8
      vertex 60.4739 31.05 6.8
      vertex 60.1614 31.5177 6.8
    endloop
  endfacet
  facet normal -0 0 1
    outer loop
      vertex 59.4546 28.1753 6.8
      vertex 60.9035 27.7871 6.8
      vertex 59.526 28.5345 6.8
    endloop
  endfacet
  facet normal 0 0 1
    outer loop
      vertex 58.9714 30.6045 6.8
      vertex 60.1614 31.5177 6.8
      vertex 59.7906 31.9406 6.8
    endloop
  endfacet
  facet normal 0 0 1
    outer loop
      vertex 60.9035 27.7871 6.8
      vertex 59.4546 28.1753 6.8
      vertex 60.7227 27.2545 6.8
    endloop
  endfacet
  facet normal -0 0 1
    outer loop
      vertex 59.3369 27.8285 6.8
      vertex 60.7227 27.2545 6.8
      vertex 59.4546 28.1753 6.8
    endloop
  endfacet
  facet normal 0 0 1
    outer loop
      vertex 61.0132 29.4613 6.8
      vertex 59.526 29.2655 6.8
      vertex 59.55 28.9 6.8
    endloop
  endfacet
  facet normal 0 0 1
    outer loop
      vertex 60.9035 30.0129 6.8
      vertex 59.4546 29.6247 6.8
      vertex 59.526 29.2655 6.8
    endloop
  endfacet
  facet normal 0 0 1
    outer loop
      vertex 58.7299 30.8799 6.8
      vertex 59.7906 31.9406 6.8
      vertex 59.3677 32.3114 6.8
    endloop
  endfacet
  facet normal 0 0 1
    outer loop
      vertex 60.7227 30.5455 6.8
      vertex 59.3369 29.9715 6.8
      vertex 59.4546 29.6247 6.8
    endloop
  endfacet
  facet normal 0 0 1
    outer loop
      vertex 60.4739 31.05 6.8
      vertex 59.1749 30.3 6.8
      vertex 59.3369 29.9715 6.8
    endloop
  endfacet
  facet normal 0 0 1
    outer loop
      vertex 60.1614 31.5177 6.8
      vertex 58.9714 30.6045 6.8
      vertex 59.1749 30.3 6.8
    endloop
  endfacet
  facet normal 0 0 1
    outer loop
      vertex 58.4545 31.1214 6.8
      vertex 59.3677 32.3114 6.8
      vertex 58.9 32.6239 6.8
    endloop
  endfacet
  facet normal 0 0 1
    outer loop
      vertex 59.7906 31.9406 6.8
      vertex 58.7299 30.8799 6.8
      vertex 58.9714 30.6045 6.8
    endloop
  endfacet
  facet normal 0 0 1
    outer loop
      vertex 59.3677 32.3114 6.8
      vertex 58.4545 31.1214 6.8
      vertex 58.7299 30.8799 6.8
    endloop
  endfacet
  facet normal 0 0 1
    outer loop
      vertex 58.15 31.3249 6.8
      vertex 58.9 32.6239 6.8
      vertex 58.3955 32.8727 6.8
    endloop
  endfacet
  facet normal 0 0 1
    outer loop
      vertex 58.9 32.6239 6.8
      vertex 58.15 31.3249 6.8
      vertex 58.4545 31.1214 6.8
    endloop
  endfacet
  facet normal 0 0 1
    outer loop
      vertex 57.8215 31.4869 6.8
      vertex 58.3955 32.8727 6.8
      vertex 57.8629 33.0535 6.8
    endloop
  endfacet
  facet normal 0 0 1
    outer loop
      vertex 58.3955 32.8727 6.8
      vertex 57.8215 31.4869 6.8
      vertex 58.15 31.3249 6.8
    endloop
  endfacet
  facet normal 0 0 1
    outer loop
      vertex 57.8629 33.0535 6.8
      vertex 57.4747 31.6046 6.8
      vertex 57.8215 31.4869 6.8
    endloop
  endfacet
  facet normal 0 0 1
    outer loop
      vertex 57.3113 33.1632 6.8
      vertex 57.4747 31.6046 6.8
      vertex 57.8629 33.0535 6.8
    endloop
  endfacet
  facet normal 0 0 1
    outer loop
      vertex 57.3113 33.1632 6.8
      vertex 57.1155 31.676 6.8
      vertex 57.4747 31.6046 6.8
    endloop
  endfacet
  facet normal 0 0 1
    outer loop
      vertex 56.75 33.2 6.8
      vertex 57.1155 31.676 6.8
      vertex 57.3113 33.1632 6.8
    endloop
  endfacet
  facet normal 0 0 1
    outer loop
      vertex 56.75 33.2 6.8
      vertex 56.75 31.7 6.8
      vertex 57.1155 31.676 6.8
    endloop
  endfacet
  facet normal 0 0 1
    outer loop
      vertex 56.75 33.2 6.8
      vertex 56.3845 31.676 6.8
      vertex 56.75 31.7 6.8
    endloop
  endfacet
  facet normal -0 0 1
    outer loop
      vertex 56.1887 33.1632 6.8
      vertex 56.3845 31.676 6.8
      vertex 56.75 33.2 6.8
    endloop
  endfacet
  facet normal 0 0 1
    outer loop
      vertex 56.1887 33.1632 6.8
      vertex 56.0253 31.6046 6.8
      vertex 56.3845 31.676 6.8
    endloop
  endfacet
  facet normal -0 0 1
    outer loop
      vertex 55.6371 33.0535 6.8
      vertex 56.0253 31.6046 6.8
      vertex 56.1887 33.1632 6.8
    endloop
  endfacet
  facet normal 0 0 1
    outer loop
      vertex 56.0253 31.6046 6.8
      vertex 55.6371 33.0535 6.8
      vertex 55.6785 31.4869 6.8
    endloop
  endfacet
  facet normal -0 0 1
    outer loop
      vertex 55.1045 32.8727 6.8
      vertex 55.6785 31.4869 6.8
      vertex 55.6371 33.0535 6.8
    endloop
  endfacet
  facet normal 0 0 1
    outer loop
      vertex 55.6785 31.4869 6.8
      vertex 55.1045 32.8727 6.8
      vertex 55.35 31.3249 6.8
    endloop
  endfacet
  facet normal -0 0 1
    outer loop
      vertex 54.6 32.6239 6.8
      vertex 55.35 31.3249 6.8
      vertex 55.1045 32.8727 6.8
    endloop
  endfacet
  facet normal 0 0 1
    outer loop
      vertex 55.35 31.3249 6.8
      vertex 54.6 32.6239 6.8
      vertex 55.0455 31.1214 6.8
    endloop
  endfacet
  facet normal -0 0 1
    outer loop
      vertex 54.1323 32.3114 6.8
      vertex 55.0455 31.1214 6.8
      vertex 54.6 32.6239 6.8
    endloop
  endfacet
  facet normal 0 0 1
    outer loop
      vertex 55.0455 31.1214 6.8
      vertex 54.1323 32.3114 6.8
      vertex 54.7701 30.8799 6.8
    endloop
  endfacet
  facet normal -0 0 1
    outer loop
      vertex 53.7094 31.9406 6.8
      vertex 54.7701 30.8799 6.8
      vertex 54.1323 32.3114 6.8
    endloop
  endfacet
  facet normal 0 0 1
    outer loop
      vertex 54.7701 30.8799 6.8
      vertex 53.7094 31.9406 6.8
      vertex 54.5286 30.6045 6.8
    endloop
  endfacet
  facet normal -0 0 1
    outer loop
      vertex 53.3386 31.5177 6.8
      vertex 54.5286 30.6045 6.8
      vertex 53.7094 31.9406 6.8
    endloop
  endfacet
  facet normal 0 0 1
    outer loop
      vertex 54.5286 30.6045 6.8
      vertex 53.3386 31.5177 6.8
      vertex 54.3251 30.3 6.8
    endloop
  endfacet
  facet normal -0 0 1
    outer loop
      vertex 53.0261 31.05 6.8
      vertex 54.3251 30.3 6.8
      vertex 53.3386 31.5177 6.8
    endloop
  endfacet
  facet normal 0 0 1
    outer loop
      vertex 54.3251 30.3 6.8
      vertex 53.0261 31.05 6.8
      vertex 54.1631 29.9715 6.8
    endloop
  endfacet
  facet normal -0 0 1
    outer loop
      vertex 52.7773 30.5455 6.8
      vertex 54.1631 29.9715 6.8
      vertex 53.0261 31.05 6.8
    endloop
  endfacet
  facet normal 0 0 1
    outer loop
      vertex 60.7227 27.2545 6.8
      vertex 59.3369 27.8285 6.8
      vertex 60.4739 26.75 6.8
    endloop
  endfacet
  facet normal -0 0 1
    outer loop
      vertex 59.1749 27.5 6.8
      vertex 60.4739 26.75 6.8
      vertex 59.3369 27.8285 6.8
    endloop
  endfacet
  facet normal 0 0 1
    outer loop
      vertex 60.4739 26.75 6.8
      vertex 59.1749 27.5 6.8
      vertex 60.1614 26.2823 6.8
    endloop
  endfacet
  facet normal -0 0 1
    outer loop
      vertex 58.9714 27.1955 6.8
      vertex 60.1614 26.2823 6.8
      vertex 59.1749 27.5 6.8
    endloop
  endfacet
  facet normal 0 0 1
    outer loop
      vertex 60.1614 26.2823 6.8
      vertex 58.9714 27.1955 6.8
      vertex 59.7906 25.8594 6.8
    endloop
  endfacet
  facet normal -0 0 1
    outer loop
      vertex 58.7299 26.9201 6.8
      vertex 59.7906 25.8594 6.8
      vertex 58.9714 27.1955 6.8
    endloop
  endfacet
  facet normal 0 0 1
    outer loop
      vertex 59.7906 25.8594 6.8
      vertex 58.7299 26.9201 6.8
      vertex 59.3677 25.4886 6.8
    endloop
  endfacet
  facet normal -0 0 1
    outer loop
      vertex 58.4545 26.6786 6.8
      vertex 59.3677 25.4886 6.8
      vertex 58.7299 26.9201 6.8
    endloop
  endfacet
  facet normal 0 0 1
    outer loop
      vertex 59.3677 25.4886 6.8
      vertex 58.4545 26.6786 6.8
      vertex 58.9 25.1761 6.8
    endloop
  endfacet
  facet normal -0 0 1
    outer loop
      vertex 58.15 26.4751 6.8
      vertex 58.9 25.1761 6.8
      vertex 58.4545 26.6786 6.8
    endloop
  endfacet
  facet normal 0 0 1
    outer loop
      vertex 58.9 25.1761 6.8
      vertex 58.15 26.4751 6.8
      vertex 58.3955 24.9273 6.8
    endloop
  endfacet
  facet normal -0 0 1
    outer loop
      vertex 57.8215 26.3131 6.8
      vertex 58.3955 24.9273 6.8
      vertex 58.15 26.4751 6.8
    endloop
  endfacet
  facet normal 0 0 1
    outer loop
      vertex 58.3955 24.9273 6.8
      vertex 57.8215 26.3131 6.8
      vertex 57.8629 24.7465 6.8
    endloop
  endfacet
  facet normal -0 0 1
    outer loop
      vertex 57.4747 26.1954 6.8
      vertex 57.8629 24.7465 6.8
      vertex 57.8215 26.3131 6.8
    endloop
  endfacet
  facet normal 0 0 1
    outer loop
      vertex 57.4747 26.1954 6.8
      vertex 57.3113 24.6368 6.8
      vertex 57.8629 24.7465 6.8
    endloop
  endfacet
  facet normal -0 0 1
    outer loop
      vertex 57.1155 26.124 6.8
      vertex 57.3113 24.6368 6.8
      vertex 57.4747 26.1954 6.8
    endloop
  endfacet
  facet normal -0 0 1
    outer loop
      vertex 56.75 26.1 6.8
      vertex 57.3113 24.6368 6.8
      vertex 57.1155 26.124 6.8
    endloop
  endfacet
  facet normal 0 0 1
    outer loop
      vertex 56.75 26.1 6.8
      vertex 56.75 24.6 6.8
      vertex 57.3113 24.6368 6.8
    endloop
  endfacet
  facet normal 0 0 1
    outer loop
      vertex 56.3845 26.124 6.8
      vertex 56.75 24.6 6.8
      vertex 56.75 26.1 6.8
    endloop
  endfacet
  facet normal 0 0 1
    outer loop
      vertex 56.3845 26.124 6.8
      vertex 56.1887 24.6368 6.8
      vertex 56.75 24.6 6.8
    endloop
  endfacet
  facet normal 0 0 1
    outer loop
      vertex 56.0253 26.1954 6.8
      vertex 56.1887 24.6368 6.8
      vertex 56.3845 26.124 6.8
    endloop
  endfacet
  facet normal 0 0 1
    outer loop
      vertex 55.6371 24.7465 6.8
      vertex 56.0253 26.1954 6.8
      vertex 55.6785 26.3131 6.8
    endloop
  endfacet
  facet normal 0 0 1
    outer loop
      vertex 56.0253 26.1954 6.8
      vertex 55.6371 24.7465 6.8
      vertex 56.1887 24.6368 6.8
    endloop
  endfacet
  facet normal 0 0 1
    outer loop
      vertex 55.1045 24.9273 6.8
      vertex 55.6785 26.3131 6.8
      vertex 55.35 26.4751 6.8
    endloop
  endfacet
  facet normal 0 0 1
    outer loop
      vertex 55.6785 26.3131 6.8
      vertex 55.1045 24.9273 6.8
      vertex 55.6371 24.7465 6.8
    endloop
  endfacet
  facet normal 0 0 1
    outer loop
      vertex 54.6 25.1761 6.8
      vertex 55.35 26.4751 6.8
      vertex 55.0455 26.6786 6.8
    endloop
  endfacet
  facet normal 0 0 1
    outer loop
      vertex 54.1323 25.4886 6.8
      vertex 55.0455 26.6786 6.8
      vertex 54.7701 26.9201 6.8
    endloop
  endfacet
  facet normal 0 0 1
    outer loop
      vertex 55.35 26.4751 6.8
      vertex 54.6 25.1761 6.8
      vertex 55.1045 24.9273 6.8
    endloop
  endfacet
  facet normal 0 0 1
    outer loop
      vertex 53.7094 25.8594 6.8
      vertex 54.7701 26.9201 6.8
      vertex 54.5286 27.1955 6.8
    endloop
  endfacet
  facet normal 0 0 1
    outer loop
      vertex 53.3386 26.2823 6.8
      vertex 54.5286 27.1955 6.8
      vertex 54.3251 27.5 6.8
    endloop
  endfacet
  facet normal 0 0 1
    outer loop
      vertex 53.0261 26.75 6.8
      vertex 54.3251 27.5 6.8
      vertex 54.1631 27.8285 6.8
    endloop
  endfacet
  facet normal 0 0 1
    outer loop
      vertex 55.0455 26.6786 6.8
      vertex 54.1323 25.4886 6.8
      vertex 54.6 25.1761 6.8
    endloop
  endfacet
  facet normal 0 0 1
    outer loop
      vertex 52.7773 27.2545 6.8
      vertex 54.1631 27.8285 6.8
      vertex 54.0454 28.1753 6.8
    endloop
  endfacet
  facet normal 0 0 1
    outer loop
      vertex 52.5965 27.7871 6.8
      vertex 54.0454 28.1753 6.8
      vertex 53.974 28.5345 6.8
    endloop
  endfacet
  facet normal 0 0 1
    outer loop
      vertex 52.4868 28.3387 6.8
      vertex 53.974 28.5345 6.8
      vertex 53.95 28.9 6.8
    endloop
  endfacet
  facet normal 0 0 1
    outer loop
      vertex 54.1631 29.9715 6.8
      vertex 52.7773 30.5455 6.8
      vertex 54.0454 29.6247 6.8
    endloop
  endfacet
  facet normal 0 0 1
    outer loop
      vertex 54.7701 26.9201 6.8
      vertex 53.7094 25.8594 6.8
      vertex 54.1323 25.4886 6.8
    endloop
  endfacet
  facet normal -0 0 1
    outer loop
      vertex 52.5965 30.0129 6.8
      vertex 54.0454 29.6247 6.8
      vertex 52.7773 30.5455 6.8
    endloop
  endfacet
  facet normal 0 0 1
    outer loop
      vertex 54.5286 27.1955 6.8
      vertex 53.3386 26.2823 6.8
      vertex 53.7094 25.8594 6.8
    endloop
  endfacet
  facet normal 0 0 1
    outer loop
      vertex 54.0454 29.6247 6.8
      vertex 52.5965 30.0129 6.8
      vertex 53.974 29.2655 6.8
    endloop
  endfacet
  facet normal 0 0 1
    outer loop
      vertex 54.3251 27.5 6.8
      vertex 53.0261 26.75 6.8
      vertex 53.3386 26.2823 6.8
    endloop
  endfacet
  facet normal -0 0 1
    outer loop
      vertex 52.4868 29.4613 6.8
      vertex 53.974 29.2655 6.8
      vertex 52.5965 30.0129 6.8
    endloop
  endfacet
  facet normal 0 0 1
    outer loop
      vertex 54.1631 27.8285 6.8
      vertex 52.7773 27.2545 6.8
      vertex 53.0261 26.75 6.8
    endloop
  endfacet
  facet normal 0 0 1
    outer loop
      vertex 53.974 29.2655 6.8
      vertex 52.4868 29.4613 6.8
      vertex 53.95 28.9 6.8
    endloop
  endfacet
  facet normal 0 0 1
    outer loop
      vertex 54.0454 28.1753 6.8
      vertex 52.5965 27.7871 6.8
      vertex 52.7773 27.2545 6.8
    endloop
  endfacet
  facet normal 0 0 1
    outer loop
      vertex 52.45 28.9 6.8
      vertex 53.95 28.9 6.8
      vertex 52.4868 29.4613 6.8
    endloop
  endfacet
  facet normal 0 0 1
    outer loop
      vertex 53.974 28.5345 6.8
      vertex 52.4868 28.3387 6.8
      vertex 52.5965 27.7871 6.8
    endloop
  endfacet
  facet normal 0 0 1
    outer loop
      vertex 53.95 28.9 6.8
      vertex 52.45 28.9 6.8
      vertex 52.4868 28.3387 6.8
    endloop
  endfacet
  facet normal 0.555568 0.831471 0
    outer loop
      vertex 59.2351 90.4 3.4
      vertex 59.3677 90.3114 6.8
      vertex 59.3677 90.3114 3.4
    endloop
  endfacet
  facet normal 0.555561 0.831475 3.76475e-07
    outer loop
      vertex 59.3677 90.3114 6.8
      vertex 59.2351 90.4 3.4
      vertex 58.9 90.6239 6.8
    endloop
  endfacet
  facet normal 0.555559 0.831477 0
    outer loop
      vertex 58.9 90.6239 1.8
      vertex 59.2351 90.4 3.4
      vertex 59.2351 90.4 1.8
    endloop
  endfacet
  facet normal 0.555559 0.831477 0
    outer loop
      vertex 59.2351 90.4 3.4
      vertex 58.9 90.6239 1.8
      vertex 58.9 90.6239 6.8
    endloop
  endfacet
  facet normal 0.980792 -0.195056 0
    outer loop
      vertex 60.9035 85.7871 6.8
      vertex 61.0132 86.3387 1.8
      vertex 61.0132 86.3387 6.8
    endloop
  endfacet
  facet normal 0.980792 -0.195056 0
    outer loop
      vertex 61.0132 86.3387 1.8
      vertex 60.9035 85.7871 6.8
      vertex 60.9035 85.7871 1.8
    endloop
  endfacet
  facet normal -0.195056 -0.980792 0
    outer loop
      vertex 55.6371 82.7465 3.4
      vertex 56.1887 82.6368 6.8
      vertex 55.6371 82.7465 6.8
    endloop
  endfacet
  facet normal -0.195056 -0.980792 -0
    outer loop
      vertex 56.1887 82.6368 6.8
      vertex 55.6371 82.7465 3.4
      vertex 56.1887 82.6368 3.4
    endloop
  endfacet
  facet normal -0.4423 0.896867 0
    outer loop
      vertex 55.1045 90.8727 1.8
      vertex 54.6 90.6239 6.8
      vertex 55.1045 90.8727 6.8
    endloop
  endfacet
  facet normal -0.4423 0.896867 0
    outer loop
      vertex 54.6 90.6239 6.8
      vertex 55.1045 90.8727 1.8
      vertex 54.6 90.6239 1.8
    endloop
  endfacet
  facet normal -0.946927 0.32145 0
    outer loop
      vertex 52.5965 88.0129 3.4
      vertex 52.7773 88.5455 6.8
      vertex 52.7773 88.5455 3.4
    endloop
  endfacet
  facet normal -0.946927 0.32145 0
    outer loop
      vertex 52.7773 88.5455 6.8
      vertex 52.5965 88.0129 3.4
      vertex 52.5965 88.0129 6.8
    endloop
  endfacet
  facet normal -0.831475 -0.555561 0
    outer loop
      vertex 53.3386 84.2823 3.4
      vertex 53.0261 84.75 6.8
      vertex 53.0261 84.75 3.4
    endloop
  endfacet
  facet normal -0.831475 -0.555561 0
    outer loop
      vertex 53.0261 84.75 6.8
      vertex 53.3386 84.2823 3.4
      vertex 53.3386 84.2823 6.8
    endloop
  endfacet
  facet normal 0.946927 0.32145 0
    outer loop
      vertex 60.9035 88.0129 6.8
      vertex 60.7227 88.5455 1.8
      vertex 60.7227 88.5455 6.8
    endloop
  endfacet
  facet normal 0.946927 0.32145 0
    outer loop
      vertex 60.7227 88.5455 1.8
      vertex 60.9035 88.0129 6.8
      vertex 60.9035 88.0129 1.8
    endloop
  endfacet
  facet normal 0.831471 0.555568 0
    outer loop
      vertex 60.1614 89.5177 6.8
      vertex 60.25 89.3851 3.4
      vertex 60.1614 89.5177 3.4
    endloop
  endfacet
  facet normal 0.831475 0.555561 3.76475e-07
    outer loop
      vertex 60.4739 89.05 6.8
      vertex 60.25 89.3851 3.4
      vertex 60.1614 89.5177 6.8
    endloop
  endfacet
  facet normal 0.831477 0.555559 -0
    outer loop
      vertex 60.4739 89.05 1.8
      vertex 60.25 89.3851 3.4
      vertex 60.4739 89.05 6.8
    endloop
  endfacet
  facet normal 0.831477 0.555559 0
    outer loop
      vertex 60.25 89.3851 3.4
      vertex 60.4739 89.05 1.8
      vertex 60.25 89.3851 1.8
    endloop
  endfacet
  facet normal 0.751904 0.659272 0
    outer loop
      vertex 60.1614 89.5177 6.8
      vertex 59.7906 89.9406 3.4
      vertex 59.7906 89.9406 6.8
    endloop
  endfacet
  facet normal 0.751904 0.659272 0
    outer loop
      vertex 59.7906 89.9406 3.4
      vertex 60.1614 89.5177 6.8
      vertex 60.1614 89.5177 3.4
    endloop
  endfacet
  facet normal 0.4423 0.896867 -0
    outer loop
      vertex 58.9 90.6239 1.8
      vertex 58.3955 90.8727 6.8
      vertex 58.9 90.6239 6.8
    endloop
  endfacet
  facet normal 0.4423 0.896867 0
    outer loop
      vertex 58.3955 90.8727 6.8
      vertex 58.9 90.6239 1.8
      vertex 58.3955 90.8727 1.8
    endloop
  endfacet
  facet normal -0.0654216 0.997858 0
    outer loop
      vertex 56.75 91.2 1.8
      vertex 56.1887 91.1632 6.8
      vertex 56.75 91.2 6.8
    endloop
  endfacet
  facet normal -0.0654216 0.997858 0
    outer loop
      vertex 56.1887 91.1632 6.8
      vertex 56.75 91.2 1.8
      vertex 56.1887 91.1632 1.8
    endloop
  endfacet
  facet normal 0.0654216 0.997858 -0
    outer loop
      vertex 57.3113 91.1632 1.8
      vertex 56.75 91.2 6.8
      vertex 57.3113 91.1632 6.8
    endloop
  endfacet
  facet normal 0.0654216 0.997858 0
    outer loop
      vertex 56.75 91.2 6.8
      vertex 57.3113 91.1632 1.8
      vertex 56.75 91.2 1.8
    endloop
  endfacet
  facet normal -0.997858 0.0654216 0
    outer loop
      vertex 52.45 86.9 3.4
      vertex 52.4868 87.4613 6.8
      vertex 52.4868 87.4613 3.4
    endloop
  endfacet
  facet normal -0.997858 0.0654216 0
    outer loop
      vertex 52.4868 87.4613 6.8
      vertex 52.45 86.9 3.4
      vertex 52.45 86.9 6.8
    endloop
  endfacet
  facet normal -0.831475 0.555561 0
    outer loop
      vertex 53.0261 89.05 3.4
      vertex 53.3386 89.5177 6.8
      vertex 53.3386 89.5177 3.4
    endloop
  endfacet
  facet normal -0.831475 0.555561 0
    outer loop
      vertex 53.3386 89.5177 6.8
      vertex 53.0261 89.05 3.4
      vertex 53.0261 89.05 6.8
    endloop
  endfacet
  facet normal -0.555561 0.831475 3.76475e-07
    outer loop
      vertex 54.6 90.6239 6.8
      vertex 54.2649 90.4 3.4
      vertex 54.1323 90.3114 6.8
    endloop
  endfacet
  facet normal -0.555559 0.831477 0
    outer loop
      vertex 54.6 90.6239 1.8
      vertex 54.2649 90.4 3.4
      vertex 54.6 90.6239 6.8
    endloop
  endfacet
  facet normal -0.555559 0.831477 0
    outer loop
      vertex 54.2649 90.4 3.4
      vertex 54.6 90.6239 1.8
      vertex 54.2649 90.4 1.8
    endloop
  endfacet
  facet normal -0.555568 0.831471 0
    outer loop
      vertex 54.1323 90.3114 6.8
      vertex 54.2649 90.4 3.4
      vertex 54.1323 90.3114 3.4
    endloop
  endfacet
  facet normal -0.195056 0.980792 0
    outer loop
      vertex 56.1887 91.1632 1.8
      vertex 55.6371 91.0535 6.8
      vertex 56.1887 91.1632 6.8
    endloop
  endfacet
  facet normal -0.195056 0.980792 0
    outer loop
      vertex 55.6371 91.0535 6.8
      vertex 56.1887 91.1632 1.8
      vertex 55.6371 91.0535 1.8
    endloop
  endfacet
  facet normal -0.659272 0.751904 0
    outer loop
      vertex 54.1323 90.3114 3.4
      vertex 53.7094 89.9406 6.8
      vertex 54.1323 90.3114 6.8
    endloop
  endfacet
  facet normal -0.659272 0.751904 0
    outer loop
      vertex 53.7094 89.9406 6.8
      vertex 54.1323 90.3114 3.4
      vertex 53.7094 89.9406 3.4
    endloop
  endfacet
  facet normal 0.997858 -0.0654216 0
    outer loop
      vertex 61.0132 86.3387 6.8
      vertex 61.05 86.9 1.8
      vertex 61.05 86.9 6.8
    endloop
  endfacet
  facet normal 0.997858 -0.0654216 0
    outer loop
      vertex 61.05 86.9 1.8
      vertex 61.0132 86.3387 6.8
      vertex 61.0132 86.3387 1.8
    endloop
  endfacet
  facet normal 0.195056 -0.980792 0
    outer loop
      vertex 57.3113 82.6368 3.4
      vertex 57.8629 82.7465 6.8
      vertex 57.3113 82.6368 6.8
    endloop
  endfacet
  facet normal 0.195056 -0.980792 0
    outer loop
      vertex 57.8629 82.7465 6.8
      vertex 57.3113 82.6368 3.4
      vertex 57.8629 82.7465 3.4
    endloop
  endfacet
  facet normal 0.946927 -0.32145 0
    outer loop
      vertex 60.7227 85.2545 6.8
      vertex 60.9035 85.7871 1.8
      vertex 60.9035 85.7871 6.8
    endloop
  endfacet
  facet normal 0.946927 -0.32145 0
    outer loop
      vertex 60.9035 85.7871 1.8
      vertex 60.7227 85.2545 6.8
      vertex 60.7227 85.2545 1.8
    endloop
  endfacet
  facet normal 0.32145 -0.946927 0
    outer loop
      vertex 57.8629 82.7465 3.4
      vertex 58.3955 82.9273 6.8
      vertex 57.8629 82.7465 6.8
    endloop
  endfacet
  facet normal 0.32145 -0.946927 0
    outer loop
      vertex 58.3955 82.9273 6.8
      vertex 57.8629 82.7465 3.4
      vertex 58.3955 82.9273 3.4
    endloop
  endfacet
  facet normal 0.751904 -0.659272 0
    outer loop
      vertex 59.7906 83.8594 6.8
      vertex 60.1614 84.2823 3.4
      vertex 60.1614 84.2823 6.8
    endloop
  endfacet
  facet normal 0.751904 -0.659272 0
    outer loop
      vertex 60.1614 84.2823 3.4
      vertex 59.7906 83.8594 6.8
      vertex 59.7906 83.8594 3.4
    endloop
  endfacet
  facet normal 0.555561 -0.831475 0
    outer loop
      vertex 58.9 83.1761 3.4
      vertex 59.3677 83.4886 6.8
      vertex 58.9 83.1761 6.8
    endloop
  endfacet
  facet normal 0.555561 -0.831475 0
    outer loop
      vertex 59.3677 83.4886 6.8
      vertex 58.9 83.1761 3.4
      vertex 59.3677 83.4886 3.4
    endloop
  endfacet
  facet normal 0.831477 -0.555559 0
    outer loop
      vertex 60.4739 84.75 6.8
      vertex 60.25 84.4149 3.4
      vertex 60.4739 84.75 1.8
    endloop
  endfacet
  facet normal 0.831475 -0.555561 3.76475e-07
    outer loop
      vertex 60.1614 84.2823 6.8
      vertex 60.25 84.4149 3.4
      vertex 60.4739 84.75 6.8
    endloop
  endfacet
  facet normal 0.831471 -0.555568 0
    outer loop
      vertex 60.25 84.4149 3.4
      vertex 60.1614 84.2823 6.8
      vertex 60.1614 84.2823 3.4
    endloop
  endfacet
  facet normal 0.831477 -0.555559 0
    outer loop
      vertex 60.4739 84.75 1.8
      vertex 60.25 84.4149 3.4
      vertex 60.25 84.4149 1.8
    endloop
  endfacet
  facet normal -0.555561 -0.831475 0
    outer loop
      vertex 54.1323 83.4886 3.4
      vertex 54.6 83.1761 6.8
      vertex 54.1323 83.4886 6.8
    endloop
  endfacet
  facet normal -0.555561 -0.831475 -0
    outer loop
      vertex 54.6 83.1761 6.8
      vertex 54.1323 83.4886 3.4
      vertex 54.6 83.1761 3.4
    endloop
  endfacet
  facet normal -0.980792 -0.195056 0
    outer loop
      vertex 52.5965 85.7871 3.4
      vertex 52.4868 86.3387 6.8
      vertex 52.4868 86.3387 3.4
    endloop
  endfacet
  facet normal -0.980792 -0.195056 0
    outer loop
      vertex 52.4868 86.3387 6.8
      vertex 52.5965 85.7871 3.4
      vertex 52.5965 85.7871 6.8
    endloop
  endfacet
  facet normal 0.980792 0.195056 0
    outer loop
      vertex 61.0132 87.4613 6.8
      vertex 60.9035 88.0129 1.8
      vertex 60.9035 88.0129 6.8
    endloop
  endfacet
  facet normal 0.980792 0.195056 0
    outer loop
      vertex 60.9035 88.0129 1.8
      vertex 61.0132 87.4613 6.8
      vertex 61.0132 87.4613 1.8
    endloop
  endfacet
  facet normal 0.896867 0.4423 0
    outer loop
      vertex 60.7227 88.5455 6.8
      vertex 60.4739 89.05 1.8
      vertex 60.4739 89.05 6.8
    endloop
  endfacet
  facet normal 0.896867 0.4423 0
    outer loop
      vertex 60.4739 89.05 1.8
      vertex 60.7227 88.5455 6.8
      vertex 60.7227 88.5455 1.8
    endloop
  endfacet
  facet normal 0.659272 0.751904 -0
    outer loop
      vertex 59.7906 89.9406 3.4
      vertex 59.3677 90.3114 6.8
      vertex 59.7906 89.9406 6.8
    endloop
  endfacet
  facet normal 0.659272 0.751904 0
    outer loop
      vertex 59.3677 90.3114 6.8
      vertex 59.7906 89.9406 3.4
      vertex 59.3677 90.3114 3.4
    endloop
  endfacet
  facet normal 0.32145 0.946927 -0
    outer loop
      vertex 58.3955 90.8727 1.8
      vertex 57.8629 91.0535 6.8
      vertex 58.3955 90.8727 6.8
    endloop
  endfacet
  facet normal 0.32145 0.946927 0
    outer loop
      vertex 57.8629 91.0535 6.8
      vertex 58.3955 90.8727 1.8
      vertex 57.8629 91.0535 1.8
    endloop
  endfacet
  facet normal -0.997858 -0.0654216 0
    outer loop
      vertex 52.4868 86.3387 3.4
      vertex 52.45 86.9 6.8
      vertex 52.45 86.9 3.4
    endloop
  endfacet
  facet normal -0.997858 -0.0654216 0
    outer loop
      vertex 52.45 86.9 6.8
      vertex 52.4868 86.3387 3.4
      vertex 52.4868 86.3387 6.8
    endloop
  endfacet
  facet normal -0.751904 0.659272 0
    outer loop
      vertex 53.3386 89.5177 3.4
      vertex 53.7094 89.9406 6.8
      vertex 53.7094 89.9406 3.4
    endloop
  endfacet
  facet normal -0.751904 0.659272 0
    outer loop
      vertex 53.7094 89.9406 6.8
      vertex 53.3386 89.5177 3.4
      vertex 53.3386 89.5177 6.8
    endloop
  endfacet
  facet normal 0.997858 0.0654216 0
    outer loop
      vertex 61.05 86.9 6.8
      vertex 61.0132 87.4613 1.8
      vertex 61.0132 87.4613 6.8
    endloop
  endfacet
  facet normal 0.997858 0.0654216 0
    outer loop
      vertex 61.0132 87.4613 1.8
      vertex 61.05 86.9 6.8
      vertex 61.05 86.9 1.8
    endloop
  endfacet
  facet normal 0.659272 -0.751904 0
    outer loop
      vertex 59.3677 83.4886 3.4
      vertex 59.7906 83.8594 6.8
      vertex 59.3677 83.4886 6.8
    endloop
  endfacet
  facet normal 0.659272 -0.751904 0
    outer loop
      vertex 59.7906 83.8594 6.8
      vertex 59.3677 83.4886 3.4
      vertex 59.7906 83.8594 3.4
    endloop
  endfacet
  facet normal 0.896867 -0.4423 0
    outer loop
      vertex 60.4739 84.75 6.8
      vertex 60.7227 85.2545 1.8
      vertex 60.7227 85.2545 6.8
    endloop
  endfacet
  facet normal 0.896867 -0.4423 0
    outer loop
      vertex 60.7227 85.2545 1.8
      vertex 60.4739 84.75 6.8
      vertex 60.4739 84.75 1.8
    endloop
  endfacet
  facet normal -0.0654216 -0.997858 0
    outer loop
      vertex 56.1887 82.6368 3.4
      vertex 56.75 82.6 6.8
      vertex 56.1887 82.6368 6.8
    endloop
  endfacet
  facet normal -0.0654216 -0.997858 -0
    outer loop
      vertex 56.75 82.6 6.8
      vertex 56.1887 82.6368 3.4
      vertex 56.75 82.6 3.4
    endloop
  endfacet
  facet normal 0.0654216 -0.997858 0
    outer loop
      vertex 56.75 82.6 3.4
      vertex 57.3113 82.6368 6.8
      vertex 56.75 82.6 6.8
    endloop
  endfacet
  facet normal 0.0654216 -0.997858 0
    outer loop
      vertex 57.3113 82.6368 6.8
      vertex 56.75 82.6 3.4
      vertex 57.3113 82.6368 3.4
    endloop
  endfacet
  facet normal -0.4423 -0.896867 0
    outer loop
      vertex 54.6 83.1761 3.4
      vertex 55.1045 82.9273 6.8
      vertex 54.6 83.1761 6.8
    endloop
  endfacet
  facet normal -0.4423 -0.896867 -0
    outer loop
      vertex 55.1045 82.9273 6.8
      vertex 54.6 83.1761 3.4
      vertex 55.1045 82.9273 3.4
    endloop
  endfacet
  facet normal -0.32145 -0.946927 0
    outer loop
      vertex 55.1045 82.9273 3.4
      vertex 55.6371 82.7465 6.8
      vertex 55.1045 82.9273 6.8
    endloop
  endfacet
  facet normal -0.32145 -0.946927 -0
    outer loop
      vertex 55.6371 82.7465 6.8
      vertex 55.1045 82.9273 3.4
      vertex 55.6371 82.7465 3.4
    endloop
  endfacet
  facet normal -0.946927 -0.32145 0
    outer loop
      vertex 52.7773 85.2545 3.4
      vertex 52.5965 85.7871 6.8
      vertex 52.5965 85.7871 3.4
    endloop
  endfacet
  facet normal -0.946927 -0.32145 0
    outer loop
      vertex 52.5965 85.7871 6.8
      vertex 52.7773 85.2545 3.4
      vertex 52.7773 85.2545 6.8
    endloop
  endfacet
  facet normal -0.896867 -0.4423 0
    outer loop
      vertex 53.0261 84.75 3.4
      vertex 52.7773 85.2545 6.8
      vertex 52.7773 85.2545 3.4
    endloop
  endfacet
  facet normal -0.896867 -0.4423 0
    outer loop
      vertex 52.7773 85.2545 6.8
      vertex 53.0261 84.75 3.4
      vertex 53.0261 84.75 6.8
    endloop
  endfacet
  facet normal -0.751904 -0.659272 0
    outer loop
      vertex 53.7094 83.8594 3.4
      vertex 53.3386 84.2823 6.8
      vertex 53.3386 84.2823 3.4
    endloop
  endfacet
  facet normal -0.751904 -0.659272 0
    outer loop
      vertex 53.3386 84.2823 6.8
      vertex 53.7094 83.8594 3.4
      vertex 53.7094 83.8594 6.8
    endloop
  endfacet
  facet normal -0.659272 -0.751904 0
    outer loop
      vertex 53.7094 83.8594 3.4
      vertex 54.1323 83.4886 6.8
      vertex 53.7094 83.8594 6.8
    endloop
  endfacet
  facet normal -0.659272 -0.751904 -0
    outer loop
      vertex 54.1323 83.4886 6.8
      vertex 53.7094 83.8594 3.4
      vertex 54.1323 83.4886 3.4
    endloop
  endfacet
  facet normal 0.195056 0.980792 -0
    outer loop
      vertex 57.8629 91.0535 1.8
      vertex 57.3113 91.1632 6.8
      vertex 57.8629 91.0535 6.8
    endloop
  endfacet
  facet normal 0.195056 0.980792 0
    outer loop
      vertex 57.3113 91.1632 6.8
      vertex 57.8629 91.0535 1.8
      vertex 57.3113 91.1632 1.8
    endloop
  endfacet
  facet normal 0 0 1
    outer loop
      vertex 59.55 86.9 6.8
      vertex 61.05 86.9 6.8
      vertex 61.0132 87.4613 6.8
    endloop
  endfacet
  facet normal 0 0 1
    outer loop
      vertex 59.526 87.2655 6.8
      vertex 61.0132 87.4613 6.8
      vertex 60.9035 88.0129 6.8
    endloop
  endfacet
  facet normal 0 0 1
    outer loop
      vertex 61.05 86.9 6.8
      vertex 59.55 86.9 6.8
      vertex 61.0132 86.3387 6.8
    endloop
  endfacet
  facet normal 0 0 1
    outer loop
      vertex 59.4546 87.6247 6.8
      vertex 60.9035 88.0129 6.8
      vertex 60.7227 88.5455 6.8
    endloop
  endfacet
  facet normal -0 0 1
    outer loop
      vertex 59.526 86.5345 6.8
      vertex 61.0132 86.3387 6.8
      vertex 59.55 86.9 6.8
    endloop
  endfacet
  facet normal 0 0 1
    outer loop
      vertex 59.3369 87.9715 6.8
      vertex 60.7227 88.5455 6.8
      vertex 60.4739 89.05 6.8
    endloop
  endfacet
  facet normal 0 0 1
    outer loop
      vertex 61.0132 86.3387 6.8
      vertex 59.526 86.5345 6.8
      vertex 60.9035 85.7871 6.8
    endloop
  endfacet
  facet normal 0 0 1
    outer loop
      vertex 59.1749 88.3 6.8
      vertex 60.4739 89.05 6.8
      vertex 60.1614 89.5177 6.8
    endloop
  endfacet
  facet normal -0 0 1
    outer loop
      vertex 59.4546 86.1753 6.8
      vertex 60.9035 85.7871 6.8
      vertex 59.526 86.5345 6.8
    endloop
  endfacet
  facet normal 0 0 1
    outer loop
      vertex 58.9714 88.6045 6.8
      vertex 60.1614 89.5177 6.8
      vertex 59.7906 89.9406 6.8
    endloop
  endfacet
  facet normal 0 0 1
    outer loop
      vertex 60.9035 85.7871 6.8
      vertex 59.4546 86.1753 6.8
      vertex 60.7227 85.2545 6.8
    endloop
  endfacet
  facet normal -0 0 1
    outer loop
      vertex 59.3369 85.8285 6.8
      vertex 60.7227 85.2545 6.8
      vertex 59.4546 86.1753 6.8
    endloop
  endfacet
  facet normal 0 0 1
    outer loop
      vertex 61.0132 87.4613 6.8
      vertex 59.526 87.2655 6.8
      vertex 59.55 86.9 6.8
    endloop
  endfacet
  facet normal 0 0 1
    outer loop
      vertex 60.9035 88.0129 6.8
      vertex 59.4546 87.6247 6.8
      vertex 59.526 87.2655 6.8
    endloop
  endfacet
  facet normal 0 0 1
    outer loop
      vertex 58.7299 88.8799 6.8
      vertex 59.7906 89.9406 6.8
      vertex 59.3677 90.3114 6.8
    endloop
  endfacet
  facet normal 0 0 1
    outer loop
      vertex 60.7227 88.5455 6.8
      vertex 59.3369 87.9715 6.8
      vertex 59.4546 87.6247 6.8
    endloop
  endfacet
  facet normal 0 0 1
    outer loop
      vertex 60.4739 89.05 6.8
      vertex 59.1749 88.3 6.8
      vertex 59.3369 87.9715 6.8
    endloop
  endfacet
  facet normal 0 0 1
    outer loop
      vertex 60.1614 89.5177 6.8
      vertex 58.9714 88.6045 6.8
      vertex 59.1749 88.3 6.8
    endloop
  endfacet
  facet normal 0 0 1
    outer loop
      vertex 58.4545 89.1214 6.8
      vertex 59.3677 90.3114 6.8
      vertex 58.9 90.6239 6.8
    endloop
  endfacet
  facet normal 0 0 1
    outer loop
      vertex 59.7906 89.9406 6.8
      vertex 58.7299 88.8799 6.8
      vertex 58.9714 88.6045 6.8
    endloop
  endfacet
  facet normal 0 0 1
    outer loop
      vertex 59.3677 90.3114 6.8
      vertex 58.4545 89.1214 6.8
      vertex 58.7299 88.8799 6.8
    endloop
  endfacet
  facet normal 0 0 1
    outer loop
      vertex 58.15 89.3249 6.8
      vertex 58.9 90.6239 6.8
      vertex 58.3955 90.8727 6.8
    endloop
  endfacet
  facet normal 0 0 1
    outer loop
      vertex 58.9 90.6239 6.8
      vertex 58.15 89.3249 6.8
      vertex 58.4545 89.1214 6.8
    endloop
  endfacet
  facet normal 0 0 1
    outer loop
      vertex 57.8215 89.4869 6.8
      vertex 58.3955 90.8727 6.8
      vertex 57.8629 91.0535 6.8
    endloop
  endfacet
  facet normal 0 0 1
    outer loop
      vertex 58.3955 90.8727 6.8
      vertex 57.8215 89.4869 6.8
      vertex 58.15 89.3249 6.8
    endloop
  endfacet
  facet normal 0 0 1
    outer loop
      vertex 57.8629 91.0535 6.8
      vertex 57.4747 89.6046 6.8
      vertex 57.8215 89.4869 6.8
    endloop
  endfacet
  facet normal 0 0 1
    outer loop
      vertex 57.3113 91.1632 6.8
      vertex 57.4747 89.6046 6.8
      vertex 57.8629 91.0535 6.8
    endloop
  endfacet
  facet normal 0 0 1
    outer loop
      vertex 57.3113 91.1632 6.8
      vertex 57.1155 89.676 6.8
      vertex 57.4747 89.6046 6.8
    endloop
  endfacet
  facet normal 0 0 1
    outer loop
      vertex 56.75 91.2 6.8
      vertex 57.1155 89.676 6.8
      vertex 57.3113 91.1632 6.8
    endloop
  endfacet
  facet normal 0 0 1
    outer loop
      vertex 56.75 91.2 6.8
      vertex 56.75 89.7 6.8
      vertex 57.1155 89.676 6.8
    endloop
  endfacet
  facet normal 0 0 1
    outer loop
      vertex 56.75 91.2 6.8
      vertex 56.3845 89.676 6.8
      vertex 56.75 89.7 6.8
    endloop
  endfacet
  facet normal -0 0 1
    outer loop
      vertex 56.1887 91.1632 6.8
      vertex 56.3845 89.676 6.8
      vertex 56.75 91.2 6.8
    endloop
  endfacet
  facet normal 0 0 1
    outer loop
      vertex 56.1887 91.1632 6.8
      vertex 56.0253 89.6046 6.8
      vertex 56.3845 89.676 6.8
    endloop
  endfacet
  facet normal -0 0 1
    outer loop
      vertex 55.6371 91.0535 6.8
      vertex 56.0253 89.6046 6.8
      vertex 56.1887 91.1632 6.8
    endloop
  endfacet
  facet normal 0 0 1
    outer loop
      vertex 56.0253 89.6046 6.8
      vertex 55.6371 91.0535 6.8
      vertex 55.6785 89.4869 6.8
    endloop
  endfacet
  facet normal -0 0 1
    outer loop
      vertex 55.1045 90.8727 6.8
      vertex 55.6785 89.4869 6.8
      vertex 55.6371 91.0535 6.8
    endloop
  endfacet
  facet normal 0 0 1
    outer loop
      vertex 55.6785 89.4869 6.8
      vertex 55.1045 90.8727 6.8
      vertex 55.35 89.3249 6.8
    endloop
  endfacet
  facet normal -0 0 1
    outer loop
      vertex 54.6 90.6239 6.8
      vertex 55.35 89.3249 6.8
      vertex 55.1045 90.8727 6.8
    endloop
  endfacet
  facet normal 0 0 1
    outer loop
      vertex 55.35 89.3249 6.8
      vertex 54.6 90.6239 6.8
      vertex 55.0455 89.1214 6.8
    endloop
  endfacet
  facet normal -0 0 1
    outer loop
      vertex 54.1323 90.3114 6.8
      vertex 55.0455 89.1214 6.8
      vertex 54.6 90.6239 6.8
    endloop
  endfacet
  facet normal 0 0 1
    outer loop
      vertex 55.0455 89.1214 6.8
      vertex 54.1323 90.3114 6.8
      vertex 54.7701 88.8799 6.8
    endloop
  endfacet
  facet normal -0 0 1
    outer loop
      vertex 53.7094 89.9406 6.8
      vertex 54.7701 88.8799 6.8
      vertex 54.1323 90.3114 6.8
    endloop
  endfacet
  facet normal 0 0 1
    outer loop
      vertex 54.7701 88.8799 6.8
      vertex 53.7094 89.9406 6.8
      vertex 54.5286 88.6045 6.8
    endloop
  endfacet
  facet normal -0 0 1
    outer loop
      vertex 53.3386 89.5177 6.8
      vertex 54.5286 88.6045 6.8
      vertex 53.7094 89.9406 6.8
    endloop
  endfacet
  facet normal 0 0 1
    outer loop
      vertex 54.5286 88.6045 6.8
      vertex 53.3386 89.5177 6.8
      vertex 54.3251 88.3 6.8
    endloop
  endfacet
  facet normal -0 0 1
    outer loop
      vertex 53.0261 89.05 6.8
      vertex 54.3251 88.3 6.8
      vertex 53.3386 89.5177 6.8
    endloop
  endfacet
  facet normal 0 0 1
    outer loop
      vertex 54.3251 88.3 6.8
      vertex 53.0261 89.05 6.8
      vertex 54.1631 87.9715 6.8
    endloop
  endfacet
  facet normal -0 0 1
    outer loop
      vertex 52.7773 88.5455 6.8
      vertex 54.1631 87.9715 6.8
      vertex 53.0261 89.05 6.8
    endloop
  endfacet
  facet normal 0 0 1
    outer loop
      vertex 60.7227 85.2545 6.8
      vertex 59.3369 85.8285 6.8
      vertex 60.4739 84.75 6.8
    endloop
  endfacet
  facet normal -0 0 1
    outer loop
      vertex 59.1749 85.5 6.8
      vertex 60.4739 84.75 6.8
      vertex 59.3369 85.8285 6.8
    endloop
  endfacet
  facet normal 0 0 1
    outer loop
      vertex 60.4739 84.75 6.8
      vertex 59.1749 85.5 6.8
      vertex 60.1614 84.2823 6.8
    endloop
  endfacet
  facet normal -0 0 1
    outer loop
      vertex 58.9714 85.1955 6.8
      vertex 60.1614 84.2823 6.8
      vertex 59.1749 85.5 6.8
    endloop
  endfacet
  facet normal 0 0 1
    outer loop
      vertex 60.1614 84.2823 6.8
      vertex 58.9714 85.1955 6.8
      vertex 59.7906 83.8594 6.8
    endloop
  endfacet
  facet normal -0 0 1
    outer loop
      vertex 58.7299 84.9201 6.8
      vertex 59.7906 83.8594 6.8
      vertex 58.9714 85.1955 6.8
    endloop
  endfacet
  facet normal 0 0 1
    outer loop
      vertex 59.7906 83.8594 6.8
      vertex 58.7299 84.9201 6.8
      vertex 59.3677 83.4886 6.8
    endloop
  endfacet
  facet normal -0 0 1
    outer loop
      vertex 58.4545 84.6786 6.8
      vertex 59.3677 83.4886 6.8
      vertex 58.7299 84.9201 6.8
    endloop
  endfacet
  facet normal 0 0 1
    outer loop
      vertex 59.3677 83.4886 6.8
      vertex 58.4545 84.6786 6.8
      vertex 58.9 83.1761 6.8
    endloop
  endfacet
  facet normal -0 0 1
    outer loop
      vertex 58.15 84.4751 6.8
      vertex 58.9 83.1761 6.8
      vertex 58.4545 84.6786 6.8
    endloop
  endfacet
  facet normal 0 0 1
    outer loop
      vertex 58.9 83.1761 6.8
      vertex 58.15 84.4751 6.8
      vertex 58.3955 82.9273 6.8
    endloop
  endfacet
  facet normal -0 0 1
    outer loop
      vertex 57.8215 84.3131 6.8
      vertex 58.3955 82.9273 6.8
      vertex 58.15 84.4751 6.8
    endloop
  endfacet
  facet normal 0 0 1
    outer loop
      vertex 58.3955 82.9273 6.8
      vertex 57.8215 84.3131 6.8
      vertex 57.8629 82.7465 6.8
    endloop
  endfacet
  facet normal -0 0 1
    outer loop
      vertex 57.4747 84.1954 6.8
      vertex 57.8629 82.7465 6.8
      vertex 57.8215 84.3131 6.8
    endloop
  endfacet
  facet normal 0 0 1
    outer loop
      vertex 57.4747 84.1954 6.8
      vertex 57.3113 82.6368 6.8
      vertex 57.8629 82.7465 6.8
    endloop
  endfacet
  facet normal -0 0 1
    outer loop
      vertex 57.1155 84.124 6.8
      vertex 57.3113 82.6368 6.8
      vertex 57.4747 84.1954 6.8
    endloop
  endfacet
  facet normal -0 0 1
    outer loop
      vertex 56.75 84.1 6.8
      vertex 57.3113 82.6368 6.8
      vertex 57.1155 84.124 6.8
    endloop
  endfacet
  facet normal 0 0 1
    outer loop
      vertex 56.75 84.1 6.8
      vertex 56.75 82.6 6.8
      vertex 57.3113 82.6368 6.8
    endloop
  endfacet
  facet normal 0 0 1
    outer loop
      vertex 56.3845 84.124 6.8
      vertex 56.75 82.6 6.8
      vertex 56.75 84.1 6.8
    endloop
  endfacet
  facet normal 0 0 1
    outer loop
      vertex 56.3845 84.124 6.8
      vertex 56.1887 82.6368 6.8
      vertex 56.75 82.6 6.8
    endloop
  endfacet
  facet normal 0 0 1
    outer loop
      vertex 56.0253 84.1954 6.8
      vertex 56.1887 82.6368 6.8
      vertex 56.3845 84.124 6.8
    endloop
  endfacet
  facet normal 0 0 1
    outer loop
      vertex 55.6371 82.7465 6.8
      vertex 56.0253 84.1954 6.8
      vertex 55.6785 84.3131 6.8
    endloop
  endfacet
  facet normal 0 0 1
    outer loop
      vertex 56.0253 84.1954 6.8
      vertex 55.6371 82.7465 6.8
      vertex 56.1887 82.6368 6.8
    endloop
  endfacet
  facet normal 0 0 1
    outer loop
      vertex 55.1045 82.9273 6.8
      vertex 55.6785 84.3131 6.8
      vertex 55.35 84.4751 6.8
    endloop
  endfacet
  facet normal 0 0 1
    outer loop
      vertex 55.6785 84.3131 6.8
      vertex 55.1045 82.9273 6.8
      vertex 55.6371 82.7465 6.8
    endloop
  endfacet
  facet normal 0 0 1
    outer loop
      vertex 54.6 83.1761 6.8
      vertex 55.35 84.4751 6.8
      vertex 55.0455 84.6786 6.8
    endloop
  endfacet
  facet normal 0 0 1
    outer loop
      vertex 54.1323 83.4886 6.8
      vertex 55.0455 84.6786 6.8
      vertex 54.7701 84.9201 6.8
    endloop
  endfacet
  facet normal 0 0 1
    outer loop
      vertex 55.35 84.4751 6.8
      vertex 54.6 83.1761 6.8
      vertex 55.1045 82.9273 6.8
    endloop
  endfacet
  facet normal 0 0 1
    outer loop
      vertex 53.7094 83.8594 6.8
      vertex 54.7701 84.9201 6.8
      vertex 54.5286 85.1955 6.8
    endloop
  endfacet
  facet normal 0 0 1
    outer loop
      vertex 53.3386 84.2823 6.8
      vertex 54.5286 85.1955 6.8
      vertex 54.3251 85.5 6.8
    endloop
  endfacet
  facet normal 0 0 1
    outer loop
      vertex 53.0261 84.75 6.8
      vertex 54.3251 85.5 6.8
      vertex 54.1631 85.8285 6.8
    endloop
  endfacet
  facet normal 0 0 1
    outer loop
      vertex 55.0455 84.6786 6.8
      vertex 54.1323 83.4886 6.8
      vertex 54.6 83.1761 6.8
    endloop
  endfacet
  facet normal 0 0 1
    outer loop
      vertex 52.7773 85.2545 6.8
      vertex 54.1631 85.8285 6.8
      vertex 54.0454 86.1753 6.8
    endloop
  endfacet
  facet normal 0 0 1
    outer loop
      vertex 52.5965 85.7871 6.8
      vertex 54.0454 86.1753 6.8
      vertex 53.974 86.5345 6.8
    endloop
  endfacet
  facet normal 0 0 1
    outer loop
      vertex 52.4868 86.3387 6.8
      vertex 53.974 86.5345 6.8
      vertex 53.95 86.9 6.8
    endloop
  endfacet
  facet normal 0 0 1
    outer loop
      vertex 54.1631 87.9715 6.8
      vertex 52.7773 88.5455 6.8
      vertex 54.0454 87.6247 6.8
    endloop
  endfacet
  facet normal 0 0 1
    outer loop
      vertex 54.7701 84.9201 6.8
      vertex 53.7094 83.8594 6.8
      vertex 54.1323 83.4886 6.8
    endloop
  endfacet
  facet normal -0 0 1
    outer loop
      vertex 52.5965 88.0129 6.8
      vertex 54.0454 87.6247 6.8
      vertex 52.7773 88.5455 6.8
    endloop
  endfacet
  facet normal 0 0 1
    outer loop
      vertex 54.5286 85.1955 6.8
      vertex 53.3386 84.2823 6.8
      vertex 53.7094 83.8594 6.8
    endloop
  endfacet
  facet normal 0 0 1
    outer loop
      vertex 54.0454 87.6247 6.8
      vertex 52.5965 88.0129 6.8
      vertex 53.974 87.2655 6.8
    endloop
  endfacet
  facet normal 0 0 1
    outer loop
      vertex 54.3251 85.5 6.8
      vertex 53.0261 84.75 6.8
      vertex 53.3386 84.2823 6.8
    endloop
  endfacet
  facet normal -0 0 1
    outer loop
      vertex 52.4868 87.4613 6.8
      vertex 53.974 87.2655 6.8
      vertex 52.5965 88.0129 6.8
    endloop
  endfacet
  facet normal 0 0 1
    outer loop
      vertex 54.1631 85.8285 6.8
      vertex 52.7773 85.2545 6.8
      vertex 53.0261 84.75 6.8
    endloop
  endfacet
  facet normal 0 0 1
    outer loop
      vertex 53.974 87.2655 6.8
      vertex 52.4868 87.4613 6.8
      vertex 53.95 86.9 6.8
    endloop
  endfacet
  facet normal 0 0 1
    outer loop
      vertex 54.0454 86.1753 6.8
      vertex 52.5965 85.7871 6.8
      vertex 52.7773 85.2545 6.8
    endloop
  endfacet
  facet normal 0 0 1
    outer loop
      vertex 52.45 86.9 6.8
      vertex 53.95 86.9 6.8
      vertex 52.4868 87.4613 6.8
    endloop
  endfacet
  facet normal 0 0 1
    outer loop
      vertex 53.974 86.5345 6.8
      vertex 52.4868 86.3387 6.8
      vertex 52.5965 85.7871 6.8
    endloop
  endfacet
  facet normal 0 0 1
    outer loop
      vertex 53.95 86.9 6.8
      vertex 52.45 86.9 6.8
      vertex 52.4868 86.3387 6.8
    endloop
  endfacet
  facet normal -0.980792 0.195056 0
    outer loop
      vertex 52.4868 87.4613 3.4
      vertex 52.5965 88.0129 6.8
      vertex 52.5965 88.0129 3.4
    endloop
  endfacet
  facet normal -0.980792 0.195056 0
    outer loop
      vertex 52.5965 88.0129 6.8
      vertex 52.4868 87.4613 3.4
      vertex 52.4868 87.4613 6.8
    endloop
  endfacet
  facet normal -0.896867 0.4423 0
    outer loop
      vertex 52.7773 88.5455 3.4
      vertex 53.0261 89.05 6.8
      vertex 53.0261 89.05 3.4
    endloop
  endfacet
  facet normal -0.896867 0.4423 0
    outer loop
      vertex 53.0261 89.05 6.8
      vertex 52.7773 88.5455 3.4
      vertex 52.7773 88.5455 6.8
    endloop
  endfacet
  facet normal -0.32145 0.946927 0
    outer loop
      vertex 55.6371 91.0535 1.8
      vertex 55.1045 90.8727 6.8
      vertex 55.6371 91.0535 6.8
    endloop
  endfacet
  facet normal -0.32145 0.946927 0
    outer loop
      vertex 55.1045 90.8727 6.8
      vertex 55.6371 91.0535 1.8
      vertex 55.1045 90.8727 1.8
    endloop
  endfacet
  facet normal 0.4423 -0.896867 0
    outer loop
      vertex 58.3955 82.9273 3.4
      vertex 58.9 83.1761 6.8
      vertex 58.3955 82.9273 6.8
    endloop
  endfacet
  facet normal 0.4423 -0.896867 0
    outer loop
      vertex 58.9 83.1761 6.8
      vertex 58.3955 82.9273 3.4
      vertex 58.9 83.1761 3.4
    endloop
  endfacet
  facet normal -1 0 0
    outer loop
      vertex 2.45 33.4 1.6
      vertex 2.45 43.4 7.8
      vertex 2.45 43.4 1.6
    endloop
  endfacet
  facet normal -1 -0 0
    outer loop
      vertex 2.45 43.4 7.8
      vertex 2.45 33.4 1.6
      vertex 2.45 33.4 7.8
    endloop
  endfacet
  facet normal -0 0 1
    outer loop
      vertex 2.45 43.4 7.8
      vertex 3.95 33.4 7.8
      vertex 3.95 43.4 7.8
    endloop
  endfacet
  facet normal 0 0 1
    outer loop
      vertex 3.95 33.4 7.8
      vertex 2.45 43.4 7.8
      vertex 2.45 33.4 7.8
    endloop
  endfacet
  facet normal 1 -0 0
    outer loop
      vertex 3.95 33.4 7.8
      vertex 3.95 43.4 1.8
      vertex 3.95 43.4 7.8
    endloop
  endfacet
  facet normal 1 0 0
    outer loop
      vertex 3.95 43.4 1.8
      vertex 3.95 33.4 7.8
      vertex 3.95 33.4 1.8
    endloop
  endfacet
  facet normal 0 1 -0
    outer loop
      vertex 3.95 43.4 1.8
      vertex 2.45 43.4 7.8
      vertex 3.95 43.4 7.8
    endloop
  endfacet
  facet normal 0 1 0
    outer loop
      vertex 2.45 43.4 1.8
      vertex 2.45 43.4 7.8
      vertex 3.95 43.4 1.8
    endloop
  endfacet
  facet normal 0 -0 0
    outer loop
      vertex 2.45 43.4 1.8
      vertex 2.45 43.4 1.6
      vertex 2.45 43.4 7.8
    endloop
  endfacet
  facet normal 0 -1 0
    outer loop
      vertex 2.45 33.4 7.8
      vertex 2.45 33.4 1.8
      vertex 3.95 33.4 7.8
    endloop
  endfacet
  facet normal 0 0 0
    outer loop
      vertex 2.45 33.4 1.6
      vertex 2.45 33.4 1.8
      vertex 2.45 33.4 7.8
    endloop
  endfacet
  facet normal 0 -1 -0
    outer loop
      vertex 3.95 33.4 7.8
      vertex 2.45 33.4 1.8
      vertex 3.95 33.4 1.8
    endloop
  endfacet
  facet normal -1 0 0
    outer loop
      vertex 2.45 92.4 1.6
      vertex 2.45 102.4 7.8
      vertex 2.45 102.4 1.6
    endloop
  endfacet
  facet normal -1 -0 0
    outer loop
      vertex 2.45 102.4 7.8
      vertex 2.45 92.4 1.6
      vertex 2.45 92.4 7.8
    endloop
  endfacet
  facet normal -0 0 1
    outer loop
      vertex 2.45 102.4 7.8
      vertex 3.95 92.4 7.8
      vertex 3.95 102.4 7.8
    endloop
  endfacet
  facet normal 0 0 1
    outer loop
      vertex 3.95 92.4 7.8
      vertex 2.45 102.4 7.8
      vertex 2.45 92.4 7.8
    endloop
  endfacet
  facet normal 1 -0 0
    outer loop
      vertex 3.95 92.4 7.8
      vertex 3.95 102.4 1.8
      vertex 3.95 102.4 7.8
    endloop
  endfacet
  facet normal 1 0 0
    outer loop
      vertex 3.95 102.4 1.8
      vertex 3.95 92.4 7.8
      vertex 3.95 92.4 1.8
    endloop
  endfacet
  facet normal 0 -1 0
    outer loop
      vertex 2.45 92.4 7.8
      vertex 2.45 92.4 1.8
      vertex 3.95 92.4 7.8
    endloop
  endfacet
  facet normal 0 0 0
    outer loop
      vertex 2.45 92.4 1.6
      vertex 2.45 92.4 1.8
      vertex 2.45 92.4 7.8
    endloop
  endfacet
  facet normal 0 -1 -0
    outer loop
      vertex 3.95 92.4 7.8
      vertex 2.45 92.4 1.8
      vertex 3.95 92.4 1.8
    endloop
  endfacet
  facet normal 0 1 -0
    outer loop
      vertex 3.95 102.4 1.8
      vertex 2.45 102.4 7.8
      vertex 3.95 102.4 7.8
    endloop
  endfacet
  facet normal 0 1 0
    outer loop
      vertex 2.45 102.4 1.8
      vertex 2.45 102.4 7.8
      vertex 3.95 102.4 1.8
    endloop
  endfacet
  facet normal 0 -0 0
    outer loop
      vertex 2.45 102.4 1.8
      vertex 2.45 102.4 1.6
      vertex 2.45 102.4 7.8
    endloop
  endfacet
  facet normal -1 0 0
    outer loop
      vertex 60.55 33.4 1.8
      vertex 60.55 43.4 7.8
      vertex 60.55 43.4 1.8
    endloop
  endfacet
  facet normal -1 -0 0
    outer loop
      vertex 60.55 43.4 7.8
      vertex 60.55 33.4 1.8
      vertex 60.55 33.4 7.8
    endloop
  endfacet
  facet normal -0 0 1
    outer loop
      vertex 60.55 43.4 7.8
      vertex 62.05 33.4 7.8
      vertex 62.05 43.4 7.8
    endloop
  endfacet
  facet normal 0 0 1
    outer loop
      vertex 62.05 33.4 7.8
      vertex 60.55 43.4 7.8
      vertex 60.55 33.4 7.8
    endloop
  endfacet
  facet normal 1 -0 0
    outer loop
      vertex 62.05 33.4 7.8
      vertex 62.05 43.4 1.8
      vertex 62.05 43.4 7.8
    endloop
  endfacet
  facet normal 1 0 0
    outer loop
      vertex 62.05 43.4 1.8
      vertex 62.05 33.4 7.8
      vertex 62.05 33.4 1.8
    endloop
  endfacet
  facet normal 0 -1 0
    outer loop
      vertex 60.55 33.4 1.8
      vertex 62.05 33.4 7.8
      vertex 60.55 33.4 7.8
    endloop
  endfacet
  facet normal 0 -1 -0
    outer loop
      vertex 62.05 33.4 7.8
      vertex 60.55 33.4 1.8
      vertex 62.05 33.4 1.8
    endloop
  endfacet
  facet normal 0 1 -0
    outer loop
      vertex 62.05 43.4 1.8
      vertex 60.55 43.4 7.8
      vertex 62.05 43.4 7.8
    endloop
  endfacet
  facet normal 0 1 0
    outer loop
      vertex 60.55 43.4 7.8
      vertex 62.05 43.4 1.8
      vertex 60.55 43.4 1.8
    endloop
  endfacet
  facet normal -1 0 0
    outer loop
      vertex 60.55 92.4 1.8
      vertex 60.55 102.4 7.8
      vertex 60.55 102.4 1.8
    endloop
  endfacet
  facet normal -1 -0 0
    outer loop
      vertex 60.55 102.4 7.8
      vertex 60.55 92.4 1.8
      vertex 60.55 92.4 7.8
    endloop
  endfacet
  facet normal -0 0 1
    outer loop
      vertex 60.55 102.4 7.8
      vertex 62.05 92.4 7.8
      vertex 62.05 102.4 7.8
    endloop
  endfacet
  facet normal 0 0 1
    outer loop
      vertex 62.05 92.4 7.8
      vertex 60.55 102.4 7.8
      vertex 60.55 92.4 7.8
    endloop
  endfacet
  facet normal 1 -0 0
    outer loop
      vertex 62.05 92.4 7.8
      vertex 62.05 102.4 1.8
      vertex 62.05 102.4 7.8
    endloop
  endfacet
  facet normal 1 0 0
    outer loop
      vertex 62.05 102.4 1.8
      vertex 62.05 92.4 7.8
      vertex 62.05 92.4 1.8
    endloop
  endfacet
  facet normal 0 -1 0
    outer loop
      vertex 60.55 92.4 1.8
      vertex 62.05 92.4 7.8
      vertex 60.55 92.4 7.8
    endloop
  endfacet
  facet normal 0 -1 -0
    outer loop
      vertex 62.05 92.4 7.8
      vertex 60.55 92.4 1.8
      vertex 62.05 92.4 1.8
    endloop
  endfacet
  facet normal 0 1 -0
    outer loop
      vertex 62.05 102.4 1.8
      vertex 60.55 102.4 7.8
      vertex 62.05 102.4 7.8
    endloop
  endfacet
  facet normal 0 1 0
    outer loop
      vertex 60.55 102.4 7.8
      vertex 62.05 102.4 1.8
      vertex 60.55 102.4 1.8
    endloop
  endfacet
  facet normal -1 0 0
    outer loop
      vertex 5.25 110.7 1.8
      vertex 5.25 112.2 7.8
      vertex 5.25 112.2 1.8
    endloop
  endfacet
  facet normal -1 -0 0
    outer loop
      vertex 5.25 112.2 7.8
      vertex 5.25 110.7 1.8
      vertex 5.25 110.7 7.8
    endloop
  endfacet
  facet normal -0 0 1
    outer loop
      vertex 5.25 112.2 7.8
      vertex 10.25 110.7 7.8
      vertex 10.25 112.2 7.8
    endloop
  endfacet
  facet normal 0 0 1
    outer loop
      vertex 10.25 110.7 7.8
      vertex 5.25 112.2 7.8
      vertex 5.25 110.7 7.8
    endloop
  endfacet
  facet normal 1 -0 0
    outer loop
      vertex 10.25 110.7 7.8
      vertex 10.25 112.2 1.8
      vertex 10.25 112.2 7.8
    endloop
  endfacet
  facet normal 1 0 0
    outer loop
      vertex 10.25 112.2 1.8
      vertex 10.25 110.7 7.8
      vertex 10.25 110.7 1.8
    endloop
  endfacet
  facet normal 0 1 -0
    outer loop
      vertex 10.25 112.2 1.8
      vertex 5.25 112.2 7.8
      vertex 10.25 112.2 7.8
    endloop
  endfacet
  facet normal 0 1 0
    outer loop
      vertex 5.25 112.2 7.8
      vertex 10.25 112.2 1.8
      vertex 5.25 112.2 1.8
    endloop
  endfacet
  facet normal 0 -1 0
    outer loop
      vertex 5.25 110.7 1.8
      vertex 10.25 110.7 7.8
      vertex 5.25 110.7 7.8
    endloop
  endfacet
  facet normal 0 -1 -0
    outer loop
      vertex 10.25 110.7 7.8
      vertex 5.25 110.7 1.8
      vertex 10.25 110.7 1.8
    endloop
  endfacet
  facet normal -1 0 0
    outer loop
      vertex 54.25 110.7 1.8
      vertex 54.25 112.2 7.8
      vertex 54.25 112.2 1.8
    endloop
  endfacet
  facet normal -1 -0 0
    outer loop
      vertex 54.25 112.2 7.8
      vertex 54.25 110.7 1.8
      vertex 54.25 110.7 7.8
    endloop
  endfacet
  facet normal -0 0 1
    outer loop
      vertex 54.25 112.2 7.8
      vertex 59.25 110.7 7.8
      vertex 59.25 112.2 7.8
    endloop
  endfacet
  facet normal 0 0 1
    outer loop
      vertex 59.25 110.7 7.8
      vertex 54.25 112.2 7.8
      vertex 54.25 110.7 7.8
    endloop
  endfacet
  facet normal 1 -0 0
    outer loop
      vertex 59.25 110.7 7.8
      vertex 59.25 112.2 1.8
      vertex 59.25 112.2 7.8
    endloop
  endfacet
  facet normal 1 0 0
    outer loop
      vertex 59.25 112.2 1.8
      vertex 59.25 110.7 7.8
      vertex 59.25 110.7 1.8
    endloop
  endfacet
  facet normal 0 -1 0
    outer loop
      vertex 54.25 110.7 1.8
      vertex 59.25 110.7 7.8
      vertex 54.25 110.7 7.8
    endloop
  endfacet
  facet normal 0 -1 -0
    outer loop
      vertex 59.25 110.7 7.8
      vertex 54.25 110.7 1.8
      vertex 59.25 110.7 1.8
    endloop
  endfacet
  facet normal 0 1 -0
    outer loop
      vertex 59.25 112.2 1.8
      vertex 54.25 112.2 7.8
      vertex 59.25 112.2 7.8
    endloop
  endfacet
  facet normal 0 1 0
    outer loop
      vertex 54.25 112.2 7.8
      vertex 59.25 112.2 1.8
      vertex 54.25 112.2 1.8
    endloop
  endfacet
  facet normal 5.66418e-15 -0.707107 0.707107
    outer loop
      vertex 1.65 13.1619 14.3619
      vertex 1.65 5.4 6.6
      vertex 1.84999 12.4 13.6
    endloop
  endfacet
  facet normal 0 -0.707107 0.707107
    outer loop
      vertex 1.84999 12.4 13.6
      vertex 2.65 15.8 17
      vertex 1.84999 15.8 17
    endloop
  endfacet
  facet normal 0 -0.707107 0.707107
    outer loop
      vertex 2.65 5.4 6.6
      vertex 1.84999 12.4 13.6
      vertex 1.65 5.4 6.6
    endloop
  endfacet
  facet normal 0 -0.707107 0.707107
    outer loop
      vertex 1.84999 12.4 13.6
      vertex 2.65 5.4 6.6
      vertex 2.65 15.8 17
    endloop
  endfacet
  facet normal -0 0 1
    outer loop
      vertex 1.65 19.6381 17
      vertex 2.65 15.8 17
      vertex 2.65 20.4 17
    endloop
  endfacet
  facet normal 0 0 1
    outer loop
      vertex 1.65 19.6381 17
      vertex 2.65 20.4 17
      vertex 1.65 20.4 17
    endloop
  endfacet
  facet normal 0 0 1
    outer loop
      vertex 2.65 15.8 17
      vertex 1.65 19.6381 17
      vertex 1.84999 15.8 17
    endloop
  endfacet
  facet normal -0 0 1
    outer loop
      vertex 0.800003 16.4 17
      vertex 1.84999 15.8 17
      vertex 1.65 19.6381 17
    endloop
  endfacet
  facet normal 0 0 1
    outer loop
      vertex 1.84999 15.8 17
      vertex 0.800003 16.4 17
      vertex 1.84999 12.4 17
    endloop
  endfacet
  facet normal -1 0 0
    outer loop
      vertex 1.65 2.4 0.4
      vertex 1.65 5.4 1.8
      vertex 1.65 5.4 0.4
    endloop
  endfacet
  facet normal -1 -0 0
    outer loop
      vertex 1.65 5.4 1.8
      vertex 1.65 2.4 0.4
      vertex 1.65 5.4 6.6
    endloop
  endfacet
  facet normal -1 0 0
    outer loop
      vertex 1.65 2.4 29.6
      vertex 1.65 5.4 6.6
      vertex 1.65 2.4 0.4
    endloop
  endfacet
  facet normal -1 0 0
    outer loop
      vertex 1.65 5.4 6.6
      vertex 1.65 2.4 29.6
      vertex 1.65 5.4 29.6
    endloop
  endfacet
  facet normal -1 0 0
    outer loop
      vertex 1.65 5.4 1.8
      vertex 1.65 13.1619 13
      vertex 1.65 16.6 13
    endloop
  endfacet
  facet normal -1 0 0
    outer loop
      vertex 1.65 5.4 6.6
      vertex 1.65 13.1619 13
      vertex 1.65 5.4 1.8
    endloop
  endfacet
  facet normal -1 -0 0
    outer loop
      vertex 1.65 13.1619 13
      vertex 1.65 5.4 6.6
      vertex 1.65 13.1619 14.3619
    endloop
  endfacet
  facet normal -1 0 0
    outer loop
      vertex 1.65 19.6381 13
      vertex 1.65 20.4 17
      vertex 1.65 20.4 13
    endloop
  endfacet
  facet normal -1 -0 0
    outer loop
      vertex 1.65 20.4 17
      vertex 1.65 19.6381 13
      vertex 1.65 19.6381 17
    endloop
  endfacet
  facet normal 0 0.707107 -0.707107
    outer loop
      vertex 2.45 5.4 1.8
      vertex 2.65 16.6 13
      vertex 2.65 5.4 1.8
    endloop
  endfacet
  facet normal 0 0.707107 -0.707107
    outer loop
      vertex 2.65 16.6 13
      vertex 2.45 5.4 1.8
      vertex 1.65 16.6 13
    endloop
  endfacet
  facet normal 0 0.707107 -0.707107
    outer loop
      vertex 1.65 16.6 13
      vertex 2.45 5.4 1.8
      vertex 1.65 5.4 1.8
    endloop
  endfacet
  facet normal 1 0 0
    outer loop
      vertex 2.65 20.4 17
      vertex 2.65 16.6 13
      vertex 2.65 20.4 13
    endloop
  endfacet
  facet normal 1 -0 0
    outer loop
      vertex 2.65 15.8 17
      vertex 2.65 16.6 13
      vertex 2.65 20.4 17
    endloop
  endfacet
  facet normal 1 0 0
    outer loop
      vertex 2.65 5.4 6.6
      vertex 2.65 16.6 13
      vertex 2.65 15.8 17
    endloop
  endfacet
  facet normal 1 0 0
    outer loop
      vertex 2.65 16.6 13
      vertex 2.65 5.4 6.6
      vertex 2.65 5.4 1.8
    endloop
  endfacet
  facet normal 0 0 -1
    outer loop
      vertex 1.65 19.6381 13
      vertex 2.65 16.6 13
      vertex 1.65 16.6 13
    endloop
  endfacet
  facet normal 0 0 -1
    outer loop
      vertex 2.65 16.6 13
      vertex 1.65 19.6381 13
      vertex 2.65 20.4 13
    endloop
  endfacet
  facet normal -0 0 -1
    outer loop
      vertex 2.65 20.4 13
      vertex 1.65 19.6381 13
      vertex 1.65 20.4 13
    endloop
  endfacet
  facet normal 0 0 -1
    outer loop
      vertex 0.800003 16.4 13
      vertex 1.65 16.6 13
      vertex 1.65 13.1619 13
    endloop
  endfacet
  facet normal -0 0 -1
    outer loop
      vertex 1.65 16.6 13
      vertex 0.800003 16.4 13
      vertex 1.65 19.6381 13
    endloop
  endfacet
  facet normal 0 1 -0
    outer loop
      vertex 2.65 20.4 13
      vertex 1.65 20.4 17
      vertex 2.65 20.4 17
    endloop
  endfacet
  facet normal 0 1 0
    outer loop
      vertex 1.65 20.4 17
      vertex 2.65 20.4 13
      vertex 1.65 20.4 13
    endloop
  endfacet
  facet normal 0 -0.707107 0.707107
    outer loop
      vertex 61.85 15.8 17
      vertex 62.65 12.4 13.6
      vertex 62.65 15.8 17
    endloop
  endfacet
  facet normal 0 -0.707107 0.707107
    outer loop
      vertex 62.65 12.4 13.6
      vertex 61.85 15.8 17
      vertex 61.85 5.4 6.6
    endloop
  endfacet
  facet normal 0 -0.707107 0.707107
    outer loop
      vertex 62.85 5.4 6.6
      vertex 62.65 12.4 13.6
      vertex 61.85 5.4 6.6
    endloop
  endfacet
  facet normal -5.6639e-15 -0.707107 0.707107
    outer loop
      vertex 62.65 12.4 13.6
      vertex 62.85 5.4 6.6
      vertex 62.85 13.1619 14.3619
    endloop
  endfacet
  facet normal -0 0 1
    outer loop
      vertex 61.85 20.4 17
      vertex 62.85 19.6381 17
      vertex 62.85 20.4 17
    endloop
  endfacet
  facet normal 0 0 1
    outer loop
      vertex 61.85 15.8 17
      vertex 62.85 19.6381 17
      vertex 61.85 20.4 17
    endloop
  endfacet
  facet normal 0 0 1
    outer loop
      vertex 62.85 19.6381 17
      vertex 61.85 15.8 17
      vertex 62.65 15.8 17
    endloop
  endfacet
  facet normal 0 0 1
    outer loop
      vertex 62.65 15.8 17
      vertex 63.7 16.4 17
      vertex 62.85 19.6381 17
    endloop
  endfacet
  facet normal 0 0 1
    outer loop
      vertex 63.7 16.4 17
      vertex 62.65 15.8 17
      vertex 62.65 12.4 17
    endloop
  endfacet
  facet normal -1 0 0
    outer loop
      vertex 61.85 16.6 13
      vertex 61.85 20.4 17
      vertex 61.85 20.4 13
    endloop
  endfacet
  facet normal -1 0 0
    outer loop
      vertex 61.85 16.6 13
      vertex 61.85 15.8 17
      vertex 61.85 20.4 17
    endloop
  endfacet
  facet normal -1 0 0
    outer loop
      vertex 61.85 5.4 6.6
      vertex 61.85 16.6 13
      vertex 61.85 5.4 1.8
    endloop
  endfacet
  facet normal -1 -0 0
    outer loop
      vertex 61.85 16.6 13
      vertex 61.85 5.4 6.6
      vertex 61.85 15.8 17
    endloop
  endfacet
  facet normal 0 0.707107 -0.707107
    outer loop
      vertex 62.05 5.4 1.8
      vertex 62.85 16.6 13
      vertex 62.85 5.4 1.8
    endloop
  endfacet
  facet normal 0 0.707107 -0.707107
    outer loop
      vertex 62.85 16.6 13
      vertex 62.05 5.4 1.8
      vertex 61.85 16.6 13
    endloop
  endfacet
  facet normal 0 0.707107 -0.707107
    outer loop
      vertex 61.85 16.6 13
      vertex 62.05 5.4 1.8
      vertex 61.85 5.4 1.8
    endloop
  endfacet
  facet normal 1 0 0
    outer loop
      vertex 62.85 13.1619 14.3619
      vertex 62.85 5.4 6.6
      vertex 62.85 13.1619 13
    endloop
  endfacet
  facet normal 1 0 0
    outer loop
      vertex 62.85 5.4 1.8
      vertex 62.85 13.1619 13
      vertex 62.85 5.4 6.6
    endloop
  endfacet
  facet normal 1 -0 0
    outer loop
      vertex 62.85 13.1619 13
      vertex 62.85 5.4 1.8
      vertex 62.85 16.6 13
    endloop
  endfacet
  facet normal 1 -0 0
    outer loop
      vertex 62.85 2.4 29.6
      vertex 62.85 5.4 6.6
      vertex 62.85 5.4 29.6
    endloop
  endfacet
  facet normal 1 0 0
    outer loop
      vertex 62.85 2.4 0.4
      vertex 62.85 5.4 6.6
      vertex 62.85 2.4 29.6
    endloop
  endfacet
  facet normal 1 0 0
    outer loop
      vertex 62.85 5.4 6.6
      vertex 62.85 2.4 0.4
      vertex 62.85 5.4 1.8
    endloop
  endfacet
  facet normal 1 0 0
    outer loop
      vertex 62.85 5.4 1.8
      vertex 62.85 2.4 0.4
      vertex 62.85 5.4 0.4
    endloop
  endfacet
  facet normal 1 -0 0
    outer loop
      vertex 62.85 19.6381 17
      vertex 62.85 20.4 13
      vertex 62.85 20.4 17
    endloop
  endfacet
  facet normal 1 0 0
    outer loop
      vertex 62.85 20.4 13
      vertex 62.85 19.6381 17
      vertex 62.85 19.6381 13
    endloop
  endfacet
  facet normal 0 0 -1
    outer loop
      vertex 62.85 16.6 13
      vertex 63.7 16.4 13
      vertex 62.85 13.1619 13
    endloop
  endfacet
  facet normal 0 0 -1
    outer loop
      vertex 62.85 16.6 13
      vertex 62.85 19.6381 13
      vertex 63.7 16.4 13
    endloop
  endfacet
  facet normal 0 0 -1
    outer loop
      vertex 61.85 16.6 13
      vertex 62.85 19.6381 13
      vertex 62.85 16.6 13
    endloop
  endfacet
  facet normal 0 0 -1
    outer loop
      vertex 61.85 20.4 13
      vertex 62.85 19.6381 13
      vertex 61.85 16.6 13
    endloop
  endfacet
  facet normal 0 0 -1
    outer loop
      vertex 62.85 19.6381 13
      vertex 61.85 20.4 13
      vertex 62.85 20.4 13
    endloop
  endfacet
  facet normal 0 1 -0
    outer loop
      vertex 62.85 20.4 13
      vertex 61.85 20.4 17
      vertex 62.85 20.4 17
    endloop
  endfacet
  facet normal 0 1 0
    outer loop
      vertex 61.85 20.4 17
      vertex 62.85 20.4 13
      vertex 61.85 20.4 13
    endloop
  endfacet
  facet normal -0.967231 0.253897 0
    outer loop
      vertex 0.800003 16.4 13
      vertex 1.65 19.6381 17
      vertex 1.65 19.6381 13
    endloop
  endfacet
  facet normal -0.967231 0.253897 0
    outer loop
      vertex 1.65 19.6381 17
      vertex 0.800003 16.4 13
      vertex 0.800003 16.4 17
    endloop
  endfacet
  facet normal -0.967231 -0.253897 -0
    outer loop
      vertex 1.65 13.1619 14.3619
      vertex 0.800003 16.4 13
      vertex 1.65 13.1619 13
    endloop
  endfacet
  facet normal -0.967231 -0.253897 0
    outer loop
      vertex 0.800003 16.4 13
      vertex 1.65 13.1619 14.3619
      vertex 0.800003 16.4 17
    endloop
  endfacet
  facet normal -0.967232 -0.253895 -2.30023e-06
    outer loop
      vertex 1.65 13.1619 14.3619
      vertex 1.84999 12.4 17
      vertex 0.800003 16.4 17
    endloop
  endfacet
  facet normal -0.967234 -0.253888 -0
    outer loop
      vertex 1.84999 12.4 17
      vertex 1.65 13.1619 14.3619
      vertex 1.84999 12.4 13.6
    endloop
  endfacet
  facet normal 1 0 0
    outer loop
      vertex 1.84999 15.8 17
      vertex 1.84999 12.4 17
      vertex 1.84999 12.4 13.6
    endloop
  endfacet
  facet normal 0.967231 0.253898 0
    outer loop
      vertex 63.7 16.4 17
      vertex 62.85 19.6381 13
      vertex 62.85 19.6381 17
    endloop
  endfacet
  facet normal 0.967231 0.253898 0
    outer loop
      vertex 62.85 19.6381 13
      vertex 63.7 16.4 17
      vertex 63.7 16.4 13
    endloop
  endfacet
  facet normal -1 0 0
    outer loop
      vertex 62.65 12.4 17
      vertex 62.65 15.8 17
      vertex 62.65 12.4 13.6
    endloop
  endfacet
  facet normal 0.967231 -0.253898 0
    outer loop
      vertex 63.7 16.4 17
      vertex 62.85 13.1619 14.3619
      vertex 63.7 16.4 13
    endloop
  endfacet
  facet normal 0.967231 -0.253898 4.58299e-07
    outer loop
      vertex 62.65 12.4 17
      vertex 62.85 13.1619 14.3619
      vertex 63.7 16.4 17
    endloop
  endfacet
  facet normal 0.967231 -0.2539 0
    outer loop
      vertex 62.85 13.1619 14.3619
      vertex 62.65 12.4 17
      vertex 62.65 12.4 13.6
    endloop
  endfacet
  facet normal 0.967231 -0.253898 0
    outer loop
      vertex 63.7 16.4 13
      vertex 62.85 13.1619 14.3619
      vertex 62.85 13.1619 13
    endloop
  endfacet
  facet normal 0.707107 0 -0.707107
    outer loop
      vertex 63.3 3.8147e-07 0
      vertex 64.5 2.4 1.2
      vertex 64.5 3.8147e-07 1.2
    endloop
  endfacet
  facet normal 0.707107 0 -0.707107
    outer loop
      vertex 64.5 2.4 1.2
      vertex 63.3 3.8147e-07 0
      vertex 63.3 2.4 0
    endloop
  endfacet
  facet normal -1 0 0
    outer loop
      vertex 0 3.8147e-07 1.2
      vertex 0 2.4 28.8
      vertex 0 2.4 1.2
    endloop
  endfacet
  facet normal -1 -0 0
    outer loop
      vertex 0 2.4 28.8
      vertex 0 3.8147e-07 1.2
      vertex 0 3.8147e-07 28.8
    endloop
  endfacet
  facet normal -0 0 1
    outer loop
      vertex 59 2.4 30
      vertex 63.3 3.8147e-07 30
      vertex 63.3 2.4 30
    endloop
  endfacet
  facet normal 0 0 1
    outer loop
      vertex 63.3 3.8147e-07 30
      vertex 59 2.4 30
      vertex 59 3.8147e-07 30
    endloop
  endfacet
  facet normal -0 0 1
    outer loop
      vertex 1.2 2.4 30
      vertex 5.5 3.8147e-07 30
      vertex 5.5 2.4 30
    endloop
  endfacet
  facet normal 0 0 1
    outer loop
      vertex 5.5 3.8147e-07 30
      vertex 1.2 2.4 30
      vertex 1.2 3.8147e-07 30
    endloop
  endfacet
  facet normal 0 -1 0
    outer loop
      vertex 0 3.8147e-07 28.8
      vertex 5.5 3.8147e-07 30
      vertex 1.2 3.8147e-07 30
    endloop
  endfacet
  facet normal 0 -1 0
    outer loop
      vertex 0 3.8147e-07 28.8
      vertex 5.5 3.8147e-07 4
      vertex 5.5 3.8147e-07 30
    endloop
  endfacet
  facet normal 0 -1 0
    outer loop
      vertex 1.2 3.8147e-07 0
      vertex 5.5 3.8147e-07 4
      vertex 0 3.8147e-07 1.2
    endloop
  endfacet
  facet normal 0 -1 0
    outer loop
      vertex 0 3.8147e-07 1.2
      vertex 5.5 3.8147e-07 4
      vertex 0 3.8147e-07 28.8
    endloop
  endfacet
  facet normal 0 -1 0
    outer loop
      vertex 59 3.8147e-07 30
      vertex 64.5 3.8147e-07 28.8
      vertex 63.3 3.8147e-07 30
    endloop
  endfacet
  facet normal 0 -1 0
    outer loop
      vertex 59 3.8147e-07 4
      vertex 64.5 3.8147e-07 28.8
      vertex 59 3.8147e-07 30
    endloop
  endfacet
  facet normal 0 -1 0
    outer loop
      vertex 59 3.8147e-07 4
      vertex 64.5 3.8147e-07 1.2
      vertex 64.5 3.8147e-07 28.8
    endloop
  endfacet
  facet normal 0 -1 -0
    outer loop
      vertex 5.5 3.8147e-07 4
      vertex 1.2 3.8147e-07 0
      vertex 59 3.8147e-07 4
    endloop
  endfacet
  facet normal 0 -1 0
    outer loop
      vertex 63.3 3.8147e-07 0
      vertex 59 3.8147e-07 4
      vertex 1.2 3.8147e-07 0
    endloop
  endfacet
  facet normal 0 -1 0
    outer loop
      vertex 59 3.8147e-07 4
      vertex 63.3 3.8147e-07 0
      vertex 64.5 3.8147e-07 1.2
    endloop
  endfacet
  facet normal -0.707107 0 0.707107
    outer loop
      vertex 0 3.8147e-07 28.8
      vertex 1.2 2.4 30
      vertex 0 2.4 28.8
    endloop
  endfacet
  facet normal -0.707107 0 0.707107
    outer loop
      vertex 1.2 2.4 30
      vertex 0 3.8147e-07 28.8
      vertex 1.2 3.8147e-07 30
    endloop
  endfacet
  facet normal -0.707107 0 -0.707107
    outer loop
      vertex 1.2 3.8147e-07 0
      vertex 0 2.4 1.2
      vertex 1.2 2.4 0
    endloop
  endfacet
  facet normal -0.707107 -0 -0.707107
    outer loop
      vertex 0 2.4 1.2
      vertex 1.2 3.8147e-07 0
      vertex 0 3.8147e-07 1.2
    endloop
  endfacet
  facet normal 0.707107 -0 0.707107
    outer loop
      vertex 63.3 3.8147e-07 30
      vertex 64.5 2.4 28.8
      vertex 63.3 2.4 30
    endloop
  endfacet
  facet normal 0.707107 0 0.707107
    outer loop
      vertex 64.5 2.4 28.8
      vertex 63.3 3.8147e-07 30
      vertex 64.5 3.8147e-07 28.8
    endloop
  endfacet
  facet normal 1 -0 0
    outer loop
      vertex 64.5 3.8147e-07 28.8
      vertex 64.5 2.4 1.2
      vertex 64.5 2.4 28.8
    endloop
  endfacet
  facet normal 1 0 0
    outer loop
      vertex 64.5 2.4 1.2
      vertex 64.5 3.8147e-07 28.8
      vertex 64.5 3.8147e-07 1.2
    endloop
  endfacet
  facet normal -0 0 1
    outer loop
      vertex 59 5.4 29.6
      vertex 62.85 2.4 29.6
      vertex 62.85 5.4 29.6
    endloop
  endfacet
  facet normal 0 0 1
    outer loop
      vertex 62.85 2.4 29.6
      vertex 59 5.4 29.6
      vertex 59 2.4 29.6
    endloop
  endfacet
  facet normal -0 0 1
    outer loop
      vertex 1.65 5.4 29.6
      vertex 5.5 2.4 29.6
      vertex 5.5 5.4 29.6
    endloop
  endfacet
  facet normal 0 0 1
    outer loop
      vertex 5.5 2.4 29.6
      vertex 1.65 5.4 29.6
      vertex 1.65 2.4 29.6
    endloop
  endfacet
  facet normal 0 1 -0
    outer loop
      vertex 62.85 5.4 0.4
      vertex 62.05 5.4 1.8
      vertex 62.85 5.4 1.8
    endloop
  endfacet
  facet normal 0 1 0
    outer loop
      vertex 62.05 5.4 1.8
      vertex 62.85 5.4 0.4
      vertex 62.05 5.4 0.4
    endloop
  endfacet
  facet normal 0 1 0
    outer loop
      vertex 61.85 5.4 6.6
      vertex 62.85 5.4 29.6
      vertex 62.85 5.4 6.6
    endloop
  endfacet
  facet normal 0 1 0
    outer loop
      vertex 62.85 5.4 29.6
      vertex 61.85 5.4 6.6
      vertex 59 5.4 29.6
    endloop
  endfacet
  facet normal 0 1 0
    outer loop
      vertex 61.85 5.4 6.6
      vertex 59 5.4 4
      vertex 59 5.4 29.6
    endloop
  endfacet
  facet normal 0 1 0
    outer loop
      vertex 59 5.4 4
      vertex 61.85 5.4 1.8
      vertex 5.5 5.4 4
    endloop
  endfacet
  facet normal 0 1 -0
    outer loop
      vertex 61.85 5.4 1.8
      vertex 59 5.4 4
      vertex 61.85 5.4 6.6
    endloop
  endfacet
  facet normal 0 1 0
    outer loop
      vertex 5.5 5.4 29.6
      vertex 2.65 5.4 6.6
      vertex 1.65 5.4 29.6
    endloop
  endfacet
  facet normal 0 1 -0
    outer loop
      vertex 5.5 5.4 4
      vertex 2.65 5.4 6.6
      vertex 5.5 5.4 29.6
    endloop
  endfacet
  facet normal 0 1 0
    outer loop
      vertex 5.5 5.4 4
      vertex 2.65 5.4 1.8
      vertex 2.65 5.4 6.6
    endloop
  endfacet
  facet normal 0 1 0
    outer loop
      vertex 2.65 5.4 1.8
      vertex 5.5 5.4 4
      vertex 61.85 5.4 1.8
    endloop
  endfacet
  facet normal 0 1 0
    outer loop
      vertex 1.65 5.4 29.6
      vertex 2.65 5.4 6.6
      vertex 1.65 5.4 6.6
    endloop
  endfacet
  facet normal 0 1 -0
    outer loop
      vertex 2.45 5.4 0.4
      vertex 1.65 5.4 1.8
      vertex 2.45 5.4 1.8
    endloop
  endfacet
  facet normal 0 1 0
    outer loop
      vertex 1.65 5.4 1.8
      vertex 2.45 5.4 0.4
      vertex 1.65 5.4 0.4
    endloop
  endfacet
  facet normal 0 0 -1
    outer loop
      vertex 1.65 2.4 0.4
      vertex 2.45 5.4 0.4
      vertex 2.45 2.4 0.4
    endloop
  endfacet
  facet normal -0 0 -1
    outer loop
      vertex 2.45 5.4 0.4
      vertex 1.65 2.4 0.4
      vertex 1.65 5.4 0.4
    endloop
  endfacet
  facet normal 0 0 -1
    outer loop
      vertex 62.05 2.4 0.4
      vertex 62.85 5.4 0.4
      vertex 62.85 2.4 0.4
    endloop
  endfacet
  facet normal -0 0 -1
    outer loop
      vertex 62.85 5.4 0.4
      vertex 62.05 2.4 0.4
      vertex 62.05 5.4 0.4
    endloop
  endfacet
  facet normal -0.960623 -0.0629917 -0.270621
    outer loop
      vertex 11.05 28.9 0.7
      vertex 11.2468 28.9061 0
      vertex 11.2472 28.9 0
    endloop
  endfacet
  facet normal -0.960629 -0.062897 -0.270622
    outer loop
      vertex 11.2468 28.9061 0
      vertex 11.05 28.9 0.7
      vertex 11.0218 29.3307 0.7
    endloop
  endfacet
  facet normal -0.960631 -0.0629188 -0.270609
    outer loop
      vertex 11.2173 29.3565 0
      vertex 11.2468 28.9061 0
      vertex 11.0218 29.3307 0.7
    endloop
  endfacet
  facet normal 0.960724 0.0614233 -0.270622
    outer loop
      vertex 4.45 28.9 0.7
      vertex 4.25321 28.8939 0
      vertex 4.25282 28.9 0
    endloop
  endfacet
  facet normal 0.960628 0.0629639 -0.270609
    outer loop
      vertex 4.25321 28.8939 0
      vertex 4.45 28.9 0.7
      vertex 4.47823 28.4693 0.7
    endloop
  endfacet
  facet normal -0.943383 -0.191874 -0.27058
    outer loop
      vertex 11.1292 29.7992 0
      vertex 10.9376 29.7541 0.7
      vertex 11.128 29.8051 0
    endloop
  endfacet
  facet normal -0.944218 -0.187773 -0.270544
    outer loop
      vertex 10.9376 29.7541 0.7
      vertex 11.1292 29.7992 0
      vertex 11.0218 29.3307 0.7
    endloop
  endfacet
  facet normal -0.86335 -0.425917 -0.270595
    outer loop
      vertex 10.981 30.2383 0
      vertex 10.7988 30.1629 0.7
      vertex 10.7813 30.6431 0
    endloop
  endfacet
  facet normal -0.0628912 0.96063 -0.27062
    outer loop
      vertex 7.75607 25.4032 0
      vertex 7.75 25.6 0.7
      vertex 8.18074 25.6282 0.7
    endloop
  endfacet
  facet normal -0.0633017 0.960604 -0.270616
    outer loop
      vertex 7.75 25.6 0.7
      vertex 7.75607 25.4032 0
      vertex 7.75 25.4028 0
    endloop
  endfacet
  facet normal 0.0628912 -0.96063 -0.27062
    outer loop
      vertex 7.74393 32.3968 0
      vertex 7.75 32.2 0.7
      vertex 7.31926 32.1718 0.7
    endloop
  endfacet
  facet normal 0.0633017 -0.960604 -0.270616
    outer loop
      vertex 7.75 32.2 0.7
      vertex 7.74393 32.3968 0
      vertex 7.75 32.3972 0
    endloop
  endfacet
  facet normal 0.800455 -0.534849 -0.270569
    outer loop
      vertex 4.89212 30.55 0.7
      vertex 4.72473 30.6536 0
      vertex 5.13193 30.9089 0.7
    endloop
  endfacet
  facet normal 0.797575 -0.539161 -0.270519
    outer loop
      vertex 4.72473 30.6536 0
      vertex 4.89212 30.55 0.7
      vertex 4.72135 30.6486 0
    endloop
  endfacet
  facet normal 0.427366 -0.862646 -0.270554
    outer loop
      vertex 6.00686 31.9313 0
      vertex 6.1 31.7579 0.7
      vertex 6.00141 31.9286 0
    endloop
  endfacet
  facet normal 0.425757 -0.863447 -0.270538
    outer loop
      vertex 6.1 31.7579 0.7
      vertex 6.00686 31.9313 0
      vertex 6.48715 31.9488 0.7
    endloop
  endfacet
  facet normal 0.944188 0.187812 -0.270619
    outer loop
      vertex 4.56245 28.0459 0.7
      vertex 4.37079 28.0008 0
      vertex 4.47823 28.4693 0.7
    endloop
  endfacet
  facet normal 0.943677 0.190335 -0.270642
    outer loop
      vertex 4.37079 28.0008 0
      vertex 4.56245 28.0459 0.7
      vertex 4.37198 27.9949 0
    endloop
  endfacet
  facet normal 0.911601 0.309462 -0.270584
    outer loop
      vertex 4.7012 27.6371 0.7
      vertex 4.51902 27.5617 0
      vertex 4.37393 27.9891 0
    endloop
  endfacet
  facet normal -0.634723 0.723831 -0.270546
    outer loop
      vertex 10.0835 26.5665 0.7
      vertex 10.2229 26.4271 0
      vertex 9.88352 26.1295 0
    endloop
  endfacet
  facet normal -0.534896 -0.800425 -0.270565
    outer loop
      vertex 9.87895 31.6745 0
      vertex 9.75891 31.5181 0.7
      vertex 9.50365 31.9253 0
    endloop
  endfacet
  facet normal -0.944172 -0.187896 -0.270619
    outer loop
      vertex 11.1292 29.7992 0
      vertex 11.2173 29.3565 0
      vertex 11.0218 29.3307 0.7
    endloop
  endfacet
  facet normal 0.96063 -0.0629827 -0.270598
    outer loop
      vertex 4.28274 29.3565 0
      vertex 4.47823 29.3307 0.7
      vertex 4.25321 28.9061 0
    endloop
  endfacet
  facet normal 0.0629189 0.960633 -0.270604
    outer loop
      vertex 7.31926 25.6282 0.7
      vertex 7.74393 25.4032 0
      vertex 7.29353 25.4327 0
    endloop
  endfacet
  facet normal 0.525873 0.806338 -0.270697
    outer loop
      vertex 5.99635 25.8747 0
      vertex 6.1 26.0421 0.7
      vertex 6.00141 25.8714 0
    endloop
  endfacet
  facet normal 0.534816 0.800462 -0.270616
    outer loop
      vertex 6.1 26.0421 0.7
      vertex 5.99635 25.8747 0
      vertex 5.74109 26.2819 0.7
    endloop
  endfacet
  facet normal 0.534896 0.800425 -0.270565
    outer loop
      vertex 5.74109 26.2819 0.7
      vertex 5.99635 25.8747 0
      vertex 5.62105 26.1255 0
    endloop
  endfacet
  facet normal -0.189714 0.943827 -0.270554
    outer loop
      vertex 8.64917 25.5208 0
      vertex 8.6041 25.7124 0.7
      vertex 8.65514 25.522 0
    endloop
  endfacet
  facet normal -0.187791 0.944216 -0.270537
    outer loop
      vertex 8.6041 25.7124 0.7
      vertex 8.64917 25.5208 0
      vertex 8.18074 25.6282 0.7
    endloop
  endfacet
  facet normal -0.309464 0.911586 -0.270633
    outer loop
      vertex 9.01285 25.8512 0.7
      vertex 9.08831 25.669 0
      vertex 8.66089 25.5239 0
    endloop
  endfacet
  facet normal -0.911588 0.309479 -0.270609
    outer loop
      vertex 11.1261 27.9891 0
      vertex 10.981 27.5617 0
      vertex 10.7988 27.6371 0.7
    endloop
  endfacet
  facet normal -0.944218 0.187773 -0.270544
    outer loop
      vertex 11.1292 28.0008 0
      vertex 10.9376 28.0459 0.7
      vertex 11.0218 28.4693 0.7
    endloop
  endfacet
  facet normal -0.943383 0.191874 -0.27058
    outer loop
      vertex 10.9376 28.0459 0.7
      vertex 11.1292 28.0008 0
      vertex 11.128 27.9949 0
    endloop
  endfacet
  facet normal 0.943677 -0.190335 -0.270642
    outer loop
      vertex 4.56245 29.7541 0.7
      vertex 4.37079 29.7992 0
      vertex 4.37198 29.8051 0
    endloop
  endfacet
  facet normal 0.944188 -0.187812 -0.270619
    outer loop
      vertex 4.37079 29.7992 0
      vertex 4.56245 29.7541 0.7
      vertex 4.47823 29.3307 0.7
    endloop
  endfacet
  facet normal 0.19002 -0.943764 -0.270559
    outer loop
      vertex 6.85082 32.2792 0
      vertex 6.8959 32.0876 0.7
      vertex 6.84486 32.278 0
    endloop
  endfacet
  facet normal 0.18779 -0.944216 -0.270539
    outer loop
      vertex 6.8959 32.0876 0.7
      vertex 6.85082 32.2792 0
      vertex 7.31926 32.1718 0.7
    endloop
  endfacet
  facet normal -0.864203 -0.424245 -0.2705
    outer loop
      vertex 10.7813 30.6431 0
      vertex 10.6079 30.55 0.7
      vertex 10.7786 30.6486 0
    endloop
  endfacet
  facet normal -0.86343 -0.425804 -0.270516
    outer loop
      vertex 10.6079 30.55 0.7
      vertex 10.7813 30.6431 0
      vertex 10.7988 30.1629 0.7
    endloop
  endfacet
  facet normal -0.726452 -0.631698 -0.270601
    outer loop
      vertex 10.3681 30.9089 0.7
      vertex 10.5205 31.0335 0
      vertex 10.5245 31.0289 0
    endloop
  endfacet
  facet normal -0.72387 -0.634669 -0.270568
    outer loop
      vertex 10.5205 31.0335 0
      vertex 10.3681 30.9089 0.7
      vertex 10.0835 31.2335 0.7
    endloop
  endfacet
  facet normal -0.525873 -0.806338 -0.270697
    outer loop
      vertex 9.50365 31.9253 0
      vertex 9.4 31.7579 0.7
      vertex 9.49859 31.9286 0
    endloop
  endfacet
  facet normal -0.534816 -0.800462 -0.270616
    outer loop
      vertex 9.4 31.7579 0.7
      vertex 9.50365 31.9253 0
      vertex 9.75891 31.5181 0.7
    endloop
  endfacet
  facet normal -0.0629189 -0.960633 -0.270604
    outer loop
      vertex 8.20647 32.3673 0
      vertex 8.18074 32.1718 0.7
      vertex 7.75607 32.3968 0
    endloop
  endfacet
  facet normal -0.425887 -0.863354 -0.270629
    outer loop
      vertex 9.08831 32.131 0
      vertex 9.49314 31.9313 0
      vertex 9.01285 31.9488 0.7
    endloop
  endfacet
  facet normal 0.944195 0.187794 -0.270608
    outer loop
      vertex 4.47823 28.4693 0.7
      vertex 4.37079 28.0008 0
      vertex 4.28274 28.4435 0
    endloop
  endfacet
  facet normal 0.96063 0.0629827 -0.270598
    outer loop
      vertex 4.47823 28.4693 0.7
      vertex 4.28274 28.4435 0
      vertex 4.25321 28.8939 0
    endloop
  endfacet
  facet normal 0.18779 0.944216 -0.270539
    outer loop
      vertex 6.85082 25.5208 0
      vertex 6.8959 25.7124 0.7
      vertex 7.31926 25.6282 0.7
    endloop
  endfacet
  facet normal 0.19002 0.943764 -0.270559
    outer loop
      vertex 6.8959 25.7124 0.7
      vertex 6.85082 25.5208 0
      vertex 6.84486 25.522 0
    endloop
  endfacet
  facet normal 0.863395 0.425832 -0.270585
    outer loop
      vertex 4.89212 27.25 0.7
      vertex 4.71866 27.1569 0
      vertex 4.7012 27.6371 0.7
    endloop
  endfacet
  facet normal 0.86481 0.422971 -0.270555
    outer loop
      vertex 4.71866 27.1569 0
      vertex 4.89212 27.25 0.7
      vertex 4.72135 27.1514 0
    endloop
  endfacet
  facet normal 0.863406 0.425816 -0.270574
    outer loop
      vertex 4.7012 27.6371 0.7
      vertex 4.71866 27.1569 0
      vertex 4.51902 27.5617 0
    endloop
  endfacet
  facet normal 0.723833 0.634708 -0.270575
    outer loop
      vertex 5.41655 26.5665 0.7
      vertex 5.27712 26.4271 0
      vertex 4.97951 26.7665 0
    endloop
  endfacet
  facet normal 0.797575 0.539161 -0.270519
    outer loop
      vertex 4.89212 27.25 0.7
      vertex 4.72473 27.1464 0
      vertex 4.72135 27.1514 0
    endloop
  endfacet
  facet normal 0.800455 0.534849 -0.270569
    outer loop
      vertex 4.72473 27.1464 0
      vertex 4.89212 27.25 0.7
      vertex 5.13193 26.8911 0.7
    endloop
  endfacet
  facet normal -0.187897 0.944177 -0.270602
    outer loop
      vertex 8.64917 25.5208 0
      vertex 8.20647 25.4327 0
      vertex 8.18074 25.6282 0.7
    endloop
  endfacet
  facet normal -0.0629189 0.960633 -0.270604
    outer loop
      vertex 8.18074 25.6282 0.7
      vertex 8.20647 25.4327 0
      vertex 7.75607 25.4032 0
    endloop
  endfacet
  facet normal -0.425887 0.863354 -0.270629
    outer loop
      vertex 9.49314 25.8687 0
      vertex 9.08831 25.669 0
      vertex 9.01285 25.8512 0.7
    endloop
  endfacet
  facet normal -0.309545 0.911573 -0.270586
    outer loop
      vertex 8.66089 25.5239 0
      vertex 8.6041 25.7124 0.7
      vertex 9.01285 25.8512 0.7
    endloop
  endfacet
  facet normal -0.30204 0.914068 -0.27065
    outer loop
      vertex 8.6041 25.7124 0.7
      vertex 8.66089 25.5239 0
      vertex 8.65514 25.522 0
    endloop
  endfacet
  facet normal -0.719545 0.639596 -0.270503
    outer loop
      vertex 10.5205 26.7665 0
      vertex 10.3681 26.8911 0.7
      vertex 10.5245 26.771 0
    endloop
  endfacet
  facet normal -0.72387 0.634669 -0.270568
    outer loop
      vertex 10.3681 26.8911 0.7
      vertex 10.5205 26.7665 0
      vertex 10.0835 26.5665 0.7
    endloop
  endfacet
  facet normal -0.72385 0.634702 -0.270546
    outer loop
      vertex 10.5205 26.7665 0
      vertex 10.2229 26.4271 0
      vertex 10.0835 26.5665 0.7
    endloop
  endfacet
  facet normal -0.800482 0.534792 -0.270605
    outer loop
      vertex 10.7753 27.1464 0
      vertex 10.5245 26.771 0
      vertex 10.3681 26.8911 0.7
    endloop
  endfacet
  facet normal -0.914836 0.299688 -0.27067
    outer loop
      vertex 11.1261 27.9891 0
      vertex 10.9376 28.0459 0.7
      vertex 11.128 27.9949 0
    endloop
  endfacet
  facet normal -0.911583 0.30951 -0.270591
    outer loop
      vertex 10.9376 28.0459 0.7
      vertex 11.1261 27.9891 0
      vertex 10.7988 27.6371 0.7
    endloop
  endfacet
  facet normal -0.944172 0.187896 -0.270619
    outer loop
      vertex 11.2173 28.4435 0
      vertex 11.1292 28.0008 0
      vertex 11.0218 28.4693 0.7
    endloop
  endfacet
  facet normal 0.960628 -0.0629639 -0.270609
    outer loop
      vertex 4.45 28.9 0.7
      vertex 4.25321 28.9061 0
      vertex 4.47823 29.3307 0.7
    endloop
  endfacet
  facet normal 0.960724 -0.0614233 -0.270622
    outer loop
      vertex 4.25321 28.9061 0
      vertex 4.45 28.9 0.7
      vertex 4.25282 28.9 0
    endloop
  endfacet
  facet normal 0.911611 -0.309408 -0.270616
    outer loop
      vertex 4.56245 29.7541 0.7
      vertex 4.37393 29.8109 0
      vertex 4.7012 30.1629 0.7
    endloop
  endfacet
  facet normal 0.912489 -0.306785 -0.27064
    outer loop
      vertex 4.37393 29.8109 0
      vertex 4.56245 29.7541 0.7
      vertex 4.37198 29.8051 0
    endloop
  endfacet
  facet normal 0.723844 -0.634691 -0.270587
    outer loop
      vertex 5.13193 30.9089 0.7
      vertex 4.97951 31.0335 0
      vertex 5.41655 31.2335 0.7
    endloop
  endfacet
  facet normal 0.725669 -0.632594 -0.270611
    outer loop
      vertex 4.97951 31.0335 0
      vertex 5.13193 30.9089 0.7
      vertex 4.9755 31.0289 0
    endloop
  endfacet
  facet normal 0.309545 -0.911573 -0.270586
    outer loop
      vertex 6.83911 32.2761 0
      vertex 6.8959 32.0876 0.7
      vertex 6.48715 31.9488 0.7
    endloop
  endfacet
  facet normal 0.30204 -0.914068 -0.27065
    outer loop
      vertex 6.8959 32.0876 0.7
      vertex 6.83911 32.2761 0
      vertex 6.84486 32.278 0
    endloop
  endfacet
  facet normal 0.187893 -0.944177 -0.270602
    outer loop
      vertex 7.29353 32.3673 0
      vertex 7.31926 32.1718 0.7
      vertex 6.85082 32.2792 0
    endloop
  endfacet
  facet normal 0.0629189 -0.960633 -0.270604
    outer loop
      vertex 7.74393 32.3968 0
      vertex 7.31926 32.1718 0.7
      vertex 7.29353 32.3673 0
    endloop
  endfacet
  facet normal -0.914836 -0.299688 -0.27067
    outer loop
      vertex 10.9376 29.7541 0.7
      vertex 11.1261 29.8109 0
      vertex 11.128 29.8051 0
    endloop
  endfacet
  facet normal -0.911583 -0.30951 -0.270591
    outer loop
      vertex 11.1261 29.8109 0
      vertex 10.9376 29.7541 0.7
      vertex 10.7988 30.1629 0.7
    endloop
  endfacet
  facet normal -0.911588 -0.309479 -0.270609
    outer loop
      vertex 10.981 30.2383 0
      vertex 11.1261 29.8109 0
      vertex 10.7988 30.1629 0.7
    endloop
  endfacet
  facet normal -0.800432 -0.534901 -0.270537
    outer loop
      vertex 10.5245 31.0289 0
      vertex 10.7753 30.6536 0
      vertex 10.3681 30.9089 0.7
    endloop
  endfacet
  facet normal -0.72385 -0.634702 -0.270546
    outer loop
      vertex 10.2229 31.3729 0
      vertex 10.5205 31.0335 0
      vertex 10.0835 31.2335 0.7
    endloop
  endfacet
  facet normal -0.0633017 -0.960604 -0.270616
    outer loop
      vertex 7.75607 32.3968 0
      vertex 7.75 32.2 0.7
      vertex 7.75 32.3972 0
    endloop
  endfacet
  facet normal -0.0628912 -0.96063 -0.27062
    outer loop
      vertex 7.75 32.2 0.7
      vertex 7.75607 32.3968 0
      vertex 8.18074 32.1718 0.7
    endloop
  endfacet
  facet normal -0.309464 -0.911586 -0.270633
    outer loop
      vertex 9.08831 32.131 0
      vertex 9.01285 31.9488 0.7
      vertex 8.66089 32.2761 0
    endloop
  endfacet
  facet normal -0.634052 -0.724405 -0.270584
    outer loop
      vertex 9.88352 31.6705 0
      vertex 9.75891 31.5181 0.7
      vertex 9.87895 31.6745 0
    endloop
  endfacet
  facet normal -0.634678 -0.723859 -0.270576
    outer loop
      vertex 9.75891 31.5181 0.7
      vertex 9.88352 31.6705 0
      vertex 10.0835 31.2335 0.7
    endloop
  endfacet
  facet normal -0.634723 -0.723831 -0.270546
    outer loop
      vertex 10.2229 31.3729 0
      vertex 10.0835 31.2335 0.7
      vertex 9.88352 31.6705 0
    endloop
  endfacet
  facet normal 0.0633017 0.960604 -0.270616
    outer loop
      vertex 7.74393 25.4032 0
      vertex 7.75 25.6 0.7
      vertex 7.75 25.4028 0
    endloop
  endfacet
  facet normal 0.0628912 0.96063 -0.27062
    outer loop
      vertex 7.75 25.6 0.7
      vertex 7.74393 25.4032 0
      vertex 7.31926 25.6282 0.7
    endloop
  endfacet
  facet normal 0.30204 0.914068 -0.27065
    outer loop
      vertex 6.83911 25.5239 0
      vertex 6.8959 25.7124 0.7
      vertex 6.84486 25.522 0
    endloop
  endfacet
  facet normal 0.309545 0.911573 -0.270586
    outer loop
      vertex 6.8959 25.7124 0.7
      vertex 6.83911 25.5239 0
      vertex 6.48715 25.8512 0.7
    endloop
  endfacet
  facet normal 0.634052 0.724405 -0.270584
    outer loop
      vertex 5.61648 26.1295 0
      vertex 5.74109 26.2819 0.7
      vertex 5.62105 26.1255 0
    endloop
  endfacet
  facet normal 0.634734 0.723811 -0.270576
    outer loop
      vertex 5.74109 26.2819 0.7
      vertex 5.61648 26.1295 0
      vertex 5.41655 26.5665 0.7
    endloop
  endfacet
  facet normal 0.634739 0.723807 -0.270572
    outer loop
      vertex 5.41655 26.5665 0.7
      vertex 5.61648 26.1295 0
      vertex 5.27712 26.4271 0
    endloop
  endfacet
  facet normal 0.912489 0.306785 -0.27064
    outer loop
      vertex 4.56245 28.0459 0.7
      vertex 4.37393 27.9891 0
      vertex 4.37198 27.9949 0
    endloop
  endfacet
  facet normal 0.911611 0.309408 -0.270616
    outer loop
      vertex 4.37393 27.9891 0
      vertex 4.56245 28.0459 0.7
      vertex 4.7012 27.6371 0.7
    endloop
  endfacet
  facet normal 0.800504 0.534743 -0.270636
    outer loop
      vertex 5.13193 26.8911 0.7
      vertex 4.9755 26.771 0
      vertex 4.72473 27.1464 0
    endloop
  endfacet
  facet normal -0.427366 0.862646 -0.270554
    outer loop
      vertex 9.49314 25.8687 0
      vertex 9.4 26.0421 0.7
      vertex 9.49859 25.8714 0
    endloop
  endfacet
  facet normal -0.425757 0.863447 -0.270538
    outer loop
      vertex 9.4 26.0421 0.7
      vertex 9.49314 25.8687 0
      vertex 9.01285 25.8512 0.7
    endloop
  endfacet
  facet normal -0.534816 0.800462 -0.270616
    outer loop
      vertex 9.50365 25.8747 0
      vertex 9.4 26.0421 0.7
      vertex 9.75891 26.2819 0.7
    endloop
  endfacet
  facet normal -0.525873 0.806338 -0.270697
    outer loop
      vertex 9.4 26.0421 0.7
      vertex 9.50365 25.8747 0
      vertex 9.49859 25.8714 0
    endloop
  endfacet
  facet normal -0.86343 0.425804 -0.270516
    outer loop
      vertex 10.7813 27.1569 0
      vertex 10.6079 27.25 0.7
      vertex 10.7988 27.6371 0.7
    endloop
  endfacet
  facet normal -0.864203 0.424245 -0.2705
    outer loop
      vertex 10.6079 27.25 0.7
      vertex 10.7813 27.1569 0
      vertex 10.7786 27.1514 0
    endloop
  endfacet
  facet normal -0.86335 0.425917 -0.270595
    outer loop
      vertex 10.7988 27.6371 0.7
      vertex 10.981 27.5617 0
      vertex 10.7813 27.1569 0
    endloop
  endfacet
  facet normal -0.803466 0.530287 -0.270626
    outer loop
      vertex 10.7753 27.1464 0
      vertex 10.6079 27.25 0.7
      vertex 10.7786 27.1514 0
    endloop
  endfacet
  facet normal -0.800463 0.534832 -0.27058
    outer loop
      vertex 10.6079 27.25 0.7
      vertex 10.7753 27.1464 0
      vertex 10.3681 26.8911 0.7
    endloop
  endfacet
  facet normal -0.960631 0.0629188 -0.270609
    outer loop
      vertex 11.2468 28.8939 0
      vertex 11.2173 28.4435 0
      vertex 11.0218 28.4693 0.7
    endloop
  endfacet
  facet normal -0.960623 0.0629917 -0.270621
    outer loop
      vertex 11.2468 28.8939 0
      vertex 11.05 28.9 0.7
      vertex 11.2472 28.9 0
    endloop
  endfacet
  facet normal -0.960629 0.062897 -0.270622
    outer loop
      vertex 11.05 28.9 0.7
      vertex 11.2468 28.8939 0
      vertex 11.0218 28.4693 0.7
    endloop
  endfacet
  facet normal 0.944195 -0.187794 -0.270608
    outer loop
      vertex 4.37079 29.7992 0
      vertex 4.47823 29.3307 0.7
      vertex 4.28274 29.3565 0
    endloop
  endfacet
  facet normal 0.86481 -0.422971 -0.270555
    outer loop
      vertex 4.89212 30.55 0.7
      vertex 4.71866 30.6431 0
      vertex 4.72135 30.6486 0
    endloop
  endfacet
  facet normal 0.863395 -0.425832 -0.270585
    outer loop
      vertex 4.71866 30.6431 0
      vertex 4.89212 30.55 0.7
      vertex 4.7012 30.1629 0.7
    endloop
  endfacet
  facet normal 0.911601 -0.309462 -0.270584
    outer loop
      vertex 4.51902 30.2383 0
      vertex 4.7012 30.1629 0.7
      vertex 4.37393 29.8109 0
    endloop
  endfacet
  facet normal 0.863406 -0.425816 -0.270574
    outer loop
      vertex 4.71866 30.6431 0
      vertex 4.7012 30.1629 0.7
      vertex 4.51902 30.2383 0
    endloop
  endfacet
  facet normal 0.634739 -0.723807 -0.270572
    outer loop
      vertex 5.61648 31.6705 0
      vertex 5.41655 31.2335 0.7
      vertex 5.27712 31.3729 0
    endloop
  endfacet
  facet normal 0.723833 -0.634708 -0.270575
    outer loop
      vertex 5.27712 31.3729 0
      vertex 5.41655 31.2335 0.7
      vertex 4.97951 31.0335 0
    endloop
  endfacet
  facet normal 0.800454 -0.534852 -0.270568
    outer loop
      vertex 4.9755 31.0289 0
      vertex 5.13193 30.9089 0.7
      vertex 4.72473 30.6536 0
    endloop
  endfacet
  facet normal 0.309464 -0.911586 -0.270633
    outer loop
      vertex 6.83911 32.2761 0
      vertex 6.48715 31.9488 0.7
      vertex 6.41169 32.131 0
    endloop
  endfacet
  facet normal 0.425887 -0.863354 -0.270629
    outer loop
      vertex 6.41169 32.131 0
      vertex 6.48715 31.9488 0.7
      vertex 6.00686 31.9313 0
    endloop
  endfacet
  facet normal -0.803466 -0.530287 -0.270626
    outer loop
      vertex 10.6079 30.55 0.7
      vertex 10.7753 30.6536 0
      vertex 10.7786 30.6486 0
    endloop
  endfacet
  facet normal -0.800463 -0.534832 -0.27058
    outer loop
      vertex 10.7753 30.6536 0
      vertex 10.6079 30.55 0.7
      vertex 10.3681 30.9089 0.7
    endloop
  endfacet
  facet normal -0.425757 -0.863447 -0.270538
    outer loop
      vertex 9.49314 31.9313 0
      vertex 9.4 31.7579 0.7
      vertex 9.01285 31.9488 0.7
    endloop
  endfacet
  facet normal -0.427366 -0.862646 -0.270554
    outer loop
      vertex 9.4 31.7579 0.7
      vertex 9.49314 31.9313 0
      vertex 9.49859 31.9286 0
    endloop
  endfacet
  facet normal -0.187897 -0.944177 -0.270602
    outer loop
      vertex 8.20647 32.3673 0
      vertex 8.64917 32.2792 0
      vertex 8.18074 32.1718 0.7
    endloop
  endfacet
  facet normal -0.30204 -0.914068 -0.27065
    outer loop
      vertex 8.66089 32.2761 0
      vertex 8.6041 32.0876 0.7
      vertex 8.65514 32.278 0
    endloop
  endfacet
  facet normal -0.309545 -0.911573 -0.270586
    outer loop
      vertex 8.6041 32.0876 0.7
      vertex 8.66089 32.2761 0
      vertex 9.01285 31.9488 0.7
    endloop
  endfacet
  facet normal -0.187791 -0.944216 -0.270537
    outer loop
      vertex 8.64917 32.2792 0
      vertex 8.6041 32.0876 0.7
      vertex 8.18074 32.1718 0.7
    endloop
  endfacet
  facet normal -0.189714 -0.943827 -0.270554
    outer loop
      vertex 8.6041 32.0876 0.7
      vertex 8.64917 32.2792 0
      vertex 8.65514 32.278 0
    endloop
  endfacet
  facet normal 0.187893 0.944177 -0.270602
    outer loop
      vertex 7.31926 25.6282 0.7
      vertex 7.29353 25.4327 0
      vertex 6.85082 25.5208 0
    endloop
  endfacet
  facet normal 0.425757 0.863447 -0.270538
    outer loop
      vertex 6.00686 25.8687 0
      vertex 6.1 26.0421 0.7
      vertex 6.48715 25.8512 0.7
    endloop
  endfacet
  facet normal 0.427366 0.862646 -0.270554
    outer loop
      vertex 6.1 26.0421 0.7
      vertex 6.00686 25.8687 0
      vertex 6.00141 25.8714 0
    endloop
  endfacet
  facet normal 0.309464 0.911586 -0.270633
    outer loop
      vertex 6.48715 25.8512 0.7
      vertex 6.83911 25.5239 0
      vertex 6.41169 25.669 0
    endloop
  endfacet
  facet normal 0.425887 0.863354 -0.270629
    outer loop
      vertex 6.48715 25.8512 0.7
      vertex 6.41169 25.669 0
      vertex 6.00686 25.8687 0
    endloop
  endfacet
  facet normal 0.71875 0.640486 -0.270509
    outer loop
      vertex 5.13193 26.8911 0.7
      vertex 4.97951 26.7665 0
      vertex 4.9755 26.771 0
    endloop
  endfacet
  facet normal 0.723844 0.634691 -0.270587
    outer loop
      vertex 4.97951 26.7665 0
      vertex 5.13193 26.8911 0.7
      vertex 5.41655 26.5665 0.7
    endloop
  endfacet
  facet normal -0.534896 0.800425 -0.270565
    outer loop
      vertex 9.75891 26.2819 0.7
      vertex 9.87895 26.1255 0
      vertex 9.50365 25.8747 0
    endloop
  endfacet
  facet normal -0.634678 0.723859 -0.270576
    outer loop
      vertex 9.88352 26.1295 0
      vertex 9.75891 26.2819 0.7
      vertex 10.0835 26.5665 0.7
    endloop
  endfacet
  facet normal -0.634052 0.724405 -0.270584
    outer loop
      vertex 9.75891 26.2819 0.7
      vertex 9.88352 26.1295 0
      vertex 9.87895 26.1255 0
    endloop
  endfacet
  facet normal 0.634734 -0.723811 -0.270576
    outer loop
      vertex 5.61648 31.6705 0
      vertex 5.74109 31.5181 0.7
      vertex 5.41655 31.2335 0.7
    endloop
  endfacet
  facet normal 0.634052 -0.724405 -0.270584
    outer loop
      vertex 5.74109 31.5181 0.7
      vertex 5.61648 31.6705 0
      vertex 5.62105 31.6745 0
    endloop
  endfacet
  facet normal 0.534816 -0.800462 -0.270616
    outer loop
      vertex 5.99635 31.9253 0
      vertex 6.1 31.7579 0.7
      vertex 5.74109 31.5181 0.7
    endloop
  endfacet
  facet normal 0.525873 -0.806338 -0.270697
    outer loop
      vertex 6.1 31.7579 0.7
      vertex 5.99635 31.9253 0
      vertex 6.00141 31.9286 0
    endloop
  endfacet
  facet normal 0.534896 -0.800425 -0.270565
    outer loop
      vertex 5.99635 31.9253 0
      vertex 5.74109 31.5181 0.7
      vertex 5.62105 31.6745 0
    endloop
  endfacet
  facet normal -0.997863 -0.0653349 0
    outer loop
      vertex 11.05 28.9 0.7
      vertex 11.0218 29.3307 4.56
      vertex 11.0218 29.3307 0.7
    endloop
  endfacet
  facet normal -0.997863 -0.0653349 0
    outer loop
      vertex 11.0218 29.3307 4.56
      vertex 11.05 28.9 0.7
      vertex 11.05 28.9 4.56
    endloop
  endfacet
  facet normal 0.997859 -0.0654041 0
    outer loop
      vertex 4.45 28.9 4.56
      vertex 4.47823 29.3307 0.7
      vertex 4.47823 29.3307 4.56
    endloop
  endfacet
  facet normal 0.997859 -0.0654041 0
    outer loop
      vertex 4.47823 29.3307 0.7
      vertex 4.45 28.9 4.56
      vertex 4.45 28.9 0.7
    endloop
  endfacet
  facet normal 0.0653289 -0.997864 0
    outer loop
      vertex 7.31926 32.1718 0.7
      vertex 7.75 32.2 4.56
      vertex 7.31926 32.1718 4.56
    endloop
  endfacet
  facet normal 0.0653289 -0.997864 0
    outer loop
      vertex 7.75 32.2 4.56
      vertex 7.31926 32.1718 0.7
      vertex 7.75 32.2 0.7
    endloop
  endfacet
  facet normal -0.0653289 0.997864 0
    outer loop
      vertex 8.18074 25.6282 0.7
      vertex 7.75 25.6 4.56
      vertex 8.18074 25.6282 4.56
    endloop
  endfacet
  facet normal -0.0653289 0.997864 0
    outer loop
      vertex 7.75 25.6 4.56
      vertex 8.18074 25.6282 0.7
      vertex 7.75 25.6 0.7
    endloop
  endfacet
  facet normal -0.65927 -0.751906 0
    outer loop
      vertex 9.75891 31.5181 0.7
      vertex 10.0835 31.2335 4.56
      vertex 9.75891 31.5181 4.56
    endloop
  endfacet
  facet normal -0.65927 -0.751906 -0
    outer loop
      vertex 10.0835 31.2335 4.56
      vertex 9.75891 31.5181 0.7
      vertex 10.0835 31.2335 0.7
    endloop
  endfacet
  facet normal 0.659328 -0.751856 0
    outer loop
      vertex 5.41655 31.2335 0.7
      vertex 5.74109 31.5181 4.56
      vertex 5.41655 31.2335 4.56
    endloop
  endfacet
  facet normal 0.659328 -0.751856 0
    outer loop
      vertex 5.74109 31.5181 4.56
      vertex 5.41655 31.2335 0.7
      vertex 5.74109 31.5181 0.7
    endloop
  endfacet
  facet normal 0.321539 -0.946896 0
    outer loop
      vertex 6.48715 31.9488 0.7
      vertex 6.8959 32.0876 4.56
      vertex 6.48715 31.9488 4.56
    endloop
  endfacet
  facet normal 0.321539 -0.946896 0
    outer loop
      vertex 6.8959 32.0876 4.56
      vertex 6.48715 31.9488 0.7
      vertex 6.8959 32.0876 0.7
    endloop
  endfacet
  facet normal -0.89687 -0.442295 0
    outer loop
      vertex 10.7988 30.1629 0.7
      vertex 10.6079 30.55 4.56
      vertex 10.6079 30.55 0.7
    endloop
  endfacet
  facet normal -0.89687 -0.442295 0
    outer loop
      vertex 10.6079 30.55 4.56
      vertex 10.7988 30.1629 0.7
      vertex 10.7988 30.1629 4.56
    endloop
  endfacet
  facet normal -0.321539 -0.946896 0
    outer loop
      vertex 8.6041 32.0876 0.7
      vertex 9.01285 31.9488 4.56
      vertex 8.6041 32.0876 4.56
    endloop
  endfacet
  facet normal -0.321539 -0.946896 -0
    outer loop
      vertex 9.01285 31.9488 4.56
      vertex 8.6041 32.0876 0.7
      vertex 9.01285 31.9488 0.7
    endloop
  endfacet
  facet normal -0.195065 -0.98079 0
    outer loop
      vertex 8.18074 32.1718 0.7
      vertex 8.6041 32.0876 4.56
      vertex 8.18074 32.1718 4.56
    endloop
  endfacet
  facet normal -0.195065 -0.98079 -0
    outer loop
      vertex 8.6041 32.0876 4.56
      vertex 8.18074 32.1718 0.7
      vertex 8.6041 32.0876 0.7
    endloop
  endfacet
  facet normal -0.442249 -0.896892 0
    outer loop
      vertex 9.01285 31.9488 0.7
      vertex 9.4 31.7579 4.56
      vertex 9.01285 31.9488 4.56
    endloop
  endfacet
  facet normal -0.442249 -0.896892 -0
    outer loop
      vertex 9.4 31.7579 4.56
      vertex 9.01285 31.9488 0.7
      vertex 9.4 31.7579 0.7
    endloop
  endfacet
  facet normal 0.896851 -0.442332 0
    outer loop
      vertex 4.7012 30.1629 4.56
      vertex 4.89212 30.55 0.7
      vertex 4.89212 30.55 4.56
    endloop
  endfacet
  facet normal 0.896851 -0.442332 0
    outer loop
      vertex 4.89212 30.55 0.7
      vertex 4.7012 30.1629 4.56
      vertex 4.7012 30.1629 0.7
    endloop
  endfacet
  facet normal 0 0 -1
    outer loop
      vertex 11.0218 28.4693 4.56
      vertex 11.0218 29.3307 4.56
      vertex 11.05 28.9 4.56
    endloop
  endfacet
  facet normal 0 0 -1
    outer loop
      vertex 10.9376 28.0459 4.56
      vertex 11.0218 29.3307 4.56
      vertex 11.0218 28.4693 4.56
    endloop
  endfacet
  facet normal 0 0 -1
    outer loop
      vertex 10.9376 28.0459 4.56
      vertex 10.9376 29.7541 4.56
      vertex 11.0218 29.3307 4.56
    endloop
  endfacet
  facet normal 0 0 -1
    outer loop
      vertex 10.7988 27.6371 4.56
      vertex 10.9376 29.7541 4.56
      vertex 10.9376 28.0459 4.56
    endloop
  endfacet
  facet normal 0 0 -1
    outer loop
      vertex 10.7988 27.6371 4.56
      vertex 10.7988 30.1629 4.56
      vertex 10.9376 29.7541 4.56
    endloop
  endfacet
  facet normal 0 0 -1
    outer loop
      vertex 10.6079 27.25 4.56
      vertex 10.7988 30.1629 4.56
      vertex 10.7988 27.6371 4.56
    endloop
  endfacet
  facet normal 0 0 -1
    outer loop
      vertex 10.6079 27.25 4.56
      vertex 10.6079 30.55 4.56
      vertex 10.7988 30.1629 4.56
    endloop
  endfacet
  facet normal 0 0 -1
    outer loop
      vertex 10.3681 26.8911 4.56
      vertex 10.6079 30.55 4.56
      vertex 10.6079 27.25 4.56
    endloop
  endfacet
  facet normal 0 0 -1
    outer loop
      vertex 10.3681 26.8911 4.56
      vertex 10.3681 30.9089 4.56
      vertex 10.6079 30.55 4.56
    endloop
  endfacet
  facet normal 0 0 -1
    outer loop
      vertex 10.0835 26.5665 4.56
      vertex 10.3681 30.9089 4.56
      vertex 10.3681 26.8911 4.56
    endloop
  endfacet
  facet normal 0 0 -1
    outer loop
      vertex 10.0835 26.5665 4.56
      vertex 10.0835 31.2335 4.56
      vertex 10.3681 30.9089 4.56
    endloop
  endfacet
  facet normal 0 0 -1
    outer loop
      vertex 9.75891 26.2819 4.56
      vertex 10.0835 31.2335 4.56
      vertex 10.0835 26.5665 4.56
    endloop
  endfacet
  facet normal 0 0 -1
    outer loop
      vertex 9.75891 26.2819 4.56
      vertex 9.75891 31.5181 4.56
      vertex 10.0835 31.2335 4.56
    endloop
  endfacet
  facet normal 0 0 -1
    outer loop
      vertex 9.4 26.0421 4.56
      vertex 9.75891 31.5181 4.56
      vertex 9.75891 26.2819 4.56
    endloop
  endfacet
  facet normal 0 0 -1
    outer loop
      vertex 9.4 26.0421 4.56
      vertex 9.4 31.7579 4.56
      vertex 9.75891 31.5181 4.56
    endloop
  endfacet
  facet normal 0 0 -1
    outer loop
      vertex 9.01285 25.8512 4.56
      vertex 9.4 31.7579 4.56
      vertex 9.4 26.0421 4.56
    endloop
  endfacet
  facet normal 0 0 -1
    outer loop
      vertex 9.01285 25.8512 4.56
      vertex 9.01285 31.9488 4.56
      vertex 9.4 31.7579 4.56
    endloop
  endfacet
  facet normal 0 0 -1
    outer loop
      vertex 8.6041 25.7124 4.56
      vertex 9.01285 31.9488 4.56
      vertex 9.01285 25.8512 4.56
    endloop
  endfacet
  facet normal 0 0 -1
    outer loop
      vertex 8.6041 25.7124 4.56
      vertex 8.6041 32.0876 4.56
      vertex 9.01285 31.9488 4.56
    endloop
  endfacet
  facet normal 0 0 -1
    outer loop
      vertex 8.18074 25.6282 4.56
      vertex 8.6041 32.0876 4.56
      vertex 8.6041 25.7124 4.56
    endloop
  endfacet
  facet normal 0 0 -1
    outer loop
      vertex 8.18074 25.6282 4.56
      vertex 8.18074 32.1718 4.56
      vertex 8.6041 32.0876 4.56
    endloop
  endfacet
  facet normal 0 0 -1
    outer loop
      vertex 7.75 25.6 4.56
      vertex 8.18074 32.1718 4.56
      vertex 8.18074 25.6282 4.56
    endloop
  endfacet
  facet normal 0 0 -1
    outer loop
      vertex 7.75 25.6 4.56
      vertex 7.75 32.2 4.56
      vertex 8.18074 32.1718 4.56
    endloop
  endfacet
  facet normal 0 0 -1
    outer loop
      vertex 7.31926 25.6282 4.56
      vertex 7.75 32.2 4.56
      vertex 7.75 25.6 4.56
    endloop
  endfacet
  facet normal 0 0 -1
    outer loop
      vertex 7.31926 25.6282 4.56
      vertex 7.31926 32.1718 4.56
      vertex 7.75 32.2 4.56
    endloop
  endfacet
  facet normal 0 0 -1
    outer loop
      vertex 6.8959 25.7124 4.56
      vertex 7.31926 32.1718 4.56
      vertex 7.31926 25.6282 4.56
    endloop
  endfacet
  facet normal 0 0 -1
    outer loop
      vertex 6.8959 25.7124 4.56
      vertex 6.8959 32.0876 4.56
      vertex 7.31926 32.1718 4.56
    endloop
  endfacet
  facet normal 0 0 -1
    outer loop
      vertex 6.48715 25.8512 4.56
      vertex 6.8959 32.0876 4.56
      vertex 6.8959 25.7124 4.56
    endloop
  endfacet
  facet normal 0 0 -1
    outer loop
      vertex 6.48715 25.8512 4.56
      vertex 6.48715 31.9488 4.56
      vertex 6.8959 32.0876 4.56
    endloop
  endfacet
  facet normal 0 0 -1
    outer loop
      vertex 6.1 26.0421 4.56
      vertex 6.48715 31.9488 4.56
      vertex 6.48715 25.8512 4.56
    endloop
  endfacet
  facet normal 0 0 -1
    outer loop
      vertex 6.1 26.0421 4.56
      vertex 6.1 31.7579 4.56
      vertex 6.48715 31.9488 4.56
    endloop
  endfacet
  facet normal 0 0 -1
    outer loop
      vertex 5.74109 26.2819 4.56
      vertex 6.1 31.7579 4.56
      vertex 6.1 26.0421 4.56
    endloop
  endfacet
  facet normal 0 0 -1
    outer loop
      vertex 5.74109 26.2819 4.56
      vertex 5.74109 31.5181 4.56
      vertex 6.1 31.7579 4.56
    endloop
  endfacet
  facet normal 0 0 -1
    outer loop
      vertex 5.41655 26.5665 4.56
      vertex 5.74109 31.5181 4.56
      vertex 5.74109 26.2819 4.56
    endloop
  endfacet
  facet normal 0 0 -1
    outer loop
      vertex 5.41655 26.5665 4.56
      vertex 5.41655 31.2335 4.56
      vertex 5.74109 31.5181 4.56
    endloop
  endfacet
  facet normal 0 0 -1
    outer loop
      vertex 5.13193 26.8911 4.56
      vertex 5.41655 31.2335 4.56
      vertex 5.41655 26.5665 4.56
    endloop
  endfacet
  facet normal 0 0 -1
    outer loop
      vertex 5.13193 26.8911 4.56
      vertex 5.13193 30.9089 4.56
      vertex 5.41655 31.2335 4.56
    endloop
  endfacet
  facet normal 0 0 -1
    outer loop
      vertex 4.89212 27.25 4.56
      vertex 5.13193 30.9089 4.56
      vertex 5.13193 26.8911 4.56
    endloop
  endfacet
  facet normal 0 0 -1
    outer loop
      vertex 4.89212 27.25 4.56
      vertex 4.89212 30.55 4.56
      vertex 5.13193 30.9089 4.56
    endloop
  endfacet
  facet normal 0 0 -1
    outer loop
      vertex 4.7012 27.6371 4.56
      vertex 4.89212 30.55 4.56
      vertex 4.89212 27.25 4.56
    endloop
  endfacet
  facet normal 0 0 -1
    outer loop
      vertex 4.7012 27.6371 4.56
      vertex 4.7012 30.1629 4.56
      vertex 4.89212 30.55 4.56
    endloop
  endfacet
  facet normal 0 0 -1
    outer loop
      vertex 4.56245 28.0459 4.56
      vertex 4.7012 30.1629 4.56
      vertex 4.7012 27.6371 4.56
    endloop
  endfacet
  facet normal 0 0 -1
    outer loop
      vertex 4.56245 28.0459 4.56
      vertex 4.56245 29.7541 4.56
      vertex 4.7012 30.1629 4.56
    endloop
  endfacet
  facet normal 0 0 -1
    outer loop
      vertex 4.47823 28.4693 4.56
      vertex 4.56245 29.7541 4.56
      vertex 4.56245 28.0459 4.56
    endloop
  endfacet
  facet normal 0 0 -1
    outer loop
      vertex 4.47823 28.4693 4.56
      vertex 4.47823 29.3307 4.56
      vertex 4.56245 29.7541 4.56
    endloop
  endfacet
  facet normal 0 -0 -1
    outer loop
      vertex 4.47823 29.3307 4.56
      vertex 4.47823 28.4693 4.56
      vertex 4.45 28.9 4.56
    endloop
  endfacet
  facet normal 0.442249 -0.896892 0
    outer loop
      vertex 6.1 31.7579 0.7
      vertex 6.48715 31.9488 4.56
      vertex 6.1 31.7579 4.56
    endloop
  endfacet
  facet normal 0.442249 -0.896892 0
    outer loop
      vertex 6.48715 31.9488 4.56
      vertex 6.1 31.7579 0.7
      vertex 6.48715 31.9488 0.7
    endloop
  endfacet
  facet normal 0.195065 -0.98079 0
    outer loop
      vertex 6.8959 32.0876 0.7
      vertex 7.31926 32.1718 4.56
      vertex 6.8959 32.0876 4.56
    endloop
  endfacet
  facet normal 0.195065 -0.98079 0
    outer loop
      vertex 7.31926 32.1718 4.56
      vertex 6.8959 32.0876 0.7
      vertex 7.31926 32.1718 0.7
    endloop
  endfacet
  facet normal -0.195065 0.98079 0
    outer loop
      vertex 8.6041 25.7124 0.7
      vertex 8.18074 25.6282 4.56
      vertex 8.6041 25.7124 4.56
    endloop
  endfacet
  facet normal -0.195065 0.98079 0
    outer loop
      vertex 8.18074 25.6282 4.56
      vertex 8.6041 25.7124 0.7
      vertex 8.18074 25.6282 0.7
    endloop
  endfacet
  facet normal -0.946908 -0.321504 0
    outer loop
      vertex 10.9376 29.7541 0.7
      vertex 10.7988 30.1629 4.56
      vertex 10.7988 30.1629 0.7
    endloop
  endfacet
  facet normal -0.946908 -0.321504 0
    outer loop
      vertex 10.7988 30.1629 4.56
      vertex 10.9376 29.7541 0.7
      vertex 10.9376 29.7541 4.56
    endloop
  endfacet
  facet normal -0.980794 -0.195047 0
    outer loop
      vertex 11.0218 29.3307 0.7
      vertex 10.9376 29.7541 4.56
      vertex 10.9376 29.7541 0.7
    endloop
  endfacet
  facet normal -0.980794 -0.195047 0
    outer loop
      vertex 10.9376 29.7541 4.56
      vertex 11.0218 29.3307 0.7
      vertex 11.0218 29.3307 4.56
    endloop
  endfacet
  facet normal -0.751916 -0.659259 0
    outer loop
      vertex 10.3681 30.9089 0.7
      vertex 10.0835 31.2335 4.56
      vertex 10.0835 31.2335 0.7
    endloop
  endfacet
  facet normal -0.751916 -0.659259 0
    outer loop
      vertex 10.0835 31.2335 4.56
      vertex 10.3681 30.9089 0.7
      vertex 10.3681 30.9089 4.56
    endloop
  endfacet
  facet normal -0.83148 -0.555555 0
    outer loop
      vertex 10.6079 30.55 0.7
      vertex 10.3681 30.9089 4.56
      vertex 10.3681 30.9089 0.7
    endloop
  endfacet
  facet normal -0.83148 -0.555555 0
    outer loop
      vertex 10.3681 30.9089 4.56
      vertex 10.6079 30.55 0.7
      vertex 10.6079 30.55 4.56
    endloop
  endfacet
  facet normal -0.0653289 -0.997864 0
    outer loop
      vertex 7.75 32.2 0.7
      vertex 8.18074 32.1718 4.56
      vertex 7.75 32.2 4.56
    endloop
  endfacet
  facet normal -0.0653289 -0.997864 -0
    outer loop
      vertex 8.18074 32.1718 4.56
      vertex 7.75 32.2 0.7
      vertex 8.18074 32.1718 0.7
    endloop
  endfacet
  facet normal -0.555545 -0.831487 0
    outer loop
      vertex 9.4 31.7579 0.7
      vertex 9.75891 31.5181 4.56
      vertex 9.4 31.7579 4.56
    endloop
  endfacet
  facet normal -0.555545 -0.831487 -0
    outer loop
      vertex 9.75891 31.5181 4.56
      vertex 9.4 31.7579 0.7
      vertex 9.75891 31.5181 0.7
    endloop
  endfacet
  facet normal 0.831469 -0.555571 0
    outer loop
      vertex 4.89212 30.55 4.56
      vertex 5.13193 30.9089 0.7
      vertex 5.13193 30.9089 4.56
    endloop
  endfacet
  facet normal 0.831469 -0.555571 0
    outer loop
      vertex 5.13193 30.9089 0.7
      vertex 4.89212 30.55 4.56
      vertex 4.89212 30.55 0.7
    endloop
  endfacet
  facet normal 0.751893 -0.659285 0
    outer loop
      vertex 5.13193 30.9089 4.56
      vertex 5.41655 31.2335 0.7
      vertex 5.41655 31.2335 4.56
    endloop
  endfacet
  facet normal 0.751893 -0.659285 0
    outer loop
      vertex 5.41655 31.2335 0.7
      vertex 5.13193 30.9089 4.56
      vertex 5.13193 30.9089 0.7
    endloop
  endfacet
  facet normal 0.946943 -0.3214 0
    outer loop
      vertex 4.56245 29.7541 4.56
      vertex 4.7012 30.1629 0.7
      vertex 4.7012 30.1629 4.56
    endloop
  endfacet
  facet normal 0.946943 -0.3214 0
    outer loop
      vertex 4.7012 30.1629 0.7
      vertex 4.56245 29.7541 4.56
      vertex 4.56245 29.7541 0.7
    endloop
  endfacet
  facet normal 0.980785 -0.195091 0
    outer loop
      vertex 4.47823 29.3307 4.56
      vertex 4.56245 29.7541 0.7
      vertex 4.56245 29.7541 4.56
    endloop
  endfacet
  facet normal 0.980785 -0.195091 0
    outer loop
      vertex 4.56245 29.7541 0.7
      vertex 4.47823 29.3307 4.56
      vertex 4.47823 29.3307 0.7
    endloop
  endfacet
  facet normal 0.555545 -0.831487 0
    outer loop
      vertex 5.74109 31.5181 0.7
      vertex 6.1 31.7579 4.56
      vertex 5.74109 31.5181 4.56
    endloop
  endfacet
  facet normal 0.555545 -0.831487 0
    outer loop
      vertex 6.1 31.7579 4.56
      vertex 5.74109 31.5181 0.7
      vertex 6.1 31.7579 0.7
    endloop
  endfacet
  facet normal -0.997863 0.0653349 0
    outer loop
      vertex 11.0218 28.4693 0.7
      vertex 11.05 28.9 4.56
      vertex 11.05 28.9 0.7
    endloop
  endfacet
  facet normal -0.997863 0.0653349 0
    outer loop
      vertex 11.05 28.9 4.56
      vertex 11.0218 28.4693 0.7
      vertex 11.0218 28.4693 4.56
    endloop
  endfacet
  facet normal -0.751916 0.659259 0
    outer loop
      vertex 10.0835 26.5665 0.7
      vertex 10.3681 26.8911 4.56
      vertex 10.3681 26.8911 0.7
    endloop
  endfacet
  facet normal -0.751916 0.659259 0
    outer loop
      vertex 10.3681 26.8911 4.56
      vertex 10.0835 26.5665 0.7
      vertex 10.0835 26.5665 4.56
    endloop
  endfacet
  facet normal -0.946908 0.321504 0
    outer loop
      vertex 10.7988 27.6371 0.7
      vertex 10.9376 28.0459 4.56
      vertex 10.9376 28.0459 0.7
    endloop
  endfacet
  facet normal -0.946908 0.321504 0
    outer loop
      vertex 10.9376 28.0459 4.56
      vertex 10.7988 27.6371 0.7
      vertex 10.7988 27.6371 4.56
    endloop
  endfacet
  facet normal -0.980794 0.195047 0
    outer loop
      vertex 10.9376 28.0459 0.7
      vertex 11.0218 28.4693 4.56
      vertex 11.0218 28.4693 0.7
    endloop
  endfacet
  facet normal -0.980794 0.195047 0
    outer loop
      vertex 11.0218 28.4693 4.56
      vertex 10.9376 28.0459 0.7
      vertex 10.9376 28.0459 4.56
    endloop
  endfacet
  facet normal 0.659328 0.751856 -0
    outer loop
      vertex 5.74109 26.2819 0.7
      vertex 5.41655 26.5665 4.56
      vertex 5.74109 26.2819 4.56
    endloop
  endfacet
  facet normal 0.659328 0.751856 0
    outer loop
      vertex 5.41655 26.5665 4.56
      vertex 5.74109 26.2819 0.7
      vertex 5.41655 26.5665 0.7
    endloop
  endfacet
  facet normal 0.896851 0.442332 0
    outer loop
      vertex 4.89212 27.25 4.56
      vertex 4.7012 27.6371 0.7
      vertex 4.7012 27.6371 4.56
    endloop
  endfacet
  facet normal 0.896851 0.442332 0
    outer loop
      vertex 4.7012 27.6371 0.7
      vertex 4.89212 27.25 4.56
      vertex 4.89212 27.25 0.7
    endloop
  endfacet
  facet normal 0.831469 0.555571 0
    outer loop
      vertex 5.13193 26.8911 4.56
      vertex 4.89212 27.25 0.7
      vertex 4.89212 27.25 4.56
    endloop
  endfacet
  facet normal 0.831469 0.555571 0
    outer loop
      vertex 4.89212 27.25 0.7
      vertex 5.13193 26.8911 4.56
      vertex 5.13193 26.8911 0.7
    endloop
  endfacet
  facet normal 0.997859 0.0654041 0
    outer loop
      vertex 4.47823 28.4693 4.56
      vertex 4.45 28.9 0.7
      vertex 4.45 28.9 4.56
    endloop
  endfacet
  facet normal 0.997859 0.0654041 0
    outer loop
      vertex 4.45 28.9 0.7
      vertex 4.47823 28.4693 4.56
      vertex 4.47823 28.4693 0.7
    endloop
  endfacet
  facet normal -0.83148 0.555555 0
    outer loop
      vertex 10.3681 26.8911 0.7
      vertex 10.6079 27.25 4.56
      vertex 10.6079 27.25 0.7
    endloop
  endfacet
  facet normal -0.83148 0.555555 0
    outer loop
      vertex 10.6079 27.25 4.56
      vertex 10.3681 26.8911 0.7
      vertex 10.3681 26.8911 4.56
    endloop
  endfacet
  facet normal 0.751893 0.659285 0
    outer loop
      vertex 5.41655 26.5665 4.56
      vertex 5.13193 26.8911 0.7
      vertex 5.13193 26.8911 4.56
    endloop
  endfacet
  facet normal 0.751893 0.659285 0
    outer loop
      vertex 5.13193 26.8911 0.7
      vertex 5.41655 26.5665 4.56
      vertex 5.41655 26.5665 0.7
    endloop
  endfacet
  facet normal 0.980785 0.195091 0
    outer loop
      vertex 4.56245 28.0459 4.56
      vertex 4.47823 28.4693 0.7
      vertex 4.47823 28.4693 4.56
    endloop
  endfacet
  facet normal 0.980785 0.195091 0
    outer loop
      vertex 4.47823 28.4693 0.7
      vertex 4.56245 28.0459 4.56
      vertex 4.56245 28.0459 0.7
    endloop
  endfacet
  facet normal 0.946943 0.3214 0
    outer loop
      vertex 4.7012 27.6371 4.56
      vertex 4.56245 28.0459 0.7
      vertex 4.56245 28.0459 4.56
    endloop
  endfacet
  facet normal 0.946943 0.3214 0
    outer loop
      vertex 4.56245 28.0459 0.7
      vertex 4.7012 27.6371 4.56
      vertex 4.7012 27.6371 0.7
    endloop
  endfacet
  facet normal -0.442249 0.896892 0
    outer loop
      vertex 9.4 26.0421 0.7
      vertex 9.01285 25.8512 4.56
      vertex 9.4 26.0421 4.56
    endloop
  endfacet
  facet normal -0.442249 0.896892 0
    outer loop
      vertex 9.01285 25.8512 4.56
      vertex 9.4 26.0421 0.7
      vertex 9.01285 25.8512 0.7
    endloop
  endfacet
  facet normal -0.321539 0.946896 0
    outer loop
      vertex 9.01285 25.8512 0.7
      vertex 8.6041 25.7124 4.56
      vertex 9.01285 25.8512 4.56
    endloop
  endfacet
  facet normal -0.321539 0.946896 0
    outer loop
      vertex 8.6041 25.7124 4.56
      vertex 9.01285 25.8512 0.7
      vertex 8.6041 25.7124 0.7
    endloop
  endfacet
  facet normal -0.89687 0.442295 0
    outer loop
      vertex 10.6079 27.25 0.7
      vertex 10.7988 27.6371 4.56
      vertex 10.7988 27.6371 0.7
    endloop
  endfacet
  facet normal -0.89687 0.442295 0
    outer loop
      vertex 10.7988 27.6371 4.56
      vertex 10.6079 27.25 0.7
      vertex 10.6079 27.25 4.56
    endloop
  endfacet
  facet normal -0.65927 0.751906 0
    outer loop
      vertex 10.0835 26.5665 0.7
      vertex 9.75891 26.2819 4.56
      vertex 10.0835 26.5665 4.56
    endloop
  endfacet
  facet normal -0.65927 0.751906 0
    outer loop
      vertex 9.75891 26.2819 4.56
      vertex 10.0835 26.5665 0.7
      vertex 9.75891 26.2819 0.7
    endloop
  endfacet
  facet normal -0.555545 0.831487 0
    outer loop
      vertex 9.75891 26.2819 0.7
      vertex 9.4 26.0421 4.56
      vertex 9.75891 26.2819 4.56
    endloop
  endfacet
  facet normal -0.555545 0.831487 0
    outer loop
      vertex 9.4 26.0421 4.56
      vertex 9.75891 26.2819 0.7
      vertex 9.4 26.0421 0.7
    endloop
  endfacet
  facet normal 0.442249 0.896892 -0
    outer loop
      vertex 6.48715 25.8512 0.7
      vertex 6.1 26.0421 4.56
      vertex 6.48715 25.8512 4.56
    endloop
  endfacet
  facet normal 0.442249 0.896892 0
    outer loop
      vertex 6.1 26.0421 4.56
      vertex 6.48715 25.8512 0.7
      vertex 6.1 26.0421 0.7
    endloop
  endfacet
  facet normal 0.195065 0.98079 -0
    outer loop
      vertex 7.31926 25.6282 0.7
      vertex 6.8959 25.7124 4.56
      vertex 7.31926 25.6282 4.56
    endloop
  endfacet
  facet normal 0.195065 0.98079 0
    outer loop
      vertex 6.8959 25.7124 4.56
      vertex 7.31926 25.6282 0.7
      vertex 6.8959 25.7124 0.7
    endloop
  endfacet
  facet normal 0.321539 0.946896 -0
    outer loop
      vertex 6.8959 25.7124 0.7
      vertex 6.48715 25.8512 4.56
      vertex 6.8959 25.7124 4.56
    endloop
  endfacet
  facet normal 0.321539 0.946896 0
    outer loop
      vertex 6.48715 25.8512 4.56
      vertex 6.8959 25.7124 0.7
      vertex 6.48715 25.8512 0.7
    endloop
  endfacet
  facet normal 0.0653289 0.997864 -0
    outer loop
      vertex 7.75 25.6 0.7
      vertex 7.31926 25.6282 4.56
      vertex 7.75 25.6 4.56
    endloop
  endfacet
  facet normal 0.0653289 0.997864 0
    outer loop
      vertex 7.31926 25.6282 4.56
      vertex 7.75 25.6 0.7
      vertex 7.31926 25.6282 0.7
    endloop
  endfacet
  facet normal 0.555545 0.831487 -0
    outer loop
      vertex 6.1 26.0421 0.7
      vertex 5.74109 26.2819 4.56
      vertex 6.1 26.0421 4.56
    endloop
  endfacet
  facet normal 0.555545 0.831487 0
    outer loop
      vertex 5.74109 26.2819 4.56
      vertex 6.1 26.0421 0.7
      vertex 5.74109 26.2819 0.7
    endloop
  endfacet
  facet normal -0.997851 -0.0655224 0
    outer loop
      vertex 10.55 28.9 4.85
      vertex 10.526 29.2655 6.8
      vertex 10.526 29.2655 4.85
    endloop
  endfacet
  facet normal -0.997851 -0.0655224 0
    outer loop
      vertex 10.526 29.2655 6.8
      vertex 10.55 28.9 4.85
      vertex 10.55 28.9 6.8
    endloop
  endfacet
  facet normal 0.997858 -0.0654136 0
    outer loop
      vertex 4.95 28.9 6.8
      vertex 4.97396 29.2655 4.85
      vertex 4.97396 29.2655 6.8
    endloop
  endfacet
  facet normal 0.997858 -0.0654136 0
    outer loop
      vertex 4.97396 29.2655 4.85
      vertex 4.95 28.9 6.8
      vertex 4.95 28.9 4.85
    endloop
  endfacet
  facet normal -0.0655277 -0.997851 0
    outer loop
      vertex 7.75 31.7 4.85
      vertex 8.11547 31.676 6.8
      vertex 7.75 31.7 6.8
    endloop
  endfacet
  facet normal -0.0655277 -0.997851 -0
    outer loop
      vertex 8.11547 31.676 6.8
      vertex 7.75 31.7 4.85
      vertex 8.11547 31.676 4.85
    endloop
  endfacet
  facet normal 0.0655277 0.997851 -0
    outer loop
      vertex 7.75 26.1 4.85
      vertex 7.38453 26.124 6.8
      vertex 7.75 26.1 6.8
    endloop
  endfacet
  facet normal 0.0655277 0.997851 0
    outer loop
      vertex 7.38453 26.124 6.8
      vertex 7.75 26.1 4.85
      vertex 7.38453 26.124 4.85
    endloop
  endfacet
  facet normal -0.659357 -0.75183 0
    outer loop
      vertex 9.45453 31.1214 4.85
      vertex 9.7299 30.8799 6.8
      vertex 9.45453 31.1214 6.8
    endloop
  endfacet
  facet normal -0.659357 -0.75183 -0
    outer loop
      vertex 9.7299 30.8799 6.8
      vertex 9.45453 31.1214 4.85
      vertex 9.7299 30.8799 4.85
    endloop
  endfacet
  facet normal 0.659357 -0.75183 0
    outer loop
      vertex 5.7701 30.8799 4.85
      vertex 6.04547 31.1214 6.8
      vertex 5.7701 30.8799 6.8
    endloop
  endfacet
  facet normal 0.659357 -0.75183 0
    outer loop
      vertex 6.04547 31.1214 6.8
      vertex 5.7701 30.8799 4.85
      vertex 6.04547 31.1214 4.85
    endloop
  endfacet
  facet normal 0.321367 -0.946955 0
    outer loop
      vertex 6.67849 31.4869 4.85
      vertex 7.02531 31.6046 6.8
      vertex 6.67849 31.4869 6.8
    endloop
  endfacet
  facet normal 0.321367 -0.946955 0
    outer loop
      vertex 7.02531 31.6046 6.8
      vertex 6.67849 31.4869 4.85
      vertex 7.02531 31.6046 4.85
    endloop
  endfacet
  facet normal -0.896871 -0.442292 0
    outer loop
      vertex 10.3369 29.9715 4.85
      vertex 10.1749 30.3 6.8
      vertex 10.1749 30.3 4.85
    endloop
  endfacet
  facet normal -0.896871 -0.442292 0
    outer loop
      vertex 10.1749 30.3 6.8
      vertex 10.3369 29.9715 4.85
      vertex 10.3369 29.9715 6.8
    endloop
  endfacet
  facet normal -0.831407 -0.555664 0
    outer loop
      vertex 10.1749 30.3 4.85
      vertex 9.97139 30.6045 6.8
      vertex 9.97139 30.6045 4.85
    endloop
  endfacet
  facet normal -0.831407 -0.555664 0
    outer loop
      vertex 9.97139 30.6045 6.8
      vertex 10.1749 30.3 4.85
      vertex 10.1749 30.3 6.8
    endloop
  endfacet
  facet normal -0.442303 -0.896866 0
    outer loop
      vertex 8.82151 31.4869 4.85
      vertex 9.15 31.3249 6.8
      vertex 8.82151 31.4869 6.8
    endloop
  endfacet
  facet normal -0.442303 -0.896866 -0
    outer loop
      vertex 9.15 31.3249 6.8
      vertex 8.82151 31.4869 4.85
      vertex 9.15 31.3249 4.85
    endloop
  endfacet
  facet normal -0.321367 -0.946955 0
    outer loop
      vertex 8.47469 31.6046 4.85
      vertex 8.82151 31.4869 6.8
      vertex 8.47469 31.6046 6.8
    endloop
  endfacet
  facet normal -0.321367 -0.946955 -0
    outer loop
      vertex 8.82151 31.4869 6.8
      vertex 8.47469 31.6046 4.85
      vertex 8.82151 31.4869 4.85
    endloop
  endfacet
  facet normal -0.555607 -0.831445 0
    outer loop
      vertex 9.15 31.3249 4.85
      vertex 9.45453 31.1214 6.8
      vertex 9.15 31.3249 6.8
    endloop
  endfacet
  facet normal -0.555607 -0.831445 -0
    outer loop
      vertex 9.45453 31.1214 6.8
      vertex 9.15 31.3249 4.85
      vertex 9.45453 31.1214 4.85
    endloop
  endfacet
  facet normal 0.896882 -0.442271 0
    outer loop
      vertex 5.16314 29.9715 6.8
      vertex 5.32513 30.3 4.85
      vertex 5.32513 30.3 6.8
    endloop
  endfacet
  facet normal 0.896882 -0.442271 0
    outer loop
      vertex 5.32513 30.3 4.85
      vertex 5.16314 29.9715 6.8
      vertex 5.16314 29.9715 4.85
    endloop
  endfacet
  facet normal 0.751879 -0.659301 0
    outer loop
      vertex 5.52861 30.6045 6.8
      vertex 5.7701 30.8799 4.85
      vertex 5.7701 30.8799 6.8
    endloop
  endfacet
  facet normal 0.751879 -0.659301 0
    outer loop
      vertex 5.7701 30.8799 4.85
      vertex 5.52861 30.6045 6.8
      vertex 5.52861 30.6045 4.85
    endloop
  endfacet
  facet normal 0.946924 -0.321457 0
    outer loop
      vertex 5.04541 29.6247 6.8
      vertex 5.16314 29.9715 4.85
      vertex 5.16314 29.9715 6.8
    endloop
  endfacet
  facet normal 0.946924 -0.321457 0
    outer loop
      vertex 5.16314 29.9715 4.85
      vertex 5.04541 29.6247 6.8
      vertex 5.04541 29.6247 4.85
    endloop
  endfacet
  facet normal 0.19495 -0.980813 0
    outer loop
      vertex 7.02531 31.6046 4.85
      vertex 7.38453 31.676 6.8
      vertex 7.02531 31.6046 6.8
    endloop
  endfacet
  facet normal 0.19495 -0.980813 0
    outer loop
      vertex 7.38453 31.676 6.8
      vertex 7.02531 31.6046 4.85
      vertex 7.38453 31.676 4.85
    endloop
  endfacet
  facet normal 0.442303 0.896866 -0
    outer loop
      vertex 6.67849 26.3131 4.85
      vertex 6.35 26.4751 6.8
      vertex 6.67849 26.3131 6.8
    endloop
  endfacet
  facet normal 0.442303 0.896866 0
    outer loop
      vertex 6.35 26.4751 6.8
      vertex 6.67849 26.3131 4.85
      vertex 6.35 26.4751 4.85
    endloop
  endfacet
  facet normal 0.659357 0.75183 -0
    outer loop
      vertex 6.04547 26.6786 4.85
      vertex 5.7701 26.9201 6.8
      vertex 6.04547 26.6786 6.8
    endloop
  endfacet
  facet normal 0.659357 0.75183 0
    outer loop
      vertex 5.7701 26.9201 6.8
      vertex 6.04547 26.6786 4.85
      vertex 5.7701 26.9201 4.85
    endloop
  endfacet
  facet normal 0.321367 0.946955 -0
    outer loop
      vertex 7.02531 26.1954 4.85
      vertex 6.67849 26.3131 6.8
      vertex 7.02531 26.1954 6.8
    endloop
  endfacet
  facet normal 0.321367 0.946955 0
    outer loop
      vertex 6.67849 26.3131 6.8
      vertex 7.02531 26.1954 4.85
      vertex 6.67849 26.3131 4.85
    endloop
  endfacet
  facet normal 0 0 1
    outer loop
      vertex 10.526 29.2655 4.85
      vertex 10.526 28.5345 4.85
      vertex 10.55 28.9 4.85
    endloop
  endfacet
  facet normal 0 0 1
    outer loop
      vertex 10.4546 29.6247 4.85
      vertex 10.526 28.5345 4.85
      vertex 10.526 29.2655 4.85
    endloop
  endfacet
  facet normal 0 0 1
    outer loop
      vertex 10.4546 29.6247 4.85
      vertex 10.4546 28.1753 4.85
      vertex 10.526 28.5345 4.85
    endloop
  endfacet
  facet normal 0 0 1
    outer loop
      vertex 10.3369 29.9715 4.85
      vertex 10.4546 28.1753 4.85
      vertex 10.4546 29.6247 4.85
    endloop
  endfacet
  facet normal 0 0 1
    outer loop
      vertex 10.3369 29.9715 4.85
      vertex 10.3369 27.8285 4.85
      vertex 10.4546 28.1753 4.85
    endloop
  endfacet
  facet normal 0 0 1
    outer loop
      vertex 10.1749 30.3 4.85
      vertex 10.3369 27.8285 4.85
      vertex 10.3369 29.9715 4.85
    endloop
  endfacet
  facet normal 0 0 1
    outer loop
      vertex 10.1749 30.3 4.85
      vertex 10.1749 27.5 4.85
      vertex 10.3369 27.8285 4.85
    endloop
  endfacet
  facet normal 0 0 1
    outer loop
      vertex 9.97139 30.6045 4.85
      vertex 10.1749 27.5 4.85
      vertex 10.1749 30.3 4.85
    endloop
  endfacet
  facet normal 0 0 1
    outer loop
      vertex 9.97139 30.6045 4.85
      vertex 9.97139 27.1955 4.85
      vertex 10.1749 27.5 4.85
    endloop
  endfacet
  facet normal 0 0 1
    outer loop
      vertex 9.7299 30.8799 4.85
      vertex 9.97139 27.1955 4.85
      vertex 9.97139 30.6045 4.85
    endloop
  endfacet
  facet normal 0 0 1
    outer loop
      vertex 9.7299 30.8799 4.85
      vertex 9.7299 26.9201 4.85
      vertex 9.97139 27.1955 4.85
    endloop
  endfacet
  facet normal 0 0 1
    outer loop
      vertex 9.45453 31.1214 4.85
      vertex 9.7299 26.9201 4.85
      vertex 9.7299 30.8799 4.85
    endloop
  endfacet
  facet normal 0 0 1
    outer loop
      vertex 9.45453 31.1214 4.85
      vertex 9.45453 26.6786 4.85
      vertex 9.7299 26.9201 4.85
    endloop
  endfacet
  facet normal 0 0 1
    outer loop
      vertex 9.15 31.3249 4.85
      vertex 9.45453 26.6786 4.85
      vertex 9.45453 31.1214 4.85
    endloop
  endfacet
  facet normal 0 0 1
    outer loop
      vertex 9.15 31.3249 4.85
      vertex 9.15 26.4751 4.85
      vertex 9.45453 26.6786 4.85
    endloop
  endfacet
  facet normal 0 0 1
    outer loop
      vertex 8.82151 31.4869 4.85
      vertex 9.15 26.4751 4.85
      vertex 9.15 31.3249 4.85
    endloop
  endfacet
  facet normal 0 0 1
    outer loop
      vertex 8.82151 31.4869 4.85
      vertex 8.82151 26.3131 4.85
      vertex 9.15 26.4751 4.85
    endloop
  endfacet
  facet normal 0 0 1
    outer loop
      vertex 8.47469 31.6046 4.85
      vertex 8.82151 26.3131 4.85
      vertex 8.82151 31.4869 4.85
    endloop
  endfacet
  facet normal 0 0 1
    outer loop
      vertex 8.47469 31.6046 4.85
      vertex 8.47469 26.1954 4.85
      vertex 8.82151 26.3131 4.85
    endloop
  endfacet
  facet normal 0 0 1
    outer loop
      vertex 8.11547 31.676 4.85
      vertex 8.47469 26.1954 4.85
      vertex 8.47469 31.6046 4.85
    endloop
  endfacet
  facet normal 0 0 1
    outer loop
      vertex 8.11547 31.676 4.85
      vertex 8.11547 26.124 4.85
      vertex 8.47469 26.1954 4.85
    endloop
  endfacet
  facet normal 0 0 1
    outer loop
      vertex 7.75 31.7 4.85
      vertex 8.11547 26.124 4.85
      vertex 8.11547 31.676 4.85
    endloop
  endfacet
  facet normal 0 0 1
    outer loop
      vertex 7.75 31.7 4.85
      vertex 7.75 26.1 4.85
      vertex 8.11547 26.124 4.85
    endloop
  endfacet
  facet normal -0 0 1
    outer loop
      vertex 7.38453 31.676 4.85
      vertex 7.75 26.1 4.85
      vertex 7.75 31.7 4.85
    endloop
  endfacet
  facet normal 0 0 1
    outer loop
      vertex 7.38453 31.676 4.85
      vertex 7.38453 26.124 4.85
      vertex 7.75 26.1 4.85
    endloop
  endfacet
  facet normal -0 0 1
    outer loop
      vertex 7.02531 31.6046 4.85
      vertex 7.38453 26.124 4.85
      vertex 7.38453 31.676 4.85
    endloop
  endfacet
  facet normal 0 0 1
    outer loop
      vertex 7.02531 31.6046 4.85
      vertex 7.02531 26.1954 4.85
      vertex 7.38453 26.124 4.85
    endloop
  endfacet
  facet normal -0 0 1
    outer loop
      vertex 6.67849 31.4869 4.85
      vertex 7.02531 26.1954 4.85
      vertex 7.02531 31.6046 4.85
    endloop
  endfacet
  facet normal 0 0 1
    outer loop
      vertex 6.67849 31.4869 4.85
      vertex 6.67849 26.3131 4.85
      vertex 7.02531 26.1954 4.85
    endloop
  endfacet
  facet normal -0 0 1
    outer loop
      vertex 6.35 31.3249 4.85
      vertex 6.67849 26.3131 4.85
      vertex 6.67849 31.4869 4.85
    endloop
  endfacet
  facet normal 0 0 1
    outer loop
      vertex 6.35 31.3249 4.85
      vertex 6.35 26.4751 4.85
      vertex 6.67849 26.3131 4.85
    endloop
  endfacet
  facet normal -0 0 1
    outer loop
      vertex 6.04547 31.1214 4.85
      vertex 6.35 26.4751 4.85
      vertex 6.35 31.3249 4.85
    endloop
  endfacet
  facet normal 0 0 1
    outer loop
      vertex 6.04547 31.1214 4.85
      vertex 6.04547 26.6786 4.85
      vertex 6.35 26.4751 4.85
    endloop
  endfacet
  facet normal -0 0 1
    outer loop
      vertex 5.7701 30.8799 4.85
      vertex 6.04547 26.6786 4.85
      vertex 6.04547 31.1214 4.85
    endloop
  endfacet
  facet normal 0 0 1
    outer loop
      vertex 5.7701 30.8799 4.85
      vertex 5.7701 26.9201 4.85
      vertex 6.04547 26.6786 4.85
    endloop
  endfacet
  facet normal -0 0 1
    outer loop
      vertex 5.52861 30.6045 4.85
      vertex 5.7701 26.9201 4.85
      vertex 5.7701 30.8799 4.85
    endloop
  endfacet
  facet normal 0 0 1
    outer loop
      vertex 5.52861 30.6045 4.85
      vertex 5.52861 27.1955 4.85
      vertex 5.7701 26.9201 4.85
    endloop
  endfacet
  facet normal -0 0 1
    outer loop
      vertex 5.32513 30.3 4.85
      vertex 5.52861 27.1955 4.85
      vertex 5.52861 30.6045 4.85
    endloop
  endfacet
  facet normal 0 0 1
    outer loop
      vertex 5.32513 30.3 4.85
      vertex 5.32513 27.5 4.85
      vertex 5.52861 27.1955 4.85
    endloop
  endfacet
  facet normal -0 0 1
    outer loop
      vertex 5.16314 29.9715 4.85
      vertex 5.32513 27.5 4.85
      vertex 5.32513 30.3 4.85
    endloop
  endfacet
  facet normal 0 0 1
    outer loop
      vertex 5.16314 29.9715 4.85
      vertex 5.16314 27.8285 4.85
      vertex 5.32513 27.5 4.85
    endloop
  endfacet
  facet normal -0 0 1
    outer loop
      vertex 5.04541 29.6247 4.85
      vertex 5.16314 27.8285 4.85
      vertex 5.16314 29.9715 4.85
    endloop
  endfacet
  facet normal 0 0 1
    outer loop
      vertex 5.04541 29.6247 4.85
      vertex 5.04541 28.1753 4.85
      vertex 5.16314 27.8285 4.85
    endloop
  endfacet
  facet normal -0 0 1
    outer loop
      vertex 4.97396 29.2655 4.85
      vertex 5.04541 28.1753 4.85
      vertex 5.04541 29.6247 4.85
    endloop
  endfacet
  facet normal 0 0 1
    outer loop
      vertex 4.97396 29.2655 4.85
      vertex 4.97396 28.5345 4.85
      vertex 5.04541 28.1753 4.85
    endloop
  endfacet
  facet normal 0 -0 1
    outer loop
      vertex 4.97396 28.5345 4.85
      vertex 4.97396 29.2655 4.85
      vertex 4.95 28.9 4.85
    endloop
  endfacet
  facet normal -0.946949 -0.321384 0
    outer loop
      vertex 10.4546 29.6247 4.85
      vertex 10.3369 29.9715 6.8
      vertex 10.3369 29.9715 4.85
    endloop
  endfacet
  facet normal -0.946949 -0.321384 0
    outer loop
      vertex 10.3369 29.9715 6.8
      vertex 10.4546 29.6247 4.85
      vertex 10.4546 29.6247 6.8
    endloop
  endfacet
  facet normal -0.980811 -0.194961 0
    outer loop
      vertex 10.526 29.2655 4.85
      vertex 10.4546 29.6247 6.8
      vertex 10.4546 29.6247 4.85
    endloop
  endfacet
  facet normal -0.980811 -0.194961 0
    outer loop
      vertex 10.4546 29.6247 6.8
      vertex 10.526 29.2655 4.85
      vertex 10.526 29.2655 6.8
    endloop
  endfacet
  facet normal -0.751879 -0.659301 0
    outer loop
      vertex 9.97139 30.6045 4.85
      vertex 9.7299 30.8799 6.8
      vertex 9.7299 30.8799 4.85
    endloop
  endfacet
  facet normal -0.751879 -0.659301 0
    outer loop
      vertex 9.7299 30.8799 6.8
      vertex 9.97139 30.6045 4.85
      vertex 9.97139 30.6045 6.8
    endloop
  endfacet
  facet normal -0.19495 -0.980813 0
    outer loop
      vertex 8.11547 31.676 4.85
      vertex 8.47469 31.6046 6.8
      vertex 8.11547 31.676 6.8
    endloop
  endfacet
  facet normal -0.19495 -0.980813 -0
    outer loop
      vertex 8.47469 31.6046 6.8
      vertex 8.11547 31.676 4.85
      vertex 8.47469 31.6046 4.85
    endloop
  endfacet
  facet normal 0.831445 -0.555607 0
    outer loop
      vertex 5.32513 30.3 6.8
      vertex 5.52861 30.6045 4.85
      vertex 5.52861 30.6045 6.8
    endloop
  endfacet
  facet normal 0.831445 -0.555607 0
    outer loop
      vertex 5.52861 30.6045 4.85
      vertex 5.32513 30.3 6.8
      vertex 5.32513 30.3 4.85
    endloop
  endfacet
  facet normal 0.980785 -0.195092 0
    outer loop
      vertex 4.97396 29.2655 6.8
      vertex 5.04541 29.6247 4.85
      vertex 5.04541 29.6247 6.8
    endloop
  endfacet
  facet normal 0.980785 -0.195092 0
    outer loop
      vertex 5.04541 29.6247 4.85
      vertex 4.97396 29.2655 6.8
      vertex 4.97396 29.2655 4.85
    endloop
  endfacet
  facet normal 0.442303 -0.896866 0
    outer loop
      vertex 6.35 31.3249 4.85
      vertex 6.67849 31.4869 6.8
      vertex 6.35 31.3249 6.8
    endloop
  endfacet
  facet normal 0.442303 -0.896866 0
    outer loop
      vertex 6.67849 31.4869 6.8
      vertex 6.35 31.3249 4.85
      vertex 6.67849 31.4869 4.85
    endloop
  endfacet
  facet normal 0.555607 -0.831445 0
    outer loop
      vertex 6.04547 31.1214 4.85
      vertex 6.35 31.3249 6.8
      vertex 6.04547 31.1214 6.8
    endloop
  endfacet
  facet normal 0.555607 -0.831445 0
    outer loop
      vertex 6.35 31.3249 6.8
      vertex 6.04547 31.1214 4.85
      vertex 6.35 31.3249 4.85
    endloop
  endfacet
  facet normal 0.0655277 -0.997851 0
    outer loop
      vertex 7.38453 31.676 4.85
      vertex 7.75 31.7 6.8
      vertex 7.38453 31.676 6.8
    endloop
  endfacet
  facet normal 0.0655277 -0.997851 0
    outer loop
      vertex 7.75 31.7 6.8
      vertex 7.38453 31.676 4.85
      vertex 7.75 31.7 4.85
    endloop
  endfacet
  facet normal -0.997851 0.0655224 0
    outer loop
      vertex 10.526 28.5345 4.85
      vertex 10.55 28.9 6.8
      vertex 10.55 28.9 4.85
    endloop
  endfacet
  facet normal -0.997851 0.0655224 0
    outer loop
      vertex 10.55 28.9 6.8
      vertex 10.526 28.5345 4.85
      vertex 10.526 28.5345 6.8
    endloop
  endfacet
  facet normal -0.0655277 0.997851 0
    outer loop
      vertex 8.11547 26.124 4.85
      vertex 7.75 26.1 6.8
      vertex 8.11547 26.124 6.8
    endloop
  endfacet
  facet normal -0.0655277 0.997851 0
    outer loop
      vertex 7.75 26.1 6.8
      vertex 8.11547 26.124 4.85
      vertex 7.75 26.1 4.85
    endloop
  endfacet
  facet normal -0.321367 0.946955 0
    outer loop
      vertex 8.82151 26.3131 4.85
      vertex 8.47469 26.1954 6.8
      vertex 8.82151 26.3131 6.8
    endloop
  endfacet
  facet normal -0.321367 0.946955 0
    outer loop
      vertex 8.47469 26.1954 6.8
      vertex 8.82151 26.3131 4.85
      vertex 8.47469 26.1954 4.85
    endloop
  endfacet
  facet normal -0.659357 0.75183 0
    outer loop
      vertex 9.7299 26.9201 4.85
      vertex 9.45453 26.6786 6.8
      vertex 9.7299 26.9201 6.8
    endloop
  endfacet
  facet normal -0.659357 0.75183 0
    outer loop
      vertex 9.45453 26.6786 6.8
      vertex 9.7299 26.9201 4.85
      vertex 9.45453 26.6786 4.85
    endloop
  endfacet
  facet normal -0.442303 0.896866 0
    outer loop
      vertex 9.15 26.4751 4.85
      vertex 8.82151 26.3131 6.8
      vertex 9.15 26.4751 6.8
    endloop
  endfacet
  facet normal -0.442303 0.896866 0
    outer loop
      vertex 8.82151 26.3131 6.8
      vertex 9.15 26.4751 4.85
      vertex 8.82151 26.3131 4.85
    endloop
  endfacet
  facet normal -0.946949 0.321384 0
    outer loop
      vertex 10.3369 27.8285 4.85
      vertex 10.4546 28.1753 6.8
      vertex 10.4546 28.1753 4.85
    endloop
  endfacet
  facet normal -0.946949 0.321384 0
    outer loop
      vertex 10.4546 28.1753 6.8
      vertex 10.3369 27.8285 4.85
      vertex 10.3369 27.8285 6.8
    endloop
  endfacet
  facet normal -0.831407 0.555664 0
    outer loop
      vertex 9.97139 27.1955 4.85
      vertex 10.1749 27.5 6.8
      vertex 10.1749 27.5 4.85
    endloop
  endfacet
  facet normal -0.831407 0.555664 0
    outer loop
      vertex 10.1749 27.5 6.8
      vertex 9.97139 27.1955 4.85
      vertex 9.97139 27.1955 6.8
    endloop
  endfacet
  facet normal 0.555607 0.831445 -0
    outer loop
      vertex 6.35 26.4751 4.85
      vertex 6.04547 26.6786 6.8
      vertex 6.35 26.4751 6.8
    endloop
  endfacet
  facet normal 0.555607 0.831445 0
    outer loop
      vertex 6.04547 26.6786 6.8
      vertex 6.35 26.4751 4.85
      vertex 6.04547 26.6786 4.85
    endloop
  endfacet
  facet normal 0.19495 0.980813 -0
    outer loop
      vertex 7.38453 26.124 4.85
      vertex 7.02531 26.1954 6.8
      vertex 7.38453 26.124 6.8
    endloop
  endfacet
  facet normal 0.19495 0.980813 0
    outer loop
      vertex 7.02531 26.1954 6.8
      vertex 7.38453 26.124 4.85
      vertex 7.02531 26.1954 4.85
    endloop
  endfacet
  facet normal 0.896882 0.442271 0
    outer loop
      vertex 5.32513 27.5 6.8
      vertex 5.16314 27.8285 4.85
      vertex 5.16314 27.8285 6.8
    endloop
  endfacet
  facet normal 0.896882 0.442271 0
    outer loop
      vertex 5.16314 27.8285 4.85
      vertex 5.32513 27.5 6.8
      vertex 5.32513 27.5 4.85
    endloop
  endfacet
  facet normal 0.751879 0.659301 0
    outer loop
      vertex 5.7701 26.9201 6.8
      vertex 5.52861 27.1955 4.85
      vertex 5.52861 27.1955 6.8
    endloop
  endfacet
  facet normal 0.751879 0.659301 0
    outer loop
      vertex 5.52861 27.1955 4.85
      vertex 5.7701 26.9201 6.8
      vertex 5.7701 26.9201 4.85
    endloop
  endfacet
  facet normal 0.946924 0.321457 0
    outer loop
      vertex 5.16314 27.8285 6.8
      vertex 5.04541 28.1753 4.85
      vertex 5.04541 28.1753 6.8
    endloop
  endfacet
  facet normal 0.946924 0.321457 0
    outer loop
      vertex 5.04541 28.1753 4.85
      vertex 5.16314 27.8285 6.8
      vertex 5.16314 27.8285 4.85
    endloop
  endfacet
  facet normal 0.997858 0.0654136 0
    outer loop
      vertex 4.97396 28.5345 6.8
      vertex 4.95 28.9 4.85
      vertex 4.95 28.9 6.8
    endloop
  endfacet
  facet normal 0.997858 0.0654136 0
    outer loop
      vertex 4.95 28.9 4.85
      vertex 4.97396 28.5345 6.8
      vertex 4.97396 28.5345 4.85
    endloop
  endfacet
  facet normal -0.19495 0.980813 0
    outer loop
      vertex 8.47469 26.1954 4.85
      vertex 8.11547 26.124 6.8
      vertex 8.47469 26.1954 6.8
    endloop
  endfacet
  facet normal -0.19495 0.980813 0
    outer loop
      vertex 8.11547 26.124 6.8
      vertex 8.47469 26.1954 4.85
      vertex 8.11547 26.124 4.85
    endloop
  endfacet
  facet normal -0.751879 0.659301 0
    outer loop
      vertex 9.7299 26.9201 4.85
      vertex 9.97139 27.1955 6.8
      vertex 9.97139 27.1955 4.85
    endloop
  endfacet
  facet normal -0.751879 0.659301 0
    outer loop
      vertex 9.97139 27.1955 6.8
      vertex 9.7299 26.9201 4.85
      vertex 9.7299 26.9201 6.8
    endloop
  endfacet
  facet normal -0.555607 0.831445 0
    outer loop
      vertex 9.45453 26.6786 4.85
      vertex 9.15 26.4751 6.8
      vertex 9.45453 26.6786 6.8
    endloop
  endfacet
  facet normal -0.555607 0.831445 0
    outer loop
      vertex 9.15 26.4751 6.8
      vertex 9.45453 26.6786 4.85
      vertex 9.15 26.4751 4.85
    endloop
  endfacet
  facet normal -0.980811 0.194961 0
    outer loop
      vertex 10.4546 28.1753 4.85
      vertex 10.526 28.5345 6.8
      vertex 10.526 28.5345 4.85
    endloop
  endfacet
  facet normal -0.980811 0.194961 0
    outer loop
      vertex 10.526 28.5345 6.8
      vertex 10.4546 28.1753 4.85
      vertex 10.4546 28.1753 6.8
    endloop
  endfacet
  facet normal -0.896871 0.442292 0
    outer loop
      vertex 10.1749 27.5 4.85
      vertex 10.3369 27.8285 6.8
      vertex 10.3369 27.8285 4.85
    endloop
  endfacet
  facet normal -0.896871 0.442292 0
    outer loop
      vertex 10.3369 27.8285 6.8
      vertex 10.1749 27.5 4.85
      vertex 10.1749 27.5 6.8
    endloop
  endfacet
  facet normal 0.831445 0.555607 0
    outer loop
      vertex 5.52861 27.1955 6.8
      vertex 5.32513 27.5 4.85
      vertex 5.32513 27.5 6.8
    endloop
  endfacet
  facet normal 0.831445 0.555607 0
    outer loop
      vertex 5.32513 27.5 4.85
      vertex 5.52861 27.1955 6.8
      vertex 5.52861 27.1955 4.85
    endloop
  endfacet
  facet normal 0.980785 0.195092 0
    outer loop
      vertex 5.04541 28.1753 6.8
      vertex 4.97396 28.5345 4.85
      vertex 4.97396 28.5345 6.8
    endloop
  endfacet
  facet normal 0.980785 0.195092 0
    outer loop
      vertex 4.97396 28.5345 4.85
      vertex 5.04541 28.1753 6.8
      vertex 5.04541 28.1753 4.85
    endloop
  endfacet
  facet normal -0.960623 -0.0629917 -0.270621
    outer loop
      vertex 11.05 86.9 0.7
      vertex 11.2468 86.9061 0
      vertex 11.2472 86.9 0
    endloop
  endfacet
  facet normal -0.960629 -0.062897 -0.270622
    outer loop
      vertex 11.2468 86.9061 0
      vertex 11.05 86.9 0.7
      vertex 11.0218 87.3307 0.7
    endloop
  endfacet
  facet normal -0.960631 -0.0629188 -0.270609
    outer loop
      vertex 11.2173 87.3565 0
      vertex 11.2468 86.9061 0
      vertex 11.0218 87.3307 0.7
    endloop
  endfacet
  facet normal 0.960724 0.0614233 -0.270622
    outer loop
      vertex 4.45 86.9 0.7
      vertex 4.25321 86.8939 0
      vertex 4.25282 86.9 0
    endloop
  endfacet
  facet normal 0.960628 0.0629639 -0.270609
    outer loop
      vertex 4.25321 86.8939 0
      vertex 4.45 86.9 0.7
      vertex 4.47823 86.4693 0.7
    endloop
  endfacet
  facet normal -0.943383 -0.191874 -0.27058
    outer loop
      vertex 11.1292 87.7992 0
      vertex 10.9376 87.7541 0.7
      vertex 11.128 87.8051 0
    endloop
  endfacet
  facet normal -0.944218 -0.187773 -0.270544
    outer loop
      vertex 10.9376 87.7541 0.7
      vertex 11.1292 87.7992 0
      vertex 11.0218 87.3307 0.7
    endloop
  endfacet
  facet normal -0.86335 -0.425917 -0.270595
    outer loop
      vertex 10.981 88.2383 0
      vertex 10.7988 88.1629 0.7
      vertex 10.7813 88.6431 0
    endloop
  endfacet
  facet normal -0.0628912 0.96063 -0.27062
    outer loop
      vertex 7.75607 83.4032 0
      vertex 7.75 83.6 0.7
      vertex 8.18074 83.6282 0.7
    endloop
  endfacet
  facet normal -0.0633017 0.960604 -0.270616
    outer loop
      vertex 7.75 83.6 0.7
      vertex 7.75607 83.4032 0
      vertex 7.75 83.4028 0
    endloop
  endfacet
  facet normal 0.0628912 -0.96063 -0.27062
    outer loop
      vertex 7.74393 90.3968 0
      vertex 7.75 90.2 0.7
      vertex 7.31926 90.1718 0.7
    endloop
  endfacet
  facet normal 0.0633017 -0.960604 -0.270616
    outer loop
      vertex 7.75 90.2 0.7
      vertex 7.74393 90.3968 0
      vertex 7.75 90.3972 0
    endloop
  endfacet
  facet normal 0.800455 -0.534849 -0.270569
    outer loop
      vertex 4.89212 88.55 0.7
      vertex 4.72473 88.6536 0
      vertex 5.13193 88.9089 0.7
    endloop
  endfacet
  facet normal 0.797575 -0.539161 -0.270519
    outer loop
      vertex 4.72473 88.6536 0
      vertex 4.89212 88.55 0.7
      vertex 4.72135 88.6486 0
    endloop
  endfacet
  facet normal 0.427366 -0.862646 -0.270554
    outer loop
      vertex 6.00686 89.9313 0
      vertex 6.1 89.7579 0.7
      vertex 6.00141 89.9286 0
    endloop
  endfacet
  facet normal 0.425757 -0.863447 -0.270538
    outer loop
      vertex 6.1 89.7579 0.7
      vertex 6.00686 89.9313 0
      vertex 6.48715 89.9488 0.7
    endloop
  endfacet
  facet normal 0.944188 0.187812 -0.270619
    outer loop
      vertex 4.56245 86.0459 0.7
      vertex 4.37079 86.0008 0
      vertex 4.47823 86.4693 0.7
    endloop
  endfacet
  facet normal 0.943677 0.190335 -0.270642
    outer loop
      vertex 4.37079 86.0008 0
      vertex 4.56245 86.0459 0.7
      vertex 4.37198 85.9949 0
    endloop
  endfacet
  facet normal 0.911601 0.309462 -0.270584
    outer loop
      vertex 4.7012 85.6371 0.7
      vertex 4.51902 85.5617 0
      vertex 4.37393 85.9891 0
    endloop
  endfacet
  facet normal -0.634705 0.723811 -0.270642
    outer loop
      vertex 10.0835 84.5666 0.7
      vertex 10.2229 84.4271 0
      vertex 9.88352 84.1295 0
    endloop
  endfacet
  facet normal -0.534896 -0.800425 -0.270565
    outer loop
      vertex 9.87895 89.6745 0
      vertex 9.75891 89.5181 0.7
      vertex 9.50365 89.9253 0
    endloop
  endfacet
  facet normal -0.944172 -0.187896 -0.270619
    outer loop
      vertex 11.1292 87.7992 0
      vertex 11.2173 87.3565 0
      vertex 11.0218 87.3307 0.7
    endloop
  endfacet
  facet normal 0.96063 -0.0629827 -0.270598
    outer loop
      vertex 4.28274 87.3565 0
      vertex 4.47823 87.3307 0.7
      vertex 4.25321 86.9061 0
    endloop
  endfacet
  facet normal 0.0629189 0.960633 -0.270604
    outer loop
      vertex 7.31926 83.6282 0.7
      vertex 7.74393 83.4032 0
      vertex 7.29353 83.4327 0
    endloop
  endfacet
  facet normal 0.525873 0.806338 -0.270697
    outer loop
      vertex 5.99635 83.8747 0
      vertex 6.1 84.0421 0.7
      vertex 6.00141 83.8714 0
    endloop
  endfacet
  facet normal 0.534816 0.800462 -0.270616
    outer loop
      vertex 6.1 84.0421 0.7
      vertex 5.99635 83.8747 0
      vertex 5.74109 84.2819 0.7
    endloop
  endfacet
  facet normal 0.534896 0.800425 -0.270565
    outer loop
      vertex 5.74109 84.2819 0.7
      vertex 5.99635 83.8747 0
      vertex 5.62105 84.1255 0
    endloop
  endfacet
  facet normal -0.189714 0.943827 -0.270554
    outer loop
      vertex 8.64917 83.5208 0
      vertex 8.6041 83.7124 0.7
      vertex 8.65514 83.522 0
    endloop
  endfacet
  facet normal -0.187791 0.944216 -0.270537
    outer loop
      vertex 8.6041 83.7124 0.7
      vertex 8.64917 83.5208 0
      vertex 8.18074 83.6282 0.7
    endloop
  endfacet
  facet normal -0.309464 0.911586 -0.270633
    outer loop
      vertex 9.01285 83.8512 0.7
      vertex 9.08831 83.669 0
      vertex 8.66089 83.5239 0
    endloop
  endfacet
  facet normal -0.911588 0.309479 -0.270609
    outer loop
      vertex 11.1261 85.9891 0
      vertex 10.981 85.5617 0
      vertex 10.7988 85.6371 0.7
    endloop
  endfacet
  facet normal -0.944218 0.187773 -0.270544
    outer loop
      vertex 11.1292 86.0008 0
      vertex 10.9376 86.0459 0.7
      vertex 11.0218 86.4693 0.7
    endloop
  endfacet
  facet normal -0.943383 0.191874 -0.27058
    outer loop
      vertex 10.9376 86.0459 0.7
      vertex 11.1292 86.0008 0
      vertex 11.128 85.9949 0
    endloop
  endfacet
  facet normal 0.943677 -0.190335 -0.270642
    outer loop
      vertex 4.56245 87.7541 0.7
      vertex 4.37079 87.7992 0
      vertex 4.37198 87.8051 0
    endloop
  endfacet
  facet normal 0.944188 -0.187812 -0.270619
    outer loop
      vertex 4.37079 87.7992 0
      vertex 4.56245 87.7541 0.7
      vertex 4.47823 87.3307 0.7
    endloop
  endfacet
  facet normal 0.19002 -0.943764 -0.270559
    outer loop
      vertex 6.85082 90.2792 0
      vertex 6.8959 90.0876 0.7
      vertex 6.84486 90.278 0
    endloop
  endfacet
  facet normal 0.18779 -0.944216 -0.270539
    outer loop
      vertex 6.8959 90.0876 0.7
      vertex 6.85082 90.2792 0
      vertex 7.31926 90.1718 0.7
    endloop
  endfacet
  facet normal -0.864203 -0.424245 -0.2705
    outer loop
      vertex 10.7813 88.6431 0
      vertex 10.6079 88.55 0.7
      vertex 10.7786 88.6486 0
    endloop
  endfacet
  facet normal -0.86343 -0.425804 -0.270516
    outer loop
      vertex 10.6079 88.55 0.7
      vertex 10.7813 88.6431 0
      vertex 10.7988 88.1629 0.7
    endloop
  endfacet
  facet normal -0.719545 -0.639596 -0.270503
    outer loop
      vertex 10.3681 88.9089 0.7
      vertex 10.5205 89.0335 0
      vertex 10.5245 89.029 0
    endloop
  endfacet
  facet normal -0.72387 -0.634669 -0.270568
    outer loop
      vertex 10.5205 89.0335 0
      vertex 10.3681 88.9089 0.7
      vertex 10.0835 89.2335 0.7
    endloop
  endfacet
  facet normal -0.525873 -0.806338 -0.270697
    outer loop
      vertex 9.50365 89.9253 0
      vertex 9.4 89.7579 0.7
      vertex 9.49859 89.9286 0
    endloop
  endfacet
  facet normal -0.534816 -0.800462 -0.270616
    outer loop
      vertex 9.4 89.7579 0.7
      vertex 9.50365 89.9253 0
      vertex 9.75891 89.5181 0.7
    endloop
  endfacet
  facet normal -0.0629189 -0.960633 -0.270604
    outer loop
      vertex 8.20647 90.3673 0
      vertex 8.18074 90.1718 0.7
      vertex 7.75607 90.3968 0
    endloop
  endfacet
  facet normal -0.425887 -0.863354 -0.270629
    outer loop
      vertex 9.08831 90.131 0
      vertex 9.49314 89.9313 0
      vertex 9.01285 89.9488 0.7
    endloop
  endfacet
  facet normal 0.944195 0.187794 -0.270608
    outer loop
      vertex 4.47823 86.4693 0.7
      vertex 4.37079 86.0008 0
      vertex 4.28274 86.4435 0
    endloop
  endfacet
  facet normal 0.96063 0.0629827 -0.270598
    outer loop
      vertex 4.47823 86.4693 0.7
      vertex 4.28274 86.4435 0
      vertex 4.25321 86.8939 0
    endloop
  endfacet
  facet normal 0.18779 0.944216 -0.270539
    outer loop
      vertex 6.85082 83.5208 0
      vertex 6.8959 83.7124 0.7
      vertex 7.31926 83.6282 0.7
    endloop
  endfacet
  facet normal 0.19002 0.943764 -0.270559
    outer loop
      vertex 6.8959 83.7124 0.7
      vertex 6.85082 83.5208 0
      vertex 6.84486 83.522 0
    endloop
  endfacet
  facet normal 0.863395 0.425832 -0.270585
    outer loop
      vertex 4.89212 85.25 0.7
      vertex 4.71866 85.1569 0
      vertex 4.7012 85.6371 0.7
    endloop
  endfacet
  facet normal 0.86481 0.422971 -0.270555
    outer loop
      vertex 4.71866 85.1569 0
      vertex 4.89212 85.25 0.7
      vertex 4.72135 85.1514 0
    endloop
  endfacet
  facet normal 0.863406 0.425816 -0.270574
    outer loop
      vertex 4.7012 85.6371 0.7
      vertex 4.71866 85.1569 0
      vertex 4.51902 85.5617 0
    endloop
  endfacet
  facet normal 0.723815 0.634693 -0.270659
    outer loop
      vertex 5.41655 84.5666 0.7
      vertex 5.27712 84.4271 0
      vertex 4.97951 84.7665 0
    endloop
  endfacet
  facet normal 0.797575 0.539161 -0.270519
    outer loop
      vertex 4.89212 85.25 0.7
      vertex 4.72473 85.1464 0
      vertex 4.72135 85.1514 0
    endloop
  endfacet
  facet normal 0.800455 0.534849 -0.270569
    outer loop
      vertex 4.72473 85.1464 0
      vertex 4.89212 85.25 0.7
      vertex 5.13193 84.8911 0.7
    endloop
  endfacet
  facet normal -0.187897 0.944177 -0.270602
    outer loop
      vertex 8.64917 83.5208 0
      vertex 8.20647 83.4327 0
      vertex 8.18074 83.6282 0.7
    endloop
  endfacet
  facet normal -0.0629189 0.960633 -0.270604
    outer loop
      vertex 8.18074 83.6282 0.7
      vertex 8.20647 83.4327 0
      vertex 7.75607 83.4032 0
    endloop
  endfacet
  facet normal -0.425887 0.863354 -0.270629
    outer loop
      vertex 9.49314 83.8687 0
      vertex 9.08831 83.669 0
      vertex 9.01285 83.8512 0.7
    endloop
  endfacet
  facet normal -0.309545 0.911573 -0.270586
    outer loop
      vertex 8.66089 83.5239 0
      vertex 8.6041 83.7124 0.7
      vertex 9.01285 83.8512 0.7
    endloop
  endfacet
  facet normal -0.30204 0.914068 -0.27065
    outer loop
      vertex 8.6041 83.7124 0.7
      vertex 8.66089 83.5239 0
      vertex 8.65514 83.522 0
    endloop
  endfacet
  facet normal -0.719545 0.639596 -0.270503
    outer loop
      vertex 10.5205 84.7665 0
      vertex 10.3681 84.8911 0.7
      vertex 10.5245 84.771 0
    endloop
  endfacet
  facet normal -0.723774 0.63478 -0.270567
    outer loop
      vertex 10.3681 84.8911 0.7
      vertex 10.5205 84.7665 0
      vertex 10.0835 84.5666 0.7
    endloop
  endfacet
  facet normal -0.723832 0.634686 -0.27063
    outer loop
      vertex 10.5205 84.7665 0
      vertex 10.2229 84.4271 0
      vertex 10.0835 84.5666 0.7
    endloop
  endfacet
  facet normal -0.800482 0.534792 -0.270605
    outer loop
      vertex 10.7753 85.1464 0
      vertex 10.5245 84.771 0
      vertex 10.3681 84.8911 0.7
    endloop
  endfacet
  facet normal -0.914836 0.299688 -0.27067
    outer loop
      vertex 11.1261 85.9891 0
      vertex 10.9376 86.0459 0.7
      vertex 11.128 85.9949 0
    endloop
  endfacet
  facet normal -0.911583 0.30951 -0.270591
    outer loop
      vertex 10.9376 86.0459 0.7
      vertex 11.1261 85.9891 0
      vertex 10.7988 85.6371 0.7
    endloop
  endfacet
  facet normal -0.944172 0.187896 -0.270619
    outer loop
      vertex 11.2173 86.4435 0
      vertex 11.1292 86.0008 0
      vertex 11.0218 86.4693 0.7
    endloop
  endfacet
  facet normal 0.960628 -0.0629639 -0.270609
    outer loop
      vertex 4.45 86.9 0.7
      vertex 4.25321 86.9061 0
      vertex 4.47823 87.3307 0.7
    endloop
  endfacet
  facet normal 0.960724 -0.0614233 -0.270622
    outer loop
      vertex 4.25321 86.9061 0
      vertex 4.45 86.9 0.7
      vertex 4.25282 86.9 0
    endloop
  endfacet
  facet normal 0.911611 -0.309408 -0.270616
    outer loop
      vertex 4.56245 87.7541 0.7
      vertex 4.37393 87.8109 0
      vertex 4.7012 88.1629 0.7
    endloop
  endfacet
  facet normal 0.912489 -0.306785 -0.27064
    outer loop
      vertex 4.37393 87.8109 0
      vertex 4.56245 87.7541 0.7
      vertex 4.37198 87.8051 0
    endloop
  endfacet
  facet normal 0.723844 -0.634691 -0.270587
    outer loop
      vertex 5.13193 88.9089 0.7
      vertex 4.97951 89.0335 0
      vertex 5.41655 89.2335 0.7
    endloop
  endfacet
  facet normal 0.71875 -0.640486 -0.270509
    outer loop
      vertex 4.97951 89.0335 0
      vertex 5.13193 88.9089 0.7
      vertex 4.9755 89.029 0
    endloop
  endfacet
  facet normal 0.309545 -0.911573 -0.270586
    outer loop
      vertex 6.83911 90.2761 0
      vertex 6.8959 90.0876 0.7
      vertex 6.48715 89.9488 0.7
    endloop
  endfacet
  facet normal 0.30204 -0.914068 -0.27065
    outer loop
      vertex 6.8959 90.0876 0.7
      vertex 6.83911 90.2761 0
      vertex 6.84486 90.278 0
    endloop
  endfacet
  facet normal 0.187893 -0.944177 -0.270602
    outer loop
      vertex 7.29353 90.3673 0
      vertex 7.31926 90.1718 0.7
      vertex 6.85082 90.2792 0
    endloop
  endfacet
  facet normal 0.0629189 -0.960633 -0.270604
    outer loop
      vertex 7.74393 90.3968 0
      vertex 7.31926 90.1718 0.7
      vertex 7.29353 90.3673 0
    endloop
  endfacet
  facet normal -0.914836 -0.299688 -0.27067
    outer loop
      vertex 10.9376 87.7541 0.7
      vertex 11.1261 87.8109 0
      vertex 11.128 87.8051 0
    endloop
  endfacet
  facet normal -0.911583 -0.30951 -0.270591
    outer loop
      vertex 11.1261 87.8109 0
      vertex 10.9376 87.7541 0.7
      vertex 10.7988 88.1629 0.7
    endloop
  endfacet
  facet normal -0.911588 -0.309479 -0.270609
    outer loop
      vertex 10.981 88.2383 0
      vertex 11.1261 87.8109 0
      vertex 10.7988 88.1629 0.7
    endloop
  endfacet
  facet normal -0.800482 -0.534792 -0.270605
    outer loop
      vertex 10.5245 89.029 0
      vertex 10.7753 88.6536 0
      vertex 10.3681 88.9089 0.7
    endloop
  endfacet
  facet normal -0.72385 -0.634702 -0.270546
    outer loop
      vertex 10.2229 89.3729 0
      vertex 10.5205 89.0335 0
      vertex 10.0835 89.2335 0.7
    endloop
  endfacet
  facet normal -0.0633017 -0.960604 -0.270616
    outer loop
      vertex 7.75607 90.3968 0
      vertex 7.75 90.2 0.7
      vertex 7.75 90.3972 0
    endloop
  endfacet
  facet normal -0.0628912 -0.96063 -0.27062
    outer loop
      vertex 7.75 90.2 0.7
      vertex 7.75607 90.3968 0
      vertex 8.18074 90.1718 0.7
    endloop
  endfacet
  facet normal -0.309464 -0.911586 -0.270633
    outer loop
      vertex 9.08831 90.131 0
      vertex 9.01285 89.9488 0.7
      vertex 8.66089 90.2761 0
    endloop
  endfacet
  facet normal -0.634052 -0.724405 -0.270584
    outer loop
      vertex 9.88352 89.6705 0
      vertex 9.75891 89.5181 0.7
      vertex 9.87895 89.6745 0
    endloop
  endfacet
  facet normal -0.634678 -0.723859 -0.270576
    outer loop
      vertex 9.75891 89.5181 0.7
      vertex 9.88352 89.6705 0
      vertex 10.0835 89.2335 0.7
    endloop
  endfacet
  facet normal -0.634723 -0.723831 -0.270546
    outer loop
      vertex 10.2229 89.3729 0
      vertex 10.0835 89.2335 0.7
      vertex 9.88352 89.6705 0
    endloop
  endfacet
  facet normal 0.0633017 0.960604 -0.270616
    outer loop
      vertex 7.74393 83.4032 0
      vertex 7.75 83.6 0.7
      vertex 7.75 83.4028 0
    endloop
  endfacet
  facet normal 0.0628912 0.96063 -0.27062
    outer loop
      vertex 7.75 83.6 0.7
      vertex 7.74393 83.4032 0
      vertex 7.31926 83.6282 0.7
    endloop
  endfacet
  facet normal 0.30204 0.914068 -0.27065
    outer loop
      vertex 6.83911 83.5239 0
      vertex 6.8959 83.7124 0.7
      vertex 6.84486 83.522 0
    endloop
  endfacet
  facet normal 0.309545 0.911573 -0.270586
    outer loop
      vertex 6.8959 83.7124 0.7
      vertex 6.83911 83.5239 0
      vertex 6.48715 83.8512 0.7
    endloop
  endfacet
  facet normal 0.634052 0.724405 -0.270584
    outer loop
      vertex 5.61648 84.1295 0
      vertex 5.74109 84.2819 0.7
      vertex 5.62105 84.1255 0
    endloop
  endfacet
  facet normal 0.63486 0.7237 -0.270574
    outer loop
      vertex 5.74109 84.2819 0.7
      vertex 5.61648 84.1295 0
      vertex 5.41655 84.5666 0.7
    endloop
  endfacet
  facet normal 0.634721 0.723787 -0.270668
    outer loop
      vertex 5.41655 84.5666 0.7
      vertex 5.61648 84.1295 0
      vertex 5.27712 84.4271 0
    endloop
  endfacet
  facet normal 0.912489 0.306785 -0.27064
    outer loop
      vertex 4.56245 86.0459 0.7
      vertex 4.37393 85.9891 0
      vertex 4.37198 85.9949 0
    endloop
  endfacet
  facet normal 0.911611 0.309408 -0.270616
    outer loop
      vertex 4.37393 85.9891 0
      vertex 4.56245 86.0459 0.7
      vertex 4.7012 85.6371 0.7
    endloop
  endfacet
  facet normal 0.800504 0.534743 -0.270636
    outer loop
      vertex 5.13193 84.8911 0.7
      vertex 4.9755 84.771 0
      vertex 4.72473 85.1464 0
    endloop
  endfacet
  facet normal -0.427366 0.862646 -0.270554
    outer loop
      vertex 9.49314 83.8687 0
      vertex 9.4 84.0421 0.7
      vertex 9.49859 83.8714 0
    endloop
  endfacet
  facet normal -0.425757 0.863447 -0.270538
    outer loop
      vertex 9.4 84.0421 0.7
      vertex 9.49314 83.8687 0
      vertex 9.01285 83.8512 0.7
    endloop
  endfacet
  facet normal -0.534816 0.800462 -0.270616
    outer loop
      vertex 9.50365 83.8747 0
      vertex 9.4 84.0421 0.7
      vertex 9.75891 84.2819 0.7
    endloop
  endfacet
  facet normal -0.525873 0.806338 -0.270697
    outer loop
      vertex 9.4 84.0421 0.7
      vertex 9.50365 83.8747 0
      vertex 9.49859 83.8714 0
    endloop
  endfacet
  facet normal -0.86343 0.425804 -0.270516
    outer loop
      vertex 10.7813 85.1569 0
      vertex 10.6079 85.25 0.7
      vertex 10.7988 85.6371 0.7
    endloop
  endfacet
  facet normal -0.864203 0.424245 -0.2705
    outer loop
      vertex 10.6079 85.25 0.7
      vertex 10.7813 85.1569 0
      vertex 10.7786 85.1514 0
    endloop
  endfacet
  facet normal -0.86335 0.425917 -0.270595
    outer loop
      vertex 10.7988 85.6371 0.7
      vertex 10.981 85.5617 0
      vertex 10.7813 85.1569 0
    endloop
  endfacet
  facet normal -0.803466 0.530287 -0.270626
    outer loop
      vertex 10.7753 85.1464 0
      vertex 10.6079 85.25 0.7
      vertex 10.7786 85.1514 0
    endloop
  endfacet
  facet normal -0.800463 0.534832 -0.27058
    outer loop
      vertex 10.6079 85.25 0.7
      vertex 10.7753 85.1464 0
      vertex 10.3681 84.8911 0.7
    endloop
  endfacet
  facet normal -0.960631 0.0629188 -0.270609
    outer loop
      vertex 11.2468 86.8939 0
      vertex 11.2173 86.4435 0
      vertex 11.0218 86.4693 0.7
    endloop
  endfacet
  facet normal -0.960623 0.0629917 -0.270621
    outer loop
      vertex 11.2468 86.8939 0
      vertex 11.05 86.9 0.7
      vertex 11.2472 86.9 0
    endloop
  endfacet
  facet normal -0.960629 0.062897 -0.270622
    outer loop
      vertex 11.05 86.9 0.7
      vertex 11.2468 86.8939 0
      vertex 11.0218 86.4693 0.7
    endloop
  endfacet
  facet normal 0.944195 -0.187794 -0.270608
    outer loop
      vertex 4.37079 87.7992 0
      vertex 4.47823 87.3307 0.7
      vertex 4.28274 87.3565 0
    endloop
  endfacet
  facet normal 0.86481 -0.422971 -0.270555
    outer loop
      vertex 4.89212 88.55 0.7
      vertex 4.71866 88.6431 0
      vertex 4.72135 88.6486 0
    endloop
  endfacet
  facet normal 0.863395 -0.425832 -0.270585
    outer loop
      vertex 4.71866 88.6431 0
      vertex 4.89212 88.55 0.7
      vertex 4.7012 88.1629 0.7
    endloop
  endfacet
  facet normal 0.911601 -0.309462 -0.270584
    outer loop
      vertex 4.51902 88.2383 0
      vertex 4.7012 88.1629 0.7
      vertex 4.37393 87.8109 0
    endloop
  endfacet
  facet normal 0.863406 -0.425816 -0.270574
    outer loop
      vertex 4.71866 88.6431 0
      vertex 4.7012 88.1629 0.7
      vertex 4.51902 88.2383 0
    endloop
  endfacet
  facet normal 0.634739 -0.723807 -0.270572
    outer loop
      vertex 5.61648 89.6705 0
      vertex 5.41655 89.2335 0.7
      vertex 5.27712 89.3729 0
    endloop
  endfacet
  facet normal 0.723833 -0.634708 -0.270575
    outer loop
      vertex 5.27712 89.3729 0
      vertex 5.41655 89.2335 0.7
      vertex 4.97951 89.0335 0
    endloop
  endfacet
  facet normal 0.800504 -0.534743 -0.270636
    outer loop
      vertex 4.9755 89.029 0
      vertex 5.13193 88.9089 0.7
      vertex 4.72473 88.6536 0
    endloop
  endfacet
  facet normal 0.309464 -0.911586 -0.270633
    outer loop
      vertex 6.83911 90.2761 0
      vertex 6.48715 89.9488 0.7
      vertex 6.41169 90.131 0
    endloop
  endfacet
  facet normal 0.425887 -0.863354 -0.270629
    outer loop
      vertex 6.41169 90.131 0
      vertex 6.48715 89.9488 0.7
      vertex 6.00686 89.9313 0
    endloop
  endfacet
  facet normal -0.803466 -0.530287 -0.270626
    outer loop
      vertex 10.6079 88.55 0.7
      vertex 10.7753 88.6536 0
      vertex 10.7786 88.6486 0
    endloop
  endfacet
  facet normal -0.800463 -0.534832 -0.27058
    outer loop
      vertex 10.7753 88.6536 0
      vertex 10.6079 88.55 0.7
      vertex 10.3681 88.9089 0.7
    endloop
  endfacet
  facet normal -0.425757 -0.863447 -0.270538
    outer loop
      vertex 9.49314 89.9313 0
      vertex 9.4 89.7579 0.7
      vertex 9.01285 89.9488 0.7
    endloop
  endfacet
  facet normal -0.427366 -0.862646 -0.270554
    outer loop
      vertex 9.4 89.7579 0.7
      vertex 9.49314 89.9313 0
      vertex 9.49859 89.9286 0
    endloop
  endfacet
  facet normal -0.187897 -0.944177 -0.270602
    outer loop
      vertex 8.20647 90.3673 0
      vertex 8.64917 90.2792 0
      vertex 8.18074 90.1718 0.7
    endloop
  endfacet
  facet normal -0.30204 -0.914068 -0.27065
    outer loop
      vertex 8.66089 90.2761 0
      vertex 8.6041 90.0876 0.7
      vertex 8.65514 90.278 0
    endloop
  endfacet
  facet normal -0.309545 -0.911573 -0.270586
    outer loop
      vertex 8.6041 90.0876 0.7
      vertex 8.66089 90.2761 0
      vertex 9.01285 89.9488 0.7
    endloop
  endfacet
  facet normal -0.187791 -0.944216 -0.270537
    outer loop
      vertex 8.64917 90.2792 0
      vertex 8.6041 90.0876 0.7
      vertex 8.18074 90.1718 0.7
    endloop
  endfacet
  facet normal -0.189714 -0.943827 -0.270554
    outer loop
      vertex 8.6041 90.0876 0.7
      vertex 8.64917 90.2792 0
      vertex 8.65514 90.278 0
    endloop
  endfacet
  facet normal 0.187893 0.944177 -0.270602
    outer loop
      vertex 7.31926 83.6282 0.7
      vertex 7.29353 83.4327 0
      vertex 6.85082 83.5208 0
    endloop
  endfacet
  facet normal 0.425757 0.863447 -0.270538
    outer loop
      vertex 6.00686 83.8687 0
      vertex 6.1 84.0421 0.7
      vertex 6.48715 83.8512 0.7
    endloop
  endfacet
  facet normal 0.427366 0.862646 -0.270554
    outer loop
      vertex 6.1 84.0421 0.7
      vertex 6.00686 83.8687 0
      vertex 6.00141 83.8714 0
    endloop
  endfacet
  facet normal 0.309464 0.911586 -0.270633
    outer loop
      vertex 6.48715 83.8512 0.7
      vertex 6.83911 83.5239 0
      vertex 6.41169 83.669 0
    endloop
  endfacet
  facet normal 0.425887 0.863354 -0.270629
    outer loop
      vertex 6.48715 83.8512 0.7
      vertex 6.41169 83.669 0
      vertex 6.00686 83.8687 0
    endloop
  endfacet
  facet normal 0.71875 0.640486 -0.270509
    outer loop
      vertex 5.13193 84.8911 0.7
      vertex 4.97951 84.7665 0
      vertex 4.9755 84.771 0
    endloop
  endfacet
  facet normal 0.723748 0.634801 -0.270586
    outer loop
      vertex 4.97951 84.7665 0
      vertex 5.13193 84.8911 0.7
      vertex 5.41655 84.5666 0.7
    endloop
  endfacet
  facet normal -0.534896 0.800425 -0.270565
    outer loop
      vertex 9.75891 84.2819 0.7
      vertex 9.87895 84.1255 0
      vertex 9.50365 83.8747 0
    endloop
  endfacet
  facet normal -0.634805 0.723749 -0.270575
    outer loop
      vertex 9.88352 84.1295 0
      vertex 9.75891 84.2819 0.7
      vertex 10.0835 84.5666 0.7
    endloop
  endfacet
  facet normal -0.634052 0.724405 -0.270584
    outer loop
      vertex 9.75891 84.2819 0.7
      vertex 9.88352 84.1295 0
      vertex 9.87895 84.1255 0
    endloop
  endfacet
  facet normal 0.634734 -0.723811 -0.270576
    outer loop
      vertex 5.61648 89.6705 0
      vertex 5.74109 89.5181 0.7
      vertex 5.41655 89.2335 0.7
    endloop
  endfacet
  facet normal 0.634052 -0.724405 -0.270584
    outer loop
      vertex 5.74109 89.5181 0.7
      vertex 5.61648 89.6705 0
      vertex 5.62105 89.6745 0
    endloop
  endfacet
  facet normal 0.534816 -0.800462 -0.270616
    outer loop
      vertex 5.99635 89.9253 0
      vertex 6.1 89.7579 0.7
      vertex 5.74109 89.5181 0.7
    endloop
  endfacet
  facet normal 0.525873 -0.806338 -0.270697
    outer loop
      vertex 6.1 89.7579 0.7
      vertex 5.99635 89.9253 0
      vertex 6.00141 89.9286 0
    endloop
  endfacet
  facet normal 0.534896 -0.800425 -0.270565
    outer loop
      vertex 5.99635 89.9253 0
      vertex 5.74109 89.5181 0.7
      vertex 5.62105 89.6745 0
    endloop
  endfacet
  facet normal -0.997863 -0.0653349 0
    outer loop
      vertex 11.05 86.9 0.7
      vertex 11.0218 87.3307 4.56
      vertex 11.0218 87.3307 0.7
    endloop
  endfacet
  facet normal -0.997863 -0.0653349 0
    outer loop
      vertex 11.0218 87.3307 4.56
      vertex 11.05 86.9 0.7
      vertex 11.05 86.9 4.56
    endloop
  endfacet
  facet normal 0.997859 -0.0654041 0
    outer loop
      vertex 4.45 86.9 4.56
      vertex 4.47823 87.3307 0.7
      vertex 4.47823 87.3307 4.56
    endloop
  endfacet
  facet normal 0.997859 -0.0654041 0
    outer loop
      vertex 4.47823 87.3307 0.7
      vertex 4.45 86.9 4.56
      vertex 4.45 86.9 0.7
    endloop
  endfacet
  facet normal 0.0653289 -0.997864 0
    outer loop
      vertex 7.31926 90.1718 0.7
      vertex 7.75 90.2 4.56
      vertex 7.31926 90.1718 4.56
    endloop
  endfacet
  facet normal 0.0653289 -0.997864 0
    outer loop
      vertex 7.75 90.2 4.56
      vertex 7.31926 90.1718 0.7
      vertex 7.75 90.2 0.7
    endloop
  endfacet
  facet normal -0.0653289 0.997864 0
    outer loop
      vertex 8.18074 83.6282 0.7
      vertex 7.75 83.6 4.56
      vertex 8.18074 83.6282 4.56
    endloop
  endfacet
  facet normal -0.0653289 0.997864 0
    outer loop
      vertex 7.75 83.6 4.56
      vertex 8.18074 83.6282 0.7
      vertex 7.75 83.6 0.7
    endloop
  endfacet
  facet normal -0.65927 -0.751906 0
    outer loop
      vertex 9.75891 89.5181 0.7
      vertex 10.0835 89.2335 4.56
      vertex 9.75891 89.5181 4.56
    endloop
  endfacet
  facet normal -0.65927 -0.751906 -0
    outer loop
      vertex 10.0835 89.2335 4.56
      vertex 9.75891 89.5181 0.7
      vertex 10.0835 89.2335 0.7
    endloop
  endfacet
  facet normal 0.659328 -0.751856 0
    outer loop
      vertex 5.41655 89.2335 0.7
      vertex 5.74109 89.5181 4.56
      vertex 5.41655 89.2335 4.56
    endloop
  endfacet
  facet normal 0.659328 -0.751856 0
    outer loop
      vertex 5.74109 89.5181 4.56
      vertex 5.41655 89.2335 0.7
      vertex 5.74109 89.5181 0.7
    endloop
  endfacet
  facet normal 0.321539 -0.946896 0
    outer loop
      vertex 6.48715 89.9488 0.7
      vertex 6.8959 90.0876 4.56
      vertex 6.48715 89.9488 4.56
    endloop
  endfacet
  facet normal 0.321539 -0.946896 0
    outer loop
      vertex 6.8959 90.0876 4.56
      vertex 6.48715 89.9488 0.7
      vertex 6.8959 90.0876 0.7
    endloop
  endfacet
  facet normal -0.89687 -0.442295 0
    outer loop
      vertex 10.7988 88.1629 0.7
      vertex 10.6079 88.55 4.56
      vertex 10.6079 88.55 0.7
    endloop
  endfacet
  facet normal -0.89687 -0.442295 0
    outer loop
      vertex 10.6079 88.55 4.56
      vertex 10.7988 88.1629 0.7
      vertex 10.7988 88.1629 4.56
    endloop
  endfacet
  facet normal -0.321539 -0.946896 0
    outer loop
      vertex 8.6041 90.0876 0.7
      vertex 9.01285 89.9488 4.56
      vertex 8.6041 90.0876 4.56
    endloop
  endfacet
  facet normal -0.321539 -0.946896 -0
    outer loop
      vertex 9.01285 89.9488 4.56
      vertex 8.6041 90.0876 0.7
      vertex 9.01285 89.9488 0.7
    endloop
  endfacet
  facet normal -0.195065 -0.98079 0
    outer loop
      vertex 8.18074 90.1718 0.7
      vertex 8.6041 90.0876 4.56
      vertex 8.18074 90.1718 4.56
    endloop
  endfacet
  facet normal -0.195065 -0.98079 -0
    outer loop
      vertex 8.6041 90.0876 4.56
      vertex 8.18074 90.1718 0.7
      vertex 8.6041 90.0876 0.7
    endloop
  endfacet
  facet normal -0.442249 -0.896892 0
    outer loop
      vertex 9.01285 89.9488 0.7
      vertex 9.4 89.7579 4.56
      vertex 9.01285 89.9488 4.56
    endloop
  endfacet
  facet normal -0.442249 -0.896892 -0
    outer loop
      vertex 9.4 89.7579 4.56
      vertex 9.01285 89.9488 0.7
      vertex 9.4 89.7579 0.7
    endloop
  endfacet
  facet normal 0.896851 -0.442332 0
    outer loop
      vertex 4.7012 88.1629 4.56
      vertex 4.89212 88.55 0.7
      vertex 4.89212 88.55 4.56
    endloop
  endfacet
  facet normal 0.896851 -0.442332 0
    outer loop
      vertex 4.89212 88.55 0.7
      vertex 4.7012 88.1629 4.56
      vertex 4.7012 88.1629 0.7
    endloop
  endfacet
  facet normal 0 0 -1
    outer loop
      vertex 11.0218 86.4693 4.56
      vertex 11.0218 87.3307 4.56
      vertex 11.05 86.9 4.56
    endloop
  endfacet
  facet normal 0 0 -1
    outer loop
      vertex 10.9376 86.0459 4.56
      vertex 11.0218 87.3307 4.56
      vertex 11.0218 86.4693 4.56
    endloop
  endfacet
  facet normal 0 0 -1
    outer loop
      vertex 10.9376 86.0459 4.56
      vertex 10.9376 87.7541 4.56
      vertex 11.0218 87.3307 4.56
    endloop
  endfacet
  facet normal 0 0 -1
    outer loop
      vertex 10.7988 85.6371 4.56
      vertex 10.9376 87.7541 4.56
      vertex 10.9376 86.0459 4.56
    endloop
  endfacet
  facet normal 0 0 -1
    outer loop
      vertex 10.7988 85.6371 4.56
      vertex 10.7988 88.1629 4.56
      vertex 10.9376 87.7541 4.56
    endloop
  endfacet
  facet normal 0 0 -1
    outer loop
      vertex 10.6079 85.25 4.56
      vertex 10.7988 88.1629 4.56
      vertex 10.7988 85.6371 4.56
    endloop
  endfacet
  facet normal 0 0 -1
    outer loop
      vertex 10.6079 85.25 4.56
      vertex 10.6079 88.55 4.56
      vertex 10.7988 88.1629 4.56
    endloop
  endfacet
  facet normal 0 0 -1
    outer loop
      vertex 10.3681 84.8911 4.56
      vertex 10.6079 88.55 4.56
      vertex 10.6079 85.25 4.56
    endloop
  endfacet
  facet normal 0 0 -1
    outer loop
      vertex 10.3681 84.8911 4.56
      vertex 10.3681 88.9089 4.56
      vertex 10.6079 88.55 4.56
    endloop
  endfacet
  facet normal 0 0 -1
    outer loop
      vertex 10.0835 84.5666 4.56
      vertex 10.3681 88.9089 4.56
      vertex 10.3681 84.8911 4.56
    endloop
  endfacet
  facet normal 0 0 -1
    outer loop
      vertex 10.0835 84.5666 4.56
      vertex 10.0835 89.2335 4.56
      vertex 10.3681 88.9089 4.56
    endloop
  endfacet
  facet normal 0 0 -1
    outer loop
      vertex 9.75891 84.2819 4.56
      vertex 10.0835 89.2335 4.56
      vertex 10.0835 84.5666 4.56
    endloop
  endfacet
  facet normal 0 0 -1
    outer loop
      vertex 9.75891 84.2819 4.56
      vertex 9.75891 89.5181 4.56
      vertex 10.0835 89.2335 4.56
    endloop
  endfacet
  facet normal 0 0 -1
    outer loop
      vertex 9.4 84.0421 4.56
      vertex 9.75891 89.5181 4.56
      vertex 9.75891 84.2819 4.56
    endloop
  endfacet
  facet normal 0 0 -1
    outer loop
      vertex 9.4 84.0421 4.56
      vertex 9.4 89.7579 4.56
      vertex 9.75891 89.5181 4.56
    endloop
  endfacet
  facet normal 0 0 -1
    outer loop
      vertex 9.01285 83.8512 4.56
      vertex 9.4 89.7579 4.56
      vertex 9.4 84.0421 4.56
    endloop
  endfacet
  facet normal 0 0 -1
    outer loop
      vertex 9.01285 83.8512 4.56
      vertex 9.01285 89.9488 4.56
      vertex 9.4 89.7579 4.56
    endloop
  endfacet
  facet normal 0 0 -1
    outer loop
      vertex 8.6041 83.7124 4.56
      vertex 9.01285 89.9488 4.56
      vertex 9.01285 83.8512 4.56
    endloop
  endfacet
  facet normal 0 0 -1
    outer loop
      vertex 8.6041 83.7124 4.56
      vertex 8.6041 90.0876 4.56
      vertex 9.01285 89.9488 4.56
    endloop
  endfacet
  facet normal 0 0 -1
    outer loop
      vertex 8.18074 83.6282 4.56
      vertex 8.6041 90.0876 4.56
      vertex 8.6041 83.7124 4.56
    endloop
  endfacet
  facet normal 0 0 -1
    outer loop
      vertex 8.18074 83.6282 4.56
      vertex 8.18074 90.1718 4.56
      vertex 8.6041 90.0876 4.56
    endloop
  endfacet
  facet normal 0 0 -1
    outer loop
      vertex 7.75 83.6 4.56
      vertex 8.18074 90.1718 4.56
      vertex 8.18074 83.6282 4.56
    endloop
  endfacet
  facet normal 0 0 -1
    outer loop
      vertex 7.75 83.6 4.56
      vertex 7.75 90.2 4.56
      vertex 8.18074 90.1718 4.56
    endloop
  endfacet
  facet normal 0 0 -1
    outer loop
      vertex 7.31926 83.6282 4.56
      vertex 7.75 90.2 4.56
      vertex 7.75 83.6 4.56
    endloop
  endfacet
  facet normal 0 0 -1
    outer loop
      vertex 7.31926 83.6282 4.56
      vertex 7.31926 90.1718 4.56
      vertex 7.75 90.2 4.56
    endloop
  endfacet
  facet normal 0 0 -1
    outer loop
      vertex 6.8959 83.7124 4.56
      vertex 7.31926 90.1718 4.56
      vertex 7.31926 83.6282 4.56
    endloop
  endfacet
  facet normal 0 0 -1
    outer loop
      vertex 6.8959 83.7124 4.56
      vertex 6.8959 90.0876 4.56
      vertex 7.31926 90.1718 4.56
    endloop
  endfacet
  facet normal 0 0 -1
    outer loop
      vertex 6.48715 83.8512 4.56
      vertex 6.8959 90.0876 4.56
      vertex 6.8959 83.7124 4.56
    endloop
  endfacet
  facet normal 0 0 -1
    outer loop
      vertex 6.48715 83.8512 4.56
      vertex 6.48715 89.9488 4.56
      vertex 6.8959 90.0876 4.56
    endloop
  endfacet
  facet normal 0 0 -1
    outer loop
      vertex 6.1 84.0421 4.56
      vertex 6.48715 89.9488 4.56
      vertex 6.48715 83.8512 4.56
    endloop
  endfacet
  facet normal 0 0 -1
    outer loop
      vertex 6.1 84.0421 4.56
      vertex 6.1 89.7579 4.56
      vertex 6.48715 89.9488 4.56
    endloop
  endfacet
  facet normal 0 0 -1
    outer loop
      vertex 5.74109 84.2819 4.56
      vertex 6.1 89.7579 4.56
      vertex 6.1 84.0421 4.56
    endloop
  endfacet
  facet normal 0 0 -1
    outer loop
      vertex 5.74109 84.2819 4.56
      vertex 5.74109 89.5181 4.56
      vertex 6.1 89.7579 4.56
    endloop
  endfacet
  facet normal 0 0 -1
    outer loop
      vertex 5.41655 84.5666 4.56
      vertex 5.74109 89.5181 4.56
      vertex 5.74109 84.2819 4.56
    endloop
  endfacet
  facet normal 0 0 -1
    outer loop
      vertex 5.41655 84.5666 4.56
      vertex 5.41655 89.2335 4.56
      vertex 5.74109 89.5181 4.56
    endloop
  endfacet
  facet normal 0 0 -1
    outer loop
      vertex 5.13193 84.8911 4.56
      vertex 5.41655 89.2335 4.56
      vertex 5.41655 84.5666 4.56
    endloop
  endfacet
  facet normal 0 0 -1
    outer loop
      vertex 5.13193 84.8911 4.56
      vertex 5.13193 88.9089 4.56
      vertex 5.41655 89.2335 4.56
    endloop
  endfacet
  facet normal 0 0 -1
    outer loop
      vertex 4.89212 85.25 4.56
      vertex 5.13193 88.9089 4.56
      vertex 5.13193 84.8911 4.56
    endloop
  endfacet
  facet normal 0 0 -1
    outer loop
      vertex 4.89212 85.25 4.56
      vertex 4.89212 88.55 4.56
      vertex 5.13193 88.9089 4.56
    endloop
  endfacet
  facet normal 0 0 -1
    outer loop
      vertex 4.7012 85.6371 4.56
      vertex 4.89212 88.55 4.56
      vertex 4.89212 85.25 4.56
    endloop
  endfacet
  facet normal 0 0 -1
    outer loop
      vertex 4.7012 85.6371 4.56
      vertex 4.7012 88.1629 4.56
      vertex 4.89212 88.55 4.56
    endloop
  endfacet
  facet normal 0 0 -1
    outer loop
      vertex 4.56245 86.0459 4.56
      vertex 4.7012 88.1629 4.56
      vertex 4.7012 85.6371 4.56
    endloop
  endfacet
  facet normal 0 0 -1
    outer loop
      vertex 4.56245 86.0459 4.56
      vertex 4.56245 87.7541 4.56
      vertex 4.7012 88.1629 4.56
    endloop
  endfacet
  facet normal 0 0 -1
    outer loop
      vertex 4.47823 86.4693 4.56
      vertex 4.56245 87.7541 4.56
      vertex 4.56245 86.0459 4.56
    endloop
  endfacet
  facet normal 0 0 -1
    outer loop
      vertex 4.47823 86.4693 4.56
      vertex 4.47823 87.3307 4.56
      vertex 4.56245 87.7541 4.56
    endloop
  endfacet
  facet normal 0 -0 -1
    outer loop
      vertex 4.47823 87.3307 4.56
      vertex 4.47823 86.4693 4.56
      vertex 4.45 86.9 4.56
    endloop
  endfacet
  facet normal 0.442249 -0.896892 0
    outer loop
      vertex 6.1 89.7579 0.7
      vertex 6.48715 89.9488 4.56
      vertex 6.1 89.7579 4.56
    endloop
  endfacet
  facet normal 0.442249 -0.896892 0
    outer loop
      vertex 6.48715 89.9488 4.56
      vertex 6.1 89.7579 0.7
      vertex 6.48715 89.9488 0.7
    endloop
  endfacet
  facet normal 0.195065 -0.98079 0
    outer loop
      vertex 6.8959 90.0876 0.7
      vertex 7.31926 90.1718 4.56
      vertex 6.8959 90.0876 4.56
    endloop
  endfacet
  facet normal 0.195065 -0.98079 0
    outer loop
      vertex 7.31926 90.1718 4.56
      vertex 6.8959 90.0876 0.7
      vertex 7.31926 90.1718 0.7
    endloop
  endfacet
  facet normal -0.195065 0.98079 0
    outer loop
      vertex 8.6041 83.7124 0.7
      vertex 8.18074 83.6282 4.56
      vertex 8.6041 83.7124 4.56
    endloop
  endfacet
  facet normal -0.195065 0.98079 0
    outer loop
      vertex 8.18074 83.6282 4.56
      vertex 8.6041 83.7124 0.7
      vertex 8.18074 83.6282 0.7
    endloop
  endfacet
  facet normal -0.946908 -0.321504 0
    outer loop
      vertex 10.9376 87.7541 0.7
      vertex 10.7988 88.1629 4.56
      vertex 10.7988 88.1629 0.7
    endloop
  endfacet
  facet normal -0.946908 -0.321504 0
    outer loop
      vertex 10.7988 88.1629 4.56
      vertex 10.9376 87.7541 0.7
      vertex 10.9376 87.7541 4.56
    endloop
  endfacet
  facet normal -0.980794 -0.195047 0
    outer loop
      vertex 11.0218 87.3307 0.7
      vertex 10.9376 87.7541 4.56
      vertex 10.9376 87.7541 0.7
    endloop
  endfacet
  facet normal -0.980794 -0.195047 0
    outer loop
      vertex 10.9376 87.7541 4.56
      vertex 11.0218 87.3307 0.7
      vertex 11.0218 87.3307 4.56
    endloop
  endfacet
  facet normal -0.751916 -0.659259 0
    outer loop
      vertex 10.3681 88.9089 0.7
      vertex 10.0835 89.2335 4.56
      vertex 10.0835 89.2335 0.7
    endloop
  endfacet
  facet normal -0.751916 -0.659259 0
    outer loop
      vertex 10.0835 89.2335 4.56
      vertex 10.3681 88.9089 0.7
      vertex 10.3681 88.9089 4.56
    endloop
  endfacet
  facet normal -0.83148 -0.555555 0
    outer loop
      vertex 10.6079 88.55 0.7
      vertex 10.3681 88.9089 4.56
      vertex 10.3681 88.9089 0.7
    endloop
  endfacet
  facet normal -0.83148 -0.555555 0
    outer loop
      vertex 10.3681 88.9089 4.56
      vertex 10.6079 88.55 0.7
      vertex 10.6079 88.55 4.56
    endloop
  endfacet
  facet normal -0.0653289 -0.997864 0
    outer loop
      vertex 7.75 90.2 0.7
      vertex 8.18074 90.1718 4.56
      vertex 7.75 90.2 4.56
    endloop
  endfacet
  facet normal -0.0653289 -0.997864 -0
    outer loop
      vertex 8.18074 90.1718 4.56
      vertex 7.75 90.2 0.7
      vertex 8.18074 90.1718 0.7
    endloop
  endfacet
  facet normal -0.555545 -0.831487 0
    outer loop
      vertex 9.4 89.7579 0.7
      vertex 9.75891 89.5181 4.56
      vertex 9.4 89.7579 4.56
    endloop
  endfacet
  facet normal -0.555545 -0.831487 -0
    outer loop
      vertex 9.75891 89.5181 4.56
      vertex 9.4 89.7579 0.7
      vertex 9.75891 89.5181 0.7
    endloop
  endfacet
  facet normal 0.831469 -0.555571 0
    outer loop
      vertex 4.89212 88.55 4.56
      vertex 5.13193 88.9089 0.7
      vertex 5.13193 88.9089 4.56
    endloop
  endfacet
  facet normal 0.831469 -0.555571 0
    outer loop
      vertex 5.13193 88.9089 0.7
      vertex 4.89212 88.55 4.56
      vertex 4.89212 88.55 0.7
    endloop
  endfacet
  facet normal 0.751893 -0.659285 0
    outer loop
      vertex 5.13193 88.9089 4.56
      vertex 5.41655 89.2335 0.7
      vertex 5.41655 89.2335 4.56
    endloop
  endfacet
  facet normal 0.751893 -0.659285 0
    outer loop
      vertex 5.41655 89.2335 0.7
      vertex 5.13193 88.9089 4.56
      vertex 5.13193 88.9089 0.7
    endloop
  endfacet
  facet normal 0.946943 -0.3214 0
    outer loop
      vertex 4.56245 87.7541 4.56
      vertex 4.7012 88.1629 0.7
      vertex 4.7012 88.1629 4.56
    endloop
  endfacet
  facet normal 0.946943 -0.3214 0
    outer loop
      vertex 4.7012 88.1629 0.7
      vertex 4.56245 87.7541 4.56
      vertex 4.56245 87.7541 0.7
    endloop
  endfacet
  facet normal 0.980785 -0.195091 0
    outer loop
      vertex 4.47823 87.3307 4.56
      vertex 4.56245 87.7541 0.7
      vertex 4.56245 87.7541 4.56
    endloop
  endfacet
  facet normal 0.980785 -0.195091 0
    outer loop
      vertex 4.56245 87.7541 0.7
      vertex 4.47823 87.3307 4.56
      vertex 4.47823 87.3307 0.7
    endloop
  endfacet
  facet normal 0.555545 -0.831487 0
    outer loop
      vertex 5.74109 89.5181 0.7
      vertex 6.1 89.7579 4.56
      vertex 5.74109 89.5181 4.56
    endloop
  endfacet
  facet normal 0.555545 -0.831487 0
    outer loop
      vertex 6.1 89.7579 4.56
      vertex 5.74109 89.5181 0.7
      vertex 6.1 89.7579 0.7
    endloop
  endfacet
  facet normal -0.997863 0.0653349 0
    outer loop
      vertex 11.0218 86.4693 0.7
      vertex 11.05 86.9 4.56
      vertex 11.05 86.9 0.7
    endloop
  endfacet
  facet normal -0.997863 0.0653349 0
    outer loop
      vertex 11.05 86.9 4.56
      vertex 11.0218 86.4693 0.7
      vertex 11.0218 86.4693 4.56
    endloop
  endfacet
  facet normal -0.751816 0.659373 0
    outer loop
      vertex 10.0835 84.5666 0.7
      vertex 10.3681 84.8911 4.56
      vertex 10.3681 84.8911 0.7
    endloop
  endfacet
  facet normal -0.751816 0.659373 0
    outer loop
      vertex 10.3681 84.8911 4.56
      vertex 10.0835 84.5666 0.7
      vertex 10.0835 84.5666 4.56
    endloop
  endfacet
  facet normal -0.946908 0.321504 0
    outer loop
      vertex 10.7988 85.6371 0.7
      vertex 10.9376 86.0459 4.56
      vertex 10.9376 86.0459 0.7
    endloop
  endfacet
  facet normal -0.946908 0.321504 0
    outer loop
      vertex 10.9376 86.0459 4.56
      vertex 10.7988 85.6371 0.7
      vertex 10.7988 85.6371 4.56
    endloop
  endfacet
  facet normal -0.980794 0.195047 0
    outer loop
      vertex 10.9376 86.0459 0.7
      vertex 11.0218 86.4693 4.56
      vertex 11.0218 86.4693 0.7
    endloop
  endfacet
  facet normal -0.980794 0.195047 0
    outer loop
      vertex 11.0218 86.4693 4.56
      vertex 10.9376 86.0459 0.7
      vertex 10.9376 86.0459 4.56
    endloop
  endfacet
  facet normal 0.659458 0.751741 -0
    outer loop
      vertex 5.74109 84.2819 0.7
      vertex 5.41655 84.5666 4.56
      vertex 5.74109 84.2819 4.56
    endloop
  endfacet
  facet normal 0.659458 0.751741 0
    outer loop
      vertex 5.41655 84.5666 4.56
      vertex 5.74109 84.2819 0.7
      vertex 5.41655 84.5666 0.7
    endloop
  endfacet
  facet normal 0.896851 0.442332 0
    outer loop
      vertex 4.89212 85.25 4.56
      vertex 4.7012 85.6371 0.7
      vertex 4.7012 85.6371 4.56
    endloop
  endfacet
  facet normal 0.896851 0.442332 0
    outer loop
      vertex 4.7012 85.6371 0.7
      vertex 4.89212 85.25 4.56
      vertex 4.89212 85.25 0.7
    endloop
  endfacet
  facet normal 0.831469 0.555571 0
    outer loop
      vertex 5.13193 84.8911 4.56
      vertex 4.89212 85.25 0.7
      vertex 4.89212 85.25 4.56
    endloop
  endfacet
  facet normal 0.831469 0.555571 0
    outer loop
      vertex 4.89212 85.25 0.7
      vertex 5.13193 84.8911 4.56
      vertex 5.13193 84.8911 0.7
    endloop
  endfacet
  facet normal 0.997859 0.0654041 0
    outer loop
      vertex 4.47823 86.4693 4.56
      vertex 4.45 86.9 0.7
      vertex 4.45 86.9 4.56
    endloop
  endfacet
  facet normal 0.997859 0.0654041 0
    outer loop
      vertex 4.45 86.9 0.7
      vertex 4.47823 86.4693 4.56
      vertex 4.47823 86.4693 0.7
    endloop
  endfacet
  facet normal -0.83148 0.555555 0
    outer loop
      vertex 10.3681 84.8911 0.7
      vertex 10.6079 85.25 4.56
      vertex 10.6079 85.25 0.7
    endloop
  endfacet
  facet normal -0.83148 0.555555 0
    outer loop
      vertex 10.6079 85.25 4.56
      vertex 10.3681 84.8911 0.7
      vertex 10.3681 84.8911 4.56
    endloop
  endfacet
  facet normal 0.751793 0.6594 0
    outer loop
      vertex 5.41655 84.5666 4.56
      vertex 5.13193 84.8911 0.7
      vertex 5.13193 84.8911 4.56
    endloop
  endfacet
  facet normal 0.751793 0.6594 0
    outer loop
      vertex 5.13193 84.8911 0.7
      vertex 5.41655 84.5666 4.56
      vertex 5.41655 84.5666 0.7
    endloop
  endfacet
  facet normal 0.980785 0.195091 0
    outer loop
      vertex 4.56245 86.0459 4.56
      vertex 4.47823 86.4693 0.7
      vertex 4.47823 86.4693 4.56
    endloop
  endfacet
  facet normal 0.980785 0.195091 0
    outer loop
      vertex 4.47823 86.4693 0.7
      vertex 4.56245 86.0459 4.56
      vertex 4.56245 86.0459 0.7
    endloop
  endfacet
  facet normal 0.946943 0.3214 0
    outer loop
      vertex 4.7012 85.6371 4.56
      vertex 4.56245 86.0459 0.7
      vertex 4.56245 86.0459 4.56
    endloop
  endfacet
  facet normal 0.946943 0.3214 0
    outer loop
      vertex 4.56245 86.0459 0.7
      vertex 4.7012 85.6371 4.56
      vertex 4.7012 85.6371 0.7
    endloop
  endfacet
  facet normal -0.442249 0.896892 0
    outer loop
      vertex 9.4 84.0421 0.7
      vertex 9.01285 83.8512 4.56
      vertex 9.4 84.0421 4.56
    endloop
  endfacet
  facet normal -0.442249 0.896892 0
    outer loop
      vertex 9.01285 83.8512 4.56
      vertex 9.4 84.0421 0.7
      vertex 9.01285 83.8512 0.7
    endloop
  endfacet
  facet normal -0.321539 0.946896 0
    outer loop
      vertex 9.01285 83.8512 0.7
      vertex 8.6041 83.7124 4.56
      vertex 9.01285 83.8512 4.56
    endloop
  endfacet
  facet normal -0.321539 0.946896 0
    outer loop
      vertex 8.6041 83.7124 4.56
      vertex 9.01285 83.8512 0.7
      vertex 8.6041 83.7124 0.7
    endloop
  endfacet
  facet normal -0.89687 0.442295 0
    outer loop
      vertex 10.6079 85.25 0.7
      vertex 10.7988 85.6371 4.56
      vertex 10.7988 85.6371 0.7
    endloop
  endfacet
  facet normal -0.89687 0.442295 0
    outer loop
      vertex 10.7988 85.6371 4.56
      vertex 10.6079 85.25 0.7
      vertex 10.6079 85.25 4.56
    endloop
  endfacet
  facet normal -0.659401 0.751791 0
    outer loop
      vertex 10.0835 84.5666 0.7
      vertex 9.75891 84.2819 4.56
      vertex 10.0835 84.5666 4.56
    endloop
  endfacet
  facet normal -0.659401 0.751791 0
    outer loop
      vertex 9.75891 84.2819 4.56
      vertex 10.0835 84.5666 0.7
      vertex 9.75891 84.2819 0.7
    endloop
  endfacet
  facet normal -0.555545 0.831487 0
    outer loop
      vertex 9.75891 84.2819 0.7
      vertex 9.4 84.0421 4.56
      vertex 9.75891 84.2819 4.56
    endloop
  endfacet
  facet normal -0.555545 0.831487 0
    outer loop
      vertex 9.4 84.0421 4.56
      vertex 9.75891 84.2819 0.7
      vertex 9.4 84.0421 0.7
    endloop
  endfacet
  facet normal 0.442249 0.896892 -0
    outer loop
      vertex 6.48715 83.8512 0.7
      vertex 6.1 84.0421 4.56
      vertex 6.48715 83.8512 4.56
    endloop
  endfacet
  facet normal 0.442249 0.896892 0
    outer loop
      vertex 6.1 84.0421 4.56
      vertex 6.48715 83.8512 0.7
      vertex 6.1 84.0421 0.7
    endloop
  endfacet
  facet normal 0.195065 0.98079 -0
    outer loop
      vertex 7.31926 83.6282 0.7
      vertex 6.8959 83.7124 4.56
      vertex 7.31926 83.6282 4.56
    endloop
  endfacet
  facet normal 0.195065 0.98079 0
    outer loop
      vertex 6.8959 83.7124 4.56
      vertex 7.31926 83.6282 0.7
      vertex 6.8959 83.7124 0.7
    endloop
  endfacet
  facet normal 0.321539 0.946896 -0
    outer loop
      vertex 6.8959 83.7124 0.7
      vertex 6.48715 83.8512 4.56
      vertex 6.8959 83.7124 4.56
    endloop
  endfacet
  facet normal 0.321539 0.946896 0
    outer loop
      vertex 6.48715 83.8512 4.56
      vertex 6.8959 83.7124 0.7
      vertex 6.48715 83.8512 0.7
    endloop
  endfacet
  facet normal 0.0653289 0.997864 -0
    outer loop
      vertex 7.75 83.6 0.7
      vertex 7.31926 83.6282 4.56
      vertex 7.75 83.6 4.56
    endloop
  endfacet
  facet normal 0.0653289 0.997864 0
    outer loop
      vertex 7.31926 83.6282 4.56
      vertex 7.75 83.6 0.7
      vertex 7.31926 83.6282 0.7
    endloop
  endfacet
  facet normal 0.555545 0.831487 -0
    outer loop
      vertex 6.1 84.0421 0.7
      vertex 5.74109 84.2819 4.56
      vertex 6.1 84.0421 4.56
    endloop
  endfacet
  facet normal 0.555545 0.831487 0
    outer loop
      vertex 5.74109 84.2819 4.56
      vertex 6.1 84.0421 0.7
      vertex 5.74109 84.2819 0.7
    endloop
  endfacet
  facet normal -0.997851 -0.0655224 0
    outer loop
      vertex 10.55 86.9 4.85
      vertex 10.526 87.2655 6.8
      vertex 10.526 87.2655 4.85
    endloop
  endfacet
  facet normal -0.997851 -0.0655224 0
    outer loop
      vertex 10.526 87.2655 6.8
      vertex 10.55 86.9 4.85
      vertex 10.55 86.9 6.8
    endloop
  endfacet
  facet normal 0.997858 -0.0654136 0
    outer loop
      vertex 4.95 86.9 6.8
      vertex 4.97396 87.2655 4.85
      vertex 4.97396 87.2655 6.8
    endloop
  endfacet
  facet normal 0.997858 -0.0654136 0
    outer loop
      vertex 4.97396 87.2655 4.85
      vertex 4.95 86.9 6.8
      vertex 4.95 86.9 4.85
    endloop
  endfacet
  facet normal -0.0655277 -0.997851 0
    outer loop
      vertex 7.75 89.7 4.85
      vertex 8.11547 89.676 6.8
      vertex 7.75 89.7 6.8
    endloop
  endfacet
  facet normal -0.0655277 -0.997851 -0
    outer loop
      vertex 8.11547 89.676 6.8
      vertex 7.75 89.7 4.85
      vertex 8.11547 89.676 4.85
    endloop
  endfacet
  facet normal 0.0655277 0.997851 -0
    outer loop
      vertex 7.75 84.1 4.85
      vertex 7.38453 84.124 6.8
      vertex 7.75 84.1 6.8
    endloop
  endfacet
  facet normal 0.0655277 0.997851 0
    outer loop
      vertex 7.38453 84.124 6.8
      vertex 7.75 84.1 4.85
      vertex 7.38453 84.124 4.85
    endloop
  endfacet
  facet normal -0.659357 -0.75183 0
    outer loop
      vertex 9.45453 89.1214 4.85
      vertex 9.7299 88.8799 6.8
      vertex 9.45453 89.1214 6.8
    endloop
  endfacet
  facet normal -0.659357 -0.75183 -0
    outer loop
      vertex 9.7299 88.8799 6.8
      vertex 9.45453 89.1214 4.85
      vertex 9.7299 88.8799 4.85
    endloop
  endfacet
  facet normal 0.659357 -0.75183 0
    outer loop
      vertex 5.7701 88.8799 4.85
      vertex 6.04547 89.1214 6.8
      vertex 5.7701 88.8799 6.8
    endloop
  endfacet
  facet normal 0.659357 -0.75183 0
    outer loop
      vertex 6.04547 89.1214 6.8
      vertex 5.7701 88.8799 4.85
      vertex 6.04547 89.1214 4.85
    endloop
  endfacet
  facet normal 0.321367 -0.946955 0
    outer loop
      vertex 6.67849 89.4869 4.85
      vertex 7.02531 89.6046 6.8
      vertex 6.67849 89.4869 6.8
    endloop
  endfacet
  facet normal 0.321367 -0.946955 0
    outer loop
      vertex 7.02531 89.6046 6.8
      vertex 6.67849 89.4869 4.85
      vertex 7.02531 89.6046 4.85
    endloop
  endfacet
  facet normal -0.896871 -0.442292 0
    outer loop
      vertex 10.3369 87.9715 4.85
      vertex 10.1749 88.3 6.8
      vertex 10.1749 88.3 4.85
    endloop
  endfacet
  facet normal -0.896871 -0.442292 0
    outer loop
      vertex 10.1749 88.3 6.8
      vertex 10.3369 87.9715 4.85
      vertex 10.3369 87.9715 6.8
    endloop
  endfacet
  facet normal -0.831407 -0.555664 0
    outer loop
      vertex 10.1749 88.3 4.85
      vertex 9.97139 88.6045 6.8
      vertex 9.97139 88.6045 4.85
    endloop
  endfacet
  facet normal -0.831407 -0.555664 0
    outer loop
      vertex 9.97139 88.6045 6.8
      vertex 10.1749 88.3 4.85
      vertex 10.1749 88.3 6.8
    endloop
  endfacet
  facet normal -0.442303 -0.896866 0
    outer loop
      vertex 8.82151 89.4869 4.85
      vertex 9.15 89.3249 6.8
      vertex 8.82151 89.4869 6.8
    endloop
  endfacet
  facet normal -0.442303 -0.896866 -0
    outer loop
      vertex 9.15 89.3249 6.8
      vertex 8.82151 89.4869 4.85
      vertex 9.15 89.3249 4.85
    endloop
  endfacet
  facet normal -0.321367 -0.946955 0
    outer loop
      vertex 8.47469 89.6046 4.85
      vertex 8.82151 89.4869 6.8
      vertex 8.47469 89.6046 6.8
    endloop
  endfacet
  facet normal -0.321367 -0.946955 -0
    outer loop
      vertex 8.82151 89.4869 6.8
      vertex 8.47469 89.6046 4.85
      vertex 8.82151 89.4869 4.85
    endloop
  endfacet
  facet normal -0.555607 -0.831445 0
    outer loop
      vertex 9.15 89.3249 4.85
      vertex 9.45453 89.1214 6.8
      vertex 9.15 89.3249 6.8
    endloop
  endfacet
  facet normal -0.555607 -0.831445 -0
    outer loop
      vertex 9.45453 89.1214 6.8
      vertex 9.15 89.3249 4.85
      vertex 9.45453 89.1214 4.85
    endloop
  endfacet
  facet normal 0.896882 -0.442271 0
    outer loop
      vertex 5.16314 87.9715 6.8
      vertex 5.32513 88.3 4.85
      vertex 5.32513 88.3 6.8
    endloop
  endfacet
  facet normal 0.896882 -0.442271 0
    outer loop
      vertex 5.32513 88.3 4.85
      vertex 5.16314 87.9715 6.8
      vertex 5.16314 87.9715 4.85
    endloop
  endfacet
  facet normal 0.751879 -0.659301 0
    outer loop
      vertex 5.52861 88.6045 6.8
      vertex 5.7701 88.8799 4.85
      vertex 5.7701 88.8799 6.8
    endloop
  endfacet
  facet normal 0.751879 -0.659301 0
    outer loop
      vertex 5.7701 88.8799 4.85
      vertex 5.52861 88.6045 6.8
      vertex 5.52861 88.6045 4.85
    endloop
  endfacet
  facet normal 0.946924 -0.321457 0
    outer loop
      vertex 5.04541 87.6247 6.8
      vertex 5.16314 87.9715 4.85
      vertex 5.16314 87.9715 6.8
    endloop
  endfacet
  facet normal 0.946924 -0.321457 0
    outer loop
      vertex 5.16314 87.9715 4.85
      vertex 5.04541 87.6247 6.8
      vertex 5.04541 87.6247 4.85
    endloop
  endfacet
  facet normal 0.19495 -0.980813 0
    outer loop
      vertex 7.02531 89.6046 4.85
      vertex 7.38453 89.676 6.8
      vertex 7.02531 89.6046 6.8
    endloop
  endfacet
  facet normal 0.19495 -0.980813 0
    outer loop
      vertex 7.38453 89.676 6.8
      vertex 7.02531 89.6046 4.85
      vertex 7.38453 89.676 4.85
    endloop
  endfacet
  facet normal 0.442303 0.896866 -0
    outer loop
      vertex 6.67849 84.3131 4.85
      vertex 6.35 84.4751 6.8
      vertex 6.67849 84.3131 6.8
    endloop
  endfacet
  facet normal 0.442303 0.896866 0
    outer loop
      vertex 6.35 84.4751 6.8
      vertex 6.67849 84.3131 4.85
      vertex 6.35 84.4751 4.85
    endloop
  endfacet
  facet normal 0.659357 0.75183 -0
    outer loop
      vertex 6.04547 84.6786 4.85
      vertex 5.7701 84.9201 6.8
      vertex 6.04547 84.6786 6.8
    endloop
  endfacet
  facet normal 0.659357 0.75183 0
    outer loop
      vertex 5.7701 84.9201 6.8
      vertex 6.04547 84.6786 4.85
      vertex 5.7701 84.9201 4.85
    endloop
  endfacet
  facet normal 0.321367 0.946955 -0
    outer loop
      vertex 7.02531 84.1954 4.85
      vertex 6.67849 84.3131 6.8
      vertex 7.02531 84.1954 6.8
    endloop
  endfacet
  facet normal 0.321367 0.946955 0
    outer loop
      vertex 6.67849 84.3131 6.8
      vertex 7.02531 84.1954 4.85
      vertex 6.67849 84.3131 4.85
    endloop
  endfacet
  facet normal 0 0 1
    outer loop
      vertex 10.526 87.2655 4.85
      vertex 10.526 86.5345 4.85
      vertex 10.55 86.9 4.85
    endloop
  endfacet
  facet normal 0 0 1
    outer loop
      vertex 10.4546 87.6247 4.85
      vertex 10.526 86.5345 4.85
      vertex 10.526 87.2655 4.85
    endloop
  endfacet
  facet normal 0 0 1
    outer loop
      vertex 10.4546 87.6247 4.85
      vertex 10.4546 86.1753 4.85
      vertex 10.526 86.5345 4.85
    endloop
  endfacet
  facet normal 0 0 1
    outer loop
      vertex 10.3369 87.9715 4.85
      vertex 10.4546 86.1753 4.85
      vertex 10.4546 87.6247 4.85
    endloop
  endfacet
  facet normal 0 0 1
    outer loop
      vertex 10.3369 87.9715 4.85
      vertex 10.3369 85.8285 4.85
      vertex 10.4546 86.1753 4.85
    endloop
  endfacet
  facet normal 0 0 1
    outer loop
      vertex 10.1749 88.3 4.85
      vertex 10.3369 85.8285 4.85
      vertex 10.3369 87.9715 4.85
    endloop
  endfacet
  facet normal 0 0 1
    outer loop
      vertex 10.1749 88.3 4.85
      vertex 10.1749 85.5 4.85
      vertex 10.3369 85.8285 4.85
    endloop
  endfacet
  facet normal 0 0 1
    outer loop
      vertex 9.97139 88.6045 4.85
      vertex 10.1749 85.5 4.85
      vertex 10.1749 88.3 4.85
    endloop
  endfacet
  facet normal 0 0 1
    outer loop
      vertex 9.97139 88.6045 4.85
      vertex 9.97139 85.1955 4.85
      vertex 10.1749 85.5 4.85
    endloop
  endfacet
  facet normal 0 0 1
    outer loop
      vertex 9.7299 88.8799 4.85
      vertex 9.97139 85.1955 4.85
      vertex 9.97139 88.6045 4.85
    endloop
  endfacet
  facet normal 0 0 1
    outer loop
      vertex 9.7299 88.8799 4.85
      vertex 9.7299 84.9201 4.85
      vertex 9.97139 85.1955 4.85
    endloop
  endfacet
  facet normal 0 0 1
    outer loop
      vertex 9.45453 89.1214 4.85
      vertex 9.7299 84.9201 4.85
      vertex 9.7299 88.8799 4.85
    endloop
  endfacet
  facet normal 0 0 1
    outer loop
      vertex 9.45453 89.1214 4.85
      vertex 9.45453 84.6786 4.85
      vertex 9.7299 84.9201 4.85
    endloop
  endfacet
  facet normal 0 0 1
    outer loop
      vertex 9.15 89.3249 4.85
      vertex 9.45453 84.6786 4.85
      vertex 9.45453 89.1214 4.85
    endloop
  endfacet
  facet normal 0 0 1
    outer loop
      vertex 9.15 89.3249 4.85
      vertex 9.15 84.4751 4.85
      vertex 9.45453 84.6786 4.85
    endloop
  endfacet
  facet normal 0 0 1
    outer loop
      vertex 8.82151 89.4869 4.85
      vertex 9.15 84.4751 4.85
      vertex 9.15 89.3249 4.85
    endloop
  endfacet
  facet normal 0 0 1
    outer loop
      vertex 8.82151 89.4869 4.85
      vertex 8.82151 84.3131 4.85
      vertex 9.15 84.4751 4.85
    endloop
  endfacet
  facet normal 0 0 1
    outer loop
      vertex 8.47469 89.6046 4.85
      vertex 8.82151 84.3131 4.85
      vertex 8.82151 89.4869 4.85
    endloop
  endfacet
  facet normal 0 0 1
    outer loop
      vertex 8.47469 89.6046 4.85
      vertex 8.47469 84.1954 4.85
      vertex 8.82151 84.3131 4.85
    endloop
  endfacet
  facet normal 0 0 1
    outer loop
      vertex 8.11547 89.676 4.85
      vertex 8.47469 84.1954 4.85
      vertex 8.47469 89.6046 4.85
    endloop
  endfacet
  facet normal 0 0 1
    outer loop
      vertex 8.11547 89.676 4.85
      vertex 8.11547 84.124 4.85
      vertex 8.47469 84.1954 4.85
    endloop
  endfacet
  facet normal 0 0 1
    outer loop
      vertex 7.75 89.7 4.85
      vertex 8.11547 84.124 4.85
      vertex 8.11547 89.676 4.85
    endloop
  endfacet
  facet normal 0 0 1
    outer loop
      vertex 7.75 89.7 4.85
      vertex 7.75 84.1 4.85
      vertex 8.11547 84.124 4.85
    endloop
  endfacet
  facet normal -0 0 1
    outer loop
      vertex 7.38453 89.676 4.85
      vertex 7.75 84.1 4.85
      vertex 7.75 89.7 4.85
    endloop
  endfacet
  facet normal 0 0 1
    outer loop
      vertex 7.38453 89.676 4.85
      vertex 7.38453 84.124 4.85
      vertex 7.75 84.1 4.85
    endloop
  endfacet
  facet normal -0 0 1
    outer loop
      vertex 7.02531 89.6046 4.85
      vertex 7.38453 84.124 4.85
      vertex 7.38453 89.676 4.85
    endloop
  endfacet
  facet normal 0 0 1
    outer loop
      vertex 7.02531 89.6046 4.85
      vertex 7.02531 84.1954 4.85
      vertex 7.38453 84.124 4.85
    endloop
  endfacet
  facet normal -0 0 1
    outer loop
      vertex 6.67849 89.4869 4.85
      vertex 7.02531 84.1954 4.85
      vertex 7.02531 89.6046 4.85
    endloop
  endfacet
  facet normal 0 0 1
    outer loop
      vertex 6.67849 89.4869 4.85
      vertex 6.67849 84.3131 4.85
      vertex 7.02531 84.1954 4.85
    endloop
  endfacet
  facet normal -0 0 1
    outer loop
      vertex 6.35 89.3249 4.85
      vertex 6.67849 84.3131 4.85
      vertex 6.67849 89.4869 4.85
    endloop
  endfacet
  facet normal 0 0 1
    outer loop
      vertex 6.35 89.3249 4.85
      vertex 6.35 84.4751 4.85
      vertex 6.67849 84.3131 4.85
    endloop
  endfacet
  facet normal -0 0 1
    outer loop
      vertex 6.04547 89.1214 4.85
      vertex 6.35 84.4751 4.85
      vertex 6.35 89.3249 4.85
    endloop
  endfacet
  facet normal 0 0 1
    outer loop
      vertex 6.04547 89.1214 4.85
      vertex 6.04547 84.6786 4.85
      vertex 6.35 84.4751 4.85
    endloop
  endfacet
  facet normal -0 0 1
    outer loop
      vertex 5.7701 88.8799 4.85
      vertex 6.04547 84.6786 4.85
      vertex 6.04547 89.1214 4.85
    endloop
  endfacet
  facet normal 0 0 1
    outer loop
      vertex 5.7701 88.8799 4.85
      vertex 5.7701 84.9201 4.85
      vertex 6.04547 84.6786 4.85
    endloop
  endfacet
  facet normal -0 0 1
    outer loop
      vertex 5.52861 88.6045 4.85
      vertex 5.7701 84.9201 4.85
      vertex 5.7701 88.8799 4.85
    endloop
  endfacet
  facet normal 0 0 1
    outer loop
      vertex 5.52861 88.6045 4.85
      vertex 5.52861 85.1955 4.85
      vertex 5.7701 84.9201 4.85
    endloop
  endfacet
  facet normal -0 0 1
    outer loop
      vertex 5.32513 88.3 4.85
      vertex 5.52861 85.1955 4.85
      vertex 5.52861 88.6045 4.85
    endloop
  endfacet
  facet normal 0 0 1
    outer loop
      vertex 5.32513 88.3 4.85
      vertex 5.32513 85.5 4.85
      vertex 5.52861 85.1955 4.85
    endloop
  endfacet
  facet normal -0 0 1
    outer loop
      vertex 5.16314 87.9715 4.85
      vertex 5.32513 85.5 4.85
      vertex 5.32513 88.3 4.85
    endloop
  endfacet
  facet normal 0 0 1
    outer loop
      vertex 5.16314 87.9715 4.85
      vertex 5.16314 85.8285 4.85
      vertex 5.32513 85.5 4.85
    endloop
  endfacet
  facet normal -0 0 1
    outer loop
      vertex 5.04541 87.6247 4.85
      vertex 5.16314 85.8285 4.85
      vertex 5.16314 87.9715 4.85
    endloop
  endfacet
  facet normal 0 0 1
    outer loop
      vertex 5.04541 87.6247 4.85
      vertex 5.04541 86.1753 4.85
      vertex 5.16314 85.8285 4.85
    endloop
  endfacet
  facet normal -0 0 1
    outer loop
      vertex 4.97396 87.2655 4.85
      vertex 5.04541 86.1753 4.85
      vertex 5.04541 87.6247 4.85
    endloop
  endfacet
  facet normal 0 0 1
    outer loop
      vertex 4.97396 87.2655 4.85
      vertex 4.97396 86.5345 4.85
      vertex 5.04541 86.1753 4.85
    endloop
  endfacet
  facet normal 0 -0 1
    outer loop
      vertex 4.97396 86.5345 4.85
      vertex 4.97396 87.2655 4.85
      vertex 4.95 86.9 4.85
    endloop
  endfacet
  facet normal -0.946949 -0.321384 0
    outer loop
      vertex 10.4546 87.6247 4.85
      vertex 10.3369 87.9715 6.8
      vertex 10.3369 87.9715 4.85
    endloop
  endfacet
  facet normal -0.946949 -0.321384 0
    outer loop
      vertex 10.3369 87.9715 6.8
      vertex 10.4546 87.6247 4.85
      vertex 10.4546 87.6247 6.8
    endloop
  endfacet
  facet normal -0.980811 -0.194961 0
    outer loop
      vertex 10.526 87.2655 4.85
      vertex 10.4546 87.6247 6.8
      vertex 10.4546 87.6247 4.85
    endloop
  endfacet
  facet normal -0.980811 -0.194961 0
    outer loop
      vertex 10.4546 87.6247 6.8
      vertex 10.526 87.2655 4.85
      vertex 10.526 87.2655 6.8
    endloop
  endfacet
  facet normal -0.751879 -0.659301 0
    outer loop
      vertex 9.97139 88.6045 4.85
      vertex 9.7299 88.8799 6.8
      vertex 9.7299 88.8799 4.85
    endloop
  endfacet
  facet normal -0.751879 -0.659301 0
    outer loop
      vertex 9.7299 88.8799 6.8
      vertex 9.97139 88.6045 4.85
      vertex 9.97139 88.6045 6.8
    endloop
  endfacet
  facet normal -0.19495 -0.980813 0
    outer loop
      vertex 8.11547 89.676 4.85
      vertex 8.47469 89.6046 6.8
      vertex 8.11547 89.676 6.8
    endloop
  endfacet
  facet normal -0.19495 -0.980813 -0
    outer loop
      vertex 8.47469 89.6046 6.8
      vertex 8.11547 89.676 4.85
      vertex 8.47469 89.6046 4.85
    endloop
  endfacet
  facet normal 0.831445 -0.555607 0
    outer loop
      vertex 5.32513 88.3 6.8
      vertex 5.52861 88.6045 4.85
      vertex 5.52861 88.6045 6.8
    endloop
  endfacet
  facet normal 0.831445 -0.555607 0
    outer loop
      vertex 5.52861 88.6045 4.85
      vertex 5.32513 88.3 6.8
      vertex 5.32513 88.3 4.85
    endloop
  endfacet
  facet normal 0.980785 -0.195092 0
    outer loop
      vertex 4.97396 87.2655 6.8
      vertex 5.04541 87.6247 4.85
      vertex 5.04541 87.6247 6.8
    endloop
  endfacet
  facet normal 0.980785 -0.195092 0
    outer loop
      vertex 5.04541 87.6247 4.85
      vertex 4.97396 87.2655 6.8
      vertex 4.97396 87.2655 4.85
    endloop
  endfacet
  facet normal 0.442303 -0.896866 0
    outer loop
      vertex 6.35 89.3249 4.85
      vertex 6.67849 89.4869 6.8
      vertex 6.35 89.3249 6.8
    endloop
  endfacet
  facet normal 0.442303 -0.896866 0
    outer loop
      vertex 6.67849 89.4869 6.8
      vertex 6.35 89.3249 4.85
      vertex 6.67849 89.4869 4.85
    endloop
  endfacet
  facet normal 0.555607 -0.831445 0
    outer loop
      vertex 6.04547 89.1214 4.85
      vertex 6.35 89.3249 6.8
      vertex 6.04547 89.1214 6.8
    endloop
  endfacet
  facet normal 0.555607 -0.831445 0
    outer loop
      vertex 6.35 89.3249 6.8
      vertex 6.04547 89.1214 4.85
      vertex 6.35 89.3249 4.85
    endloop
  endfacet
  facet normal 0.0655277 -0.997851 0
    outer loop
      vertex 7.38453 89.676 4.85
      vertex 7.75 89.7 6.8
      vertex 7.38453 89.676 6.8
    endloop
  endfacet
  facet normal 0.0655277 -0.997851 0
    outer loop
      vertex 7.75 89.7 6.8
      vertex 7.38453 89.676 4.85
      vertex 7.75 89.7 4.85
    endloop
  endfacet
  facet normal -0.997851 0.0655224 0
    outer loop
      vertex 10.526 86.5345 4.85
      vertex 10.55 86.9 6.8
      vertex 10.55 86.9 4.85
    endloop
  endfacet
  facet normal -0.997851 0.0655224 0
    outer loop
      vertex 10.55 86.9 6.8
      vertex 10.526 86.5345 4.85
      vertex 10.526 86.5345 6.8
    endloop
  endfacet
  facet normal -0.0655277 0.997851 0
    outer loop
      vertex 8.11547 84.124 4.85
      vertex 7.75 84.1 6.8
      vertex 8.11547 84.124 6.8
    endloop
  endfacet
  facet normal -0.0655277 0.997851 0
    outer loop
      vertex 7.75 84.1 6.8
      vertex 8.11547 84.124 4.85
      vertex 7.75 84.1 4.85
    endloop
  endfacet
  facet normal -0.321367 0.946955 0
    outer loop
      vertex 8.82151 84.3131 4.85
      vertex 8.47469 84.1954 6.8
      vertex 8.82151 84.3131 6.8
    endloop
  endfacet
  facet normal -0.321367 0.946955 0
    outer loop
      vertex 8.47469 84.1954 6.8
      vertex 8.82151 84.3131 4.85
      vertex 8.47469 84.1954 4.85
    endloop
  endfacet
  facet normal -0.659357 0.75183 0
    outer loop
      vertex 9.7299 84.9201 4.85
      vertex 9.45453 84.6786 6.8
      vertex 9.7299 84.9201 6.8
    endloop
  endfacet
  facet normal -0.659357 0.75183 0
    outer loop
      vertex 9.45453 84.6786 6.8
      vertex 9.7299 84.9201 4.85
      vertex 9.45453 84.6786 4.85
    endloop
  endfacet
  facet normal -0.442303 0.896866 0
    outer loop
      vertex 9.15 84.4751 4.85
      vertex 8.82151 84.3131 6.8
      vertex 9.15 84.4751 6.8
    endloop
  endfacet
  facet normal -0.442303 0.896866 0
    outer loop
      vertex 8.82151 84.3131 6.8
      vertex 9.15 84.4751 4.85
      vertex 8.82151 84.3131 4.85
    endloop
  endfacet
  facet normal -0.946949 0.321384 0
    outer loop
      vertex 10.3369 85.8285 4.85
      vertex 10.4546 86.1753 6.8
      vertex 10.4546 86.1753 4.85
    endloop
  endfacet
  facet normal -0.946949 0.321384 0
    outer loop
      vertex 10.4546 86.1753 6.8
      vertex 10.3369 85.8285 4.85
      vertex 10.3369 85.8285 6.8
    endloop
  endfacet
  facet normal -0.831407 0.555664 0
    outer loop
      vertex 9.97139 85.1955 4.85
      vertex 10.1749 85.5 6.8
      vertex 10.1749 85.5 4.85
    endloop
  endfacet
  facet normal -0.831407 0.555664 0
    outer loop
      vertex 10.1749 85.5 6.8
      vertex 9.97139 85.1955 4.85
      vertex 9.97139 85.1955 6.8
    endloop
  endfacet
  facet normal 0.555607 0.831445 -0
    outer loop
      vertex 6.35 84.4751 4.85
      vertex 6.04547 84.6786 6.8
      vertex 6.35 84.4751 6.8
    endloop
  endfacet
  facet normal 0.555607 0.831445 0
    outer loop
      vertex 6.04547 84.6786 6.8
      vertex 6.35 84.4751 4.85
      vertex 6.04547 84.6786 4.85
    endloop
  endfacet
  facet normal 0.19495 0.980813 -0
    outer loop
      vertex 7.38453 84.124 4.85
      vertex 7.02531 84.1954 6.8
      vertex 7.38453 84.124 6.8
    endloop
  endfacet
  facet normal 0.19495 0.980813 0
    outer loop
      vertex 7.02531 84.1954 6.8
      vertex 7.38453 84.124 4.85
      vertex 7.02531 84.1954 4.85
    endloop
  endfacet
  facet normal 0.896882 0.442271 0
    outer loop
      vertex 5.32513 85.5 6.8
      vertex 5.16314 85.8285 4.85
      vertex 5.16314 85.8285 6.8
    endloop
  endfacet
  facet normal 0.896882 0.442271 0
    outer loop
      vertex 5.16314 85.8285 4.85
      vertex 5.32513 85.5 6.8
      vertex 5.32513 85.5 4.85
    endloop
  endfacet
  facet normal 0.751879 0.659301 0
    outer loop
      vertex 5.7701 84.9201 6.8
      vertex 5.52861 85.1955 4.85
      vertex 5.52861 85.1955 6.8
    endloop
  endfacet
  facet normal 0.751879 0.659301 0
    outer loop
      vertex 5.52861 85.1955 4.85
      vertex 5.7701 84.9201 6.8
      vertex 5.7701 84.9201 4.85
    endloop
  endfacet
  facet normal 0.946924 0.321457 0
    outer loop
      vertex 5.16314 85.8285 6.8
      vertex 5.04541 86.1753 4.85
      vertex 5.04541 86.1753 6.8
    endloop
  endfacet
  facet normal 0.946924 0.321457 0
    outer loop
      vertex 5.04541 86.1753 4.85
      vertex 5.16314 85.8285 6.8
      vertex 5.16314 85.8285 4.85
    endloop
  endfacet
  facet normal 0.997858 0.0654136 0
    outer loop
      vertex 4.97396 86.5345 6.8
      vertex 4.95 86.9 4.85
      vertex 4.95 86.9 6.8
    endloop
  endfacet
  facet normal 0.997858 0.0654136 0
    outer loop
      vertex 4.95 86.9 4.85
      vertex 4.97396 86.5345 6.8
      vertex 4.97396 86.5345 4.85
    endloop
  endfacet
  facet normal -0.19495 0.980813 0
    outer loop
      vertex 8.47469 84.1954 4.85
      vertex 8.11547 84.124 6.8
      vertex 8.47469 84.1954 6.8
    endloop
  endfacet
  facet normal -0.19495 0.980813 0
    outer loop
      vertex 8.11547 84.124 6.8
      vertex 8.47469 84.1954 4.85
      vertex 8.11547 84.124 4.85
    endloop
  endfacet
  facet normal -0.751879 0.659301 0
    outer loop
      vertex 9.7299 84.9201 4.85
      vertex 9.97139 85.1955 6.8
      vertex 9.97139 85.1955 4.85
    endloop
  endfacet
  facet normal -0.751879 0.659301 0
    outer loop
      vertex 9.97139 85.1955 6.8
      vertex 9.7299 84.9201 4.85
      vertex 9.7299 84.9201 6.8
    endloop
  endfacet
  facet normal -0.555607 0.831445 0
    outer loop
      vertex 9.45453 84.6786 4.85
      vertex 9.15 84.4751 6.8
      vertex 9.45453 84.6786 6.8
    endloop
  endfacet
  facet normal -0.555607 0.831445 0
    outer loop
      vertex 9.15 84.4751 6.8
      vertex 9.45453 84.6786 4.85
      vertex 9.15 84.4751 4.85
    endloop
  endfacet
  facet normal -0.980811 0.194961 0
    outer loop
      vertex 10.4546 86.1753 4.85
      vertex 10.526 86.5345 6.8
      vertex 10.526 86.5345 4.85
    endloop
  endfacet
  facet normal -0.980811 0.194961 0
    outer loop
      vertex 10.526 86.5345 6.8
      vertex 10.4546 86.1753 4.85
      vertex 10.4546 86.1753 6.8
    endloop
  endfacet
  facet normal -0.896871 0.442292 0
    outer loop
      vertex 10.1749 85.5 4.85
      vertex 10.3369 85.8285 6.8
      vertex 10.3369 85.8285 4.85
    endloop
  endfacet
  facet normal -0.896871 0.442292 0
    outer loop
      vertex 10.3369 85.8285 6.8
      vertex 10.1749 85.5 4.85
      vertex 10.1749 85.5 6.8
    endloop
  endfacet
  facet normal 0.831445 0.555607 0
    outer loop
      vertex 5.52861 85.1955 6.8
      vertex 5.32513 85.5 4.85
      vertex 5.32513 85.5 6.8
    endloop
  endfacet
  facet normal 0.831445 0.555607 0
    outer loop
      vertex 5.32513 85.5 4.85
      vertex 5.52861 85.1955 6.8
      vertex 5.52861 85.1955 4.85
    endloop
  endfacet
  facet normal 0.980785 0.195092 0
    outer loop
      vertex 5.04541 86.1753 6.8
      vertex 4.97396 86.5345 4.85
      vertex 4.97396 86.5345 6.8
    endloop
  endfacet
  facet normal 0.980785 0.195092 0
    outer loop
      vertex 4.97396 86.5345 4.85
      vertex 5.04541 86.1753 6.8
      vertex 5.04541 86.1753 4.85
    endloop
  endfacet
  facet normal -0.960623 -0.0629917 -0.270621
    outer loop
      vertex 60.05 28.9 0.7
      vertex 60.2468 28.9061 0
      vertex 60.2472 28.9 0
    endloop
  endfacet
  facet normal -0.960629 -0.062897 -0.270622
    outer loop
      vertex 60.2468 28.9061 0
      vertex 60.05 28.9 0.7
      vertex 60.0218 29.3307 0.7
    endloop
  endfacet
  facet normal -0.960631 -0.0629188 -0.270609
    outer loop
      vertex 60.2173 29.3565 0
      vertex 60.2468 28.9061 0
      vertex 60.0218 29.3307 0.7
    endloop
  endfacet
  facet normal 0.960623 0.0629917 -0.270621
    outer loop
      vertex 53.45 28.9 0.7
      vertex 53.2532 28.8939 0
      vertex 53.2528 28.9 0
    endloop
  endfacet
  facet normal 0.960629 0.062897 -0.270622
    outer loop
      vertex 53.2532 28.8939 0
      vertex 53.45 28.9 0.7
      vertex 53.4782 28.4693 0.7
    endloop
  endfacet
  facet normal -0.943383 -0.191874 -0.27058
    outer loop
      vertex 60.1292 29.7992 0
      vertex 59.9376 29.7541 0.7
      vertex 60.128 29.8051 0
    endloop
  endfacet
  facet normal -0.944218 -0.187773 -0.270544
    outer loop
      vertex 59.9376 29.7541 0.7
      vertex 60.1292 29.7992 0
      vertex 60.0218 29.3307 0.7
    endloop
  endfacet
  facet normal -0.86335 -0.425917 -0.270595
    outer loop
      vertex 59.981 30.2383 0
      vertex 59.7988 30.1629 0.7
      vertex 59.7813 30.6431 0
    endloop
  endfacet
  facet normal -0.062897 0.960629 -0.270622
    outer loop
      vertex 56.7561 25.4032 0
      vertex 56.75 25.6 0.7
      vertex 57.1807 25.6282 0.7
    endloop
  endfacet
  facet normal -0.0629917 0.960623 -0.270621
    outer loop
      vertex 56.75 25.6 0.7
      vertex 56.7561 25.4032 0
      vertex 56.75 25.4028 0
    endloop
  endfacet
  facet normal 0.062897 -0.960629 -0.270622
    outer loop
      vertex 56.7439 32.3968 0
      vertex 56.75 32.2 0.7
      vertex 56.3193 32.1718 0.7
    endloop
  endfacet
  facet normal 0.0629917 -0.960623 -0.270621
    outer loop
      vertex 56.75 32.2 0.7
      vertex 56.7439 32.3968 0
      vertex 56.75 32.3972 0
    endloop
  endfacet
  facet normal 0.800463 -0.534832 -0.27058
    outer loop
      vertex 53.8921 30.55 0.7
      vertex 53.7247 30.6536 0
      vertex 54.1319 30.9089 0.7
    endloop
  endfacet
  facet normal 0.803466 -0.530287 -0.270626
    outer loop
      vertex 53.7247 30.6536 0
      vertex 53.8921 30.55 0.7
      vertex 53.7214 30.6486 0
    endloop
  endfacet
  facet normal 0.424245 -0.864203 -0.2705
    outer loop
      vertex 55.0069 31.9313 0
      vertex 55.1 31.7579 0.7
      vertex 55.0014 31.9286 0
    endloop
  endfacet
  facet normal 0.425804 -0.86343 -0.270516
    outer loop
      vertex 55.1 31.7579 0.7
      vertex 55.0069 31.9313 0
      vertex 55.4871 31.9488 0.7
    endloop
  endfacet
  facet normal 0.944218 0.187773 -0.270544
    outer loop
      vertex 53.5624 28.0459 0.7
      vertex 53.3708 28.0008 0
      vertex 53.4782 28.4693 0.7
    endloop
  endfacet
  facet normal 0.943383 0.191874 -0.27058
    outer loop
      vertex 53.3708 28.0008 0
      vertex 53.5624 28.0459 0.7
      vertex 53.372 27.9949 0
    endloop
  endfacet
  facet normal 0.911588 0.309479 -0.270609
    outer loop
      vertex 53.7012 27.6371 0.7
      vertex 53.519 27.5617 0
      vertex 53.3739 27.9891 0
    endloop
  endfacet
  facet normal -0.634702 0.72385 -0.270546
    outer loop
      vertex 59.0835 26.5665 0.7
      vertex 59.2229 26.4271 0
      vertex 58.8835 26.1295 0
    endloop
  endfacet
  facet normal -0.534792 -0.800482 -0.270605
    outer loop
      vertex 58.879 31.6745 0
      vertex 58.7589 31.5181 0.7
      vertex 58.5036 31.9253 0
    endloop
  endfacet
  facet normal -0.944172 -0.187896 -0.270619
    outer loop
      vertex 60.1292 29.7992 0
      vertex 60.2173 29.3565 0
      vertex 60.0218 29.3307 0.7
    endloop
  endfacet
  facet normal 0.960631 -0.0629188 -0.270609
    outer loop
      vertex 53.2827 29.3565 0
      vertex 53.4782 29.3307 0.7
      vertex 53.2532 28.9061 0
    endloop
  endfacet
  facet normal 0.0629188 0.960631 -0.270609
    outer loop
      vertex 56.3193 25.6282 0.7
      vertex 56.7439 25.4032 0
      vertex 56.2935 25.4327 0
    endloop
  endfacet
  facet normal 0.530287 0.803466 -0.270626
    outer loop
      vertex 54.9964 25.8747 0
      vertex 55.1 26.0421 0.7
      vertex 55.0014 25.8714 0
    endloop
  endfacet
  facet normal 0.534832 0.800463 -0.27058
    outer loop
      vertex 55.1 26.0421 0.7
      vertex 54.9964 25.8747 0
      vertex 54.7411 26.2819 0.7
    endloop
  endfacet
  facet normal 0.534792 0.800482 -0.270605
    outer loop
      vertex 54.7411 26.2819 0.7
      vertex 54.9964 25.8747 0
      vertex 54.621 26.1255 0
    endloop
  endfacet
  facet normal -0.191874 0.943383 -0.27058
    outer loop
      vertex 57.6492 25.5208 0
      vertex 57.6041 25.7124 0.7
      vertex 57.6551 25.522 0
    endloop
  endfacet
  facet normal -0.187773 0.944218 -0.270544
    outer loop
      vertex 57.6041 25.7124 0.7
      vertex 57.6492 25.5208 0
      vertex 57.1807 25.6282 0.7
    endloop
  endfacet
  facet normal -0.309479 0.911588 -0.270609
    outer loop
      vertex 58.0129 25.8512 0.7
      vertex 58.0883 25.669 0
      vertex 57.6609 25.5239 0
    endloop
  endfacet
  facet normal -0.911588 0.309479 -0.270609
    outer loop
      vertex 60.1261 27.9891 0
      vertex 59.981 27.5617 0
      vertex 59.7988 27.6371 0.7
    endloop
  endfacet
  facet normal -0.944218 0.187773 -0.270544
    outer loop
      vertex 60.1292 28.0008 0
      vertex 59.9376 28.0459 0.7
      vertex 60.0218 28.4693 0.7
    endloop
  endfacet
  facet normal -0.943383 0.191874 -0.27058
    outer loop
      vertex 59.9376 28.0459 0.7
      vertex 60.1292 28.0008 0
      vertex 60.128 27.9949 0
    endloop
  endfacet
  facet normal 0.943383 -0.191874 -0.27058
    outer loop
      vertex 53.5624 29.7541 0.7
      vertex 53.3708 29.7992 0
      vertex 53.372 29.8051 0
    endloop
  endfacet
  facet normal 0.944218 -0.187773 -0.270544
    outer loop
      vertex 53.3708 29.7992 0
      vertex 53.5624 29.7541 0.7
      vertex 53.4782 29.3307 0.7
    endloop
  endfacet
  facet normal 0.191874 -0.943383 -0.27058
    outer loop
      vertex 55.8508 32.2792 0
      vertex 55.8959 32.0876 0.7
      vertex 55.8449 32.278 0
    endloop
  endfacet
  facet normal 0.187773 -0.944218 -0.270544
    outer loop
      vertex 55.8959 32.0876 0.7
      vertex 55.8508 32.2792 0
      vertex 56.3193 32.1718 0.7
    endloop
  endfacet
  facet normal -0.864203 -0.424245 -0.2705
    outer loop
      vertex 59.7813 30.6431 0
      vertex 59.6079 30.55 0.7
      vertex 59.7786 30.6486 0
    endloop
  endfacet
  facet normal -0.86343 -0.425804 -0.270516
    outer loop
      vertex 59.6079 30.55 0.7
      vertex 59.7813 30.6431 0
      vertex 59.7988 30.1629 0.7
    endloop
  endfacet
  facet normal -0.726452 -0.631698 -0.270601
    outer loop
      vertex 59.3681 30.9089 0.7
      vertex 59.5205 31.0335 0
      vertex 59.5245 31.0289 0
    endloop
  endfacet
  facet normal -0.72387 -0.634669 -0.270568
    outer loop
      vertex 59.5205 31.0335 0
      vertex 59.3681 30.9089 0.7
      vertex 59.0835 31.2335 0.7
    endloop
  endfacet
  facet normal -0.530287 -0.803466 -0.270626
    outer loop
      vertex 58.5036 31.9253 0
      vertex 58.4 31.7579 0.7
      vertex 58.4986 31.9286 0
    endloop
  endfacet
  facet normal -0.534832 -0.800463 -0.27058
    outer loop
      vertex 58.4 31.7579 0.7
      vertex 58.5036 31.9253 0
      vertex 58.7589 31.5181 0.7
    endloop
  endfacet
  facet normal -0.0629188 -0.960631 -0.270609
    outer loop
      vertex 57.2065 32.3673 0
      vertex 57.1807 32.1718 0.7
      vertex 56.7561 32.3968 0
    endloop
  endfacet
  facet normal -0.425917 -0.86335 -0.270595
    outer loop
      vertex 58.0883 32.131 0
      vertex 58.4931 31.9313 0
      vertex 58.0129 31.9488 0.7
    endloop
  endfacet
  facet normal 0.944172 0.187896 -0.270619
    outer loop
      vertex 53.4782 28.4693 0.7
      vertex 53.3708 28.0008 0
      vertex 53.2827 28.4435 0
    endloop
  endfacet
  facet normal 0.960631 0.0629188 -0.270609
    outer loop
      vertex 53.4782 28.4693 0.7
      vertex 53.2827 28.4435 0
      vertex 53.2532 28.8939 0
    endloop
  endfacet
  facet normal 0.187773 0.944218 -0.270544
    outer loop
      vertex 55.8508 25.5208 0
      vertex 55.8959 25.7124 0.7
      vertex 56.3193 25.6282 0.7
    endloop
  endfacet
  facet normal 0.191874 0.943383 -0.27058
    outer loop
      vertex 55.8959 25.7124 0.7
      vertex 55.8508 25.5208 0
      vertex 55.8449 25.522 0
    endloop
  endfacet
  facet normal 0.86343 0.425804 -0.270516
    outer loop
      vertex 53.8921 27.25 0.7
      vertex 53.7187 27.1569 0
      vertex 53.7012 27.6371 0.7
    endloop
  endfacet
  facet normal 0.864203 0.424245 -0.2705
    outer loop
      vertex 53.7187 27.1569 0
      vertex 53.8921 27.25 0.7
      vertex 53.7214 27.1514 0
    endloop
  endfacet
  facet normal 0.86335 0.425917 -0.270595
    outer loop
      vertex 53.7012 27.6371 0.7
      vertex 53.7187 27.1569 0
      vertex 53.519 27.5617 0
    endloop
  endfacet
  facet normal 0.72385 0.634702 -0.270546
    outer loop
      vertex 54.4165 26.5665 0.7
      vertex 54.2771 26.4271 0
      vertex 53.9795 26.7665 0
    endloop
  endfacet
  facet normal 0.803466 0.530287 -0.270626
    outer loop
      vertex 53.8921 27.25 0.7
      vertex 53.7247 27.1464 0
      vertex 53.7214 27.1514 0
    endloop
  endfacet
  facet normal 0.800463 0.534832 -0.27058
    outer loop
      vertex 53.7247 27.1464 0
      vertex 53.8921 27.25 0.7
      vertex 54.1319 26.8911 0.7
    endloop
  endfacet
  facet normal -0.187896 0.944172 -0.270619
    outer loop
      vertex 57.6492 25.5208 0
      vertex 57.2065 25.4327 0
      vertex 57.1807 25.6282 0.7
    endloop
  endfacet
  facet normal -0.0629188 0.960631 -0.270609
    outer loop
      vertex 57.1807 25.6282 0.7
      vertex 57.2065 25.4327 0
      vertex 56.7561 25.4032 0
    endloop
  endfacet
  facet normal -0.425917 0.86335 -0.270595
    outer loop
      vertex 58.4931 25.8687 0
      vertex 58.0883 25.669 0
      vertex 58.0129 25.8512 0.7
    endloop
  endfacet
  facet normal -0.30951 0.911583 -0.270591
    outer loop
      vertex 57.6609 25.5239 0
      vertex 57.6041 25.7124 0.7
      vertex 58.0129 25.8512 0.7
    endloop
  endfacet
  facet normal -0.299688 0.914836 -0.27067
    outer loop
      vertex 57.6041 25.7124 0.7
      vertex 57.6609 25.5239 0
      vertex 57.6551 25.522 0
    endloop
  endfacet
  facet normal -0.719545 0.639596 -0.270503
    outer loop
      vertex 59.5205 26.7665 0
      vertex 59.3681 26.8911 0.7
      vertex 59.5245 26.771 0
    endloop
  endfacet
  facet normal -0.72387 0.634669 -0.270568
    outer loop
      vertex 59.3681 26.8911 0.7
      vertex 59.5205 26.7665 0
      vertex 59.0835 26.5665 0.7
    endloop
  endfacet
  facet normal -0.72385 0.634702 -0.270546
    outer loop
      vertex 59.5205 26.7665 0
      vertex 59.2229 26.4271 0
      vertex 59.0835 26.5665 0.7
    endloop
  endfacet
  facet normal -0.800482 0.534792 -0.270605
    outer loop
      vertex 59.7753 27.1464 0
      vertex 59.5245 26.771 0
      vertex 59.3681 26.8911 0.7
    endloop
  endfacet
  facet normal -0.914836 0.299688 -0.27067
    outer loop
      vertex 60.1261 27.9891 0
      vertex 59.9376 28.0459 0.7
      vertex 60.128 27.9949 0
    endloop
  endfacet
  facet normal -0.911583 0.30951 -0.270591
    outer loop
      vertex 59.9376 28.0459 0.7
      vertex 60.1261 27.9891 0
      vertex 59.7988 27.6371 0.7
    endloop
  endfacet
  facet normal -0.944172 0.187896 -0.270619
    outer loop
      vertex 60.2173 28.4435 0
      vertex 60.1292 28.0008 0
      vertex 60.0218 28.4693 0.7
    endloop
  endfacet
  facet normal 0.960629 -0.062897 -0.270622
    outer loop
      vertex 53.45 28.9 0.7
      vertex 53.2532 28.9061 0
      vertex 53.4782 29.3307 0.7
    endloop
  endfacet
  facet normal 0.960623 -0.0629917 -0.270621
    outer loop
      vertex 53.2532 28.9061 0
      vertex 53.45 28.9 0.7
      vertex 53.2528 28.9 0
    endloop
  endfacet
  facet normal 0.911583 -0.30951 -0.270591
    outer loop
      vertex 53.5624 29.7541 0.7
      vertex 53.3739 29.8109 0
      vertex 53.7012 30.1629 0.7
    endloop
  endfacet
  facet normal 0.914836 -0.299688 -0.27067
    outer loop
      vertex 53.3739 29.8109 0
      vertex 53.5624 29.7541 0.7
      vertex 53.372 29.8051 0
    endloop
  endfacet
  facet normal 0.72387 -0.634669 -0.270568
    outer loop
      vertex 54.1319 30.9089 0.7
      vertex 53.9795 31.0335 0
      vertex 54.4165 31.2335 0.7
    endloop
  endfacet
  facet normal 0.726452 -0.631698 -0.270601
    outer loop
      vertex 53.9795 31.0335 0
      vertex 54.1319 30.9089 0.7
      vertex 53.9755 31.0289 0
    endloop
  endfacet
  facet normal 0.30951 -0.911583 -0.270591
    outer loop
      vertex 55.8391 32.2761 0
      vertex 55.8959 32.0876 0.7
      vertex 55.4871 31.9488 0.7
    endloop
  endfacet
  facet normal 0.299688 -0.914836 -0.27067
    outer loop
      vertex 55.8959 32.0876 0.7
      vertex 55.8391 32.2761 0
      vertex 55.8449 32.278 0
    endloop
  endfacet
  facet normal 0.187896 -0.944172 -0.270619
    outer loop
      vertex 56.2935 32.3673 0
      vertex 56.3193 32.1718 0.7
      vertex 55.8508 32.2792 0
    endloop
  endfacet
  facet normal 0.0629188 -0.960631 -0.270609
    outer loop
      vertex 56.7439 32.3968 0
      vertex 56.3193 32.1718 0.7
      vertex 56.2935 32.3673 0
    endloop
  endfacet
  facet normal -0.914836 -0.299688 -0.27067
    outer loop
      vertex 59.9376 29.7541 0.7
      vertex 60.1261 29.8109 0
      vertex 60.128 29.8051 0
    endloop
  endfacet
  facet normal -0.911583 -0.30951 -0.270591
    outer loop
      vertex 60.1261 29.8109 0
      vertex 59.9376 29.7541 0.7
      vertex 59.7988 30.1629 0.7
    endloop
  endfacet
  facet normal -0.911588 -0.309479 -0.270609
    outer loop
      vertex 59.981 30.2383 0
      vertex 60.1261 29.8109 0
      vertex 59.7988 30.1629 0.7
    endloop
  endfacet
  facet normal -0.800432 -0.534901 -0.270537
    outer loop
      vertex 59.5245 31.0289 0
      vertex 59.7753 30.6536 0
      vertex 59.3681 30.9089 0.7
    endloop
  endfacet
  facet normal -0.72385 -0.634702 -0.270546
    outer loop
      vertex 59.2229 31.3729 0
      vertex 59.5205 31.0335 0
      vertex 59.0835 31.2335 0.7
    endloop
  endfacet
  facet normal -0.0629917 -0.960623 -0.270621
    outer loop
      vertex 56.7561 32.3968 0
      vertex 56.75 32.2 0.7
      vertex 56.75 32.3972 0
    endloop
  endfacet
  facet normal -0.062897 -0.960629 -0.270622
    outer loop
      vertex 56.75 32.2 0.7
      vertex 56.7561 32.3968 0
      vertex 57.1807 32.1718 0.7
    endloop
  endfacet
  facet normal -0.309479 -0.911588 -0.270609
    outer loop
      vertex 58.0883 32.131 0
      vertex 58.0129 31.9488 0.7
      vertex 57.6609 32.2761 0
    endloop
  endfacet
  facet normal -0.639596 -0.719545 -0.270503
    outer loop
      vertex 58.8835 31.6705 0
      vertex 58.7589 31.5181 0.7
      vertex 58.879 31.6745 0
    endloop
  endfacet
  facet normal -0.634669 -0.72387 -0.270568
    outer loop
      vertex 58.7589 31.5181 0.7
      vertex 58.8835 31.6705 0
      vertex 59.0835 31.2335 0.7
    endloop
  endfacet
  facet normal -0.634702 -0.72385 -0.270546
    outer loop
      vertex 59.2229 31.3729 0
      vertex 59.0835 31.2335 0.7
      vertex 58.8835 31.6705 0
    endloop
  endfacet
  facet normal 0.0629917 0.960623 -0.270621
    outer loop
      vertex 56.7439 25.4032 0
      vertex 56.75 25.6 0.7
      vertex 56.75 25.4028 0
    endloop
  endfacet
  facet normal 0.062897 0.960629 -0.270622
    outer loop
      vertex 56.75 25.6 0.7
      vertex 56.7439 25.4032 0
      vertex 56.3193 25.6282 0.7
    endloop
  endfacet
  facet normal 0.299688 0.914836 -0.27067
    outer loop
      vertex 55.8391 25.5239 0
      vertex 55.8959 25.7124 0.7
      vertex 55.8449 25.522 0
    endloop
  endfacet
  facet normal 0.30951 0.911583 -0.270591
    outer loop
      vertex 55.8959 25.7124 0.7
      vertex 55.8391 25.5239 0
      vertex 55.4871 25.8512 0.7
    endloop
  endfacet
  facet normal 0.639596 0.719545 -0.270503
    outer loop
      vertex 54.6165 26.1295 0
      vertex 54.7411 26.2819 0.7
      vertex 54.621 26.1255 0
    endloop
  endfacet
  facet normal 0.634669 0.72387 -0.270568
    outer loop
      vertex 54.7411 26.2819 0.7
      vertex 54.6165 26.1295 0
      vertex 54.4165 26.5665 0.7
    endloop
  endfacet
  facet normal 0.634702 0.72385 -0.270546
    outer loop
      vertex 54.4165 26.5665 0.7
      vertex 54.6165 26.1295 0
      vertex 54.2771 26.4271 0
    endloop
  endfacet
  facet normal 0.914836 0.299688 -0.27067
    outer loop
      vertex 53.5624 28.0459 0.7
      vertex 53.3739 27.9891 0
      vertex 53.372 27.9949 0
    endloop
  endfacet
  facet normal 0.911583 0.30951 -0.270591
    outer loop
      vertex 53.3739 27.9891 0
      vertex 53.5624 28.0459 0.7
      vertex 53.7012 27.6371 0.7
    endloop
  endfacet
  facet normal 0.800482 0.534792 -0.270605
    outer loop
      vertex 54.1319 26.8911 0.7
      vertex 53.9755 26.771 0
      vertex 53.7247 27.1464 0
    endloop
  endfacet
  facet normal -0.424245 0.864203 -0.2705
    outer loop
      vertex 58.4931 25.8687 0
      vertex 58.4 26.0421 0.7
      vertex 58.4986 25.8714 0
    endloop
  endfacet
  facet normal -0.425804 0.86343 -0.270516
    outer loop
      vertex 58.4 26.0421 0.7
      vertex 58.4931 25.8687 0
      vertex 58.0129 25.8512 0.7
    endloop
  endfacet
  facet normal -0.534832 0.800463 -0.27058
    outer loop
      vertex 58.5036 25.8747 0
      vertex 58.4 26.0421 0.7
      vertex 58.7589 26.2819 0.7
    endloop
  endfacet
  facet normal -0.530287 0.803466 -0.270626
    outer loop
      vertex 58.4 26.0421 0.7
      vertex 58.5036 25.8747 0
      vertex 58.4986 25.8714 0
    endloop
  endfacet
  facet normal -0.86343 0.425804 -0.270516
    outer loop
      vertex 59.7813 27.1569 0
      vertex 59.6079 27.25 0.7
      vertex 59.7988 27.6371 0.7
    endloop
  endfacet
  facet normal -0.864203 0.424245 -0.2705
    outer loop
      vertex 59.6079 27.25 0.7
      vertex 59.7813 27.1569 0
      vertex 59.7786 27.1514 0
    endloop
  endfacet
  facet normal -0.86335 0.425917 -0.270595
    outer loop
      vertex 59.7988 27.6371 0.7
      vertex 59.981 27.5617 0
      vertex 59.7813 27.1569 0
    endloop
  endfacet
  facet normal -0.803466 0.530287 -0.270626
    outer loop
      vertex 59.7753 27.1464 0
      vertex 59.6079 27.25 0.7
      vertex 59.7786 27.1514 0
    endloop
  endfacet
  facet normal -0.800463 0.534832 -0.27058
    outer loop
      vertex 59.6079 27.25 0.7
      vertex 59.7753 27.1464 0
      vertex 59.3681 26.8911 0.7
    endloop
  endfacet
  facet normal -0.960631 0.0629188 -0.270609
    outer loop
      vertex 60.2468 28.8939 0
      vertex 60.2173 28.4435 0
      vertex 60.0218 28.4693 0.7
    endloop
  endfacet
  facet normal -0.960623 0.0629917 -0.270621
    outer loop
      vertex 60.2468 28.8939 0
      vertex 60.05 28.9 0.7
      vertex 60.2472 28.9 0
    endloop
  endfacet
  facet normal -0.960629 0.062897 -0.270622
    outer loop
      vertex 60.05 28.9 0.7
      vertex 60.2468 28.8939 0
      vertex 60.0218 28.4693 0.7
    endloop
  endfacet
  facet normal 0.944172 -0.187896 -0.270619
    outer loop
      vertex 53.3708 29.7992 0
      vertex 53.4782 29.3307 0.7
      vertex 53.2827 29.3565 0
    endloop
  endfacet
  facet normal 0.864203 -0.424245 -0.2705
    outer loop
      vertex 53.8921 30.55 0.7
      vertex 53.7187 30.6431 0
      vertex 53.7214 30.6486 0
    endloop
  endfacet
  facet normal 0.86343 -0.425804 -0.270516
    outer loop
      vertex 53.7187 30.6431 0
      vertex 53.8921 30.55 0.7
      vertex 53.7012 30.1629 0.7
    endloop
  endfacet
  facet normal 0.911588 -0.309479 -0.270609
    outer loop
      vertex 53.519 30.2383 0
      vertex 53.7012 30.1629 0.7
      vertex 53.3739 29.8109 0
    endloop
  endfacet
  facet normal 0.86335 -0.425917 -0.270595
    outer loop
      vertex 53.7187 30.6431 0
      vertex 53.7012 30.1629 0.7
      vertex 53.519 30.2383 0
    endloop
  endfacet
  facet normal 0.634702 -0.72385 -0.270546
    outer loop
      vertex 54.6165 31.6705 0
      vertex 54.4165 31.2335 0.7
      vertex 54.2771 31.3729 0
    endloop
  endfacet
  facet normal 0.72385 -0.634702 -0.270546
    outer loop
      vertex 54.2771 31.3729 0
      vertex 54.4165 31.2335 0.7
      vertex 53.9795 31.0335 0
    endloop
  endfacet
  facet normal 0.800432 -0.534901 -0.270537
    outer loop
      vertex 53.9755 31.0289 0
      vertex 54.1319 30.9089 0.7
      vertex 53.7247 30.6536 0
    endloop
  endfacet
  facet normal 0.309479 -0.911588 -0.270609
    outer loop
      vertex 55.8391 32.2761 0
      vertex 55.4871 31.9488 0.7
      vertex 55.4117 32.131 0
    endloop
  endfacet
  facet normal 0.425917 -0.86335 -0.270595
    outer loop
      vertex 55.4117 32.131 0
      vertex 55.4871 31.9488 0.7
      vertex 55.0069 31.9313 0
    endloop
  endfacet
  facet normal -0.803466 -0.530287 -0.270626
    outer loop
      vertex 59.6079 30.55 0.7
      vertex 59.7753 30.6536 0
      vertex 59.7786 30.6486 0
    endloop
  endfacet
  facet normal -0.800463 -0.534832 -0.27058
    outer loop
      vertex 59.7753 30.6536 0
      vertex 59.6079 30.55 0.7
      vertex 59.3681 30.9089 0.7
    endloop
  endfacet
  facet normal -0.425804 -0.86343 -0.270516
    outer loop
      vertex 58.4931 31.9313 0
      vertex 58.4 31.7579 0.7
      vertex 58.0129 31.9488 0.7
    endloop
  endfacet
  facet normal -0.424245 -0.864203 -0.2705
    outer loop
      vertex 58.4 31.7579 0.7
      vertex 58.4931 31.9313 0
      vertex 58.4986 31.9286 0
    endloop
  endfacet
  facet normal -0.187896 -0.944172 -0.270619
    outer loop
      vertex 57.2065 32.3673 0
      vertex 57.6492 32.2792 0
      vertex 57.1807 32.1718 0.7
    endloop
  endfacet
  facet normal -0.299688 -0.914836 -0.27067
    outer loop
      vertex 57.6609 32.2761 0
      vertex 57.6041 32.0876 0.7
      vertex 57.6551 32.278 0
    endloop
  endfacet
  facet normal -0.30951 -0.911583 -0.270591
    outer loop
      vertex 57.6041 32.0876 0.7
      vertex 57.6609 32.2761 0
      vertex 58.0129 31.9488 0.7
    endloop
  endfacet
  facet normal -0.187773 -0.944218 -0.270544
    outer loop
      vertex 57.6492 32.2792 0
      vertex 57.6041 32.0876 0.7
      vertex 57.1807 32.1718 0.7
    endloop
  endfacet
  facet normal -0.191874 -0.943383 -0.27058
    outer loop
      vertex 57.6041 32.0876 0.7
      vertex 57.6492 32.2792 0
      vertex 57.6551 32.278 0
    endloop
  endfacet
  facet normal 0.187896 0.944172 -0.270619
    outer loop
      vertex 56.3193 25.6282 0.7
      vertex 56.2935 25.4327 0
      vertex 55.8508 25.5208 0
    endloop
  endfacet
  facet normal 0.425804 0.86343 -0.270516
    outer loop
      vertex 55.0069 25.8687 0
      vertex 55.1 26.0421 0.7
      vertex 55.4871 25.8512 0.7
    endloop
  endfacet
  facet normal 0.424245 0.864203 -0.2705
    outer loop
      vertex 55.1 26.0421 0.7
      vertex 55.0069 25.8687 0
      vertex 55.0014 25.8714 0
    endloop
  endfacet
  facet normal 0.309479 0.911588 -0.270609
    outer loop
      vertex 55.4871 25.8512 0.7
      vertex 55.8391 25.5239 0
      vertex 55.4117 25.669 0
    endloop
  endfacet
  facet normal 0.425917 0.86335 -0.270595
    outer loop
      vertex 55.4871 25.8512 0.7
      vertex 55.4117 25.669 0
      vertex 55.0069 25.8687 0
    endloop
  endfacet
  facet normal 0.719545 0.639596 -0.270503
    outer loop
      vertex 54.1319 26.8911 0.7
      vertex 53.9795 26.7665 0
      vertex 53.9755 26.771 0
    endloop
  endfacet
  facet normal 0.72387 0.634669 -0.270568
    outer loop
      vertex 53.9795 26.7665 0
      vertex 54.1319 26.8911 0.7
      vertex 54.4165 26.5665 0.7
    endloop
  endfacet
  facet normal -0.534792 0.800482 -0.270605
    outer loop
      vertex 58.7589 26.2819 0.7
      vertex 58.879 26.1255 0
      vertex 58.5036 25.8747 0
    endloop
  endfacet
  facet normal -0.634669 0.72387 -0.270568
    outer loop
      vertex 58.8835 26.1295 0
      vertex 58.7589 26.2819 0.7
      vertex 59.0835 26.5665 0.7
    endloop
  endfacet
  facet normal -0.639596 0.719545 -0.270503
    outer loop
      vertex 58.7589 26.2819 0.7
      vertex 58.8835 26.1295 0
      vertex 58.879 26.1255 0
    endloop
  endfacet
  facet normal 0.634669 -0.72387 -0.270568
    outer loop
      vertex 54.6165 31.6705 0
      vertex 54.7411 31.5181 0.7
      vertex 54.4165 31.2335 0.7
    endloop
  endfacet
  facet normal 0.639596 -0.719545 -0.270503
    outer loop
      vertex 54.7411 31.5181 0.7
      vertex 54.6165 31.6705 0
      vertex 54.621 31.6745 0
    endloop
  endfacet
  facet normal 0.534832 -0.800463 -0.27058
    outer loop
      vertex 54.9964 31.9253 0
      vertex 55.1 31.7579 0.7
      vertex 54.7411 31.5181 0.7
    endloop
  endfacet
  facet normal 0.530287 -0.803466 -0.270626
    outer loop
      vertex 55.1 31.7579 0.7
      vertex 54.9964 31.9253 0
      vertex 55.0014 31.9286 0
    endloop
  endfacet
  facet normal 0.534792 -0.800482 -0.270605
    outer loop
      vertex 54.9964 31.9253 0
      vertex 54.7411 31.5181 0.7
      vertex 54.621 31.6745 0
    endloop
  endfacet
  facet normal -0.997863 -0.0653349 0
    outer loop
      vertex 60.05 28.9 0.7
      vertex 60.0218 29.3307 4.56
      vertex 60.0218 29.3307 0.7
    endloop
  endfacet
  facet normal -0.997863 -0.0653349 0
    outer loop
      vertex 60.0218 29.3307 4.56
      vertex 60.05 28.9 0.7
      vertex 60.05 28.9 4.56
    endloop
  endfacet
  facet normal 0.997863 -0.0653349 0
    outer loop
      vertex 53.45 28.9 4.56
      vertex 53.4782 29.3307 0.7
      vertex 53.4782 29.3307 4.56
    endloop
  endfacet
  facet normal 0.997863 -0.0653349 0
    outer loop
      vertex 53.4782 29.3307 0.7
      vertex 53.45 28.9 4.56
      vertex 53.45 28.9 0.7
    endloop
  endfacet
  facet normal 0.0653349 -0.997863 0
    outer loop
      vertex 56.3193 32.1718 0.7
      vertex 56.75 32.2 4.56
      vertex 56.3193 32.1718 4.56
    endloop
  endfacet
  facet normal 0.0653349 -0.997863 0
    outer loop
      vertex 56.75 32.2 4.56
      vertex 56.3193 32.1718 0.7
      vertex 56.75 32.2 0.7
    endloop
  endfacet
  facet normal -0.0653349 0.997863 0
    outer loop
      vertex 57.1807 25.6282 0.7
      vertex 56.75 25.6 4.56
      vertex 57.1807 25.6282 4.56
    endloop
  endfacet
  facet normal -0.0653349 0.997863 0
    outer loop
      vertex 56.75 25.6 4.56
      vertex 57.1807 25.6282 0.7
      vertex 56.75 25.6 0.7
    endloop
  endfacet
  facet normal -0.659259 -0.751916 0
    outer loop
      vertex 58.7589 31.5181 0.7
      vertex 59.0835 31.2335 4.56
      vertex 58.7589 31.5181 4.56
    endloop
  endfacet
  facet normal -0.659259 -0.751916 -0
    outer loop
      vertex 59.0835 31.2335 4.56
      vertex 58.7589 31.5181 0.7
      vertex 59.0835 31.2335 0.7
    endloop
  endfacet
  facet normal 0.659259 -0.751916 0
    outer loop
      vertex 54.4165 31.2335 0.7
      vertex 54.7411 31.5181 4.56
      vertex 54.4165 31.2335 4.56
    endloop
  endfacet
  facet normal 0.659259 -0.751916 0
    outer loop
      vertex 54.7411 31.5181 4.56
      vertex 54.4165 31.2335 0.7
      vertex 54.7411 31.5181 0.7
    endloop
  endfacet
  facet normal 0.321504 -0.946908 0
    outer loop
      vertex 55.4871 31.9488 0.7
      vertex 55.8959 32.0876 4.56
      vertex 55.4871 31.9488 4.56
    endloop
  endfacet
  facet normal 0.321504 -0.946908 0
    outer loop
      vertex 55.8959 32.0876 4.56
      vertex 55.4871 31.9488 0.7
      vertex 55.8959 32.0876 0.7
    endloop
  endfacet
  facet normal -0.89687 -0.442295 0
    outer loop
      vertex 59.7988 30.1629 0.7
      vertex 59.6079 30.55 4.56
      vertex 59.6079 30.55 0.7
    endloop
  endfacet
  facet normal -0.89687 -0.442295 0
    outer loop
      vertex 59.6079 30.55 4.56
      vertex 59.7988 30.1629 0.7
      vertex 59.7988 30.1629 4.56
    endloop
  endfacet
  facet normal -0.321504 -0.946908 0
    outer loop
      vertex 57.6041 32.0876 0.7
      vertex 58.0129 31.9488 4.56
      vertex 57.6041 32.0876 4.56
    endloop
  endfacet
  facet normal -0.321504 -0.946908 -0
    outer loop
      vertex 58.0129 31.9488 4.56
      vertex 57.6041 32.0876 0.7
      vertex 58.0129 31.9488 0.7
    endloop
  endfacet
  facet normal -0.195047 -0.980794 0
    outer loop
      vertex 57.1807 32.1718 0.7
      vertex 57.6041 32.0876 4.56
      vertex 57.1807 32.1718 4.56
    endloop
  endfacet
  facet normal -0.195047 -0.980794 -0
    outer loop
      vertex 57.6041 32.0876 4.56
      vertex 57.1807 32.1718 0.7
      vertex 57.6041 32.0876 0.7
    endloop
  endfacet
  facet normal -0.442295 -0.89687 0
    outer loop
      vertex 58.0129 31.9488 0.7
      vertex 58.4 31.7579 4.56
      vertex 58.0129 31.9488 4.56
    endloop
  endfacet
  facet normal -0.442295 -0.89687 -0
    outer loop
      vertex 58.4 31.7579 4.56
      vertex 58.0129 31.9488 0.7
      vertex 58.4 31.7579 0.7
    endloop
  endfacet
  facet normal 0.89687 -0.442295 0
    outer loop
      vertex 53.7012 30.1629 4.56
      vertex 53.8921 30.55 0.7
      vertex 53.8921 30.55 4.56
    endloop
  endfacet
  facet normal 0.89687 -0.442295 0
    outer loop
      vertex 53.8921 30.55 0.7
      vertex 53.7012 30.1629 4.56
      vertex 53.7012 30.1629 0.7
    endloop
  endfacet
  facet normal 0 0 -1
    outer loop
      vertex 60.0218 28.4693 4.56
      vertex 60.0218 29.3307 4.56
      vertex 60.05 28.9 4.56
    endloop
  endfacet
  facet normal 0 0 -1
    outer loop
      vertex 59.9376 28.0459 4.56
      vertex 60.0218 29.3307 4.56
      vertex 60.0218 28.4693 4.56
    endloop
  endfacet
  facet normal 0 0 -1
    outer loop
      vertex 59.9376 28.0459 4.56
      vertex 59.9376 29.7541 4.56
      vertex 60.0218 29.3307 4.56
    endloop
  endfacet
  facet normal 0 0 -1
    outer loop
      vertex 59.7988 27.6371 4.56
      vertex 59.9376 29.7541 4.56
      vertex 59.9376 28.0459 4.56
    endloop
  endfacet
  facet normal 0 0 -1
    outer loop
      vertex 59.7988 27.6371 4.56
      vertex 59.7988 30.1629 4.56
      vertex 59.9376 29.7541 4.56
    endloop
  endfacet
  facet normal 0 0 -1
    outer loop
      vertex 59.6079 27.25 4.56
      vertex 59.7988 30.1629 4.56
      vertex 59.7988 27.6371 4.56
    endloop
  endfacet
  facet normal 0 0 -1
    outer loop
      vertex 59.6079 27.25 4.56
      vertex 59.6079 30.55 4.56
      vertex 59.7988 30.1629 4.56
    endloop
  endfacet
  facet normal 0 0 -1
    outer loop
      vertex 59.3681 26.8911 4.56
      vertex 59.6079 30.55 4.56
      vertex 59.6079 27.25 4.56
    endloop
  endfacet
  facet normal 0 0 -1
    outer loop
      vertex 59.3681 26.8911 4.56
      vertex 59.3681 30.9089 4.56
      vertex 59.6079 30.55 4.56
    endloop
  endfacet
  facet normal 0 0 -1
    outer loop
      vertex 59.0835 26.5665 4.56
      vertex 59.3681 30.9089 4.56
      vertex 59.3681 26.8911 4.56
    endloop
  endfacet
  facet normal 0 0 -1
    outer loop
      vertex 59.0835 26.5665 4.56
      vertex 59.0835 31.2335 4.56
      vertex 59.3681 30.9089 4.56
    endloop
  endfacet
  facet normal 0 0 -1
    outer loop
      vertex 58.7589 26.2819 4.56
      vertex 59.0835 31.2335 4.56
      vertex 59.0835 26.5665 4.56
    endloop
  endfacet
  facet normal 0 0 -1
    outer loop
      vertex 58.7589 26.2819 4.56
      vertex 58.7589 31.5181 4.56
      vertex 59.0835 31.2335 4.56
    endloop
  endfacet
  facet normal 0 0 -1
    outer loop
      vertex 58.4 26.0421 4.56
      vertex 58.7589 31.5181 4.56
      vertex 58.7589 26.2819 4.56
    endloop
  endfacet
  facet normal 0 0 -1
    outer loop
      vertex 58.4 26.0421 4.56
      vertex 58.4 31.7579 4.56
      vertex 58.7589 31.5181 4.56
    endloop
  endfacet
  facet normal 0 0 -1
    outer loop
      vertex 58.0129 25.8512 4.56
      vertex 58.4 31.7579 4.56
      vertex 58.4 26.0421 4.56
    endloop
  endfacet
  facet normal 0 0 -1
    outer loop
      vertex 58.0129 25.8512 4.56
      vertex 58.0129 31.9488 4.56
      vertex 58.4 31.7579 4.56
    endloop
  endfacet
  facet normal 0 0 -1
    outer loop
      vertex 57.6041 25.7124 4.56
      vertex 58.0129 31.9488 4.56
      vertex 58.0129 25.8512 4.56
    endloop
  endfacet
  facet normal 0 0 -1
    outer loop
      vertex 57.6041 25.7124 4.56
      vertex 57.6041 32.0876 4.56
      vertex 58.0129 31.9488 4.56
    endloop
  endfacet
  facet normal 0 0 -1
    outer loop
      vertex 57.1807 25.6282 4.56
      vertex 57.6041 32.0876 4.56
      vertex 57.6041 25.7124 4.56
    endloop
  endfacet
  facet normal 0 0 -1
    outer loop
      vertex 57.1807 25.6282 4.56
      vertex 57.1807 32.1718 4.56
      vertex 57.6041 32.0876 4.56
    endloop
  endfacet
  facet normal 0 0 -1
    outer loop
      vertex 56.75 25.6 4.56
      vertex 57.1807 32.1718 4.56
      vertex 57.1807 25.6282 4.56
    endloop
  endfacet
  facet normal 0 0 -1
    outer loop
      vertex 56.75 25.6 4.56
      vertex 56.75 32.2 4.56
      vertex 57.1807 32.1718 4.56
    endloop
  endfacet
  facet normal 0 0 -1
    outer loop
      vertex 56.3193 25.6282 4.56
      vertex 56.75 32.2 4.56
      vertex 56.75 25.6 4.56
    endloop
  endfacet
  facet normal 0 0 -1
    outer loop
      vertex 56.3193 25.6282 4.56
      vertex 56.3193 32.1718 4.56
      vertex 56.75 32.2 4.56
    endloop
  endfacet
  facet normal 0 0 -1
    outer loop
      vertex 55.8959 25.7124 4.56
      vertex 56.3193 32.1718 4.56
      vertex 56.3193 25.6282 4.56
    endloop
  endfacet
  facet normal 0 0 -1
    outer loop
      vertex 55.8959 25.7124 4.56
      vertex 55.8959 32.0876 4.56
      vertex 56.3193 32.1718 4.56
    endloop
  endfacet
  facet normal 0 0 -1
    outer loop
      vertex 55.4871 25.8512 4.56
      vertex 55.8959 32.0876 4.56
      vertex 55.8959 25.7124 4.56
    endloop
  endfacet
  facet normal 0 0 -1
    outer loop
      vertex 55.4871 25.8512 4.56
      vertex 55.4871 31.9488 4.56
      vertex 55.8959 32.0876 4.56
    endloop
  endfacet
  facet normal 0 0 -1
    outer loop
      vertex 55.1 26.0421 4.56
      vertex 55.4871 31.9488 4.56
      vertex 55.4871 25.8512 4.56
    endloop
  endfacet
  facet normal 0 0 -1
    outer loop
      vertex 55.1 26.0421 4.56
      vertex 55.1 31.7579 4.56
      vertex 55.4871 31.9488 4.56
    endloop
  endfacet
  facet normal 0 0 -1
    outer loop
      vertex 54.7411 26.2819 4.56
      vertex 55.1 31.7579 4.56
      vertex 55.1 26.0421 4.56
    endloop
  endfacet
  facet normal 0 0 -1
    outer loop
      vertex 54.7411 26.2819 4.56
      vertex 54.7411 31.5181 4.56
      vertex 55.1 31.7579 4.56
    endloop
  endfacet
  facet normal 0 0 -1
    outer loop
      vertex 54.4165 26.5665 4.56
      vertex 54.7411 31.5181 4.56
      vertex 54.7411 26.2819 4.56
    endloop
  endfacet
  facet normal 0 0 -1
    outer loop
      vertex 54.4165 26.5665 4.56
      vertex 54.4165 31.2335 4.56
      vertex 54.7411 31.5181 4.56
    endloop
  endfacet
  facet normal 0 0 -1
    outer loop
      vertex 54.1319 26.8911 4.56
      vertex 54.4165 31.2335 4.56
      vertex 54.4165 26.5665 4.56
    endloop
  endfacet
  facet normal 0 0 -1
    outer loop
      vertex 54.1319 26.8911 4.56
      vertex 54.1319 30.9089 4.56
      vertex 54.4165 31.2335 4.56
    endloop
  endfacet
  facet normal 0 0 -1
    outer loop
      vertex 53.8921 27.25 4.56
      vertex 54.1319 30.9089 4.56
      vertex 54.1319 26.8911 4.56
    endloop
  endfacet
  facet normal 0 0 -1
    outer loop
      vertex 53.8921 27.25 4.56
      vertex 53.8921 30.55 4.56
      vertex 54.1319 30.9089 4.56
    endloop
  endfacet
  facet normal 0 0 -1
    outer loop
      vertex 53.7012 27.6371 4.56
      vertex 53.8921 30.55 4.56
      vertex 53.8921 27.25 4.56
    endloop
  endfacet
  facet normal 0 0 -1
    outer loop
      vertex 53.7012 27.6371 4.56
      vertex 53.7012 30.1629 4.56
      vertex 53.8921 30.55 4.56
    endloop
  endfacet
  facet normal 0 0 -1
    outer loop
      vertex 53.5624 28.0459 4.56
      vertex 53.7012 30.1629 4.56
      vertex 53.7012 27.6371 4.56
    endloop
  endfacet
  facet normal 0 0 -1
    outer loop
      vertex 53.5624 28.0459 4.56
      vertex 53.5624 29.7541 4.56
      vertex 53.7012 30.1629 4.56
    endloop
  endfacet
  facet normal 0 0 -1
    outer loop
      vertex 53.4782 28.4693 4.56
      vertex 53.5624 29.7541 4.56
      vertex 53.5624 28.0459 4.56
    endloop
  endfacet
  facet normal 0 0 -1
    outer loop
      vertex 53.4782 28.4693 4.56
      vertex 53.4782 29.3307 4.56
      vertex 53.5624 29.7541 4.56
    endloop
  endfacet
  facet normal 0 -0 -1
    outer loop
      vertex 53.4782 29.3307 4.56
      vertex 53.4782 28.4693 4.56
      vertex 53.45 28.9 4.56
    endloop
  endfacet
  facet normal 0.442295 -0.89687 0
    outer loop
      vertex 55.1 31.7579 0.7
      vertex 55.4871 31.9488 4.56
      vertex 55.1 31.7579 4.56
    endloop
  endfacet
  facet normal 0.442295 -0.89687 0
    outer loop
      vertex 55.4871 31.9488 4.56
      vertex 55.1 31.7579 0.7
      vertex 55.4871 31.9488 0.7
    endloop
  endfacet
  facet normal 0.195047 -0.980794 0
    outer loop
      vertex 55.8959 32.0876 0.7
      vertex 56.3193 32.1718 4.56
      vertex 55.8959 32.0876 4.56
    endloop
  endfacet
  facet normal 0.195047 -0.980794 0
    outer loop
      vertex 56.3193 32.1718 4.56
      vertex 55.8959 32.0876 0.7
      vertex 56.3193 32.1718 0.7
    endloop
  endfacet
  facet normal -0.195047 0.980794 0
    outer loop
      vertex 57.6041 25.7124 0.7
      vertex 57.1807 25.6282 4.56
      vertex 57.6041 25.7124 4.56
    endloop
  endfacet
  facet normal -0.195047 0.980794 0
    outer loop
      vertex 57.1807 25.6282 4.56
      vertex 57.6041 25.7124 0.7
      vertex 57.1807 25.6282 0.7
    endloop
  endfacet
  facet normal -0.946908 -0.321504 0
    outer loop
      vertex 59.9376 29.7541 0.7
      vertex 59.7988 30.1629 4.56
      vertex 59.7988 30.1629 0.7
    endloop
  endfacet
  facet normal -0.946908 -0.321504 0
    outer loop
      vertex 59.7988 30.1629 4.56
      vertex 59.9376 29.7541 0.7
      vertex 59.9376 29.7541 4.56
    endloop
  endfacet
  facet normal -0.980794 -0.195047 0
    outer loop
      vertex 60.0218 29.3307 0.7
      vertex 59.9376 29.7541 4.56
      vertex 59.9376 29.7541 0.7
    endloop
  endfacet
  facet normal -0.980794 -0.195047 0
    outer loop
      vertex 59.9376 29.7541 4.56
      vertex 60.0218 29.3307 0.7
      vertex 60.0218 29.3307 4.56
    endloop
  endfacet
  facet normal -0.751916 -0.659259 0
    outer loop
      vertex 59.3681 30.9089 0.7
      vertex 59.0835 31.2335 4.56
      vertex 59.0835 31.2335 0.7
    endloop
  endfacet
  facet normal -0.751916 -0.659259 0
    outer loop
      vertex 59.0835 31.2335 4.56
      vertex 59.3681 30.9089 0.7
      vertex 59.3681 30.9089 4.56
    endloop
  endfacet
  facet normal -0.83148 -0.555555 0
    outer loop
      vertex 59.6079 30.55 0.7
      vertex 59.3681 30.9089 4.56
      vertex 59.3681 30.9089 0.7
    endloop
  endfacet
  facet normal -0.83148 -0.555555 0
    outer loop
      vertex 59.3681 30.9089 4.56
      vertex 59.6079 30.55 0.7
      vertex 59.6079 30.55 4.56
    endloop
  endfacet
  facet normal -0.0653349 -0.997863 0
    outer loop
      vertex 56.75 32.2 0.7
      vertex 57.1807 32.1718 4.56
      vertex 56.75 32.2 4.56
    endloop
  endfacet
  facet normal -0.0653349 -0.997863 -0
    outer loop
      vertex 57.1807 32.1718 4.56
      vertex 56.75 32.2 0.7
      vertex 57.1807 32.1718 0.7
    endloop
  endfacet
  facet normal -0.555555 -0.83148 0
    outer loop
      vertex 58.4 31.7579 0.7
      vertex 58.7589 31.5181 4.56
      vertex 58.4 31.7579 4.56
    endloop
  endfacet
  facet normal -0.555555 -0.83148 -0
    outer loop
      vertex 58.7589 31.5181 4.56
      vertex 58.4 31.7579 0.7
      vertex 58.7589 31.5181 0.7
    endloop
  endfacet
  facet normal 0.83148 -0.555555 0
    outer loop
      vertex 53.8921 30.55 4.56
      vertex 54.1319 30.9089 0.7
      vertex 54.1319 30.9089 4.56
    endloop
  endfacet
  facet normal 0.83148 -0.555555 0
    outer loop
      vertex 54.1319 30.9089 0.7
      vertex 53.8921 30.55 4.56
      vertex 53.8921 30.55 0.7
    endloop
  endfacet
  facet normal 0.751916 -0.659259 0
    outer loop
      vertex 54.1319 30.9089 4.56
      vertex 54.4165 31.2335 0.7
      vertex 54.4165 31.2335 4.56
    endloop
  endfacet
  facet normal 0.751916 -0.659259 0
    outer loop
      vertex 54.4165 31.2335 0.7
      vertex 54.1319 30.9089 4.56
      vertex 54.1319 30.9089 0.7
    endloop
  endfacet
  facet normal 0.946908 -0.321504 0
    outer loop
      vertex 53.5624 29.7541 4.56
      vertex 53.7012 30.1629 0.7
      vertex 53.7012 30.1629 4.56
    endloop
  endfacet
  facet normal 0.946908 -0.321504 0
    outer loop
      vertex 53.7012 30.1629 0.7
      vertex 53.5624 29.7541 4.56
      vertex 53.5624 29.7541 0.7
    endloop
  endfacet
  facet normal 0.980794 -0.195047 0
    outer loop
      vertex 53.4782 29.3307 4.56
      vertex 53.5624 29.7541 0.7
      vertex 53.5624 29.7541 4.56
    endloop
  endfacet
  facet normal 0.980794 -0.195047 0
    outer loop
      vertex 53.5624 29.7541 0.7
      vertex 53.4782 29.3307 4.56
      vertex 53.4782 29.3307 0.7
    endloop
  endfacet
  facet normal 0.555555 -0.83148 0
    outer loop
      vertex 54.7411 31.5181 0.7
      vertex 55.1 31.7579 4.56
      vertex 54.7411 31.5181 4.56
    endloop
  endfacet
  facet normal 0.555555 -0.83148 0
    outer loop
      vertex 55.1 31.7579 4.56
      vertex 54.7411 31.5181 0.7
      vertex 55.1 31.7579 0.7
    endloop
  endfacet
  facet normal -0.997863 0.0653349 0
    outer loop
      vertex 60.0218 28.4693 0.7
      vertex 60.05 28.9 4.56
      vertex 60.05 28.9 0.7
    endloop
  endfacet
  facet normal -0.997863 0.0653349 0
    outer loop
      vertex 60.05 28.9 4.56
      vertex 60.0218 28.4693 0.7
      vertex 60.0218 28.4693 4.56
    endloop
  endfacet
  facet normal -0.751916 0.659259 0
    outer loop
      vertex 59.0835 26.5665 0.7
      vertex 59.3681 26.8911 4.56
      vertex 59.3681 26.8911 0.7
    endloop
  endfacet
  facet normal -0.751916 0.659259 0
    outer loop
      vertex 59.3681 26.8911 4.56
      vertex 59.0835 26.5665 0.7
      vertex 59.0835 26.5665 4.56
    endloop
  endfacet
  facet normal -0.946908 0.321504 0
    outer loop
      vertex 59.7988 27.6371 0.7
      vertex 59.9376 28.0459 4.56
      vertex 59.9376 28.0459 0.7
    endloop
  endfacet
  facet normal -0.946908 0.321504 0
    outer loop
      vertex 59.9376 28.0459 4.56
      vertex 59.7988 27.6371 0.7
      vertex 59.7988 27.6371 4.56
    endloop
  endfacet
  facet normal -0.980794 0.195047 0
    outer loop
      vertex 59.9376 28.0459 0.7
      vertex 60.0218 28.4693 4.56
      vertex 60.0218 28.4693 0.7
    endloop
  endfacet
  facet normal -0.980794 0.195047 0
    outer loop
      vertex 60.0218 28.4693 4.56
      vertex 59.9376 28.0459 0.7
      vertex 59.9376 28.0459 4.56
    endloop
  endfacet
  facet normal 0.659259 0.751916 -0
    outer loop
      vertex 54.7411 26.2819 0.7
      vertex 54.4165 26.5665 4.56
      vertex 54.7411 26.2819 4.56
    endloop
  endfacet
  facet normal 0.659259 0.751916 0
    outer loop
      vertex 54.4165 26.5665 4.56
      vertex 54.7411 26.2819 0.7
      vertex 54.4165 26.5665 0.7
    endloop
  endfacet
  facet normal 0.89687 0.442295 0
    outer loop
      vertex 53.8921 27.25 4.56
      vertex 53.7012 27.6371 0.7
      vertex 53.7012 27.6371 4.56
    endloop
  endfacet
  facet normal 0.89687 0.442295 0
    outer loop
      vertex 53.7012 27.6371 0.7
      vertex 53.8921 27.25 4.56
      vertex 53.8921 27.25 0.7
    endloop
  endfacet
  facet normal 0.83148 0.555555 0
    outer loop
      vertex 54.1319 26.8911 4.56
      vertex 53.8921 27.25 0.7
      vertex 53.8921 27.25 4.56
    endloop
  endfacet
  facet normal 0.83148 0.555555 0
    outer loop
      vertex 53.8921 27.25 0.7
      vertex 54.1319 26.8911 4.56
      vertex 54.1319 26.8911 0.7
    endloop
  endfacet
  facet normal 0.997863 0.0653349 0
    outer loop
      vertex 53.4782 28.4693 4.56
      vertex 53.45 28.9 0.7
      vertex 53.45 28.9 4.56
    endloop
  endfacet
  facet normal 0.997863 0.0653349 0
    outer loop
      vertex 53.45 28.9 0.7
      vertex 53.4782 28.4693 4.56
      vertex 53.4782 28.4693 0.7
    endloop
  endfacet
  facet normal -0.83148 0.555555 0
    outer loop
      vertex 59.3681 26.8911 0.7
      vertex 59.6079 27.25 4.56
      vertex 59.6079 27.25 0.7
    endloop
  endfacet
  facet normal -0.83148 0.555555 0
    outer loop
      vertex 59.6079 27.25 4.56
      vertex 59.3681 26.8911 0.7
      vertex 59.3681 26.8911 4.56
    endloop
  endfacet
  facet normal 0.751916 0.659259 0
    outer loop
      vertex 54.4165 26.5665 4.56
      vertex 54.1319 26.8911 0.7
      vertex 54.1319 26.8911 4.56
    endloop
  endfacet
  facet normal 0.751916 0.659259 0
    outer loop
      vertex 54.1319 26.8911 0.7
      vertex 54.4165 26.5665 4.56
      vertex 54.4165 26.5665 0.7
    endloop
  endfacet
  facet normal 0.980794 0.195047 0
    outer loop
      vertex 53.5624 28.0459 4.56
      vertex 53.4782 28.4693 0.7
      vertex 53.4782 28.4693 4.56
    endloop
  endfacet
  facet normal 0.980794 0.195047 0
    outer loop
      vertex 53.4782 28.4693 0.7
      vertex 53.5624 28.0459 4.56
      vertex 53.5624 28.0459 0.7
    endloop
  endfacet
  facet normal 0.946908 0.321504 0
    outer loop
      vertex 53.7012 27.6371 4.56
      vertex 53.5624 28.0459 0.7
      vertex 53.5624 28.0459 4.56
    endloop
  endfacet
  facet normal 0.946908 0.321504 0
    outer loop
      vertex 53.5624 28.0459 0.7
      vertex 53.7012 27.6371 4.56
      vertex 53.7012 27.6371 0.7
    endloop
  endfacet
  facet normal -0.442295 0.89687 0
    outer loop
      vertex 58.4 26.0421 0.7
      vertex 58.0129 25.8512 4.56
      vertex 58.4 26.0421 4.56
    endloop
  endfacet
  facet normal -0.442295 0.89687 0
    outer loop
      vertex 58.0129 25.8512 4.56
      vertex 58.4 26.0421 0.7
      vertex 58.0129 25.8512 0.7
    endloop
  endfacet
  facet normal -0.321504 0.946908 0
    outer loop
      vertex 58.0129 25.8512 0.7
      vertex 57.6041 25.7124 4.56
      vertex 58.0129 25.8512 4.56
    endloop
  endfacet
  facet normal -0.321504 0.946908 0
    outer loop
      vertex 57.6041 25.7124 4.56
      vertex 58.0129 25.8512 0.7
      vertex 57.6041 25.7124 0.7
    endloop
  endfacet
  facet normal -0.89687 0.442295 0
    outer loop
      vertex 59.6079 27.25 0.7
      vertex 59.7988 27.6371 4.56
      vertex 59.7988 27.6371 0.7
    endloop
  endfacet
  facet normal -0.89687 0.442295 0
    outer loop
      vertex 59.7988 27.6371 4.56
      vertex 59.6079 27.25 0.7
      vertex 59.6079 27.25 4.56
    endloop
  endfacet
  facet normal -0.659259 0.751916 0
    outer loop
      vertex 59.0835 26.5665 0.7
      vertex 58.7589 26.2819 4.56
      vertex 59.0835 26.5665 4.56
    endloop
  endfacet
  facet normal -0.659259 0.751916 0
    outer loop
      vertex 58.7589 26.2819 4.56
      vertex 59.0835 26.5665 0.7
      vertex 58.7589 26.2819 0.7
    endloop
  endfacet
  facet normal -0.555555 0.83148 0
    outer loop
      vertex 58.7589 26.2819 0.7
      vertex 58.4 26.0421 4.56
      vertex 58.7589 26.2819 4.56
    endloop
  endfacet
  facet normal -0.555555 0.83148 0
    outer loop
      vertex 58.4 26.0421 4.56
      vertex 58.7589 26.2819 0.7
      vertex 58.4 26.0421 0.7
    endloop
  endfacet
  facet normal 0.442295 0.89687 -0
    outer loop
      vertex 55.4871 25.8512 0.7
      vertex 55.1 26.0421 4.56
      vertex 55.4871 25.8512 4.56
    endloop
  endfacet
  facet normal 0.442295 0.89687 0
    outer loop
      vertex 55.1 26.0421 4.56
      vertex 55.4871 25.8512 0.7
      vertex 55.1 26.0421 0.7
    endloop
  endfacet
  facet normal 0.195047 0.980794 -0
    outer loop
      vertex 56.3193 25.6282 0.7
      vertex 55.8959 25.7124 4.56
      vertex 56.3193 25.6282 4.56
    endloop
  endfacet
  facet normal 0.195047 0.980794 0
    outer loop
      vertex 55.8959 25.7124 4.56
      vertex 56.3193 25.6282 0.7
      vertex 55.8959 25.7124 0.7
    endloop
  endfacet
  facet normal 0.321504 0.946908 -0
    outer loop
      vertex 55.8959 25.7124 0.7
      vertex 55.4871 25.8512 4.56
      vertex 55.8959 25.7124 4.56
    endloop
  endfacet
  facet normal 0.321504 0.946908 0
    outer loop
      vertex 55.4871 25.8512 4.56
      vertex 55.8959 25.7124 0.7
      vertex 55.4871 25.8512 0.7
    endloop
  endfacet
  facet normal 0.0653349 0.997863 -0
    outer loop
      vertex 56.75 25.6 0.7
      vertex 56.3193 25.6282 4.56
      vertex 56.75 25.6 4.56
    endloop
  endfacet
  facet normal 0.0653349 0.997863 0
    outer loop
      vertex 56.3193 25.6282 4.56
      vertex 56.75 25.6 0.7
      vertex 56.3193 25.6282 0.7
    endloop
  endfacet
  facet normal 0.555555 0.83148 -0
    outer loop
      vertex 55.1 26.0421 0.7
      vertex 54.7411 26.2819 4.56
      vertex 55.1 26.0421 4.56
    endloop
  endfacet
  facet normal 0.555555 0.83148 0
    outer loop
      vertex 54.7411 26.2819 4.56
      vertex 55.1 26.0421 0.7
      vertex 54.7411 26.2819 0.7
    endloop
  endfacet
  facet normal -0.997851 -0.0655224 0
    outer loop
      vertex 59.55 28.9 4.85
      vertex 59.526 29.2655 6.8
      vertex 59.526 29.2655 4.85
    endloop
  endfacet
  facet normal -0.997851 -0.0655224 0
    outer loop
      vertex 59.526 29.2655 6.8
      vertex 59.55 28.9 4.85
      vertex 59.55 28.9 6.8
    endloop
  endfacet
  facet normal 0.997851 -0.0655224 0
    outer loop
      vertex 53.95 28.9 6.8
      vertex 53.974 29.2655 4.85
      vertex 53.974 29.2655 6.8
    endloop
  endfacet
  facet normal 0.997851 -0.0655224 0
    outer loop
      vertex 53.974 29.2655 4.85
      vertex 53.95 28.9 6.8
      vertex 53.95 28.9 4.85
    endloop
  endfacet
  facet normal -0.0655224 -0.997851 0
    outer loop
      vertex 56.75 31.7 4.85
      vertex 57.1155 31.676 6.8
      vertex 56.75 31.7 6.8
    endloop
  endfacet
  facet normal -0.0655224 -0.997851 -0
    outer loop
      vertex 57.1155 31.676 6.8
      vertex 56.75 31.7 4.85
      vertex 57.1155 31.676 4.85
    endloop
  endfacet
  facet normal 0.0655224 0.997851 -0
    outer loop
      vertex 56.75 26.1 4.85
      vertex 56.3845 26.124 6.8
      vertex 56.75 26.1 6.8
    endloop
  endfacet
  facet normal 0.0655224 0.997851 0
    outer loop
      vertex 56.3845 26.124 6.8
      vertex 56.75 26.1 4.85
      vertex 56.3845 26.124 4.85
    endloop
  endfacet
  facet normal -0.659316 -0.751866 0
    outer loop
      vertex 58.4545 31.1214 4.85
      vertex 58.7299 30.8799 6.8
      vertex 58.4545 31.1214 6.8
    endloop
  endfacet
  facet normal -0.659316 -0.751866 -0
    outer loop
      vertex 58.7299 30.8799 6.8
      vertex 58.4545 31.1214 4.85
      vertex 58.7299 30.8799 4.85
    endloop
  endfacet
  facet normal 0.659316 -0.751866 0
    outer loop
      vertex 54.7701 30.8799 4.85
      vertex 55.0455 31.1214 6.8
      vertex 54.7701 30.8799 6.8
    endloop
  endfacet
  facet normal 0.659316 -0.751866 0
    outer loop
      vertex 55.0455 31.1214 6.8
      vertex 54.7701 30.8799 4.85
      vertex 55.0455 31.1214 4.85
    endloop
  endfacet
  facet normal 0.321384 -0.946949 0
    outer loop
      vertex 55.6785 31.4869 4.85
      vertex 56.0253 31.6046 6.8
      vertex 55.6785 31.4869 6.8
    endloop
  endfacet
  facet normal 0.321384 -0.946949 0
    outer loop
      vertex 56.0253 31.6046 6.8
      vertex 55.6785 31.4869 4.85
      vertex 56.0253 31.6046 4.85
    endloop
  endfacet
  facet normal -0.896871 -0.442292 0
    outer loop
      vertex 59.3369 29.9715 4.85
      vertex 59.1749 30.3 6.8
      vertex 59.1749 30.3 4.85
    endloop
  endfacet
  facet normal -0.896871 -0.442292 0
    outer loop
      vertex 59.1749 30.3 6.8
      vertex 59.3369 29.9715 4.85
      vertex 59.3369 29.9715 6.8
    endloop
  endfacet
  facet normal -0.83142 -0.555645 0
    outer loop
      vertex 59.1749 30.3 4.85
      vertex 58.9714 30.6045 6.8
      vertex 58.9714 30.6045 4.85
    endloop
  endfacet
  facet normal -0.83142 -0.555645 0
    outer loop
      vertex 58.9714 30.6045 6.8
      vertex 59.1749 30.3 4.85
      vertex 59.1749 30.3 6.8
    endloop
  endfacet
  facet normal -0.442292 -0.896871 0
    outer loop
      vertex 57.8215 31.4869 4.85
      vertex 58.15 31.3249 6.8
      vertex 57.8215 31.4869 6.8
    endloop
  endfacet
  facet normal -0.442292 -0.896871 -0
    outer loop
      vertex 58.15 31.3249 6.8
      vertex 57.8215 31.4869 4.85
      vertex 58.15 31.3249 4.85
    endloop
  endfacet
  facet normal -0.321384 -0.946949 0
    outer loop
      vertex 57.4747 31.6046 4.85
      vertex 57.8215 31.4869 6.8
      vertex 57.4747 31.6046 6.8
    endloop
  endfacet
  facet normal -0.321384 -0.946949 -0
    outer loop
      vertex 57.8215 31.4869 6.8
      vertex 57.4747 31.6046 4.85
      vertex 57.8215 31.4869 4.85
    endloop
  endfacet
  facet normal -0.555645 -0.83142 0
    outer loop
      vertex 58.15 31.3249 4.85
      vertex 58.4545 31.1214 6.8
      vertex 58.15 31.3249 6.8
    endloop
  endfacet
  facet normal -0.555645 -0.83142 -0
    outer loop
      vertex 58.4545 31.1214 6.8
      vertex 58.15 31.3249 4.85
      vertex 58.4545 31.1214 4.85
    endloop
  endfacet
  facet normal 0.896871 -0.442292 0
    outer loop
      vertex 54.1631 29.9715 6.8
      vertex 54.3251 30.3 4.85
      vertex 54.3251 30.3 6.8
    endloop
  endfacet
  facet normal 0.896871 -0.442292 0
    outer loop
      vertex 54.3251 30.3 4.85
      vertex 54.1631 29.9715 6.8
      vertex 54.1631 29.9715 4.85
    endloop
  endfacet
  facet normal 0.751866 -0.659316 0
    outer loop
      vertex 54.5286 30.6045 6.8
      vertex 54.7701 30.8799 4.85
      vertex 54.7701 30.8799 6.8
    endloop
  endfacet
  facet normal 0.751866 -0.659316 0
    outer loop
      vertex 54.7701 30.8799 4.85
      vertex 54.5286 30.6045 6.8
      vertex 54.5286 30.6045 4.85
    endloop
  endfacet
  facet normal 0.946949 -0.321384 0
    outer loop
      vertex 54.0454 29.6247 6.8
      vertex 54.1631 29.9715 4.85
      vertex 54.1631 29.9715 6.8
    endloop
  endfacet
  facet normal 0.946949 -0.321384 0
    outer loop
      vertex 54.1631 29.9715 4.85
      vertex 54.0454 29.6247 6.8
      vertex 54.0454 29.6247 4.85
    endloop
  endfacet
  facet normal 0.194961 -0.980811 0
    outer loop
      vertex 56.0253 31.6046 4.85
      vertex 56.3845 31.676 6.8
      vertex 56.0253 31.6046 6.8
    endloop
  endfacet
  facet normal 0.194961 -0.980811 0
    outer loop
      vertex 56.3845 31.676 6.8
      vertex 56.0253 31.6046 4.85
      vertex 56.3845 31.676 4.85
    endloop
  endfacet
  facet normal 0.442292 0.896871 -0
    outer loop
      vertex 55.6785 26.3131 4.85
      vertex 55.35 26.4751 6.8
      vertex 55.6785 26.3131 6.8
    endloop
  endfacet
  facet normal 0.442292 0.896871 0
    outer loop
      vertex 55.35 26.4751 6.8
      vertex 55.6785 26.3131 4.85
      vertex 55.35 26.4751 4.85
    endloop
  endfacet
  facet normal 0.659316 0.751866 -0
    outer loop
      vertex 55.0455 26.6786 4.85
      vertex 54.7701 26.9201 6.8
      vertex 55.0455 26.6786 6.8
    endloop
  endfacet
  facet normal 0.659316 0.751866 0
    outer loop
      vertex 54.7701 26.9201 6.8
      vertex 55.0455 26.6786 4.85
      vertex 54.7701 26.9201 4.85
    endloop
  endfacet
  facet normal 0.321384 0.946949 -0
    outer loop
      vertex 56.0253 26.1954 4.85
      vertex 55.6785 26.3131 6.8
      vertex 56.0253 26.1954 6.8
    endloop
  endfacet
  facet normal 0.321384 0.946949 0
    outer loop
      vertex 55.6785 26.3131 6.8
      vertex 56.0253 26.1954 4.85
      vertex 55.6785 26.3131 4.85
    endloop
  endfacet
  facet normal 0 0 1
    outer loop
      vertex 59.526 29.2655 4.85
      vertex 59.526 28.5345 4.85
      vertex 59.55 28.9 4.85
    endloop
  endfacet
  facet normal 0 0 1
    outer loop
      vertex 59.4546 29.6247 4.85
      vertex 59.526 28.5345 4.85
      vertex 59.526 29.2655 4.85
    endloop
  endfacet
  facet normal 0 0 1
    outer loop
      vertex 59.4546 29.6247 4.85
      vertex 59.4546 28.1753 4.85
      vertex 59.526 28.5345 4.85
    endloop
  endfacet
  facet normal 0 0 1
    outer loop
      vertex 59.3369 29.9715 4.85
      vertex 59.4546 28.1753 4.85
      vertex 59.4546 29.6247 4.85
    endloop
  endfacet
  facet normal 0 0 1
    outer loop
      vertex 59.3369 29.9715 4.85
      vertex 59.3369 27.8285 4.85
      vertex 59.4546 28.1753 4.85
    endloop
  endfacet
  facet normal 0 0 1
    outer loop
      vertex 59.1749 30.3 4.85
      vertex 59.3369 27.8285 4.85
      vertex 59.3369 29.9715 4.85
    endloop
  endfacet
  facet normal 0 0 1
    outer loop
      vertex 59.1749 30.3 4.85
      vertex 59.1749 27.5 4.85
      vertex 59.3369 27.8285 4.85
    endloop
  endfacet
  facet normal 0 0 1
    outer loop
      vertex 58.9714 30.6045 4.85
      vertex 59.1749 27.5 4.85
      vertex 59.1749 30.3 4.85
    endloop
  endfacet
  facet normal 0 0 1
    outer loop
      vertex 58.9714 30.6045 4.85
      vertex 58.9714 27.1955 4.85
      vertex 59.1749 27.5 4.85
    endloop
  endfacet
  facet normal 0 0 1
    outer loop
      vertex 58.7299 30.8799 4.85
      vertex 58.9714 27.1955 4.85
      vertex 58.9714 30.6045 4.85
    endloop
  endfacet
  facet normal 0 0 1
    outer loop
      vertex 58.7299 30.8799 4.85
      vertex 58.7299 26.9201 4.85
      vertex 58.9714 27.1955 4.85
    endloop
  endfacet
  facet normal 0 0 1
    outer loop
      vertex 58.4545 31.1214 4.85
      vertex 58.7299 26.9201 4.85
      vertex 58.7299 30.8799 4.85
    endloop
  endfacet
  facet normal 0 0 1
    outer loop
      vertex 58.4545 31.1214 4.85
      vertex 58.4545 26.6786 4.85
      vertex 58.7299 26.9201 4.85
    endloop
  endfacet
  facet normal 0 0 1
    outer loop
      vertex 58.15 31.3249 4.85
      vertex 58.4545 26.6786 4.85
      vertex 58.4545 31.1214 4.85
    endloop
  endfacet
  facet normal 0 0 1
    outer loop
      vertex 58.15 31.3249 4.85
      vertex 58.15 26.4751 4.85
      vertex 58.4545 26.6786 4.85
    endloop
  endfacet
  facet normal 0 0 1
    outer loop
      vertex 57.8215 31.4869 4.85
      vertex 58.15 26.4751 4.85
      vertex 58.15 31.3249 4.85
    endloop
  endfacet
  facet normal 0 0 1
    outer loop
      vertex 57.8215 31.4869 4.85
      vertex 57.8215 26.3131 4.85
      vertex 58.15 26.4751 4.85
    endloop
  endfacet
  facet normal 0 0 1
    outer loop
      vertex 57.4747 31.6046 4.85
      vertex 57.8215 26.3131 4.85
      vertex 57.8215 31.4869 4.85
    endloop
  endfacet
  facet normal 0 0 1
    outer loop
      vertex 57.4747 31.6046 4.85
      vertex 57.4747 26.1954 4.85
      vertex 57.8215 26.3131 4.85
    endloop
  endfacet
  facet normal 0 0 1
    outer loop
      vertex 57.1155 31.676 4.85
      vertex 57.4747 26.1954 4.85
      vertex 57.4747 31.6046 4.85
    endloop
  endfacet
  facet normal 0 0 1
    outer loop
      vertex 57.1155 31.676 4.85
      vertex 57.1155 26.124 4.85
      vertex 57.4747 26.1954 4.85
    endloop
  endfacet
  facet normal 0 0 1
    outer loop
      vertex 56.75 31.7 4.85
      vertex 57.1155 26.124 4.85
      vertex 57.1155 31.676 4.85
    endloop
  endfacet
  facet normal 0 0 1
    outer loop
      vertex 56.75 31.7 4.85
      vertex 56.75 26.1 4.85
      vertex 57.1155 26.124 4.85
    endloop
  endfacet
  facet normal -0 0 1
    outer loop
      vertex 56.3845 31.676 4.85
      vertex 56.75 26.1 4.85
      vertex 56.75 31.7 4.85
    endloop
  endfacet
  facet normal 0 0 1
    outer loop
      vertex 56.3845 31.676 4.85
      vertex 56.3845 26.124 4.85
      vertex 56.75 26.1 4.85
    endloop
  endfacet
  facet normal -0 0 1
    outer loop
      vertex 56.0253 31.6046 4.85
      vertex 56.3845 26.124 4.85
      vertex 56.3845 31.676 4.85
    endloop
  endfacet
  facet normal 0 0 1
    outer loop
      vertex 56.0253 31.6046 4.85
      vertex 56.0253 26.1954 4.85
      vertex 56.3845 26.124 4.85
    endloop
  endfacet
  facet normal -0 0 1
    outer loop
      vertex 55.6785 31.4869 4.85
      vertex 56.0253 26.1954 4.85
      vertex 56.0253 31.6046 4.85
    endloop
  endfacet
  facet normal 0 0 1
    outer loop
      vertex 55.6785 31.4869 4.85
      vertex 55.6785 26.3131 4.85
      vertex 56.0253 26.1954 4.85
    endloop
  endfacet
  facet normal -0 0 1
    outer loop
      vertex 55.35 31.3249 4.85
      vertex 55.6785 26.3131 4.85
      vertex 55.6785 31.4869 4.85
    endloop
  endfacet
  facet normal 0 0 1
    outer loop
      vertex 55.35 31.3249 4.85
      vertex 55.35 26.4751 4.85
      vertex 55.6785 26.3131 4.85
    endloop
  endfacet
  facet normal -0 0 1
    outer loop
      vertex 55.0455 31.1214 4.85
      vertex 55.35 26.4751 4.85
      vertex 55.35 31.3249 4.85
    endloop
  endfacet
  facet normal 0 0 1
    outer loop
      vertex 55.0455 31.1214 4.85
      vertex 55.0455 26.6786 4.85
      vertex 55.35 26.4751 4.85
    endloop
  endfacet
  facet normal -0 0 1
    outer loop
      vertex 54.7701 30.8799 4.85
      vertex 55.0455 26.6786 4.85
      vertex 55.0455 31.1214 4.85
    endloop
  endfacet
  facet normal 0 0 1
    outer loop
      vertex 54.7701 30.8799 4.85
      vertex 54.7701 26.9201 4.85
      vertex 55.0455 26.6786 4.85
    endloop
  endfacet
  facet normal -0 0 1
    outer loop
      vertex 54.5286 30.6045 4.85
      vertex 54.7701 26.9201 4.85
      vertex 54.7701 30.8799 4.85
    endloop
  endfacet
  facet normal 0 0 1
    outer loop
      vertex 54.5286 30.6045 4.85
      vertex 54.5286 27.1955 4.85
      vertex 54.7701 26.9201 4.85
    endloop
  endfacet
  facet normal -0 0 1
    outer loop
      vertex 54.3251 30.3 4.85
      vertex 54.5286 27.1955 4.85
      vertex 54.5286 30.6045 4.85
    endloop
  endfacet
  facet normal 0 0 1
    outer loop
      vertex 54.3251 30.3 4.85
      vertex 54.3251 27.5 4.85
      vertex 54.5286 27.1955 4.85
    endloop
  endfacet
  facet normal -0 0 1
    outer loop
      vertex 54.1631 29.9715 4.85
      vertex 54.3251 27.5 4.85
      vertex 54.3251 30.3 4.85
    endloop
  endfacet
  facet normal 0 0 1
    outer loop
      vertex 54.1631 29.9715 4.85
      vertex 54.1631 27.8285 4.85
      vertex 54.3251 27.5 4.85
    endloop
  endfacet
  facet normal -0 0 1
    outer loop
      vertex 54.0454 29.6247 4.85
      vertex 54.1631 27.8285 4.85
      vertex 54.1631 29.9715 4.85
    endloop
  endfacet
  facet normal 0 0 1
    outer loop
      vertex 54.0454 29.6247 4.85
      vertex 54.0454 28.1753 4.85
      vertex 54.1631 27.8285 4.85
    endloop
  endfacet
  facet normal -0 0 1
    outer loop
      vertex 53.974 29.2655 4.85
      vertex 54.0454 28.1753 4.85
      vertex 54.0454 29.6247 4.85
    endloop
  endfacet
  facet normal 0 0 1
    outer loop
      vertex 53.974 29.2655 4.85
      vertex 53.974 28.5345 4.85
      vertex 54.0454 28.1753 4.85
    endloop
  endfacet
  facet normal 0 -0 1
    outer loop
      vertex 53.974 28.5345 4.85
      vertex 53.974 29.2655 4.85
      vertex 53.95 28.9 4.85
    endloop
  endfacet
  facet normal -0.946949 -0.321384 0
    outer loop
      vertex 59.4546 29.6247 4.85
      vertex 59.3369 29.9715 6.8
      vertex 59.3369 29.9715 4.85
    endloop
  endfacet
  facet normal -0.946949 -0.321384 0
    outer loop
      vertex 59.3369 29.9715 6.8
      vertex 59.4546 29.6247 4.85
      vertex 59.4546 29.6247 6.8
    endloop
  endfacet
  facet normal -0.980811 -0.194961 0
    outer loop
      vertex 59.526 29.2655 4.85
      vertex 59.4546 29.6247 6.8
      vertex 59.4546 29.6247 4.85
    endloop
  endfacet
  facet normal -0.980811 -0.194961 0
    outer loop
      vertex 59.4546 29.6247 6.8
      vertex 59.526 29.2655 4.85
      vertex 59.526 29.2655 6.8
    endloop
  endfacet
  facet normal -0.751866 -0.659316 0
    outer loop
      vertex 58.9714 30.6045 4.85
      vertex 58.7299 30.8799 6.8
      vertex 58.7299 30.8799 4.85
    endloop
  endfacet
  facet normal -0.751866 -0.659316 0
    outer loop
      vertex 58.7299 30.8799 6.8
      vertex 58.9714 30.6045 4.85
      vertex 58.9714 30.6045 6.8
    endloop
  endfacet
  facet normal -0.194961 -0.980811 0
    outer loop
      vertex 57.1155 31.676 4.85
      vertex 57.4747 31.6046 6.8
      vertex 57.1155 31.676 6.8
    endloop
  endfacet
  facet normal -0.194961 -0.980811 -0
    outer loop
      vertex 57.4747 31.6046 6.8
      vertex 57.1155 31.676 4.85
      vertex 57.4747 31.6046 4.85
    endloop
  endfacet
  facet normal 0.83142 -0.555645 0
    outer loop
      vertex 54.3251 30.3 6.8
      vertex 54.5286 30.6045 4.85
      vertex 54.5286 30.6045 6.8
    endloop
  endfacet
  facet normal 0.83142 -0.555645 0
    outer loop
      vertex 54.5286 30.6045 4.85
      vertex 54.3251 30.3 6.8
      vertex 54.3251 30.3 4.85
    endloop
  endfacet
  facet normal 0.980811 -0.194961 0
    outer loop
      vertex 53.974 29.2655 6.8
      vertex 54.0454 29.6247 4.85
      vertex 54.0454 29.6247 6.8
    endloop
  endfacet
  facet normal 0.980811 -0.194961 0
    outer loop
      vertex 54.0454 29.6247 4.85
      vertex 53.974 29.2655 6.8
      vertex 53.974 29.2655 4.85
    endloop
  endfacet
  facet normal 0.442292 -0.896871 0
    outer loop
      vertex 55.35 31.3249 4.85
      vertex 55.6785 31.4869 6.8
      vertex 55.35 31.3249 6.8
    endloop
  endfacet
  facet normal 0.442292 -0.896871 0
    outer loop
      vertex 55.6785 31.4869 6.8
      vertex 55.35 31.3249 4.85
      vertex 55.6785 31.4869 4.85
    endloop
  endfacet
  facet normal 0.555645 -0.83142 0
    outer loop
      vertex 55.0455 31.1214 4.85
      vertex 55.35 31.3249 6.8
      vertex 55.0455 31.1214 6.8
    endloop
  endfacet
  facet normal 0.555645 -0.83142 0
    outer loop
      vertex 55.35 31.3249 6.8
      vertex 55.0455 31.1214 4.85
      vertex 55.35 31.3249 4.85
    endloop
  endfacet
  facet normal 0.0655224 -0.997851 0
    outer loop
      vertex 56.3845 31.676 4.85
      vertex 56.75 31.7 6.8
      vertex 56.3845 31.676 6.8
    endloop
  endfacet
  facet normal 0.0655224 -0.997851 0
    outer loop
      vertex 56.75 31.7 6.8
      vertex 56.3845 31.676 4.85
      vertex 56.75 31.7 4.85
    endloop
  endfacet
  facet normal -0.997851 0.0655224 0
    outer loop
      vertex 59.526 28.5345 4.85
      vertex 59.55 28.9 6.8
      vertex 59.55 28.9 4.85
    endloop
  endfacet
  facet normal -0.997851 0.0655224 0
    outer loop
      vertex 59.55 28.9 6.8
      vertex 59.526 28.5345 4.85
      vertex 59.526 28.5345 6.8
    endloop
  endfacet
  facet normal -0.0655224 0.997851 0
    outer loop
      vertex 57.1155 26.124 4.85
      vertex 56.75 26.1 6.8
      vertex 57.1155 26.124 6.8
    endloop
  endfacet
  facet normal -0.0655224 0.997851 0
    outer loop
      vertex 56.75 26.1 6.8
      vertex 57.1155 26.124 4.85
      vertex 56.75 26.1 4.85
    endloop
  endfacet
  facet normal -0.321384 0.946949 0
    outer loop
      vertex 57.8215 26.3131 4.85
      vertex 57.4747 26.1954 6.8
      vertex 57.8215 26.3131 6.8
    endloop
  endfacet
  facet normal -0.321384 0.946949 0
    outer loop
      vertex 57.4747 26.1954 6.8
      vertex 57.8215 26.3131 4.85
      vertex 57.4747 26.1954 4.85
    endloop
  endfacet
  facet normal -0.659316 0.751866 0
    outer loop
      vertex 58.7299 26.9201 4.85
      vertex 58.4545 26.6786 6.8
      vertex 58.7299 26.9201 6.8
    endloop
  endfacet
  facet normal -0.659316 0.751866 0
    outer loop
      vertex 58.4545 26.6786 6.8
      vertex 58.7299 26.9201 4.85
      vertex 58.4545 26.6786 4.85
    endloop
  endfacet
  facet normal -0.442292 0.896871 0
    outer loop
      vertex 58.15 26.4751 4.85
      vertex 57.8215 26.3131 6.8
      vertex 58.15 26.4751 6.8
    endloop
  endfacet
  facet normal -0.442292 0.896871 0
    outer loop
      vertex 57.8215 26.3131 6.8
      vertex 58.15 26.4751 4.85
      vertex 57.8215 26.3131 4.85
    endloop
  endfacet
  facet normal -0.946949 0.321384 0
    outer loop
      vertex 59.3369 27.8285 4.85
      vertex 59.4546 28.1753 6.8
      vertex 59.4546 28.1753 4.85
    endloop
  endfacet
  facet normal -0.946949 0.321384 0
    outer loop
      vertex 59.4546 28.1753 6.8
      vertex 59.3369 27.8285 4.85
      vertex 59.3369 27.8285 6.8
    endloop
  endfacet
  facet normal -0.83142 0.555645 0
    outer loop
      vertex 58.9714 27.1955 4.85
      vertex 59.1749 27.5 6.8
      vertex 59.1749 27.5 4.85
    endloop
  endfacet
  facet normal -0.83142 0.555645 0
    outer loop
      vertex 59.1749 27.5 6.8
      vertex 58.9714 27.1955 4.85
      vertex 58.9714 27.1955 6.8
    endloop
  endfacet
  facet normal 0.555645 0.83142 -0
    outer loop
      vertex 55.35 26.4751 4.85
      vertex 55.0455 26.6786 6.8
      vertex 55.35 26.4751 6.8
    endloop
  endfacet
  facet normal 0.555645 0.83142 0
    outer loop
      vertex 55.0455 26.6786 6.8
      vertex 55.35 26.4751 4.85
      vertex 55.0455 26.6786 4.85
    endloop
  endfacet
  facet normal 0.194961 0.980811 -0
    outer loop
      vertex 56.3845 26.124 4.85
      vertex 56.0253 26.1954 6.8
      vertex 56.3845 26.124 6.8
    endloop
  endfacet
  facet normal 0.194961 0.980811 0
    outer loop
      vertex 56.0253 26.1954 6.8
      vertex 56.3845 26.124 4.85
      vertex 56.0253 26.1954 4.85
    endloop
  endfacet
  facet normal 0.896871 0.442292 0
    outer loop
      vertex 54.3251 27.5 6.8
      vertex 54.1631 27.8285 4.85
      vertex 54.1631 27.8285 6.8
    endloop
  endfacet
  facet normal 0.896871 0.442292 0
    outer loop
      vertex 54.1631 27.8285 4.85
      vertex 54.3251 27.5 6.8
      vertex 54.3251 27.5 4.85
    endloop
  endfacet
  facet normal 0.751866 0.659316 0
    outer loop
      vertex 54.7701 26.9201 6.8
      vertex 54.5286 27.1955 4.85
      vertex 54.5286 27.1955 6.8
    endloop
  endfacet
  facet normal 0.751866 0.659316 0
    outer loop
      vertex 54.5286 27.1955 4.85
      vertex 54.7701 26.9201 6.8
      vertex 54.7701 26.9201 4.85
    endloop
  endfacet
  facet normal 0.946949 0.321384 0
    outer loop
      vertex 54.1631 27.8285 6.8
      vertex 54.0454 28.1753 4.85
      vertex 54.0454 28.1753 6.8
    endloop
  endfacet
  facet normal 0.946949 0.321384 0
    outer loop
      vertex 54.0454 28.1753 4.85
      vertex 54.1631 27.8285 6.8
      vertex 54.1631 27.8285 4.85
    endloop
  endfacet
  facet normal 0.997851 0.0655224 0
    outer loop
      vertex 53.974 28.5345 6.8
      vertex 53.95 28.9 4.85
      vertex 53.95 28.9 6.8
    endloop
  endfacet
  facet normal 0.997851 0.0655224 0
    outer loop
      vertex 53.95 28.9 4.85
      vertex 53.974 28.5345 6.8
      vertex 53.974 28.5345 4.85
    endloop
  endfacet
  facet normal -0.194961 0.980811 0
    outer loop
      vertex 57.4747 26.1954 4.85
      vertex 57.1155 26.124 6.8
      vertex 57.4747 26.1954 6.8
    endloop
  endfacet
  facet normal -0.194961 0.980811 0
    outer loop
      vertex 57.1155 26.124 6.8
      vertex 57.4747 26.1954 4.85
      vertex 57.1155 26.124 4.85
    endloop
  endfacet
  facet normal -0.751866 0.659316 0
    outer loop
      vertex 58.7299 26.9201 4.85
      vertex 58.9714 27.1955 6.8
      vertex 58.9714 27.1955 4.85
    endloop
  endfacet
  facet normal -0.751866 0.659316 0
    outer loop
      vertex 58.9714 27.1955 6.8
      vertex 58.7299 26.9201 4.85
      vertex 58.7299 26.9201 6.8
    endloop
  endfacet
  facet normal -0.555645 0.83142 0
    outer loop
      vertex 58.4545 26.6786 4.85
      vertex 58.15 26.4751 6.8
      vertex 58.4545 26.6786 6.8
    endloop
  endfacet
  facet normal -0.555645 0.83142 0
    outer loop
      vertex 58.15 26.4751 6.8
      vertex 58.4545 26.6786 4.85
      vertex 58.15 26.4751 4.85
    endloop
  endfacet
  facet normal -0.980811 0.194961 0
    outer loop
      vertex 59.4546 28.1753 4.85
      vertex 59.526 28.5345 6.8
      vertex 59.526 28.5345 4.85
    endloop
  endfacet
  facet normal -0.980811 0.194961 0
    outer loop
      vertex 59.526 28.5345 6.8
      vertex 59.4546 28.1753 4.85
      vertex 59.4546 28.1753 6.8
    endloop
  endfacet
  facet normal -0.896871 0.442292 0
    outer loop
      vertex 59.1749 27.5 4.85
      vertex 59.3369 27.8285 6.8
      vertex 59.3369 27.8285 4.85
    endloop
  endfacet
  facet normal -0.896871 0.442292 0
    outer loop
      vertex 59.3369 27.8285 6.8
      vertex 59.1749 27.5 4.85
      vertex 59.1749 27.5 6.8
    endloop
  endfacet
  facet normal 0.83142 0.555645 0
    outer loop
      vertex 54.5286 27.1955 6.8
      vertex 54.3251 27.5 4.85
      vertex 54.3251 27.5 6.8
    endloop
  endfacet
  facet normal 0.83142 0.555645 0
    outer loop
      vertex 54.3251 27.5 4.85
      vertex 54.5286 27.1955 6.8
      vertex 54.5286 27.1955 4.85
    endloop
  endfacet
  facet normal 0.980811 0.194961 0
    outer loop
      vertex 54.0454 28.1753 6.8
      vertex 53.974 28.5345 4.85
      vertex 53.974 28.5345 6.8
    endloop
  endfacet
  facet normal 0.980811 0.194961 0
    outer loop
      vertex 53.974 28.5345 4.85
      vertex 54.0454 28.1753 6.8
      vertex 54.0454 28.1753 4.85
    endloop
  endfacet
  facet normal -0.960623 -0.0629917 -0.270621
    outer loop
      vertex 60.05 86.9 0.7
      vertex 60.2468 86.9061 0
      vertex 60.2472 86.9 0
    endloop
  endfacet
  facet normal -0.960629 -0.062897 -0.270622
    outer loop
      vertex 60.2468 86.9061 0
      vertex 60.05 86.9 0.7
      vertex 60.0218 87.3307 0.7
    endloop
  endfacet
  facet normal -0.960631 -0.0629188 -0.270609
    outer loop
      vertex 60.2173 87.3565 0
      vertex 60.2468 86.9061 0
      vertex 60.0218 87.3307 0.7
    endloop
  endfacet
  facet normal 0.960623 0.0629917 -0.270621
    outer loop
      vertex 53.45 86.9 0.7
      vertex 53.2532 86.8939 0
      vertex 53.2528 86.9 0
    endloop
  endfacet
  facet normal 0.960629 0.062897 -0.270622
    outer loop
      vertex 53.2532 86.8939 0
      vertex 53.45 86.9 0.7
      vertex 53.4782 86.4693 0.7
    endloop
  endfacet
  facet normal -0.943383 -0.191874 -0.27058
    outer loop
      vertex 60.1292 87.7992 0
      vertex 59.9376 87.7541 0.7
      vertex 60.128 87.8051 0
    endloop
  endfacet
  facet normal -0.944218 -0.187773 -0.270544
    outer loop
      vertex 59.9376 87.7541 0.7
      vertex 60.1292 87.7992 0
      vertex 60.0218 87.3307 0.7
    endloop
  endfacet
  facet normal -0.86335 -0.425917 -0.270595
    outer loop
      vertex 59.981 88.2383 0
      vertex 59.7988 88.1629 0.7
      vertex 59.7813 88.6431 0
    endloop
  endfacet
  facet normal -0.062897 0.960629 -0.270622
    outer loop
      vertex 56.7561 83.4032 0
      vertex 56.75 83.6 0.7
      vertex 57.1807 83.6282 0.7
    endloop
  endfacet
  facet normal -0.0629917 0.960623 -0.270621
    outer loop
      vertex 56.75 83.6 0.7
      vertex 56.7561 83.4032 0
      vertex 56.75 83.4028 0
    endloop
  endfacet
  facet normal 0.062897 -0.960629 -0.270622
    outer loop
      vertex 56.7439 90.3968 0
      vertex 56.75 90.2 0.7
      vertex 56.3193 90.1718 0.7
    endloop
  endfacet
  facet normal 0.0629917 -0.960623 -0.270621
    outer loop
      vertex 56.75 90.2 0.7
      vertex 56.7439 90.3968 0
      vertex 56.75 90.3972 0
    endloop
  endfacet
  facet normal 0.800463 -0.534832 -0.27058
    outer loop
      vertex 53.8921 88.55 0.7
      vertex 53.7247 88.6536 0
      vertex 54.1319 88.9089 0.7
    endloop
  endfacet
  facet normal 0.803466 -0.530287 -0.270626
    outer loop
      vertex 53.7247 88.6536 0
      vertex 53.8921 88.55 0.7
      vertex 53.7214 88.6486 0
    endloop
  endfacet
  facet normal 0.424245 -0.864203 -0.2705
    outer loop
      vertex 55.0069 89.9313 0
      vertex 55.1 89.7579 0.7
      vertex 55.0014 89.9286 0
    endloop
  endfacet
  facet normal 0.425804 -0.86343 -0.270516
    outer loop
      vertex 55.1 89.7579 0.7
      vertex 55.0069 89.9313 0
      vertex 55.4871 89.9488 0.7
    endloop
  endfacet
  facet normal 0.944218 0.187773 -0.270544
    outer loop
      vertex 53.5624 86.0459 0.7
      vertex 53.3708 86.0008 0
      vertex 53.4782 86.4693 0.7
    endloop
  endfacet
  facet normal 0.943383 0.191874 -0.27058
    outer loop
      vertex 53.3708 86.0008 0
      vertex 53.5624 86.0459 0.7
      vertex 53.372 85.9949 0
    endloop
  endfacet
  facet normal 0.911588 0.309479 -0.270609
    outer loop
      vertex 53.7012 85.6371 0.7
      vertex 53.519 85.5617 0
      vertex 53.3739 85.9891 0
    endloop
  endfacet
  facet normal -0.634684 0.72383 -0.270642
    outer loop
      vertex 59.0835 84.5666 0.7
      vertex 59.2229 84.4271 0
      vertex 58.8835 84.1295 0
    endloop
  endfacet
  facet normal -0.534792 -0.800482 -0.270605
    outer loop
      vertex 58.879 89.6745 0
      vertex 58.7589 89.5181 0.7
      vertex 58.5036 89.9253 0
    endloop
  endfacet
  facet normal -0.944172 -0.187896 -0.270619
    outer loop
      vertex 60.1292 87.7992 0
      vertex 60.2173 87.3565 0
      vertex 60.0218 87.3307 0.7
    endloop
  endfacet
  facet normal 0.960631 -0.0629188 -0.270609
    outer loop
      vertex 53.2827 87.3565 0
      vertex 53.4782 87.3307 0.7
      vertex 53.2532 86.9061 0
    endloop
  endfacet
  facet normal 0.0629188 0.960631 -0.270609
    outer loop
      vertex 56.3193 83.6282 0.7
      vertex 56.7439 83.4032 0
      vertex 56.2935 83.4327 0
    endloop
  endfacet
  facet normal 0.530287 0.803466 -0.270626
    outer loop
      vertex 54.9964 83.8747 0
      vertex 55.1 84.0421 0.7
      vertex 55.0014 83.8714 0
    endloop
  endfacet
  facet normal 0.534832 0.800463 -0.27058
    outer loop
      vertex 55.1 84.0421 0.7
      vertex 54.9964 83.8747 0
      vertex 54.7411 84.2819 0.7
    endloop
  endfacet
  facet normal 0.534792 0.800482 -0.270605
    outer loop
      vertex 54.7411 84.2819 0.7
      vertex 54.9964 83.8747 0
      vertex 54.621 84.1255 0
    endloop
  endfacet
  facet normal -0.191874 0.943383 -0.27058
    outer loop
      vertex 57.6492 83.5208 0
      vertex 57.6041 83.7124 0.7
      vertex 57.6551 83.522 0
    endloop
  endfacet
  facet normal -0.187773 0.944218 -0.270544
    outer loop
      vertex 57.6041 83.7124 0.7
      vertex 57.6492 83.5208 0
      vertex 57.1807 83.6282 0.7
    endloop
  endfacet
  facet normal -0.309479 0.911588 -0.270609
    outer loop
      vertex 58.0129 83.8512 0.7
      vertex 58.0883 83.669 0
      vertex 57.6609 83.5239 0
    endloop
  endfacet
  facet normal -0.911588 0.309479 -0.270609
    outer loop
      vertex 60.1261 85.9891 0
      vertex 59.981 85.5617 0
      vertex 59.7988 85.6371 0.7
    endloop
  endfacet
  facet normal -0.944218 0.187773 -0.270544
    outer loop
      vertex 60.1292 86.0008 0
      vertex 59.9376 86.0459 0.7
      vertex 60.0218 86.4693 0.7
    endloop
  endfacet
  facet normal -0.943383 0.191874 -0.27058
    outer loop
      vertex 59.9376 86.0459 0.7
      vertex 60.1292 86.0008 0
      vertex 60.128 85.9949 0
    endloop
  endfacet
  facet normal 0.943383 -0.191874 -0.27058
    outer loop
      vertex 53.5624 87.7541 0.7
      vertex 53.3708 87.7992 0
      vertex 53.372 87.8051 0
    endloop
  endfacet
  facet normal 0.944218 -0.187773 -0.270544
    outer loop
      vertex 53.3708 87.7992 0
      vertex 53.5624 87.7541 0.7
      vertex 53.4782 87.3307 0.7
    endloop
  endfacet
  facet normal 0.191874 -0.943383 -0.27058
    outer loop
      vertex 55.8508 90.2792 0
      vertex 55.8959 90.0876 0.7
      vertex 55.8449 90.278 0
    endloop
  endfacet
  facet normal 0.187773 -0.944218 -0.270544
    outer loop
      vertex 55.8959 90.0876 0.7
      vertex 55.8508 90.2792 0
      vertex 56.3193 90.1718 0.7
    endloop
  endfacet
  facet normal -0.864203 -0.424245 -0.2705
    outer loop
      vertex 59.7813 88.6431 0
      vertex 59.6079 88.55 0.7
      vertex 59.7786 88.6486 0
    endloop
  endfacet
  facet normal -0.86343 -0.425804 -0.270516
    outer loop
      vertex 59.6079 88.55 0.7
      vertex 59.7813 88.6431 0
      vertex 59.7988 88.1629 0.7
    endloop
  endfacet
  facet normal -0.719545 -0.639596 -0.270503
    outer loop
      vertex 59.3681 88.9089 0.7
      vertex 59.5205 89.0335 0
      vertex 59.5245 89.029 0
    endloop
  endfacet
  facet normal -0.72387 -0.634669 -0.270568
    outer loop
      vertex 59.5205 89.0335 0
      vertex 59.3681 88.9089 0.7
      vertex 59.0835 89.2335 0.7
    endloop
  endfacet
  facet normal -0.530287 -0.803466 -0.270626
    outer loop
      vertex 58.5036 89.9253 0
      vertex 58.4 89.7579 0.7
      vertex 58.4986 89.9286 0
    endloop
  endfacet
  facet normal -0.534832 -0.800463 -0.27058
    outer loop
      vertex 58.4 89.7579 0.7
      vertex 58.5036 89.9253 0
      vertex 58.7589 89.5181 0.7
    endloop
  endfacet
  facet normal -0.0629188 -0.960631 -0.270609
    outer loop
      vertex 57.2065 90.3673 0
      vertex 57.1807 90.1718 0.7
      vertex 56.7561 90.3968 0
    endloop
  endfacet
  facet normal -0.425917 -0.86335 -0.270595
    outer loop
      vertex 58.0883 90.131 0
      vertex 58.4931 89.9313 0
      vertex 58.0129 89.9488 0.7
    endloop
  endfacet
  facet normal 0.944172 0.187896 -0.270619
    outer loop
      vertex 53.4782 86.4693 0.7
      vertex 53.3708 86.0008 0
      vertex 53.2827 86.4435 0
    endloop
  endfacet
  facet normal 0.960631 0.0629188 -0.270609
    outer loop
      vertex 53.4782 86.4693 0.7
      vertex 53.2827 86.4435 0
      vertex 53.2532 86.8939 0
    endloop
  endfacet
  facet normal 0.187773 0.944218 -0.270544
    outer loop
      vertex 55.8508 83.5208 0
      vertex 55.8959 83.7124 0.7
      vertex 56.3193 83.6282 0.7
    endloop
  endfacet
  facet normal 0.191874 0.943383 -0.27058
    outer loop
      vertex 55.8959 83.7124 0.7
      vertex 55.8508 83.5208 0
      vertex 55.8449 83.522 0
    endloop
  endfacet
  facet normal 0.86343 0.425804 -0.270516
    outer loop
      vertex 53.8921 85.25 0.7
      vertex 53.7187 85.1569 0
      vertex 53.7012 85.6371 0.7
    endloop
  endfacet
  facet normal 0.864203 0.424245 -0.2705
    outer loop
      vertex 53.7187 85.1569 0
      vertex 53.8921 85.25 0.7
      vertex 53.7214 85.1514 0
    endloop
  endfacet
  facet normal 0.86335 0.425917 -0.270595
    outer loop
      vertex 53.7012 85.6371 0.7
      vertex 53.7187 85.1569 0
      vertex 53.519 85.5617 0
    endloop
  endfacet
  facet normal 0.723832 0.634686 -0.27063
    outer loop
      vertex 54.4165 84.5666 0.7
      vertex 54.2771 84.4271 0
      vertex 53.9795 84.7665 0
    endloop
  endfacet
  facet normal 0.803466 0.530287 -0.270626
    outer loop
      vertex 53.8921 85.25 0.7
      vertex 53.7247 85.1464 0
      vertex 53.7214 85.1514 0
    endloop
  endfacet
  facet normal 0.800463 0.534832 -0.27058
    outer loop
      vertex 53.7247 85.1464 0
      vertex 53.8921 85.25 0.7
      vertex 54.1319 84.8911 0.7
    endloop
  endfacet
  facet normal -0.187896 0.944172 -0.270619
    outer loop
      vertex 57.6492 83.5208 0
      vertex 57.2065 83.4327 0
      vertex 57.1807 83.6282 0.7
    endloop
  endfacet
  facet normal -0.0629188 0.960631 -0.270609
    outer loop
      vertex 57.1807 83.6282 0.7
      vertex 57.2065 83.4327 0
      vertex 56.7561 83.4032 0
    endloop
  endfacet
  facet normal -0.425917 0.86335 -0.270595
    outer loop
      vertex 58.4931 83.8687 0
      vertex 58.0883 83.669 0
      vertex 58.0129 83.8512 0.7
    endloop
  endfacet
  facet normal -0.30951 0.911583 -0.270591
    outer loop
      vertex 57.6609 83.5239 0
      vertex 57.6041 83.7124 0.7
      vertex 58.0129 83.8512 0.7
    endloop
  endfacet
  facet normal -0.299688 0.914836 -0.27067
    outer loop
      vertex 57.6041 83.7124 0.7
      vertex 57.6609 83.5239 0
      vertex 57.6551 83.522 0
    endloop
  endfacet
  facet normal -0.719545 0.639596 -0.270503
    outer loop
      vertex 59.5205 84.7665 0
      vertex 59.3681 84.8911 0.7
      vertex 59.5245 84.771 0
    endloop
  endfacet
  facet normal -0.723774 0.63478 -0.270567
    outer loop
      vertex 59.3681 84.8911 0.7
      vertex 59.5205 84.7665 0
      vertex 59.0835 84.5666 0.7
    endloop
  endfacet
  facet normal -0.723832 0.634686 -0.27063
    outer loop
      vertex 59.5205 84.7665 0
      vertex 59.2229 84.4271 0
      vertex 59.0835 84.5666 0.7
    endloop
  endfacet
  facet normal -0.800482 0.534792 -0.270605
    outer loop
      vertex 59.7753 85.1464 0
      vertex 59.5245 84.771 0
      vertex 59.3681 84.8911 0.7
    endloop
  endfacet
  facet normal -0.914836 0.299688 -0.27067
    outer loop
      vertex 60.1261 85.9891 0
      vertex 59.9376 86.0459 0.7
      vertex 60.128 85.9949 0
    endloop
  endfacet
  facet normal -0.911583 0.30951 -0.270591
    outer loop
      vertex 59.9376 86.0459 0.7
      vertex 60.1261 85.9891 0
      vertex 59.7988 85.6371 0.7
    endloop
  endfacet
  facet normal -0.944172 0.187896 -0.270619
    outer loop
      vertex 60.2173 86.4435 0
      vertex 60.1292 86.0008 0
      vertex 60.0218 86.4693 0.7
    endloop
  endfacet
  facet normal 0.960629 -0.062897 -0.270622
    outer loop
      vertex 53.45 86.9 0.7
      vertex 53.2532 86.9061 0
      vertex 53.4782 87.3307 0.7
    endloop
  endfacet
  facet normal 0.960623 -0.0629917 -0.270621
    outer loop
      vertex 53.2532 86.9061 0
      vertex 53.45 86.9 0.7
      vertex 53.2528 86.9 0
    endloop
  endfacet
  facet normal 0.911583 -0.30951 -0.270591
    outer loop
      vertex 53.5624 87.7541 0.7
      vertex 53.3739 87.8109 0
      vertex 53.7012 88.1629 0.7
    endloop
  endfacet
  facet normal 0.914836 -0.299688 -0.27067
    outer loop
      vertex 53.3739 87.8109 0
      vertex 53.5624 87.7541 0.7
      vertex 53.372 87.8051 0
    endloop
  endfacet
  facet normal 0.72387 -0.634669 -0.270568
    outer loop
      vertex 54.1319 88.9089 0.7
      vertex 53.9795 89.0335 0
      vertex 54.4165 89.2335 0.7
    endloop
  endfacet
  facet normal 0.719545 -0.639596 -0.270503
    outer loop
      vertex 53.9795 89.0335 0
      vertex 54.1319 88.9089 0.7
      vertex 53.9755 89.029 0
    endloop
  endfacet
  facet normal 0.30951 -0.911583 -0.270591
    outer loop
      vertex 55.8391 90.2761 0
      vertex 55.8959 90.0876 0.7
      vertex 55.4871 89.9488 0.7
    endloop
  endfacet
  facet normal 0.299688 -0.914836 -0.27067
    outer loop
      vertex 55.8959 90.0876 0.7
      vertex 55.8391 90.2761 0
      vertex 55.8449 90.278 0
    endloop
  endfacet
  facet normal 0.187896 -0.944172 -0.270619
    outer loop
      vertex 56.2935 90.3673 0
      vertex 56.3193 90.1718 0.7
      vertex 55.8508 90.2792 0
    endloop
  endfacet
  facet normal 0.0629188 -0.960631 -0.270609
    outer loop
      vertex 56.7439 90.3968 0
      vertex 56.3193 90.1718 0.7
      vertex 56.2935 90.3673 0
    endloop
  endfacet
  facet normal -0.914836 -0.299688 -0.27067
    outer loop
      vertex 59.9376 87.7541 0.7
      vertex 60.1261 87.8109 0
      vertex 60.128 87.8051 0
    endloop
  endfacet
  facet normal -0.911583 -0.30951 -0.270591
    outer loop
      vertex 60.1261 87.8109 0
      vertex 59.9376 87.7541 0.7
      vertex 59.7988 88.1629 0.7
    endloop
  endfacet
  facet normal -0.911588 -0.309479 -0.270609
    outer loop
      vertex 59.981 88.2383 0
      vertex 60.1261 87.8109 0
      vertex 59.7988 88.1629 0.7
    endloop
  endfacet
  facet normal -0.800482 -0.534792 -0.270605
    outer loop
      vertex 59.5245 89.029 0
      vertex 59.7753 88.6536 0
      vertex 59.3681 88.9089 0.7
    endloop
  endfacet
  facet normal -0.72385 -0.634702 -0.270546
    outer loop
      vertex 59.2229 89.3729 0
      vertex 59.5205 89.0335 0
      vertex 59.0835 89.2335 0.7
    endloop
  endfacet
  facet normal -0.0629917 -0.960623 -0.270621
    outer loop
      vertex 56.7561 90.3968 0
      vertex 56.75 90.2 0.7
      vertex 56.75 90.3972 0
    endloop
  endfacet
  facet normal -0.062897 -0.960629 -0.270622
    outer loop
      vertex 56.75 90.2 0.7
      vertex 56.7561 90.3968 0
      vertex 57.1807 90.1718 0.7
    endloop
  endfacet
  facet normal -0.309479 -0.911588 -0.270609
    outer loop
      vertex 58.0883 90.131 0
      vertex 58.0129 89.9488 0.7
      vertex 57.6609 90.2761 0
    endloop
  endfacet
  facet normal -0.639596 -0.719545 -0.270503
    outer loop
      vertex 58.8835 89.6705 0
      vertex 58.7589 89.5181 0.7
      vertex 58.879 89.6745 0
    endloop
  endfacet
  facet normal -0.634669 -0.72387 -0.270568
    outer loop
      vertex 58.7589 89.5181 0.7
      vertex 58.8835 89.6705 0
      vertex 59.0835 89.2335 0.7
    endloop
  endfacet
  facet normal -0.634702 -0.72385 -0.270546
    outer loop
      vertex 59.2229 89.3729 0
      vertex 59.0835 89.2335 0.7
      vertex 58.8835 89.6705 0
    endloop
  endfacet
  facet normal 0.0629917 0.960623 -0.270621
    outer loop
      vertex 56.7439 83.4032 0
      vertex 56.75 83.6 0.7
      vertex 56.75 83.4028 0
    endloop
  endfacet
  facet normal 0.062897 0.960629 -0.270622
    outer loop
      vertex 56.75 83.6 0.7
      vertex 56.7439 83.4032 0
      vertex 56.3193 83.6282 0.7
    endloop
  endfacet
  facet normal 0.299688 0.914836 -0.27067
    outer loop
      vertex 55.8391 83.5239 0
      vertex 55.8959 83.7124 0.7
      vertex 55.8449 83.522 0
    endloop
  endfacet
  facet normal 0.30951 0.911583 -0.270591
    outer loop
      vertex 55.8959 83.7124 0.7
      vertex 55.8391 83.5239 0
      vertex 55.4871 83.8512 0.7
    endloop
  endfacet
  facet normal 0.639596 0.719545 -0.270503
    outer loop
      vertex 54.6165 84.1295 0
      vertex 54.7411 84.2819 0.7
      vertex 54.621 84.1255 0
    endloop
  endfacet
  facet normal 0.634795 0.72376 -0.270566
    outer loop
      vertex 54.7411 84.2819 0.7
      vertex 54.6165 84.1295 0
      vertex 54.4165 84.5666 0.7
    endloop
  endfacet
  facet normal 0.634684 0.72383 -0.270642
    outer loop
      vertex 54.4165 84.5666 0.7
      vertex 54.6165 84.1295 0
      vertex 54.2771 84.4271 0
    endloop
  endfacet
  facet normal 0.914836 0.299688 -0.27067
    outer loop
      vertex 53.5624 86.0459 0.7
      vertex 53.3739 85.9891 0
      vertex 53.372 85.9949 0
    endloop
  endfacet
  facet normal 0.911583 0.30951 -0.270591
    outer loop
      vertex 53.3739 85.9891 0
      vertex 53.5624 86.0459 0.7
      vertex 53.7012 85.6371 0.7
    endloop
  endfacet
  facet normal 0.800482 0.534792 -0.270605
    outer loop
      vertex 54.1319 84.8911 0.7
      vertex 53.9755 84.771 0
      vertex 53.7247 85.1464 0
    endloop
  endfacet
  facet normal -0.424245 0.864203 -0.2705
    outer loop
      vertex 58.4931 83.8687 0
      vertex 58.4 84.0421 0.7
      vertex 58.4986 83.8714 0
    endloop
  endfacet
  facet normal -0.425804 0.86343 -0.270516
    outer loop
      vertex 58.4 84.0421 0.7
      vertex 58.4931 83.8687 0
      vertex 58.0129 83.8512 0.7
    endloop
  endfacet
  facet normal -0.534832 0.800463 -0.27058
    outer loop
      vertex 58.5036 83.8747 0
      vertex 58.4 84.0421 0.7
      vertex 58.7589 84.2819 0.7
    endloop
  endfacet
  facet normal -0.530287 0.803466 -0.270626
    outer loop
      vertex 58.4 84.0421 0.7
      vertex 58.5036 83.8747 0
      vertex 58.4986 83.8714 0
    endloop
  endfacet
  facet normal -0.86343 0.425804 -0.270516
    outer loop
      vertex 59.7813 85.1569 0
      vertex 59.6079 85.25 0.7
      vertex 59.7988 85.6371 0.7
    endloop
  endfacet
  facet normal -0.864203 0.424245 -0.2705
    outer loop
      vertex 59.6079 85.25 0.7
      vertex 59.7813 85.1569 0
      vertex 59.7786 85.1514 0
    endloop
  endfacet
  facet normal -0.86335 0.425917 -0.270595
    outer loop
      vertex 59.7988 85.6371 0.7
      vertex 59.981 85.5617 0
      vertex 59.7813 85.1569 0
    endloop
  endfacet
  facet normal -0.803466 0.530287 -0.270626
    outer loop
      vertex 59.7753 85.1464 0
      vertex 59.6079 85.25 0.7
      vertex 59.7786 85.1514 0
    endloop
  endfacet
  facet normal -0.800463 0.534832 -0.27058
    outer loop
      vertex 59.6079 85.25 0.7
      vertex 59.7753 85.1464 0
      vertex 59.3681 84.8911 0.7
    endloop
  endfacet
  facet normal -0.960631 0.0629188 -0.270609
    outer loop
      vertex 60.2468 86.8939 0
      vertex 60.2173 86.4435 0
      vertex 60.0218 86.4693 0.7
    endloop
  endfacet
  facet normal -0.960623 0.0629917 -0.270621
    outer loop
      vertex 60.2468 86.8939 0
      vertex 60.05 86.9 0.7
      vertex 60.2472 86.9 0
    endloop
  endfacet
  facet normal -0.960629 0.062897 -0.270622
    outer loop
      vertex 60.05 86.9 0.7
      vertex 60.2468 86.8939 0
      vertex 60.0218 86.4693 0.7
    endloop
  endfacet
  facet normal 0.944172 -0.187896 -0.270619
    outer loop
      vertex 53.3708 87.7992 0
      vertex 53.4782 87.3307 0.7
      vertex 53.2827 87.3565 0
    endloop
  endfacet
  facet normal 0.864203 -0.424245 -0.2705
    outer loop
      vertex 53.8921 88.55 0.7
      vertex 53.7187 88.6431 0
      vertex 53.7214 88.6486 0
    endloop
  endfacet
  facet normal 0.86343 -0.425804 -0.270516
    outer loop
      vertex 53.7187 88.6431 0
      vertex 53.8921 88.55 0.7
      vertex 53.7012 88.1629 0.7
    endloop
  endfacet
  facet normal 0.911588 -0.309479 -0.270609
    outer loop
      vertex 53.519 88.2383 0
      vertex 53.7012 88.1629 0.7
      vertex 53.3739 87.8109 0
    endloop
  endfacet
  facet normal 0.86335 -0.425917 -0.270595
    outer loop
      vertex 53.7187 88.6431 0
      vertex 53.7012 88.1629 0.7
      vertex 53.519 88.2383 0
    endloop
  endfacet
  facet normal 0.634702 -0.72385 -0.270546
    outer loop
      vertex 54.6165 89.6705 0
      vertex 54.4165 89.2335 0.7
      vertex 54.2771 89.3729 0
    endloop
  endfacet
  facet normal 0.72385 -0.634702 -0.270546
    outer loop
      vertex 54.2771 89.3729 0
      vertex 54.4165 89.2335 0.7
      vertex 53.9795 89.0335 0
    endloop
  endfacet
  facet normal 0.800482 -0.534792 -0.270605
    outer loop
      vertex 53.9755 89.029 0
      vertex 54.1319 88.9089 0.7
      vertex 53.7247 88.6536 0
    endloop
  endfacet
  facet normal 0.309479 -0.911588 -0.270609
    outer loop
      vertex 55.8391 90.2761 0
      vertex 55.4871 89.9488 0.7
      vertex 55.4117 90.131 0
    endloop
  endfacet
  facet normal 0.425917 -0.86335 -0.270595
    outer loop
      vertex 55.4117 90.131 0
      vertex 55.4871 89.9488 0.7
      vertex 55.0069 89.9313 0
    endloop
  endfacet
  facet normal -0.803466 -0.530287 -0.270626
    outer loop
      vertex 59.6079 88.55 0.7
      vertex 59.7753 88.6536 0
      vertex 59.7786 88.6486 0
    endloop
  endfacet
  facet normal -0.800463 -0.534832 -0.27058
    outer loop
      vertex 59.7753 88.6536 0
      vertex 59.6079 88.55 0.7
      vertex 59.3681 88.9089 0.7
    endloop
  endfacet
  facet normal -0.425804 -0.86343 -0.270516
    outer loop
      vertex 58.4931 89.9313 0
      vertex 58.4 89.7579 0.7
      vertex 58.0129 89.9488 0.7
    endloop
  endfacet
  facet normal -0.424245 -0.864203 -0.2705
    outer loop
      vertex 58.4 89.7579 0.7
      vertex 58.4931 89.9313 0
      vertex 58.4986 89.9286 0
    endloop
  endfacet
  facet normal -0.187896 -0.944172 -0.270619
    outer loop
      vertex 57.2065 90.3673 0
      vertex 57.6492 90.2792 0
      vertex 57.1807 90.1718 0.7
    endloop
  endfacet
  facet normal -0.299688 -0.914836 -0.27067
    outer loop
      vertex 57.6609 90.2761 0
      vertex 57.6041 90.0876 0.7
      vertex 57.6551 90.278 0
    endloop
  endfacet
  facet normal -0.30951 -0.911583 -0.270591
    outer loop
      vertex 57.6041 90.0876 0.7
      vertex 57.6609 90.2761 0
      vertex 58.0129 89.9488 0.7
    endloop
  endfacet
  facet normal -0.187773 -0.944218 -0.270544
    outer loop
      vertex 57.6492 90.2792 0
      vertex 57.6041 90.0876 0.7
      vertex 57.1807 90.1718 0.7
    endloop
  endfacet
  facet normal -0.191874 -0.943383 -0.27058
    outer loop
      vertex 57.6041 90.0876 0.7
      vertex 57.6492 90.2792 0
      vertex 57.6551 90.278 0
    endloop
  endfacet
  facet normal 0.187896 0.944172 -0.270619
    outer loop
      vertex 56.3193 83.6282 0.7
      vertex 56.2935 83.4327 0
      vertex 55.8508 83.5208 0
    endloop
  endfacet
  facet normal 0.425804 0.86343 -0.270516
    outer loop
      vertex 55.0069 83.8687 0
      vertex 55.1 84.0421 0.7
      vertex 55.4871 83.8512 0.7
    endloop
  endfacet
  facet normal 0.424245 0.864203 -0.2705
    outer loop
      vertex 55.1 84.0421 0.7
      vertex 55.0069 83.8687 0
      vertex 55.0014 83.8714 0
    endloop
  endfacet
  facet normal 0.309479 0.911588 -0.270609
    outer loop
      vertex 55.4871 83.8512 0.7
      vertex 55.8391 83.5239 0
      vertex 55.4117 83.669 0
    endloop
  endfacet
  facet normal 0.425917 0.86335 -0.270595
    outer loop
      vertex 55.4871 83.8512 0.7
      vertex 55.4117 83.669 0
      vertex 55.0069 83.8687 0
    endloop
  endfacet
  facet normal 0.719545 0.639596 -0.270503
    outer loop
      vertex 54.1319 84.8911 0.7
      vertex 53.9795 84.7665 0
      vertex 53.9755 84.771 0
    endloop
  endfacet
  facet normal 0.723774 0.63478 -0.270567
    outer loop
      vertex 53.9795 84.7665 0
      vertex 54.1319 84.8911 0.7
      vertex 54.4165 84.5666 0.7
    endloop
  endfacet
  facet normal -0.534792 0.800482 -0.270605
    outer loop
      vertex 58.7589 84.2819 0.7
      vertex 58.879 84.1255 0
      vertex 58.5036 83.8747 0
    endloop
  endfacet
  facet normal -0.634795 0.72376 -0.270566
    outer loop
      vertex 58.8835 84.1295 0
      vertex 58.7589 84.2819 0.7
      vertex 59.0835 84.5666 0.7
    endloop
  endfacet
  facet normal -0.639596 0.719545 -0.270503
    outer loop
      vertex 58.7589 84.2819 0.7
      vertex 58.8835 84.1295 0
      vertex 58.879 84.1255 0
    endloop
  endfacet
  facet normal 0.634669 -0.72387 -0.270568
    outer loop
      vertex 54.6165 89.6705 0
      vertex 54.7411 89.5181 0.7
      vertex 54.4165 89.2335 0.7
    endloop
  endfacet
  facet normal 0.639596 -0.719545 -0.270503
    outer loop
      vertex 54.7411 89.5181 0.7
      vertex 54.6165 89.6705 0
      vertex 54.621 89.6745 0
    endloop
  endfacet
  facet normal 0.534832 -0.800463 -0.27058
    outer loop
      vertex 54.9964 89.9253 0
      vertex 55.1 89.7579 0.7
      vertex 54.7411 89.5181 0.7
    endloop
  endfacet
  facet normal 0.530287 -0.803466 -0.270626
    outer loop
      vertex 55.1 89.7579 0.7
      vertex 54.9964 89.9253 0
      vertex 55.0014 89.9286 0
    endloop
  endfacet
  facet normal 0.534792 -0.800482 -0.270605
    outer loop
      vertex 54.9964 89.9253 0
      vertex 54.7411 89.5181 0.7
      vertex 54.621 89.6745 0
    endloop
  endfacet
  facet normal -0.997863 -0.0653349 0
    outer loop
      vertex 60.05 86.9 0.7
      vertex 60.0218 87.3307 4.56
      vertex 60.0218 87.3307 0.7
    endloop
  endfacet
  facet normal -0.997863 -0.0653349 0
    outer loop
      vertex 60.0218 87.3307 4.56
      vertex 60.05 86.9 0.7
      vertex 60.05 86.9 4.56
    endloop
  endfacet
  facet normal 0.997863 -0.0653349 0
    outer loop
      vertex 53.45 86.9 4.56
      vertex 53.4782 87.3307 0.7
      vertex 53.4782 87.3307 4.56
    endloop
  endfacet
  facet normal 0.997863 -0.0653349 0
    outer loop
      vertex 53.4782 87.3307 0.7
      vertex 53.45 86.9 4.56
      vertex 53.45 86.9 0.7
    endloop
  endfacet
  facet normal 0.0653349 -0.997863 0
    outer loop
      vertex 56.3193 90.1718 0.7
      vertex 56.75 90.2 4.56
      vertex 56.3193 90.1718 4.56
    endloop
  endfacet
  facet normal 0.0653349 -0.997863 0
    outer loop
      vertex 56.75 90.2 4.56
      vertex 56.3193 90.1718 0.7
      vertex 56.75 90.2 0.7
    endloop
  endfacet
  facet normal -0.0653349 0.997863 0
    outer loop
      vertex 57.1807 83.6282 0.7
      vertex 56.75 83.6 4.56
      vertex 57.1807 83.6282 4.56
    endloop
  endfacet
  facet normal -0.0653349 0.997863 0
    outer loop
      vertex 56.75 83.6 4.56
      vertex 57.1807 83.6282 0.7
      vertex 56.75 83.6 0.7
    endloop
  endfacet
  facet normal -0.659259 -0.751916 0
    outer loop
      vertex 58.7589 89.5181 0.7
      vertex 59.0835 89.2335 4.56
      vertex 58.7589 89.5181 4.56
    endloop
  endfacet
  facet normal -0.659259 -0.751916 -0
    outer loop
      vertex 59.0835 89.2335 4.56
      vertex 58.7589 89.5181 0.7
      vertex 59.0835 89.2335 0.7
    endloop
  endfacet
  facet normal 0.659259 -0.751916 0
    outer loop
      vertex 54.4165 89.2335 0.7
      vertex 54.7411 89.5181 4.56
      vertex 54.4165 89.2335 4.56
    endloop
  endfacet
  facet normal 0.659259 -0.751916 0
    outer loop
      vertex 54.7411 89.5181 4.56
      vertex 54.4165 89.2335 0.7
      vertex 54.7411 89.5181 0.7
    endloop
  endfacet
  facet normal 0.321504 -0.946908 0
    outer loop
      vertex 55.4871 89.9488 0.7
      vertex 55.8959 90.0876 4.56
      vertex 55.4871 89.9488 4.56
    endloop
  endfacet
  facet normal 0.321504 -0.946908 0
    outer loop
      vertex 55.8959 90.0876 4.56
      vertex 55.4871 89.9488 0.7
      vertex 55.8959 90.0876 0.7
    endloop
  endfacet
  facet normal -0.89687 -0.442295 0
    outer loop
      vertex 59.7988 88.1629 0.7
      vertex 59.6079 88.55 4.56
      vertex 59.6079 88.55 0.7
    endloop
  endfacet
  facet normal -0.89687 -0.442295 0
    outer loop
      vertex 59.6079 88.55 4.56
      vertex 59.7988 88.1629 0.7
      vertex 59.7988 88.1629 4.56
    endloop
  endfacet
  facet normal -0.321504 -0.946908 0
    outer loop
      vertex 57.6041 90.0876 0.7
      vertex 58.0129 89.9488 4.56
      vertex 57.6041 90.0876 4.56
    endloop
  endfacet
  facet normal -0.321504 -0.946908 -0
    outer loop
      vertex 58.0129 89.9488 4.56
      vertex 57.6041 90.0876 0.7
      vertex 58.0129 89.9488 0.7
    endloop
  endfacet
  facet normal -0.195047 -0.980794 0
    outer loop
      vertex 57.1807 90.1718 0.7
      vertex 57.6041 90.0876 4.56
      vertex 57.1807 90.1718 4.56
    endloop
  endfacet
  facet normal -0.195047 -0.980794 -0
    outer loop
      vertex 57.6041 90.0876 4.56
      vertex 57.1807 90.1718 0.7
      vertex 57.6041 90.0876 0.7
    endloop
  endfacet
  facet normal -0.442295 -0.89687 0
    outer loop
      vertex 58.0129 89.9488 0.7
      vertex 58.4 89.7579 4.56
      vertex 58.0129 89.9488 4.56
    endloop
  endfacet
  facet normal -0.442295 -0.89687 -0
    outer loop
      vertex 58.4 89.7579 4.56
      vertex 58.0129 89.9488 0.7
      vertex 58.4 89.7579 0.7
    endloop
  endfacet
  facet normal 0.89687 -0.442295 0
    outer loop
      vertex 53.7012 88.1629 4.56
      vertex 53.8921 88.55 0.7
      vertex 53.8921 88.55 4.56
    endloop
  endfacet
  facet normal 0.89687 -0.442295 0
    outer loop
      vertex 53.8921 88.55 0.7
      vertex 53.7012 88.1629 4.56
      vertex 53.7012 88.1629 0.7
    endloop
  endfacet
  facet normal 0 0 -1
    outer loop
      vertex 60.0218 86.4693 4.56
      vertex 60.0218 87.3307 4.56
      vertex 60.05 86.9 4.56
    endloop
  endfacet
  facet normal 0 0 -1
    outer loop
      vertex 59.9376 86.0459 4.56
      vertex 60.0218 87.3307 4.56
      vertex 60.0218 86.4693 4.56
    endloop
  endfacet
  facet normal 0 0 -1
    outer loop
      vertex 59.9376 86.0459 4.56
      vertex 59.9376 87.7541 4.56
      vertex 60.0218 87.3307 4.56
    endloop
  endfacet
  facet normal 0 0 -1
    outer loop
      vertex 59.7988 85.6371 4.56
      vertex 59.9376 87.7541 4.56
      vertex 59.9376 86.0459 4.56
    endloop
  endfacet
  facet normal 0 0 -1
    outer loop
      vertex 59.7988 85.6371 4.56
      vertex 59.7988 88.1629 4.56
      vertex 59.9376 87.7541 4.56
    endloop
  endfacet
  facet normal 0 0 -1
    outer loop
      vertex 59.6079 85.25 4.56
      vertex 59.7988 88.1629 4.56
      vertex 59.7988 85.6371 4.56
    endloop
  endfacet
  facet normal 0 0 -1
    outer loop
      vertex 59.6079 85.25 4.56
      vertex 59.6079 88.55 4.56
      vertex 59.7988 88.1629 4.56
    endloop
  endfacet
  facet normal 0 0 -1
    outer loop
      vertex 59.3681 84.8911 4.56
      vertex 59.6079 88.55 4.56
      vertex 59.6079 85.25 4.56
    endloop
  endfacet
  facet normal 0 0 -1
    outer loop
      vertex 59.3681 84.8911 4.56
      vertex 59.3681 88.9089 4.56
      vertex 59.6079 88.55 4.56
    endloop
  endfacet
  facet normal 0 0 -1
    outer loop
      vertex 59.0835 84.5666 4.56
      vertex 59.3681 88.9089 4.56
      vertex 59.3681 84.8911 4.56
    endloop
  endfacet
  facet normal 0 0 -1
    outer loop
      vertex 59.0835 84.5666 4.56
      vertex 59.0835 89.2335 4.56
      vertex 59.3681 88.9089 4.56
    endloop
  endfacet
  facet normal 0 0 -1
    outer loop
      vertex 58.7589 84.2819 4.56
      vertex 59.0835 89.2335 4.56
      vertex 59.0835 84.5666 4.56
    endloop
  endfacet
  facet normal 0 0 -1
    outer loop
      vertex 58.7589 84.2819 4.56
      vertex 58.7589 89.5181 4.56
      vertex 59.0835 89.2335 4.56
    endloop
  endfacet
  facet normal 0 0 -1
    outer loop
      vertex 58.4 84.0421 4.56
      vertex 58.7589 89.5181 4.56
      vertex 58.7589 84.2819 4.56
    endloop
  endfacet
  facet normal 0 0 -1
    outer loop
      vertex 58.4 84.0421 4.56
      vertex 58.4 89.7579 4.56
      vertex 58.7589 89.5181 4.56
    endloop
  endfacet
  facet normal 0 0 -1
    outer loop
      vertex 58.0129 83.8512 4.56
      vertex 58.4 89.7579 4.56
      vertex 58.4 84.0421 4.56
    endloop
  endfacet
  facet normal 0 0 -1
    outer loop
      vertex 58.0129 83.8512 4.56
      vertex 58.0129 89.9488 4.56
      vertex 58.4 89.7579 4.56
    endloop
  endfacet
  facet normal 0 0 -1
    outer loop
      vertex 57.6041 83.7124 4.56
      vertex 58.0129 89.9488 4.56
      vertex 58.0129 83.8512 4.56
    endloop
  endfacet
  facet normal 0 0 -1
    outer loop
      vertex 57.6041 83.7124 4.56
      vertex 57.6041 90.0876 4.56
      vertex 58.0129 89.9488 4.56
    endloop
  endfacet
  facet normal 0 0 -1
    outer loop
      vertex 57.1807 83.6282 4.56
      vertex 57.6041 90.0876 4.56
      vertex 57.6041 83.7124 4.56
    endloop
  endfacet
  facet normal 0 0 -1
    outer loop
      vertex 57.1807 83.6282 4.56
      vertex 57.1807 90.1718 4.56
      vertex 57.6041 90.0876 4.56
    endloop
  endfacet
  facet normal 0 0 -1
    outer loop
      vertex 56.75 83.6 4.56
      vertex 57.1807 90.1718 4.56
      vertex 57.1807 83.6282 4.56
    endloop
  endfacet
  facet normal 0 0 -1
    outer loop
      vertex 56.75 83.6 4.56
      vertex 56.75 90.2 4.56
      vertex 57.1807 90.1718 4.56
    endloop
  endfacet
  facet normal 0 0 -1
    outer loop
      vertex 56.3193 83.6282 4.56
      vertex 56.75 90.2 4.56
      vertex 56.75 83.6 4.56
    endloop
  endfacet
  facet normal 0 0 -1
    outer loop
      vertex 56.3193 83.6282 4.56
      vertex 56.3193 90.1718 4.56
      vertex 56.75 90.2 4.56
    endloop
  endfacet
  facet normal 0 0 -1
    outer loop
      vertex 55.8959 83.7124 4.56
      vertex 56.3193 90.1718 4.56
      vertex 56.3193 83.6282 4.56
    endloop
  endfacet
  facet normal 0 0 -1
    outer loop
      vertex 55.8959 83.7124 4.56
      vertex 55.8959 90.0876 4.56
      vertex 56.3193 90.1718 4.56
    endloop
  endfacet
  facet normal 0 0 -1
    outer loop
      vertex 55.4871 83.8512 4.56
      vertex 55.8959 90.0876 4.56
      vertex 55.8959 83.7124 4.56
    endloop
  endfacet
  facet normal 0 0 -1
    outer loop
      vertex 55.4871 83.8512 4.56
      vertex 55.4871 89.9488 4.56
      vertex 55.8959 90.0876 4.56
    endloop
  endfacet
  facet normal 0 0 -1
    outer loop
      vertex 55.1 84.0421 4.56
      vertex 55.4871 89.9488 4.56
      vertex 55.4871 83.8512 4.56
    endloop
  endfacet
  facet normal 0 0 -1
    outer loop
      vertex 55.1 84.0421 4.56
      vertex 55.1 89.7579 4.56
      vertex 55.4871 89.9488 4.56
    endloop
  endfacet
  facet normal 0 0 -1
    outer loop
      vertex 54.7411 84.2819 4.56
      vertex 55.1 89.7579 4.56
      vertex 55.1 84.0421 4.56
    endloop
  endfacet
  facet normal 0 0 -1
    outer loop
      vertex 54.7411 84.2819 4.56
      vertex 54.7411 89.5181 4.56
      vertex 55.1 89.7579 4.56
    endloop
  endfacet
  facet normal 0 0 -1
    outer loop
      vertex 54.4165 84.5666 4.56
      vertex 54.7411 89.5181 4.56
      vertex 54.7411 84.2819 4.56
    endloop
  endfacet
  facet normal 0 0 -1
    outer loop
      vertex 54.4165 84.5666 4.56
      vertex 54.4165 89.2335 4.56
      vertex 54.7411 89.5181 4.56
    endloop
  endfacet
  facet normal 0 0 -1
    outer loop
      vertex 54.1319 84.8911 4.56
      vertex 54.4165 89.2335 4.56
      vertex 54.4165 84.5666 4.56
    endloop
  endfacet
  facet normal 0 0 -1
    outer loop
      vertex 54.1319 84.8911 4.56
      vertex 54.1319 88.9089 4.56
      vertex 54.4165 89.2335 4.56
    endloop
  endfacet
  facet normal 0 0 -1
    outer loop
      vertex 53.8921 85.25 4.56
      vertex 54.1319 88.9089 4.56
      vertex 54.1319 84.8911 4.56
    endloop
  endfacet
  facet normal 0 0 -1
    outer loop
      vertex 53.8921 85.25 4.56
      vertex 53.8921 88.55 4.56
      vertex 54.1319 88.9089 4.56
    endloop
  endfacet
  facet normal 0 0 -1
    outer loop
      vertex 53.7012 85.6371 4.56
      vertex 53.8921 88.55 4.56
      vertex 53.8921 85.25 4.56
    endloop
  endfacet
  facet normal 0 0 -1
    outer loop
      vertex 53.7012 85.6371 4.56
      vertex 53.7012 88.1629 4.56
      vertex 53.8921 88.55 4.56
    endloop
  endfacet
  facet normal 0 0 -1
    outer loop
      vertex 53.5624 86.0459 4.56
      vertex 53.7012 88.1629 4.56
      vertex 53.7012 85.6371 4.56
    endloop
  endfacet
  facet normal 0 0 -1
    outer loop
      vertex 53.5624 86.0459 4.56
      vertex 53.5624 87.7541 4.56
      vertex 53.7012 88.1629 4.56
    endloop
  endfacet
  facet normal 0 0 -1
    outer loop
      vertex 53.4782 86.4693 4.56
      vertex 53.5624 87.7541 4.56
      vertex 53.5624 86.0459 4.56
    endloop
  endfacet
  facet normal 0 0 -1
    outer loop
      vertex 53.4782 86.4693 4.56
      vertex 53.4782 87.3307 4.56
      vertex 53.5624 87.7541 4.56
    endloop
  endfacet
  facet normal 0 -0 -1
    outer loop
      vertex 53.4782 87.3307 4.56
      vertex 53.4782 86.4693 4.56
      vertex 53.45 86.9 4.56
    endloop
  endfacet
  facet normal 0.442295 -0.89687 0
    outer loop
      vertex 55.1 89.7579 0.7
      vertex 55.4871 89.9488 4.56
      vertex 55.1 89.7579 4.56
    endloop
  endfacet
  facet normal 0.442295 -0.89687 0
    outer loop
      vertex 55.4871 89.9488 4.56
      vertex 55.1 89.7579 0.7
      vertex 55.4871 89.9488 0.7
    endloop
  endfacet
  facet normal 0.195047 -0.980794 0
    outer loop
      vertex 55.8959 90.0876 0.7
      vertex 56.3193 90.1718 4.56
      vertex 55.8959 90.0876 4.56
    endloop
  endfacet
  facet normal 0.195047 -0.980794 0
    outer loop
      vertex 56.3193 90.1718 4.56
      vertex 55.8959 90.0876 0.7
      vertex 56.3193 90.1718 0.7
    endloop
  endfacet
  facet normal -0.195047 0.980794 0
    outer loop
      vertex 57.6041 83.7124 0.7
      vertex 57.1807 83.6282 4.56
      vertex 57.6041 83.7124 4.56
    endloop
  endfacet
  facet normal -0.195047 0.980794 0
    outer loop
      vertex 57.1807 83.6282 4.56
      vertex 57.6041 83.7124 0.7
      vertex 57.1807 83.6282 0.7
    endloop
  endfacet
  facet normal -0.946908 -0.321504 0
    outer loop
      vertex 59.9376 87.7541 0.7
      vertex 59.7988 88.1629 4.56
      vertex 59.7988 88.1629 0.7
    endloop
  endfacet
  facet normal -0.946908 -0.321504 0
    outer loop
      vertex 59.7988 88.1629 4.56
      vertex 59.9376 87.7541 0.7
      vertex 59.9376 87.7541 4.56
    endloop
  endfacet
  facet normal -0.980794 -0.195047 0
    outer loop
      vertex 60.0218 87.3307 0.7
      vertex 59.9376 87.7541 4.56
      vertex 59.9376 87.7541 0.7
    endloop
  endfacet
  facet normal -0.980794 -0.195047 0
    outer loop
      vertex 59.9376 87.7541 4.56
      vertex 60.0218 87.3307 0.7
      vertex 60.0218 87.3307 4.56
    endloop
  endfacet
  facet normal -0.751916 -0.659259 0
    outer loop
      vertex 59.3681 88.9089 0.7
      vertex 59.0835 89.2335 4.56
      vertex 59.0835 89.2335 0.7
    endloop
  endfacet
  facet normal -0.751916 -0.659259 0
    outer loop
      vertex 59.0835 89.2335 4.56
      vertex 59.3681 88.9089 0.7
      vertex 59.3681 88.9089 4.56
    endloop
  endfacet
  facet normal -0.83148 -0.555555 0
    outer loop
      vertex 59.6079 88.55 0.7
      vertex 59.3681 88.9089 4.56
      vertex 59.3681 88.9089 0.7
    endloop
  endfacet
  facet normal -0.83148 -0.555555 0
    outer loop
      vertex 59.3681 88.9089 4.56
      vertex 59.6079 88.55 0.7
      vertex 59.6079 88.55 4.56
    endloop
  endfacet
  facet normal -0.0653349 -0.997863 0
    outer loop
      vertex 56.75 90.2 0.7
      vertex 57.1807 90.1718 4.56
      vertex 56.75 90.2 4.56
    endloop
  endfacet
  facet normal -0.0653349 -0.997863 -0
    outer loop
      vertex 57.1807 90.1718 4.56
      vertex 56.75 90.2 0.7
      vertex 57.1807 90.1718 0.7
    endloop
  endfacet
  facet normal -0.555555 -0.83148 0
    outer loop
      vertex 58.4 89.7579 0.7
      vertex 58.7589 89.5181 4.56
      vertex 58.4 89.7579 4.56
    endloop
  endfacet
  facet normal -0.555555 -0.83148 -0
    outer loop
      vertex 58.7589 89.5181 4.56
      vertex 58.4 89.7579 0.7
      vertex 58.7589 89.5181 0.7
    endloop
  endfacet
  facet normal 0.83148 -0.555555 0
    outer loop
      vertex 53.8921 88.55 4.56
      vertex 54.1319 88.9089 0.7
      vertex 54.1319 88.9089 4.56
    endloop
  endfacet
  facet normal 0.83148 -0.555555 0
    outer loop
      vertex 54.1319 88.9089 0.7
      vertex 53.8921 88.55 4.56
      vertex 53.8921 88.55 0.7
    endloop
  endfacet
  facet normal 0.751916 -0.659259 0
    outer loop
      vertex 54.1319 88.9089 4.56
      vertex 54.4165 89.2335 0.7
      vertex 54.4165 89.2335 4.56
    endloop
  endfacet
  facet normal 0.751916 -0.659259 0
    outer loop
      vertex 54.4165 89.2335 0.7
      vertex 54.1319 88.9089 4.56
      vertex 54.1319 88.9089 0.7
    endloop
  endfacet
  facet normal 0.946908 -0.321504 0
    outer loop
      vertex 53.5624 87.7541 4.56
      vertex 53.7012 88.1629 0.7
      vertex 53.7012 88.1629 4.56
    endloop
  endfacet
  facet normal 0.946908 -0.321504 0
    outer loop
      vertex 53.7012 88.1629 0.7
      vertex 53.5624 87.7541 4.56
      vertex 53.5624 87.7541 0.7
    endloop
  endfacet
  facet normal 0.980794 -0.195047 0
    outer loop
      vertex 53.4782 87.3307 4.56
      vertex 53.5624 87.7541 0.7
      vertex 53.5624 87.7541 4.56
    endloop
  endfacet
  facet normal 0.980794 -0.195047 0
    outer loop
      vertex 53.5624 87.7541 0.7
      vertex 53.4782 87.3307 4.56
      vertex 53.4782 87.3307 0.7
    endloop
  endfacet
  facet normal 0.555555 -0.83148 0
    outer loop
      vertex 54.7411 89.5181 0.7
      vertex 55.1 89.7579 4.56
      vertex 54.7411 89.5181 4.56
    endloop
  endfacet
  facet normal 0.555555 -0.83148 0
    outer loop
      vertex 55.1 89.7579 4.56
      vertex 54.7411 89.5181 0.7
      vertex 55.1 89.7579 0.7
    endloop
  endfacet
  facet normal -0.997863 0.0653349 0
    outer loop
      vertex 60.0218 86.4693 0.7
      vertex 60.05 86.9 4.56
      vertex 60.05 86.9 0.7
    endloop
  endfacet
  facet normal -0.997863 0.0653349 0
    outer loop
      vertex 60.05 86.9 4.56
      vertex 60.0218 86.4693 0.7
      vertex 60.0218 86.4693 4.56
    endloop
  endfacet
  facet normal -0.751816 0.659373 0
    outer loop
      vertex 59.0835 84.5666 0.7
      vertex 59.3681 84.8911 4.56
      vertex 59.3681 84.8911 0.7
    endloop
  endfacet
  facet normal -0.751816 0.659373 0
    outer loop
      vertex 59.3681 84.8911 4.56
      vertex 59.0835 84.5666 0.7
      vertex 59.0835 84.5666 4.56
    endloop
  endfacet
  facet normal -0.946908 0.321504 0
    outer loop
      vertex 59.7988 85.6371 0.7
      vertex 59.9376 86.0459 4.56
      vertex 59.9376 86.0459 0.7
    endloop
  endfacet
  facet normal -0.946908 0.321504 0
    outer loop
      vertex 59.9376 86.0459 4.56
      vertex 59.7988 85.6371 0.7
      vertex 59.7988 85.6371 4.56
    endloop
  endfacet
  facet normal -0.980794 0.195047 0
    outer loop
      vertex 59.9376 86.0459 0.7
      vertex 60.0218 86.4693 4.56
      vertex 60.0218 86.4693 0.7
    endloop
  endfacet
  facet normal -0.980794 0.195047 0
    outer loop
      vertex 60.0218 86.4693 4.56
      vertex 59.9376 86.0459 0.7
      vertex 59.9376 86.0459 4.56
    endloop
  endfacet
  facet normal 0.65939 0.751801 -0
    outer loop
      vertex 54.7411 84.2819 0.7
      vertex 54.4165 84.5666 4.56
      vertex 54.7411 84.2819 4.56
    endloop
  endfacet
  facet normal 0.65939 0.751801 0
    outer loop
      vertex 54.4165 84.5666 4.56
      vertex 54.7411 84.2819 0.7
      vertex 54.4165 84.5666 0.7
    endloop
  endfacet
  facet normal 0.89687 0.442295 0
    outer loop
      vertex 53.8921 85.25 4.56
      vertex 53.7012 85.6371 0.7
      vertex 53.7012 85.6371 4.56
    endloop
  endfacet
  facet normal 0.89687 0.442295 0
    outer loop
      vertex 53.7012 85.6371 0.7
      vertex 53.8921 85.25 4.56
      vertex 53.8921 85.25 0.7
    endloop
  endfacet
  facet normal 0.83148 0.555555 0
    outer loop
      vertex 54.1319 84.8911 4.56
      vertex 53.8921 85.25 0.7
      vertex 53.8921 85.25 4.56
    endloop
  endfacet
  facet normal 0.83148 0.555555 0
    outer loop
      vertex 53.8921 85.25 0.7
      vertex 54.1319 84.8911 4.56
      vertex 54.1319 84.8911 0.7
    endloop
  endfacet
  facet normal 0.997863 0.0653349 0
    outer loop
      vertex 53.4782 86.4693 4.56
      vertex 53.45 86.9 0.7
      vertex 53.45 86.9 4.56
    endloop
  endfacet
  facet normal 0.997863 0.0653349 0
    outer loop
      vertex 53.45 86.9 0.7
      vertex 53.4782 86.4693 4.56
      vertex 53.4782 86.4693 0.7
    endloop
  endfacet
  facet normal -0.83148 0.555555 0
    outer loop
      vertex 59.3681 84.8911 0.7
      vertex 59.6079 85.25 4.56
      vertex 59.6079 85.25 0.7
    endloop
  endfacet
  facet normal -0.83148 0.555555 0
    outer loop
      vertex 59.6079 85.25 4.56
      vertex 59.3681 84.8911 0.7
      vertex 59.3681 84.8911 4.56
    endloop
  endfacet
  facet normal 0.751816 0.659373 0
    outer loop
      vertex 54.4165 84.5666 4.56
      vertex 54.1319 84.8911 0.7
      vertex 54.1319 84.8911 4.56
    endloop
  endfacet
  facet normal 0.751816 0.659373 0
    outer loop
      vertex 54.1319 84.8911 0.7
      vertex 54.4165 84.5666 4.56
      vertex 54.4165 84.5666 0.7
    endloop
  endfacet
  facet normal 0.980794 0.195047 0
    outer loop
      vertex 53.5624 86.0459 4.56
      vertex 53.4782 86.4693 0.7
      vertex 53.4782 86.4693 4.56
    endloop
  endfacet
  facet normal 0.980794 0.195047 0
    outer loop
      vertex 53.4782 86.4693 0.7
      vertex 53.5624 86.0459 4.56
      vertex 53.5624 86.0459 0.7
    endloop
  endfacet
  facet normal 0.946908 0.321504 0
    outer loop
      vertex 53.7012 85.6371 4.56
      vertex 53.5624 86.0459 0.7
      vertex 53.5624 86.0459 4.56
    endloop
  endfacet
  facet normal 0.946908 0.321504 0
    outer loop
      vertex 53.5624 86.0459 0.7
      vertex 53.7012 85.6371 4.56
      vertex 53.7012 85.6371 0.7
    endloop
  endfacet
  facet normal -0.442295 0.89687 0
    outer loop
      vertex 58.4 84.0421 0.7
      vertex 58.0129 83.8512 4.56
      vertex 58.4 84.0421 4.56
    endloop
  endfacet
  facet normal -0.442295 0.89687 0
    outer loop
      vertex 58.0129 83.8512 4.56
      vertex 58.4 84.0421 0.7
      vertex 58.0129 83.8512 0.7
    endloop
  endfacet
  facet normal -0.321504 0.946908 0
    outer loop
      vertex 58.0129 83.8512 0.7
      vertex 57.6041 83.7124 4.56
      vertex 58.0129 83.8512 4.56
    endloop
  endfacet
  facet normal -0.321504 0.946908 0
    outer loop
      vertex 57.6041 83.7124 4.56
      vertex 58.0129 83.8512 0.7
      vertex 57.6041 83.7124 0.7
    endloop
  endfacet
  facet normal -0.89687 0.442295 0
    outer loop
      vertex 59.6079 85.25 0.7
      vertex 59.7988 85.6371 4.56
      vertex 59.7988 85.6371 0.7
    endloop
  endfacet
  facet normal -0.89687 0.442295 0
    outer loop
      vertex 59.7988 85.6371 4.56
      vertex 59.6079 85.25 0.7
      vertex 59.6079 85.25 4.56
    endloop
  endfacet
  facet normal -0.65939 0.751801 0
    outer loop
      vertex 59.0835 84.5666 0.7
      vertex 58.7589 84.2819 4.56
      vertex 59.0835 84.5666 4.56
    endloop
  endfacet
  facet normal -0.65939 0.751801 0
    outer loop
      vertex 58.7589 84.2819 4.56
      vertex 59.0835 84.5666 0.7
      vertex 58.7589 84.2819 0.7
    endloop
  endfacet
  facet normal -0.555555 0.83148 0
    outer loop
      vertex 58.7589 84.2819 0.7
      vertex 58.4 84.0421 4.56
      vertex 58.7589 84.2819 4.56
    endloop
  endfacet
  facet normal -0.555555 0.83148 0
    outer loop
      vertex 58.4 84.0421 4.56
      vertex 58.7589 84.2819 0.7
      vertex 58.4 84.0421 0.7
    endloop
  endfacet
  facet normal 0.442295 0.89687 -0
    outer loop
      vertex 55.4871 83.8512 0.7
      vertex 55.1 84.0421 4.56
      vertex 55.4871 83.8512 4.56
    endloop
  endfacet
  facet normal 0.442295 0.89687 0
    outer loop
      vertex 55.1 84.0421 4.56
      vertex 55.4871 83.8512 0.7
      vertex 55.1 84.0421 0.7
    endloop
  endfacet
  facet normal 0.195047 0.980794 -0
    outer loop
      vertex 56.3193 83.6282 0.7
      vertex 55.8959 83.7124 4.56
      vertex 56.3193 83.6282 4.56
    endloop
  endfacet
  facet normal 0.195047 0.980794 0
    outer loop
      vertex 55.8959 83.7124 4.56
      vertex 56.3193 83.6282 0.7
      vertex 55.8959 83.7124 0.7
    endloop
  endfacet
  facet normal 0.321504 0.946908 -0
    outer loop
      vertex 55.8959 83.7124 0.7
      vertex 55.4871 83.8512 4.56
      vertex 55.8959 83.7124 4.56
    endloop
  endfacet
  facet normal 0.321504 0.946908 0
    outer loop
      vertex 55.4871 83.8512 4.56
      vertex 55.8959 83.7124 0.7
      vertex 55.4871 83.8512 0.7
    endloop
  endfacet
  facet normal 0.0653349 0.997863 -0
    outer loop
      vertex 56.75 83.6 0.7
      vertex 56.3193 83.6282 4.56
      vertex 56.75 83.6 4.56
    endloop
  endfacet
  facet normal 0.0653349 0.997863 0
    outer loop
      vertex 56.3193 83.6282 4.56
      vertex 56.75 83.6 0.7
      vertex 56.3193 83.6282 0.7
    endloop
  endfacet
  facet normal 0.555555 0.83148 -0
    outer loop
      vertex 55.1 84.0421 0.7
      vertex 54.7411 84.2819 4.56
      vertex 55.1 84.0421 4.56
    endloop
  endfacet
  facet normal 0.555555 0.83148 0
    outer loop
      vertex 54.7411 84.2819 4.56
      vertex 55.1 84.0421 0.7
      vertex 54.7411 84.2819 0.7
    endloop
  endfacet
  facet normal -0.997851 -0.0655224 0
    outer loop
      vertex 59.55 86.9 4.85
      vertex 59.526 87.2655 6.8
      vertex 59.526 87.2655 4.85
    endloop
  endfacet
  facet normal -0.997851 -0.0655224 0
    outer loop
      vertex 59.526 87.2655 6.8
      vertex 59.55 86.9 4.85
      vertex 59.55 86.9 6.8
    endloop
  endfacet
  facet normal 0.997851 -0.0655224 0
    outer loop
      vertex 53.95 86.9 6.8
      vertex 53.974 87.2655 4.85
      vertex 53.974 87.2655 6.8
    endloop
  endfacet
  facet normal 0.997851 -0.0655224 0
    outer loop
      vertex 53.974 87.2655 4.85
      vertex 53.95 86.9 6.8
      vertex 53.95 86.9 4.85
    endloop
  endfacet
  facet normal -0.0655224 -0.997851 0
    outer loop
      vertex 56.75 89.7 4.85
      vertex 57.1155 89.676 6.8
      vertex 56.75 89.7 6.8
    endloop
  endfacet
  facet normal -0.0655224 -0.997851 -0
    outer loop
      vertex 57.1155 89.676 6.8
      vertex 56.75 89.7 4.85
      vertex 57.1155 89.676 4.85
    endloop
  endfacet
  facet normal 0.0655224 0.997851 -0
    outer loop
      vertex 56.75 84.1 4.85
      vertex 56.3845 84.124 6.8
      vertex 56.75 84.1 6.8
    endloop
  endfacet
  facet normal 0.0655224 0.997851 0
    outer loop
      vertex 56.3845 84.124 6.8
      vertex 56.75 84.1 4.85
      vertex 56.3845 84.124 4.85
    endloop
  endfacet
  facet normal -0.659316 -0.751866 0
    outer loop
      vertex 58.4545 89.1214 4.85
      vertex 58.7299 88.8799 6.8
      vertex 58.4545 89.1214 6.8
    endloop
  endfacet
  facet normal -0.659316 -0.751866 -0
    outer loop
      vertex 58.7299 88.8799 6.8
      vertex 58.4545 89.1214 4.85
      vertex 58.7299 88.8799 4.85
    endloop
  endfacet
  facet normal 0.659316 -0.751866 0
    outer loop
      vertex 54.7701 88.8799 4.85
      vertex 55.0455 89.1214 6.8
      vertex 54.7701 88.8799 6.8
    endloop
  endfacet
  facet normal 0.659316 -0.751866 0
    outer loop
      vertex 55.0455 89.1214 6.8
      vertex 54.7701 88.8799 4.85
      vertex 55.0455 89.1214 4.85
    endloop
  endfacet
  facet normal 0.321384 -0.946949 0
    outer loop
      vertex 55.6785 89.4869 4.85
      vertex 56.0253 89.6046 6.8
      vertex 55.6785 89.4869 6.8
    endloop
  endfacet
  facet normal 0.321384 -0.946949 0
    outer loop
      vertex 56.0253 89.6046 6.8
      vertex 55.6785 89.4869 4.85
      vertex 56.0253 89.6046 4.85
    endloop
  endfacet
  facet normal -0.896871 -0.442292 0
    outer loop
      vertex 59.3369 87.9715 4.85
      vertex 59.1749 88.3 6.8
      vertex 59.1749 88.3 4.85
    endloop
  endfacet
  facet normal -0.896871 -0.442292 0
    outer loop
      vertex 59.1749 88.3 6.8
      vertex 59.3369 87.9715 4.85
      vertex 59.3369 87.9715 6.8
    endloop
  endfacet
  facet normal -0.83142 -0.555645 0
    outer loop
      vertex 59.1749 88.3 4.85
      vertex 58.9714 88.6045 6.8
      vertex 58.9714 88.6045 4.85
    endloop
  endfacet
  facet normal -0.83142 -0.555645 0
    outer loop
      vertex 58.9714 88.6045 6.8
      vertex 59.1749 88.3 4.85
      vertex 59.1749 88.3 6.8
    endloop
  endfacet
  facet normal -0.442292 -0.896871 0
    outer loop
      vertex 57.8215 89.4869 4.85
      vertex 58.15 89.3249 6.8
      vertex 57.8215 89.4869 6.8
    endloop
  endfacet
  facet normal -0.442292 -0.896871 -0
    outer loop
      vertex 58.15 89.3249 6.8
      vertex 57.8215 89.4869 4.85
      vertex 58.15 89.3249 4.85
    endloop
  endfacet
  facet normal -0.321384 -0.946949 0
    outer loop
      vertex 57.4747 89.6046 4.85
      vertex 57.8215 89.4869 6.8
      vertex 57.4747 89.6046 6.8
    endloop
  endfacet
  facet normal -0.321384 -0.946949 -0
    outer loop
      vertex 57.8215 89.4869 6.8
      vertex 57.4747 89.6046 4.85
      vertex 57.8215 89.4869 4.85
    endloop
  endfacet
  facet normal -0.555645 -0.83142 0
    outer loop
      vertex 58.15 89.3249 4.85
      vertex 58.4545 89.1214 6.8
      vertex 58.15 89.3249 6.8
    endloop
  endfacet
  facet normal -0.555645 -0.83142 -0
    outer loop
      vertex 58.4545 89.1214 6.8
      vertex 58.15 89.3249 4.85
      vertex 58.4545 89.1214 4.85
    endloop
  endfacet
  facet normal 0.896871 -0.442292 0
    outer loop
      vertex 54.1631 87.9715 6.8
      vertex 54.3251 88.3 4.85
      vertex 54.3251 88.3 6.8
    endloop
  endfacet
  facet normal 0.896871 -0.442292 0
    outer loop
      vertex 54.3251 88.3 4.85
      vertex 54.1631 87.9715 6.8
      vertex 54.1631 87.9715 4.85
    endloop
  endfacet
  facet normal 0.751866 -0.659316 0
    outer loop
      vertex 54.5286 88.6045 6.8
      vertex 54.7701 88.8799 4.85
      vertex 54.7701 88.8799 6.8
    endloop
  endfacet
  facet normal 0.751866 -0.659316 0
    outer loop
      vertex 54.7701 88.8799 4.85
      vertex 54.5286 88.6045 6.8
      vertex 54.5286 88.6045 4.85
    endloop
  endfacet
  facet normal 0.946949 -0.321384 0
    outer loop
      vertex 54.0454 87.6247 6.8
      vertex 54.1631 87.9715 4.85
      vertex 54.1631 87.9715 6.8
    endloop
  endfacet
  facet normal 0.946949 -0.321384 0
    outer loop
      vertex 54.1631 87.9715 4.85
      vertex 54.0454 87.6247 6.8
      vertex 54.0454 87.6247 4.85
    endloop
  endfacet
  facet normal 0.194961 -0.980811 0
    outer loop
      vertex 56.0253 89.6046 4.85
      vertex 56.3845 89.676 6.8
      vertex 56.0253 89.6046 6.8
    endloop
  endfacet
  facet normal 0.194961 -0.980811 0
    outer loop
      vertex 56.3845 89.676 6.8
      vertex 56.0253 89.6046 4.85
      vertex 56.3845 89.676 4.85
    endloop
  endfacet
  facet normal 0.442292 0.896871 -0
    outer loop
      vertex 55.6785 84.3131 4.85
      vertex 55.35 84.4751 6.8
      vertex 55.6785 84.3131 6.8
    endloop
  endfacet
  facet normal 0.442292 0.896871 0
    outer loop
      vertex 55.35 84.4751 6.8
      vertex 55.6785 84.3131 4.85
      vertex 55.35 84.4751 4.85
    endloop
  endfacet
  facet normal 0.659316 0.751866 -0
    outer loop
      vertex 55.0455 84.6786 4.85
      vertex 54.7701 84.9201 6.8
      vertex 55.0455 84.6786 6.8
    endloop
  endfacet
  facet normal 0.659316 0.751866 0
    outer loop
      vertex 54.7701 84.9201 6.8
      vertex 55.0455 84.6786 4.85
      vertex 54.7701 84.9201 4.85
    endloop
  endfacet
  facet normal 0.321384 0.946949 -0
    outer loop
      vertex 56.0253 84.1954 4.85
      vertex 55.6785 84.3131 6.8
      vertex 56.0253 84.1954 6.8
    endloop
  endfacet
  facet normal 0.321384 0.946949 0
    outer loop
      vertex 55.6785 84.3131 6.8
      vertex 56.0253 84.1954 4.85
      vertex 55.6785 84.3131 4.85
    endloop
  endfacet
  facet normal 0 0 1
    outer loop
      vertex 59.526 87.2655 4.85
      vertex 59.526 86.5345 4.85
      vertex 59.55 86.9 4.85
    endloop
  endfacet
  facet normal 0 0 1
    outer loop
      vertex 59.4546 87.6247 4.85
      vertex 59.526 86.5345 4.85
      vertex 59.526 87.2655 4.85
    endloop
  endfacet
  facet normal 0 0 1
    outer loop
      vertex 59.4546 87.6247 4.85
      vertex 59.4546 86.1753 4.85
      vertex 59.526 86.5345 4.85
    endloop
  endfacet
  facet normal 0 0 1
    outer loop
      vertex 59.3369 87.9715 4.85
      vertex 59.4546 86.1753 4.85
      vertex 59.4546 87.6247 4.85
    endloop
  endfacet
  facet normal 0 0 1
    outer loop
      vertex 59.3369 87.9715 4.85
      vertex 59.3369 85.8285 4.85
      vertex 59.4546 86.1753 4.85
    endloop
  endfacet
  facet normal 0 0 1
    outer loop
      vertex 59.1749 88.3 4.85
      vertex 59.3369 85.8285 4.85
      vertex 59.3369 87.9715 4.85
    endloop
  endfacet
  facet normal 0 0 1
    outer loop
      vertex 59.1749 88.3 4.85
      vertex 59.1749 85.5 4.85
      vertex 59.3369 85.8285 4.85
    endloop
  endfacet
  facet normal 0 0 1
    outer loop
      vertex 58.9714 88.6045 4.85
      vertex 59.1749 85.5 4.85
      vertex 59.1749 88.3 4.85
    endloop
  endfacet
  facet normal 0 0 1
    outer loop
      vertex 58.9714 88.6045 4.85
      vertex 58.9714 85.1955 4.85
      vertex 59.1749 85.5 4.85
    endloop
  endfacet
  facet normal 0 0 1
    outer loop
      vertex 58.7299 88.8799 4.85
      vertex 58.9714 85.1955 4.85
      vertex 58.9714 88.6045 4.85
    endloop
  endfacet
  facet normal 0 0 1
    outer loop
      vertex 58.7299 88.8799 4.85
      vertex 58.7299 84.9201 4.85
      vertex 58.9714 85.1955 4.85
    endloop
  endfacet
  facet normal 0 0 1
    outer loop
      vertex 58.4545 89.1214 4.85
      vertex 58.7299 84.9201 4.85
      vertex 58.7299 88.8799 4.85
    endloop
  endfacet
  facet normal 0 0 1
    outer loop
      vertex 58.4545 89.1214 4.85
      vertex 58.4545 84.6786 4.85
      vertex 58.7299 84.9201 4.85
    endloop
  endfacet
  facet normal 0 0 1
    outer loop
      vertex 58.15 89.3249 4.85
      vertex 58.4545 84.6786 4.85
      vertex 58.4545 89.1214 4.85
    endloop
  endfacet
  facet normal 0 0 1
    outer loop
      vertex 58.15 89.3249 4.85
      vertex 58.15 84.4751 4.85
      vertex 58.4545 84.6786 4.85
    endloop
  endfacet
  facet normal 0 0 1
    outer loop
      vertex 57.8215 89.4869 4.85
      vertex 58.15 84.4751 4.85
      vertex 58.15 89.3249 4.85
    endloop
  endfacet
  facet normal 0 0 1
    outer loop
      vertex 57.8215 89.4869 4.85
      vertex 57.8215 84.3131 4.85
      vertex 58.15 84.4751 4.85
    endloop
  endfacet
  facet normal 0 0 1
    outer loop
      vertex 57.4747 89.6046 4.85
      vertex 57.8215 84.3131 4.85
      vertex 57.8215 89.4869 4.85
    endloop
  endfacet
  facet normal 0 0 1
    outer loop
      vertex 57.4747 89.6046 4.85
      vertex 57.4747 84.1954 4.85
      vertex 57.8215 84.3131 4.85
    endloop
  endfacet
  facet normal 0 0 1
    outer loop
      vertex 57.1155 89.676 4.85
      vertex 57.4747 84.1954 4.85
      vertex 57.4747 89.6046 4.85
    endloop
  endfacet
  facet normal 0 0 1
    outer loop
      vertex 57.1155 89.676 4.85
      vertex 57.1155 84.124 4.85
      vertex 57.4747 84.1954 4.85
    endloop
  endfacet
  facet normal 0 0 1
    outer loop
      vertex 56.75 89.7 4.85
      vertex 57.1155 84.124 4.85
      vertex 57.1155 89.676 4.85
    endloop
  endfacet
  facet normal 0 0 1
    outer loop
      vertex 56.75 89.7 4.85
      vertex 56.75 84.1 4.85
      vertex 57.1155 84.124 4.85
    endloop
  endfacet
  facet normal -0 0 1
    outer loop
      vertex 56.3845 89.676 4.85
      vertex 56.75 84.1 4.85
      vertex 56.75 89.7 4.85
    endloop
  endfacet
  facet normal 0 0 1
    outer loop
      vertex 56.3845 89.676 4.85
      vertex 56.3845 84.124 4.85
      vertex 56.75 84.1 4.85
    endloop
  endfacet
  facet normal -0 0 1
    outer loop
      vertex 56.0253 89.6046 4.85
      vertex 56.3845 84.124 4.85
      vertex 56.3845 89.676 4.85
    endloop
  endfacet
  facet normal 0 0 1
    outer loop
      vertex 56.0253 89.6046 4.85
      vertex 56.0253 84.1954 4.85
      vertex 56.3845 84.124 4.85
    endloop
  endfacet
  facet normal -0 0 1
    outer loop
      vertex 55.6785 89.4869 4.85
      vertex 56.0253 84.1954 4.85
      vertex 56.0253 89.6046 4.85
    endloop
  endfacet
  facet normal 0 0 1
    outer loop
      vertex 55.6785 89.4869 4.85
      vertex 55.6785 84.3131 4.85
      vertex 56.0253 84.1954 4.85
    endloop
  endfacet
  facet normal -0 0 1
    outer loop
      vertex 55.35 89.3249 4.85
      vertex 55.6785 84.3131 4.85
      vertex 55.6785 89.4869 4.85
    endloop
  endfacet
  facet normal 0 0 1
    outer loop
      vertex 55.35 89.3249 4.85
      vertex 55.35 84.4751 4.85
      vertex 55.6785 84.3131 4.85
    endloop
  endfacet
  facet normal -0 0 1
    outer loop
      vertex 55.0455 89.1214 4.85
      vertex 55.35 84.4751 4.85
      vertex 55.35 89.3249 4.85
    endloop
  endfacet
  facet normal 0 0 1
    outer loop
      vertex 55.0455 89.1214 4.85
      vertex 55.0455 84.6786 4.85
      vertex 55.35 84.4751 4.85
    endloop
  endfacet
  facet normal -0 0 1
    outer loop
      vertex 54.7701 88.8799 4.85
      vertex 55.0455 84.6786 4.85
      vertex 55.0455 89.1214 4.85
    endloop
  endfacet
  facet normal 0 0 1
    outer loop
      vertex 54.7701 88.8799 4.85
      vertex 54.7701 84.9201 4.85
      vertex 55.0455 84.6786 4.85
    endloop
  endfacet
  facet normal -0 0 1
    outer loop
      vertex 54.5286 88.6045 4.85
      vertex 54.7701 84.9201 4.85
      vertex 54.7701 88.8799 4.85
    endloop
  endfacet
  facet normal 0 0 1
    outer loop
      vertex 54.5286 88.6045 4.85
      vertex 54.5286 85.1955 4.85
      vertex 54.7701 84.9201 4.85
    endloop
  endfacet
  facet normal -0 0 1
    outer loop
      vertex 54.3251 88.3 4.85
      vertex 54.5286 85.1955 4.85
      vertex 54.5286 88.6045 4.85
    endloop
  endfacet
  facet normal 0 0 1
    outer loop
      vertex 54.3251 88.3 4.85
      vertex 54.3251 85.5 4.85
      vertex 54.5286 85.1955 4.85
    endloop
  endfacet
  facet normal -0 0 1
    outer loop
      vertex 54.1631 87.9715 4.85
      vertex 54.3251 85.5 4.85
      vertex 54.3251 88.3 4.85
    endloop
  endfacet
  facet normal 0 0 1
    outer loop
      vertex 54.1631 87.9715 4.85
      vertex 54.1631 85.8285 4.85
      vertex 54.3251 85.5 4.85
    endloop
  endfacet
  facet normal -0 0 1
    outer loop
      vertex 54.0454 87.6247 4.85
      vertex 54.1631 85.8285 4.85
      vertex 54.1631 87.9715 4.85
    endloop
  endfacet
  facet normal 0 0 1
    outer loop
      vertex 54.0454 87.6247 4.85
      vertex 54.0454 86.1753 4.85
      vertex 54.1631 85.8285 4.85
    endloop
  endfacet
  facet normal -0 0 1
    outer loop
      vertex 53.974 87.2655 4.85
      vertex 54.0454 86.1753 4.85
      vertex 54.0454 87.6247 4.85
    endloop
  endfacet
  facet normal 0 0 1
    outer loop
      vertex 53.974 87.2655 4.85
      vertex 53.974 86.5345 4.85
      vertex 54.0454 86.1753 4.85
    endloop
  endfacet
  facet normal 0 -0 1
    outer loop
      vertex 53.974 86.5345 4.85
      vertex 53.974 87.2655 4.85
      vertex 53.95 86.9 4.85
    endloop
  endfacet
  facet normal -0.946949 -0.321384 0
    outer loop
      vertex 59.4546 87.6247 4.85
      vertex 59.3369 87.9715 6.8
      vertex 59.3369 87.9715 4.85
    endloop
  endfacet
  facet normal -0.946949 -0.321384 0
    outer loop
      vertex 59.3369 87.9715 6.8
      vertex 59.4546 87.6247 4.85
      vertex 59.4546 87.6247 6.8
    endloop
  endfacet
  facet normal -0.980811 -0.194961 0
    outer loop
      vertex 59.526 87.2655 4.85
      vertex 59.4546 87.6247 6.8
      vertex 59.4546 87.6247 4.85
    endloop
  endfacet
  facet normal -0.980811 -0.194961 0
    outer loop
      vertex 59.4546 87.6247 6.8
      vertex 59.526 87.2655 4.85
      vertex 59.526 87.2655 6.8
    endloop
  endfacet
  facet normal -0.751866 -0.659316 0
    outer loop
      vertex 58.9714 88.6045 4.85
      vertex 58.7299 88.8799 6.8
      vertex 58.7299 88.8799 4.85
    endloop
  endfacet
  facet normal -0.751866 -0.659316 0
    outer loop
      vertex 58.7299 88.8799 6.8
      vertex 58.9714 88.6045 4.85
      vertex 58.9714 88.6045 6.8
    endloop
  endfacet
  facet normal -0.194961 -0.980811 0
    outer loop
      vertex 57.1155 89.676 4.85
      vertex 57.4747 89.6046 6.8
      vertex 57.1155 89.676 6.8
    endloop
  endfacet
  facet normal -0.194961 -0.980811 -0
    outer loop
      vertex 57.4747 89.6046 6.8
      vertex 57.1155 89.676 4.85
      vertex 57.4747 89.6046 4.85
    endloop
  endfacet
  facet normal 0.83142 -0.555645 0
    outer loop
      vertex 54.3251 88.3 6.8
      vertex 54.5286 88.6045 4.85
      vertex 54.5286 88.6045 6.8
    endloop
  endfacet
  facet normal 0.83142 -0.555645 0
    outer loop
      vertex 54.5286 88.6045 4.85
      vertex 54.3251 88.3 6.8
      vertex 54.3251 88.3 4.85
    endloop
  endfacet
  facet normal 0.980811 -0.194961 0
    outer loop
      vertex 53.974 87.2655 6.8
      vertex 54.0454 87.6247 4.85
      vertex 54.0454 87.6247 6.8
    endloop
  endfacet
  facet normal 0.980811 -0.194961 0
    outer loop
      vertex 54.0454 87.6247 4.85
      vertex 53.974 87.2655 6.8
      vertex 53.974 87.2655 4.85
    endloop
  endfacet
  facet normal 0.442292 -0.896871 0
    outer loop
      vertex 55.35 89.3249 4.85
      vertex 55.6785 89.4869 6.8
      vertex 55.35 89.3249 6.8
    endloop
  endfacet
  facet normal 0.442292 -0.896871 0
    outer loop
      vertex 55.6785 89.4869 6.8
      vertex 55.35 89.3249 4.85
      vertex 55.6785 89.4869 4.85
    endloop
  endfacet
  facet normal 0.555645 -0.83142 0
    outer loop
      vertex 55.0455 89.1214 4.85
      vertex 55.35 89.3249 6.8
      vertex 55.0455 89.1214 6.8
    endloop
  endfacet
  facet normal 0.555645 -0.83142 0
    outer loop
      vertex 55.35 89.3249 6.8
      vertex 55.0455 89.1214 4.85
      vertex 55.35 89.3249 4.85
    endloop
  endfacet
  facet normal 0.0655224 -0.997851 0
    outer loop
      vertex 56.3845 89.676 4.85
      vertex 56.75 89.7 6.8
      vertex 56.3845 89.676 6.8
    endloop
  endfacet
  facet normal 0.0655224 -0.997851 0
    outer loop
      vertex 56.75 89.7 6.8
      vertex 56.3845 89.676 4.85
      vertex 56.75 89.7 4.85
    endloop
  endfacet
  facet normal -0.997851 0.0655224 0
    outer loop
      vertex 59.526 86.5345 4.85
      vertex 59.55 86.9 6.8
      vertex 59.55 86.9 4.85
    endloop
  endfacet
  facet normal -0.997851 0.0655224 0
    outer loop
      vertex 59.55 86.9 6.8
      vertex 59.526 86.5345 4.85
      vertex 59.526 86.5345 6.8
    endloop
  endfacet
  facet normal -0.0655224 0.997851 0
    outer loop
      vertex 57.1155 84.124 4.85
      vertex 56.75 84.1 6.8
      vertex 57.1155 84.124 6.8
    endloop
  endfacet
  facet normal -0.0655224 0.997851 0
    outer loop
      vertex 56.75 84.1 6.8
      vertex 57.1155 84.124 4.85
      vertex 56.75 84.1 4.85
    endloop
  endfacet
  facet normal -0.321384 0.946949 0
    outer loop
      vertex 57.8215 84.3131 4.85
      vertex 57.4747 84.1954 6.8
      vertex 57.8215 84.3131 6.8
    endloop
  endfacet
  facet normal -0.321384 0.946949 0
    outer loop
      vertex 57.4747 84.1954 6.8
      vertex 57.8215 84.3131 4.85
      vertex 57.4747 84.1954 4.85
    endloop
  endfacet
  facet normal -0.659316 0.751866 0
    outer loop
      vertex 58.7299 84.9201 4.85
      vertex 58.4545 84.6786 6.8
      vertex 58.7299 84.9201 6.8
    endloop
  endfacet
  facet normal -0.659316 0.751866 0
    outer loop
      vertex 58.4545 84.6786 6.8
      vertex 58.7299 84.9201 4.85
      vertex 58.4545 84.6786 4.85
    endloop
  endfacet
  facet normal -0.442292 0.896871 0
    outer loop
      vertex 58.15 84.4751 4.85
      vertex 57.8215 84.3131 6.8
      vertex 58.15 84.4751 6.8
    endloop
  endfacet
  facet normal -0.442292 0.896871 0
    outer loop
      vertex 57.8215 84.3131 6.8
      vertex 58.15 84.4751 4.85
      vertex 57.8215 84.3131 4.85
    endloop
  endfacet
  facet normal -0.946949 0.321384 0
    outer loop
      vertex 59.3369 85.8285 4.85
      vertex 59.4546 86.1753 6.8
      vertex 59.4546 86.1753 4.85
    endloop
  endfacet
  facet normal -0.946949 0.321384 0
    outer loop
      vertex 59.4546 86.1753 6.8
      vertex 59.3369 85.8285 4.85
      vertex 59.3369 85.8285 6.8
    endloop
  endfacet
  facet normal -0.83142 0.555645 0
    outer loop
      vertex 58.9714 85.1955 4.85
      vertex 59.1749 85.5 6.8
      vertex 59.1749 85.5 4.85
    endloop
  endfacet
  facet normal -0.83142 0.555645 0
    outer loop
      vertex 59.1749 85.5 6.8
      vertex 58.9714 85.1955 4.85
      vertex 58.9714 85.1955 6.8
    endloop
  endfacet
  facet normal 0.555645 0.83142 -0
    outer loop
      vertex 55.35 84.4751 4.85
      vertex 55.0455 84.6786 6.8
      vertex 55.35 84.4751 6.8
    endloop
  endfacet
  facet normal 0.555645 0.83142 0
    outer loop
      vertex 55.0455 84.6786 6.8
      vertex 55.35 84.4751 4.85
      vertex 55.0455 84.6786 4.85
    endloop
  endfacet
  facet normal 0.194961 0.980811 -0
    outer loop
      vertex 56.3845 84.124 4.85
      vertex 56.0253 84.1954 6.8
      vertex 56.3845 84.124 6.8
    endloop
  endfacet
  facet normal 0.194961 0.980811 0
    outer loop
      vertex 56.0253 84.1954 6.8
      vertex 56.3845 84.124 4.85
      vertex 56.0253 84.1954 4.85
    endloop
  endfacet
  facet normal 0.896871 0.442292 0
    outer loop
      vertex 54.3251 85.5 6.8
      vertex 54.1631 85.8285 4.85
      vertex 54.1631 85.8285 6.8
    endloop
  endfacet
  facet normal 0.896871 0.442292 0
    outer loop
      vertex 54.1631 85.8285 4.85
      vertex 54.3251 85.5 6.8
      vertex 54.3251 85.5 4.85
    endloop
  endfacet
  facet normal 0.751866 0.659316 0
    outer loop
      vertex 54.7701 84.9201 6.8
      vertex 54.5286 85.1955 4.85
      vertex 54.5286 85.1955 6.8
    endloop
  endfacet
  facet normal 0.751866 0.659316 0
    outer loop
      vertex 54.5286 85.1955 4.85
      vertex 54.7701 84.9201 6.8
      vertex 54.7701 84.9201 4.85
    endloop
  endfacet
  facet normal 0.946949 0.321384 0
    outer loop
      vertex 54.1631 85.8285 6.8
      vertex 54.0454 86.1753 4.85
      vertex 54.0454 86.1753 6.8
    endloop
  endfacet
  facet normal 0.946949 0.321384 0
    outer loop
      vertex 54.0454 86.1753 4.85
      vertex 54.1631 85.8285 6.8
      vertex 54.1631 85.8285 4.85
    endloop
  endfacet
  facet normal 0.997851 0.0655224 0
    outer loop
      vertex 53.974 86.5345 6.8
      vertex 53.95 86.9 4.85
      vertex 53.95 86.9 6.8
    endloop
  endfacet
  facet normal 0.997851 0.0655224 0
    outer loop
      vertex 53.95 86.9 4.85
      vertex 53.974 86.5345 6.8
      vertex 53.974 86.5345 4.85
    endloop
  endfacet
  facet normal -0.194961 0.980811 0
    outer loop
      vertex 57.4747 84.1954 4.85
      vertex 57.1155 84.124 6.8
      vertex 57.4747 84.1954 6.8
    endloop
  endfacet
  facet normal -0.194961 0.980811 0
    outer loop
      vertex 57.1155 84.124 6.8
      vertex 57.4747 84.1954 4.85
      vertex 57.1155 84.124 4.85
    endloop
  endfacet
  facet normal -0.751866 0.659316 0
    outer loop
      vertex 58.7299 84.9201 4.85
      vertex 58.9714 85.1955 6.8
      vertex 58.9714 85.1955 4.85
    endloop
  endfacet
  facet normal -0.751866 0.659316 0
    outer loop
      vertex 58.9714 85.1955 6.8
      vertex 58.7299 84.9201 4.85
      vertex 58.7299 84.9201 6.8
    endloop
  endfacet
  facet normal -0.555645 0.83142 0
    outer loop
      vertex 58.4545 84.6786 4.85
      vertex 58.15 84.4751 6.8
      vertex 58.4545 84.6786 6.8
    endloop
  endfacet
  facet normal -0.555645 0.83142 0
    outer loop
      vertex 58.15 84.4751 6.8
      vertex 58.4545 84.6786 4.85
      vertex 58.15 84.4751 4.85
    endloop
  endfacet
  facet normal -0.980811 0.194961 0
    outer loop
      vertex 59.4546 86.1753 4.85
      vertex 59.526 86.5345 6.8
      vertex 59.526 86.5345 4.85
    endloop
  endfacet
  facet normal -0.980811 0.194961 0
    outer loop
      vertex 59.526 86.5345 6.8
      vertex 59.4546 86.1753 4.85
      vertex 59.4546 86.1753 6.8
    endloop
  endfacet
  facet normal -0.896871 0.442292 0
    outer loop
      vertex 59.1749 85.5 4.85
      vertex 59.3369 85.8285 6.8
      vertex 59.3369 85.8285 4.85
    endloop
  endfacet
  facet normal -0.896871 0.442292 0
    outer loop
      vertex 59.3369 85.8285 6.8
      vertex 59.1749 85.5 4.85
      vertex 59.1749 85.5 6.8
    endloop
  endfacet
  facet normal 0.83142 0.555645 0
    outer loop
      vertex 54.5286 85.1955 6.8
      vertex 54.3251 85.5 4.85
      vertex 54.3251 85.5 6.8
    endloop
  endfacet
  facet normal 0.83142 0.555645 0
    outer loop
      vertex 54.3251 85.5 4.85
      vertex 54.5286 85.1955 6.8
      vertex 54.5286 85.1955 4.85
    endloop
  endfacet
  facet normal 0.980811 0.194961 0
    outer loop
      vertex 54.0454 86.1753 6.8
      vertex 53.974 86.5345 4.85
      vertex 53.974 86.5345 6.8
    endloop
  endfacet
  facet normal 0.980811 0.194961 0
    outer loop
      vertex 53.974 86.5345 4.85
      vertex 54.0454 86.1753 6.8
      vertex 54.0454 86.1753 4.85
    endloop
  endfacet
  facet normal 1 0 0
    outer loop
      vertex 5.5 2.4 30
      vertex 5.5 3.8147e-07 30
      vertex 5.5 2.4 29.6
    endloop
  endfacet
  facet normal 1 -0 0
    outer loop
      vertex 5.5 2.4 29.6
      vertex 5.5 5.4 4
      vertex 5.5 5.4 29.6
    endloop
  endfacet
  facet normal 1 0 0
    outer loop
      vertex 5.5 3.8147e-07 4
      vertex 5.5 2.4 29.6
      vertex 5.5 3.8147e-07 30
    endloop
  endfacet
  facet normal 1 0 0
    outer loop
      vertex 5.5 2.4 29.6
      vertex 5.5 3.8147e-07 4
      vertex 5.5 5.4 4
    endloop
  endfacet
  facet normal -1 0 0
    outer loop
      vertex 59 5.4 4
      vertex 59 2.4 29.6
      vertex 59 5.4 29.6
    endloop
  endfacet
  facet normal -1 0 0
    outer loop
      vertex 59 3.8147e-07 4
      vertex 59 2.4 29.6
      vertex 59 5.4 4
    endloop
  endfacet
  facet normal -1 0 0
    outer loop
      vertex 59 3.8147e-07 30
      vertex 59 2.4 29.6
      vertex 59 3.8147e-07 4
    endloop
  endfacet
  facet normal -1 0 0
    outer loop
      vertex 59 2.4 29.6
      vertex 59 3.8147e-07 30
      vertex 59 2.4 30
    endloop
  endfacet
  facet normal -0 0 1
    outer loop
      vertex 5.5 5.4 4
      vertex 59 3.8147e-07 4
      vertex 59 5.4 4
    endloop
  endfacet
  facet normal 0 0 1
    outer loop
      vertex 59 3.8147e-07 4
      vertex 5.5 5.4 4
      vertex 5.5 3.8147e-07 4
    endloop
  endfacet
endsolid OpenSCAD_Model
