solid OpenSCAD_Model
  facet normal -0.866024 -0.500003 0
    outer loop
      vertex 17.25 11.8 0
      vertex 14.55 16.4765 1.8
      vertex 14.55 16.4765 0
    endloop
  endfacet
  facet normal -0.866024 -0.500003 0
    outer loop
      vertex 14.55 16.4765 1.8
      vertex 17.25 11.8 0
      vertex 17.25 11.8 1.8
    endloop
  endfacet
  facet normal 0.866024 -0.500003 0
    outer loop
      vertex 6.45 11.8 1.8
      vertex 9.15 16.4765 0
      vertex 9.15 16.4765 1.8
    endloop
  endfacet
  facet normal 0.866024 -0.500003 0
    outer loop
      vertex 9.15 16.4765 0
      vertex 6.45 11.8 1.8
      vertex 6.45 11.8 0
    endloop
  endfacet
  facet normal 0 -1 0
    outer loop
      vertex 9.15 16.4765 0
      vertex 14.55 16.4765 1.8
      vertex 9.15 16.4765 1.8
    endloop
  endfacet
  facet normal 0 -1 -0
    outer loop
      vertex 14.55 16.4765 1.8
      vertex 9.15 16.4765 0
      vertex 14.55 16.4765 0
    endloop
  endfacet
  facet normal 0 1 -0
    outer loop
      vertex 14.55 7.12346 0
      vertex 9.15 7.12346 1.8
      vertex 14.55 7.12346 1.8
    endloop
  endfacet
  facet normal 0 1 0
    outer loop
      vertex 9.15 7.12346 1.8
      vertex 14.55 7.12346 0
      vertex 9.15 7.12346 0
    endloop
  endfacet
  facet normal 0.866026 0.5 0
    outer loop
      vertex 9.15 7.12346 1.8
      vertex 6.45 11.8 0
      vertex 6.45 11.8 1.8
    endloop
  endfacet
  facet normal 0.866026 0.5 0
    outer loop
      vertex 6.45 11.8 0
      vertex 9.15 7.12346 1.8
      vertex 9.15 7.12346 0
    endloop
  endfacet
  facet normal -0.866026 0.5 0
    outer loop
      vertex 14.55 7.12346 0
      vertex 17.25 11.8 1.8
      vertex 17.25 11.8 0
    endloop
  endfacet
  facet normal -0.866026 0.5 0
    outer loop
      vertex 17.25 11.8 1.8
      vertex 14.55 7.12346 0
      vertex 14.55 7.12346 1.8
    endloop
  endfacet
  facet normal 0.866024 0.500003 0
    outer loop
      vertex 9.15 20.9799 1.8
      vertex 7.17539 24.4 0
      vertex 7.17539 24.4 1.8
    endloop
  endfacet
  facet normal 0.866024 0.500003 0
    outer loop
      vertex 7.17539 24.4 0
      vertex 9.15 20.9799 1.8
      vertex 9.15 20.9799 0
    endloop
  endfacet
  facet normal 0 1 -0
    outer loop
      vertex 14.55 20.9799 0
      vertex 9.15 20.9799 1.8
      vertex 14.55 20.9799 1.8
    endloop
  endfacet
  facet normal 0 1 0
    outer loop
      vertex 9.15 20.9799 1.8
      vertex 14.55 20.9799 0
      vertex 9.15 20.9799 0
    endloop
  endfacet
  facet normal -0.866025 0.500001 0
    outer loop
      vertex 14.55 20.9799 0
      vertex 16.5246 24.4 1.8
      vertex 16.5246 24.4 0
    endloop
  endfacet
  facet normal -0.866025 0.500001 0
    outer loop
      vertex 16.5246 24.4 1.8
      vertex 14.55 20.9799 0
      vertex 14.55 20.9799 1.8
    endloop
  endfacet
  facet normal -0.866028 -0.499995 0
    outer loop
      vertex 17.25 39.5128 0
      vertex 14.55 44.1894 1.8
      vertex 14.55 44.1894 0
    endloop
  endfacet
  facet normal -0.866028 -0.499995 0
    outer loop
      vertex 14.55 44.1894 1.8
      vertex 17.25 39.5128 0
      vertex 17.25 39.5128 1.8
    endloop
  endfacet
  facet normal 0.866028 -0.499995 0
    outer loop
      vertex 6.45 39.5128 1.8
      vertex 9.15 44.1894 0
      vertex 9.15 44.1894 1.8
    endloop
  endfacet
  facet normal 0.866028 -0.499995 0
    outer loop
      vertex 9.15 44.1894 0
      vertex 6.45 39.5128 1.8
      vertex 6.45 39.5128 0
    endloop
  endfacet
  facet normal 0 -1 0
    outer loop
      vertex 9.15 44.1894 0
      vertex 14.55 44.1894 1.8
      vertex 9.15 44.1894 1.8
    endloop
  endfacet
  facet normal 0 -1 -0
    outer loop
      vertex 14.55 44.1894 1.8
      vertex 9.15 44.1894 0
      vertex 14.55 44.1894 0
    endloop
  endfacet
  facet normal -0.866024 0.500003 0
    outer loop
      vertex 14.55 34.8363 0
      vertex 17.25 39.5128 1.8
      vertex 17.25 39.5128 0
    endloop
  endfacet
  facet normal -0.866024 0.500003 0
    outer loop
      vertex 17.25 39.5128 1.8
      vertex 14.55 34.8363 0
      vertex 14.55 34.8363 1.8
    endloop
  endfacet
  facet normal 0 1 -0
    outer loop
      vertex 14.55 34.8363 0
      vertex 9.15 34.8363 1.8
      vertex 14.55 34.8363 1.8
    endloop
  endfacet
  facet normal 0 1 0
    outer loop
      vertex 9.15 34.8363 1.8
      vertex 14.55 34.8363 0
      vertex 9.15 34.8363 0
    endloop
  endfacet
  facet normal 0.866024 0.500003 0
    outer loop
      vertex 9.15 34.8363 1.8
      vertex 6.45 39.5128 0
      vertex 6.45 39.5128 1.8
    endloop
  endfacet
  facet normal 0.866024 0.500003 0
    outer loop
      vertex 6.45 39.5128 0
      vertex 9.15 34.8363 1.8
      vertex 9.15 34.8363 0
    endloop
  endfacet
  facet normal -0.866028 -0.499995 0
    outer loop
      vertex 17.25 53.3692 0
      vertex 14.55 58.0458 1.8
      vertex 14.55 58.0458 0
    endloop
  endfacet
  facet normal -0.866028 -0.499995 0
    outer loop
      vertex 14.55 58.0458 1.8
      vertex 17.25 53.3692 0
      vertex 17.25 53.3692 1.8
    endloop
  endfacet
  facet normal 0 1 -0
    outer loop
      vertex 14.55 48.6927 0
      vertex 9.15 48.6927 1.8
      vertex 14.55 48.6927 1.8
    endloop
  endfacet
  facet normal 0 1 0
    outer loop
      vertex 9.15 48.6927 1.8
      vertex 14.55 48.6927 0
      vertex 9.15 48.6927 0
    endloop
  endfacet
  facet normal 0.866028 -0.499995 0
    outer loop
      vertex 6.45 53.3692 1.8
      vertex 9.15 58.0458 0
      vertex 9.15 58.0458 1.8
    endloop
  endfacet
  facet normal 0.866028 -0.499995 0
    outer loop
      vertex 9.15 58.0458 0
      vertex 6.45 53.3692 1.8
      vertex 6.45 53.3692 0
    endloop
  endfacet
  facet normal 0 -1 0
    outer loop
      vertex 9.15 58.0458 0
      vertex 14.55 58.0458 1.8
      vertex 9.15 58.0458 1.8
    endloop
  endfacet
  facet normal 0 -1 -0
    outer loop
      vertex 14.55 58.0458 1.8
      vertex 9.15 58.0458 0
      vertex 14.55 58.0458 0
    endloop
  endfacet
  facet normal 0.866024 0.500003 0
    outer loop
      vertex 9.15 48.6927 1.8
      vertex 6.45 53.3692 0
      vertex 6.45 53.3692 1.8
    endloop
  endfacet
  facet normal 0.866024 0.500003 0
    outer loop
      vertex 6.45 53.3692 0
      vertex 9.15 48.6927 1.8
      vertex 9.15 48.6927 0
    endloop
  endfacet
  facet normal -0.866024 0.500003 0
    outer loop
      vertex 14.55 48.6927 0
      vertex 17.25 53.3692 1.8
      vertex 17.25 53.3692 0
    endloop
  endfacet
  facet normal -0.866024 0.500003 0
    outer loop
      vertex 17.25 53.3692 1.8
      vertex 14.55 48.6927 0
      vertex 14.55 48.6927 1.8
    endloop
  endfacet
  facet normal -0.866028 -0.499995 0
    outer loop
      vertex 17.25 67.2256 0
      vertex 14.55 71.9022 1.8
      vertex 14.55 71.9022 0
    endloop
  endfacet
  facet normal -0.866028 -0.499995 0
    outer loop
      vertex 14.55 71.9022 1.8
      vertex 17.25 67.2256 0
      vertex 17.25 67.2256 1.8
    endloop
  endfacet
  facet normal 0.866028 -0.499995 0
    outer loop
      vertex 6.45 67.2256 1.8
      vertex 9.15 71.9022 0
      vertex 9.15 71.9022 1.8
    endloop
  endfacet
  facet normal 0.866028 -0.499995 0
    outer loop
      vertex 9.15 71.9022 0
      vertex 6.45 67.2256 1.8
      vertex 6.45 67.2256 0
    endloop
  endfacet
  facet normal 0 -1 0
    outer loop
      vertex 9.15 71.9022 0
      vertex 14.55 71.9022 1.8
      vertex 9.15 71.9022 1.8
    endloop
  endfacet
  facet normal 0 -1 -0
    outer loop
      vertex 14.55 71.9022 1.8
      vertex 9.15 71.9022 0
      vertex 14.55 71.9022 0
    endloop
  endfacet
  facet normal -0.866024 0.500003 0
    outer loop
      vertex 14.55 62.5491 0
      vertex 17.25 67.2256 1.8
      vertex 17.25 67.2256 0
    endloop
  endfacet
  facet normal -0.866024 0.500003 0
    outer loop
      vertex 17.25 67.2256 1.8
      vertex 14.55 62.5491 0
      vertex 14.55 62.5491 1.8
    endloop
  endfacet
  facet normal 0 1 -0
    outer loop
      vertex 14.55 62.5491 0
      vertex 9.15 62.5491 1.8
      vertex 14.55 62.5491 1.8
    endloop
  endfacet
  facet normal 0 1 0
    outer loop
      vertex 9.15 62.5491 1.8
      vertex 14.55 62.5491 0
      vertex 9.15 62.5491 0
    endloop
  endfacet
  facet normal 0.866024 0.500003 0
    outer loop
      vertex 9.15 62.5491 1.8
      vertex 6.45 67.2256 0
      vertex 6.45 67.2256 1.8
    endloop
  endfacet
  facet normal 0.866024 0.500003 0
    outer loop
      vertex 6.45 67.2256 0
      vertex 9.15 62.5491 1.8
      vertex 9.15 62.5491 0
    endloop
  endfacet
  facet normal -0.866039 -0.499977 0
    outer loop
      vertex 17.25 81.082 0
      vertex 16.4891 82.4 1.8
      vertex 16.4891 82.4 0
    endloop
  endfacet
  facet normal -0.866039 -0.499977 0
    outer loop
      vertex 16.4891 82.4 1.8
      vertex 17.25 81.082 0
      vertex 17.25 81.082 1.8
    endloop
  endfacet
  facet normal 0.86603 -0.499991 0
    outer loop
      vertex 6.45 81.082 1.8
      vertex 7.21093 82.4 0
      vertex 7.21093 82.4 1.8
    endloop
  endfacet
  facet normal 0.86603 -0.499991 0
    outer loop
      vertex 7.21093 82.4 0
      vertex 6.45 81.082 1.8
      vertex 6.45 81.082 0
    endloop
  endfacet
  facet normal -0.866024 0.500003 0
    outer loop
      vertex 14.55 76.4055 0
      vertex 17.25 81.082 1.8
      vertex 17.25 81.082 0
    endloop
  endfacet
  facet normal -0.866024 0.500003 0
    outer loop
      vertex 17.25 81.082 1.8
      vertex 14.55 76.4055 0
      vertex 14.55 76.4055 1.8
    endloop
  endfacet
  facet normal 0 1 -0
    outer loop
      vertex 14.55 76.4055 0
      vertex 9.15 76.4055 1.8
      vertex 14.55 76.4055 1.8
    endloop
  endfacet
  facet normal 0 1 0
    outer loop
      vertex 9.15 76.4055 1.8
      vertex 14.55 76.4055 0
      vertex 9.15 76.4055 0
    endloop
  endfacet
  facet normal 0.866024 0.500003 0
    outer loop
      vertex 9.15 76.4055 1.8
      vertex 6.45 81.082 0
      vertex 6.45 81.082 1.8
    endloop
  endfacet
  facet normal 0.866024 0.500003 0
    outer loop
      vertex 6.45 81.082 0
      vertex 9.15 76.4055 1.8
      vertex 9.15 76.4055 0
    endloop
  endfacet
  facet normal -0.866028 -0.499995 0
    outer loop
      vertex 17.25 94.9384 0
      vertex 14.55 99.615 1.8
      vertex 14.55 99.615 0
    endloop
  endfacet
  facet normal -0.866028 -0.499995 0
    outer loop
      vertex 14.55 99.615 1.8
      vertex 17.25 94.9384 0
      vertex 17.25 94.9384 1.8
    endloop
  endfacet
  facet normal 0.866028 -0.499995 0
    outer loop
      vertex 6.45 94.9384 1.8
      vertex 9.15 99.615 0
      vertex 9.15 99.615 1.8
    endloop
  endfacet
  facet normal 0.866028 -0.499995 0
    outer loop
      vertex 9.15 99.615 0
      vertex 6.45 94.9384 1.8
      vertex 6.45 94.9384 0
    endloop
  endfacet
  facet normal 0 -1 0
    outer loop
      vertex 9.15 99.615 0
      vertex 14.55 99.615 1.8
      vertex 9.15 99.615 1.8
    endloop
  endfacet
  facet normal 0 -1 -0
    outer loop
      vertex 14.55 99.615 1.8
      vertex 9.15 99.615 0
      vertex 14.55 99.615 0
    endloop
  endfacet
  facet normal 0.866023 0.500003 0
    outer loop
      vertex 9.07027 90.4 1.8
      vertex 6.45 94.9384 0
      vertex 6.45 94.9384 1.8
    endloop
  endfacet
  facet normal 0.866023 0.500003 0
    outer loop
      vertex 6.45 94.9384 0
      vertex 9.07027 90.4 1.8
      vertex 9.07027 90.4 0
    endloop
  endfacet
  facet normal -0.866021 0.500008 0
    outer loop
      vertex 14.6297 90.4 0
      vertex 17.25 94.9384 1.8
      vertex 17.25 94.9384 0
    endloop
  endfacet
  facet normal -0.866021 0.500008 0
    outer loop
      vertex 17.25 94.9384 1.8
      vertex 14.6297 90.4 0
      vertex 14.6297 90.4 1.8
    endloop
  endfacet
  facet normal -0.866024 -0.500003 0
    outer loop
      vertex 29.25 18.7282 0
      vertex 26.55 23.4047 1.8
      vertex 26.55 23.4047 0
    endloop
  endfacet
  facet normal -0.866024 -0.500003 0
    outer loop
      vertex 26.55 23.4047 1.8
      vertex 29.25 18.7282 0
      vertex 29.25 18.7282 1.8
    endloop
  endfacet
  facet normal 0.866024 -0.500003 0
    outer loop
      vertex 18.45 18.7282 1.8
      vertex 21.15 23.4047 0
      vertex 21.15 23.4047 1.8
    endloop
  endfacet
  facet normal 0.866024 -0.500003 0
    outer loop
      vertex 21.15 23.4047 0
      vertex 18.45 18.7282 1.8
      vertex 18.45 18.7282 0
    endloop
  endfacet
  facet normal 0 -1 0
    outer loop
      vertex 21.15 23.4047 0
      vertex 26.55 23.4047 1.8
      vertex 21.15 23.4047 1.8
    endloop
  endfacet
  facet normal 0 -1 -0
    outer loop
      vertex 26.55 23.4047 1.8
      vertex 21.15 23.4047 0
      vertex 26.55 23.4047 0
    endloop
  endfacet
  facet normal -0.866024 0.500003 0
    outer loop
      vertex 26.55 14.0517 0
      vertex 29.25 18.7282 1.8
      vertex 29.25 18.7282 0
    endloop
  endfacet
  facet normal -0.866024 0.500003 0
    outer loop
      vertex 29.25 18.7282 1.8
      vertex 26.55 14.0517 0
      vertex 26.55 14.0517 1.8
    endloop
  endfacet
  facet normal 0 1 -0
    outer loop
      vertex 26.55 14.0517 0
      vertex 21.15 14.0517 1.8
      vertex 26.55 14.0517 1.8
    endloop
  endfacet
  facet normal 0 1 0
    outer loop
      vertex 21.15 14.0517 1.8
      vertex 26.55 14.0517 0
      vertex 21.15 14.0517 0
    endloop
  endfacet
  facet normal 0.866024 0.500003 0
    outer loop
      vertex 21.15 14.0517 1.8
      vertex 18.45 18.7282 0
      vertex 18.45 18.7282 1.8
    endloop
  endfacet
  facet normal 0.866024 0.500003 0
    outer loop
      vertex 18.45 18.7282 0
      vertex 21.15 14.0517 1.8
      vertex 21.15 14.0517 0
    endloop
  endfacet
  facet normal -0.866024 -0.500003 0
    outer loop
      vertex 29.25 32.5846 0
      vertex 26.55 37.2611 1.8
      vertex 26.55 37.2611 0
    endloop
  endfacet
  facet normal -0.866024 -0.500003 0
    outer loop
      vertex 26.55 37.2611 1.8
      vertex 29.25 32.5846 0
      vertex 29.25 32.5846 1.8
    endloop
  endfacet
  facet normal 0.866024 -0.500003 0
    outer loop
      vertex 18.45 32.5846 1.8
      vertex 21.15 37.2611 0
      vertex 21.15 37.2611 1.8
    endloop
  endfacet
  facet normal 0.866024 -0.500003 0
    outer loop
      vertex 21.15 37.2611 0
      vertex 18.45 32.5846 1.8
      vertex 18.45 32.5846 0
    endloop
  endfacet
  facet normal 0 -1 0
    outer loop
      vertex 21.15 37.2611 0
      vertex 26.55 37.2611 1.8
      vertex 21.15 37.2611 1.8
    endloop
  endfacet
  facet normal 0 -1 -0
    outer loop
      vertex 26.55 37.2611 1.8
      vertex 21.15 37.2611 0
      vertex 26.55 37.2611 0
    endloop
  endfacet
  facet normal 0.865982 0.500074 0
    outer loop
      vertex 18.5566 32.4 1.8
      vertex 18.45 32.5846 0
      vertex 18.45 32.5846 1.8
    endloop
  endfacet
  facet normal 0.865982 0.500074 0
    outer loop
      vertex 18.45 32.5846 0
      vertex 18.5566 32.4 1.8
      vertex 18.5566 32.4 0
    endloop
  endfacet
  facet normal -0.865982 0.500074 0
    outer loop
      vertex 29.1434 32.4 0
      vertex 29.25 32.5846 1.8
      vertex 29.25 32.5846 0
    endloop
  endfacet
  facet normal -0.865982 0.500074 0
    outer loop
      vertex 29.25 32.5846 1.8
      vertex 29.1434 32.4 0
      vertex 29.1434 32.4 1.8
    endloop
  endfacet
  facet normal -0.866028 -0.499995 0
    outer loop
      vertex 29.25 46.441 0
      vertex 26.55 51.1176 1.8
      vertex 26.55 51.1176 0
    endloop
  endfacet
  facet normal -0.866028 -0.499995 0
    outer loop
      vertex 26.55 51.1176 1.8
      vertex 29.25 46.441 0
      vertex 29.25 46.441 1.8
    endloop
  endfacet
  facet normal 0.866028 -0.499995 0
    outer loop
      vertex 18.45 46.441 1.8
      vertex 21.15 51.1176 0
      vertex 21.15 51.1176 1.8
    endloop
  endfacet
  facet normal 0.866028 -0.499995 0
    outer loop
      vertex 21.15 51.1176 0
      vertex 18.45 46.441 1.8
      vertex 18.45 46.441 0
    endloop
  endfacet
  facet normal 0 -1 0
    outer loop
      vertex 21.15 51.1176 0
      vertex 26.55 51.1176 1.8
      vertex 21.15 51.1176 1.8
    endloop
  endfacet
  facet normal 0 -1 -0
    outer loop
      vertex 26.55 51.1176 1.8
      vertex 21.15 51.1176 0
      vertex 26.55 51.1176 0
    endloop
  endfacet
  facet normal -0.866024 0.500003 0
    outer loop
      vertex 26.55 41.7645 0
      vertex 29.25 46.441 1.8
      vertex 29.25 46.441 0
    endloop
  endfacet
  facet normal -0.866024 0.500003 0
    outer loop
      vertex 29.25 46.441 1.8
      vertex 26.55 41.7645 0
      vertex 26.55 41.7645 1.8
    endloop
  endfacet
  facet normal 0 1 -0
    outer loop
      vertex 26.55 41.7645 0
      vertex 21.15 41.7645 1.8
      vertex 26.55 41.7645 1.8
    endloop
  endfacet
  facet normal 0 1 0
    outer loop
      vertex 21.15 41.7645 1.8
      vertex 26.55 41.7645 0
      vertex 21.15 41.7645 0
    endloop
  endfacet
  facet normal 0.866024 0.500003 0
    outer loop
      vertex 21.15 41.7645 1.8
      vertex 18.45 46.441 0
      vertex 18.45 46.441 1.8
    endloop
  endfacet
  facet normal 0.866024 0.500003 0
    outer loop
      vertex 18.45 46.441 0
      vertex 21.15 41.7645 1.8
      vertex 21.15 41.7645 0
    endloop
  endfacet
  facet normal -0.866028 -0.499995 0
    outer loop
      vertex 29.25 60.2974 0
      vertex 26.55 64.974 1.8
      vertex 26.55 64.974 0
    endloop
  endfacet
  facet normal -0.866028 -0.499995 0
    outer loop
      vertex 26.55 64.974 1.8
      vertex 29.25 60.2974 0
      vertex 29.25 60.2974 1.8
    endloop
  endfacet
  facet normal 0.866028 -0.499995 0
    outer loop
      vertex 18.45 60.2974 1.8
      vertex 21.15 64.974 0
      vertex 21.15 64.974 1.8
    endloop
  endfacet
  facet normal 0.866028 -0.499995 0
    outer loop
      vertex 21.15 64.974 0
      vertex 18.45 60.2974 1.8
      vertex 18.45 60.2974 0
    endloop
  endfacet
  facet normal 0 -1 0
    outer loop
      vertex 21.15 64.974 0
      vertex 26.55 64.974 1.8
      vertex 21.15 64.974 1.8
    endloop
  endfacet
  facet normal 0 -1 -0
    outer loop
      vertex 26.55 64.974 1.8
      vertex 21.15 64.974 0
      vertex 26.55 64.974 0
    endloop
  endfacet
  facet normal 0 1 -0
    outer loop
      vertex 26.55 55.6209 0
      vertex 21.15 55.6209 1.8
      vertex 26.55 55.6209 1.8
    endloop
  endfacet
  facet normal 0 1 0
    outer loop
      vertex 21.15 55.6209 1.8
      vertex 26.55 55.6209 0
      vertex 21.15 55.6209 0
    endloop
  endfacet
  facet normal 0.866024 0.500003 0
    outer loop
      vertex 21.15 55.6209 1.8
      vertex 18.45 60.2974 0
      vertex 18.45 60.2974 1.8
    endloop
  endfacet
  facet normal 0.866024 0.500003 0
    outer loop
      vertex 18.45 60.2974 0
      vertex 21.15 55.6209 1.8
      vertex 21.15 55.6209 0
    endloop
  endfacet
  facet normal -0.866024 0.500003 0
    outer loop
      vertex 26.55 55.6209 0
      vertex 29.25 60.2974 1.8
      vertex 29.25 60.2974 0
    endloop
  endfacet
  facet normal -0.866024 0.500003 0
    outer loop
      vertex 29.25 60.2974 1.8
      vertex 26.55 55.6209 0
      vertex 26.55 55.6209 1.8
    endloop
  endfacet
  facet normal -0.866028 -0.499995 0
    outer loop
      vertex 29.25 74.1538 0
      vertex 26.55 78.8304 1.8
      vertex 26.55 78.8304 0
    endloop
  endfacet
  facet normal -0.866028 -0.499995 0
    outer loop
      vertex 26.55 78.8304 1.8
      vertex 29.25 74.1538 0
      vertex 29.25 74.1538 1.8
    endloop
  endfacet
  facet normal 0.866028 -0.499995 0
    outer loop
      vertex 18.45 74.1538 1.8
      vertex 21.15 78.8304 0
      vertex 21.15 78.8304 1.8
    endloop
  endfacet
  facet normal 0.866028 -0.499995 0
    outer loop
      vertex 21.15 78.8304 0
      vertex 18.45 74.1538 1.8
      vertex 18.45 74.1538 0
    endloop
  endfacet
  facet normal 0 -1 0
    outer loop
      vertex 21.15 78.8304 0
      vertex 26.55 78.8304 1.8
      vertex 21.15 78.8304 1.8
    endloop
  endfacet
  facet normal 0 -1 -0
    outer loop
      vertex 26.55 78.8304 1.8
      vertex 21.15 78.8304 0
      vertex 26.55 78.8304 0
    endloop
  endfacet
  facet normal 0.866024 0.500003 0
    outer loop
      vertex 21.15 69.4773 1.8
      vertex 18.45 74.1538 0
      vertex 18.45 74.1538 1.8
    endloop
  endfacet
  facet normal 0.866024 0.500003 0
    outer loop
      vertex 18.45 74.1538 0
      vertex 21.15 69.4773 1.8
      vertex 21.15 69.4773 0
    endloop
  endfacet
  facet normal -0.866024 0.500003 0
    outer loop
      vertex 26.55 69.4773 0
      vertex 29.25 74.1538 1.8
      vertex 29.25 74.1538 0
    endloop
  endfacet
  facet normal -0.866024 0.500003 0
    outer loop
      vertex 29.25 74.1538 1.8
      vertex 26.55 69.4773 0
      vertex 26.55 69.4773 1.8
    endloop
  endfacet
  facet normal 0 1 -0
    outer loop
      vertex 26.55 69.4773 0
      vertex 21.15 69.4773 1.8
      vertex 26.55 69.4773 1.8
    endloop
  endfacet
  facet normal 0 1 0
    outer loop
      vertex 21.15 69.4773 1.8
      vertex 26.55 69.4773 0
      vertex 21.15 69.4773 0
    endloop
  endfacet
  facet normal -0.866023 -0.500004 0
    outer loop
      vertex 27.8703 90.4 0
      vertex 26.55 92.6868 1.8
      vertex 26.55 92.6868 0
    endloop
  endfacet
  facet normal -0.866023 -0.500004 0
    outer loop
      vertex 26.55 92.6868 1.8
      vertex 27.8703 90.4 0
      vertex 27.8703 90.4 1.8
    endloop
  endfacet
  facet normal 0.866023 -0.500004 0
    outer loop
      vertex 19.8297 90.4 1.8
      vertex 21.15 92.6868 0
      vertex 21.15 92.6868 1.8
    endloop
  endfacet
  facet normal 0.866023 -0.500004 0
    outer loop
      vertex 21.15 92.6868 0
      vertex 19.8297 90.4 1.8
      vertex 19.8297 90.4 0
    endloop
  endfacet
  facet normal 0 -1 0
    outer loop
      vertex 21.15 92.6868 0
      vertex 26.55 92.6868 1.8
      vertex 21.15 92.6868 1.8
    endloop
  endfacet
  facet normal 0 -1 -0
    outer loop
      vertex 26.55 92.6868 1.8
      vertex 21.15 92.6868 0
      vertex 26.55 92.6868 0
    endloop
  endfacet
  facet normal -0.866001 -0.500043 0
    outer loop
      vertex 29.25 101.867 0
      vertex 26.55 106.543 1.8
      vertex 26.55 106.543 0
    endloop
  endfacet
  facet normal -0.866001 -0.500043 0
    outer loop
      vertex 26.55 106.543 1.8
      vertex 29.25 101.867 0
      vertex 29.25 101.867 1.8
    endloop
  endfacet
  facet normal 0.866001 -0.500043 0
    outer loop
      vertex 18.45 101.867 1.8
      vertex 21.15 106.543 0
      vertex 21.15 106.543 1.8
    endloop
  endfacet
  facet normal 0.866001 -0.500043 0
    outer loop
      vertex 21.15 106.543 0
      vertex 18.45 101.867 1.8
      vertex 18.45 101.867 0
    endloop
  endfacet
  facet normal 0 -1 0
    outer loop
      vertex 21.15 106.543 0
      vertex 26.55 106.543 1.8
      vertex 21.15 106.543 1.8
    endloop
  endfacet
  facet normal 0 -1 -0
    outer loop
      vertex 26.55 106.543 1.8
      vertex 21.15 106.543 0
      vertex 26.55 106.543 0
    endloop
  endfacet
  facet normal 0.866042 0.499971 0
    outer loop
      vertex 21.15 97.1901 1.8
      vertex 18.45 101.867 0
      vertex 18.45 101.867 1.8
    endloop
  endfacet
  facet normal 0.866042 0.499971 0
    outer loop
      vertex 18.45 101.867 0
      vertex 21.15 97.1901 1.8
      vertex 21.15 97.1901 0
    endloop
  endfacet
  facet normal 0 1 -0
    outer loop
      vertex 26.55 97.1901 0
      vertex 21.15 97.1901 1.8
      vertex 26.55 97.1901 1.8
    endloop
  endfacet
  facet normal 0 1 0
    outer loop
      vertex 21.15 97.1901 1.8
      vertex 26.55 97.1901 0
      vertex 21.15 97.1901 0
    endloop
  endfacet
  facet normal -0.866042 0.499971 0
    outer loop
      vertex 26.55 97.1901 0
      vertex 29.25 101.867 1.8
      vertex 29.25 101.867 0
    endloop
  endfacet
  facet normal -0.866042 0.499971 0
    outer loop
      vertex 29.25 101.867 1.8
      vertex 26.55 97.1901 0
      vertex 26.55 97.1901 1.8
    endloop
  endfacet
  facet normal -0.866024 -0.500003 0
    outer loop
      vertex 41.25 11.8 0
      vertex 38.55 16.4765 1.8
      vertex 38.55 16.4765 0
    endloop
  endfacet
  facet normal -0.866024 -0.500003 0
    outer loop
      vertex 38.55 16.4765 1.8
      vertex 41.25 11.8 0
      vertex 41.25 11.8 1.8
    endloop
  endfacet
  facet normal 0.866024 -0.500003 0
    outer loop
      vertex 30.45 11.8 1.8
      vertex 33.15 16.4765 0
      vertex 33.15 16.4765 1.8
    endloop
  endfacet
  facet normal 0.866024 -0.500003 0
    outer loop
      vertex 33.15 16.4765 0
      vertex 30.45 11.8 1.8
      vertex 30.45 11.8 0
    endloop
  endfacet
  facet normal 0 -1 0
    outer loop
      vertex 33.15 16.4765 0
      vertex 38.55 16.4765 1.8
      vertex 33.15 16.4765 1.8
    endloop
  endfacet
  facet normal 0 -1 -0
    outer loop
      vertex 38.55 16.4765 1.8
      vertex 33.15 16.4765 0
      vertex 38.55 16.4765 0
    endloop
  endfacet
  facet normal 0.866026 0.5 0
    outer loop
      vertex 33.15 7.12346 1.8
      vertex 30.45 11.8 0
      vertex 30.45 11.8 1.8
    endloop
  endfacet
  facet normal 0.866026 0.5 0
    outer loop
      vertex 30.45 11.8 0
      vertex 33.15 7.12346 1.8
      vertex 33.15 7.12346 0
    endloop
  endfacet
  facet normal 0 1 -0
    outer loop
      vertex 38.55 7.12346 0
      vertex 33.15 7.12346 1.8
      vertex 38.55 7.12346 1.8
    endloop
  endfacet
  facet normal 0 1 0
    outer loop
      vertex 33.15 7.12346 1.8
      vertex 38.55 7.12346 0
      vertex 33.15 7.12346 0
    endloop
  endfacet
  facet normal -0.866026 0.5 0
    outer loop
      vertex 38.55 7.12346 0
      vertex 41.25 11.8 1.8
      vertex 41.25 11.8 0
    endloop
  endfacet
  facet normal -0.866026 0.5 0
    outer loop
      vertex 41.25 11.8 1.8
      vertex 38.55 7.12346 0
      vertex 38.55 7.12346 1.8
    endloop
  endfacet
  facet normal -0.866025 0.500001 0
    outer loop
      vertex 38.55 20.9799 0
      vertex 40.5246 24.4 1.8
      vertex 40.5246 24.4 0
    endloop
  endfacet
  facet normal -0.866025 0.500001 0
    outer loop
      vertex 40.5246 24.4 1.8
      vertex 38.55 20.9799 0
      vertex 38.55 20.9799 1.8
    endloop
  endfacet
  facet normal 0 1 -0
    outer loop
      vertex 38.55 20.9799 0
      vertex 33.15 20.9799 1.8
      vertex 38.55 20.9799 1.8
    endloop
  endfacet
  facet normal 0 1 0
    outer loop
      vertex 33.15 20.9799 1.8
      vertex 38.55 20.9799 0
      vertex 33.15 20.9799 0
    endloop
  endfacet
  facet normal 0.866025 0.500001 0
    outer loop
      vertex 33.15 20.9799 1.8
      vertex 31.1754 24.4 0
      vertex 31.1754 24.4 1.8
    endloop
  endfacet
  facet normal 0.866025 0.500001 0
    outer loop
      vertex 31.1754 24.4 0
      vertex 33.15 20.9799 1.8
      vertex 33.15 20.9799 0
    endloop
  endfacet
  facet normal -0.866028 -0.499995 0
    outer loop
      vertex 41.25 39.5128 0
      vertex 38.55 44.1894 1.8
      vertex 38.55 44.1894 0
    endloop
  endfacet
  facet normal -0.866028 -0.499995 0
    outer loop
      vertex 38.55 44.1894 1.8
      vertex 41.25 39.5128 0
      vertex 41.25 39.5128 1.8
    endloop
  endfacet
  facet normal 0.866028 -0.499995 0
    outer loop
      vertex 30.45 39.5128 1.8
      vertex 33.15 44.1894 0
      vertex 33.15 44.1894 1.8
    endloop
  endfacet
  facet normal 0.866028 -0.499995 0
    outer loop
      vertex 33.15 44.1894 0
      vertex 30.45 39.5128 1.8
      vertex 30.45 39.5128 0
    endloop
  endfacet
  facet normal 0 -1 0
    outer loop
      vertex 33.15 44.1894 0
      vertex 38.55 44.1894 1.8
      vertex 33.15 44.1894 1.8
    endloop
  endfacet
  facet normal 0 -1 -0
    outer loop
      vertex 38.55 44.1894 1.8
      vertex 33.15 44.1894 0
      vertex 38.55 44.1894 0
    endloop
  endfacet
  facet normal 0.866024 0.500003 0
    outer loop
      vertex 33.15 34.8363 1.8
      vertex 30.45 39.5128 0
      vertex 30.45 39.5128 1.8
    endloop
  endfacet
  facet normal 0.866024 0.500003 0
    outer loop
      vertex 30.45 39.5128 0
      vertex 33.15 34.8363 1.8
      vertex 33.15 34.8363 0
    endloop
  endfacet
  facet normal 0 1 -0
    outer loop
      vertex 38.55 34.8363 0
      vertex 33.15 34.8363 1.8
      vertex 38.55 34.8363 1.8
    endloop
  endfacet
  facet normal 0 1 0
    outer loop
      vertex 33.15 34.8363 1.8
      vertex 38.55 34.8363 0
      vertex 33.15 34.8363 0
    endloop
  endfacet
  facet normal -0.866024 0.500003 0
    outer loop
      vertex 38.55 34.8363 0
      vertex 41.25 39.5128 1.8
      vertex 41.25 39.5128 0
    endloop
  endfacet
  facet normal -0.866024 0.500003 0
    outer loop
      vertex 41.25 39.5128 1.8
      vertex 38.55 34.8363 0
      vertex 38.55 34.8363 1.8
    endloop
  endfacet
  facet normal -0.866028 -0.499995 0
    outer loop
      vertex 41.25 53.3692 0
      vertex 38.55 58.0458 1.8
      vertex 38.55 58.0458 0
    endloop
  endfacet
  facet normal -0.866028 -0.499995 0
    outer loop
      vertex 38.55 58.0458 1.8
      vertex 41.25 53.3692 0
      vertex 41.25 53.3692 1.8
    endloop
  endfacet
  facet normal 0 1 -0
    outer loop
      vertex 38.55 48.6927 0
      vertex 33.15 48.6927 1.8
      vertex 38.55 48.6927 1.8
    endloop
  endfacet
  facet normal 0 1 0
    outer loop
      vertex 33.15 48.6927 1.8
      vertex 38.55 48.6927 0
      vertex 33.15 48.6927 0
    endloop
  endfacet
  facet normal 0.866028 -0.499995 0
    outer loop
      vertex 30.45 53.3692 1.8
      vertex 33.15 58.0458 0
      vertex 33.15 58.0458 1.8
    endloop
  endfacet
  facet normal 0.866028 -0.499995 0
    outer loop
      vertex 33.15 58.0458 0
      vertex 30.45 53.3692 1.8
      vertex 30.45 53.3692 0
    endloop
  endfacet
  facet normal 0 -1 0
    outer loop
      vertex 33.15 58.0458 0
      vertex 38.55 58.0458 1.8
      vertex 33.15 58.0458 1.8
    endloop
  endfacet
  facet normal 0 -1 -0
    outer loop
      vertex 38.55 58.0458 1.8
      vertex 33.15 58.0458 0
      vertex 38.55 58.0458 0
    endloop
  endfacet
  facet normal 0.866024 0.500003 0
    outer loop
      vertex 33.15 48.6927 1.8
      vertex 30.45 53.3692 0
      vertex 30.45 53.3692 1.8
    endloop
  endfacet
  facet normal 0.866024 0.500003 0
    outer loop
      vertex 30.45 53.3692 0
      vertex 33.15 48.6927 1.8
      vertex 33.15 48.6927 0
    endloop
  endfacet
  facet normal -0.866024 0.500003 0
    outer loop
      vertex 38.55 48.6927 0
      vertex 41.25 53.3692 1.8
      vertex 41.25 53.3692 0
    endloop
  endfacet
  facet normal -0.866024 0.500003 0
    outer loop
      vertex 41.25 53.3692 1.8
      vertex 38.55 48.6927 0
      vertex 38.55 48.6927 1.8
    endloop
  endfacet
  facet normal -0.866028 -0.499995 0
    outer loop
      vertex 41.25 67.2256 0
      vertex 38.55 71.9022 1.8
      vertex 38.55 71.9022 0
    endloop
  endfacet
  facet normal -0.866028 -0.499995 0
    outer loop
      vertex 38.55 71.9022 1.8
      vertex 41.25 67.2256 0
      vertex 41.25 67.2256 1.8
    endloop
  endfacet
  facet normal 0.866028 -0.499995 0
    outer loop
      vertex 30.45 67.2256 1.8
      vertex 33.15 71.9022 0
      vertex 33.15 71.9022 1.8
    endloop
  endfacet
  facet normal 0.866028 -0.499995 0
    outer loop
      vertex 33.15 71.9022 0
      vertex 30.45 67.2256 1.8
      vertex 30.45 67.2256 0
    endloop
  endfacet
  facet normal 0 -1 0
    outer loop
      vertex 33.15 71.9022 0
      vertex 38.55 71.9022 1.8
      vertex 33.15 71.9022 1.8
    endloop
  endfacet
  facet normal 0 -1 -0
    outer loop
      vertex 38.55 71.9022 1.8
      vertex 33.15 71.9022 0
      vertex 38.55 71.9022 0
    endloop
  endfacet
  facet normal 0.866024 0.500003 0
    outer loop
      vertex 33.15 62.5491 1.8
      vertex 30.45 67.2256 0
      vertex 30.45 67.2256 1.8
    endloop
  endfacet
  facet normal 0.866024 0.500003 0
    outer loop
      vertex 30.45 67.2256 0
      vertex 33.15 62.5491 1.8
      vertex 33.15 62.5491 0
    endloop
  endfacet
  facet normal -0.866024 0.500003 0
    outer loop
      vertex 38.55 62.5491 0
      vertex 41.25 67.2256 1.8
      vertex 41.25 67.2256 0
    endloop
  endfacet
  facet normal -0.866024 0.500003 0
    outer loop
      vertex 41.25 67.2256 1.8
      vertex 38.55 62.5491 0
      vertex 38.55 62.5491 1.8
    endloop
  endfacet
  facet normal 0 1 -0
    outer loop
      vertex 38.55 62.5491 0
      vertex 33.15 62.5491 1.8
      vertex 38.55 62.5491 1.8
    endloop
  endfacet
  facet normal 0 1 0
    outer loop
      vertex 33.15 62.5491 1.8
      vertex 38.55 62.5491 0
      vertex 33.15 62.5491 0
    endloop
  endfacet
  facet normal -0.866039 -0.499977 0
    outer loop
      vertex 41.25 81.082 0
      vertex 40.4891 82.4 1.8
      vertex 40.4891 82.4 0
    endloop
  endfacet
  facet normal -0.866039 -0.499977 0
    outer loop
      vertex 40.4891 82.4 1.8
      vertex 41.25 81.082 0
      vertex 41.25 81.082 1.8
    endloop
  endfacet
  facet normal 0.866039 -0.499977 0
    outer loop
      vertex 30.45 81.082 1.8
      vertex 31.2109 82.4 0
      vertex 31.2109 82.4 1.8
    endloop
  endfacet
  facet normal 0.866039 -0.499977 0
    outer loop
      vertex 31.2109 82.4 0
      vertex 30.45 81.082 1.8
      vertex 30.45 81.082 0
    endloop
  endfacet
  facet normal 0.866024 0.500003 0
    outer loop
      vertex 33.15 76.4055 1.8
      vertex 30.45 81.082 0
      vertex 30.45 81.082 1.8
    endloop
  endfacet
  facet normal 0.866024 0.500003 0
    outer loop
      vertex 30.45 81.082 0
      vertex 33.15 76.4055 1.8
      vertex 33.15 76.4055 0
    endloop
  endfacet
  facet normal -0.866024 0.500003 0
    outer loop
      vertex 38.55 76.4055 0
      vertex 41.25 81.082 1.8
      vertex 41.25 81.082 0
    endloop
  endfacet
  facet normal -0.866024 0.500003 0
    outer loop
      vertex 41.25 81.082 1.8
      vertex 38.55 76.4055 0
      vertex 38.55 76.4055 1.8
    endloop
  endfacet
  facet normal 0 1 -0
    outer loop
      vertex 38.55 76.4055 0
      vertex 33.15 76.4055 1.8
      vertex 38.55 76.4055 1.8
    endloop
  endfacet
  facet normal 0 1 0
    outer loop
      vertex 33.15 76.4055 1.8
      vertex 38.55 76.4055 0
      vertex 33.15 76.4055 0
    endloop
  endfacet
  facet normal -0.866028 -0.499995 0
    outer loop
      vertex 41.25 94.9384 0
      vertex 38.55 99.615 1.8
      vertex 38.55 99.615 0
    endloop
  endfacet
  facet normal -0.866028 -0.499995 0
    outer loop
      vertex 38.55 99.615 1.8
      vertex 41.25 94.9384 0
      vertex 41.25 94.9384 1.8
    endloop
  endfacet
  facet normal 0.866028 -0.499995 0
    outer loop
      vertex 30.45 94.9384 1.8
      vertex 33.15 99.615 0
      vertex 33.15 99.615 1.8
    endloop
  endfacet
  facet normal 0.866028 -0.499995 0
    outer loop
      vertex 33.15 99.615 0
      vertex 30.45 94.9384 1.8
      vertex 30.45 94.9384 0
    endloop
  endfacet
  facet normal 0 -1 0
    outer loop
      vertex 33.15 99.615 0
      vertex 38.55 99.615 1.8
      vertex 33.15 99.615 1.8
    endloop
  endfacet
  facet normal 0 -1 -0
    outer loop
      vertex 38.55 99.615 1.8
      vertex 33.15 99.615 0
      vertex 38.55 99.615 0
    endloop
  endfacet
  facet normal 0.866021 0.500008 0
    outer loop
      vertex 33.0703 90.4 1.8
      vertex 30.45 94.9384 0
      vertex 30.45 94.9384 1.8
    endloop
  endfacet
  facet normal 0.866021 0.500008 0
    outer loop
      vertex 30.45 94.9384 0
      vertex 33.0703 90.4 1.8
      vertex 33.0703 90.4 0
    endloop
  endfacet
  facet normal -0.866021 0.500008 0
    outer loop
      vertex 38.6297 90.4 0
      vertex 41.25 94.9384 1.8
      vertex 41.25 94.9384 0
    endloop
  endfacet
  facet normal -0.866021 0.500008 0
    outer loop
      vertex 41.25 94.9384 1.8
      vertex 38.6297 90.4 0
      vertex 38.6297 90.4 1.8
    endloop
  endfacet
  facet normal -0.866024 -0.500003 0
    outer loop
      vertex 53.25 18.7282 0
      vertex 50.55 23.4047 1.8
      vertex 50.55 23.4047 0
    endloop
  endfacet
  facet normal -0.866024 -0.500003 0
    outer loop
      vertex 50.55 23.4047 1.8
      vertex 53.25 18.7282 0
      vertex 53.25 18.7282 1.8
    endloop
  endfacet
  facet normal 0 1 -0
    outer loop
      vertex 50.55 14.0517 0
      vertex 45.15 14.0517 1.8
      vertex 50.55 14.0517 1.8
    endloop
  endfacet
  facet normal 0 1 0
    outer loop
      vertex 45.15 14.0517 1.8
      vertex 50.55 14.0517 0
      vertex 45.15 14.0517 0
    endloop
  endfacet
  facet normal 0.866024 -0.500003 0
    outer loop
      vertex 42.45 18.7282 1.8
      vertex 45.15 23.4047 0
      vertex 45.15 23.4047 1.8
    endloop
  endfacet
  facet normal 0.866024 -0.500003 0
    outer loop
      vertex 45.15 23.4047 0
      vertex 42.45 18.7282 1.8
      vertex 42.45 18.7282 0
    endloop
  endfacet
  facet normal 0 -1 0
    outer loop
      vertex 45.15 23.4047 0
      vertex 50.55 23.4047 1.8
      vertex 45.15 23.4047 1.8
    endloop
  endfacet
  facet normal 0 -1 -0
    outer loop
      vertex 50.55 23.4047 1.8
      vertex 45.15 23.4047 0
      vertex 50.55 23.4047 0
    endloop
  endfacet
  facet normal 0.866024 0.500003 0
    outer loop
      vertex 45.15 14.0517 1.8
      vertex 42.45 18.7282 0
      vertex 42.45 18.7282 1.8
    endloop
  endfacet
  facet normal 0.866024 0.500003 0
    outer loop
      vertex 42.45 18.7282 0
      vertex 45.15 14.0517 1.8
      vertex 45.15 14.0517 0
    endloop
  endfacet
  facet normal -0.866024 0.500003 0
    outer loop
      vertex 50.55 14.0517 0
      vertex 53.25 18.7282 1.8
      vertex 53.25 18.7282 0
    endloop
  endfacet
  facet normal -0.866024 0.500003 0
    outer loop
      vertex 53.25 18.7282 1.8
      vertex 50.55 14.0517 0
      vertex 50.55 14.0517 1.8
    endloop
  endfacet
  facet normal -0.866024 -0.500003 0
    outer loop
      vertex 53.25 32.5846 0
      vertex 50.55 37.2611 1.8
      vertex 50.55 37.2611 0
    endloop
  endfacet
  facet normal -0.866024 -0.500003 0
    outer loop
      vertex 50.55 37.2611 1.8
      vertex 53.25 32.5846 0
      vertex 53.25 32.5846 1.8
    endloop
  endfacet
  facet normal 0.866024 -0.500003 0
    outer loop
      vertex 42.45 32.5846 1.8
      vertex 45.15 37.2611 0
      vertex 45.15 37.2611 1.8
    endloop
  endfacet
  facet normal 0.866024 -0.500003 0
    outer loop
      vertex 45.15 37.2611 0
      vertex 42.45 32.5846 1.8
      vertex 42.45 32.5846 0
    endloop
  endfacet
  facet normal 0 -1 0
    outer loop
      vertex 45.15 37.2611 0
      vertex 50.55 37.2611 1.8
      vertex 45.15 37.2611 1.8
    endloop
  endfacet
  facet normal 0 -1 -0
    outer loop
      vertex 50.55 37.2611 1.8
      vertex 45.15 37.2611 0
      vertex 50.55 37.2611 0
    endloop
  endfacet
  facet normal 0.865982 0.500074 0
    outer loop
      vertex 42.5566 32.4 1.8
      vertex 42.45 32.5846 0
      vertex 42.45 32.5846 1.8
    endloop
  endfacet
  facet normal 0.865982 0.500074 0
    outer loop
      vertex 42.45 32.5846 0
      vertex 42.5566 32.4 1.8
      vertex 42.5566 32.4 0
    endloop
  endfacet
  facet normal -0.865982 0.500074 0
    outer loop
      vertex 53.1434 32.4 0
      vertex 53.25 32.5846 1.8
      vertex 53.25 32.5846 0
    endloop
  endfacet
  facet normal -0.865982 0.500074 0
    outer loop
      vertex 53.25 32.5846 1.8
      vertex 53.1434 32.4 0
      vertex 53.1434 32.4 1.8
    endloop
  endfacet
  facet normal -0.866028 -0.499995 0
    outer loop
      vertex 53.25 46.441 0
      vertex 50.55 51.1176 1.8
      vertex 50.55 51.1176 0
    endloop
  endfacet
  facet normal -0.866028 -0.499995 0
    outer loop
      vertex 50.55 51.1176 1.8
      vertex 53.25 46.441 0
      vertex 53.25 46.441 1.8
    endloop
  endfacet
  facet normal 0.866028 -0.499995 0
    outer loop
      vertex 42.45 46.441 1.8
      vertex 45.15 51.1176 0
      vertex 45.15 51.1176 1.8
    endloop
  endfacet
  facet normal 0.866028 -0.499995 0
    outer loop
      vertex 45.15 51.1176 0
      vertex 42.45 46.441 1.8
      vertex 42.45 46.441 0
    endloop
  endfacet
  facet normal 0 -1 0
    outer loop
      vertex 45.15 51.1176 0
      vertex 50.55 51.1176 1.8
      vertex 45.15 51.1176 1.8
    endloop
  endfacet
  facet normal 0 -1 -0
    outer loop
      vertex 50.55 51.1176 1.8
      vertex 45.15 51.1176 0
      vertex 50.55 51.1176 0
    endloop
  endfacet
  facet normal -0.866024 0.500003 0
    outer loop
      vertex 50.55 41.7645 0
      vertex 53.25 46.441 1.8
      vertex 53.25 46.441 0
    endloop
  endfacet
  facet normal -0.866024 0.500003 0
    outer loop
      vertex 53.25 46.441 1.8
      vertex 50.55 41.7645 0
      vertex 50.55 41.7645 1.8
    endloop
  endfacet
  facet normal 0 1 -0
    outer loop
      vertex 50.55 41.7645 0
      vertex 45.15 41.7645 1.8
      vertex 50.55 41.7645 1.8
    endloop
  endfacet
  facet normal 0 1 0
    outer loop
      vertex 45.15 41.7645 1.8
      vertex 50.55 41.7645 0
      vertex 45.15 41.7645 0
    endloop
  endfacet
  facet normal 0.866024 0.500003 0
    outer loop
      vertex 45.15 41.7645 1.8
      vertex 42.45 46.441 0
      vertex 42.45 46.441 1.8
    endloop
  endfacet
  facet normal 0.866024 0.500003 0
    outer loop
      vertex 42.45 46.441 0
      vertex 45.15 41.7645 1.8
      vertex 45.15 41.7645 0
    endloop
  endfacet
  facet normal -0.866028 -0.499995 0
    outer loop
      vertex 53.25 60.2974 0
      vertex 50.55 64.974 1.8
      vertex 50.55 64.974 0
    endloop
  endfacet
  facet normal -0.866028 -0.499995 0
    outer loop
      vertex 50.55 64.974 1.8
      vertex 53.25 60.2974 0
      vertex 53.25 60.2974 1.8
    endloop
  endfacet
  facet normal 0.866028 -0.499995 0
    outer loop
      vertex 42.45 60.2974 1.8
      vertex 45.15 64.974 0
      vertex 45.15 64.974 1.8
    endloop
  endfacet
  facet normal 0.866028 -0.499995 0
    outer loop
      vertex 45.15 64.974 0
      vertex 42.45 60.2974 1.8
      vertex 42.45 60.2974 0
    endloop
  endfacet
  facet normal 0 -1 0
    outer loop
      vertex 45.15 64.974 0
      vertex 50.55 64.974 1.8
      vertex 45.15 64.974 1.8
    endloop
  endfacet
  facet normal 0 -1 -0
    outer loop
      vertex 50.55 64.974 1.8
      vertex 45.15 64.974 0
      vertex 50.55 64.974 0
    endloop
  endfacet
  facet normal 0.866024 0.500003 0
    outer loop
      vertex 45.15 55.6209 1.8
      vertex 42.45 60.2974 0
      vertex 42.45 60.2974 1.8
    endloop
  endfacet
  facet normal 0.866024 0.500003 0
    outer loop
      vertex 42.45 60.2974 0
      vertex 45.15 55.6209 1.8
      vertex 45.15 55.6209 0
    endloop
  endfacet
  facet normal -0.866024 0.500003 0
    outer loop
      vertex 50.55 55.6209 0
      vertex 53.25 60.2974 1.8
      vertex 53.25 60.2974 0
    endloop
  endfacet
  facet normal -0.866024 0.500003 0
    outer loop
      vertex 53.25 60.2974 1.8
      vertex 50.55 55.6209 0
      vertex 50.55 55.6209 1.8
    endloop
  endfacet
  facet normal 0 1 -0
    outer loop
      vertex 50.55 55.6209 0
      vertex 45.15 55.6209 1.8
      vertex 50.55 55.6209 1.8
    endloop
  endfacet
  facet normal 0 1 0
    outer loop
      vertex 45.15 55.6209 1.8
      vertex 50.55 55.6209 0
      vertex 45.15 55.6209 0
    endloop
  endfacet
  facet normal -0.866028 -0.499995 0
    outer loop
      vertex 53.25 74.1538 0
      vertex 50.55 78.8304 1.8
      vertex 50.55 78.8304 0
    endloop
  endfacet
  facet normal -0.866028 -0.499995 0
    outer loop
      vertex 50.55 78.8304 1.8
      vertex 53.25 74.1538 0
      vertex 53.25 74.1538 1.8
    endloop
  endfacet
  facet normal 0 1 -0
    outer loop
      vertex 50.55 69.4773 0
      vertex 45.15 69.4773 1.8
      vertex 50.55 69.4773 1.8
    endloop
  endfacet
  facet normal 0 1 0
    outer loop
      vertex 45.15 69.4773 1.8
      vertex 50.55 69.4773 0
      vertex 45.15 69.4773 0
    endloop
  endfacet
  facet normal 0.866028 -0.499995 0
    outer loop
      vertex 42.45 74.1538 1.8
      vertex 45.15 78.8304 0
      vertex 45.15 78.8304 1.8
    endloop
  endfacet
  facet normal 0.866028 -0.499995 0
    outer loop
      vertex 45.15 78.8304 0
      vertex 42.45 74.1538 1.8
      vertex 42.45 74.1538 0
    endloop
  endfacet
  facet normal 0 -1 0
    outer loop
      vertex 45.15 78.8304 0
      vertex 50.55 78.8304 1.8
      vertex 45.15 78.8304 1.8
    endloop
  endfacet
  facet normal 0 -1 -0
    outer loop
      vertex 50.55 78.8304 1.8
      vertex 45.15 78.8304 0
      vertex 50.55 78.8304 0
    endloop
  endfacet
  facet normal 0.866024 0.500003 0
    outer loop
      vertex 45.15 69.4773 1.8
      vertex 42.45 74.1538 0
      vertex 42.45 74.1538 1.8
    endloop
  endfacet
  facet normal 0.866024 0.500003 0
    outer loop
      vertex 42.45 74.1538 0
      vertex 45.15 69.4773 1.8
      vertex 45.15 69.4773 0
    endloop
  endfacet
  facet normal -0.866024 0.500003 0
    outer loop
      vertex 50.55 69.4773 0
      vertex 53.25 74.1538 1.8
      vertex 53.25 74.1538 0
    endloop
  endfacet
  facet normal -0.866024 0.500003 0
    outer loop
      vertex 53.25 74.1538 1.8
      vertex 50.55 69.4773 0
      vertex 50.55 69.4773 1.8
    endloop
  endfacet
  facet normal -0.866023 -0.500004 0
    outer loop
      vertex 51.8703 90.4 0
      vertex 50.55 92.6868 1.8
      vertex 50.55 92.6868 0
    endloop
  endfacet
  facet normal -0.866023 -0.500004 0
    outer loop
      vertex 50.55 92.6868 1.8
      vertex 51.8703 90.4 0
      vertex 51.8703 90.4 1.8
    endloop
  endfacet
  facet normal 0.866023 -0.500004 0
    outer loop
      vertex 43.8297 90.4 1.8
      vertex 45.15 92.6868 0
      vertex 45.15 92.6868 1.8
    endloop
  endfacet
  facet normal 0.866023 -0.500004 0
    outer loop
      vertex 45.15 92.6868 0
      vertex 43.8297 90.4 1.8
      vertex 43.8297 90.4 0
    endloop
  endfacet
  facet normal 0 -1 0
    outer loop
      vertex 45.15 92.6868 0
      vertex 50.55 92.6868 1.8
      vertex 45.15 92.6868 1.8
    endloop
  endfacet
  facet normal 0 -1 -0
    outer loop
      vertex 50.55 92.6868 1.8
      vertex 45.15 92.6868 0
      vertex 50.55 92.6868 0
    endloop
  endfacet
  facet normal -0.866001 -0.500043 0
    outer loop
      vertex 53.25 101.867 0
      vertex 50.55 106.543 1.8
      vertex 50.55 106.543 0
    endloop
  endfacet
  facet normal -0.866001 -0.500043 0
    outer loop
      vertex 50.55 106.543 1.8
      vertex 53.25 101.867 0
      vertex 53.25 101.867 1.8
    endloop
  endfacet
  facet normal 0.866001 -0.500043 0
    outer loop
      vertex 42.45 101.867 1.8
      vertex 45.15 106.543 0
      vertex 45.15 106.543 1.8
    endloop
  endfacet
  facet normal 0.866001 -0.500043 0
    outer loop
      vertex 45.15 106.543 0
      vertex 42.45 101.867 1.8
      vertex 42.45 101.867 0
    endloop
  endfacet
  facet normal 0 -1 0
    outer loop
      vertex 45.15 106.543 0
      vertex 50.55 106.543 1.8
      vertex 45.15 106.543 1.8
    endloop
  endfacet
  facet normal 0 -1 -0
    outer loop
      vertex 50.55 106.543 1.8
      vertex 45.15 106.543 0
      vertex 50.55 106.543 0
    endloop
  endfacet
  facet normal -0.866042 0.499971 0
    outer loop
      vertex 50.55 97.1901 0
      vertex 53.25 101.867 1.8
      vertex 53.25 101.867 0
    endloop
  endfacet
  facet normal -0.866042 0.499971 0
    outer loop
      vertex 53.25 101.867 1.8
      vertex 50.55 97.1901 0
      vertex 50.55 97.1901 1.8
    endloop
  endfacet
  facet normal 0 1 -0
    outer loop
      vertex 50.55 97.1901 0
      vertex 45.15 97.1901 1.8
      vertex 50.55 97.1901 1.8
    endloop
  endfacet
  facet normal 0 1 0
    outer loop
      vertex 45.15 97.1901 1.8
      vertex 50.55 97.1901 0
      vertex 45.15 97.1901 0
    endloop
  endfacet
  facet normal 0.866042 0.499971 0
    outer loop
      vertex 45.15 97.1901 1.8
      vertex 42.45 101.867 0
      vertex 42.45 101.867 1.8
    endloop
  endfacet
  facet normal 0.866042 0.499971 0
    outer loop
      vertex 42.45 101.867 0
      vertex 45.15 97.1901 1.8
      vertex 45.15 97.1901 0
    endloop
  endfacet
  facet normal -1 0 0
    outer loop
      vertex 2.45 114.4 0
      vertex 2.45 5.4 0.4
      vertex 2.45 114.4 1.8
    endloop
  endfacet
  facet normal -1 0 0
    outer loop
      vertex 2.45 2.4 0
      vertex 2.45 5.4 0.4
      vertex 2.45 114.4 0
    endloop
  endfacet
  facet normal -1 -0 0
    outer loop
      vertex 2.45 5.4 0.4
      vertex 2.45 2.4 0
      vertex 2.45 2.4 0.4
    endloop
  endfacet
  facet normal -1 -0 0
    outer loop
      vertex 2.45 114.4 1.8
      vertex 2.45 5.4 0.4
      vertex 2.45 5.4 1.8
    endloop
  endfacet
  facet normal -0 0 1
    outer loop
      vertex 50.55 23.4047 1.8
      vertex 60.25 23.4 1.8
      vertex 60.25 24.4 1.8
    endloop
  endfacet
  facet normal 0 0 1
    outer loop
      vertex 60.25 23.4 1.8
      vertex 50.55 23.4047 1.8
      vertex 53.25 18.7282 1.8
    endloop
  endfacet
  facet normal -0 0 1
    outer loop
      vertex 40.5246 24.4 1.8
      vertex 50.55 23.4047 1.8
      vertex 60.25 24.4 1.8
    endloop
  endfacet
  facet normal 0 0 1
    outer loop
      vertex 50.55 23.4047 1.8
      vertex 40.5246 24.4 1.8
      vertex 45.15 23.4047 1.8
    endloop
  endfacet
  facet normal 0 0 1
    outer loop
      vertex 40.5246 24.4 1.8
      vertex 42.45 18.7282 1.8
      vertex 45.15 23.4047 1.8
    endloop
  endfacet
  facet normal -0 0 1
    outer loop
      vertex 38.55 20.9799 1.8
      vertex 42.45 18.7282 1.8
      vertex 40.5246 24.4 1.8
    endloop
  endfacet
  facet normal 0 0 1
    outer loop
      vertex 42.45 18.7282 1.8
      vertex 38.55 20.9799 1.8
      vertex 38.55 16.4765 1.8
    endloop
  endfacet
  facet normal 0 0 1
    outer loop
      vertex 42.45 18.7282 1.8
      vertex 38.55 16.4765 1.8
      vertex 41.25 11.8 1.8
    endloop
  endfacet
  facet normal -0 0 1
    outer loop
      vertex 33.15 20.9799 1.8
      vertex 38.55 16.4765 1.8
      vertex 38.55 20.9799 1.8
    endloop
  endfacet
  facet normal 0 0 1
    outer loop
      vertex 33.15 20.9799 1.8
      vertex 33.15 16.4765 1.8
      vertex 38.55 16.4765 1.8
    endloop
  endfacet
  facet normal 0 0 1
    outer loop
      vertex 29.25 18.7282 1.8
      vertex 33.15 20.9799 1.8
      vertex 31.1754 24.4 1.8
    endloop
  endfacet
  facet normal 0 0 1
    outer loop
      vertex 33.15 20.9799 1.8
      vertex 29.25 18.7282 1.8
      vertex 33.15 16.4765 1.8
    endloop
  endfacet
  facet normal 0 0 1
    outer loop
      vertex 33.15 16.4765 1.8
      vertex 29.25 18.7282 1.8
      vertex 30.45 11.8 1.8
    endloop
  endfacet
  facet normal 0 0 1
    outer loop
      vertex 31.1754 24.4 1.8
      vertex 26.55 23.4047 1.8
      vertex 29.25 18.7282 1.8
    endloop
  endfacet
  facet normal 0 0 1
    outer loop
      vertex 31.1754 24.4 1.8
      vertex 21.15 23.4047 1.8
      vertex 26.55 23.4047 1.8
    endloop
  endfacet
  facet normal -0 0 1
    outer loop
      vertex 16.5246 24.4 1.8
      vertex 21.15 23.4047 1.8
      vertex 31.1754 24.4 1.8
    endloop
  endfacet
  facet normal 0 0 1
    outer loop
      vertex 16.5246 24.4 1.8
      vertex 18.45 18.7282 1.8
      vertex 21.15 23.4047 1.8
    endloop
  endfacet
  facet normal -0 0 1
    outer loop
      vertex 14.55 20.9799 1.8
      vertex 18.45 18.7282 1.8
      vertex 16.5246 24.4 1.8
    endloop
  endfacet
  facet normal 0 0 1
    outer loop
      vertex 18.45 18.7282 1.8
      vertex 14.55 20.9799 1.8
      vertex 14.55 16.4765 1.8
    endloop
  endfacet
  facet normal 0 0 1
    outer loop
      vertex 18.45 18.7282 1.8
      vertex 14.55 16.4765 1.8
      vertex 17.25 11.8 1.8
    endloop
  endfacet
  facet normal -0 0 1
    outer loop
      vertex 9.15 20.9799 1.8
      vertex 14.55 16.4765 1.8
      vertex 14.55 20.9799 1.8
    endloop
  endfacet
  facet normal 0 0 1
    outer loop
      vertex 9.15 20.9799 1.8
      vertex 9.15 16.4765 1.8
      vertex 14.55 16.4765 1.8
    endloop
  endfacet
  facet normal -0 0 1
    outer loop
      vertex 4.25 23.4 1.8
      vertex 9.15 20.9799 1.8
      vertex 7.17539 24.4 1.8
    endloop
  endfacet
  facet normal 0 0 1
    outer loop
      vertex 9.15 20.9799 1.8
      vertex 4.25 23.4 1.8
      vertex 9.15 16.4765 1.8
    endloop
  endfacet
  facet normal 0 0 1
    outer loop
      vertex 4.25 23.4 1.8
      vertex 7.17539 24.4 1.8
      vertex 4.25 24.4 1.8
    endloop
  endfacet
  facet normal 0 0 1
    outer loop
      vertex 61.75 23.4 1.8
      vertex 62.05 114.4 1.8
      vertex 61.75 112.4 1.8
    endloop
  endfacet
  facet normal 0 0 1
    outer loop
      vertex 62.05 114.4 1.8
      vertex 60.25 112.4 1.8
      vertex 61.75 112.4 1.8
    endloop
  endfacet
  facet normal 0 0 1
    outer loop
      vertex 60.25 112.4 1.8
      vertex 53.25 101.867 1.8
      vertex 60.25 90.4 1.8
    endloop
  endfacet
  facet normal 0 0 1
    outer loop
      vertex 60.25 112.4 1.8
      vertex 50.55 106.543 1.8
      vertex 53.25 101.867 1.8
    endloop
  endfacet
  facet normal 0 0 1
    outer loop
      vertex 45.15 106.543 1.8
      vertex 60.25 112.4 1.8
      vertex 62.05 114.4 1.8
    endloop
  endfacet
  facet normal 0 0 1
    outer loop
      vertex 60.25 112.4 1.8
      vertex 45.15 106.543 1.8
      vertex 50.55 106.543 1.8
    endloop
  endfacet
  facet normal 0 0 1
    outer loop
      vertex 42.45 101.867 1.8
      vertex 38.55 99.615 1.8
      vertex 41.25 94.9384 1.8
    endloop
  endfacet
  facet normal 0 0 1
    outer loop
      vertex 45.15 106.543 1.8
      vertex 38.55 99.615 1.8
      vertex 42.45 101.867 1.8
    endloop
  endfacet
  facet normal 0 0 1
    outer loop
      vertex 45.15 106.543 1.8
      vertex 33.15 99.615 1.8
      vertex 38.55 99.615 1.8
    endloop
  endfacet
  facet normal 0 0 1
    outer loop
      vertex 33.15 99.615 1.8
      vertex 29.25 101.867 1.8
      vertex 30.45 94.9384 1.8
    endloop
  endfacet
  facet normal 0 0 1
    outer loop
      vertex 45.15 106.543 1.8
      vertex 29.25 101.867 1.8
      vertex 33.15 99.615 1.8
    endloop
  endfacet
  facet normal 0 0 1
    outer loop
      vertex 26.55 106.543 1.8
      vertex 45.15 106.543 1.8
      vertex 62.05 114.4 1.8
    endloop
  endfacet
  facet normal 0 0 1
    outer loop
      vertex 45.15 106.543 1.8
      vertex 26.55 106.543 1.8
      vertex 29.25 101.867 1.8
    endloop
  endfacet
  facet normal -0 0 1
    outer loop
      vertex 2.45 114.4 1.8
      vertex 26.55 106.543 1.8
      vertex 62.05 114.4 1.8
    endloop
  endfacet
  facet normal 0 0 1
    outer loop
      vertex 18.45 101.867 1.8
      vertex 14.55 99.615 1.8
      vertex 17.25 94.9384 1.8
    endloop
  endfacet
  facet normal 0 0 1
    outer loop
      vertex 4.25 112.4 1.8
      vertex 18.45 101.867 1.8
      vertex 21.15 106.543 1.8
    endloop
  endfacet
  facet normal 0 0 1
    outer loop
      vertex 18.45 101.867 1.8
      vertex 4.25 112.4 1.8
      vertex 14.55 99.615 1.8
    endloop
  endfacet
  facet normal 0 0 1
    outer loop
      vertex 9.15 99.615 1.8
      vertex 4.25 112.4 1.8
      vertex 6.45 94.9384 1.8
    endloop
  endfacet
  facet normal 0 0 1
    outer loop
      vertex 14.55 99.615 1.8
      vertex 4.25 112.4 1.8
      vertex 9.15 99.615 1.8
    endloop
  endfacet
  facet normal 0 0 1
    outer loop
      vertex 26.55 106.543 1.8
      vertex 2.45 114.4 1.8
      vertex 21.15 106.543 1.8
    endloop
  endfacet
  facet normal 0 0 1
    outer loop
      vertex 21.15 106.543 1.8
      vertex 2.45 114.4 1.8
      vertex 4.25 112.4 1.8
    endloop
  endfacet
  facet normal 0 0 1
    outer loop
      vertex 2.75 112.4 1.8
      vertex 2.45 114.4 1.8
      vertex 2.75 23.4 1.8
    endloop
  endfacet
  facet normal 0 0 1
    outer loop
      vertex 4.25 112.4 1.8
      vertex 2.45 114.4 1.8
      vertex 2.75 112.4 1.8
    endloop
  endfacet
  facet normal 0 0 1
    outer loop
      vertex 62.05 114.4 1.8
      vertex 61.75 23.4 1.8
      vertex 62.05 5.4 1.8
    endloop
  endfacet
  facet normal 0 0 1
    outer loop
      vertex 53.25 18.7282 1.8
      vertex 61.75 23.4 1.8
      vertex 60.25 23.4 1.8
    endloop
  endfacet
  facet normal 0 0 1
    outer loop
      vertex 61.75 23.4 1.8
      vertex 53.25 18.7282 1.8
      vertex 62.05 5.4 1.8
    endloop
  endfacet
  facet normal -0 0 1
    outer loop
      vertex 50.55 14.0517 1.8
      vertex 62.05 5.4 1.8
      vertex 53.25 18.7282 1.8
    endloop
  endfacet
  facet normal 0 0 1
    outer loop
      vertex 38.55 7.12346 1.8
      vertex 50.55 14.0517 1.8
      vertex 45.15 14.0517 1.8
    endloop
  endfacet
  facet normal 0 0 1
    outer loop
      vertex 41.25 11.8 1.8
      vertex 45.15 14.0517 1.8
      vertex 42.45 18.7282 1.8
    endloop
  endfacet
  facet normal 0 0 1
    outer loop
      vertex 38.55 7.12346 1.8
      vertex 45.15 14.0517 1.8
      vertex 41.25 11.8 1.8
    endloop
  endfacet
  facet normal 0 0 1
    outer loop
      vertex 50.55 14.0517 1.8
      vertex 38.55 7.12346 1.8
      vertex 62.05 5.4 1.8
    endloop
  endfacet
  facet normal -0 0 1
    outer loop
      vertex 33.15 7.12346 1.8
      vertex 62.05 5.4 1.8
      vertex 38.55 7.12346 1.8
    endloop
  endfacet
  facet normal -0 0 1
    outer loop
      vertex 26.55 14.0517 1.8
      vertex 30.45 11.8 1.8
      vertex 29.25 18.7282 1.8
    endloop
  endfacet
  facet normal 0 0 1
    outer loop
      vertex 26.55 14.0517 1.8
      vertex 33.15 7.12346 1.8
      vertex 30.45 11.8 1.8
    endloop
  endfacet
  facet normal -0 0 1
    outer loop
      vertex 21.15 14.0517 1.8
      vertex 33.15 7.12346 1.8
      vertex 26.55 14.0517 1.8
    endloop
  endfacet
  facet normal 0 0 1
    outer loop
      vertex 17.25 11.8 1.8
      vertex 21.15 14.0517 1.8
      vertex 18.45 18.7282 1.8
    endloop
  endfacet
  facet normal -0 0 1
    outer loop
      vertex 17.25 11.8 1.8
      vertex 33.15 7.12346 1.8
      vertex 21.15 14.0517 1.8
    endloop
  endfacet
  facet normal 0 0 1
    outer loop
      vertex 14.55 7.12346 1.8
      vertex 33.15 7.12346 1.8
      vertex 17.25 11.8 1.8
    endloop
  endfacet
  facet normal 0 0 1
    outer loop
      vertex 2.45 5.4 1.8
      vertex 33.15 7.12346 1.8
      vertex 14.55 7.12346 1.8
    endloop
  endfacet
  facet normal 0 0 1
    outer loop
      vertex 2.45 5.4 1.8
      vertex 14.55 7.12346 1.8
      vertex 9.15 7.12346 1.8
    endloop
  endfacet
  facet normal -0 0 1
    outer loop
      vertex 2.75 23.4 1.8
      vertex 9.15 16.4765 1.8
      vertex 4.25 23.4 1.8
    endloop
  endfacet
  facet normal 0 0 1
    outer loop
      vertex 9.15 16.4765 1.8
      vertex 2.75 23.4 1.8
      vertex 6.45 11.8 1.8
    endloop
  endfacet
  facet normal 0 0 1
    outer loop
      vertex 33.15 7.12346 1.8
      vertex 2.45 5.4 1.8
      vertex 62.05 5.4 1.8
    endloop
  endfacet
  facet normal 0 0 1
    outer loop
      vertex 6.45 11.8 1.8
      vertex 2.45 5.4 1.8
      vertex 9.15 7.12346 1.8
    endloop
  endfacet
  facet normal 0 0 1
    outer loop
      vertex 2.75 23.4 1.8
      vertex 2.45 5.4 1.8
      vertex 6.45 11.8 1.8
    endloop
  endfacet
  facet normal 0 0 1
    outer loop
      vertex 2.45 5.4 1.8
      vertex 2.75 23.4 1.8
      vertex 2.45 114.4 1.8
    endloop
  endfacet
  facet normal -0 0 1
    outer loop
      vertex 50.55 97.1901 1.8
      vertex 60.25 90.4 1.8
      vertex 53.25 101.867 1.8
    endloop
  endfacet
  facet normal -0 0 1
    outer loop
      vertex 50.55 92.6868 1.8
      vertex 60.25 90.4 1.8
      vertex 50.55 97.1901 1.8
    endloop
  endfacet
  facet normal 0 0 1
    outer loop
      vertex 60.25 90.4 1.8
      vertex 50.55 92.6868 1.8
      vertex 51.8703 90.4 1.8
    endloop
  endfacet
  facet normal -0 0 1
    outer loop
      vertex 45.15 97.1901 1.8
      vertex 50.55 92.6868 1.8
      vertex 50.55 97.1901 1.8
    endloop
  endfacet
  facet normal 0 0 1
    outer loop
      vertex 45.15 97.1901 1.8
      vertex 45.15 92.6868 1.8
      vertex 50.55 92.6868 1.8
    endloop
  endfacet
  facet normal -0 0 1
    outer loop
      vertex 41.25 94.9384 1.8
      vertex 45.15 92.6868 1.8
      vertex 45.15 97.1901 1.8
    endloop
  endfacet
  facet normal 0 0 1
    outer loop
      vertex 41.25 94.9384 1.8
      vertex 45.15 97.1901 1.8
      vertex 42.45 101.867 1.8
    endloop
  endfacet
  facet normal 0 0 1
    outer loop
      vertex 45.15 92.6868 1.8
      vertex 41.25 94.9384 1.8
      vertex 43.8297 90.4 1.8
    endloop
  endfacet
  facet normal 0 0 1
    outer loop
      vertex 43.8297 90.4 1.8
      vertex 41.25 94.9384 1.8
      vertex 38.6297 90.4 1.8
    endloop
  endfacet
  facet normal 0 0 1
    outer loop
      vertex 30.45 94.9384 1.8
      vertex 27.8703 90.4 1.8
      vertex 33.0703 90.4 1.8
    endloop
  endfacet
  facet normal -0 0 1
    outer loop
      vertex 26.55 97.1901 1.8
      vertex 30.45 94.9384 1.8
      vertex 29.25 101.867 1.8
    endloop
  endfacet
  facet normal 0 0 1
    outer loop
      vertex 26.55 92.6868 1.8
      vertex 30.45 94.9384 1.8
      vertex 26.55 97.1901 1.8
    endloop
  endfacet
  facet normal 0 0 1
    outer loop
      vertex 30.45 94.9384 1.8
      vertex 26.55 92.6868 1.8
      vertex 27.8703 90.4 1.8
    endloop
  endfacet
  facet normal -0 0 1
    outer loop
      vertex 21.15 97.1901 1.8
      vertex 26.55 92.6868 1.8
      vertex 26.55 97.1901 1.8
    endloop
  endfacet
  facet normal 0 0 1
    outer loop
      vertex 21.15 97.1901 1.8
      vertex 21.15 92.6868 1.8
      vertex 26.55 92.6868 1.8
    endloop
  endfacet
  facet normal -0 0 1
    outer loop
      vertex 17.25 94.9384 1.8
      vertex 21.15 92.6868 1.8
      vertex 21.15 97.1901 1.8
    endloop
  endfacet
  facet normal 0 0 1
    outer loop
      vertex 17.25 94.9384 1.8
      vertex 21.15 97.1901 1.8
      vertex 18.45 101.867 1.8
    endloop
  endfacet
  facet normal 0 0 1
    outer loop
      vertex 21.15 92.6868 1.8
      vertex 17.25 94.9384 1.8
      vertex 19.8297 90.4 1.8
    endloop
  endfacet
  facet normal 0 0 1
    outer loop
      vertex 19.8297 90.4 1.8
      vertex 17.25 94.9384 1.8
      vertex 14.6297 90.4 1.8
    endloop
  endfacet
  facet normal 0 0 1
    outer loop
      vertex 6.45 94.9384 1.8
      vertex 4.25 90.4 1.8
      vertex 9.07027 90.4 1.8
    endloop
  endfacet
  facet normal 0 0 1
    outer loop
      vertex 4.25 90.4 1.8
      vertex 6.45 94.9384 1.8
      vertex 4.25 112.4 1.8
    endloop
  endfacet
  facet normal 0 0 1
    outer loop
      vertex 9.15 71.9022 1.8
      vertex 4.25 82.4 1.8
      vertex 6.45 67.2256 1.8
    endloop
  endfacet
  facet normal 0 0 1
    outer loop
      vertex 6.45 67.2256 1.8
      vertex 4.25 82.4 1.8
      vertex 6.45 53.3692 1.8
    endloop
  endfacet
  facet normal 0 0 1
    outer loop
      vertex 4.25 32.4 1.8
      vertex 6.45 53.3692 1.8
      vertex 4.25 82.4 1.8
    endloop
  endfacet
  facet normal -0 0 1
    outer loop
      vertex 4.25 82.4 1.8
      vertex 6.45 81.082 1.8
      vertex 7.21093 82.4 1.8
    endloop
  endfacet
  facet normal 0 0 1
    outer loop
      vertex 14.55 44.1894 1.8
      vertex 18.45 46.441 1.8
      vertex 14.55 48.6927 1.8
    endloop
  endfacet
  facet normal 0 0 1
    outer loop
      vertex 18.45 46.441 1.8
      vertex 14.55 44.1894 1.8
      vertex 17.25 39.5128 1.8
    endloop
  endfacet
  facet normal -0 0 1
    outer loop
      vertex 9.15 48.6927 1.8
      vertex 14.55 44.1894 1.8
      vertex 14.55 48.6927 1.8
    endloop
  endfacet
  facet normal 0 0 1
    outer loop
      vertex 9.15 48.6927 1.8
      vertex 9.15 44.1894 1.8
      vertex 14.55 44.1894 1.8
    endloop
  endfacet
  facet normal 0 0 1
    outer loop
      vertex 6.45 53.3692 1.8
      vertex 9.15 44.1894 1.8
      vertex 9.15 48.6927 1.8
    endloop
  endfacet
  facet normal 0 0 1
    outer loop
      vertex 9.15 44.1894 1.8
      vertex 6.45 53.3692 1.8
      vertex 6.45 39.5128 1.8
    endloop
  endfacet
  facet normal 0 0 1
    outer loop
      vertex 14.55 58.0458 1.8
      vertex 18.45 60.2974 1.8
      vertex 14.55 62.5491 1.8
    endloop
  endfacet
  facet normal 0 0 1
    outer loop
      vertex 18.45 60.2974 1.8
      vertex 14.55 58.0458 1.8
      vertex 17.25 53.3692 1.8
    endloop
  endfacet
  facet normal -0 0 1
    outer loop
      vertex 9.15 62.5491 1.8
      vertex 14.55 58.0458 1.8
      vertex 14.55 62.5491 1.8
    endloop
  endfacet
  facet normal 0 0 1
    outer loop
      vertex 9.15 62.5491 1.8
      vertex 9.15 58.0458 1.8
      vertex 14.55 58.0458 1.8
    endloop
  endfacet
  facet normal 0 0 1
    outer loop
      vertex 6.45 67.2256 1.8
      vertex 9.15 58.0458 1.8
      vertex 9.15 62.5491 1.8
    endloop
  endfacet
  facet normal 0 0 1
    outer loop
      vertex 9.15 58.0458 1.8
      vertex 6.45 67.2256 1.8
      vertex 6.45 53.3692 1.8
    endloop
  endfacet
  facet normal 0 0 1
    outer loop
      vertex 14.55 71.9022 1.8
      vertex 18.45 74.1538 1.8
      vertex 14.55 76.4055 1.8
    endloop
  endfacet
  facet normal 0 0 1
    outer loop
      vertex 18.45 74.1538 1.8
      vertex 14.55 71.9022 1.8
      vertex 17.25 67.2256 1.8
    endloop
  endfacet
  facet normal -0 0 1
    outer loop
      vertex 9.15 76.4055 1.8
      vertex 14.55 71.9022 1.8
      vertex 14.55 76.4055 1.8
    endloop
  endfacet
  facet normal 0 0 1
    outer loop
      vertex 9.15 76.4055 1.8
      vertex 9.15 71.9022 1.8
      vertex 14.55 71.9022 1.8
    endloop
  endfacet
  facet normal 0 0 1
    outer loop
      vertex 4.25 82.4 1.8
      vertex 9.15 76.4055 1.8
      vertex 6.45 81.082 1.8
    endloop
  endfacet
  facet normal 0 0 1
    outer loop
      vertex 9.15 76.4055 1.8
      vertex 4.25 82.4 1.8
      vertex 9.15 71.9022 1.8
    endloop
  endfacet
  facet normal 0 0 1
    outer loop
      vertex 26.55 37.2611 1.8
      vertex 30.45 39.5128 1.8
      vertex 26.55 41.7645 1.8
    endloop
  endfacet
  facet normal 0 0 1
    outer loop
      vertex 30.45 39.5128 1.8
      vertex 26.55 37.2611 1.8
      vertex 29.25 32.5846 1.8
    endloop
  endfacet
  facet normal -0 0 1
    outer loop
      vertex 21.15 41.7645 1.8
      vertex 26.55 37.2611 1.8
      vertex 26.55 41.7645 1.8
    endloop
  endfacet
  facet normal 0 0 1
    outer loop
      vertex 21.15 41.7645 1.8
      vertex 21.15 37.2611 1.8
      vertex 26.55 37.2611 1.8
    endloop
  endfacet
  facet normal 0 0 1
    outer loop
      vertex 17.25 39.5128 1.8
      vertex 21.15 41.7645 1.8
      vertex 18.45 46.441 1.8
    endloop
  endfacet
  facet normal 0 0 1
    outer loop
      vertex 21.15 41.7645 1.8
      vertex 17.25 39.5128 1.8
      vertex 21.15 37.2611 1.8
    endloop
  endfacet
  facet normal 0 0 1
    outer loop
      vertex 26.55 51.1176 1.8
      vertex 30.45 53.3692 1.8
      vertex 26.55 55.6209 1.8
    endloop
  endfacet
  facet normal 0 0 1
    outer loop
      vertex 30.45 53.3692 1.8
      vertex 26.55 51.1176 1.8
      vertex 29.25 46.441 1.8
    endloop
  endfacet
  facet normal -0 0 1
    outer loop
      vertex 21.15 55.6209 1.8
      vertex 26.55 51.1176 1.8
      vertex 26.55 55.6209 1.8
    endloop
  endfacet
  facet normal 0 0 1
    outer loop
      vertex 21.15 55.6209 1.8
      vertex 21.15 51.1176 1.8
      vertex 26.55 51.1176 1.8
    endloop
  endfacet
  facet normal 0 0 1
    outer loop
      vertex 17.25 53.3692 1.8
      vertex 21.15 55.6209 1.8
      vertex 18.45 60.2974 1.8
    endloop
  endfacet
  facet normal 0 0 1
    outer loop
      vertex 21.15 55.6209 1.8
      vertex 17.25 53.3692 1.8
      vertex 21.15 51.1176 1.8
    endloop
  endfacet
  facet normal 0 0 1
    outer loop
      vertex 26.55 64.974 1.8
      vertex 30.45 67.2256 1.8
      vertex 26.55 69.4773 1.8
    endloop
  endfacet
  facet normal 0 0 1
    outer loop
      vertex 30.45 67.2256 1.8
      vertex 26.55 64.974 1.8
      vertex 29.25 60.2974 1.8
    endloop
  endfacet
  facet normal -0 0 1
    outer loop
      vertex 21.15 69.4773 1.8
      vertex 26.55 64.974 1.8
      vertex 26.55 69.4773 1.8
    endloop
  endfacet
  facet normal 0 0 1
    outer loop
      vertex 21.15 69.4773 1.8
      vertex 21.15 64.974 1.8
      vertex 26.55 64.974 1.8
    endloop
  endfacet
  facet normal 0 0 1
    outer loop
      vertex 17.25 67.2256 1.8
      vertex 21.15 69.4773 1.8
      vertex 18.45 74.1538 1.8
    endloop
  endfacet
  facet normal 0 0 1
    outer loop
      vertex 21.15 69.4773 1.8
      vertex 17.25 67.2256 1.8
      vertex 21.15 64.974 1.8
    endloop
  endfacet
  facet normal 0 0 1
    outer loop
      vertex 33.15 71.9022 1.8
      vertex 29.25 74.1538 1.8
      vertex 30.45 67.2256 1.8
    endloop
  endfacet
  facet normal 0 0 1
    outer loop
      vertex 30.45 67.2256 1.8
      vertex 29.25 60.2974 1.8
      vertex 30.45 53.3692 1.8
    endloop
  endfacet
  facet normal -0 0 1
    outer loop
      vertex 26.55 69.4773 1.8
      vertex 30.45 67.2256 1.8
      vertex 29.25 74.1538 1.8
    endloop
  endfacet
  facet normal 0 0 1
    outer loop
      vertex 30.45 81.082 1.8
      vertex 26.55 78.8304 1.8
      vertex 29.25 74.1538 1.8
    endloop
  endfacet
  facet normal 0 0 1
    outer loop
      vertex 31.2109 82.4 1.8
      vertex 26.55 78.8304 1.8
      vertex 30.45 81.082 1.8
    endloop
  endfacet
  facet normal 0 0 1
    outer loop
      vertex 31.2109 82.4 1.8
      vertex 21.15 78.8304 1.8
      vertex 26.55 78.8304 1.8
    endloop
  endfacet
  facet normal 0 0 1
    outer loop
      vertex 21.15 64.974 1.8
      vertex 17.25 67.2256 1.8
      vertex 18.45 60.2974 1.8
    endloop
  endfacet
  facet normal 0 0 1
    outer loop
      vertex 21.15 51.1176 1.8
      vertex 17.25 53.3692 1.8
      vertex 18.45 46.441 1.8
    endloop
  endfacet
  facet normal -0 0 1
    outer loop
      vertex 14.55 76.4055 1.8
      vertex 18.45 74.1538 1.8
      vertex 17.25 81.082 1.8
    endloop
  endfacet
  facet normal 0 0 1
    outer loop
      vertex 21.15 78.8304 1.8
      vertex 17.25 81.082 1.8
      vertex 18.45 74.1538 1.8
    endloop
  endfacet
  facet normal -0 0 1
    outer loop
      vertex 16.4891 82.4 1.8
      vertex 21.15 78.8304 1.8
      vertex 31.2109 82.4 1.8
    endloop
  endfacet
  facet normal 0 0 1
    outer loop
      vertex 21.15 78.8304 1.8
      vertex 16.4891 82.4 1.8
      vertex 17.25 81.082 1.8
    endloop
  endfacet
  facet normal 0 0 1
    outer loop
      vertex 38.55 44.1894 1.8
      vertex 42.45 46.441 1.8
      vertex 38.55 48.6927 1.8
    endloop
  endfacet
  facet normal 0 0 1
    outer loop
      vertex 42.45 46.441 1.8
      vertex 38.55 44.1894 1.8
      vertex 41.25 39.5128 1.8
    endloop
  endfacet
  facet normal -0 0 1
    outer loop
      vertex 33.15 48.6927 1.8
      vertex 38.55 44.1894 1.8
      vertex 38.55 48.6927 1.8
    endloop
  endfacet
  facet normal 0 0 1
    outer loop
      vertex 33.15 48.6927 1.8
      vertex 33.15 44.1894 1.8
      vertex 38.55 44.1894 1.8
    endloop
  endfacet
  facet normal 0 0 1
    outer loop
      vertex 30.45 53.3692 1.8
      vertex 33.15 44.1894 1.8
      vertex 33.15 48.6927 1.8
    endloop
  endfacet
  facet normal 0 0 1
    outer loop
      vertex 33.15 44.1894 1.8
      vertex 30.45 53.3692 1.8
      vertex 30.45 39.5128 1.8
    endloop
  endfacet
  facet normal 0 0 1
    outer loop
      vertex 38.55 58.0458 1.8
      vertex 42.45 60.2974 1.8
      vertex 38.55 62.5491 1.8
    endloop
  endfacet
  facet normal 0 0 1
    outer loop
      vertex 42.45 60.2974 1.8
      vertex 38.55 58.0458 1.8
      vertex 41.25 53.3692 1.8
    endloop
  endfacet
  facet normal -0 0 1
    outer loop
      vertex 33.15 62.5491 1.8
      vertex 38.55 58.0458 1.8
      vertex 38.55 62.5491 1.8
    endloop
  endfacet
  facet normal 0 0 1
    outer loop
      vertex 33.15 62.5491 1.8
      vertex 33.15 58.0458 1.8
      vertex 38.55 58.0458 1.8
    endloop
  endfacet
  facet normal 0 0 1
    outer loop
      vertex 30.45 67.2256 1.8
      vertex 33.15 58.0458 1.8
      vertex 33.15 62.5491 1.8
    endloop
  endfacet
  facet normal 0 0 1
    outer loop
      vertex 33.15 58.0458 1.8
      vertex 30.45 67.2256 1.8
      vertex 30.45 53.3692 1.8
    endloop
  endfacet
  facet normal 0 0 1
    outer loop
      vertex 38.55 71.9022 1.8
      vertex 42.45 74.1538 1.8
      vertex 38.55 76.4055 1.8
    endloop
  endfacet
  facet normal 0 0 1
    outer loop
      vertex 42.45 74.1538 1.8
      vertex 38.55 71.9022 1.8
      vertex 41.25 67.2256 1.8
    endloop
  endfacet
  facet normal -0 0 1
    outer loop
      vertex 33.15 76.4055 1.8
      vertex 38.55 71.9022 1.8
      vertex 38.55 76.4055 1.8
    endloop
  endfacet
  facet normal 0 0 1
    outer loop
      vertex 33.15 76.4055 1.8
      vertex 33.15 71.9022 1.8
      vertex 38.55 71.9022 1.8
    endloop
  endfacet
  facet normal 0 0 1
    outer loop
      vertex 29.25 74.1538 1.8
      vertex 33.15 76.4055 1.8
      vertex 30.45 81.082 1.8
    endloop
  endfacet
  facet normal 0 0 1
    outer loop
      vertex 33.15 76.4055 1.8
      vertex 29.25 74.1538 1.8
      vertex 33.15 71.9022 1.8
    endloop
  endfacet
  facet normal -0 0 1
    outer loop
      vertex 50.55 37.2611 1.8
      vertex 60.25 32.4 1.8
      vertex 50.55 41.7645 1.8
    endloop
  endfacet
  facet normal 0 0 1
    outer loop
      vertex 60.25 32.4 1.8
      vertex 50.55 37.2611 1.8
      vertex 53.25 32.5846 1.8
    endloop
  endfacet
  facet normal -0 0 1
    outer loop
      vertex 45.15 41.7645 1.8
      vertex 50.55 37.2611 1.8
      vertex 50.55 41.7645 1.8
    endloop
  endfacet
  facet normal 0 0 1
    outer loop
      vertex 45.15 41.7645 1.8
      vertex 45.15 37.2611 1.8
      vertex 50.55 37.2611 1.8
    endloop
  endfacet
  facet normal 0 0 1
    outer loop
      vertex 41.25 39.5128 1.8
      vertex 45.15 41.7645 1.8
      vertex 42.45 46.441 1.8
    endloop
  endfacet
  facet normal 0 0 1
    outer loop
      vertex 45.15 41.7645 1.8
      vertex 41.25 39.5128 1.8
      vertex 45.15 37.2611 1.8
    endloop
  endfacet
  facet normal -0 0 1
    outer loop
      vertex 50.55 55.6209 1.8
      vertex 53.25 46.441 1.8
      vertex 53.25 60.2974 1.8
    endloop
  endfacet
  facet normal 0 0 1
    outer loop
      vertex 50.55 55.6209 1.8
      vertex 50.55 51.1176 1.8
      vertex 53.25 46.441 1.8
    endloop
  endfacet
  facet normal -0 0 1
    outer loop
      vertex 45.15 55.6209 1.8
      vertex 50.55 51.1176 1.8
      vertex 50.55 55.6209 1.8
    endloop
  endfacet
  facet normal 0 0 1
    outer loop
      vertex 45.15 55.6209 1.8
      vertex 45.15 51.1176 1.8
      vertex 50.55 51.1176 1.8
    endloop
  endfacet
  facet normal 0 0 1
    outer loop
      vertex 41.25 53.3692 1.8
      vertex 45.15 55.6209 1.8
      vertex 42.45 60.2974 1.8
    endloop
  endfacet
  facet normal 0 0 1
    outer loop
      vertex 45.15 55.6209 1.8
      vertex 41.25 53.3692 1.8
      vertex 45.15 51.1176 1.8
    endloop
  endfacet
  facet normal -0 0 1
    outer loop
      vertex 50.55 69.4773 1.8
      vertex 53.25 60.2974 1.8
      vertex 53.25 74.1538 1.8
    endloop
  endfacet
  facet normal 0 0 1
    outer loop
      vertex 50.55 69.4773 1.8
      vertex 50.55 64.974 1.8
      vertex 53.25 60.2974 1.8
    endloop
  endfacet
  facet normal -0 0 1
    outer loop
      vertex 45.15 69.4773 1.8
      vertex 50.55 64.974 1.8
      vertex 50.55 69.4773 1.8
    endloop
  endfacet
  facet normal 0 0 1
    outer loop
      vertex 45.15 69.4773 1.8
      vertex 45.15 64.974 1.8
      vertex 50.55 64.974 1.8
    endloop
  endfacet
  facet normal 0 0 1
    outer loop
      vertex 41.25 67.2256 1.8
      vertex 45.15 69.4773 1.8
      vertex 42.45 74.1538 1.8
    endloop
  endfacet
  facet normal 0 0 1
    outer loop
      vertex 45.15 69.4773 1.8
      vertex 41.25 67.2256 1.8
      vertex 45.15 64.974 1.8
    endloop
  endfacet
  facet normal 0 0 1
    outer loop
      vertex 53.25 60.2974 1.8
      vertex 60.25 82.4 1.8
      vertex 53.25 74.1538 1.8
    endloop
  endfacet
  facet normal 0 0 1
    outer loop
      vertex 60.25 82.4 1.8
      vertex 50.55 78.8304 1.8
      vertex 53.25 74.1538 1.8
    endloop
  endfacet
  facet normal -0 0 1
    outer loop
      vertex 40.4891 82.4 1.8
      vertex 50.55 78.8304 1.8
      vertex 60.25 82.4 1.8
    endloop
  endfacet
  facet normal 0 0 1
    outer loop
      vertex 45.15 64.974 1.8
      vertex 41.25 67.2256 1.8
      vertex 42.45 60.2974 1.8
    endloop
  endfacet
  facet normal 0 0 1
    outer loop
      vertex 45.15 51.1176 1.8
      vertex 41.25 53.3692 1.8
      vertex 42.45 46.441 1.8
    endloop
  endfacet
  facet normal -0 0 1
    outer loop
      vertex 38.55 76.4055 1.8
      vertex 42.45 74.1538 1.8
      vertex 41.25 81.082 1.8
    endloop
  endfacet
  facet normal 0 0 1
    outer loop
      vertex 45.15 78.8304 1.8
      vertex 41.25 81.082 1.8
      vertex 42.45 74.1538 1.8
    endloop
  endfacet
  facet normal 0 0 1
    outer loop
      vertex 50.55 78.8304 1.8
      vertex 40.4891 82.4 1.8
      vertex 45.15 78.8304 1.8
    endloop
  endfacet
  facet normal 0 0 1
    outer loop
      vertex 45.15 78.8304 1.8
      vertex 40.4891 82.4 1.8
      vertex 41.25 81.082 1.8
    endloop
  endfacet
  facet normal 0 0 1
    outer loop
      vertex 60.25 82.4 1.8
      vertex 53.25 60.2974 1.8
      vertex 60.25 32.4 1.8
    endloop
  endfacet
  facet normal -0 0 1
    outer loop
      vertex 53.25 46.441 1.8
      vertex 60.25 32.4 1.8
      vertex 53.25 60.2974 1.8
    endloop
  endfacet
  facet normal -0 0 1
    outer loop
      vertex 50.55 41.7645 1.8
      vertex 60.25 32.4 1.8
      vertex 53.25 46.441 1.8
    endloop
  endfacet
  facet normal 0 0 1
    outer loop
      vertex 60.25 32.4 1.8
      vertex 53.25 32.5846 1.8
      vertex 53.1434 32.4 1.8
    endloop
  endfacet
  facet normal -0 0 1
    outer loop
      vertex 38.55 62.5491 1.8
      vertex 42.45 60.2974 1.8
      vertex 41.25 67.2256 1.8
    endloop
  endfacet
  facet normal -0 0 1
    outer loop
      vertex 38.55 48.6927 1.8
      vertex 42.45 46.441 1.8
      vertex 41.25 53.3692 1.8
    endloop
  endfacet
  facet normal 0 0 1
    outer loop
      vertex 45.15 37.2611 1.8
      vertex 41.25 39.5128 1.8
      vertex 42.45 32.5846 1.8
    endloop
  endfacet
  facet normal -0 0 1
    outer loop
      vertex 38.55 34.8363 1.8
      vertex 42.45 32.5846 1.8
      vertex 41.25 39.5128 1.8
    endloop
  endfacet
  facet normal 0 0 1
    outer loop
      vertex 38.55 34.8363 1.8
      vertex 42.5566 32.4 1.8
      vertex 42.45 32.5846 1.8
    endloop
  endfacet
  facet normal -0 0 1
    outer loop
      vertex 33.15 34.8363 1.8
      vertex 42.5566 32.4 1.8
      vertex 38.55 34.8363 1.8
    endloop
  endfacet
  facet normal -0 0 1
    outer loop
      vertex 26.55 55.6209 1.8
      vertex 30.45 53.3692 1.8
      vertex 29.25 60.2974 1.8
    endloop
  endfacet
  facet normal 0 0 1
    outer loop
      vertex 30.45 53.3692 1.8
      vertex 29.25 46.441 1.8
      vertex 30.45 39.5128 1.8
    endloop
  endfacet
  facet normal -0 0 1
    outer loop
      vertex 26.55 41.7645 1.8
      vertex 30.45 39.5128 1.8
      vertex 29.25 46.441 1.8
    endloop
  endfacet
  facet normal 0 0 1
    outer loop
      vertex 29.25 32.5846 1.8
      vertex 33.15 34.8363 1.8
      vertex 30.45 39.5128 1.8
    endloop
  endfacet
  facet normal 0 0 1
    outer loop
      vertex 29.1434 32.4 1.8
      vertex 33.15 34.8363 1.8
      vertex 29.25 32.5846 1.8
    endloop
  endfacet
  facet normal 0 0 1
    outer loop
      vertex 33.15 34.8363 1.8
      vertex 29.1434 32.4 1.8
      vertex 42.5566 32.4 1.8
    endloop
  endfacet
  facet normal -0 0 1
    outer loop
      vertex 14.55 62.5491 1.8
      vertex 18.45 60.2974 1.8
      vertex 17.25 67.2256 1.8
    endloop
  endfacet
  facet normal -0 0 1
    outer loop
      vertex 14.55 48.6927 1.8
      vertex 18.45 46.441 1.8
      vertex 17.25 53.3692 1.8
    endloop
  endfacet
  facet normal 0 0 1
    outer loop
      vertex 21.15 37.2611 1.8
      vertex 17.25 39.5128 1.8
      vertex 18.45 32.5846 1.8
    endloop
  endfacet
  facet normal -0 0 1
    outer loop
      vertex 14.55 34.8363 1.8
      vertex 18.45 32.5846 1.8
      vertex 17.25 39.5128 1.8
    endloop
  endfacet
  facet normal 0 0 1
    outer loop
      vertex 14.55 34.8363 1.8
      vertex 18.5566 32.4 1.8
      vertex 18.45 32.5846 1.8
    endloop
  endfacet
  facet normal -0 0 1
    outer loop
      vertex 9.15 34.8363 1.8
      vertex 18.5566 32.4 1.8
      vertex 14.55 34.8363 1.8
    endloop
  endfacet
  facet normal 0 0 1
    outer loop
      vertex 9.15 34.8363 1.8
      vertex 4.25 32.4 1.8
      vertex 18.5566 32.4 1.8
    endloop
  endfacet
  facet normal 0 0 1
    outer loop
      vertex 6.45 39.5128 1.8
      vertex 4.25 32.4 1.8
      vertex 9.15 34.8363 1.8
    endloop
  endfacet
  facet normal 0 0 1
    outer loop
      vertex 6.45 53.3692 1.8
      vertex 4.25 32.4 1.8
      vertex 6.45 39.5128 1.8
    endloop
  endfacet
  facet normal 1 -0 0
    outer loop
      vertex 62.05 5.4 1.8
      vertex 62.05 114.4 0
      vertex 62.05 114.4 1.8
    endloop
  endfacet
  facet normal 1 -0 0
    outer loop
      vertex 62.05 5.4 0.4
      vertex 62.05 114.4 0
      vertex 62.05 5.4 1.8
    endloop
  endfacet
  facet normal 1 0 0
    outer loop
      vertex 62.05 2.4 0
      vertex 62.05 5.4 0.4
      vertex 62.05 2.4 0.4
    endloop
  endfacet
  facet normal 1 0 0
    outer loop
      vertex 62.05 5.4 0.4
      vertex 62.05 2.4 0
      vertex 62.05 114.4 0
    endloop
  endfacet
  facet normal 0 0 -1
    outer loop
      vertex 14.6297 90.4 0
      vertex 19.8297 90.4 0
      vertex 16.4891 82.4 0
    endloop
  endfacet
  facet normal 0 0 -1
    outer loop
      vertex 19.8297 90.4 0
      vertex 14.6297 90.4 0
      vertex 17.25 94.9384 0
    endloop
  endfacet
  facet normal 0 0 -1
    outer loop
      vertex 16.4891 82.4 0
      vertex 9.07027 90.4 0
      vertex 14.6297 90.4 0
    endloop
  endfacet
  facet normal 0 0 -1
    outer loop
      vertex 7.21093 82.4 0
      vertex 9.07027 90.4 0
      vertex 16.4891 82.4 0
    endloop
  endfacet
  facet normal 0 0 -1
    outer loop
      vertex 6.45 94.9384 0
      vertex 7.21093 82.4 0
      vertex 6.45 81.082 0
    endloop
  endfacet
  facet normal 0 0 -1
    outer loop
      vertex 7.21093 82.4 0
      vertex 6.45 94.9384 0
      vertex 9.07027 90.4 0
    endloop
  endfacet
  facet normal 0 0 -1
    outer loop
      vertex 14.55 76.4055 0
      vertex 18.45 74.1538 0
      vertex 14.55 71.9022 0
    endloop
  endfacet
  facet normal 0 0 -1
    outer loop
      vertex 18.45 74.1538 0
      vertex 14.55 76.4055 0
      vertex 17.25 81.082 0
    endloop
  endfacet
  facet normal 0 0 -1
    outer loop
      vertex 9.15 71.9022 0
      vertex 14.55 76.4055 0
      vertex 14.55 71.9022 0
    endloop
  endfacet
  facet normal 0 0 -1
    outer loop
      vertex 9.15 71.9022 0
      vertex 9.15 76.4055 0
      vertex 14.55 76.4055 0
    endloop
  endfacet
  facet normal 0 0 -1
    outer loop
      vertex 6.45 67.2256 0
      vertex 9.15 76.4055 0
      vertex 9.15 71.9022 0
    endloop
  endfacet
  facet normal -0 0 -1
    outer loop
      vertex 9.15 76.4055 0
      vertex 6.45 67.2256 0
      vertex 6.45 81.082 0
    endloop
  endfacet
  facet normal 0 0 -1
    outer loop
      vertex 14.55 62.5491 0
      vertex 18.45 60.2974 0
      vertex 14.55 58.0458 0
    endloop
  endfacet
  facet normal 0 0 -1
    outer loop
      vertex 18.45 60.2974 0
      vertex 14.55 62.5491 0
      vertex 17.25 67.2256 0
    endloop
  endfacet
  facet normal 0 0 -1
    outer loop
      vertex 9.15 58.0458 0
      vertex 14.55 62.5491 0
      vertex 14.55 58.0458 0
    endloop
  endfacet
  facet normal 0 0 -1
    outer loop
      vertex 9.15 58.0458 0
      vertex 9.15 62.5491 0
      vertex 14.55 62.5491 0
    endloop
  endfacet
  facet normal 0 0 -1
    outer loop
      vertex 6.45 53.3692 0
      vertex 9.15 62.5491 0
      vertex 9.15 58.0458 0
    endloop
  endfacet
  facet normal -0 0 -1
    outer loop
      vertex 9.15 62.5491 0
      vertex 6.45 53.3692 0
      vertex 6.45 67.2256 0
    endloop
  endfacet
  facet normal 0 0 -1
    outer loop
      vertex 14.55 48.6927 0
      vertex 18.45 46.441 0
      vertex 14.55 44.1894 0
    endloop
  endfacet
  facet normal 0 0 -1
    outer loop
      vertex 18.45 46.441 0
      vertex 14.55 48.6927 0
      vertex 17.25 53.3692 0
    endloop
  endfacet
  facet normal 0 0 -1
    outer loop
      vertex 9.15 44.1894 0
      vertex 14.55 48.6927 0
      vertex 14.55 44.1894 0
    endloop
  endfacet
  facet normal 0 0 -1
    outer loop
      vertex 9.15 44.1894 0
      vertex 9.15 48.6927 0
      vertex 14.55 48.6927 0
    endloop
  endfacet
  facet normal 0 0 -1
    outer loop
      vertex 6.45 39.5128 0
      vertex 9.15 48.6927 0
      vertex 9.15 44.1894 0
    endloop
  endfacet
  facet normal -0 0 -1
    outer loop
      vertex 9.15 48.6927 0
      vertex 6.45 39.5128 0
      vertex 6.45 53.3692 0
    endloop
  endfacet
  facet normal 0 0 -1
    outer loop
      vertex 18.5566 32.4 0
      vertex 14.55 34.8363 0
      vertex 18.45 32.5846 0
    endloop
  endfacet
  facet normal 0 0 -1
    outer loop
      vertex 14.55 20.9799 0
      vertex 18.45 18.7282 0
      vertex 14.55 16.4765 0
    endloop
  endfacet
  facet normal 0 0 -1
    outer loop
      vertex 18.45 18.7282 0
      vertex 14.55 20.9799 0
      vertex 16.5246 24.4 0
    endloop
  endfacet
  facet normal 0 0 -1
    outer loop
      vertex 9.15 16.4765 0
      vertex 14.55 20.9799 0
      vertex 14.55 16.4765 0
    endloop
  endfacet
  facet normal 0 0 -1
    outer loop
      vertex 9.15 16.4765 0
      vertex 9.15 20.9799 0
      vertex 14.55 20.9799 0
    endloop
  endfacet
  facet normal 0 0 -1
    outer loop
      vertex 9.15 16.4765 0
      vertex 7.17539 24.4 0
      vertex 9.15 20.9799 0
    endloop
  endfacet
  facet normal 0 -0 -1
    outer loop
      vertex 7.17539 24.4 0
      vertex 9.15 16.4765 0
      vertex 6.45 11.8 0
    endloop
  endfacet
  facet normal 0 0 -1
    outer loop
      vertex 18.45 32.5846 0
      vertex 14.55 34.8363 0
      vertex 17.25 39.5128 0
    endloop
  endfacet
  facet normal 0 0 -1
    outer loop
      vertex 16.5246 24.4 0
      vertex 9.15 34.8363 0
      vertex 14.55 34.8363 0
    endloop
  endfacet
  facet normal 0 0 -1
    outer loop
      vertex 7.17539 24.4 0
      vertex 9.15 34.8363 0
      vertex 16.5246 24.4 0
    endloop
  endfacet
  facet normal 0 0 -1
    outer loop
      vertex 7.17539 24.4 0
      vertex 6.45 39.5128 0
      vertex 9.15 34.8363 0
    endloop
  endfacet
  facet normal 0 0 -1
    outer loop
      vertex 2.45 2.4 0
      vertex 7.17539 24.4 0
      vertex 6.45 11.8 0
    endloop
  endfacet
  facet normal 0 0 -1
    outer loop
      vertex 26.55 92.6868 0
      vertex 30.45 94.9384 0
      vertex 27.8703 90.4 0
    endloop
  endfacet
  facet normal -0 0 -1
    outer loop
      vertex 30.45 81.082 0
      vertex 26.55 78.8304 0
      vertex 27.8703 90.4 0
    endloop
  endfacet
  facet normal 0 0 -1
    outer loop
      vertex 21.15 78.8304 0
      vertex 27.8703 90.4 0
      vertex 26.55 78.8304 0
    endloop
  endfacet
  facet normal 0 0 -1
    outer loop
      vertex 21.15 78.8304 0
      vertex 19.8297 90.4 0
      vertex 27.8703 90.4 0
    endloop
  endfacet
  facet normal 0 0 -1
    outer loop
      vertex 17.25 81.082 0
      vertex 21.15 78.8304 0
      vertex 18.45 74.1538 0
    endloop
  endfacet
  facet normal 0 0 -1
    outer loop
      vertex 26.55 69.4773 0
      vertex 30.45 67.2256 0
      vertex 26.55 64.974 0
    endloop
  endfacet
  facet normal 0 0 -1
    outer loop
      vertex 30.45 67.2256 0
      vertex 26.55 69.4773 0
      vertex 29.25 74.1538 0
    endloop
  endfacet
  facet normal 0 0 -1
    outer loop
      vertex 21.15 64.974 0
      vertex 26.55 69.4773 0
      vertex 26.55 64.974 0
    endloop
  endfacet
  facet normal 0 0 -1
    outer loop
      vertex 21.15 64.974 0
      vertex 21.15 69.4773 0
      vertex 26.55 69.4773 0
    endloop
  endfacet
  facet normal 0 0 -1
    outer loop
      vertex 17.25 67.2256 0
      vertex 21.15 64.974 0
      vertex 18.45 60.2974 0
    endloop
  endfacet
  facet normal 0 0 -1
    outer loop
      vertex 21.15 64.974 0
      vertex 17.25 67.2256 0
      vertex 21.15 69.4773 0
    endloop
  endfacet
  facet normal 0 0 -1
    outer loop
      vertex 26.55 55.6209 0
      vertex 30.45 53.3692 0
      vertex 26.55 51.1176 0
    endloop
  endfacet
  facet normal 0 0 -1
    outer loop
      vertex 30.45 53.3692 0
      vertex 26.55 55.6209 0
      vertex 29.25 60.2974 0
    endloop
  endfacet
  facet normal 0 0 -1
    outer loop
      vertex 21.15 51.1176 0
      vertex 26.55 55.6209 0
      vertex 26.55 51.1176 0
    endloop
  endfacet
  facet normal 0 0 -1
    outer loop
      vertex 21.15 51.1176 0
      vertex 21.15 55.6209 0
      vertex 26.55 55.6209 0
    endloop
  endfacet
  facet normal 0 0 -1
    outer loop
      vertex 17.25 53.3692 0
      vertex 21.15 51.1176 0
      vertex 18.45 46.441 0
    endloop
  endfacet
  facet normal 0 0 -1
    outer loop
      vertex 21.15 51.1176 0
      vertex 17.25 53.3692 0
      vertex 21.15 55.6209 0
    endloop
  endfacet
  facet normal 0 0 -1
    outer loop
      vertex 26.55 41.7645 0
      vertex 30.45 39.5128 0
      vertex 26.55 37.2611 0
    endloop
  endfacet
  facet normal 0 0 -1
    outer loop
      vertex 30.45 39.5128 0
      vertex 26.55 41.7645 0
      vertex 29.25 46.441 0
    endloop
  endfacet
  facet normal 0 0 -1
    outer loop
      vertex 21.15 37.2611 0
      vertex 26.55 41.7645 0
      vertex 26.55 37.2611 0
    endloop
  endfacet
  facet normal 0 0 -1
    outer loop
      vertex 21.15 37.2611 0
      vertex 21.15 41.7645 0
      vertex 26.55 41.7645 0
    endloop
  endfacet
  facet normal 0 0 -1
    outer loop
      vertex 17.25 39.5128 0
      vertex 21.15 37.2611 0
      vertex 18.45 32.5846 0
    endloop
  endfacet
  facet normal 0 0 -1
    outer loop
      vertex 21.15 37.2611 0
      vertex 17.25 39.5128 0
      vertex 21.15 41.7645 0
    endloop
  endfacet
  facet normal 0 0 -1
    outer loop
      vertex 33.15 34.8363 0
      vertex 29.1434 32.4 0
      vertex 29.25 32.5846 0
    endloop
  endfacet
  facet normal -0 0 -1
    outer loop
      vertex 31.1754 24.4 0
      vertex 26.55 23.4047 0
      vertex 29.1434 32.4 0
    endloop
  endfacet
  facet normal 0 0 -1
    outer loop
      vertex 21.15 23.4047 0
      vertex 29.1434 32.4 0
      vertex 26.55 23.4047 0
    endloop
  endfacet
  facet normal 0 0 -1
    outer loop
      vertex 21.15 23.4047 0
      vertex 18.5566 32.4 0
      vertex 29.1434 32.4 0
    endloop
  endfacet
  facet normal 0 0 -1
    outer loop
      vertex 16.5246 24.4 0
      vertex 21.15 23.4047 0
      vertex 18.45 18.7282 0
    endloop
  endfacet
  facet normal 0 0 -1
    outer loop
      vertex 21.15 23.4047 0
      vertex 16.5246 24.4 0
      vertex 18.5566 32.4 0
    endloop
  endfacet
  facet normal -0 0 -1
    outer loop
      vertex 30.45 94.9384 0
      vertex 26.55 92.6868 0
      vertex 26.55 97.1901 0
    endloop
  endfacet
  facet normal 0 0 -1
    outer loop
      vertex 30.45 94.9384 0
      vertex 26.55 97.1901 0
      vertex 29.25 101.867 0
    endloop
  endfacet
  facet normal 0 0 -1
    outer loop
      vertex 21.15 92.6868 0
      vertex 26.55 97.1901 0
      vertex 26.55 92.6868 0
    endloop
  endfacet
  facet normal 0 0 -1
    outer loop
      vertex 21.15 92.6868 0
      vertex 21.15 97.1901 0
      vertex 26.55 97.1901 0
    endloop
  endfacet
  facet normal 0 0 -1
    outer loop
      vertex 17.25 94.9384 0
      vertex 21.15 92.6868 0
      vertex 19.8297 90.4 0
    endloop
  endfacet
  facet normal 0 0 -1
    outer loop
      vertex 21.15 92.6868 0
      vertex 17.25 94.9384 0
      vertex 21.15 97.1901 0
    endloop
  endfacet
  facet normal 0 0 -1
    outer loop
      vertex 16.4891 82.4 0
      vertex 21.15 78.8304 0
      vertex 17.25 81.082 0
    endloop
  endfacet
  facet normal 0 0 -1
    outer loop
      vertex 40.4891 82.4 0
      vertex 41.25 94.9384 0
      vertex 41.25 81.082 0
    endloop
  endfacet
  facet normal 0 0 -1
    outer loop
      vertex 40.4891 82.4 0
      vertex 38.6297 90.4 0
      vertex 41.25 94.9384 0
    endloop
  endfacet
  facet normal 0 0 -1
    outer loop
      vertex 40.4891 82.4 0
      vertex 33.0703 90.4 0
      vertex 38.6297 90.4 0
    endloop
  endfacet
  facet normal 0 0 -1
    outer loop
      vertex 31.2109 82.4 0
      vertex 33.0703 90.4 0
      vertex 40.4891 82.4 0
    endloop
  endfacet
  facet normal 0 0 -1
    outer loop
      vertex 27.8703 90.4 0
      vertex 31.2109 82.4 0
      vertex 30.45 81.082 0
    endloop
  endfacet
  facet normal 0 0 -1
    outer loop
      vertex 27.8703 90.4 0
      vertex 33.0703 90.4 0
      vertex 31.2109 82.4 0
    endloop
  endfacet
  facet normal 0 0 -1
    outer loop
      vertex 38.55 76.4055 0
      vertex 42.45 74.1538 0
      vertex 38.55 71.9022 0
    endloop
  endfacet
  facet normal 0 0 -1
    outer loop
      vertex 42.45 74.1538 0
      vertex 38.55 76.4055 0
      vertex 41.25 81.082 0
    endloop
  endfacet
  facet normal 0 0 -1
    outer loop
      vertex 33.15 71.9022 0
      vertex 38.55 76.4055 0
      vertex 38.55 71.9022 0
    endloop
  endfacet
  facet normal 0 0 -1
    outer loop
      vertex 33.15 71.9022 0
      vertex 33.15 76.4055 0
      vertex 38.55 76.4055 0
    endloop
  endfacet
  facet normal 0 0 -1
    outer loop
      vertex 29.25 74.1538 0
      vertex 33.15 71.9022 0
      vertex 30.45 67.2256 0
    endloop
  endfacet
  facet normal 0 0 -1
    outer loop
      vertex 33.15 71.9022 0
      vertex 29.25 74.1538 0
      vertex 33.15 76.4055 0
    endloop
  endfacet
  facet normal 0 0 -1
    outer loop
      vertex 38.55 62.5491 0
      vertex 42.45 60.2974 0
      vertex 38.55 58.0458 0
    endloop
  endfacet
  facet normal 0 0 -1
    outer loop
      vertex 42.45 60.2974 0
      vertex 38.55 62.5491 0
      vertex 41.25 67.2256 0
    endloop
  endfacet
  facet normal 0 0 -1
    outer loop
      vertex 33.15 58.0458 0
      vertex 38.55 62.5491 0
      vertex 38.55 58.0458 0
    endloop
  endfacet
  facet normal 0 0 -1
    outer loop
      vertex 33.15 58.0458 0
      vertex 33.15 62.5491 0
      vertex 38.55 62.5491 0
    endloop
  endfacet
  facet normal 0 0 -1
    outer loop
      vertex 29.25 60.2974 0
      vertex 33.15 58.0458 0
      vertex 30.45 53.3692 0
    endloop
  endfacet
  facet normal 0 0 -1
    outer loop
      vertex 33.15 58.0458 0
      vertex 29.25 60.2974 0
      vertex 33.15 62.5491 0
    endloop
  endfacet
  facet normal 0 0 -1
    outer loop
      vertex 38.55 48.6927 0
      vertex 42.45 46.441 0
      vertex 38.55 44.1894 0
    endloop
  endfacet
  facet normal 0 0 -1
    outer loop
      vertex 42.45 46.441 0
      vertex 38.55 48.6927 0
      vertex 41.25 53.3692 0
    endloop
  endfacet
  facet normal 0 0 -1
    outer loop
      vertex 33.15 44.1894 0
      vertex 38.55 48.6927 0
      vertex 38.55 44.1894 0
    endloop
  endfacet
  facet normal 0 0 -1
    outer loop
      vertex 33.15 44.1894 0
      vertex 33.15 48.6927 0
      vertex 38.55 48.6927 0
    endloop
  endfacet
  facet normal 0 0 -1
    outer loop
      vertex 29.25 46.441 0
      vertex 33.15 44.1894 0
      vertex 30.45 39.5128 0
    endloop
  endfacet
  facet normal 0 0 -1
    outer loop
      vertex 33.15 44.1894 0
      vertex 29.25 46.441 0
      vertex 33.15 48.6927 0
    endloop
  endfacet
  facet normal 0 0 -1
    outer loop
      vertex 42.5566 32.4 0
      vertex 38.55 34.8363 0
      vertex 42.45 32.5846 0
    endloop
  endfacet
  facet normal 0 0 -1
    outer loop
      vertex 38.55 20.9799 0
      vertex 42.45 18.7282 0
      vertex 38.55 16.4765 0
    endloop
  endfacet
  facet normal 0 0 -1
    outer loop
      vertex 42.45 18.7282 0
      vertex 38.55 20.9799 0
      vertex 40.5246 24.4 0
    endloop
  endfacet
  facet normal 0 0 -1
    outer loop
      vertex 33.15 16.4765 0
      vertex 38.55 20.9799 0
      vertex 38.55 16.4765 0
    endloop
  endfacet
  facet normal 0 0 -1
    outer loop
      vertex 33.15 16.4765 0
      vertex 33.15 20.9799 0
      vertex 38.55 20.9799 0
    endloop
  endfacet
  facet normal 0 0 -1
    outer loop
      vertex 29.25 18.7282 0
      vertex 33.15 20.9799 0
      vertex 33.15 16.4765 0
    endloop
  endfacet
  facet normal 0 0 -1
    outer loop
      vertex 29.25 18.7282 0
      vertex 33.15 16.4765 0
      vertex 30.45 11.8 0
    endloop
  endfacet
  facet normal 0 0 -1
    outer loop
      vertex 42.45 32.5846 0
      vertex 38.55 34.8363 0
      vertex 41.25 39.5128 0
    endloop
  endfacet
  facet normal 0 0 -1
    outer loop
      vertex 40.5246 24.4 0
      vertex 33.15 34.8363 0
      vertex 38.55 34.8363 0
    endloop
  endfacet
  facet normal 0 0 -1
    outer loop
      vertex 31.1754 24.4 0
      vertex 33.15 34.8363 0
      vertex 40.5246 24.4 0
    endloop
  endfacet
  facet normal 0 0 -1
    outer loop
      vertex 29.1434 32.4 0
      vertex 33.15 34.8363 0
      vertex 31.1754 24.4 0
    endloop
  endfacet
  facet normal -0 0 -1
    outer loop
      vertex 33.15 20.9799 0
      vertex 29.25 18.7282 0
      vertex 31.1754 24.4 0
    endloop
  endfacet
  facet normal 0 0 -1
    outer loop
      vertex 62.05 114.4 0
      vertex 51.8703 90.4 0
      vertex 53.25 101.867 0
    endloop
  endfacet
  facet normal 0 0 -1
    outer loop
      vertex 50.55 78.8304 0
      vertex 51.8703 90.4 0
      vertex 53.25 74.1538 0
    endloop
  endfacet
  facet normal 0 0 -1
    outer loop
      vertex 45.15 78.8304 0
      vertex 51.8703 90.4 0
      vertex 50.55 78.8304 0
    endloop
  endfacet
  facet normal 0 0 -1
    outer loop
      vertex 45.15 78.8304 0
      vertex 43.8297 90.4 0
      vertex 51.8703 90.4 0
    endloop
  endfacet
  facet normal 0 -0 -1
    outer loop
      vertex 43.8297 90.4 0
      vertex 45.15 78.8304 0
      vertex 42.45 74.1538 0
    endloop
  endfacet
  facet normal 0 0 -1
    outer loop
      vertex 50.55 64.974 0
      vertex 53.25 74.1538 0
      vertex 53.25 60.2974 0
    endloop
  endfacet
  facet normal 0 0 -1
    outer loop
      vertex 50.55 64.974 0
      vertex 50.55 69.4773 0
      vertex 53.25 74.1538 0
    endloop
  endfacet
  facet normal 0 0 -1
    outer loop
      vertex 45.15 64.974 0
      vertex 50.55 69.4773 0
      vertex 50.55 64.974 0
    endloop
  endfacet
  facet normal 0 0 -1
    outer loop
      vertex 45.15 64.974 0
      vertex 45.15 69.4773 0
      vertex 50.55 69.4773 0
    endloop
  endfacet
  facet normal 0 0 -1
    outer loop
      vertex 41.25 67.2256 0
      vertex 45.15 64.974 0
      vertex 42.45 60.2974 0
    endloop
  endfacet
  facet normal 0 0 -1
    outer loop
      vertex 45.15 64.974 0
      vertex 41.25 67.2256 0
      vertex 45.15 69.4773 0
    endloop
  endfacet
  facet normal 0 0 -1
    outer loop
      vertex 50.55 51.1176 0
      vertex 53.25 60.2974 0
      vertex 53.25 46.441 0
    endloop
  endfacet
  facet normal 0 0 -1
    outer loop
      vertex 50.55 51.1176 0
      vertex 50.55 55.6209 0
      vertex 53.25 60.2974 0
    endloop
  endfacet
  facet normal 0 0 -1
    outer loop
      vertex 45.15 51.1176 0
      vertex 50.55 55.6209 0
      vertex 50.55 51.1176 0
    endloop
  endfacet
  facet normal 0 0 -1
    outer loop
      vertex 45.15 51.1176 0
      vertex 45.15 55.6209 0
      vertex 50.55 55.6209 0
    endloop
  endfacet
  facet normal 0 0 -1
    outer loop
      vertex 41.25 53.3692 0
      vertex 45.15 51.1176 0
      vertex 42.45 46.441 0
    endloop
  endfacet
  facet normal 0 0 -1
    outer loop
      vertex 45.15 51.1176 0
      vertex 41.25 53.3692 0
      vertex 45.15 55.6209 0
    endloop
  endfacet
  facet normal 0 0 -1
    outer loop
      vertex 50.55 37.2611 0
      vertex 53.25 46.441 0
      vertex 53.25 32.5846 0
    endloop
  endfacet
  facet normal 0 0 -1
    outer loop
      vertex 50.55 37.2611 0
      vertex 50.55 41.7645 0
      vertex 53.25 46.441 0
    endloop
  endfacet
  facet normal 0 0 -1
    outer loop
      vertex 45.15 37.2611 0
      vertex 50.55 41.7645 0
      vertex 50.55 37.2611 0
    endloop
  endfacet
  facet normal 0 0 -1
    outer loop
      vertex 45.15 37.2611 0
      vertex 45.15 41.7645 0
      vertex 50.55 41.7645 0
    endloop
  endfacet
  facet normal 0 0 -1
    outer loop
      vertex 41.25 39.5128 0
      vertex 45.15 37.2611 0
      vertex 42.45 32.5846 0
    endloop
  endfacet
  facet normal 0 0 -1
    outer loop
      vertex 45.15 37.2611 0
      vertex 41.25 39.5128 0
      vertex 45.15 41.7645 0
    endloop
  endfacet
  facet normal 0 0 -1
    outer loop
      vertex 53.25 18.7282 0
      vertex 53.1434 32.4 0
      vertex 53.25 32.5846 0
    endloop
  endfacet
  facet normal 0 0 -1
    outer loop
      vertex 50.55 23.4047 0
      vertex 53.1434 32.4 0
      vertex 53.25 18.7282 0
    endloop
  endfacet
  facet normal 0 0 -1
    outer loop
      vertex 45.15 23.4047 0
      vertex 53.1434 32.4 0
      vertex 50.55 23.4047 0
    endloop
  endfacet
  facet normal 0 0 -1
    outer loop
      vertex 45.15 23.4047 0
      vertex 42.5566 32.4 0
      vertex 53.1434 32.4 0
    endloop
  endfacet
  facet normal 0 0 -1
    outer loop
      vertex 40.5246 24.4 0
      vertex 45.15 23.4047 0
      vertex 42.45 18.7282 0
    endloop
  endfacet
  facet normal 0 0 -1
    outer loop
      vertex 45.15 23.4047 0
      vertex 40.5246 24.4 0
      vertex 42.5566 32.4 0
    endloop
  endfacet
  facet normal 0 0 -1
    outer loop
      vertex 63.3 3.8147e-07 0
      vertex 62.05 2.4 0
      vertex 63.3 2.4 0
    endloop
  endfacet
  facet normal 0 0 -1
    outer loop
      vertex 53.25 32.5846 0
      vertex 62.05 2.4 0
      vertex 53.25 18.7282 0
    endloop
  endfacet
  facet normal 0 0 -1
    outer loop
      vertex 38.55 7.12346 0
      vertex 62.05 2.4 0
      vertex 63.3 3.8147e-07 0
    endloop
  endfacet
  facet normal 0 0 -1
    outer loop
      vertex 62.05 2.4 0
      vertex 50.55 14.0517 0
      vertex 53.25 18.7282 0
    endloop
  endfacet
  facet normal 0 0 -1
    outer loop
      vertex 62.05 2.4 0
      vertex 38.55 7.12346 0
      vertex 50.55 14.0517 0
    endloop
  endfacet
  facet normal 0 0 -1
    outer loop
      vertex 38.55 34.8363 0
      vertex 42.5566 32.4 0
      vertex 40.5246 24.4 0
    endloop
  endfacet
  facet normal -0 0 -1
    outer loop
      vertex 45.15 41.7645 0
      vertex 41.25 39.5128 0
      vertex 42.45 46.441 0
    endloop
  endfacet
  facet normal 0 0 -1
    outer loop
      vertex 38.55 44.1894 0
      vertex 42.45 46.441 0
      vertex 41.25 39.5128 0
    endloop
  endfacet
  facet normal 0 0 -1
    outer loop
      vertex 38.55 58.0458 0
      vertex 42.45 60.2974 0
      vertex 41.25 53.3692 0
    endloop
  endfacet
  facet normal 0 0 -1
    outer loop
      vertex 38.55 16.4765 0
      vertex 42.45 18.7282 0
      vertex 41.25 11.8 0
    endloop
  endfacet
  facet normal -0 0 -1
    outer loop
      vertex 45.15 14.0517 0
      vertex 41.25 11.8 0
      vertex 42.45 18.7282 0
    endloop
  endfacet
  facet normal -0 0 -1
    outer loop
      vertex 50.55 14.0517 0
      vertex 38.55 7.12346 0
      vertex 45.15 14.0517 0
    endloop
  endfacet
  facet normal 0 0 -1
    outer loop
      vertex 45.15 14.0517 0
      vertex 38.55 7.12346 0
      vertex 41.25 11.8 0
    endloop
  endfacet
  facet normal 0 0 -1
    outer loop
      vertex 63.3 3.8147e-07 0
      vertex 33.15 7.12346 0
      vertex 38.55 7.12346 0
    endloop
  endfacet
  facet normal -0 0 -1
    outer loop
      vertex 33.15 34.8363 0
      vertex 29.25 32.5846 0
      vertex 30.45 39.5128 0
    endloop
  endfacet
  facet normal 0 0 -1
    outer loop
      vertex 26.55 37.2611 0
      vertex 30.45 39.5128 0
      vertex 29.25 32.5846 0
    endloop
  endfacet
  facet normal 0 0 -1
    outer loop
      vertex 26.55 51.1176 0
      vertex 30.45 53.3692 0
      vertex 29.25 46.441 0
    endloop
  endfacet
  facet normal -0 0 -1
    outer loop
      vertex 33.15 62.5491 0
      vertex 29.25 60.2974 0
      vertex 30.45 67.2256 0
    endloop
  endfacet
  facet normal 0 0 -1
    outer loop
      vertex 26.55 23.4047 0
      vertex 31.1754 24.4 0
      vertex 29.25 18.7282 0
    endloop
  endfacet
  facet normal 0 0 -1
    outer loop
      vertex 30.45 11.8 0
      vertex 26.55 14.0517 0
      vertex 29.25 18.7282 0
    endloop
  endfacet
  facet normal 0 0 -1
    outer loop
      vertex 33.15 7.12346 0
      vertex 26.55 14.0517 0
      vertex 30.45 11.8 0
    endloop
  endfacet
  facet normal 0 0 -1
    outer loop
      vertex 33.15 7.12346 0
      vertex 21.15 14.0517 0
      vertex 26.55 14.0517 0
    endloop
  endfacet
  facet normal 0 0 -1
    outer loop
      vertex 14.55 34.8363 0
      vertex 18.5566 32.4 0
      vertex 16.5246 24.4 0
    endloop
  endfacet
  facet normal -0 0 -1
    outer loop
      vertex 21.15 41.7645 0
      vertex 17.25 39.5128 0
      vertex 18.45 46.441 0
    endloop
  endfacet
  facet normal 0 0 -1
    outer loop
      vertex 14.55 44.1894 0
      vertex 18.45 46.441 0
      vertex 17.25 39.5128 0
    endloop
  endfacet
  facet normal 0 0 -1
    outer loop
      vertex 14.55 58.0458 0
      vertex 18.45 60.2974 0
      vertex 17.25 53.3692 0
    endloop
  endfacet
  facet normal 0 0 -1
    outer loop
      vertex 14.55 16.4765 0
      vertex 18.45 18.7282 0
      vertex 17.25 11.8 0
    endloop
  endfacet
  facet normal -0 0 -1
    outer loop
      vertex 21.15 14.0517 0
      vertex 17.25 11.8 0
      vertex 18.45 18.7282 0
    endloop
  endfacet
  facet normal 0 0 -1
    outer loop
      vertex 33.15 7.12346 0
      vertex 17.25 11.8 0
      vertex 21.15 14.0517 0
    endloop
  endfacet
  facet normal 0 0 -1
    outer loop
      vertex 33.15 7.12346 0
      vertex 14.55 7.12346 0
      vertex 17.25 11.8 0
    endloop
  endfacet
  facet normal 0 0 -1
    outer loop
      vertex 1.2 3.8147e-07 0
      vertex 33.15 7.12346 0
      vertex 63.3 3.8147e-07 0
    endloop
  endfacet
  facet normal -0 0 -1
    outer loop
      vertex 33.15 7.12346 0
      vertex 1.2 3.8147e-07 0
      vertex 14.55 7.12346 0
    endloop
  endfacet
  facet normal -0 0 -1
    outer loop
      vertex 7.17539 24.4 0
      vertex 2.45 2.4 0
      vertex 6.45 39.5128 0
    endloop
  endfacet
  facet normal -0 0 -1
    outer loop
      vertex 6.45 39.5128 0
      vertex 2.45 2.4 0
      vertex 6.45 53.3692 0
    endloop
  endfacet
  facet normal -0 0 -1
    outer loop
      vertex 6.45 53.3692 0
      vertex 2.45 2.4 0
      vertex 6.45 67.2256 0
    endloop
  endfacet
  facet normal 0 0 -1
    outer loop
      vertex 2.45 114.4 0
      vertex 6.45 67.2256 0
      vertex 2.45 2.4 0
    endloop
  endfacet
  facet normal 0 0 -1
    outer loop
      vertex 6.45 67.2256 0
      vertex 2.45 114.4 0
      vertex 6.45 81.082 0
    endloop
  endfacet
  facet normal -0 0 -1
    outer loop
      vertex 9.15 7.12346 0
      vertex 2.45 2.4 0
      vertex 6.45 11.8 0
    endloop
  endfacet
  facet normal 0 -0 -1
    outer loop
      vertex 2.45 2.4 0
      vertex 14.55 7.12346 0
      vertex 1.2 3.8147e-07 0
    endloop
  endfacet
  facet normal -0 0 -1
    outer loop
      vertex 14.55 7.12346 0
      vertex 2.45 2.4 0
      vertex 9.15 7.12346 0
    endloop
  endfacet
  facet normal -0 0 -1
    outer loop
      vertex 2.45 2.4 0
      vertex 1.2 3.8147e-07 0
      vertex 1.2 2.4 0
    endloop
  endfacet
  facet normal 0 0 -1
    outer loop
      vertex 53.25 46.441 0
      vertex 62.05 2.4 0
      vertex 53.25 32.5846 0
    endloop
  endfacet
  facet normal 0 0 -1
    outer loop
      vertex 53.25 60.2974 0
      vertex 62.05 2.4 0
      vertex 53.25 46.441 0
    endloop
  endfacet
  facet normal 0 0 -1
    outer loop
      vertex 62.05 2.4 0
      vertex 53.25 60.2974 0
      vertex 62.05 114.4 0
    endloop
  endfacet
  facet normal 0 0 -1
    outer loop
      vertex 53.25 74.1538 0
      vertex 62.05 114.4 0
      vertex 53.25 60.2974 0
    endloop
  endfacet
  facet normal 0 0 -1
    outer loop
      vertex 51.8703 90.4 0
      vertex 62.05 114.4 0
      vertex 53.25 74.1538 0
    endloop
  endfacet
  facet normal 0 0 -1
    outer loop
      vertex 50.55 106.543 0
      vertex 62.05 114.4 0
      vertex 53.25 101.867 0
    endloop
  endfacet
  facet normal 0 0 -1
    outer loop
      vertex 45.15 106.543 0
      vertex 62.05 114.4 0
      vertex 50.55 106.543 0
    endloop
  endfacet
  facet normal -0 0 -1
    outer loop
      vertex 45.15 55.6209 0
      vertex 41.25 53.3692 0
      vertex 42.45 60.2974 0
    endloop
  endfacet
  facet normal -0 0 -1
    outer loop
      vertex 45.15 69.4773 0
      vertex 41.25 67.2256 0
      vertex 42.45 74.1538 0
    endloop
  endfacet
  facet normal 0 0 -1
    outer loop
      vertex 38.55 71.9022 0
      vertex 42.45 74.1538 0
      vertex 41.25 67.2256 0
    endloop
  endfacet
  facet normal 0 0 -1
    outer loop
      vertex 42.45 74.1538 0
      vertex 41.25 81.082 0
      vertex 42.45 101.867 0
    endloop
  endfacet
  facet normal 0 0 -1
    outer loop
      vertex 41.25 94.9384 0
      vertex 42.45 101.867 0
      vertex 41.25 81.082 0
    endloop
  endfacet
  facet normal 0 0 -1
    outer loop
      vertex 38.55 99.615 0
      vertex 42.45 101.867 0
      vertex 41.25 94.9384 0
    endloop
  endfacet
  facet normal 0 0 -1
    outer loop
      vertex 38.55 99.615 0
      vertex 45.15 106.543 0
      vertex 42.45 101.867 0
    endloop
  endfacet
  facet normal 0 0 -1
    outer loop
      vertex 33.15 99.615 0
      vertex 45.15 106.543 0
      vertex 38.55 99.615 0
    endloop
  endfacet
  facet normal -0 0 -1
    outer loop
      vertex 33.15 48.6927 0
      vertex 29.25 46.441 0
      vertex 30.45 53.3692 0
    endloop
  endfacet
  facet normal 0 0 -1
    outer loop
      vertex 26.55 64.974 0
      vertex 30.45 67.2256 0
      vertex 29.25 60.2974 0
    endloop
  endfacet
  facet normal -0 0 -1
    outer loop
      vertex 33.15 76.4055 0
      vertex 29.25 74.1538 0
      vertex 30.45 81.082 0
    endloop
  endfacet
  facet normal 0 0 -1
    outer loop
      vertex 26.55 78.8304 0
      vertex 30.45 81.082 0
      vertex 29.25 74.1538 0
    endloop
  endfacet
  facet normal 0 0 -1
    outer loop
      vertex 33.0703 90.4 0
      vertex 27.8703 90.4 0
      vertex 30.45 94.9384 0
    endloop
  endfacet
  facet normal 0 0 -1
    outer loop
      vertex 29.25 101.867 0
      vertex 33.15 99.615 0
      vertex 30.45 94.9384 0
    endloop
  endfacet
  facet normal 0 0 -1
    outer loop
      vertex 29.25 101.867 0
      vertex 45.15 106.543 0
      vertex 33.15 99.615 0
    endloop
  endfacet
  facet normal 0 0 -1
    outer loop
      vertex 26.55 106.543 0
      vertex 45.15 106.543 0
      vertex 29.25 101.867 0
    endloop
  endfacet
  facet normal 0 0 -1
    outer loop
      vertex 45.15 106.543 0
      vertex 26.55 106.543 0
      vertex 62.05 114.4 0
    endloop
  endfacet
  facet normal 0 0 -1
    outer loop
      vertex 2.45 114.4 0
      vertex 26.55 106.543 0
      vertex 21.15 106.543 0
    endloop
  endfacet
  facet normal -0 0 -1
    outer loop
      vertex 21.15 55.6209 0
      vertex 17.25 53.3692 0
      vertex 18.45 60.2974 0
    endloop
  endfacet
  facet normal -0 0 -1
    outer loop
      vertex 21.15 69.4773 0
      vertex 17.25 67.2256 0
      vertex 18.45 74.1538 0
    endloop
  endfacet
  facet normal 0 0 -1
    outer loop
      vertex 14.55 71.9022 0
      vertex 18.45 74.1538 0
      vertex 17.25 67.2256 0
    endloop
  endfacet
  facet normal 0 0 -1
    outer loop
      vertex 21.15 78.8304 0
      vertex 16.4891 82.4 0
      vertex 19.8297 90.4 0
    endloop
  endfacet
  facet normal -0 0 -1
    outer loop
      vertex 21.15 97.1901 0
      vertex 17.25 94.9384 0
      vertex 18.45 101.867 0
    endloop
  endfacet
  facet normal 0 0 -1
    outer loop
      vertex 14.55 99.615 0
      vertex 18.45 101.867 0
      vertex 17.25 94.9384 0
    endloop
  endfacet
  facet normal 0 0 -1
    outer loop
      vertex 14.55 99.615 0
      vertex 21.15 106.543 0
      vertex 18.45 101.867 0
    endloop
  endfacet
  facet normal 0 0 -1
    outer loop
      vertex 9.15 99.615 0
      vertex 21.15 106.543 0
      vertex 14.55 99.615 0
    endloop
  endfacet
  facet normal 0 0 -1
    outer loop
      vertex 26.55 106.543 0
      vertex 2.45 114.4 0
      vertex 62.05 114.4 0
    endloop
  endfacet
  facet normal 0 0 -1
    outer loop
      vertex 9.15 99.615 0
      vertex 2.45 114.4 0
      vertex 21.15 106.543 0
    endloop
  endfacet
  facet normal 0 0 -1
    outer loop
      vertex 6.45 94.9384 0
      vertex 2.45 114.4 0
      vertex 9.15 99.615 0
    endloop
  endfacet
  facet normal 0 0 -1
    outer loop
      vertex 6.45 81.082 0
      vertex 2.45 114.4 0
      vertex 6.45 94.9384 0
    endloop
  endfacet
  facet normal 0 0 -1
    outer loop
      vertex 50.55 97.1901 0
      vertex 51.8703 90.4 0
      vertex 50.55 92.6868 0
    endloop
  endfacet
  facet normal 0 0 -1
    outer loop
      vertex 51.8703 90.4 0
      vertex 50.55 97.1901 0
      vertex 53.25 101.867 0
    endloop
  endfacet
  facet normal 0 0 -1
    outer loop
      vertex 45.15 92.6868 0
      vertex 50.55 97.1901 0
      vertex 50.55 92.6868 0
    endloop
  endfacet
  facet normal 0 0 -1
    outer loop
      vertex 45.15 92.6868 0
      vertex 45.15 97.1901 0
      vertex 50.55 97.1901 0
    endloop
  endfacet
  facet normal 0 0 -1
    outer loop
      vertex 43.8297 90.4 0
      vertex 45.15 97.1901 0
      vertex 45.15 92.6868 0
    endloop
  endfacet
  facet normal 0 0 -1
    outer loop
      vertex 43.8297 90.4 0
      vertex 42.45 101.867 0
      vertex 45.15 97.1901 0
    endloop
  endfacet
  facet normal 0 0 -1
    outer loop
      vertex 42.45 101.867 0
      vertex 43.8297 90.4 0
      vertex 42.45 74.1538 0
    endloop
  endfacet
  facet normal 0 1 0
    outer loop
      vertex 63.3 2.4 30
      vertex 62.85 2.4 29.6
      vertex 59 2.4 30
    endloop
  endfacet
  facet normal 0 1 0
    outer loop
      vertex 64.5 2.4 28.8
      vertex 62.85 2.4 29.6
      vertex 63.3 2.4 30
    endloop
  endfacet
  facet normal 0 1 -0
    outer loop
      vertex 64.5 2.4 1.2
      vertex 62.85 2.4 29.6
      vertex 64.5 2.4 28.8
    endloop
  endfacet
  facet normal 0 1 0
    outer loop
      vertex 64.5 2.4 1.2
      vertex 62.85 2.4 0.4
      vertex 62.85 2.4 29.6
    endloop
  endfacet
  facet normal 0 1 -0
    outer loop
      vertex 63.3 2.4 0
      vertex 62.85 2.4 0.4
      vertex 64.5 2.4 1.2
    endloop
  endfacet
  facet normal 0 1 0
    outer loop
      vertex 62.05 2.4 0
      vertex 62.85 2.4 0.4
      vertex 63.3 2.4 0
    endloop
  endfacet
  facet normal 0 1 0
    outer loop
      vertex 62.85 2.4 0.4
      vertex 62.05 2.4 0
      vertex 62.05 2.4 0.4
    endloop
  endfacet
  facet normal 0 1 0
    outer loop
      vertex 59 2.4 30
      vertex 62.85 2.4 29.6
      vertex 59 2.4 29.6
    endloop
  endfacet
  facet normal 0 1 0
    outer loop
      vertex 2.45 2.4 0.4
      vertex 2.45 2.4 0
      vertex 1.65 2.4 0.4
    endloop
  endfacet
  facet normal 0 1 0
    outer loop
      vertex 1.65 2.4 29.6
      vertex 5.5 2.4 30
      vertex 5.5 2.4 29.6
    endloop
  endfacet
  facet normal 0 1 0
    outer loop
      vertex 5.5 2.4 30
      vertex 1.65 2.4 29.6
      vertex 1.2 2.4 30
    endloop
  endfacet
  facet normal 0 1 0
    outer loop
      vertex 1.65 2.4 29.6
      vertex 0 2.4 28.8
      vertex 1.2 2.4 30
    endloop
  endfacet
  facet normal 0 1 0
    outer loop
      vertex 1.65 2.4 29.6
      vertex 0 2.4 1.2
      vertex 0 2.4 28.8
    endloop
  endfacet
  facet normal 0 1 -0
    outer loop
      vertex 1.65 2.4 0.4
      vertex 0 2.4 1.2
      vertex 1.65 2.4 29.6
    endloop
  endfacet
  facet normal 0 1 0
    outer loop
      vertex 1.2 2.4 0
      vertex 1.65 2.4 0.4
      vertex 2.45 2.4 0
    endloop
  endfacet
  facet normal 0 1 0
    outer loop
      vertex 1.65 2.4 0.4
      vertex 1.2 2.4 0
      vertex 0 2.4 1.2
    endloop
  endfacet
  facet normal 0 1 -0
    outer loop
      vertex 62.05 114.4 0
      vertex 2.45 114.4 1.8
      vertex 62.05 114.4 1.8
    endloop
  endfacet
  facet normal 0 1 0
    outer loop
      vertex 2.45 114.4 1.8
      vertex 62.05 114.4 0
      vertex 2.45 114.4 0
    endloop
  endfacet
  facet normal 1 0 0
    outer loop
      vertex 4.25 112.4 6.8
      vertex 4.25 90.4 3.4
      vertex 4.25 112.4 1.8
    endloop
  endfacet
  facet normal 1 0 0
    outer loop
      vertex 4.25 112.4 6.8
      vertex 4.25 82.4 3.4
      vertex 4.25 90.4 3.4
    endloop
  endfacet
  facet normal 1 0 0
    outer loop
      vertex 4.25 82.4 3.4
      vertex 4.25 32.4 3.4
      vertex 4.25 82.4 1.8
    endloop
  endfacet
  facet normal 1 -0 0
    outer loop
      vertex 4.25 23.4 6.8
      vertex 4.25 82.4 3.4
      vertex 4.25 112.4 6.8
    endloop
  endfacet
  facet normal 1 0 0
    outer loop
      vertex 4.25 82.4 3.4
      vertex 4.25 23.4 6.8
      vertex 4.25 32.4 3.4
    endloop
  endfacet
  facet normal 1 0 0
    outer loop
      vertex 4.25 32.4 3.4
      vertex 4.25 23.4 6.8
      vertex 4.25 24.4 3.4
    endloop
  endfacet
  facet normal 1 0 0
    outer loop
      vertex 4.25 23.4 1.8
      vertex 4.25 24.4 3.4
      vertex 4.25 23.4 6.8
    endloop
  endfacet
  facet normal 1 0 0
    outer loop
      vertex 4.25 24.4 3.4
      vertex 4.25 23.4 1.8
      vertex 4.25 24.4 1.8
    endloop
  endfacet
  facet normal 1 0 0
    outer loop
      vertex 4.25 112.4 1.8
      vertex 4.25 90.4 3.4
      vertex 4.25 90.4 1.8
    endloop
  endfacet
  facet normal 1 0 0
    outer loop
      vertex 4.25 82.4 1.8
      vertex 4.25 32.4 3.4
      vertex 4.25 32.4 1.8
    endloop
  endfacet
  facet normal 0 0 1
    outer loop
      vertex 60.25 32.4 3.4
      vertex 60 28.9 3.4
      vertex 60.25 24.4 3.4
    endloop
  endfacet
  facet normal 0 0 1
    outer loop
      vertex 60.25 32.4 3.4
      vertex 59.9722 29.3242 3.4
      vertex 60 28.9 3.4
    endloop
  endfacet
  facet normal 0 0 1
    outer loop
      vertex 60.25 32.4 3.4
      vertex 59.8893 29.7412 3.4
      vertex 59.9722 29.3242 3.4
    endloop
  endfacet
  facet normal 0 0 1
    outer loop
      vertex 60.25 32.4 3.4
      vertex 59.7526 30.1437 3.4
      vertex 59.8893 29.7412 3.4
    endloop
  endfacet
  facet normal 0 0 1
    outer loop
      vertex 60.25 32.4 3.4
      vertex 59.5646 30.525 3.4
      vertex 59.7526 30.1437 3.4
    endloop
  endfacet
  facet normal 0 0 1
    outer loop
      vertex 60.25 32.4 3.4
      vertex 59.3284 30.8785 3.4
      vertex 59.5646 30.525 3.4
    endloop
  endfacet
  facet normal 0 0 1
    outer loop
      vertex 60.25 32.4 3.4
      vertex 59.0481 31.1981 3.4
      vertex 59.3284 30.8785 3.4
    endloop
  endfacet
  facet normal 0 0 1
    outer loop
      vertex 60.25 32.4 3.4
      vertex 58.7285 31.4784 3.4
      vertex 59.0481 31.1981 3.4
    endloop
  endfacet
  facet normal 0 0 1
    outer loop
      vertex 60.25 32.4 3.4
      vertex 58.375 31.7146 3.4
      vertex 58.7285 31.4784 3.4
    endloop
  endfacet
  facet normal 0 0 1
    outer loop
      vertex 60.25 32.4 3.4
      vertex 57.9937 31.9026 3.4
      vertex 58.375 31.7146 3.4
    endloop
  endfacet
  facet normal 0 0 1
    outer loop
      vertex 60.25 32.4 3.4
      vertex 57.5912 32.0393 3.4
      vertex 57.9937 31.9026 3.4
    endloop
  endfacet
  facet normal 0 0 1
    outer loop
      vertex 60.25 32.4 3.4
      vertex 57.1742 32.1222 3.4
      vertex 57.5912 32.0393 3.4
    endloop
  endfacet
  facet normal 0 0 1
    outer loop
      vertex 60.25 32.4 3.4
      vertex 56.75 32.15 3.4
      vertex 57.1742 32.1222 3.4
    endloop
  endfacet
  facet normal 0 0 1
    outer loop
      vertex 60.25 32.4 3.4
      vertex 56.3258 32.1222 3.4
      vertex 56.75 32.15 3.4
    endloop
  endfacet
  facet normal 0 0 1
    outer loop
      vertex 53.5278 29.3242 3.4
      vertex 11 28.9 3.4
      vertex 53.5 28.9 3.4
    endloop
  endfacet
  facet normal 0 0 1
    outer loop
      vertex 10.9722 29.3242 3.4
      vertex 53.5278 29.3242 3.4
      vertex 53.6107 29.7412 3.4
    endloop
  endfacet
  facet normal 0 0 1
    outer loop
      vertex 10.8893 29.7412 3.4
      vertex 53.6107 29.7412 3.4
      vertex 53.7474 30.1437 3.4
    endloop
  endfacet
  facet normal 0 0 1
    outer loop
      vertex 10.7526 30.1437 3.4
      vertex 53.7474 30.1437 3.4
      vertex 53.9354 30.525 3.4
    endloop
  endfacet
  facet normal 0 0 1
    outer loop
      vertex 10.5646 30.525 3.4
      vertex 53.9354 30.525 3.4
      vertex 54.1716 30.8785 3.4
    endloop
  endfacet
  facet normal 0 0 1
    outer loop
      vertex 10.3284 30.8785 3.4
      vertex 54.1716 30.8785 3.4
      vertex 54.4519 31.1981 3.4
    endloop
  endfacet
  facet normal 0 0 1
    outer loop
      vertex 10.0481 31.1981 3.4
      vertex 54.4519 31.1981 3.4
      vertex 54.7715 31.4784 3.4
    endloop
  endfacet
  facet normal 0 0 1
    outer loop
      vertex 9.72847 31.4784 3.4
      vertex 54.7715 31.4784 3.4
      vertex 55.125 31.7146 3.4
    endloop
  endfacet
  facet normal 0 0 1
    outer loop
      vertex 9.375 31.7146 3.4
      vertex 55.125 31.7146 3.4
      vertex 55.5063 31.9026 3.4
    endloop
  endfacet
  facet normal 0 0 1
    outer loop
      vertex 8.99372 31.9026 3.4
      vertex 55.5063 31.9026 3.4
      vertex 55.9088 32.0393 3.4
    endloop
  endfacet
  facet normal 0 0 1
    outer loop
      vertex 8.59116 32.0393 3.4
      vertex 55.9088 32.0393 3.4
      vertex 56.3258 32.1222 3.4
    endloop
  endfacet
  facet normal 0 0 1
    outer loop
      vertex 53.5278 29.3242 3.4
      vertex 10.9722 29.3242 3.4
      vertex 11 28.9 3.4
    endloop
  endfacet
  facet normal 0 0 1
    outer loop
      vertex 8.17421 32.1222 3.4
      vertex 56.3258 32.1222 3.4
      vertex 60.25 32.4 3.4
    endloop
  endfacet
  facet normal 0 0 1
    outer loop
      vertex 53.6107 29.7412 3.4
      vertex 10.8893 29.7412 3.4
      vertex 10.9722 29.3242 3.4
    endloop
  endfacet
  facet normal 0 0 1
    outer loop
      vertex 53.7474 30.1437 3.4
      vertex 10.7526 30.1437 3.4
      vertex 10.8893 29.7412 3.4
    endloop
  endfacet
  facet normal 0 0 1
    outer loop
      vertex 53.9354 30.525 3.4
      vertex 10.5646 30.525 3.4
      vertex 10.7526 30.1437 3.4
    endloop
  endfacet
  facet normal 0 0 1
    outer loop
      vertex 54.1716 30.8785 3.4
      vertex 10.3284 30.8785 3.4
      vertex 10.5646 30.525 3.4
    endloop
  endfacet
  facet normal 0 0 1
    outer loop
      vertex 54.4519 31.1981 3.4
      vertex 10.0481 31.1981 3.4
      vertex 10.3284 30.8785 3.4
    endloop
  endfacet
  facet normal 0 0 1
    outer loop
      vertex 54.7715 31.4784 3.4
      vertex 9.72847 31.4784 3.4
      vertex 10.0481 31.1981 3.4
    endloop
  endfacet
  facet normal 0 0 1
    outer loop
      vertex 55.125 31.7146 3.4
      vertex 9.375 31.7146 3.4
      vertex 9.72847 31.4784 3.4
    endloop
  endfacet
  facet normal 0 0 1
    outer loop
      vertex 55.5063 31.9026 3.4
      vertex 8.99372 31.9026 3.4
      vertex 9.375 31.7146 3.4
    endloop
  endfacet
  facet normal 0 0 1
    outer loop
      vertex 55.9088 32.0393 3.4
      vertex 8.59116 32.0393 3.4
      vertex 8.99372 31.9026 3.4
    endloop
  endfacet
  facet normal 0 0 1
    outer loop
      vertex 56.3258 32.1222 3.4
      vertex 8.17421 32.1222 3.4
      vertex 8.59116 32.0393 3.4
    endloop
  endfacet
  facet normal 0 0 1
    outer loop
      vertex 60.25 32.4 3.4
      vertex 7.75 32.15 3.4
      vertex 8.17421 32.1222 3.4
    endloop
  endfacet
  facet normal 0 0 1
    outer loop
      vertex 4.5278 29.3242 3.4
      vertex 4.25 32.4 3.4
      vertex 4.5 28.9 3.4
    endloop
  endfacet
  facet normal 0 0 1
    outer loop
      vertex 4.61074 29.7412 3.4
      vertex 4.25 32.4 3.4
      vertex 4.5278 29.3242 3.4
    endloop
  endfacet
  facet normal 0 0 1
    outer loop
      vertex 4.74739 30.1437 3.4
      vertex 4.25 32.4 3.4
      vertex 4.61074 29.7412 3.4
    endloop
  endfacet
  facet normal 0 0 1
    outer loop
      vertex 4.93542 30.525 3.4
      vertex 4.25 32.4 3.4
      vertex 4.74739 30.1437 3.4
    endloop
  endfacet
  facet normal 0 0 1
    outer loop
      vertex 5.1716 30.8785 3.4
      vertex 4.25 32.4 3.4
      vertex 4.93542 30.525 3.4
    endloop
  endfacet
  facet normal 0 0 1
    outer loop
      vertex 5.4519 31.1981 3.4
      vertex 4.25 32.4 3.4
      vertex 5.1716 30.8785 3.4
    endloop
  endfacet
  facet normal 0 0 1
    outer loop
      vertex 5.77153 31.4784 3.4
      vertex 4.25 32.4 3.4
      vertex 5.4519 31.1981 3.4
    endloop
  endfacet
  facet normal 0 0 1
    outer loop
      vertex 6.125 31.7146 3.4
      vertex 4.25 32.4 3.4
      vertex 5.77153 31.4784 3.4
    endloop
  endfacet
  facet normal 0 0 1
    outer loop
      vertex 6.50628 31.9026 3.4
      vertex 4.25 32.4 3.4
      vertex 6.125 31.7146 3.4
    endloop
  endfacet
  facet normal 0 0 1
    outer loop
      vertex 6.90884 32.0393 3.4
      vertex 4.25 32.4 3.4
      vertex 6.50628 31.9026 3.4
    endloop
  endfacet
  facet normal 0 0 1
    outer loop
      vertex 7.32579 32.1222 3.4
      vertex 4.25 32.4 3.4
      vertex 6.90884 32.0393 3.4
    endloop
  endfacet
  facet normal 0 0 1
    outer loop
      vertex 7.75 32.15 3.4
      vertex 4.25 32.4 3.4
      vertex 7.32579 32.1222 3.4
    endloop
  endfacet
  facet normal -0 0 1
    outer loop
      vertex 4.25 32.4 3.4
      vertex 7.75 32.15 3.4
      vertex 60.25 32.4 3.4
    endloop
  endfacet
  facet normal -0 0 1
    outer loop
      vertex 59.9722 28.4758 3.4
      vertex 60.25 24.4 3.4
      vertex 60 28.9 3.4
    endloop
  endfacet
  facet normal -0 0 1
    outer loop
      vertex 59.8893 28.0588 3.4
      vertex 60.25 24.4 3.4
      vertex 59.9722 28.4758 3.4
    endloop
  endfacet
  facet normal -0 0 1
    outer loop
      vertex 59.7526 27.6563 3.4
      vertex 60.25 24.4 3.4
      vertex 59.8893 28.0588 3.4
    endloop
  endfacet
  facet normal -0 0 1
    outer loop
      vertex 59.5646 27.275 3.4
      vertex 60.25 24.4 3.4
      vertex 59.7526 27.6563 3.4
    endloop
  endfacet
  facet normal -0 0 1
    outer loop
      vertex 59.3284 26.9215 3.4
      vertex 60.25 24.4 3.4
      vertex 59.5646 27.275 3.4
    endloop
  endfacet
  facet normal -0 0 1
    outer loop
      vertex 59.0481 26.6019 3.4
      vertex 60.25 24.4 3.4
      vertex 59.3284 26.9215 3.4
    endloop
  endfacet
  facet normal -0 0 1
    outer loop
      vertex 58.7285 26.3216 3.4
      vertex 60.25 24.4 3.4
      vertex 59.0481 26.6019 3.4
    endloop
  endfacet
  facet normal -0 0 1
    outer loop
      vertex 58.375 26.0854 3.4
      vertex 60.25 24.4 3.4
      vertex 58.7285 26.3216 3.4
    endloop
  endfacet
  facet normal -0 0 1
    outer loop
      vertex 57.9937 25.8974 3.4
      vertex 60.25 24.4 3.4
      vertex 58.375 26.0854 3.4
    endloop
  endfacet
  facet normal -0 0 1
    outer loop
      vertex 57.5912 25.7607 3.4
      vertex 60.25 24.4 3.4
      vertex 57.9937 25.8974 3.4
    endloop
  endfacet
  facet normal -0 0 1
    outer loop
      vertex 57.1742 25.6778 3.4
      vertex 60.25 24.4 3.4
      vertex 57.5912 25.7607 3.4
    endloop
  endfacet
  facet normal -0 0 1
    outer loop
      vertex 56.75 25.65 3.4
      vertex 60.25 24.4 3.4
      vertex 57.1742 25.6778 3.4
    endloop
  endfacet
  facet normal 0 0 1
    outer loop
      vertex 56.3258 25.6778 3.4
      vertex 60.25 24.4 3.4
      vertex 56.75 25.65 3.4
    endloop
  endfacet
  facet normal 0 0 1
    outer loop
      vertex 55.9088 25.7607 3.4
      vertex 60.25 24.4 3.4
      vertex 56.3258 25.6778 3.4
    endloop
  endfacet
  facet normal -0 0 1
    outer loop
      vertex 11 28.9 3.4
      vertex 53.5278 28.4758 3.4
      vertex 53.5 28.9 3.4
    endloop
  endfacet
  facet normal 0 0 1
    outer loop
      vertex 10.9722 28.4758 3.4
      vertex 53.5278 28.4758 3.4
      vertex 11 28.9 3.4
    endloop
  endfacet
  facet normal 0 0 1
    outer loop
      vertex 53.5278 28.4758 3.4
      vertex 10.9722 28.4758 3.4
      vertex 53.6107 28.0588 3.4
    endloop
  endfacet
  facet normal 0 0 1
    outer loop
      vertex 10.8893 28.0588 3.4
      vertex 53.6107 28.0588 3.4
      vertex 10.9722 28.4758 3.4
    endloop
  endfacet
  facet normal 0 0 1
    outer loop
      vertex 53.6107 28.0588 3.4
      vertex 10.8893 28.0588 3.4
      vertex 53.7474 27.6563 3.4
    endloop
  endfacet
  facet normal 0 0 1
    outer loop
      vertex 10.7526 27.6563 3.4
      vertex 53.7474 27.6563 3.4
      vertex 10.8893 28.0588 3.4
    endloop
  endfacet
  facet normal 0 0 1
    outer loop
      vertex 53.7474 27.6563 3.4
      vertex 10.7526 27.6563 3.4
      vertex 53.9354 27.275 3.4
    endloop
  endfacet
  facet normal 0 0 1
    outer loop
      vertex 10.5646 27.275 3.4
      vertex 53.9354 27.275 3.4
      vertex 10.7526 27.6563 3.4
    endloop
  endfacet
  facet normal 0 0 1
    outer loop
      vertex 53.9354 27.275 3.4
      vertex 10.5646 27.275 3.4
      vertex 54.1716 26.9215 3.4
    endloop
  endfacet
  facet normal 0 0 1
    outer loop
      vertex 10.3284 26.9215 3.4
      vertex 54.1716 26.9215 3.4
      vertex 10.5646 27.275 3.4
    endloop
  endfacet
  facet normal 0 0 1
    outer loop
      vertex 54.1716 26.9215 3.4
      vertex 10.3284 26.9215 3.4
      vertex 54.4519 26.6019 3.4
    endloop
  endfacet
  facet normal 0 0 1
    outer loop
      vertex 10.0481 26.6019 3.4
      vertex 54.4519 26.6019 3.4
      vertex 10.3284 26.9215 3.4
    endloop
  endfacet
  facet normal 0 0 1
    outer loop
      vertex 54.4519 26.6019 3.4
      vertex 10.0481 26.6019 3.4
      vertex 54.7715 26.3216 3.4
    endloop
  endfacet
  facet normal 0 0 1
    outer loop
      vertex 9.72847 26.3216 3.4
      vertex 54.7715 26.3216 3.4
      vertex 10.0481 26.6019 3.4
    endloop
  endfacet
  facet normal 0 0 1
    outer loop
      vertex 54.7715 26.3216 3.4
      vertex 9.72847 26.3216 3.4
      vertex 55.125 26.0854 3.4
    endloop
  endfacet
  facet normal 0 0 1
    outer loop
      vertex 9.375 26.0854 3.4
      vertex 55.125 26.0854 3.4
      vertex 9.72847 26.3216 3.4
    endloop
  endfacet
  facet normal 0 0 1
    outer loop
      vertex 55.125 26.0854 3.4
      vertex 9.375 26.0854 3.4
      vertex 55.5063 25.8974 3.4
    endloop
  endfacet
  facet normal 0 0 1
    outer loop
      vertex 8.99372 25.8974 3.4
      vertex 55.5063 25.8974 3.4
      vertex 9.375 26.0854 3.4
    endloop
  endfacet
  facet normal 0 0 1
    outer loop
      vertex 55.5063 25.8974 3.4
      vertex 8.99372 25.8974 3.4
      vertex 55.9088 25.7607 3.4
    endloop
  endfacet
  facet normal 0 0 1
    outer loop
      vertex 8.59116 25.7607 3.4
      vertex 55.9088 25.7607 3.4
      vertex 8.99372 25.8974 3.4
    endloop
  endfacet
  facet normal 0 0 1
    outer loop
      vertex 55.9088 25.7607 3.4
      vertex 8.59116 25.7607 3.4
      vertex 60.25 24.4 3.4
    endloop
  endfacet
  facet normal 0 0 1
    outer loop
      vertex 4.25 24.4 3.4
      vertex 8.59116 25.7607 3.4
      vertex 8.17421 25.6778 3.4
    endloop
  endfacet
  facet normal 0 0 1
    outer loop
      vertex 4.25 24.4 3.4
      vertex 8.17421 25.6778 3.4
      vertex 7.75 25.65 3.4
    endloop
  endfacet
  facet normal 0 0 1
    outer loop
      vertex 4.25 24.4 3.4
      vertex 4.5 28.9 3.4
      vertex 4.25 32.4 3.4
    endloop
  endfacet
  facet normal 0 0 1
    outer loop
      vertex 8.59116 25.7607 3.4
      vertex 4.25 24.4 3.4
      vertex 60.25 24.4 3.4
    endloop
  endfacet
  facet normal 0 0 1
    outer loop
      vertex 7.32579 25.6778 3.4
      vertex 4.25 24.4 3.4
      vertex 7.75 25.65 3.4
    endloop
  endfacet
  facet normal 0 0 1
    outer loop
      vertex 6.90884 25.7607 3.4
      vertex 4.25 24.4 3.4
      vertex 7.32579 25.6778 3.4
    endloop
  endfacet
  facet normal 0 0 1
    outer loop
      vertex 6.50628 25.8974 3.4
      vertex 4.25 24.4 3.4
      vertex 6.90884 25.7607 3.4
    endloop
  endfacet
  facet normal 0 0 1
    outer loop
      vertex 6.125 26.0854 3.4
      vertex 4.25 24.4 3.4
      vertex 6.50628 25.8974 3.4
    endloop
  endfacet
  facet normal 0 0 1
    outer loop
      vertex 5.77153 26.3216 3.4
      vertex 4.25 24.4 3.4
      vertex 6.125 26.0854 3.4
    endloop
  endfacet
  facet normal 0 0 1
    outer loop
      vertex 5.4519 26.6019 3.4
      vertex 4.25 24.4 3.4
      vertex 5.77153 26.3216 3.4
    endloop
  endfacet
  facet normal 0 0 1
    outer loop
      vertex 5.1716 26.9215 3.4
      vertex 4.25 24.4 3.4
      vertex 5.4519 26.6019 3.4
    endloop
  endfacet
  facet normal 0 0 1
    outer loop
      vertex 4.93542 27.275 3.4
      vertex 4.25 24.4 3.4
      vertex 5.1716 26.9215 3.4
    endloop
  endfacet
  facet normal 0 0 1
    outer loop
      vertex 4.74739 27.6563 3.4
      vertex 4.25 24.4 3.4
      vertex 4.93542 27.275 3.4
    endloop
  endfacet
  facet normal 0 0 1
    outer loop
      vertex 4.61074 28.0588 3.4
      vertex 4.25 24.4 3.4
      vertex 4.74739 27.6563 3.4
    endloop
  endfacet
  facet normal 0 0 1
    outer loop
      vertex 4.5278 28.4758 3.4
      vertex 4.25 24.4 3.4
      vertex 4.61074 28.0588 3.4
    endloop
  endfacet
  facet normal 0 0 1
    outer loop
      vertex 4.5 28.9 3.4
      vertex 4.25 24.4 3.4
      vertex 4.5278 28.4758 3.4
    endloop
  endfacet
  facet normal -1 0 0
    outer loop
      vertex 60.25 24.4 1.8
      vertex 60.25 23.4 1.8
      vertex 60.25 24.4 3.4
    endloop
  endfacet
  facet normal -1 0 0
    outer loop
      vertex 60.25 82.4 1.8
      vertex 60.25 32.4 1.8
      vertex 60.25 82.4 3.4
    endloop
  endfacet
  facet normal -1 0 0
    outer loop
      vertex 60.25 90.4 3.4
      vertex 60.25 112.4 1.8
      vertex 60.25 90.4 1.8
    endloop
  endfacet
  facet normal -1 0 0
    outer loop
      vertex 60.25 112.4 1.8
      vertex 60.25 90.4 3.4
      vertex 60.25 112.4 6.8
    endloop
  endfacet
  facet normal -1 0 0
    outer loop
      vertex 60.25 82.4 3.4
      vertex 60.25 112.4 6.8
      vertex 60.25 90.4 3.4
    endloop
  endfacet
  facet normal -1 0 0
    outer loop
      vertex 60.25 32.4 3.4
      vertex 60.25 82.4 3.4
      vertex 60.25 32.4 1.8
    endloop
  endfacet
  facet normal -1 0 0
    outer loop
      vertex 60.25 23.4 6.8
      vertex 60.25 82.4 3.4
      vertex 60.25 32.4 3.4
    endloop
  endfacet
  facet normal -1 0 0
    outer loop
      vertex 60.25 23.4 6.8
      vertex 60.25 32.4 3.4
      vertex 60.25 24.4 3.4
    endloop
  endfacet
  facet normal -1 0 0
    outer loop
      vertex 60.25 82.4 3.4
      vertex 60.25 23.4 6.8
      vertex 60.25 112.4 6.8
    endloop
  endfacet
  facet normal -1 0 0
    outer loop
      vertex 60.25 23.4 6.8
      vertex 60.25 24.4 3.4
      vertex 60.25 23.4 1.8
    endloop
  endfacet
  facet normal 0 -1 0
    outer loop
      vertex 31.1754 24.4 0
      vertex 40.5246 24.4 1.8
      vertex 31.1754 24.4 1.8
    endloop
  endfacet
  facet normal 0 -1 -0
    outer loop
      vertex 40.5246 24.4 1.8
      vertex 31.1754 24.4 0
      vertex 40.5246 24.4 0
    endloop
  endfacet
  facet normal 0 -1 0
    outer loop
      vertex 7.17539 24.4 0
      vertex 16.5246 24.4 1.8
      vertex 7.17539 24.4 1.8
    endloop
  endfacet
  facet normal 0 -1 -0
    outer loop
      vertex 16.5246 24.4 1.8
      vertex 7.17539 24.4 0
      vertex 16.5246 24.4 0
    endloop
  endfacet
  facet normal 0 -1 0
    outer loop
      vertex 7.17539 24.4 1.8
      vertex 4.25 24.4 3.4
      vertex 4.25 24.4 1.8
    endloop
  endfacet
  facet normal 0 -1 0
    outer loop
      vertex 16.5246 24.4 1.8
      vertex 4.25 24.4 3.4
      vertex 7.17539 24.4 1.8
    endloop
  endfacet
  facet normal 0 -1 0
    outer loop
      vertex 31.1754 24.4 1.8
      vertex 4.25 24.4 3.4
      vertex 16.5246 24.4 1.8
    endloop
  endfacet
  facet normal 0 -1 0
    outer loop
      vertex 4.25 24.4 3.4
      vertex 31.1754 24.4 1.8
      vertex 60.25 24.4 3.4
    endloop
  endfacet
  facet normal 0 -1 0
    outer loop
      vertex 40.5246 24.4 1.8
      vertex 60.25 24.4 3.4
      vertex 31.1754 24.4 1.8
    endloop
  endfacet
  facet normal 0 -1 -0
    outer loop
      vertex 60.25 24.4 3.4
      vertex 40.5246 24.4 1.8
      vertex 60.25 24.4 1.8
    endloop
  endfacet
  facet normal 0 1 -0
    outer loop
      vertex 29.1434 32.4 0
      vertex 18.5566 32.4 1.8
      vertex 29.1434 32.4 1.8
    endloop
  endfacet
  facet normal 0 1 0
    outer loop
      vertex 18.5566 32.4 1.8
      vertex 29.1434 32.4 0
      vertex 18.5566 32.4 0
    endloop
  endfacet
  facet normal 0 1 -0
    outer loop
      vertex 53.1434 32.4 0
      vertex 42.5566 32.4 1.8
      vertex 53.1434 32.4 1.8
    endloop
  endfacet
  facet normal 0 1 0
    outer loop
      vertex 42.5566 32.4 1.8
      vertex 53.1434 32.4 0
      vertex 42.5566 32.4 0
    endloop
  endfacet
  facet normal 0 1 0
    outer loop
      vertex 53.1434 32.4 1.8
      vertex 60.25 32.4 3.4
      vertex 60.25 32.4 1.8
    endloop
  endfacet
  facet normal 0 1 0
    outer loop
      vertex 42.5566 32.4 1.8
      vertex 60.25 32.4 3.4
      vertex 53.1434 32.4 1.8
    endloop
  endfacet
  facet normal 0 1 0
    outer loop
      vertex 29.1434 32.4 1.8
      vertex 60.25 32.4 3.4
      vertex 42.5566 32.4 1.8
    endloop
  endfacet
  facet normal 0 1 0
    outer loop
      vertex 60.25 32.4 3.4
      vertex 29.1434 32.4 1.8
      vertex 4.25 32.4 3.4
    endloop
  endfacet
  facet normal 0 1 -0
    outer loop
      vertex 18.5566 32.4 1.8
      vertex 4.25 32.4 3.4
      vertex 29.1434 32.4 1.8
    endloop
  endfacet
  facet normal 0 1 0
    outer loop
      vertex 4.25 32.4 3.4
      vertex 18.5566 32.4 1.8
      vertex 4.25 32.4 1.8
    endloop
  endfacet
  facet normal 0 0 1
    outer loop
      vertex 60.25 90.4 3.4
      vertex 60 86.9 3.4
      vertex 60.25 82.4 3.4
    endloop
  endfacet
  facet normal 0 0 1
    outer loop
      vertex 60.25 90.4 3.4
      vertex 59.9722 87.3242 3.4
      vertex 60 86.9 3.4
    endloop
  endfacet
  facet normal 0 0 1
    outer loop
      vertex 60.25 90.4 3.4
      vertex 59.8893 87.7412 3.4
      vertex 59.9722 87.3242 3.4
    endloop
  endfacet
  facet normal 0 0 1
    outer loop
      vertex 60.25 90.4 3.4
      vertex 59.7526 88.1437 3.4
      vertex 59.8893 87.7412 3.4
    endloop
  endfacet
  facet normal 0 0 1
    outer loop
      vertex 60.25 90.4 3.4
      vertex 59.5646 88.525 3.4
      vertex 59.7526 88.1437 3.4
    endloop
  endfacet
  facet normal 0 0 1
    outer loop
      vertex 60.25 90.4 3.4
      vertex 59.3284 88.8785 3.4
      vertex 59.5646 88.525 3.4
    endloop
  endfacet
  facet normal 0 0 1
    outer loop
      vertex 60.25 90.4 3.4
      vertex 59.0481 89.1981 3.4
      vertex 59.3284 88.8785 3.4
    endloop
  endfacet
  facet normal 0 0 1
    outer loop
      vertex 60.25 90.4 3.4
      vertex 58.7285 89.4784 3.4
      vertex 59.0481 89.1981 3.4
    endloop
  endfacet
  facet normal 0 0 1
    outer loop
      vertex 60.25 90.4 3.4
      vertex 58.375 89.7146 3.4
      vertex 58.7285 89.4784 3.4
    endloop
  endfacet
  facet normal 0 0 1
    outer loop
      vertex 60.25 90.4 3.4
      vertex 57.9937 89.9026 3.4
      vertex 58.375 89.7146 3.4
    endloop
  endfacet
  facet normal 0 0 1
    outer loop
      vertex 60.25 90.4 3.4
      vertex 57.5912 90.0393 3.4
      vertex 57.9937 89.9026 3.4
    endloop
  endfacet
  facet normal 0 0 1
    outer loop
      vertex 60.25 90.4 3.4
      vertex 57.1742 90.1222 3.4
      vertex 57.5912 90.0393 3.4
    endloop
  endfacet
  facet normal 0 0 1
    outer loop
      vertex 60.25 90.4 3.4
      vertex 56.75 90.15 3.4
      vertex 57.1742 90.1222 3.4
    endloop
  endfacet
  facet normal 0 0 1
    outer loop
      vertex 60.25 90.4 3.4
      vertex 56.3258 90.1222 3.4
      vertex 56.75 90.15 3.4
    endloop
  endfacet
  facet normal 0 0 1
    outer loop
      vertex 53.5278 87.3242 3.4
      vertex 11 86.9 3.4
      vertex 53.5 86.9 3.4
    endloop
  endfacet
  facet normal 0 0 1
    outer loop
      vertex 10.9722 87.3242 3.4
      vertex 53.5278 87.3242 3.4
      vertex 53.6107 87.7412 3.4
    endloop
  endfacet
  facet normal 0 0 1
    outer loop
      vertex 10.8893 87.7412 3.4
      vertex 53.6107 87.7412 3.4
      vertex 53.7474 88.1437 3.4
    endloop
  endfacet
  facet normal 0 0 1
    outer loop
      vertex 10.7526 88.1437 3.4
      vertex 53.7474 88.1437 3.4
      vertex 53.9354 88.525 3.4
    endloop
  endfacet
  facet normal 0 0 1
    outer loop
      vertex 10.5646 88.525 3.4
      vertex 53.9354 88.525 3.4
      vertex 54.1716 88.8785 3.4
    endloop
  endfacet
  facet normal 0 0 1
    outer loop
      vertex 10.3284 88.8785 3.4
      vertex 54.1716 88.8785 3.4
      vertex 54.4519 89.1981 3.4
    endloop
  endfacet
  facet normal 0 0 1
    outer loop
      vertex 10.0481 89.1981 3.4
      vertex 54.4519 89.1981 3.4
      vertex 54.7715 89.4784 3.4
    endloop
  endfacet
  facet normal 0 0 1
    outer loop
      vertex 9.72847 89.4784 3.4
      vertex 54.7715 89.4784 3.4
      vertex 55.125 89.7146 3.4
    endloop
  endfacet
  facet normal 0 0 1
    outer loop
      vertex 9.375 89.7146 3.4
      vertex 55.125 89.7146 3.4
      vertex 55.5063 89.9026 3.4
    endloop
  endfacet
  facet normal 0 0 1
    outer loop
      vertex 8.99372 89.9026 3.4
      vertex 55.5063 89.9026 3.4
      vertex 55.9088 90.0393 3.4
    endloop
  endfacet
  facet normal 0 0 1
    outer loop
      vertex 8.59116 90.0393 3.4
      vertex 55.9088 90.0393 3.4
      vertex 56.3258 90.1222 3.4
    endloop
  endfacet
  facet normal 0 0 1
    outer loop
      vertex 53.5278 87.3242 3.4
      vertex 10.9722 87.3242 3.4
      vertex 11 86.9 3.4
    endloop
  endfacet
  facet normal 0 0 1
    outer loop
      vertex 8.17421 90.1222 3.4
      vertex 56.3258 90.1222 3.4
      vertex 60.25 90.4 3.4
    endloop
  endfacet
  facet normal 0 0 1
    outer loop
      vertex 53.6107 87.7412 3.4
      vertex 10.8893 87.7412 3.4
      vertex 10.9722 87.3242 3.4
    endloop
  endfacet
  facet normal 0 0 1
    outer loop
      vertex 53.7474 88.1437 3.4
      vertex 10.7526 88.1437 3.4
      vertex 10.8893 87.7412 3.4
    endloop
  endfacet
  facet normal 0 0 1
    outer loop
      vertex 53.9354 88.525 3.4
      vertex 10.5646 88.525 3.4
      vertex 10.7526 88.1437 3.4
    endloop
  endfacet
  facet normal 0 0 1
    outer loop
      vertex 54.1716 88.8785 3.4
      vertex 10.3284 88.8785 3.4
      vertex 10.5646 88.525 3.4
    endloop
  endfacet
  facet normal 0 0 1
    outer loop
      vertex 54.4519 89.1981 3.4
      vertex 10.0481 89.1981 3.4
      vertex 10.3284 88.8785 3.4
    endloop
  endfacet
  facet normal 0 0 1
    outer loop
      vertex 54.7715 89.4784 3.4
      vertex 9.72847 89.4784 3.4
      vertex 10.0481 89.1981 3.4
    endloop
  endfacet
  facet normal 0 0 1
    outer loop
      vertex 55.125 89.7146 3.4
      vertex 9.375 89.7146 3.4
      vertex 9.72847 89.4784 3.4
    endloop
  endfacet
  facet normal 0 0 1
    outer loop
      vertex 55.5063 89.9026 3.4
      vertex 8.99372 89.9026 3.4
      vertex 9.375 89.7146 3.4
    endloop
  endfacet
  facet normal 0 0 1
    outer loop
      vertex 55.9088 90.0393 3.4
      vertex 8.59116 90.0393 3.4
      vertex 8.99372 89.9026 3.4
    endloop
  endfacet
  facet normal 0 0 1
    outer loop
      vertex 56.3258 90.1222 3.4
      vertex 8.17421 90.1222 3.4
      vertex 8.59116 90.0393 3.4
    endloop
  endfacet
  facet normal 0 0 1
    outer loop
      vertex 60.25 90.4 3.4
      vertex 7.75 90.15 3.4
      vertex 8.17421 90.1222 3.4
    endloop
  endfacet
  facet normal 0 0 1
    outer loop
      vertex 4.5278 87.3242 3.4
      vertex 4.25 90.4 3.4
      vertex 4.5 86.9 3.4
    endloop
  endfacet
  facet normal 0 0 1
    outer loop
      vertex 4.61074 87.7412 3.4
      vertex 4.25 90.4 3.4
      vertex 4.5278 87.3242 3.4
    endloop
  endfacet
  facet normal 0 0 1
    outer loop
      vertex 4.74739 88.1437 3.4
      vertex 4.25 90.4 3.4
      vertex 4.61074 87.7412 3.4
    endloop
  endfacet
  facet normal 0 0 1
    outer loop
      vertex 4.93542 88.525 3.4
      vertex 4.25 90.4 3.4
      vertex 4.74739 88.1437 3.4
    endloop
  endfacet
  facet normal 0 0 1
    outer loop
      vertex 5.1716 88.8785 3.4
      vertex 4.25 90.4 3.4
      vertex 4.93542 88.525 3.4
    endloop
  endfacet
  facet normal 0 0 1
    outer loop
      vertex 5.4519 89.1981 3.4
      vertex 4.25 90.4 3.4
      vertex 5.1716 88.8785 3.4
    endloop
  endfacet
  facet normal 0 0 1
    outer loop
      vertex 5.77153 89.4784 3.4
      vertex 4.25 90.4 3.4
      vertex 5.4519 89.1981 3.4
    endloop
  endfacet
  facet normal 0 0 1
    outer loop
      vertex 6.125 89.7146 3.4
      vertex 4.25 90.4 3.4
      vertex 5.77153 89.4784 3.4
    endloop
  endfacet
  facet normal 0 0 1
    outer loop
      vertex 6.50628 89.9026 3.4
      vertex 4.25 90.4 3.4
      vertex 6.125 89.7146 3.4
    endloop
  endfacet
  facet normal 0 0 1
    outer loop
      vertex 6.90884 90.0393 3.4
      vertex 4.25 90.4 3.4
      vertex 6.50628 89.9026 3.4
    endloop
  endfacet
  facet normal 0 0 1
    outer loop
      vertex 7.32579 90.1222 3.4
      vertex 4.25 90.4 3.4
      vertex 6.90884 90.0393 3.4
    endloop
  endfacet
  facet normal 0 0 1
    outer loop
      vertex 7.75 90.15 3.4
      vertex 4.25 90.4 3.4
      vertex 7.32579 90.1222 3.4
    endloop
  endfacet
  facet normal -0 0 1
    outer loop
      vertex 4.25 90.4 3.4
      vertex 7.75 90.15 3.4
      vertex 60.25 90.4 3.4
    endloop
  endfacet
  facet normal -0 0 1
    outer loop
      vertex 59.9722 86.4758 3.4
      vertex 60.25 82.4 3.4
      vertex 60 86.9 3.4
    endloop
  endfacet
  facet normal -0 0 1
    outer loop
      vertex 59.8893 86.0588 3.4
      vertex 60.25 82.4 3.4
      vertex 59.9722 86.4758 3.4
    endloop
  endfacet
  facet normal -0 0 1
    outer loop
      vertex 59.7526 85.6563 3.4
      vertex 60.25 82.4 3.4
      vertex 59.8893 86.0588 3.4
    endloop
  endfacet
  facet normal -0 0 1
    outer loop
      vertex 59.5646 85.275 3.4
      vertex 60.25 82.4 3.4
      vertex 59.7526 85.6563 3.4
    endloop
  endfacet
  facet normal -0 0 1
    outer loop
      vertex 59.3284 84.9215 3.4
      vertex 60.25 82.4 3.4
      vertex 59.5646 85.275 3.4
    endloop
  endfacet
  facet normal -0 0 1
    outer loop
      vertex 59.0481 84.6019 3.4
      vertex 60.25 82.4 3.4
      vertex 59.3284 84.9215 3.4
    endloop
  endfacet
  facet normal -0 0 1
    outer loop
      vertex 58.7285 84.3216 3.4
      vertex 60.25 82.4 3.4
      vertex 59.0481 84.6019 3.4
    endloop
  endfacet
  facet normal -0 0 1
    outer loop
      vertex 58.375 84.0854 3.4
      vertex 60.25 82.4 3.4
      vertex 58.7285 84.3216 3.4
    endloop
  endfacet
  facet normal -0 0 1
    outer loop
      vertex 57.9937 83.8974 3.4
      vertex 60.25 82.4 3.4
      vertex 58.375 84.0854 3.4
    endloop
  endfacet
  facet normal -0 0 1
    outer loop
      vertex 57.5912 83.7607 3.4
      vertex 60.25 82.4 3.4
      vertex 57.9937 83.8974 3.4
    endloop
  endfacet
  facet normal -0 0 1
    outer loop
      vertex 57.1742 83.6778 3.4
      vertex 60.25 82.4 3.4
      vertex 57.5912 83.7607 3.4
    endloop
  endfacet
  facet normal -0 0 1
    outer loop
      vertex 56.75 83.65 3.4
      vertex 60.25 82.4 3.4
      vertex 57.1742 83.6778 3.4
    endloop
  endfacet
  facet normal 0 0 1
    outer loop
      vertex 56.3258 83.6778 3.4
      vertex 60.25 82.4 3.4
      vertex 56.75 83.65 3.4
    endloop
  endfacet
  facet normal 0 0 1
    outer loop
      vertex 55.9088 83.7607 3.4
      vertex 60.25 82.4 3.4
      vertex 56.3258 83.6778 3.4
    endloop
  endfacet
  facet normal -0 0 1
    outer loop
      vertex 11 86.9 3.4
      vertex 53.5278 86.4758 3.4
      vertex 53.5 86.9 3.4
    endloop
  endfacet
  facet normal 0 0 1
    outer loop
      vertex 10.9722 86.4758 3.4
      vertex 53.5278 86.4758 3.4
      vertex 11 86.9 3.4
    endloop
  endfacet
  facet normal 0 0 1
    outer loop
      vertex 53.5278 86.4758 3.4
      vertex 10.9722 86.4758 3.4
      vertex 53.6107 86.0588 3.4
    endloop
  endfacet
  facet normal 0 0 1
    outer loop
      vertex 10.8893 86.0588 3.4
      vertex 53.6107 86.0588 3.4
      vertex 10.9722 86.4758 3.4
    endloop
  endfacet
  facet normal 0 0 1
    outer loop
      vertex 53.6107 86.0588 3.4
      vertex 10.8893 86.0588 3.4
      vertex 53.7474 85.6563 3.4
    endloop
  endfacet
  facet normal 0 0 1
    outer loop
      vertex 10.7526 85.6563 3.4
      vertex 53.7474 85.6563 3.4
      vertex 10.8893 86.0588 3.4
    endloop
  endfacet
  facet normal 0 0 1
    outer loop
      vertex 53.7474 85.6563 3.4
      vertex 10.7526 85.6563 3.4
      vertex 53.9354 85.275 3.4
    endloop
  endfacet
  facet normal 0 0 1
    outer loop
      vertex 10.5646 85.275 3.4
      vertex 53.9354 85.275 3.4
      vertex 10.7526 85.6563 3.4
    endloop
  endfacet
  facet normal 0 0 1
    outer loop
      vertex 53.9354 85.275 3.4
      vertex 10.5646 85.275 3.4
      vertex 54.1716 84.9215 3.4
    endloop
  endfacet
  facet normal 0 0 1
    outer loop
      vertex 10.3284 84.9215 3.4
      vertex 54.1716 84.9215 3.4
      vertex 10.5646 85.275 3.4
    endloop
  endfacet
  facet normal 0 0 1
    outer loop
      vertex 54.1716 84.9215 3.4
      vertex 10.3284 84.9215 3.4
      vertex 54.4519 84.6019 3.4
    endloop
  endfacet
  facet normal 0 0 1
    outer loop
      vertex 10.0481 84.6019 3.4
      vertex 54.4519 84.6019 3.4
      vertex 10.3284 84.9215 3.4
    endloop
  endfacet
  facet normal 0 0 1
    outer loop
      vertex 54.4519 84.6019 3.4
      vertex 10.0481 84.6019 3.4
      vertex 54.7715 84.3216 3.4
    endloop
  endfacet
  facet normal 0 0 1
    outer loop
      vertex 9.72847 84.3216 3.4
      vertex 54.7715 84.3216 3.4
      vertex 10.0481 84.6019 3.4
    endloop
  endfacet
  facet normal 0 0 1
    outer loop
      vertex 54.7715 84.3216 3.4
      vertex 9.72847 84.3216 3.4
      vertex 55.125 84.0854 3.4
    endloop
  endfacet
  facet normal 0 0 1
    outer loop
      vertex 9.375 84.0854 3.4
      vertex 55.125 84.0854 3.4
      vertex 9.72847 84.3216 3.4
    endloop
  endfacet
  facet normal 0 0 1
    outer loop
      vertex 55.125 84.0854 3.4
      vertex 9.375 84.0854 3.4
      vertex 55.5063 83.8974 3.4
    endloop
  endfacet
  facet normal 0 0 1
    outer loop
      vertex 8.99372 83.8974 3.4
      vertex 55.5063 83.8974 3.4
      vertex 9.375 84.0854 3.4
    endloop
  endfacet
  facet normal 0 0 1
    outer loop
      vertex 55.5063 83.8974 3.4
      vertex 8.99372 83.8974 3.4
      vertex 55.9088 83.7607 3.4
    endloop
  endfacet
  facet normal 0 0 1
    outer loop
      vertex 8.59116 83.7607 3.4
      vertex 55.9088 83.7607 3.4
      vertex 8.99372 83.8974 3.4
    endloop
  endfacet
  facet normal 0 0 1
    outer loop
      vertex 55.9088 83.7607 3.4
      vertex 8.59116 83.7607 3.4
      vertex 60.25 82.4 3.4
    endloop
  endfacet
  facet normal 0 0 1
    outer loop
      vertex 4.25 82.4 3.4
      vertex 8.59116 83.7607 3.4
      vertex 8.17421 83.6778 3.4
    endloop
  endfacet
  facet normal 0 0 1
    outer loop
      vertex 4.25 82.4 3.4
      vertex 8.17421 83.6778 3.4
      vertex 7.75 83.65 3.4
    endloop
  endfacet
  facet normal 0 0 1
    outer loop
      vertex 4.25 82.4 3.4
      vertex 4.5 86.9 3.4
      vertex 4.25 90.4 3.4
    endloop
  endfacet
  facet normal 0 0 1
    outer loop
      vertex 8.59116 83.7607 3.4
      vertex 4.25 82.4 3.4
      vertex 60.25 82.4 3.4
    endloop
  endfacet
  facet normal 0 0 1
    outer loop
      vertex 7.32579 83.6778 3.4
      vertex 4.25 82.4 3.4
      vertex 7.75 83.65 3.4
    endloop
  endfacet
  facet normal 0 0 1
    outer loop
      vertex 6.90884 83.7607 3.4
      vertex 4.25 82.4 3.4
      vertex 7.32579 83.6778 3.4
    endloop
  endfacet
  facet normal 0 0 1
    outer loop
      vertex 6.50628 83.8974 3.4
      vertex 4.25 82.4 3.4
      vertex 6.90884 83.7607 3.4
    endloop
  endfacet
  facet normal 0 0 1
    outer loop
      vertex 6.125 84.0854 3.4
      vertex 4.25 82.4 3.4
      vertex 6.50628 83.8974 3.4
    endloop
  endfacet
  facet normal 0 0 1
    outer loop
      vertex 5.77153 84.3216 3.4
      vertex 4.25 82.4 3.4
      vertex 6.125 84.0854 3.4
    endloop
  endfacet
  facet normal 0 0 1
    outer loop
      vertex 5.4519 84.6019 3.4
      vertex 4.25 82.4 3.4
      vertex 5.77153 84.3216 3.4
    endloop
  endfacet
  facet normal 0 0 1
    outer loop
      vertex 5.1716 84.9215 3.4
      vertex 4.25 82.4 3.4
      vertex 5.4519 84.6019 3.4
    endloop
  endfacet
  facet normal 0 0 1
    outer loop
      vertex 4.93542 85.275 3.4
      vertex 4.25 82.4 3.4
      vertex 5.1716 84.9215 3.4
    endloop
  endfacet
  facet normal 0 0 1
    outer loop
      vertex 4.74739 85.6563 3.4
      vertex 4.25 82.4 3.4
      vertex 4.93542 85.275 3.4
    endloop
  endfacet
  facet normal 0 0 1
    outer loop
      vertex 4.61074 86.0588 3.4
      vertex 4.25 82.4 3.4
      vertex 4.74739 85.6563 3.4
    endloop
  endfacet
  facet normal 0 0 1
    outer loop
      vertex 4.5278 86.4758 3.4
      vertex 4.25 82.4 3.4
      vertex 4.61074 86.0588 3.4
    endloop
  endfacet
  facet normal 0 0 1
    outer loop
      vertex 4.5 86.9 3.4
      vertex 4.25 82.4 3.4
      vertex 4.5278 86.4758 3.4
    endloop
  endfacet
  facet normal 0 -1 0
    outer loop
      vertex 31.2109 82.4 0
      vertex 40.4891 82.4 1.8
      vertex 31.2109 82.4 1.8
    endloop
  endfacet
  facet normal 0 -1 -0
    outer loop
      vertex 40.4891 82.4 1.8
      vertex 31.2109 82.4 0
      vertex 40.4891 82.4 0
    endloop
  endfacet
  facet normal 0 -1 0
    outer loop
      vertex 7.21093 82.4 0
      vertex 16.4891 82.4 1.8
      vertex 7.21093 82.4 1.8
    endloop
  endfacet
  facet normal 0 -1 -0
    outer loop
      vertex 16.4891 82.4 1.8
      vertex 7.21093 82.4 0
      vertex 16.4891 82.4 0
    endloop
  endfacet
  facet normal 0 -1 0
    outer loop
      vertex 7.21093 82.4 1.8
      vertex 4.25 82.4 3.4
      vertex 4.25 82.4 1.8
    endloop
  endfacet
  facet normal 0 -1 0
    outer loop
      vertex 16.4891 82.4 1.8
      vertex 4.25 82.4 3.4
      vertex 7.21093 82.4 1.8
    endloop
  endfacet
  facet normal 0 -1 0
    outer loop
      vertex 31.2109 82.4 1.8
      vertex 4.25 82.4 3.4
      vertex 16.4891 82.4 1.8
    endloop
  endfacet
  facet normal 0 -1 0
    outer loop
      vertex 4.25 82.4 3.4
      vertex 31.2109 82.4 1.8
      vertex 60.25 82.4 3.4
    endloop
  endfacet
  facet normal 0 -1 0
    outer loop
      vertex 40.4891 82.4 1.8
      vertex 60.25 82.4 3.4
      vertex 31.2109 82.4 1.8
    endloop
  endfacet
  facet normal 0 -1 -0
    outer loop
      vertex 60.25 82.4 3.4
      vertex 40.4891 82.4 1.8
      vertex 60.25 82.4 1.8
    endloop
  endfacet
  facet normal 0 1 -0
    outer loop
      vertex 14.6297 90.4 0
      vertex 9.07027 90.4 1.8
      vertex 14.6297 90.4 1.8
    endloop
  endfacet
  facet normal 0 1 0
    outer loop
      vertex 9.07027 90.4 1.8
      vertex 14.6297 90.4 0
      vertex 9.07027 90.4 0
    endloop
  endfacet
  facet normal 0 1 -0
    outer loop
      vertex 27.8703 90.4 0
      vertex 19.8297 90.4 1.8
      vertex 27.8703 90.4 1.8
    endloop
  endfacet
  facet normal 0 1 0
    outer loop
      vertex 19.8297 90.4 1.8
      vertex 27.8703 90.4 0
      vertex 19.8297 90.4 0
    endloop
  endfacet
  facet normal 0 1 -0
    outer loop
      vertex 38.6297 90.4 0
      vertex 33.0703 90.4 1.8
      vertex 38.6297 90.4 1.8
    endloop
  endfacet
  facet normal 0 1 0
    outer loop
      vertex 33.0703 90.4 1.8
      vertex 38.6297 90.4 0
      vertex 33.0703 90.4 0
    endloop
  endfacet
  facet normal 0 1 -0
    outer loop
      vertex 51.8703 90.4 0
      vertex 43.8297 90.4 1.8
      vertex 51.8703 90.4 1.8
    endloop
  endfacet
  facet normal 0 1 0
    outer loop
      vertex 43.8297 90.4 1.8
      vertex 51.8703 90.4 0
      vertex 43.8297 90.4 0
    endloop
  endfacet
  facet normal 0 1 0
    outer loop
      vertex 51.8703 90.4 1.8
      vertex 60.25 90.4 3.4
      vertex 60.25 90.4 1.8
    endloop
  endfacet
  facet normal 0 1 0
    outer loop
      vertex 43.8297 90.4 1.8
      vertex 60.25 90.4 3.4
      vertex 51.8703 90.4 1.8
    endloop
  endfacet
  facet normal 0 1 0
    outer loop
      vertex 38.6297 90.4 1.8
      vertex 60.25 90.4 3.4
      vertex 43.8297 90.4 1.8
    endloop
  endfacet
  facet normal 0 1 0
    outer loop
      vertex 33.0703 90.4 1.8
      vertex 60.25 90.4 3.4
      vertex 38.6297 90.4 1.8
    endloop
  endfacet
  facet normal 0 1 0
    outer loop
      vertex 60.25 90.4 3.4
      vertex 33.0703 90.4 1.8
      vertex 4.25 90.4 3.4
    endloop
  endfacet
  facet normal 0 1 -0
    outer loop
      vertex 27.8703 90.4 1.8
      vertex 4.25 90.4 3.4
      vertex 33.0703 90.4 1.8
    endloop
  endfacet
  facet normal 0 1 -0
    outer loop
      vertex 19.8297 90.4 1.8
      vertex 4.25 90.4 3.4
      vertex 27.8703 90.4 1.8
    endloop
  endfacet
  facet normal 0 1 -0
    outer loop
      vertex 14.6297 90.4 1.8
      vertex 4.25 90.4 3.4
      vertex 19.8297 90.4 1.8
    endloop
  endfacet
  facet normal 0 1 -0
    outer loop
      vertex 9.07027 90.4 1.8
      vertex 4.25 90.4 3.4
      vertex 14.6297 90.4 1.8
    endloop
  endfacet
  facet normal 0 1 0
    outer loop
      vertex 4.25 90.4 3.4
      vertex 9.07027 90.4 1.8
      vertex 4.25 90.4 1.8
    endloop
  endfacet
  facet normal 0.555601 0.831449 -0
    outer loop
      vertex 9.72847 31.4784 3.4
      vertex 9.375 31.7146 6.8
      vertex 9.72847 31.4784 6.8
    endloop
  endfacet
  facet normal 0.555601 0.831449 0
    outer loop
      vertex 9.375 31.7146 6.8
      vertex 9.72847 31.4784 3.4
      vertex 9.375 31.7146 3.4
    endloop
  endfacet
  facet normal -0.321543 0.946895 0
    outer loop
      vertex 6.90884 32.0393 3.4
      vertex 6.50628 31.9026 6.8
      vertex 6.90884 32.0393 6.8
    endloop
  endfacet
  facet normal -0.321543 0.946895 0
    outer loop
      vertex 6.50628 31.9026 6.8
      vertex 6.90884 32.0393 3.4
      vertex 6.50628 31.9026 3.4
    endloop
  endfacet
  facet normal -0.896879 0.442277 0
    outer loop
      vertex 4.74739 30.1437 3.4
      vertex 4.93542 30.525 6.8
      vertex 4.93542 30.525 3.4
    endloop
  endfacet
  facet normal -0.896879 0.442277 0
    outer loop
      vertex 4.93542 30.525 6.8
      vertex 4.74739 30.1437 3.4
      vertex 4.74739 30.1437 6.8
    endloop
  endfacet
  facet normal 0.896907 0.44222 0
    outer loop
      vertex 10.7526 30.1437 6.8
      vertex 10.5646 30.525 3.4
      vertex 10.5646 30.525 6.8
    endloop
  endfacet
  facet normal 0.896907 0.44222 0
    outer loop
      vertex 10.5646 30.525 3.4
      vertex 10.7526 30.1437 6.8
      vertex 10.7526 30.1437 3.4
    endloop
  endfacet
  facet normal 0.831471 0.555568 0
    outer loop
      vertex 10.5646 30.525 6.8
      vertex 10.3284 30.8785 3.4
      vertex 10.3284 30.8785 6.8
    endloop
  endfacet
  facet normal 0.831471 0.555568 0
    outer loop
      vertex 10.3284 30.8785 3.4
      vertex 10.5646 30.525 6.8
      vertex 10.5646 30.525 3.4
    endloop
  endfacet
  facet normal 0.442239 0.896897 -0
    outer loop
      vertex 9.375 31.7146 3.4
      vertex 8.99372 31.9026 6.8
      vertex 9.375 31.7146 6.8
    endloop
  endfacet
  facet normal 0.442239 0.896897 0
    outer loop
      vertex 8.99372 31.9026 6.8
      vertex 9.375 31.7146 3.4
      vertex 8.99372 31.9026 3.4
    endloop
  endfacet
  facet normal 0.0653933 0.99786 -0
    outer loop
      vertex 8.17421 32.1222 3.4
      vertex 7.75 32.15 6.8
      vertex 8.17421 32.1222 6.8
    endloop
  endfacet
  facet normal 0.0653933 0.99786 0
    outer loop
      vertex 7.75 32.15 6.8
      vertex 8.17421 32.1222 3.4
      vertex 7.75 32.15 3.4
    endloop
  endfacet
  facet normal -0.997859 0.0653948 0
    outer loop
      vertex 4.5 28.9 3.4
      vertex 4.5278 29.3242 6.8
      vertex 4.5278 29.3242 3.4
    endloop
  endfacet
  facet normal -0.997859 0.0653948 0
    outer loop
      vertex 4.5278 29.3242 6.8
      vertex 4.5 28.9 3.4
      vertex 4.5 28.9 6.8
    endloop
  endfacet
  facet normal -0.751818 0.65937 0
    outer loop
      vertex 5.1716 30.8785 3.4
      vertex 5.4519 31.1981 6.8
      vertex 5.4519 31.1981 3.4
    endloop
  endfacet
  facet normal -0.751818 0.65937 0
    outer loop
      vertex 5.4519 31.1981 6.8
      vertex 5.1716 30.8785 3.4
      vertex 5.1716 30.8785 6.8
    endloop
  endfacet
  facet normal -0.0653933 0.99786 0
    outer loop
      vertex 7.75 32.15 3.4
      vertex 7.32579 32.1222 6.8
      vertex 7.75 32.15 6.8
    endloop
  endfacet
  facet normal -0.0653933 0.99786 0
    outer loop
      vertex 7.32579 32.1222 6.8
      vertex 7.75 32.15 3.4
      vertex 7.32579 32.1222 3.4
    endloop
  endfacet
  facet normal -0.659335 0.751849 0
    outer loop
      vertex 5.77153 31.4784 3.4
      vertex 5.4519 31.1981 6.8
      vertex 5.77153 31.4784 6.8
    endloop
  endfacet
  facet normal -0.659335 0.751849 0
    outer loop
      vertex 5.4519 31.1981 6.8
      vertex 5.77153 31.4784 3.4
      vertex 5.4519 31.1981 3.4
    endloop
  endfacet
  facet normal 0.997859 0.0653948 0
    outer loop
      vertex 11 28.9 6.8
      vertex 10.9722 29.3242 3.4
      vertex 10.9722 29.3242 6.8
    endloop
  endfacet
  facet normal 0.997859 0.0653948 0
    outer loop
      vertex 10.9722 29.3242 3.4
      vertex 11 28.9 6.8
      vertex 11 28.9 3.4
    endloop
  endfacet
  facet normal 0.0653933 -0.99786 0
    outer loop
      vertex 7.75 25.65 3.4
      vertex 8.17421 25.6778 6.8
      vertex 7.75 25.65 6.8
    endloop
  endfacet
  facet normal 0.0653933 -0.99786 0
    outer loop
      vertex 8.17421 25.6778 6.8
      vertex 7.75 25.65 3.4
      vertex 8.17421 25.6778 3.4
    endloop
  endfacet
  facet normal 0.831471 -0.555568 0
    outer loop
      vertex 10.3284 26.9215 6.8
      vertex 10.5646 27.275 3.4
      vertex 10.5646 27.275 6.8
    endloop
  endfacet
  facet normal 0.831471 -0.555568 0
    outer loop
      vertex 10.5646 27.275 3.4
      vertex 10.3284 26.9215 6.8
      vertex 10.3284 26.9215 3.4
    endloop
  endfacet
  facet normal 0.94688 -0.321586 0
    outer loop
      vertex 10.7526 27.6563 6.8
      vertex 10.8893 28.0588 3.4
      vertex 10.8893 28.0588 6.8
    endloop
  endfacet
  facet normal 0.94688 -0.321586 0
    outer loop
      vertex 10.8893 28.0588 3.4
      vertex 10.7526 27.6563 6.8
      vertex 10.7526 27.6563 3.4
    endloop
  endfacet
  facet normal -0.0653933 -0.99786 0
    outer loop
      vertex 7.32579 25.6778 3.4
      vertex 7.75 25.65 6.8
      vertex 7.32579 25.6778 6.8
    endloop
  endfacet
  facet normal -0.0653933 -0.99786 -0
    outer loop
      vertex 7.75 25.65 6.8
      vertex 7.32579 25.6778 3.4
      vertex 7.75 25.65 3.4
    endloop
  endfacet
  facet normal -0.659335 -0.751849 0
    outer loop
      vertex 5.4519 26.6019 3.4
      vertex 5.77153 26.3216 6.8
      vertex 5.4519 26.6019 6.8
    endloop
  endfacet
  facet normal -0.659335 -0.751849 -0
    outer loop
      vertex 5.77153 26.3216 6.8
      vertex 5.4519 26.6019 3.4
      vertex 5.77153 26.3216 3.4
    endloop
  endfacet
  facet normal -0.997859 -0.0653948 0
    outer loop
      vertex 4.5278 28.4758 3.4
      vertex 4.5 28.9 6.8
      vertex 4.5 28.9 3.4
    endloop
  endfacet
  facet normal -0.997859 -0.0653948 0
    outer loop
      vertex 4.5 28.9 6.8
      vertex 4.5278 28.4758 3.4
      vertex 4.5278 28.4758 6.8
    endloop
  endfacet
  facet normal -0.751818 -0.65937 0
    outer loop
      vertex 5.4519 26.6019 3.4
      vertex 5.1716 26.9215 6.8
      vertex 5.1716 26.9215 3.4
    endloop
  endfacet
  facet normal -0.751818 -0.65937 0
    outer loop
      vertex 5.1716 26.9215 6.8
      vertex 5.4519 26.6019 3.4
      vertex 5.4519 26.6019 6.8
    endloop
  endfacet
  facet normal 0.980806 0.194985 0
    outer loop
      vertex 10.9722 29.3242 6.8
      vertex 10.8893 29.7412 3.4
      vertex 10.8893 29.7412 6.8
    endloop
  endfacet
  facet normal 0.980806 0.194985 0
    outer loop
      vertex 10.8893 29.7412 3.4
      vertex 10.9722 29.3242 6.8
      vertex 10.9722 29.3242 3.4
    endloop
  endfacet
  facet normal 0.94688 0.321586 0
    outer loop
      vertex 10.8893 29.7412 6.8
      vertex 10.7526 30.1437 3.4
      vertex 10.7526 30.1437 6.8
    endloop
  endfacet
  facet normal 0.94688 0.321586 0
    outer loop
      vertex 10.7526 30.1437 3.4
      vertex 10.8893 29.7412 6.8
      vertex 10.8893 29.7412 3.4
    endloop
  endfacet
  facet normal 0.751818 0.65937 0
    outer loop
      vertex 10.3284 30.8785 6.8
      vertex 10.0481 31.1981 3.4
      vertex 10.0481 31.1981 6.8
    endloop
  endfacet
  facet normal 0.751818 0.65937 0
    outer loop
      vertex 10.0481 31.1981 3.4
      vertex 10.3284 30.8785 6.8
      vertex 10.3284 30.8785 3.4
    endloop
  endfacet
  facet normal 0.659335 0.751849 -0
    outer loop
      vertex 10.0481 31.1981 3.4
      vertex 9.72847 31.4784 6.8
      vertex 10.0481 31.1981 6.8
    endloop
  endfacet
  facet normal 0.659335 0.751849 0
    outer loop
      vertex 9.72847 31.4784 6.8
      vertex 10.0481 31.1981 3.4
      vertex 9.72847 31.4784 3.4
    endloop
  endfacet
  facet normal 0.321543 0.946895 -0
    outer loop
      vertex 8.99372 31.9026 3.4
      vertex 8.59116 32.0393 6.8
      vertex 8.99372 31.9026 6.8
    endloop
  endfacet
  facet normal 0.321543 0.946895 0
    outer loop
      vertex 8.59116 32.0393 6.8
      vertex 8.99372 31.9026 3.4
      vertex 8.59116 32.0393 3.4
    endloop
  endfacet
  facet normal 0.195008 0.980802 -0
    outer loop
      vertex 8.59116 32.0393 3.4
      vertex 8.17421 32.1222 6.8
      vertex 8.59116 32.0393 6.8
    endloop
  endfacet
  facet normal 0.195008 0.980802 0
    outer loop
      vertex 8.17421 32.1222 6.8
      vertex 8.59116 32.0393 3.4
      vertex 8.17421 32.1222 3.4
    endloop
  endfacet
  facet normal 0 0 1
    outer loop
      vertex 7.30991 27.8375 6.8
      vertex 7.4 26.9 6.8
      vertex 7.4 27.807 6.8
    endloop
  endfacet
  facet normal 0 0 1
    outer loop
      vertex 7.175 27.9041 6.8
      vertex 7.4 26.9 6.8
      vertex 7.30991 27.8375 6.8
    endloop
  endfacet
  facet normal 0 0 1
    outer loop
      vertex 7.04992 27.9876 6.8
      vertex 7.4 26.9 6.8
      vertex 7.175 27.9041 6.8
    endloop
  endfacet
  facet normal 0 0 1
    outer loop
      vertex 5.77153 26.3216 6.8
      vertex 7.4 26.9 6.8
      vertex 7.04992 27.9876 6.8
    endloop
  endfacet
  facet normal 0 0 1
    outer loop
      vertex 5.77153 26.3216 6.8
      vertex 7.04992 27.9876 6.8
      vertex 6.93683 28.0868 6.8
    endloop
  endfacet
  facet normal 0 0 1
    outer loop
      vertex 7.4 26.9 6.8
      vertex 6.90884 25.7607 6.8
      vertex 7.32579 25.6778 6.8
    endloop
  endfacet
  facet normal 0 0 1
    outer loop
      vertex 5.4519 26.6019 6.8
      vertex 6.93683 28.0868 6.8
      vertex 6.83764 28.1999 6.8
    endloop
  endfacet
  facet normal 0 0 1
    outer loop
      vertex 5.1716 26.9215 6.8
      vertex 6.83764 28.1999 6.8
      vertex 6.75407 28.325 6.8
    endloop
  endfacet
  facet normal 0 0 1
    outer loop
      vertex 4.93542 27.275 6.8
      vertex 6.75407 28.325 6.8
      vertex 6.68754 28.4599 6.8
    endloop
  endfacet
  facet normal 0 0 1
    outer loop
      vertex 4.74739 27.6563 6.8
      vertex 6.68754 28.4599 6.8
      vertex 6.63919 28.6024 6.8
    endloop
  endfacet
  facet normal 0 0 1
    outer loop
      vertex 4.61074 28.0588 6.8
      vertex 6.63919 28.6024 6.8
      vertex 6.60984 28.7499 6.8
    endloop
  endfacet
  facet normal 0 0 1
    outer loop
      vertex 7.4 26.9 6.8
      vertex 6.50628 25.8974 6.8
      vertex 6.90884 25.7607 6.8
    endloop
  endfacet
  facet normal 0 0 1
    outer loop
      vertex 4.5278 28.4758 6.8
      vertex 6.60984 28.7499 6.8
      vertex 6.6 28.9 6.8
    endloop
  endfacet
  facet normal -0 0 1
    outer loop
      vertex 4.93542 30.525 6.8
      vertex 6.75407 29.475 6.8
      vertex 5.1716 30.8785 6.8
    endloop
  endfacet
  facet normal 0 0 1
    outer loop
      vertex 6.75407 29.475 6.8
      vertex 4.93542 30.525 6.8
      vertex 6.68754 29.3401 6.8
    endloop
  endfacet
  facet normal 0 0 1
    outer loop
      vertex 7.4 26.9 6.8
      vertex 6.125 26.0854 6.8
      vertex 6.50628 25.8974 6.8
    endloop
  endfacet
  facet normal -0 0 1
    outer loop
      vertex 4.74739 30.1437 6.8
      vertex 6.68754 29.3401 6.8
      vertex 4.93542 30.525 6.8
    endloop
  endfacet
  facet normal 0 0 1
    outer loop
      vertex 7.4 26.9 6.8
      vertex 5.77153 26.3216 6.8
      vertex 6.125 26.0854 6.8
    endloop
  endfacet
  facet normal 0 0 1
    outer loop
      vertex 6.68754 29.3401 6.8
      vertex 4.74739 30.1437 6.8
      vertex 6.63919 29.1976 6.8
    endloop
  endfacet
  facet normal 0 0 1
    outer loop
      vertex 6.93683 28.0868 6.8
      vertex 5.4519 26.6019 6.8
      vertex 5.77153 26.3216 6.8
    endloop
  endfacet
  facet normal -0 0 1
    outer loop
      vertex 4.61074 29.7412 6.8
      vertex 6.63919 29.1976 6.8
      vertex 4.74739 30.1437 6.8
    endloop
  endfacet
  facet normal 0 0 1
    outer loop
      vertex 6.83764 28.1999 6.8
      vertex 5.1716 26.9215 6.8
      vertex 5.4519 26.6019 6.8
    endloop
  endfacet
  facet normal 0 0 1
    outer loop
      vertex 6.63919 29.1976 6.8
      vertex 4.61074 29.7412 6.8
      vertex 6.60984 29.0501 6.8
    endloop
  endfacet
  facet normal 0 0 1
    outer loop
      vertex 6.75407 28.325 6.8
      vertex 4.93542 27.275 6.8
      vertex 5.1716 26.9215 6.8
    endloop
  endfacet
  facet normal -0 0 1
    outer loop
      vertex 4.5278 29.3242 6.8
      vertex 6.60984 29.0501 6.8
      vertex 4.61074 29.7412 6.8
    endloop
  endfacet
  facet normal 0 0 1
    outer loop
      vertex 6.68754 28.4599 6.8
      vertex 4.74739 27.6563 6.8
      vertex 4.93542 27.275 6.8
    endloop
  endfacet
  facet normal 0 0 1
    outer loop
      vertex 6.60984 29.0501 6.8
      vertex 4.5278 29.3242 6.8
      vertex 6.6 28.9 6.8
    endloop
  endfacet
  facet normal 0 0 1
    outer loop
      vertex 6.63919 28.6024 6.8
      vertex 4.61074 28.0588 6.8
      vertex 4.74739 27.6563 6.8
    endloop
  endfacet
  facet normal 0 0 1
    outer loop
      vertex 4.5 28.9 6.8
      vertex 6.6 28.9 6.8
      vertex 4.5278 29.3242 6.8
    endloop
  endfacet
  facet normal 0 0 1
    outer loop
      vertex 6.60984 28.7499 6.8
      vertex 4.5278 28.4758 6.8
      vertex 4.61074 28.0588 6.8
    endloop
  endfacet
  facet normal 0 0 1
    outer loop
      vertex 6.6 28.9 6.8
      vertex 4.5 28.9 6.8
      vertex 4.5278 28.4758 6.8
    endloop
  endfacet
  facet normal 0 0 1
    outer loop
      vertex 7.75 32.15 6.8
      vertex 8.1 30.9 6.8
      vertex 8.17421 32.1222 6.8
    endloop
  endfacet
  facet normal 0 0 1
    outer loop
      vertex 7.75 32.15 6.8
      vertex 7.4 30.9 6.8
      vertex 8.1 30.9 6.8
    endloop
  endfacet
  facet normal -0 0 1
    outer loop
      vertex 7.32579 32.1222 6.8
      vertex 7.4 30.9 6.8
      vertex 7.75 32.15 6.8
    endloop
  endfacet
  facet normal -0 0 1
    outer loop
      vertex 6.90884 32.0393 6.8
      vertex 7.4 30.9 6.8
      vertex 7.32579 32.1222 6.8
    endloop
  endfacet
  facet normal -0 0 1
    outer loop
      vertex 6.50628 31.9026 6.8
      vertex 7.4 30.9 6.8
      vertex 6.90884 32.0393 6.8
    endloop
  endfacet
  facet normal -0 0 1
    outer loop
      vertex 6.125 31.7146 6.8
      vertex 7.4 30.9 6.8
      vertex 6.50628 31.9026 6.8
    endloop
  endfacet
  facet normal 0 0 1
    outer loop
      vertex 7.4 30.9 6.8
      vertex 7.30991 29.9625 6.8
      vertex 7.4 29.993 6.8
    endloop
  endfacet
  facet normal 0 0 1
    outer loop
      vertex 7.4 30.9 6.8
      vertex 7.175 29.8959 6.8
      vertex 7.30991 29.9625 6.8
    endloop
  endfacet
  facet normal 0 0 1
    outer loop
      vertex 7.4 30.9 6.8
      vertex 7.04992 29.8124 6.8
      vertex 7.175 29.8959 6.8
    endloop
  endfacet
  facet normal -0 0 1
    outer loop
      vertex 5.77153 31.4784 6.8
      vertex 7.4 30.9 6.8
      vertex 6.125 31.7146 6.8
    endloop
  endfacet
  facet normal 0 0 1
    outer loop
      vertex 7.4 30.9 6.8
      vertex 5.77153 31.4784 6.8
      vertex 7.04992 29.8124 6.8
    endloop
  endfacet
  facet normal 0 0 1
    outer loop
      vertex 7.04992 29.8124 6.8
      vertex 5.77153 31.4784 6.8
      vertex 6.93683 29.7132 6.8
    endloop
  endfacet
  facet normal -0 0 1
    outer loop
      vertex 5.4519 31.1981 6.8
      vertex 6.93683 29.7132 6.8
      vertex 5.77153 31.4784 6.8
    endloop
  endfacet
  facet normal 0 0 1
    outer loop
      vertex 6.93683 29.7132 6.8
      vertex 5.4519 31.1981 6.8
      vertex 6.83764 29.6001 6.8
    endloop
  endfacet
  facet normal 0 0 1
    outer loop
      vertex 6.83764 29.6001 6.8
      vertex 5.1716 30.8785 6.8
      vertex 6.75407 29.475 6.8
    endloop
  endfacet
  facet normal -0 0 1
    outer loop
      vertex 5.1716 30.8785 6.8
      vertex 6.83764 29.6001 6.8
      vertex 5.4519 31.1981 6.8
    endloop
  endfacet
  facet normal 0 0 1
    outer loop
      vertex 8.9 28.9 6.8
      vertex 11 28.9 6.8
      vertex 10.9722 29.3242 6.8
    endloop
  endfacet
  facet normal 0 0 1
    outer loop
      vertex 8.89016 29.0501 6.8
      vertex 10.9722 29.3242 6.8
      vertex 10.8893 29.7412 6.8
    endloop
  endfacet
  facet normal 0 0 1
    outer loop
      vertex 11 28.9 6.8
      vertex 8.9 28.9 6.8
      vertex 10.9722 28.4758 6.8
    endloop
  endfacet
  facet normal 0 0 1
    outer loop
      vertex 8.86081 29.1976 6.8
      vertex 10.8893 29.7412 6.8
      vertex 10.7526 30.1437 6.8
    endloop
  endfacet
  facet normal -0 0 1
    outer loop
      vertex 8.89016 28.7499 6.8
      vertex 10.9722 28.4758 6.8
      vertex 8.9 28.9 6.8
    endloop
  endfacet
  facet normal 0 0 1
    outer loop
      vertex 8.81246 29.3401 6.8
      vertex 10.7526 30.1437 6.8
      vertex 10.5646 30.525 6.8
    endloop
  endfacet
  facet normal 0 0 1
    outer loop
      vertex 10.9722 28.4758 6.8
      vertex 8.89016 28.7499 6.8
      vertex 10.8893 28.0588 6.8
    endloop
  endfacet
  facet normal 0 0 1
    outer loop
      vertex 8.74593 29.475 6.8
      vertex 10.5646 30.525 6.8
      vertex 10.3284 30.8785 6.8
    endloop
  endfacet
  facet normal -0 0 1
    outer loop
      vertex 8.86081 28.6024 6.8
      vertex 10.8893 28.0588 6.8
      vertex 8.89016 28.7499 6.8
    endloop
  endfacet
  facet normal 0 0 1
    outer loop
      vertex 8.66236 29.6001 6.8
      vertex 10.3284 30.8785 6.8
      vertex 10.0481 31.1981 6.8
    endloop
  endfacet
  facet normal 0 0 1
    outer loop
      vertex 10.8893 28.0588 6.8
      vertex 8.86081 28.6024 6.8
      vertex 10.7526 27.6563 6.8
    endloop
  endfacet
  facet normal 0 0 1
    outer loop
      vertex 8.56317 29.7132 6.8
      vertex 10.0481 31.1981 6.8
      vertex 9.72847 31.4784 6.8
    endloop
  endfacet
  facet normal -0 0 1
    outer loop
      vertex 8.81246 28.4599 6.8
      vertex 10.7526 27.6563 6.8
      vertex 8.86081 28.6024 6.8
    endloop
  endfacet
  facet normal 0 0 1
    outer loop
      vertex 8.1 30.9 6.8
      vertex 9.72847 31.4784 6.8
      vertex 9.375 31.7146 6.8
    endloop
  endfacet
  facet normal 0 0 1
    outer loop
      vertex 10.7526 27.6563 6.8
      vertex 8.81246 28.4599 6.8
      vertex 10.5646 27.275 6.8
    endloop
  endfacet
  facet normal 0 0 1
    outer loop
      vertex 8.1 30.9 6.8
      vertex 9.375 31.7146 6.8
      vertex 8.99372 31.9026 6.8
    endloop
  endfacet
  facet normal -0 0 1
    outer loop
      vertex 8.74593 28.325 6.8
      vertex 10.5646 27.275 6.8
      vertex 8.81246 28.4599 6.8
    endloop
  endfacet
  facet normal 0 0 1
    outer loop
      vertex 10.5646 27.275 6.8
      vertex 8.74593 28.325 6.8
      vertex 10.3284 26.9215 6.8
    endloop
  endfacet
  facet normal 0 0 1
    outer loop
      vertex 10.9722 29.3242 6.8
      vertex 8.89016 29.0501 6.8
      vertex 8.9 28.9 6.8
    endloop
  endfacet
  facet normal 0 0 1
    outer loop
      vertex 10.8893 29.7412 6.8
      vertex 8.86081 29.1976 6.8
      vertex 8.89016 29.0501 6.8
    endloop
  endfacet
  facet normal 0 0 1
    outer loop
      vertex 10.7526 30.1437 6.8
      vertex 8.81246 29.3401 6.8
      vertex 8.86081 29.1976 6.8
    endloop
  endfacet
  facet normal 0 0 1
    outer loop
      vertex 10.5646 30.525 6.8
      vertex 8.74593 29.475 6.8
      vertex 8.81246 29.3401 6.8
    endloop
  endfacet
  facet normal 0 0 1
    outer loop
      vertex 10.3284 30.8785 6.8
      vertex 8.66236 29.6001 6.8
      vertex 8.74593 29.475 6.8
    endloop
  endfacet
  facet normal 0 0 1
    outer loop
      vertex 8.1 30.9 6.8
      vertex 8.99372 31.9026 6.8
      vertex 8.59116 32.0393 6.8
    endloop
  endfacet
  facet normal 0 0 1
    outer loop
      vertex 10.0481 31.1981 6.8
      vertex 8.56317 29.7132 6.8
      vertex 8.66236 29.6001 6.8
    endloop
  endfacet
  facet normal 0 0 1
    outer loop
      vertex 9.72847 31.4784 6.8
      vertex 8.1 30.9 6.8
      vertex 8.45008 29.8124 6.8
    endloop
  endfacet
  facet normal 0 0 1
    outer loop
      vertex 9.72847 31.4784 6.8
      vertex 8.45008 29.8124 6.8
      vertex 8.56317 29.7132 6.8
    endloop
  endfacet
  facet normal 0 0 1
    outer loop
      vertex 8.45008 29.8124 6.8
      vertex 8.1 30.9 6.8
      vertex 8.325 29.8959 6.8
    endloop
  endfacet
  facet normal 0 0 1
    outer loop
      vertex 8.1 30.9 6.8
      vertex 8.59116 32.0393 6.8
      vertex 8.17421 32.1222 6.8
    endloop
  endfacet
  facet normal 0 0 1
    outer loop
      vertex 8.325 29.8959 6.8
      vertex 8.1 30.9 6.8
      vertex 8.19009 29.9625 6.8
    endloop
  endfacet
  facet normal 0 0 1
    outer loop
      vertex 8.19009 29.9625 6.8
      vertex 8.1 30.9 6.8
      vertex 8.1 29.993 6.8
    endloop
  endfacet
  facet normal -0 0 1
    outer loop
      vertex 8.66236 28.1999 6.8
      vertex 10.3284 26.9215 6.8
      vertex 8.74593 28.325 6.8
    endloop
  endfacet
  facet normal 0 0 1
    outer loop
      vertex 10.3284 26.9215 6.8
      vertex 8.66236 28.1999 6.8
      vertex 10.0481 26.6019 6.8
    endloop
  endfacet
  facet normal -0 0 1
    outer loop
      vertex 8.56317 28.0868 6.8
      vertex 10.0481 26.6019 6.8
      vertex 8.66236 28.1999 6.8
    endloop
  endfacet
  facet normal 0 0 1
    outer loop
      vertex 10.0481 26.6019 6.8
      vertex 8.56317 28.0868 6.8
      vertex 9.72847 26.3216 6.8
    endloop
  endfacet
  facet normal -0 0 1
    outer loop
      vertex 8.45008 27.9876 6.8
      vertex 9.72847 26.3216 6.8
      vertex 8.56317 28.0868 6.8
    endloop
  endfacet
  facet normal -0 0 1
    outer loop
      vertex 8.1 26.9 6.8
      vertex 9.72847 26.3216 6.8
      vertex 8.45008 27.9876 6.8
    endloop
  endfacet
  facet normal 0 0 1
    outer loop
      vertex 9.375 26.0854 6.8
      vertex 8.1 26.9 6.8
      vertex 8.99372 25.8974 6.8
    endloop
  endfacet
  facet normal 0 0 1
    outer loop
      vertex 9.72847 26.3216 6.8
      vertex 8.1 26.9 6.8
      vertex 9.375 26.0854 6.8
    endloop
  endfacet
  facet normal 0 0 1
    outer loop
      vertex 8.1 26.9 6.8
      vertex 8.45008 27.9876 6.8
      vertex 8.325 27.9041 6.8
    endloop
  endfacet
  facet normal 0 0 1
    outer loop
      vertex 8.1 26.9 6.8
      vertex 8.325 27.9041 6.8
      vertex 8.19009 27.8375 6.8
    endloop
  endfacet
  facet normal 0 0 1
    outer loop
      vertex 8.99372 25.8974 6.8
      vertex 8.1 26.9 6.8
      vertex 8.59116 25.7607 6.8
    endloop
  endfacet
  facet normal 0 0 1
    outer loop
      vertex 8.1 26.9 6.8
      vertex 8.19009 27.8375 6.8
      vertex 8.1 27.807 6.8
    endloop
  endfacet
  facet normal 0 0 1
    outer loop
      vertex 8.59116 25.7607 6.8
      vertex 8.1 26.9 6.8
      vertex 8.17421 25.6778 6.8
    endloop
  endfacet
  facet normal 0 0 1
    outer loop
      vertex 8.1 26.9 6.8
      vertex 7.75 25.65 6.8
      vertex 8.17421 25.6778 6.8
    endloop
  endfacet
  facet normal -0 0 1
    outer loop
      vertex 7.4 26.9 6.8
      vertex 7.75 25.65 6.8
      vertex 8.1 26.9 6.8
    endloop
  endfacet
  facet normal 0 0 1
    outer loop
      vertex 7.75 25.65 6.8
      vertex 7.4 26.9 6.8
      vertex 7.32579 25.6778 6.8
    endloop
  endfacet
  facet normal -0.946916 0.321481 0
    outer loop
      vertex 4.61074 29.7412 3.4
      vertex 4.74739 30.1437 6.8
      vertex 4.74739 30.1437 3.4
    endloop
  endfacet
  facet normal -0.946916 0.321481 0
    outer loop
      vertex 4.74739 30.1437 6.8
      vertex 4.61074 29.7412 3.4
      vertex 4.61074 29.7412 6.8
    endloop
  endfacet
  facet normal -0.980788 0.195076 0
    outer loop
      vertex 4.5278 29.3242 3.4
      vertex 4.61074 29.7412 6.8
      vertex 4.61074 29.7412 3.4
    endloop
  endfacet
  facet normal -0.980788 0.195076 0
    outer loop
      vertex 4.61074 29.7412 6.8
      vertex 4.5278 29.3242 3.4
      vertex 4.5278 29.3242 6.8
    endloop
  endfacet
  facet normal -0.831493 0.555536 0
    outer loop
      vertex 4.93542 30.525 3.4
      vertex 5.1716 30.8785 6.8
      vertex 5.1716 30.8785 3.4
    endloop
  endfacet
  facet normal -0.831493 0.555536 0
    outer loop
      vertex 5.1716 30.8785 6.8
      vertex 4.93542 30.525 3.4
      vertex 4.93542 30.525 6.8
    endloop
  endfacet
  facet normal -0.195008 0.980802 0
    outer loop
      vertex 7.32579 32.1222 3.4
      vertex 6.90884 32.0393 6.8
      vertex 7.32579 32.1222 6.8
    endloop
  endfacet
  facet normal -0.195008 0.980802 0
    outer loop
      vertex 6.90884 32.0393 6.8
      vertex 7.32579 32.1222 3.4
      vertex 6.90884 32.0393 3.4
    endloop
  endfacet
  facet normal -0.555601 0.831449 0
    outer loop
      vertex 6.125 31.7146 3.4
      vertex 5.77153 31.4784 6.8
      vertex 6.125 31.7146 6.8
    endloop
  endfacet
  facet normal -0.555601 0.831449 0
    outer loop
      vertex 5.77153 31.4784 6.8
      vertex 6.125 31.7146 3.4
      vertex 5.77153 31.4784 3.4
    endloop
  endfacet
  facet normal -0.442239 0.896897 0
    outer loop
      vertex 6.50628 31.9026 3.4
      vertex 6.125 31.7146 6.8
      vertex 6.50628 31.9026 6.8
    endloop
  endfacet
  facet normal -0.442239 0.896897 0
    outer loop
      vertex 6.125 31.7146 6.8
      vertex 6.50628 31.9026 3.4
      vertex 6.125 31.7146 3.4
    endloop
  endfacet
  facet normal 0.997859 -0.0653948 0
    outer loop
      vertex 10.9722 28.4758 6.8
      vertex 11 28.9 3.4
      vertex 11 28.9 6.8
    endloop
  endfacet
  facet normal 0.997859 -0.0653948 0
    outer loop
      vertex 11 28.9 3.4
      vertex 10.9722 28.4758 6.8
      vertex 10.9722 28.4758 3.4
    endloop
  endfacet
  facet normal 0.195008 -0.980802 0
    outer loop
      vertex 8.17421 25.6778 3.4
      vertex 8.59116 25.7607 6.8
      vertex 8.17421 25.6778 6.8
    endloop
  endfacet
  facet normal 0.195008 -0.980802 0
    outer loop
      vertex 8.59116 25.7607 6.8
      vertex 8.17421 25.6778 3.4
      vertex 8.59116 25.7607 3.4
    endloop
  endfacet
  facet normal 0.659335 -0.751849 0
    outer loop
      vertex 9.72847 26.3216 3.4
      vertex 10.0481 26.6019 6.8
      vertex 9.72847 26.3216 6.8
    endloop
  endfacet
  facet normal 0.659335 -0.751849 0
    outer loop
      vertex 10.0481 26.6019 6.8
      vertex 9.72847 26.3216 3.4
      vertex 10.0481 26.6019 3.4
    endloop
  endfacet
  facet normal 0.442239 -0.896897 0
    outer loop
      vertex 8.99372 25.8974 3.4
      vertex 9.375 26.0854 6.8
      vertex 8.99372 25.8974 6.8
    endloop
  endfacet
  facet normal 0.442239 -0.896897 0
    outer loop
      vertex 9.375 26.0854 6.8
      vertex 8.99372 25.8974 3.4
      vertex 9.375 26.0854 3.4
    endloop
  endfacet
  facet normal -0.321543 -0.946895 0
    outer loop
      vertex 6.50628 25.8974 3.4
      vertex 6.90884 25.7607 6.8
      vertex 6.50628 25.8974 6.8
    endloop
  endfacet
  facet normal -0.321543 -0.946895 -0
    outer loop
      vertex 6.90884 25.7607 6.8
      vertex 6.50628 25.8974 3.4
      vertex 6.90884 25.7607 3.4
    endloop
  endfacet
  facet normal -0.555601 -0.831449 0
    outer loop
      vertex 5.77153 26.3216 3.4
      vertex 6.125 26.0854 6.8
      vertex 5.77153 26.3216 6.8
    endloop
  endfacet
  facet normal -0.555601 -0.831449 -0
    outer loop
      vertex 6.125 26.0854 6.8
      vertex 5.77153 26.3216 3.4
      vertex 6.125 26.0854 3.4
    endloop
  endfacet
  facet normal -0.980788 -0.195076 0
    outer loop
      vertex 4.61074 28.0588 3.4
      vertex 4.5278 28.4758 6.8
      vertex 4.5278 28.4758 3.4
    endloop
  endfacet
  facet normal -0.980788 -0.195076 0
    outer loop
      vertex 4.5278 28.4758 6.8
      vertex 4.61074 28.0588 3.4
      vertex 4.61074 28.0588 6.8
    endloop
  endfacet
  facet normal -0.896879 -0.442277 0
    outer loop
      vertex 4.93542 27.275 3.4
      vertex 4.74739 27.6563 6.8
      vertex 4.74739 27.6563 3.4
    endloop
  endfacet
  facet normal -0.896879 -0.442277 0
    outer loop
      vertex 4.74739 27.6563 6.8
      vertex 4.93542 27.275 3.4
      vertex 4.93542 27.275 6.8
    endloop
  endfacet
  facet normal 0.980806 -0.194985 0
    outer loop
      vertex 10.8893 28.0588 6.8
      vertex 10.9722 28.4758 3.4
      vertex 10.9722 28.4758 6.8
    endloop
  endfacet
  facet normal 0.980806 -0.194985 0
    outer loop
      vertex 10.9722 28.4758 3.4
      vertex 10.8893 28.0588 6.8
      vertex 10.8893 28.0588 3.4
    endloop
  endfacet
  facet normal 0.896907 -0.44222 0
    outer loop
      vertex 10.5646 27.275 6.8
      vertex 10.7526 27.6563 3.4
      vertex 10.7526 27.6563 6.8
    endloop
  endfacet
  facet normal 0.896907 -0.44222 0
    outer loop
      vertex 10.7526 27.6563 3.4
      vertex 10.5646 27.275 6.8
      vertex 10.5646 27.275 3.4
    endloop
  endfacet
  facet normal 0.321543 -0.946895 0
    outer loop
      vertex 8.59116 25.7607 3.4
      vertex 8.99372 25.8974 6.8
      vertex 8.59116 25.7607 6.8
    endloop
  endfacet
  facet normal 0.321543 -0.946895 0
    outer loop
      vertex 8.99372 25.8974 6.8
      vertex 8.59116 25.7607 3.4
      vertex 8.99372 25.8974 3.4
    endloop
  endfacet
  facet normal 0.751818 -0.65937 0
    outer loop
      vertex 10.0481 26.6019 6.8
      vertex 10.3284 26.9215 3.4
      vertex 10.3284 26.9215 6.8
    endloop
  endfacet
  facet normal 0.751818 -0.65937 0
    outer loop
      vertex 10.3284 26.9215 3.4
      vertex 10.0481 26.6019 6.8
      vertex 10.0481 26.6019 3.4
    endloop
  endfacet
  facet normal 0.555601 -0.831449 0
    outer loop
      vertex 9.375 26.0854 3.4
      vertex 9.72847 26.3216 6.8
      vertex 9.375 26.0854 6.8
    endloop
  endfacet
  facet normal 0.555601 -0.831449 0
    outer loop
      vertex 9.72847 26.3216 6.8
      vertex 9.375 26.0854 3.4
      vertex 9.72847 26.3216 3.4
    endloop
  endfacet
  facet normal -0.195008 -0.980802 0
    outer loop
      vertex 6.90884 25.7607 3.4
      vertex 7.32579 25.6778 6.8
      vertex 6.90884 25.7607 6.8
    endloop
  endfacet
  facet normal -0.195008 -0.980802 -0
    outer loop
      vertex 7.32579 25.6778 6.8
      vertex 6.90884 25.7607 3.4
      vertex 7.32579 25.6778 3.4
    endloop
  endfacet
  facet normal -0.442239 -0.896897 0
    outer loop
      vertex 6.125 26.0854 3.4
      vertex 6.50628 25.8974 6.8
      vertex 6.125 26.0854 6.8
    endloop
  endfacet
  facet normal -0.442239 -0.896897 -0
    outer loop
      vertex 6.50628 25.8974 6.8
      vertex 6.125 26.0854 3.4
      vertex 6.50628 25.8974 3.4
    endloop
  endfacet
  facet normal -0.946916 -0.321481 0
    outer loop
      vertex 4.74739 27.6563 3.4
      vertex 4.61074 28.0588 6.8
      vertex 4.61074 28.0588 3.4
    endloop
  endfacet
  facet normal -0.946916 -0.321481 0
    outer loop
      vertex 4.61074 28.0588 6.8
      vertex 4.74739 27.6563 3.4
      vertex 4.74739 27.6563 6.8
    endloop
  endfacet
  facet normal -0.831493 -0.555536 0
    outer loop
      vertex 5.1716 26.9215 3.4
      vertex 4.93542 27.275 6.8
      vertex 4.93542 27.275 3.4
    endloop
  endfacet
  facet normal -0.831493 -0.555536 0
    outer loop
      vertex 4.93542 27.275 6.8
      vertex 5.1716 26.9215 3.4
      vertex 5.1716 26.9215 6.8
    endloop
  endfacet
  facet normal 0.831528 0.555482 0
    outer loop
      vertex 8.74593 29.475 8.4
      vertex 8.66236 29.6001 6.8
      vertex 8.66236 29.6001 8.4
    endloop
  endfacet
  facet normal 0.831528 0.555482 0
    outer loop
      vertex 8.66236 29.6001 6.8
      vertex 8.74593 29.475 8.4
      vertex 8.74593 29.475 6.8
    endloop
  endfacet
  facet normal 0.320672 0.94719 -0
    outer loop
      vertex 8.19009 29.9625 6.8
      vertex 8.1 29.993 8.4
      vertex 8.19009 29.9625 8.4
    endloop
  endfacet
  facet normal 0.320672 0.94719 0
    outer loop
      vertex 8.1 29.993 8.4
      vertex 8.19009 29.9625 6.8
      vertex 8.1 29.993 6.8
    endloop
  endfacet
  facet normal -0.442662 0.896689 0
    outer loop
      vertex 7.30991 29.9625 6.8
      vertex 7.175 29.8959 8.4
      vertex 7.30991 29.9625 8.4
    endloop
  endfacet
  facet normal -0.442662 0.896689 0
    outer loop
      vertex 7.175 29.8959 8.4
      vertex 7.30991 29.9625 6.8
      vertex 7.175 29.8959 6.8
    endloop
  endfacet
  facet normal -0.89686 0.442314 0
    outer loop
      vertex 6.68754 29.3401 6.8
      vertex 6.75407 29.475 8.4
      vertex 6.75407 29.475 6.8
    endloop
  endfacet
  facet normal -0.89686 0.442314 0
    outer loop
      vertex 6.75407 29.475 8.4
      vertex 6.68754 29.3401 6.8
      vertex 6.68754 29.3401 8.4
    endloop
  endfacet
  facet normal 0.980772 0.195157 0
    outer loop
      vertex 8.89016 29.0501 8.4
      vertex 8.86081 29.1976 6.8
      vertex 8.86081 29.1976 8.4
    endloop
  endfacet
  facet normal 0.980772 0.195157 0
    outer loop
      vertex 8.86081 29.1976 6.8
      vertex 8.89016 29.0501 8.4
      vertex 8.89016 29.0501 6.8
    endloop
  endfacet
  facet normal 0.659431 0.751765 -0
    outer loop
      vertex 8.56317 29.7132 6.8
      vertex 8.45008 29.8124 8.4
      vertex 8.56317 29.7132 8.4
    endloop
  endfacet
  facet normal 0.659431 0.751765 0
    outer loop
      vertex 8.45008 29.8124 8.4
      vertex 8.56317 29.7132 6.8
      vertex 8.45008 29.8124 6.8
    endloop
  endfacet
  facet normal 0.555222 0.831702 -0
    outer loop
      vertex 8.45008 29.8124 6.8
      vertex 8.325 29.8959 8.4
      vertex 8.45008 29.8124 8.4
    endloop
  endfacet
  facet normal 0.555222 0.831702 0
    outer loop
      vertex 8.325 29.8959 8.4
      vertex 8.45008 29.8124 6.8
      vertex 8.325 29.8959 6.8
    endloop
  endfacet
  facet normal -0.997858 0.0654159 0
    outer loop
      vertex 6.6 28.9 6.8
      vertex 6.60984 29.0501 8.4
      vertex 6.60984 29.0501 6.8
    endloop
  endfacet
  facet normal -0.997858 0.0654159 0
    outer loop
      vertex 6.60984 29.0501 8.4
      vertex 6.6 28.9 6.8
      vertex 6.6 28.9 8.4
    endloop
  endfacet
  facet normal -0.751827 0.659361 0
    outer loop
      vertex 6.83764 29.6001 6.8
      vertex 6.93683 29.7132 8.4
      vertex 6.93683 29.7132 6.8
    endloop
  endfacet
  facet normal -0.751827 0.659361 0
    outer loop
      vertex 6.93683 29.7132 8.4
      vertex 6.83764 29.6001 6.8
      vertex 6.83764 29.6001 8.4
    endloop
  endfacet
  facet normal -0.555222 0.831702 0
    outer loop
      vertex 7.175 29.8959 6.8
      vertex 7.04992 29.8124 8.4
      vertex 7.175 29.8959 8.4
    endloop
  endfacet
  facet normal -0.555222 0.831702 0
    outer loop
      vertex 7.04992 29.8124 8.4
      vertex 7.175 29.8959 6.8
      vertex 7.04992 29.8124 6.8
    endloop
  endfacet
  facet normal -0.659431 0.751765 0
    outer loop
      vertex 7.04992 29.8124 6.8
      vertex 6.93683 29.7132 8.4
      vertex 7.04992 29.8124 8.4
    endloop
  endfacet
  facet normal -0.659431 0.751765 0
    outer loop
      vertex 6.93683 29.7132 8.4
      vertex 7.04992 29.8124 6.8
      vertex 6.93683 29.7132 6.8
    endloop
  endfacet
  facet normal 0.555222 -0.831702 0
    outer loop
      vertex 8.325 27.9041 6.8
      vertex 8.45008 27.9876 8.4
      vertex 8.325 27.9041 8.4
    endloop
  endfacet
  facet normal 0.555222 -0.831702 0
    outer loop
      vertex 8.45008 27.9876 8.4
      vertex 8.325 27.9041 6.8
      vertex 8.45008 27.9876 6.8
    endloop
  endfacet
  facet normal -0.659431 -0.751765 0
    outer loop
      vertex 6.93683 28.0868 6.8
      vertex 7.04992 27.9876 8.4
      vertex 6.93683 28.0868 8.4
    endloop
  endfacet
  facet normal -0.659431 -0.751765 -0
    outer loop
      vertex 7.04992 27.9876 8.4
      vertex 6.93683 28.0868 6.8
      vertex 7.04992 27.9876 6.8
    endloop
  endfacet
  facet normal -0.89686 -0.442314 0
    outer loop
      vertex 6.75407 28.325 6.8
      vertex 6.68754 28.4599 8.4
      vertex 6.68754 28.4599 6.8
    endloop
  endfacet
  facet normal -0.89686 -0.442314 0
    outer loop
      vertex 6.68754 28.4599 8.4
      vertex 6.75407 28.325 6.8
      vertex 6.75407 28.325 8.4
    endloop
  endfacet
  facet normal 0.751827 0.659361 0
    outer loop
      vertex 8.66236 29.6001 8.4
      vertex 8.56317 29.7132 6.8
      vertex 8.56317 29.7132 8.4
    endloop
  endfacet
  facet normal 0.751827 0.659361 0
    outer loop
      vertex 8.56317 29.7132 6.8
      vertex 8.66236 29.6001 8.4
      vertex 8.66236 29.6001 6.8
    endloop
  endfacet
  facet normal 0.442662 0.896689 -0
    outer loop
      vertex 8.325 29.8959 6.8
      vertex 8.19009 29.9625 8.4
      vertex 8.325 29.8959 8.4
    endloop
  endfacet
  facet normal 0.442662 0.896689 0
    outer loop
      vertex 8.19009 29.9625 8.4
      vertex 8.325 29.8959 6.8
      vertex 8.19009 29.9625 6.8
    endloop
  endfacet
  facet normal -0.946975 0.321307 0
    outer loop
      vertex 6.63919 29.1976 6.8
      vertex 6.68754 29.3401 8.4
      vertex 6.68754 29.3401 6.8
    endloop
  endfacet
  facet normal -0.946975 0.321307 0
    outer loop
      vertex 6.68754 29.3401 8.4
      vertex 6.63919 29.1976 6.8
      vertex 6.63919 29.1976 8.4
    endloop
  endfacet
  facet normal -0.980772 0.195157 0
    outer loop
      vertex 6.60984 29.0501 6.8
      vertex 6.63919 29.1976 8.4
      vertex 6.63919 29.1976 6.8
    endloop
  endfacet
  facet normal -0.980772 0.195157 0
    outer loop
      vertex 6.63919 29.1976 8.4
      vertex 6.60984 29.0501 6.8
      vertex 6.60984 29.0501 8.4
    endloop
  endfacet
  facet normal -0.831528 0.555482 0
    outer loop
      vertex 6.75407 29.475 6.8
      vertex 6.83764 29.6001 8.4
      vertex 6.83764 29.6001 6.8
    endloop
  endfacet
  facet normal -0.831528 0.555482 0
    outer loop
      vertex 6.83764 29.6001 8.4
      vertex 6.75407 29.475 6.8
      vertex 6.75407 29.475 8.4
    endloop
  endfacet
  facet normal -0.320672 0.94719 0
    outer loop
      vertex 7.4 29.993 6.8
      vertex 7.30991 29.9625 8.4
      vertex 7.4 29.993 8.4
    endloop
  endfacet
  facet normal -0.320672 0.94719 0
    outer loop
      vertex 7.30991 29.9625 8.4
      vertex 7.4 29.993 6.8
      vertex 7.30991 29.9625 6.8
    endloop
  endfacet
  facet normal 0.997858 0.0654159 0
    outer loop
      vertex 8.9 28.9 8.4
      vertex 8.89016 29.0501 6.8
      vertex 8.89016 29.0501 8.4
    endloop
  endfacet
  facet normal 0.997858 0.0654159 0
    outer loop
      vertex 8.89016 29.0501 6.8
      vertex 8.9 28.9 8.4
      vertex 8.9 28.9 6.8
    endloop
  endfacet
  facet normal 0.997858 -0.0654159 0
    outer loop
      vertex 8.89016 28.7499 8.4
      vertex 8.9 28.9 6.8
      vertex 8.9 28.9 8.4
    endloop
  endfacet
  facet normal 0.997858 -0.0654159 0
    outer loop
      vertex 8.9 28.9 6.8
      vertex 8.89016 28.7499 8.4
      vertex 8.89016 28.7499 6.8
    endloop
  endfacet
  facet normal 0.980772 -0.195157 0
    outer loop
      vertex 8.86081 28.6024 8.4
      vertex 8.89016 28.7499 6.8
      vertex 8.89016 28.7499 8.4
    endloop
  endfacet
  facet normal 0.980772 -0.195157 0
    outer loop
      vertex 8.89016 28.7499 6.8
      vertex 8.86081 28.6024 8.4
      vertex 8.86081 28.6024 6.8
    endloop
  endfacet
  facet normal -0.997858 -0.0654159 0
    outer loop
      vertex 6.60984 28.7499 6.8
      vertex 6.6 28.9 8.4
      vertex 6.6 28.9 6.8
    endloop
  endfacet
  facet normal -0.997858 -0.0654159 0
    outer loop
      vertex 6.6 28.9 8.4
      vertex 6.60984 28.7499 6.8
      vertex 6.60984 28.7499 8.4
    endloop
  endfacet
  facet normal -0.831528 -0.555482 0
    outer loop
      vertex 6.83764 28.1999 6.8
      vertex 6.75407 28.325 8.4
      vertex 6.75407 28.325 6.8
    endloop
  endfacet
  facet normal -0.831528 -0.555482 0
    outer loop
      vertex 6.75407 28.325 8.4
      vertex 6.83764 28.1999 6.8
      vertex 6.83764 28.1999 8.4
    endloop
  endfacet
  facet normal 0.442662 -0.896689 0
    outer loop
      vertex 8.19009 27.8375 6.8
      vertex 8.325 27.9041 8.4
      vertex 8.19009 27.8375 8.4
    endloop
  endfacet
  facet normal 0.442662 -0.896689 0
    outer loop
      vertex 8.325 27.9041 8.4
      vertex 8.19009 27.8375 6.8
      vertex 8.325 27.9041 6.8
    endloop
  endfacet
  facet normal 0.89686 0.442314 0
    outer loop
      vertex 8.81246 29.3401 8.4
      vertex 8.74593 29.475 6.8
      vertex 8.74593 29.475 8.4
    endloop
  endfacet
  facet normal 0.89686 0.442314 0
    outer loop
      vertex 8.74593 29.475 6.8
      vertex 8.81246 29.3401 8.4
      vertex 8.81246 29.3401 6.8
    endloop
  endfacet
  facet normal 0.946975 0.321307 0
    outer loop
      vertex 8.86081 29.1976 8.4
      vertex 8.81246 29.3401 6.8
      vertex 8.81246 29.3401 8.4
    endloop
  endfacet
  facet normal 0.946975 0.321307 0
    outer loop
      vertex 8.81246 29.3401 6.8
      vertex 8.86081 29.1976 8.4
      vertex 8.86081 29.1976 6.8
    endloop
  endfacet
  facet normal 0.751827 -0.659361 0
    outer loop
      vertex 8.56317 28.0868 8.4
      vertex 8.66236 28.1999 6.8
      vertex 8.66236 28.1999 8.4
    endloop
  endfacet
  facet normal 0.751827 -0.659361 0
    outer loop
      vertex 8.66236 28.1999 6.8
      vertex 8.56317 28.0868 8.4
      vertex 8.56317 28.0868 6.8
    endloop
  endfacet
  facet normal 0.831528 -0.555482 0
    outer loop
      vertex 8.66236 28.1999 8.4
      vertex 8.74593 28.325 6.8
      vertex 8.74593 28.325 8.4
    endloop
  endfacet
  facet normal 0.831528 -0.555482 0
    outer loop
      vertex 8.74593 28.325 6.8
      vertex 8.66236 28.1999 8.4
      vertex 8.66236 28.1999 6.8
    endloop
  endfacet
  facet normal 0.89686 -0.442314 0
    outer loop
      vertex 8.74593 28.325 8.4
      vertex 8.81246 28.4599 6.8
      vertex 8.81246 28.4599 8.4
    endloop
  endfacet
  facet normal 0.89686 -0.442314 0
    outer loop
      vertex 8.81246 28.4599 6.8
      vertex 8.74593 28.325 8.4
      vertex 8.74593 28.325 6.8
    endloop
  endfacet
  facet normal -0.946975 -0.321307 0
    outer loop
      vertex 6.68754 28.4599 6.8
      vertex 6.63919 28.6024 8.4
      vertex 6.63919 28.6024 6.8
    endloop
  endfacet
  facet normal -0.946975 -0.321307 0
    outer loop
      vertex 6.63919 28.6024 8.4
      vertex 6.68754 28.4599 6.8
      vertex 6.68754 28.4599 8.4
    endloop
  endfacet
  facet normal -0.980772 -0.195157 0
    outer loop
      vertex 6.63919 28.6024 6.8
      vertex 6.60984 28.7499 8.4
      vertex 6.60984 28.7499 6.8
    endloop
  endfacet
  facet normal -0.980772 -0.195157 0
    outer loop
      vertex 6.60984 28.7499 8.4
      vertex 6.63919 28.6024 6.8
      vertex 6.63919 28.6024 8.4
    endloop
  endfacet
  facet normal -0.751827 -0.659361 0
    outer loop
      vertex 6.93683 28.0868 6.8
      vertex 6.83764 28.1999 8.4
      vertex 6.83764 28.1999 6.8
    endloop
  endfacet
  facet normal -0.751827 -0.659361 0
    outer loop
      vertex 6.83764 28.1999 8.4
      vertex 6.93683 28.0868 6.8
      vertex 6.93683 28.0868 8.4
    endloop
  endfacet
  facet normal 0.320672 -0.94719 0
    outer loop
      vertex 8.1 27.807 6.8
      vertex 8.19009 27.8375 8.4
      vertex 8.1 27.807 8.4
    endloop
  endfacet
  facet normal 0.320672 -0.94719 0
    outer loop
      vertex 8.19009 27.8375 8.4
      vertex 8.1 27.807 6.8
      vertex 8.19009 27.8375 6.8
    endloop
  endfacet
  facet normal 0.659431 -0.751765 0
    outer loop
      vertex 8.45008 27.9876 6.8
      vertex 8.56317 28.0868 8.4
      vertex 8.45008 27.9876 8.4
    endloop
  endfacet
  facet normal 0.659431 -0.751765 0
    outer loop
      vertex 8.56317 28.0868 8.4
      vertex 8.45008 27.9876 6.8
      vertex 8.56317 28.0868 6.8
    endloop
  endfacet
  facet normal 0.946975 -0.321307 0
    outer loop
      vertex 8.81246 28.4599 8.4
      vertex 8.86081 28.6024 6.8
      vertex 8.86081 28.6024 8.4
    endloop
  endfacet
  facet normal 0.946975 -0.321307 0
    outer loop
      vertex 8.86081 28.6024 6.8
      vertex 8.81246 28.4599 8.4
      vertex 8.81246 28.4599 6.8
    endloop
  endfacet
  facet normal -0.442662 -0.896689 0
    outer loop
      vertex 7.175 27.9041 6.8
      vertex 7.30991 27.8375 8.4
      vertex 7.175 27.9041 8.4
    endloop
  endfacet
  facet normal -0.442662 -0.896689 -0
    outer loop
      vertex 7.30991 27.8375 8.4
      vertex 7.175 27.9041 6.8
      vertex 7.30991 27.8375 6.8
    endloop
  endfacet
  facet normal -0.320672 -0.94719 0
    outer loop
      vertex 7.30991 27.8375 6.8
      vertex 7.4 27.807 8.4
      vertex 7.30991 27.8375 8.4
    endloop
  endfacet
  facet normal -0.320672 -0.94719 -0
    outer loop
      vertex 7.4 27.807 8.4
      vertex 7.30991 27.8375 6.8
      vertex 7.4 27.807 6.8
    endloop
  endfacet
  facet normal -0.555222 -0.831702 0
    outer loop
      vertex 7.04992 27.9876 6.8
      vertex 7.175 27.9041 8.4
      vertex 7.04992 27.9876 8.4
    endloop
  endfacet
  facet normal -0.555222 -0.831702 -0
    outer loop
      vertex 7.175 27.9041 8.4
      vertex 7.04992 27.9876 6.8
      vertex 7.175 27.9041 6.8
    endloop
  endfacet
  facet normal 0.955944 0.0626681 0.286783
    outer loop
      vertex 9.275 28.9 8.4
      vertex 8.89016 29.0501 9.65
      vertex 8.9 28.9 9.65
    endloop
  endfacet
  facet normal 0.955944 0.0626573 0.286784
    outer loop
      vertex 9.26195 29.0991 8.4
      vertex 8.89016 29.0501 9.65
      vertex 9.275 28.9 8.4
    endloop
  endfacet
  facet normal -0.955944 -0.0626681 0.286783
    outer loop
      vertex 6.6 28.9 9.65
      vertex 6.225 28.9 8.4
      vertex 6.60984 28.7499 9.65
    endloop
  endfacet
  facet normal 0.939572 0.186959 0.286796
    outer loop
      vertex 9.22304 29.2947 8.4
      vertex 8.86081 29.1976 9.65
      vertex 8.89016 29.0501 9.65
    endloop
  endfacet
  facet normal 0.859188 0.423734 0.286784
    outer loop
      vertex 9.07069 29.6625 8.4
      vertex 8.74593 29.475 9.65
      vertex 8.81246 29.3401 9.65
    endloop
  endfacet
  facet normal -0.424063 0.859015 0.286816
    outer loop
      vertex 7.30991 29.9625 9.65
      vertex 6.9875 30.2207 8.4
      vertex 7.175 29.8959 9.65
    endloop
  endfacet
  facet normal -0.939572 -0.186959 0.286796
    outer loop
      vertex 6.60984 28.7499 9.65
      vertex 6.27696 28.5053 8.4
      vertex 6.63919 28.6024 9.65
    endloop
  endfacet
  facet normal -0.859188 -0.423735 0.286784
    outer loop
      vertex 6.68754 28.4599 9.65
      vertex 6.34108 28.3164 8.4
      vertex 6.42931 28.1375 8.4
    endloop
  endfacet
  facet normal 0.631849 -0.720096 0.286756
    outer loop
      vertex 8.82834 27.8217 8.4
      vertex 8.56317 28.0868 9.65
      vertex 8.67836 27.6901 8.4
    endloop
  endfacet
  facet normal 0.631734 0.720189 0.286775
    outer loop
      vertex 8.67836 30.1099 8.4
      vertex 8.45008 29.8124 9.65
      vertex 8.56317 29.7132 9.65
    endloop
  endfacet
  facet normal 0.939584 0.186908 0.286789
    outer loop
      vertex 9.22304 29.2947 8.4
      vertex 8.89016 29.0501 9.65
      vertex 9.26195 29.0991 8.4
    endloop
  endfacet
  facet normal 0.187668 0.939438 0.286769
    outer loop
      vertex 8.1 30.3122 8.62843
      vertex 8.1 30.2062 8.97568
      vertex 8.1447 30.373 8.4
    endloop
  endfacet
  facet normal 0.532149 0.796591 0.286809
    outer loop
      vertex 8.5125 30.2207 8.4
      vertex 8.325 29.8959 9.65
      vertex 8.67836 30.1099 8.4
    endloop
  endfacet
  facet normal -0.720119 -0.631821 0.28676
    outer loop
      vertex 6.93683 28.0868 9.65
      vertex 6.54014 27.9716 8.4
      vertex 6.67166 27.8217 8.4
    endloop
  endfacet
  facet normal 0 0 -1
    outer loop
      vertex 8.9 28.9 8.4
      vertex 9.275 28.9 8.4
      vertex 9.26195 28.7009 8.4
    endloop
  endfacet
  facet normal 0 0 -1
    outer loop
      vertex 8.89016 28.7499 8.4
      vertex 9.26195 28.7009 8.4
      vertex 9.22304 28.5053 8.4
    endloop
  endfacet
  facet normal 0 0 -1
    outer loop
      vertex 9.275 28.9 8.4
      vertex 8.9 28.9 8.4
      vertex 9.26195 29.0991 8.4
    endloop
  endfacet
  facet normal 0 0 -1
    outer loop
      vertex 8.86081 28.6024 8.4
      vertex 9.22304 28.5053 8.4
      vertex 9.15892 28.3164 8.4
    endloop
  endfacet
  facet normal 0 0 -1
    outer loop
      vertex 8.89016 29.0501 8.4
      vertex 9.26195 29.0991 8.4
      vertex 8.9 28.9 8.4
    endloop
  endfacet
  facet normal 0 0 -1
    outer loop
      vertex 8.81246 28.4599 8.4
      vertex 9.15892 28.3164 8.4
      vertex 9.07069 28.1375 8.4
    endloop
  endfacet
  facet normal -0 0 -1
    outer loop
      vertex 9.26195 29.0991 8.4
      vertex 8.89016 29.0501 8.4
      vertex 9.22304 29.2947 8.4
    endloop
  endfacet
  facet normal 0 0 -1
    outer loop
      vertex 8.74593 28.325 8.4
      vertex 9.07069 28.1375 8.4
      vertex 8.95986 27.9716 8.4
    endloop
  endfacet
  facet normal 0 0 -1
    outer loop
      vertex 8.86081 29.1976 8.4
      vertex 9.22304 29.2947 8.4
      vertex 8.89016 29.0501 8.4
    endloop
  endfacet
  facet normal -0 0 -1
    outer loop
      vertex 9.22304 29.2947 8.4
      vertex 8.86081 29.1976 8.4
      vertex 9.15892 29.4836 8.4
    endloop
  endfacet
  facet normal 0 0 -1
    outer loop
      vertex 9.26195 28.7009 8.4
      vertex 8.89016 28.7499 8.4
      vertex 8.9 28.9 8.4
    endloop
  endfacet
  facet normal 0 0 -1
    outer loop
      vertex 9.22304 28.5053 8.4
      vertex 8.86081 28.6024 8.4
      vertex 8.89016 28.7499 8.4
    endloop
  endfacet
  facet normal 0 0 -1
    outer loop
      vertex 8.66236 28.1999 8.4
      vertex 8.95986 27.9716 8.4
      vertex 8.82834 27.8217 8.4
    endloop
  endfacet
  facet normal 0 0 -1
    outer loop
      vertex 9.15892 28.3164 8.4
      vertex 8.81246 28.4599 8.4
      vertex 8.86081 28.6024 8.4
    endloop
  endfacet
  facet normal 0 0 -1
    outer loop
      vertex 9.07069 28.1375 8.4
      vertex 8.74593 28.325 8.4
      vertex 8.81246 28.4599 8.4
    endloop
  endfacet
  facet normal 0 0 -1
    outer loop
      vertex 8.56317 28.0868 8.4
      vertex 8.82834 27.8217 8.4
      vertex 8.67836 27.6901 8.4
    endloop
  endfacet
  facet normal 0 0 -1
    outer loop
      vertex 8.95986 27.9716 8.4
      vertex 8.66236 28.1999 8.4
      vertex 8.74593 28.325 8.4
    endloop
  endfacet
  facet normal 0 0 -1
    outer loop
      vertex 8.82834 27.8217 8.4
      vertex 8.56317 28.0868 8.4
      vertex 8.66236 28.1999 8.4
    endloop
  endfacet
  facet normal 0 0 -1
    outer loop
      vertex 8.45008 27.9876 8.4
      vertex 8.67836 27.6901 8.4
      vertex 8.5125 27.5793 8.4
    endloop
  endfacet
  facet normal 0 0 -1
    outer loop
      vertex 8.67836 27.6901 8.4
      vertex 8.45008 27.9876 8.4
      vertex 8.56317 28.0868 8.4
    endloop
  endfacet
  facet normal 0 0 -1
    outer loop
      vertex 8.325 27.9041 8.4
      vertex 8.5125 27.5793 8.4
      vertex 8.33359 27.4911 8.4
    endloop
  endfacet
  facet normal 0 0 -1
    outer loop
      vertex 8.5125 27.5793 8.4
      vertex 8.325 27.9041 8.4
      vertex 8.45008 27.9876 8.4
    endloop
  endfacet
  facet normal 0 0 -1
    outer loop
      vertex 8.33359 27.4911 8.4
      vertex 8.19009 27.8375 8.4
      vertex 8.325 27.9041 8.4
    endloop
  endfacet
  facet normal 0 0 -1
    outer loop
      vertex 8.1 27.807 8.4
      vertex 8.33359 27.4911 8.4
      vertex 8.1447 27.427 8.4
    endloop
  endfacet
  facet normal 0 0 -1
    outer loop
      vertex 8.1 27.807 8.4
      vertex 8.1447 27.427 8.4
      vertex 8.1 27.4181 8.4
    endloop
  endfacet
  facet normal 0 0 -1
    outer loop
      vertex 8.33359 27.4911 8.4
      vertex 8.1 27.807 8.4
      vertex 8.19009 27.8375 8.4
    endloop
  endfacet
  facet normal 0 0 -1
    outer loop
      vertex 8.81246 29.3401 8.4
      vertex 9.15892 29.4836 8.4
      vertex 8.86081 29.1976 8.4
    endloop
  endfacet
  facet normal -0 0 -1
    outer loop
      vertex 9.15892 29.4836 8.4
      vertex 8.81246 29.3401 8.4
      vertex 9.07069 29.6625 8.4
    endloop
  endfacet
  facet normal 0 0 -1
    outer loop
      vertex 8.74593 29.475 8.4
      vertex 9.07069 29.6625 8.4
      vertex 8.81246 29.3401 8.4
    endloop
  endfacet
  facet normal -0 0 -1
    outer loop
      vertex 9.07069 29.6625 8.4
      vertex 8.74593 29.475 8.4
      vertex 8.95986 29.8284 8.4
    endloop
  endfacet
  facet normal 0 0 -1
    outer loop
      vertex 8.66236 29.6001 8.4
      vertex 8.95986 29.8284 8.4
      vertex 8.74593 29.475 8.4
    endloop
  endfacet
  facet normal -0 0 -1
    outer loop
      vertex 8.95986 29.8284 8.4
      vertex 8.66236 29.6001 8.4
      vertex 8.82834 29.9783 8.4
    endloop
  endfacet
  facet normal 0 0 -1
    outer loop
      vertex 8.56317 29.7132 8.4
      vertex 8.82834 29.9783 8.4
      vertex 8.66236 29.6001 8.4
    endloop
  endfacet
  facet normal -0 0 -1
    outer loop
      vertex 8.82834 29.9783 8.4
      vertex 8.56317 29.7132 8.4
      vertex 8.67836 30.1099 8.4
    endloop
  endfacet
  facet normal 0 0 -1
    outer loop
      vertex 8.45008 29.8124 8.4
      vertex 8.67836 30.1099 8.4
      vertex 8.56317 29.7132 8.4
    endloop
  endfacet
  facet normal -0 0 -1
    outer loop
      vertex 8.67836 30.1099 8.4
      vertex 8.45008 29.8124 8.4
      vertex 8.5125 30.2207 8.4
    endloop
  endfacet
  facet normal 0 0 -1
    outer loop
      vertex 8.325 29.8959 8.4
      vertex 8.5125 30.2207 8.4
      vertex 8.45008 29.8124 8.4
    endloop
  endfacet
  facet normal -0 0 -1
    outer loop
      vertex 8.5125 30.2207 8.4
      vertex 8.325 29.8959 8.4
      vertex 8.33359 30.3089 8.4
    endloop
  endfacet
  facet normal 0 0 -1
    outer loop
      vertex 8.19009 29.9625 8.4
      vertex 8.33359 30.3089 8.4
      vertex 8.325 29.8959 8.4
    endloop
  endfacet
  facet normal 0 0 -1
    outer loop
      vertex 8.1 29.993 8.4
      vertex 8.33359 30.3089 8.4
      vertex 8.19009 29.9625 8.4
    endloop
  endfacet
  facet normal -0 0 -1
    outer loop
      vertex 8.33359 30.3089 8.4
      vertex 8.1 29.993 8.4
      vertex 8.1447 30.373 8.4
    endloop
  endfacet
  facet normal -0 0 -1
    outer loop
      vertex 8.1447 30.373 8.4
      vertex 8.1 29.993 8.4
      vertex 8.1 30.3819 8.4
    endloop
  endfacet
  facet normal 0 0 -1
    outer loop
      vertex 7.3553 27.427 8.4
      vertex 7.4 27.807 8.4
      vertex 7.4 27.4181 8.4
    endloop
  endfacet
  facet normal 0 0 -1
    outer loop
      vertex 7.16641 27.4911 8.4
      vertex 7.4 27.807 8.4
      vertex 7.3553 27.427 8.4
    endloop
  endfacet
  facet normal -0 0 -1
    outer loop
      vertex 7.4 27.807 8.4
      vertex 7.16641 27.4911 8.4
      vertex 7.30991 27.8375 8.4
    endloop
  endfacet
  facet normal -0 0 -1
    outer loop
      vertex 7.30991 27.8375 8.4
      vertex 7.16641 27.4911 8.4
      vertex 7.175 27.9041 8.4
    endloop
  endfacet
  facet normal 0 0 -1
    outer loop
      vertex 6.9875 27.5793 8.4
      vertex 7.175 27.9041 8.4
      vertex 7.16641 27.4911 8.4
    endloop
  endfacet
  facet normal -0 0 -1
    outer loop
      vertex 7.175 27.9041 8.4
      vertex 6.9875 27.5793 8.4
      vertex 7.04992 27.9876 8.4
    endloop
  endfacet
  facet normal 0 0 -1
    outer loop
      vertex 6.82164 27.6901 8.4
      vertex 7.04992 27.9876 8.4
      vertex 6.9875 27.5793 8.4
    endloop
  endfacet
  facet normal -0 0 -1
    outer loop
      vertex 7.04992 27.9876 8.4
      vertex 6.82164 27.6901 8.4
      vertex 6.93683 28.0868 8.4
    endloop
  endfacet
  facet normal 0 0 -1
    outer loop
      vertex 6.67166 27.8217 8.4
      vertex 6.93683 28.0868 8.4
      vertex 6.82164 27.6901 8.4
    endloop
  endfacet
  facet normal -0 0 -1
    outer loop
      vertex 6.93683 28.0868 8.4
      vertex 6.67166 27.8217 8.4
      vertex 6.83764 28.1999 8.4
    endloop
  endfacet
  facet normal 0 0 -1
    outer loop
      vertex 6.54014 27.9716 8.4
      vertex 6.83764 28.1999 8.4
      vertex 6.67166 27.8217 8.4
    endloop
  endfacet
  facet normal -0 0 -1
    outer loop
      vertex 6.83764 28.1999 8.4
      vertex 6.54014 27.9716 8.4
      vertex 6.75407 28.325 8.4
    endloop
  endfacet
  facet normal 0 0 -1
    outer loop
      vertex 6.42931 28.1375 8.4
      vertex 6.75407 28.325 8.4
      vertex 6.54014 27.9716 8.4
    endloop
  endfacet
  facet normal -0 0 -1
    outer loop
      vertex 6.75407 28.325 8.4
      vertex 6.42931 28.1375 8.4
      vertex 6.68754 28.4599 8.4
    endloop
  endfacet
  facet normal -0 0 -1
    outer loop
      vertex 6.68754 28.4599 8.4
      vertex 6.34108 28.3164 8.4
      vertex 6.63919 28.6024 8.4
    endloop
  endfacet
  facet normal 0 0 -1
    outer loop
      vertex 6.34108 28.3164 8.4
      vertex 6.68754 28.4599 8.4
      vertex 6.42931 28.1375 8.4
    endloop
  endfacet
  facet normal 0 0 -1
    outer loop
      vertex 7.4 29.993 8.4
      vertex 7.3553 30.373 8.4
      vertex 7.4 30.3819 8.4
    endloop
  endfacet
  facet normal 0 0 -1
    outer loop
      vertex 7.16641 30.3089 8.4
      vertex 7.4 29.993 8.4
      vertex 7.30991 29.9625 8.4
    endloop
  endfacet
  facet normal 0 0 -1
    outer loop
      vertex 7.16641 30.3089 8.4
      vertex 7.30991 29.9625 8.4
      vertex 7.175 29.8959 8.4
    endloop
  endfacet
  facet normal 0 0 -1
    outer loop
      vertex 7.4 29.993 8.4
      vertex 7.16641 30.3089 8.4
      vertex 7.3553 30.373 8.4
    endloop
  endfacet
  facet normal 0 0 -1
    outer loop
      vertex 6.9875 30.2207 8.4
      vertex 7.175 29.8959 8.4
      vertex 7.04992 29.8124 8.4
    endloop
  endfacet
  facet normal 0 0 -1
    outer loop
      vertex 7.175 29.8959 8.4
      vertex 6.9875 30.2207 8.4
      vertex 7.16641 30.3089 8.4
    endloop
  endfacet
  facet normal 0 0 -1
    outer loop
      vertex 6.82164 30.1099 8.4
      vertex 7.04992 29.8124 8.4
      vertex 6.93683 29.7132 8.4
    endloop
  endfacet
  facet normal 0 0 -1
    outer loop
      vertex 6.67166 29.9783 8.4
      vertex 6.93683 29.7132 8.4
      vertex 6.83764 29.6001 8.4
    endloop
  endfacet
  facet normal 0 0 -1
    outer loop
      vertex 7.04992 29.8124 8.4
      vertex 6.82164 30.1099 8.4
      vertex 6.9875 30.2207 8.4
    endloop
  endfacet
  facet normal 0 0 -1
    outer loop
      vertex 6.54014 29.8284 8.4
      vertex 6.83764 29.6001 8.4
      vertex 6.75407 29.475 8.4
    endloop
  endfacet
  facet normal 0 0 -1
    outer loop
      vertex 6.42931 29.6625 8.4
      vertex 6.75407 29.475 8.4
      vertex 6.68754 29.3401 8.4
    endloop
  endfacet
  facet normal 0 0 -1
    outer loop
      vertex 6.93683 29.7132 8.4
      vertex 6.67166 29.9783 8.4
      vertex 6.82164 30.1099 8.4
    endloop
  endfacet
  facet normal 0 0 -1
    outer loop
      vertex 6.34108 29.4836 8.4
      vertex 6.68754 29.3401 8.4
      vertex 6.63919 29.1976 8.4
    endloop
  endfacet
  facet normal 0 0 -1
    outer loop
      vertex 6.27696 29.2947 8.4
      vertex 6.63919 29.1976 8.4
      vertex 6.60984 29.0501 8.4
    endloop
  endfacet
  facet normal 0 0 -1
    outer loop
      vertex 6.83764 29.6001 8.4
      vertex 6.54014 29.8284 8.4
      vertex 6.67166 29.9783 8.4
    endloop
  endfacet
  facet normal 0 0 -1
    outer loop
      vertex 6.23805 29.0991 8.4
      vertex 6.60984 29.0501 8.4
      vertex 6.6 28.9 8.4
    endloop
  endfacet
  facet normal 0 0 -1
    outer loop
      vertex 6.27696 28.5053 8.4
      vertex 6.63919 28.6024 8.4
      vertex 6.34108 28.3164 8.4
    endloop
  endfacet
  facet normal -0 0 -1
    outer loop
      vertex 6.63919 28.6024 8.4
      vertex 6.27696 28.5053 8.4
      vertex 6.60984 28.7499 8.4
    endloop
  endfacet
  facet normal 0 0 -1
    outer loop
      vertex 6.75407 29.475 8.4
      vertex 6.42931 29.6625 8.4
      vertex 6.54014 29.8284 8.4
    endloop
  endfacet
  facet normal 0 0 -1
    outer loop
      vertex 6.23805 28.7009 8.4
      vertex 6.60984 28.7499 8.4
      vertex 6.27696 28.5053 8.4
    endloop
  endfacet
  facet normal 0 0 -1
    outer loop
      vertex 6.68754 29.3401 8.4
      vertex 6.34108 29.4836 8.4
      vertex 6.42931 29.6625 8.4
    endloop
  endfacet
  facet normal -0 0 -1
    outer loop
      vertex 6.60984 28.7499 8.4
      vertex 6.23805 28.7009 8.4
      vertex 6.6 28.9 8.4
    endloop
  endfacet
  facet normal 0 0 -1
    outer loop
      vertex 6.63919 29.1976 8.4
      vertex 6.27696 29.2947 8.4
      vertex 6.34108 29.4836 8.4
    endloop
  endfacet
  facet normal 0 0 -1
    outer loop
      vertex 6.225 28.9 8.4
      vertex 6.6 28.9 8.4
      vertex 6.23805 28.7009 8.4
    endloop
  endfacet
  facet normal 0 0 -1
    outer loop
      vertex 6.60984 29.0501 8.4
      vertex 6.23805 29.0991 8.4
      vertex 6.27696 29.2947 8.4
    endloop
  endfacet
  facet normal 0 0 -1
    outer loop
      vertex 6.6 28.9 8.4
      vertex 6.225 28.9 8.4
      vertex 6.23805 29.0991 8.4
    endloop
  endfacet
  facet normal -0.532149 -0.796591 0.286809
    outer loop
      vertex 7.175 27.9041 9.65
      vertex 6.82164 27.6901 8.4
      vertex 6.9875 27.5793 8.4
    endloop
  endfacet
  facet normal -0.531902 -0.79677 0.286769
    outer loop
      vertex 7.04992 27.9876 9.65
      vertex 6.82164 27.6901 8.4
      vertex 7.175 27.9041 9.65
    endloop
  endfacet
  facet normal 0.187668 -0.939438 0.286769
    outer loop
      vertex 8.1 27.5938 8.97568
      vertex 8.1 27.4878 8.62843
      vertex 8.1447 27.427 8.4
    endloop
  endfacet
  facet normal 0.423604 -0.859264 0.286749
    outer loop
      vertex 8.5125 27.5793 8.4
      vertex 8.19009 27.8375 9.65
      vertex 8.33359 27.4911 8.4
    endloop
  endfacet
  facet normal 0.907159 -0.307925 0.286785
    outer loop
      vertex 9.22304 28.5053 8.4
      vertex 8.81246 28.4599 9.65
      vertex 9.15892 28.3164 8.4
    endloop
  endfacet
  facet normal 0.939572 -0.186959 0.286796
    outer loop
      vertex 8.89016 28.7499 9.65
      vertex 8.86081 28.6024 9.65
      vertex 9.22304 28.5053 8.4
    endloop
  endfacet
  facet normal 0.939584 -0.186908 0.286789
    outer loop
      vertex 9.26195 28.7009 8.4
      vertex 8.89016 28.7499 9.65
      vertex 9.22304 28.5053 8.4
    endloop
  endfacet
  facet normal -0.955944 0.0626573 0.286784
    outer loop
      vertex 6.23805 29.0991 8.4
      vertex 6.225 28.9 8.4
      vertex 6.60984 29.0501 9.65
    endloop
  endfacet
  facet normal -0.187668 0.939438 0.286769
    outer loop
      vertex 7.4 30.3122 8.62843
      vertex 7.3553 30.373 8.4
      vertex 7.4 30.2062 8.97568
    endloop
  endfacet
  facet normal -0.187075 0.93958 0.286691
    outer loop
      vertex 7.4 30.3819 8.4
      vertex 7.3553 30.373 8.4
      vertex 7.4 30.3122 8.62843
    endloop
  endfacet
  facet normal 0.907193 0.307809 0.286801
    outer loop
      vertex 9.22304 29.2947 8.4
      vertex 8.81246 29.3401 9.65
      vertex 8.86081 29.1976 9.65
    endloop
  endfacet
  facet normal 0.79659 0.532164 0.286785
    outer loop
      vertex 8.95986 29.8284 8.4
      vertex 8.74593 29.475 9.65
      vertex 9.07069 29.6625 8.4
    endloop
  endfacet
  facet normal 0.187075 0.93958 0.286691
    outer loop
      vertex 8.1 30.3819 8.4
      vertex 8.1 30.3122 8.62843
      vertex 8.1447 30.373 8.4
    endloop
  endfacet
  facet normal 0.307857 0.907195 0.286744
    outer loop
      vertex 8.33359 30.3089 8.4
      vertex 8.1447 30.373 8.4
      vertex 8.19009 29.9625 9.65
    endloop
  endfacet
  facet normal 0.424063 0.859015 0.286816
    outer loop
      vertex 8.5125 30.2207 8.4
      vertex 8.19009 29.9625 9.65
      vertex 8.325 29.8959 9.65
    endloop
  endfacet
  facet normal -0.939584 -0.186908 0.286789
    outer loop
      vertex 6.60984 28.7499 9.65
      vertex 6.23805 28.7009 8.4
      vertex 6.27696 28.5053 8.4
    endloop
  endfacet
  facet normal -0.955944 -0.0626573 0.286784
    outer loop
      vertex 6.60984 28.7499 9.65
      vertex 6.225 28.9 8.4
      vertex 6.23805 28.7009 8.4
    endloop
  endfacet
  facet normal -0.859188 -0.423734 0.286784
    outer loop
      vertex 6.68754 28.4599 9.65
      vertex 6.42931 28.1375 8.4
      vertex 6.75407 28.325 9.65
    endloop
  endfacet
  facet normal -0.796601 -0.53215 0.286783
    outer loop
      vertex 6.75407 28.325 9.65
      vertex 6.54014 27.9716 8.4
      vertex 6.83764 28.1999 9.65
    endloop
  endfacet
  facet normal 0.187075 -0.93958 0.286691
    outer loop
      vertex 8.1 27.4878 8.62843
      vertex 8.1 27.4181 8.4
      vertex 8.1447 27.427 8.4
    endloop
  endfacet
  facet normal 0.424063 -0.859015 0.286816
    outer loop
      vertex 8.325 27.9041 9.65
      vertex 8.19009 27.8375 9.65
      vertex 8.5125 27.5793 8.4
    endloop
  endfacet
  facet normal 0.720246 -0.631664 0.286786
    outer loop
      vertex 8.66236 28.1999 9.65
      vertex 8.56317 28.0868 9.65
      vertex 8.95986 27.9716 8.4
    endloop
  endfacet
  facet normal 0.720119 -0.631821 0.28676
    outer loop
      vertex 8.95986 27.9716 8.4
      vertex 8.56317 28.0868 9.65
      vertex 8.82834 27.8217 8.4
    endloop
  endfacet
  facet normal 0.79659 -0.532164 0.286785
    outer loop
      vertex 9.07069 28.1375 8.4
      vertex 8.74593 28.325 9.65
      vertex 8.95986 27.9716 8.4
    endloop
  endfacet
  facet normal 0.907193 -0.307809 0.286801
    outer loop
      vertex 8.86081 28.6024 9.65
      vertex 8.81246 28.4599 9.65
      vertex 9.22304 28.5053 8.4
    endloop
  endfacet
  facet normal 0.955944 -0.0626573 0.286784
    outer loop
      vertex 9.275 28.9 8.4
      vertex 8.89016 28.7499 9.65
      vertex 9.26195 28.7009 8.4
    endloop
  endfacet
  facet normal 0.955944 -0.0626681 0.286783
    outer loop
      vertex 8.9 28.9 9.65
      vertex 8.89016 28.7499 9.65
      vertex 9.275 28.9 8.4
    endloop
  endfacet
  facet normal 0 0 1
    outer loop
      vertex 8.89016 29.0501 9.65
      vertex 8.89016 28.7499 9.65
      vertex 8.9 28.9 9.65
    endloop
  endfacet
  facet normal 0 0 1
    outer loop
      vertex 8.86081 29.1976 9.65
      vertex 8.89016 28.7499 9.65
      vertex 8.89016 29.0501 9.65
    endloop
  endfacet
  facet normal 0 0 1
    outer loop
      vertex 8.86081 29.1976 9.65
      vertex 8.86081 28.6024 9.65
      vertex 8.89016 28.7499 9.65
    endloop
  endfacet
  facet normal 0 0 1
    outer loop
      vertex 8.81246 29.3401 9.65
      vertex 8.86081 28.6024 9.65
      vertex 8.86081 29.1976 9.65
    endloop
  endfacet
  facet normal 0 0 1
    outer loop
      vertex 8.81246 29.3401 9.65
      vertex 8.81246 28.4599 9.65
      vertex 8.86081 28.6024 9.65
    endloop
  endfacet
  facet normal 0 0 1
    outer loop
      vertex 8.74593 29.475 9.65
      vertex 8.81246 28.4599 9.65
      vertex 8.81246 29.3401 9.65
    endloop
  endfacet
  facet normal 0 0 1
    outer loop
      vertex 8.74593 29.475 9.65
      vertex 8.74593 28.325 9.65
      vertex 8.81246 28.4599 9.65
    endloop
  endfacet
  facet normal 0 0 1
    outer loop
      vertex 8.66236 29.6001 9.65
      vertex 8.74593 28.325 9.65
      vertex 8.74593 29.475 9.65
    endloop
  endfacet
  facet normal 0 0 1
    outer loop
      vertex 8.66236 29.6001 9.65
      vertex 8.66236 28.1999 9.65
      vertex 8.74593 28.325 9.65
    endloop
  endfacet
  facet normal 0 0 1
    outer loop
      vertex 8.56317 29.7132 9.65
      vertex 8.66236 28.1999 9.65
      vertex 8.66236 29.6001 9.65
    endloop
  endfacet
  facet normal 0 0 1
    outer loop
      vertex 8.56317 29.7132 9.65
      vertex 8.56317 28.0868 9.65
      vertex 8.66236 28.1999 9.65
    endloop
  endfacet
  facet normal 0 0 1
    outer loop
      vertex 8.45008 29.8124 9.65
      vertex 8.56317 28.0868 9.65
      vertex 8.56317 29.7132 9.65
    endloop
  endfacet
  facet normal 0 0 1
    outer loop
      vertex 8.45008 29.8124 9.65
      vertex 8.45008 27.9876 9.65
      vertex 8.56317 28.0868 9.65
    endloop
  endfacet
  facet normal 0 0 1
    outer loop
      vertex 8.325 29.8959 9.65
      vertex 8.45008 27.9876 9.65
      vertex 8.45008 29.8124 9.65
    endloop
  endfacet
  facet normal 0 0 1
    outer loop
      vertex 8.325 29.8959 9.65
      vertex 8.325 27.9041 9.65
      vertex 8.45008 27.9876 9.65
    endloop
  endfacet
  facet normal 0 0 1
    outer loop
      vertex 8.1 29.993 9.65
      vertex 8.325 29.8959 9.65
      vertex 8.19009 29.9625 9.65
    endloop
  endfacet
  facet normal 0 0 1
    outer loop
      vertex 8.325 29.8959 9.65
      vertex 8.1 29.993 9.65
      vertex 8.325 27.9041 9.65
    endloop
  endfacet
  facet normal 0 0 1
    outer loop
      vertex 8.1 27.807 9.65
      vertex 8.325 27.9041 9.65
      vertex 8.1 29.993 9.65
    endloop
  endfacet
  facet normal 0 0 1
    outer loop
      vertex 8.325 27.9041 9.65
      vertex 8.1 27.807 9.65
      vertex 8.19009 27.8375 9.65
    endloop
  endfacet
  facet normal 0 0 1
    outer loop
      vertex 7.175 29.8959 9.65
      vertex 7.4 29.993 9.65
      vertex 7.30991 29.9625 9.65
    endloop
  endfacet
  facet normal 0 0 1
    outer loop
      vertex 7.4 29.993 9.65
      vertex 7.175 29.8959 9.65
      vertex 7.4 27.807 9.65
    endloop
  endfacet
  facet normal -0 0 1
    outer loop
      vertex 7.175 27.9041 9.65
      vertex 7.4 27.807 9.65
      vertex 7.175 29.8959 9.65
    endloop
  endfacet
  facet normal 0 0 1
    outer loop
      vertex 7.4 27.807 9.65
      vertex 7.175 27.9041 9.65
      vertex 7.30991 27.8375 9.65
    endloop
  endfacet
  facet normal -0 0 1
    outer loop
      vertex 7.04992 29.8124 9.65
      vertex 7.175 27.9041 9.65
      vertex 7.175 29.8959 9.65
    endloop
  endfacet
  facet normal 0 0 1
    outer loop
      vertex 7.04992 29.8124 9.65
      vertex 7.04992 27.9876 9.65
      vertex 7.175 27.9041 9.65
    endloop
  endfacet
  facet normal -0 0 1
    outer loop
      vertex 6.93683 29.7132 9.65
      vertex 7.04992 27.9876 9.65
      vertex 7.04992 29.8124 9.65
    endloop
  endfacet
  facet normal 0 0 1
    outer loop
      vertex 6.93683 29.7132 9.65
      vertex 6.93683 28.0868 9.65
      vertex 7.04992 27.9876 9.65
    endloop
  endfacet
  facet normal -0 0 1
    outer loop
      vertex 6.83764 29.6001 9.65
      vertex 6.93683 28.0868 9.65
      vertex 6.93683 29.7132 9.65
    endloop
  endfacet
  facet normal 0 0 1
    outer loop
      vertex 6.83764 29.6001 9.65
      vertex 6.83764 28.1999 9.65
      vertex 6.93683 28.0868 9.65
    endloop
  endfacet
  facet normal -0 0 1
    outer loop
      vertex 6.75407 29.475 9.65
      vertex 6.83764 28.1999 9.65
      vertex 6.83764 29.6001 9.65
    endloop
  endfacet
  facet normal 0 0 1
    outer loop
      vertex 6.75407 29.475 9.65
      vertex 6.75407 28.325 9.65
      vertex 6.83764 28.1999 9.65
    endloop
  endfacet
  facet normal -0 0 1
    outer loop
      vertex 6.68754 29.3401 9.65
      vertex 6.75407 28.325 9.65
      vertex 6.75407 29.475 9.65
    endloop
  endfacet
  facet normal 0 0 1
    outer loop
      vertex 6.68754 29.3401 9.65
      vertex 6.68754 28.4599 9.65
      vertex 6.75407 28.325 9.65
    endloop
  endfacet
  facet normal -0 0 1
    outer loop
      vertex 6.63919 29.1976 9.65
      vertex 6.68754 28.4599 9.65
      vertex 6.68754 29.3401 9.65
    endloop
  endfacet
  facet normal 0 0 1
    outer loop
      vertex 6.63919 29.1976 9.65
      vertex 6.63919 28.6024 9.65
      vertex 6.68754 28.4599 9.65
    endloop
  endfacet
  facet normal -0 0 1
    outer loop
      vertex 6.60984 29.0501 9.65
      vertex 6.63919 28.6024 9.65
      vertex 6.63919 29.1976 9.65
    endloop
  endfacet
  facet normal 0 0 1
    outer loop
      vertex 6.60984 29.0501 9.65
      vertex 6.60984 28.7499 9.65
      vertex 6.63919 28.6024 9.65
    endloop
  endfacet
  facet normal 0 -0 1
    outer loop
      vertex 6.60984 28.7499 9.65
      vertex 6.60984 29.0501 9.65
      vertex 6.6 28.9 9.65
    endloop
  endfacet
  facet normal -0.955944 0.0626681 0.286783
    outer loop
      vertex 6.60984 29.0501 9.65
      vertex 6.225 28.9 8.4
      vertex 6.6 28.9 9.65
    endloop
  endfacet
  facet normal -0.859188 0.423734 0.286784
    outer loop
      vertex 6.75407 29.475 9.65
      vertex 6.42931 29.6625 8.4
      vertex 6.68754 29.3401 9.65
    endloop
  endfacet
  facet normal -0.720246 0.631664 0.286786
    outer loop
      vertex 6.93683 29.7132 9.65
      vertex 6.54014 29.8284 8.4
      vertex 6.83764 29.6001 9.65
    endloop
  endfacet
  facet normal -0.307192 0.907375 0.286885
    outer loop
      vertex 7.4 30.2062 8.97568
      vertex 7.30991 29.9625 9.65
      vertex 7.4 29.993 9.65
    endloop
  endfacet
  facet normal -0.307738 0.90723 0.28676
    outer loop
      vertex 7.30991 29.9625 9.65
      vertex 7.4 30.2062 8.97568
      vertex 7.3553 30.373 8.4
    endloop
  endfacet
  facet normal 0.907159 0.307925 0.286785
    outer loop
      vertex 9.15892 29.4836 8.4
      vertex 8.81246 29.3401 9.65
      vertex 9.22304 29.2947 8.4
    endloop
  endfacet
  facet normal 0.859188 0.423735 0.286784
    outer loop
      vertex 9.07069 29.6625 8.4
      vertex 8.81246 29.3401 9.65
      vertex 9.15892 29.4836 8.4
    endloop
  endfacet
  facet normal 0.796601 0.53215 0.286783
    outer loop
      vertex 8.95986 29.8284 8.4
      vertex 8.66236 29.6001 9.65
      vertex 8.74593 29.475 9.65
    endloop
  endfacet
  facet normal 0.423604 0.859264 0.286749
    outer loop
      vertex 8.33359 30.3089 8.4
      vertex 8.19009 29.9625 9.65
      vertex 8.5125 30.2207 8.4
    endloop
  endfacet
  facet normal -0.424063 -0.859015 0.286816
    outer loop
      vertex 7.175 27.9041 9.65
      vertex 6.9875 27.5793 8.4
      vertex 7.30991 27.8375 9.65
    endloop
  endfacet
  facet normal -0.631734 -0.720189 0.286775
    outer loop
      vertex 6.93683 28.0868 9.65
      vertex 6.82164 27.6901 8.4
      vertex 7.04992 27.9876 9.65
    endloop
  endfacet
  facet normal -0.631849 -0.720096 0.286756
    outer loop
      vertex 6.93683 28.0868 9.65
      vertex 6.67166 27.8217 8.4
      vertex 6.82164 27.6901 8.4
    endloop
  endfacet
  facet normal -0.907193 -0.307809 0.286801
    outer loop
      vertex 6.63919 28.6024 9.65
      vertex 6.27696 28.5053 8.4
      vertex 6.68754 28.4599 9.65
    endloop
  endfacet
  facet normal -0.907159 -0.307925 0.286785
    outer loop
      vertex 6.68754 28.4599 9.65
      vertex 6.27696 28.5053 8.4
      vertex 6.34108 28.3164 8.4
    endloop
  endfacet
  facet normal -0.79659 -0.532164 0.286785
    outer loop
      vertex 6.75407 28.325 9.65
      vertex 6.42931 28.1375 8.4
      vertex 6.54014 27.9716 8.4
    endloop
  endfacet
  facet normal 0.531902 -0.79677 0.286769
    outer loop
      vertex 8.45008 27.9876 9.65
      vertex 8.325 27.9041 9.65
      vertex 8.67836 27.6901 8.4
    endloop
  endfacet
  facet normal 0.631734 -0.720189 0.286775
    outer loop
      vertex 8.56317 28.0868 9.65
      vertex 8.45008 27.9876 9.65
      vertex 8.67836 27.6901 8.4
    endloop
  endfacet
  facet normal 0.532149 -0.796591 0.286809
    outer loop
      vertex 8.67836 27.6901 8.4
      vertex 8.325 27.9041 9.65
      vertex 8.5125 27.5793 8.4
    endloop
  endfacet
  facet normal 0.307192 -0.907375 0.286885
    outer loop
      vertex 8.1 27.5938 8.97568
      vertex 8.19009 27.8375 9.65
      vertex 8.1 27.807 9.65
    endloop
  endfacet
  facet normal 0.307738 -0.90723 0.28676
    outer loop
      vertex 8.19009 27.8375 9.65
      vertex 8.1 27.5938 8.97568
      vertex 8.1447 27.427 8.4
    endloop
  endfacet
  facet normal 0.307857 -0.907195 0.286744
    outer loop
      vertex 8.19009 27.8375 9.65
      vertex 8.1447 27.427 8.4
      vertex 8.33359 27.4911 8.4
    endloop
  endfacet
  facet normal 0.859188 -0.423734 0.286784
    outer loop
      vertex 8.81246 28.4599 9.65
      vertex 8.74593 28.325 9.65
      vertex 9.07069 28.1375 8.4
    endloop
  endfacet
  facet normal 0.859188 -0.423735 0.286784
    outer loop
      vertex 9.15892 28.3164 8.4
      vertex 8.81246 28.4599 9.65
      vertex 9.07069 28.1375 8.4
    endloop
  endfacet
  facet normal 0.796601 -0.53215 0.286783
    outer loop
      vertex 8.74593 28.325 9.65
      vertex 8.66236 28.1999 9.65
      vertex 8.95986 27.9716 8.4
    endloop
  endfacet
  facet normal -0.939584 0.186908 0.286789
    outer loop
      vertex 6.27696 29.2947 8.4
      vertex 6.23805 29.0991 8.4
      vertex 6.60984 29.0501 9.65
    endloop
  endfacet
  facet normal -0.939572 0.186959 0.286796
    outer loop
      vertex 6.63919 29.1976 9.65
      vertex 6.27696 29.2947 8.4
      vertex 6.60984 29.0501 9.65
    endloop
  endfacet
  facet normal -0.631849 0.720096 0.286756
    outer loop
      vertex 6.82164 30.1099 8.4
      vertex 6.67166 29.9783 8.4
      vertex 6.93683 29.7132 9.65
    endloop
  endfacet
  facet normal -0.720119 0.631821 0.28676
    outer loop
      vertex 6.67166 29.9783 8.4
      vertex 6.54014 29.8284 8.4
      vertex 6.93683 29.7132 9.65
    endloop
  endfacet
  facet normal -0.531902 0.79677 0.286769
    outer loop
      vertex 7.175 29.8959 9.65
      vertex 6.82164 30.1099 8.4
      vertex 7.04992 29.8124 9.65
    endloop
  endfacet
  facet normal -0.532149 0.796591 0.286809
    outer loop
      vertex 6.9875 30.2207 8.4
      vertex 6.82164 30.1099 8.4
      vertex 7.175 29.8959 9.65
    endloop
  endfacet
  facet normal -0.79659 0.532164 0.286785
    outer loop
      vertex 6.54014 29.8284 8.4
      vertex 6.42931 29.6625 8.4
      vertex 6.75407 29.475 9.65
    endloop
  endfacet
  facet normal -0.796601 0.53215 0.286783
    outer loop
      vertex 6.83764 29.6001 9.65
      vertex 6.54014 29.8284 8.4
      vertex 6.75407 29.475 9.65
    endloop
  endfacet
  facet normal -0.307857 0.907195 0.286744
    outer loop
      vertex 7.3553 30.373 8.4
      vertex 7.16641 30.3089 8.4
      vertex 7.30991 29.9625 9.65
    endloop
  endfacet
  facet normal -0.423604 0.859264 0.286749
    outer loop
      vertex 7.16641 30.3089 8.4
      vertex 6.9875 30.2207 8.4
      vertex 7.30991 29.9625 9.65
    endloop
  endfacet
  facet normal 0.720119 0.631821 0.28676
    outer loop
      vertex 8.82834 29.9783 8.4
      vertex 8.56317 29.7132 9.65
      vertex 8.95986 29.8284 8.4
    endloop
  endfacet
  facet normal 0.631849 0.720096 0.286756
    outer loop
      vertex 8.67836 30.1099 8.4
      vertex 8.56317 29.7132 9.65
      vertex 8.82834 29.9783 8.4
    endloop
  endfacet
  facet normal 0.307192 0.907375 0.286885
    outer loop
      vertex 8.19009 29.9625 9.65
      vertex 8.1 30.2062 8.97568
      vertex 8.1 29.993 9.65
    endloop
  endfacet
  facet normal 0.307738 0.90723 0.28676
    outer loop
      vertex 8.1 30.2062 8.97568
      vertex 8.19009 29.9625 9.65
      vertex 8.1447 30.373 8.4
    endloop
  endfacet
  facet normal -0.187075 -0.93958 0.286691
    outer loop
      vertex 7.4 27.4878 8.62843
      vertex 7.3553 27.427 8.4
      vertex 7.4 27.4181 8.4
    endloop
  endfacet
  facet normal -0.187668 -0.939438 0.286769
    outer loop
      vertex 7.4 27.5938 8.97568
      vertex 7.3553 27.427 8.4
      vertex 7.4 27.4878 8.62843
    endloop
  endfacet
  facet normal -0.720246 -0.631664 0.286786
    outer loop
      vertex 6.83764 28.1999 9.65
      vertex 6.54014 27.9716 8.4
      vertex 6.93683 28.0868 9.65
    endloop
  endfacet
  facet normal -0.859188 0.423735 0.286784
    outer loop
      vertex 6.42931 29.6625 8.4
      vertex 6.34108 29.4836 8.4
      vertex 6.68754 29.3401 9.65
    endloop
  endfacet
  facet normal -0.631734 0.720189 0.286775
    outer loop
      vertex 7.04992 29.8124 9.65
      vertex 6.82164 30.1099 8.4
      vertex 6.93683 29.7132 9.65
    endloop
  endfacet
  facet normal 0.720246 0.631664 0.286786
    outer loop
      vertex 8.95986 29.8284 8.4
      vertex 8.56317 29.7132 9.65
      vertex 8.66236 29.6001 9.65
    endloop
  endfacet
  facet normal 0.531902 0.79677 0.286769
    outer loop
      vertex 8.67836 30.1099 8.4
      vertex 8.325 29.8959 9.65
      vertex 8.45008 29.8124 9.65
    endloop
  endfacet
  facet normal -0.423604 -0.859264 0.286749
    outer loop
      vertex 7.30991 27.8375 9.65
      vertex 6.9875 27.5793 8.4
      vertex 7.16641 27.4911 8.4
    endloop
  endfacet
  facet normal -0.907159 0.307925 0.286785
    outer loop
      vertex 6.34108 29.4836 8.4
      vertex 6.27696 29.2947 8.4
      vertex 6.68754 29.3401 9.65
    endloop
  endfacet
  facet normal -0.907193 0.307809 0.286801
    outer loop
      vertex 6.68754 29.3401 9.65
      vertex 6.27696 29.2947 8.4
      vertex 6.63919 29.1976 9.65
    endloop
  endfacet
  facet normal -0.307857 -0.907195 0.286744
    outer loop
      vertex 7.30991 27.8375 9.65
      vertex 7.16641 27.4911 8.4
      vertex 7.3553 27.427 8.4
    endloop
  endfacet
  facet normal -0.307192 -0.907375 0.286885
    outer loop
      vertex 7.30991 27.8375 9.65
      vertex 7.4 27.5938 8.97568
      vertex 7.4 27.807 9.65
    endloop
  endfacet
  facet normal -0.307738 -0.90723 0.28676
    outer loop
      vertex 7.4 27.5938 8.97568
      vertex 7.30991 27.8375 9.65
      vertex 7.3553 27.427 8.4
    endloop
  endfacet
  facet normal 1 0 0
    outer loop
      vertex 7.4 29.993 8.4
      vertex 7.4 30.3122 8.62843
      vertex 7.4 30.2062 8.97568
    endloop
  endfacet
  facet normal 1 0 0
    outer loop
      vertex 7.4 29.993 8.4
      vertex 7.4 30.2062 8.97568
      vertex 7.4 29.993 9.65
    endloop
  endfacet
  facet normal 1 0 0
    outer loop
      vertex 7.4 30.3122 8.62843
      vertex 7.4 29.993 8.4
      vertex 7.4 30.3819 8.4
    endloop
  endfacet
  facet normal 1 0 0
    outer loop
      vertex 7.4 27.807 8.4
      vertex 7.4 29.993 8.4
      vertex 7.4 29.993 9.65
    endloop
  endfacet
  facet normal 1 0 0
    outer loop
      vertex 7.4 27.807 8.4
      vertex 7.4 29.993 9.65
      vertex 7.4 27.807 9.65
    endloop
  endfacet
  facet normal 1 -0 0
    outer loop
      vertex 7.4 29.993 6.8
      vertex 7.4 30.9 6.6
      vertex 7.4 30.9 6.8
    endloop
  endfacet
  facet normal 1 0 0
    outer loop
      vertex 7.4 29.993 8.4
      vertex 7.4 27.807 8.4
      vertex 7.4 29.993 6.8
    endloop
  endfacet
  facet normal 1 0 0
    outer loop
      vertex 7.4 27.807 6.8
      vertex 7.4 29.993 6.8
      vertex 7.4 27.807 8.4
    endloop
  endfacet
  facet normal 1 -0 0
    outer loop
      vertex 7.4 27.807 6.8
      vertex 7.4 30.9 6.6
      vertex 7.4 29.993 6.8
    endloop
  endfacet
  facet normal 1 0 0
    outer loop
      vertex 7.4 26.9 6.6
      vertex 7.4 27.807 6.8
      vertex 7.4 26.9 6.8
    endloop
  endfacet
  facet normal 1 0 0
    outer loop
      vertex 7.4 27.807 6.8
      vertex 7.4 26.9 6.6
      vertex 7.4 30.9 6.6
    endloop
  endfacet
  facet normal 1 -0 0
    outer loop
      vertex 7.4 27.5938 8.97568
      vertex 7.4 27.807 8.4
      vertex 7.4 27.807 9.65
    endloop
  endfacet
  facet normal 1 -0 0
    outer loop
      vertex 7.4 27.4878 8.62843
      vertex 7.4 27.807 8.4
      vertex 7.4 27.5938 8.97568
    endloop
  endfacet
  facet normal 1 0 0
    outer loop
      vertex 7.4 27.807 8.4
      vertex 7.4 27.4878 8.62843
      vertex 7.4 27.4181 8.4
    endloop
  endfacet
  facet normal -1 0 0
    outer loop
      vertex 8.1 30.9 6.6
      vertex 8.1 29.993 6.8
      vertex 8.1 30.9 6.8
    endloop
  endfacet
  facet normal -1 0 0
    outer loop
      vertex 8.1 27.807 8.4
      vertex 8.1 29.993 8.4
      vertex 8.1 29.993 6.8
    endloop
  endfacet
  facet normal -1 0 0
    outer loop
      vertex 8.1 27.807 8.4
      vertex 8.1 29.993 6.8
      vertex 8.1 27.807 6.8
    endloop
  endfacet
  facet normal -1 0 0
    outer loop
      vertex 8.1 30.9 6.6
      vertex 8.1 27.807 6.8
      vertex 8.1 29.993 6.8
    endloop
  endfacet
  facet normal -1 0 0
    outer loop
      vertex 8.1 26.9 6.6
      vertex 8.1 27.807 6.8
      vertex 8.1 30.9 6.6
    endloop
  endfacet
  facet normal -1 -0 0
    outer loop
      vertex 8.1 27.807 6.8
      vertex 8.1 26.9 6.6
      vertex 8.1 26.9 6.8
    endloop
  endfacet
  facet normal -1 0 0
    outer loop
      vertex 8.1 29.993 8.4
      vertex 8.1 30.3122 8.62843
      vertex 8.1 30.3819 8.4
    endloop
  endfacet
  facet normal -1 -0 0
    outer loop
      vertex 8.1 30.3122 8.62843
      vertex 8.1 29.993 8.4
      vertex 8.1 30.2062 8.97568
    endloop
  endfacet
  facet normal -1 -0 0
    outer loop
      vertex 8.1 30.2062 8.97568
      vertex 8.1 29.993 8.4
      vertex 8.1 29.993 9.65
    endloop
  endfacet
  facet normal -1 0 0
    outer loop
      vertex 8.1 29.993 8.4
      vertex 8.1 27.807 8.4
      vertex 8.1 29.993 9.65
    endloop
  endfacet
  facet normal -1 0 0
    outer loop
      vertex 8.1 27.807 8.4
      vertex 8.1 27.807 9.65
      vertex 8.1 29.993 9.65
    endloop
  endfacet
  facet normal -1 0 0
    outer loop
      vertex 8.1 27.807 8.4
      vertex 8.1 27.5938 8.97568
      vertex 8.1 27.807 9.65
    endloop
  endfacet
  facet normal -1 0 0
    outer loop
      vertex 8.1 27.807 8.4
      vertex 8.1 27.4878 8.62843
      vertex 8.1 27.5938 8.97568
    endloop
  endfacet
  facet normal -1 0 -0
    outer loop
      vertex 8.1 27.4878 8.62843
      vertex 8.1 27.807 8.4
      vertex 8.1 27.4181 8.4
    endloop
  endfacet
  facet normal 0 -1 0
    outer loop
      vertex 7.4 30.9 6.6
      vertex 8.1 30.9 6.8
      vertex 7.4 30.9 6.8
    endloop
  endfacet
  facet normal 0 -1 -0
    outer loop
      vertex 8.1 30.9 6.8
      vertex 7.4 30.9 6.6
      vertex 8.1 30.9 6.6
    endloop
  endfacet
  facet normal -0 0 1
    outer loop
      vertex 7.4 30.9 6.6
      vertex 8.1 26.9 6.6
      vertex 8.1 30.9 6.6
    endloop
  endfacet
  facet normal 0 0 1
    outer loop
      vertex 8.1 26.9 6.6
      vertex 7.4 30.9 6.6
      vertex 7.4 26.9 6.6
    endloop
  endfacet
  facet normal 0 1 -0
    outer loop
      vertex 8.1 26.9 6.6
      vertex 7.4 26.9 6.8
      vertex 8.1 26.9 6.8
    endloop
  endfacet
  facet normal 0 1 0
    outer loop
      vertex 7.4 26.9 6.8
      vertex 8.1 26.9 6.6
      vertex 7.4 26.9 6.6
    endloop
  endfacet
  facet normal 0.555601 0.831449 -0
    outer loop
      vertex 9.72847 89.4784 3.4
      vertex 9.375 89.7146 6.8
      vertex 9.72847 89.4784 6.8
    endloop
  endfacet
  facet normal 0.555601 0.831449 0
    outer loop
      vertex 9.375 89.7146 6.8
      vertex 9.72847 89.4784 3.4
      vertex 9.375 89.7146 3.4
    endloop
  endfacet
  facet normal -0.321543 0.946895 0
    outer loop
      vertex 6.90884 90.0393 3.4
      vertex 6.50628 89.9026 6.8
      vertex 6.90884 90.0393 6.8
    endloop
  endfacet
  facet normal -0.321543 0.946895 0
    outer loop
      vertex 6.50628 89.9026 6.8
      vertex 6.90884 90.0393 3.4
      vertex 6.50628 89.9026 3.4
    endloop
  endfacet
  facet normal -0.896879 0.442277 0
    outer loop
      vertex 4.74739 88.1437 3.4
      vertex 4.93542 88.525 6.8
      vertex 4.93542 88.525 3.4
    endloop
  endfacet
  facet normal -0.896879 0.442277 0
    outer loop
      vertex 4.93542 88.525 6.8
      vertex 4.74739 88.1437 3.4
      vertex 4.74739 88.1437 6.8
    endloop
  endfacet
  facet normal 0.896907 0.44222 0
    outer loop
      vertex 10.7526 88.1437 6.8
      vertex 10.5646 88.525 3.4
      vertex 10.5646 88.525 6.8
    endloop
  endfacet
  facet normal 0.896907 0.44222 0
    outer loop
      vertex 10.5646 88.525 3.4
      vertex 10.7526 88.1437 6.8
      vertex 10.7526 88.1437 3.4
    endloop
  endfacet
  facet normal 0.831471 0.555568 0
    outer loop
      vertex 10.5646 88.525 6.8
      vertex 10.3284 88.8785 3.4
      vertex 10.3284 88.8785 6.8
    endloop
  endfacet
  facet normal 0.831471 0.555568 0
    outer loop
      vertex 10.3284 88.8785 3.4
      vertex 10.5646 88.525 6.8
      vertex 10.5646 88.525 3.4
    endloop
  endfacet
  facet normal 0.442239 0.896897 -0
    outer loop
      vertex 9.375 89.7146 3.4
      vertex 8.99372 89.9026 6.8
      vertex 9.375 89.7146 6.8
    endloop
  endfacet
  facet normal 0.442239 0.896897 0
    outer loop
      vertex 8.99372 89.9026 6.8
      vertex 9.375 89.7146 3.4
      vertex 8.99372 89.9026 3.4
    endloop
  endfacet
  facet normal 0.0653933 0.99786 -0
    outer loop
      vertex 8.17421 90.1222 3.4
      vertex 7.75 90.15 6.8
      vertex 8.17421 90.1222 6.8
    endloop
  endfacet
  facet normal 0.0653933 0.99786 0
    outer loop
      vertex 7.75 90.15 6.8
      vertex 8.17421 90.1222 3.4
      vertex 7.75 90.15 3.4
    endloop
  endfacet
  facet normal -0.997859 0.0653948 0
    outer loop
      vertex 4.5 86.9 3.4
      vertex 4.5278 87.3242 6.8
      vertex 4.5278 87.3242 3.4
    endloop
  endfacet
  facet normal -0.997859 0.0653948 0
    outer loop
      vertex 4.5278 87.3242 6.8
      vertex 4.5 86.9 3.4
      vertex 4.5 86.9 6.8
    endloop
  endfacet
  facet normal -0.751818 0.65937 0
    outer loop
      vertex 5.1716 88.8785 3.4
      vertex 5.4519 89.1981 6.8
      vertex 5.4519 89.1981 3.4
    endloop
  endfacet
  facet normal -0.751818 0.65937 0
    outer loop
      vertex 5.4519 89.1981 6.8
      vertex 5.1716 88.8785 3.4
      vertex 5.1716 88.8785 6.8
    endloop
  endfacet
  facet normal -0.0653933 0.99786 0
    outer loop
      vertex 7.75 90.15 3.4
      vertex 7.32579 90.1222 6.8
      vertex 7.75 90.15 6.8
    endloop
  endfacet
  facet normal -0.0653933 0.99786 0
    outer loop
      vertex 7.32579 90.1222 6.8
      vertex 7.75 90.15 3.4
      vertex 7.32579 90.1222 3.4
    endloop
  endfacet
  facet normal -0.659335 0.751849 0
    outer loop
      vertex 5.77153 89.4784 3.4
      vertex 5.4519 89.1981 6.8
      vertex 5.77153 89.4784 6.8
    endloop
  endfacet
  facet normal -0.659335 0.751849 0
    outer loop
      vertex 5.4519 89.1981 6.8
      vertex 5.77153 89.4784 3.4
      vertex 5.4519 89.1981 3.4
    endloop
  endfacet
  facet normal 0.997859 0.0653948 0
    outer loop
      vertex 11 86.9 6.8
      vertex 10.9722 87.3242 3.4
      vertex 10.9722 87.3242 6.8
    endloop
  endfacet
  facet normal 0.997859 0.0653948 0
    outer loop
      vertex 10.9722 87.3242 3.4
      vertex 11 86.9 6.8
      vertex 11 86.9 3.4
    endloop
  endfacet
  facet normal 0.0653933 -0.99786 0
    outer loop
      vertex 7.75 83.65 3.4
      vertex 8.17421 83.6778 6.8
      vertex 7.75 83.65 6.8
    endloop
  endfacet
  facet normal 0.0653933 -0.99786 0
    outer loop
      vertex 8.17421 83.6778 6.8
      vertex 7.75 83.65 3.4
      vertex 8.17421 83.6778 3.4
    endloop
  endfacet
  facet normal 0.831471 -0.555568 0
    outer loop
      vertex 10.3284 84.9215 6.8
      vertex 10.5646 85.275 3.4
      vertex 10.5646 85.275 6.8
    endloop
  endfacet
  facet normal 0.831471 -0.555568 0
    outer loop
      vertex 10.5646 85.275 3.4
      vertex 10.3284 84.9215 6.8
      vertex 10.3284 84.9215 3.4
    endloop
  endfacet
  facet normal 0.94688 -0.321586 0
    outer loop
      vertex 10.7526 85.6563 6.8
      vertex 10.8893 86.0588 3.4
      vertex 10.8893 86.0588 6.8
    endloop
  endfacet
  facet normal 0.94688 -0.321586 0
    outer loop
      vertex 10.8893 86.0588 3.4
      vertex 10.7526 85.6563 6.8
      vertex 10.7526 85.6563 3.4
    endloop
  endfacet
  facet normal -0.0653933 -0.99786 0
    outer loop
      vertex 7.32579 83.6778 3.4
      vertex 7.75 83.65 6.8
      vertex 7.32579 83.6778 6.8
    endloop
  endfacet
  facet normal -0.0653933 -0.99786 -0
    outer loop
      vertex 7.75 83.65 6.8
      vertex 7.32579 83.6778 3.4
      vertex 7.75 83.65 3.4
    endloop
  endfacet
  facet normal -0.659335 -0.751849 0
    outer loop
      vertex 5.4519 84.6019 3.4
      vertex 5.77153 84.3216 6.8
      vertex 5.4519 84.6019 6.8
    endloop
  endfacet
  facet normal -0.659335 -0.751849 -0
    outer loop
      vertex 5.77153 84.3216 6.8
      vertex 5.4519 84.6019 3.4
      vertex 5.77153 84.3216 3.4
    endloop
  endfacet
  facet normal -0.997859 -0.0653948 0
    outer loop
      vertex 4.5278 86.4758 3.4
      vertex 4.5 86.9 6.8
      vertex 4.5 86.9 3.4
    endloop
  endfacet
  facet normal -0.997859 -0.0653948 0
    outer loop
      vertex 4.5 86.9 6.8
      vertex 4.5278 86.4758 3.4
      vertex 4.5278 86.4758 6.8
    endloop
  endfacet
  facet normal -0.751818 -0.65937 0
    outer loop
      vertex 5.4519 84.6019 3.4
      vertex 5.1716 84.9215 6.8
      vertex 5.1716 84.9215 3.4
    endloop
  endfacet
  facet normal -0.751818 -0.65937 0
    outer loop
      vertex 5.1716 84.9215 6.8
      vertex 5.4519 84.6019 3.4
      vertex 5.4519 84.6019 6.8
    endloop
  endfacet
  facet normal 0.980806 0.194985 0
    outer loop
      vertex 10.9722 87.3242 6.8
      vertex 10.8893 87.7412 3.4
      vertex 10.8893 87.7412 6.8
    endloop
  endfacet
  facet normal 0.980806 0.194985 0
    outer loop
      vertex 10.8893 87.7412 3.4
      vertex 10.9722 87.3242 6.8
      vertex 10.9722 87.3242 3.4
    endloop
  endfacet
  facet normal 0.94688 0.321586 0
    outer loop
      vertex 10.8893 87.7412 6.8
      vertex 10.7526 88.1437 3.4
      vertex 10.7526 88.1437 6.8
    endloop
  endfacet
  facet normal 0.94688 0.321586 0
    outer loop
      vertex 10.7526 88.1437 3.4
      vertex 10.8893 87.7412 6.8
      vertex 10.8893 87.7412 3.4
    endloop
  endfacet
  facet normal 0.751818 0.65937 0
    outer loop
      vertex 10.3284 88.8785 6.8
      vertex 10.0481 89.1981 3.4
      vertex 10.0481 89.1981 6.8
    endloop
  endfacet
  facet normal 0.751818 0.65937 0
    outer loop
      vertex 10.0481 89.1981 3.4
      vertex 10.3284 88.8785 6.8
      vertex 10.3284 88.8785 3.4
    endloop
  endfacet
  facet normal 0.659335 0.751849 -0
    outer loop
      vertex 10.0481 89.1981 3.4
      vertex 9.72847 89.4784 6.8
      vertex 10.0481 89.1981 6.8
    endloop
  endfacet
  facet normal 0.659335 0.751849 0
    outer loop
      vertex 9.72847 89.4784 6.8
      vertex 10.0481 89.1981 3.4
      vertex 9.72847 89.4784 3.4
    endloop
  endfacet
  facet normal 0.321543 0.946895 -0
    outer loop
      vertex 8.99372 89.9026 3.4
      vertex 8.59116 90.0393 6.8
      vertex 8.99372 89.9026 6.8
    endloop
  endfacet
  facet normal 0.321543 0.946895 0
    outer loop
      vertex 8.59116 90.0393 6.8
      vertex 8.99372 89.9026 3.4
      vertex 8.59116 90.0393 3.4
    endloop
  endfacet
  facet normal 0.195008 0.980802 -0
    outer loop
      vertex 8.59116 90.0393 3.4
      vertex 8.17421 90.1222 6.8
      vertex 8.59116 90.0393 6.8
    endloop
  endfacet
  facet normal 0.195008 0.980802 0
    outer loop
      vertex 8.17421 90.1222 6.8
      vertex 8.59116 90.0393 3.4
      vertex 8.17421 90.1222 3.4
    endloop
  endfacet
  facet normal 0 0 1
    outer loop
      vertex 7.30991 85.8375 6.8
      vertex 7.4 84.9 6.8
      vertex 7.4 85.807 6.8
    endloop
  endfacet
  facet normal 0 0 1
    outer loop
      vertex 7.175 85.9041 6.8
      vertex 7.4 84.9 6.8
      vertex 7.30991 85.8375 6.8
    endloop
  endfacet
  facet normal 0 0 1
    outer loop
      vertex 7.04992 85.9876 6.8
      vertex 7.4 84.9 6.8
      vertex 7.175 85.9041 6.8
    endloop
  endfacet
  facet normal 0 0 1
    outer loop
      vertex 5.77153 84.3216 6.8
      vertex 7.4 84.9 6.8
      vertex 7.04992 85.9876 6.8
    endloop
  endfacet
  facet normal 0 0 1
    outer loop
      vertex 5.77153 84.3216 6.8
      vertex 7.04992 85.9876 6.8
      vertex 6.93683 86.0868 6.8
    endloop
  endfacet
  facet normal 0 0 1
    outer loop
      vertex 7.4 84.9 6.8
      vertex 6.90884 83.7607 6.8
      vertex 7.32579 83.6778 6.8
    endloop
  endfacet
  facet normal 0 0 1
    outer loop
      vertex 5.4519 84.6019 6.8
      vertex 6.93683 86.0868 6.8
      vertex 6.83764 86.1999 6.8
    endloop
  endfacet
  facet normal 0 0 1
    outer loop
      vertex 5.1716 84.9215 6.8
      vertex 6.83764 86.1999 6.8
      vertex 6.75407 86.325 6.8
    endloop
  endfacet
  facet normal 0 0 1
    outer loop
      vertex 4.93542 85.275 6.8
      vertex 6.75407 86.325 6.8
      vertex 6.68754 86.4599 6.8
    endloop
  endfacet
  facet normal 0 0 1
    outer loop
      vertex 4.74739 85.6563 6.8
      vertex 6.68754 86.4599 6.8
      vertex 6.63919 86.6024 6.8
    endloop
  endfacet
  facet normal 0 0 1
    outer loop
      vertex 4.61074 86.0588 6.8
      vertex 6.63919 86.6024 6.8
      vertex 6.60984 86.7499 6.8
    endloop
  endfacet
  facet normal 0 0 1
    outer loop
      vertex 7.4 84.9 6.8
      vertex 6.50628 83.8974 6.8
      vertex 6.90884 83.7607 6.8
    endloop
  endfacet
  facet normal 0 0 1
    outer loop
      vertex 4.5278 86.4758 6.8
      vertex 6.60984 86.7499 6.8
      vertex 6.6 86.9 6.8
    endloop
  endfacet
  facet normal -0 0 1
    outer loop
      vertex 4.93542 88.525 6.8
      vertex 6.75407 87.475 6.8
      vertex 5.1716 88.8785 6.8
    endloop
  endfacet
  facet normal 0 0 1
    outer loop
      vertex 6.75407 87.475 6.8
      vertex 4.93542 88.525 6.8
      vertex 6.68754 87.3401 6.8
    endloop
  endfacet
  facet normal 0 0 1
    outer loop
      vertex 7.4 84.9 6.8
      vertex 6.125 84.0854 6.8
      vertex 6.50628 83.8974 6.8
    endloop
  endfacet
  facet normal -0 0 1
    outer loop
      vertex 4.74739 88.1437 6.8
      vertex 6.68754 87.3401 6.8
      vertex 4.93542 88.525 6.8
    endloop
  endfacet
  facet normal 0 0 1
    outer loop
      vertex 7.4 84.9 6.8
      vertex 5.77153 84.3216 6.8
      vertex 6.125 84.0854 6.8
    endloop
  endfacet
  facet normal 0 0 1
    outer loop
      vertex 6.68754 87.3401 6.8
      vertex 4.74739 88.1437 6.8
      vertex 6.63919 87.1976 6.8
    endloop
  endfacet
  facet normal 0 0 1
    outer loop
      vertex 6.93683 86.0868 6.8
      vertex 5.4519 84.6019 6.8
      vertex 5.77153 84.3216 6.8
    endloop
  endfacet
  facet normal -0 0 1
    outer loop
      vertex 4.61074 87.7412 6.8
      vertex 6.63919 87.1976 6.8
      vertex 4.74739 88.1437 6.8
    endloop
  endfacet
  facet normal 0 0 1
    outer loop
      vertex 6.83764 86.1999 6.8
      vertex 5.1716 84.9215 6.8
      vertex 5.4519 84.6019 6.8
    endloop
  endfacet
  facet normal 0 0 1
    outer loop
      vertex 6.63919 87.1976 6.8
      vertex 4.61074 87.7412 6.8
      vertex 6.60984 87.0501 6.8
    endloop
  endfacet
  facet normal 0 0 1
    outer loop
      vertex 6.75407 86.325 6.8
      vertex 4.93542 85.275 6.8
      vertex 5.1716 84.9215 6.8
    endloop
  endfacet
  facet normal -0 0 1
    outer loop
      vertex 4.5278 87.3242 6.8
      vertex 6.60984 87.0501 6.8
      vertex 4.61074 87.7412 6.8
    endloop
  endfacet
  facet normal 0 0 1
    outer loop
      vertex 6.68754 86.4599 6.8
      vertex 4.74739 85.6563 6.8
      vertex 4.93542 85.275 6.8
    endloop
  endfacet
  facet normal 0 0 1
    outer loop
      vertex 6.60984 87.0501 6.8
      vertex 4.5278 87.3242 6.8
      vertex 6.6 86.9 6.8
    endloop
  endfacet
  facet normal 0 0 1
    outer loop
      vertex 6.63919 86.6024 6.8
      vertex 4.61074 86.0588 6.8
      vertex 4.74739 85.6563 6.8
    endloop
  endfacet
  facet normal 0 0 1
    outer loop
      vertex 4.5 86.9 6.8
      vertex 6.6 86.9 6.8
      vertex 4.5278 87.3242 6.8
    endloop
  endfacet
  facet normal 0 0 1
    outer loop
      vertex 6.60984 86.7499 6.8
      vertex 4.5278 86.4758 6.8
      vertex 4.61074 86.0588 6.8
    endloop
  endfacet
  facet normal 0 0 1
    outer loop
      vertex 6.6 86.9 6.8
      vertex 4.5 86.9 6.8
      vertex 4.5278 86.4758 6.8
    endloop
  endfacet
  facet normal 0 0 1
    outer loop
      vertex 7.75 90.15 6.8
      vertex 8.1 88.9 6.8
      vertex 8.17421 90.1222 6.8
    endloop
  endfacet
  facet normal 0 0 1
    outer loop
      vertex 7.75 90.15 6.8
      vertex 7.4 88.9 6.8
      vertex 8.1 88.9 6.8
    endloop
  endfacet
  facet normal -0 0 1
    outer loop
      vertex 7.32579 90.1222 6.8
      vertex 7.4 88.9 6.8
      vertex 7.75 90.15 6.8
    endloop
  endfacet
  facet normal -0 0 1
    outer loop
      vertex 6.90884 90.0393 6.8
      vertex 7.4 88.9 6.8
      vertex 7.32579 90.1222 6.8
    endloop
  endfacet
  facet normal -0 0 1
    outer loop
      vertex 6.50628 89.9026 6.8
      vertex 7.4 88.9 6.8
      vertex 6.90884 90.0393 6.8
    endloop
  endfacet
  facet normal -0 0 1
    outer loop
      vertex 6.125 89.7146 6.8
      vertex 7.4 88.9 6.8
      vertex 6.50628 89.9026 6.8
    endloop
  endfacet
  facet normal 0 0 1
    outer loop
      vertex 7.4 88.9 6.8
      vertex 7.30991 87.9625 6.8
      vertex 7.4 87.993 6.8
    endloop
  endfacet
  facet normal 0 0 1
    outer loop
      vertex 7.4 88.9 6.8
      vertex 7.175 87.8959 6.8
      vertex 7.30991 87.9625 6.8
    endloop
  endfacet
  facet normal 0 0 1
    outer loop
      vertex 7.4 88.9 6.8
      vertex 7.04992 87.8124 6.8
      vertex 7.175 87.8959 6.8
    endloop
  endfacet
  facet normal -0 0 1
    outer loop
      vertex 5.77153 89.4784 6.8
      vertex 7.4 88.9 6.8
      vertex 6.125 89.7146 6.8
    endloop
  endfacet
  facet normal 0 0 1
    outer loop
      vertex 7.4 88.9 6.8
      vertex 5.77153 89.4784 6.8
      vertex 7.04992 87.8124 6.8
    endloop
  endfacet
  facet normal 0 0 1
    outer loop
      vertex 7.04992 87.8124 6.8
      vertex 5.77153 89.4784 6.8
      vertex 6.93683 87.7132 6.8
    endloop
  endfacet
  facet normal -0 0 1
    outer loop
      vertex 5.4519 89.1981 6.8
      vertex 6.93683 87.7132 6.8
      vertex 5.77153 89.4784 6.8
    endloop
  endfacet
  facet normal 0 0 1
    outer loop
      vertex 6.93683 87.7132 6.8
      vertex 5.4519 89.1981 6.8
      vertex 6.83764 87.6001 6.8
    endloop
  endfacet
  facet normal 0 0 1
    outer loop
      vertex 6.83764 87.6001 6.8
      vertex 5.1716 88.8785 6.8
      vertex 6.75407 87.475 6.8
    endloop
  endfacet
  facet normal -0 0 1
    outer loop
      vertex 5.1716 88.8785 6.8
      vertex 6.83764 87.6001 6.8
      vertex 5.4519 89.1981 6.8
    endloop
  endfacet
  facet normal 0 0 1
    outer loop
      vertex 8.9 86.9 6.8
      vertex 11 86.9 6.8
      vertex 10.9722 87.3242 6.8
    endloop
  endfacet
  facet normal 0 0 1
    outer loop
      vertex 8.89016 87.0501 6.8
      vertex 10.9722 87.3242 6.8
      vertex 10.8893 87.7412 6.8
    endloop
  endfacet
  facet normal 0 0 1
    outer loop
      vertex 11 86.9 6.8
      vertex 8.9 86.9 6.8
      vertex 10.9722 86.4758 6.8
    endloop
  endfacet
  facet normal 0 0 1
    outer loop
      vertex 8.86081 87.1976 6.8
      vertex 10.8893 87.7412 6.8
      vertex 10.7526 88.1437 6.8
    endloop
  endfacet
  facet normal -0 0 1
    outer loop
      vertex 8.89016 86.7499 6.8
      vertex 10.9722 86.4758 6.8
      vertex 8.9 86.9 6.8
    endloop
  endfacet
  facet normal 0 0 1
    outer loop
      vertex 8.81246 87.3401 6.8
      vertex 10.7526 88.1437 6.8
      vertex 10.5646 88.525 6.8
    endloop
  endfacet
  facet normal 0 0 1
    outer loop
      vertex 10.9722 86.4758 6.8
      vertex 8.89016 86.7499 6.8
      vertex 10.8893 86.0588 6.8
    endloop
  endfacet
  facet normal 0 0 1
    outer loop
      vertex 8.74593 87.475 6.8
      vertex 10.5646 88.525 6.8
      vertex 10.3284 88.8785 6.8
    endloop
  endfacet
  facet normal -0 0 1
    outer loop
      vertex 8.86081 86.6024 6.8
      vertex 10.8893 86.0588 6.8
      vertex 8.89016 86.7499 6.8
    endloop
  endfacet
  facet normal 0 0 1
    outer loop
      vertex 8.66236 87.6001 6.8
      vertex 10.3284 88.8785 6.8
      vertex 10.0481 89.1981 6.8
    endloop
  endfacet
  facet normal 0 0 1
    outer loop
      vertex 10.8893 86.0588 6.8
      vertex 8.86081 86.6024 6.8
      vertex 10.7526 85.6563 6.8
    endloop
  endfacet
  facet normal 0 0 1
    outer loop
      vertex 8.56317 87.7132 6.8
      vertex 10.0481 89.1981 6.8
      vertex 9.72847 89.4784 6.8
    endloop
  endfacet
  facet normal -0 0 1
    outer loop
      vertex 8.81246 86.4599 6.8
      vertex 10.7526 85.6563 6.8
      vertex 8.86081 86.6024 6.8
    endloop
  endfacet
  facet normal 0 0 1
    outer loop
      vertex 8.1 88.9 6.8
      vertex 9.72847 89.4784 6.8
      vertex 9.375 89.7146 6.8
    endloop
  endfacet
  facet normal 0 0 1
    outer loop
      vertex 10.7526 85.6563 6.8
      vertex 8.81246 86.4599 6.8
      vertex 10.5646 85.275 6.8
    endloop
  endfacet
  facet normal 0 0 1
    outer loop
      vertex 8.1 88.9 6.8
      vertex 9.375 89.7146 6.8
      vertex 8.99372 89.9026 6.8
    endloop
  endfacet
  facet normal -0 0 1
    outer loop
      vertex 8.74593 86.325 6.8
      vertex 10.5646 85.275 6.8
      vertex 8.81246 86.4599 6.8
    endloop
  endfacet
  facet normal 0 0 1
    outer loop
      vertex 10.5646 85.275 6.8
      vertex 8.74593 86.325 6.8
      vertex 10.3284 84.9215 6.8
    endloop
  endfacet
  facet normal 0 0 1
    outer loop
      vertex 10.9722 87.3242 6.8
      vertex 8.89016 87.0501 6.8
      vertex 8.9 86.9 6.8
    endloop
  endfacet
  facet normal 0 0 1
    outer loop
      vertex 10.8893 87.7412 6.8
      vertex 8.86081 87.1976 6.8
      vertex 8.89016 87.0501 6.8
    endloop
  endfacet
  facet normal 0 0 1
    outer loop
      vertex 10.7526 88.1437 6.8
      vertex 8.81246 87.3401 6.8
      vertex 8.86081 87.1976 6.8
    endloop
  endfacet
  facet normal 0 0 1
    outer loop
      vertex 10.5646 88.525 6.8
      vertex 8.74593 87.475 6.8
      vertex 8.81246 87.3401 6.8
    endloop
  endfacet
  facet normal 0 0 1
    outer loop
      vertex 10.3284 88.8785 6.8
      vertex 8.66236 87.6001 6.8
      vertex 8.74593 87.475 6.8
    endloop
  endfacet
  facet normal 0 0 1
    outer loop
      vertex 8.1 88.9 6.8
      vertex 8.99372 89.9026 6.8
      vertex 8.59116 90.0393 6.8
    endloop
  endfacet
  facet normal 0 0 1
    outer loop
      vertex 10.0481 89.1981 6.8
      vertex 8.56317 87.7132 6.8
      vertex 8.66236 87.6001 6.8
    endloop
  endfacet
  facet normal 0 0 1
    outer loop
      vertex 9.72847 89.4784 6.8
      vertex 8.1 88.9 6.8
      vertex 8.45008 87.8124 6.8
    endloop
  endfacet
  facet normal 0 0 1
    outer loop
      vertex 9.72847 89.4784 6.8
      vertex 8.45008 87.8124 6.8
      vertex 8.56317 87.7132 6.8
    endloop
  endfacet
  facet normal 0 0 1
    outer loop
      vertex 8.45008 87.8124 6.8
      vertex 8.1 88.9 6.8
      vertex 8.325 87.8959 6.8
    endloop
  endfacet
  facet normal 0 0 1
    outer loop
      vertex 8.1 88.9 6.8
      vertex 8.59116 90.0393 6.8
      vertex 8.17421 90.1222 6.8
    endloop
  endfacet
  facet normal 0 0 1
    outer loop
      vertex 8.325 87.8959 6.8
      vertex 8.1 88.9 6.8
      vertex 8.19009 87.9625 6.8
    endloop
  endfacet
  facet normal 0 0 1
    outer loop
      vertex 8.19009 87.9625 6.8
      vertex 8.1 88.9 6.8
      vertex 8.1 87.993 6.8
    endloop
  endfacet
  facet normal -0 0 1
    outer loop
      vertex 8.66236 86.1999 6.8
      vertex 10.3284 84.9215 6.8
      vertex 8.74593 86.325 6.8
    endloop
  endfacet
  facet normal 0 0 1
    outer loop
      vertex 10.3284 84.9215 6.8
      vertex 8.66236 86.1999 6.8
      vertex 10.0481 84.6019 6.8
    endloop
  endfacet
  facet normal -0 0 1
    outer loop
      vertex 8.56317 86.0868 6.8
      vertex 10.0481 84.6019 6.8
      vertex 8.66236 86.1999 6.8
    endloop
  endfacet
  facet normal 0 0 1
    outer loop
      vertex 10.0481 84.6019 6.8
      vertex 8.56317 86.0868 6.8
      vertex 9.72847 84.3216 6.8
    endloop
  endfacet
  facet normal -0 0 1
    outer loop
      vertex 8.45008 85.9876 6.8
      vertex 9.72847 84.3216 6.8
      vertex 8.56317 86.0868 6.8
    endloop
  endfacet
  facet normal -0 0 1
    outer loop
      vertex 8.1 84.9 6.8
      vertex 9.72847 84.3216 6.8
      vertex 8.45008 85.9876 6.8
    endloop
  endfacet
  facet normal 0 0 1
    outer loop
      vertex 9.375 84.0854 6.8
      vertex 8.1 84.9 6.8
      vertex 8.99372 83.8974 6.8
    endloop
  endfacet
  facet normal 0 0 1
    outer loop
      vertex 9.72847 84.3216 6.8
      vertex 8.1 84.9 6.8
      vertex 9.375 84.0854 6.8
    endloop
  endfacet
  facet normal 0 0 1
    outer loop
      vertex 8.1 84.9 6.8
      vertex 8.45008 85.9876 6.8
      vertex 8.325 85.9041 6.8
    endloop
  endfacet
  facet normal 0 0 1
    outer loop
      vertex 8.1 84.9 6.8
      vertex 8.325 85.9041 6.8
      vertex 8.19009 85.8375 6.8
    endloop
  endfacet
  facet normal 0 0 1
    outer loop
      vertex 8.99372 83.8974 6.8
      vertex 8.1 84.9 6.8
      vertex 8.59116 83.7607 6.8
    endloop
  endfacet
  facet normal 0 0 1
    outer loop
      vertex 8.1 84.9 6.8
      vertex 8.19009 85.8375 6.8
      vertex 8.1 85.807 6.8
    endloop
  endfacet
  facet normal 0 0 1
    outer loop
      vertex 8.59116 83.7607 6.8
      vertex 8.1 84.9 6.8
      vertex 8.17421 83.6778 6.8
    endloop
  endfacet
  facet normal 0 0 1
    outer loop
      vertex 8.1 84.9 6.8
      vertex 7.75 83.65 6.8
      vertex 8.17421 83.6778 6.8
    endloop
  endfacet
  facet normal -0 0 1
    outer loop
      vertex 7.4 84.9 6.8
      vertex 7.75 83.65 6.8
      vertex 8.1 84.9 6.8
    endloop
  endfacet
  facet normal 0 0 1
    outer loop
      vertex 7.75 83.65 6.8
      vertex 7.4 84.9 6.8
      vertex 7.32579 83.6778 6.8
    endloop
  endfacet
  facet normal -0.946916 0.321481 0
    outer loop
      vertex 4.61074 87.7412 3.4
      vertex 4.74739 88.1437 6.8
      vertex 4.74739 88.1437 3.4
    endloop
  endfacet
  facet normal -0.946916 0.321481 0
    outer loop
      vertex 4.74739 88.1437 6.8
      vertex 4.61074 87.7412 3.4
      vertex 4.61074 87.7412 6.8
    endloop
  endfacet
  facet normal -0.980788 0.195076 0
    outer loop
      vertex 4.5278 87.3242 3.4
      vertex 4.61074 87.7412 6.8
      vertex 4.61074 87.7412 3.4
    endloop
  endfacet
  facet normal -0.980788 0.195076 0
    outer loop
      vertex 4.61074 87.7412 6.8
      vertex 4.5278 87.3242 3.4
      vertex 4.5278 87.3242 6.8
    endloop
  endfacet
  facet normal -0.831493 0.555536 0
    outer loop
      vertex 4.93542 88.525 3.4
      vertex 5.1716 88.8785 6.8
      vertex 5.1716 88.8785 3.4
    endloop
  endfacet
  facet normal -0.831493 0.555536 0
    outer loop
      vertex 5.1716 88.8785 6.8
      vertex 4.93542 88.525 3.4
      vertex 4.93542 88.525 6.8
    endloop
  endfacet
  facet normal -0.195008 0.980802 0
    outer loop
      vertex 7.32579 90.1222 3.4
      vertex 6.90884 90.0393 6.8
      vertex 7.32579 90.1222 6.8
    endloop
  endfacet
  facet normal -0.195008 0.980802 0
    outer loop
      vertex 6.90884 90.0393 6.8
      vertex 7.32579 90.1222 3.4
      vertex 6.90884 90.0393 3.4
    endloop
  endfacet
  facet normal -0.555601 0.831449 0
    outer loop
      vertex 6.125 89.7146 3.4
      vertex 5.77153 89.4784 6.8
      vertex 6.125 89.7146 6.8
    endloop
  endfacet
  facet normal -0.555601 0.831449 0
    outer loop
      vertex 5.77153 89.4784 6.8
      vertex 6.125 89.7146 3.4
      vertex 5.77153 89.4784 3.4
    endloop
  endfacet
  facet normal -0.442239 0.896897 0
    outer loop
      vertex 6.50628 89.9026 3.4
      vertex 6.125 89.7146 6.8
      vertex 6.50628 89.9026 6.8
    endloop
  endfacet
  facet normal -0.442239 0.896897 0
    outer loop
      vertex 6.125 89.7146 6.8
      vertex 6.50628 89.9026 3.4
      vertex 6.125 89.7146 3.4
    endloop
  endfacet
  facet normal 0.997859 -0.0653948 0
    outer loop
      vertex 10.9722 86.4758 6.8
      vertex 11 86.9 3.4
      vertex 11 86.9 6.8
    endloop
  endfacet
  facet normal 0.997859 -0.0653948 0
    outer loop
      vertex 11 86.9 3.4
      vertex 10.9722 86.4758 6.8
      vertex 10.9722 86.4758 3.4
    endloop
  endfacet
  facet normal 0.195008 -0.980802 0
    outer loop
      vertex 8.17421 83.6778 3.4
      vertex 8.59116 83.7607 6.8
      vertex 8.17421 83.6778 6.8
    endloop
  endfacet
  facet normal 0.195008 -0.980802 0
    outer loop
      vertex 8.59116 83.7607 6.8
      vertex 8.17421 83.6778 3.4
      vertex 8.59116 83.7607 3.4
    endloop
  endfacet
  facet normal 0.659335 -0.751849 0
    outer loop
      vertex 9.72847 84.3216 3.4
      vertex 10.0481 84.6019 6.8
      vertex 9.72847 84.3216 6.8
    endloop
  endfacet
  facet normal 0.659335 -0.751849 0
    outer loop
      vertex 10.0481 84.6019 6.8
      vertex 9.72847 84.3216 3.4
      vertex 10.0481 84.6019 3.4
    endloop
  endfacet
  facet normal 0.442239 -0.896897 0
    outer loop
      vertex 8.99372 83.8974 3.4
      vertex 9.375 84.0854 6.8
      vertex 8.99372 83.8974 6.8
    endloop
  endfacet
  facet normal 0.442239 -0.896897 0
    outer loop
      vertex 9.375 84.0854 6.8
      vertex 8.99372 83.8974 3.4
      vertex 9.375 84.0854 3.4
    endloop
  endfacet
  facet normal -0.321543 -0.946895 0
    outer loop
      vertex 6.50628 83.8974 3.4
      vertex 6.90884 83.7607 6.8
      vertex 6.50628 83.8974 6.8
    endloop
  endfacet
  facet normal -0.321543 -0.946895 -0
    outer loop
      vertex 6.90884 83.7607 6.8
      vertex 6.50628 83.8974 3.4
      vertex 6.90884 83.7607 3.4
    endloop
  endfacet
  facet normal -0.555601 -0.831449 0
    outer loop
      vertex 5.77153 84.3216 3.4
      vertex 6.125 84.0854 6.8
      vertex 5.77153 84.3216 6.8
    endloop
  endfacet
  facet normal -0.555601 -0.831449 -0
    outer loop
      vertex 6.125 84.0854 6.8
      vertex 5.77153 84.3216 3.4
      vertex 6.125 84.0854 3.4
    endloop
  endfacet
  facet normal -0.980788 -0.195076 0
    outer loop
      vertex 4.61074 86.0588 3.4
      vertex 4.5278 86.4758 6.8
      vertex 4.5278 86.4758 3.4
    endloop
  endfacet
  facet normal -0.980788 -0.195076 0
    outer loop
      vertex 4.5278 86.4758 6.8
      vertex 4.61074 86.0588 3.4
      vertex 4.61074 86.0588 6.8
    endloop
  endfacet
  facet normal -0.896879 -0.442277 0
    outer loop
      vertex 4.93542 85.275 3.4
      vertex 4.74739 85.6563 6.8
      vertex 4.74739 85.6563 3.4
    endloop
  endfacet
  facet normal -0.896879 -0.442277 0
    outer loop
      vertex 4.74739 85.6563 6.8
      vertex 4.93542 85.275 3.4
      vertex 4.93542 85.275 6.8
    endloop
  endfacet
  facet normal 0.980806 -0.194985 0
    outer loop
      vertex 10.8893 86.0588 6.8
      vertex 10.9722 86.4758 3.4
      vertex 10.9722 86.4758 6.8
    endloop
  endfacet
  facet normal 0.980806 -0.194985 0
    outer loop
      vertex 10.9722 86.4758 3.4
      vertex 10.8893 86.0588 6.8
      vertex 10.8893 86.0588 3.4
    endloop
  endfacet
  facet normal 0.896907 -0.44222 0
    outer loop
      vertex 10.5646 85.275 6.8
      vertex 10.7526 85.6563 3.4
      vertex 10.7526 85.6563 6.8
    endloop
  endfacet
  facet normal 0.896907 -0.44222 0
    outer loop
      vertex 10.7526 85.6563 3.4
      vertex 10.5646 85.275 6.8
      vertex 10.5646 85.275 3.4
    endloop
  endfacet
  facet normal 0.321543 -0.946895 0
    outer loop
      vertex 8.59116 83.7607 3.4
      vertex 8.99372 83.8974 6.8
      vertex 8.59116 83.7607 6.8
    endloop
  endfacet
  facet normal 0.321543 -0.946895 0
    outer loop
      vertex 8.99372 83.8974 6.8
      vertex 8.59116 83.7607 3.4
      vertex 8.99372 83.8974 3.4
    endloop
  endfacet
  facet normal 0.751818 -0.65937 0
    outer loop
      vertex 10.0481 84.6019 6.8
      vertex 10.3284 84.9215 3.4
      vertex 10.3284 84.9215 6.8
    endloop
  endfacet
  facet normal 0.751818 -0.65937 0
    outer loop
      vertex 10.3284 84.9215 3.4
      vertex 10.0481 84.6019 6.8
      vertex 10.0481 84.6019 3.4
    endloop
  endfacet
  facet normal 0.555601 -0.831449 0
    outer loop
      vertex 9.375 84.0854 3.4
      vertex 9.72847 84.3216 6.8
      vertex 9.375 84.0854 6.8
    endloop
  endfacet
  facet normal 0.555601 -0.831449 0
    outer loop
      vertex 9.72847 84.3216 6.8
      vertex 9.375 84.0854 3.4
      vertex 9.72847 84.3216 3.4
    endloop
  endfacet
  facet normal -0.195008 -0.980802 0
    outer loop
      vertex 6.90884 83.7607 3.4
      vertex 7.32579 83.6778 6.8
      vertex 6.90884 83.7607 6.8
    endloop
  endfacet
  facet normal -0.195008 -0.980802 -0
    outer loop
      vertex 7.32579 83.6778 6.8
      vertex 6.90884 83.7607 3.4
      vertex 7.32579 83.6778 3.4
    endloop
  endfacet
  facet normal -0.442239 -0.896897 0
    outer loop
      vertex 6.125 84.0854 3.4
      vertex 6.50628 83.8974 6.8
      vertex 6.125 84.0854 6.8
    endloop
  endfacet
  facet normal -0.442239 -0.896897 -0
    outer loop
      vertex 6.50628 83.8974 6.8
      vertex 6.125 84.0854 3.4
      vertex 6.50628 83.8974 3.4
    endloop
  endfacet
  facet normal -0.946916 -0.321481 0
    outer loop
      vertex 4.74739 85.6563 3.4
      vertex 4.61074 86.0588 6.8
      vertex 4.61074 86.0588 3.4
    endloop
  endfacet
  facet normal -0.946916 -0.321481 0
    outer loop
      vertex 4.61074 86.0588 6.8
      vertex 4.74739 85.6563 3.4
      vertex 4.74739 85.6563 6.8
    endloop
  endfacet
  facet normal -0.831493 -0.555536 0
    outer loop
      vertex 5.1716 84.9215 3.4
      vertex 4.93542 85.275 6.8
      vertex 4.93542 85.275 3.4
    endloop
  endfacet
  facet normal -0.831493 -0.555536 0
    outer loop
      vertex 4.93542 85.275 6.8
      vertex 5.1716 84.9215 3.4
      vertex 5.1716 84.9215 6.8
    endloop
  endfacet
  facet normal 0.831528 0.555482 0
    outer loop
      vertex 8.74593 87.475 8.4
      vertex 8.66236 87.6001 6.8
      vertex 8.66236 87.6001 8.4
    endloop
  endfacet
  facet normal 0.831528 0.555482 0
    outer loop
      vertex 8.66236 87.6001 6.8
      vertex 8.74593 87.475 8.4
      vertex 8.74593 87.475 6.8
    endloop
  endfacet
  facet normal 0.320672 0.94719 -0
    outer loop
      vertex 8.19009 87.9625 6.8
      vertex 8.1 87.993 8.4
      vertex 8.19009 87.9625 8.4
    endloop
  endfacet
  facet normal 0.320672 0.94719 0
    outer loop
      vertex 8.1 87.993 8.4
      vertex 8.19009 87.9625 6.8
      vertex 8.1 87.993 6.8
    endloop
  endfacet
  facet normal -0.442662 0.896689 0
    outer loop
      vertex 7.30991 87.9625 6.8
      vertex 7.175 87.8959 8.4
      vertex 7.30991 87.9625 8.4
    endloop
  endfacet
  facet normal -0.442662 0.896689 0
    outer loop
      vertex 7.175 87.8959 8.4
      vertex 7.30991 87.9625 6.8
      vertex 7.175 87.8959 6.8
    endloop
  endfacet
  facet normal -0.89686 0.442314 0
    outer loop
      vertex 6.68754 87.3401 6.8
      vertex 6.75407 87.475 8.4
      vertex 6.75407 87.475 6.8
    endloop
  endfacet
  facet normal -0.89686 0.442314 0
    outer loop
      vertex 6.75407 87.475 8.4
      vertex 6.68754 87.3401 6.8
      vertex 6.68754 87.3401 8.4
    endloop
  endfacet
  facet normal 0.980772 0.195157 0
    outer loop
      vertex 8.89016 87.0501 8.4
      vertex 8.86081 87.1976 6.8
      vertex 8.86081 87.1976 8.4
    endloop
  endfacet
  facet normal 0.980772 0.195157 0
    outer loop
      vertex 8.86081 87.1976 6.8
      vertex 8.89016 87.0501 8.4
      vertex 8.89016 87.0501 6.8
    endloop
  endfacet
  facet normal 0.659431 0.751765 -0
    outer loop
      vertex 8.56317 87.7132 6.8
      vertex 8.45008 87.8124 8.4
      vertex 8.56317 87.7132 8.4
    endloop
  endfacet
  facet normal 0.659431 0.751765 0
    outer loop
      vertex 8.45008 87.8124 8.4
      vertex 8.56317 87.7132 6.8
      vertex 8.45008 87.8124 6.8
    endloop
  endfacet
  facet normal 0.555222 0.831702 -0
    outer loop
      vertex 8.45008 87.8124 6.8
      vertex 8.325 87.8959 8.4
      vertex 8.45008 87.8124 8.4
    endloop
  endfacet
  facet normal 0.555222 0.831702 0
    outer loop
      vertex 8.325 87.8959 8.4
      vertex 8.45008 87.8124 6.8
      vertex 8.325 87.8959 6.8
    endloop
  endfacet
  facet normal -0.997858 0.0654159 0
    outer loop
      vertex 6.6 86.9 6.8
      vertex 6.60984 87.0501 8.4
      vertex 6.60984 87.0501 6.8
    endloop
  endfacet
  facet normal -0.997858 0.0654159 0
    outer loop
      vertex 6.60984 87.0501 8.4
      vertex 6.6 86.9 6.8
      vertex 6.6 86.9 8.4
    endloop
  endfacet
  facet normal -0.751827 0.659361 0
    outer loop
      vertex 6.83764 87.6001 6.8
      vertex 6.93683 87.7132 8.4
      vertex 6.93683 87.7132 6.8
    endloop
  endfacet
  facet normal -0.751827 0.659361 0
    outer loop
      vertex 6.93683 87.7132 8.4
      vertex 6.83764 87.6001 6.8
      vertex 6.83764 87.6001 8.4
    endloop
  endfacet
  facet normal -0.555222 0.831702 0
    outer loop
      vertex 7.175 87.8959 6.8
      vertex 7.04992 87.8124 8.4
      vertex 7.175 87.8959 8.4
    endloop
  endfacet
  facet normal -0.555222 0.831702 0
    outer loop
      vertex 7.04992 87.8124 8.4
      vertex 7.175 87.8959 6.8
      vertex 7.04992 87.8124 6.8
    endloop
  endfacet
  facet normal -0.659431 0.751765 0
    outer loop
      vertex 7.04992 87.8124 6.8
      vertex 6.93683 87.7132 8.4
      vertex 7.04992 87.8124 8.4
    endloop
  endfacet
  facet normal -0.659431 0.751765 0
    outer loop
      vertex 6.93683 87.7132 8.4
      vertex 7.04992 87.8124 6.8
      vertex 6.93683 87.7132 6.8
    endloop
  endfacet
  facet normal 0.555222 -0.831702 0
    outer loop
      vertex 8.325 85.9041 6.8
      vertex 8.45008 85.9876 8.4
      vertex 8.325 85.9041 8.4
    endloop
  endfacet
  facet normal 0.555222 -0.831702 0
    outer loop
      vertex 8.45008 85.9876 8.4
      vertex 8.325 85.9041 6.8
      vertex 8.45008 85.9876 6.8
    endloop
  endfacet
  facet normal -0.659431 -0.751765 0
    outer loop
      vertex 6.93683 86.0868 6.8
      vertex 7.04992 85.9876 8.4
      vertex 6.93683 86.0868 8.4
    endloop
  endfacet
  facet normal -0.659431 -0.751765 -0
    outer loop
      vertex 7.04992 85.9876 8.4
      vertex 6.93683 86.0868 6.8
      vertex 7.04992 85.9876 6.8
    endloop
  endfacet
  facet normal -0.89686 -0.442314 0
    outer loop
      vertex 6.75407 86.325 6.8
      vertex 6.68754 86.4599 8.4
      vertex 6.68754 86.4599 6.8
    endloop
  endfacet
  facet normal -0.89686 -0.442314 0
    outer loop
      vertex 6.68754 86.4599 8.4
      vertex 6.75407 86.325 6.8
      vertex 6.75407 86.325 8.4
    endloop
  endfacet
  facet normal 0.751827 0.659361 0
    outer loop
      vertex 8.66236 87.6001 8.4
      vertex 8.56317 87.7132 6.8
      vertex 8.56317 87.7132 8.4
    endloop
  endfacet
  facet normal 0.751827 0.659361 0
    outer loop
      vertex 8.56317 87.7132 6.8
      vertex 8.66236 87.6001 8.4
      vertex 8.66236 87.6001 6.8
    endloop
  endfacet
  facet normal 0.442662 0.896689 -0
    outer loop
      vertex 8.325 87.8959 6.8
      vertex 8.19009 87.9625 8.4
      vertex 8.325 87.8959 8.4
    endloop
  endfacet
  facet normal 0.442662 0.896689 0
    outer loop
      vertex 8.19009 87.9625 8.4
      vertex 8.325 87.8959 6.8
      vertex 8.19009 87.9625 6.8
    endloop
  endfacet
  facet normal -0.946975 0.321307 0
    outer loop
      vertex 6.63919 87.1976 6.8
      vertex 6.68754 87.3401 8.4
      vertex 6.68754 87.3401 6.8
    endloop
  endfacet
  facet normal -0.946975 0.321307 0
    outer loop
      vertex 6.68754 87.3401 8.4
      vertex 6.63919 87.1976 6.8
      vertex 6.63919 87.1976 8.4
    endloop
  endfacet
  facet normal -0.980772 0.195157 0
    outer loop
      vertex 6.60984 87.0501 6.8
      vertex 6.63919 87.1976 8.4
      vertex 6.63919 87.1976 6.8
    endloop
  endfacet
  facet normal -0.980772 0.195157 0
    outer loop
      vertex 6.63919 87.1976 8.4
      vertex 6.60984 87.0501 6.8
      vertex 6.60984 87.0501 8.4
    endloop
  endfacet
  facet normal -0.831528 0.555482 0
    outer loop
      vertex 6.75407 87.475 6.8
      vertex 6.83764 87.6001 8.4
      vertex 6.83764 87.6001 6.8
    endloop
  endfacet
  facet normal -0.831528 0.555482 0
    outer loop
      vertex 6.83764 87.6001 8.4
      vertex 6.75407 87.475 6.8
      vertex 6.75407 87.475 8.4
    endloop
  endfacet
  facet normal -0.320672 0.94719 0
    outer loop
      vertex 7.4 87.993 6.8
      vertex 7.30991 87.9625 8.4
      vertex 7.4 87.993 8.4
    endloop
  endfacet
  facet normal -0.320672 0.94719 0
    outer loop
      vertex 7.30991 87.9625 8.4
      vertex 7.4 87.993 6.8
      vertex 7.30991 87.9625 6.8
    endloop
  endfacet
  facet normal 0.997858 0.0654159 0
    outer loop
      vertex 8.9 86.9 8.4
      vertex 8.89016 87.0501 6.8
      vertex 8.89016 87.0501 8.4
    endloop
  endfacet
  facet normal 0.997858 0.0654159 0
    outer loop
      vertex 8.89016 87.0501 6.8
      vertex 8.9 86.9 8.4
      vertex 8.9 86.9 6.8
    endloop
  endfacet
  facet normal 0.997858 -0.0654159 0
    outer loop
      vertex 8.89016 86.7499 8.4
      vertex 8.9 86.9 6.8
      vertex 8.9 86.9 8.4
    endloop
  endfacet
  facet normal 0.997858 -0.0654159 0
    outer loop
      vertex 8.9 86.9 6.8
      vertex 8.89016 86.7499 8.4
      vertex 8.89016 86.7499 6.8
    endloop
  endfacet
  facet normal 0.980772 -0.195157 0
    outer loop
      vertex 8.86081 86.6024 8.4
      vertex 8.89016 86.7499 6.8
      vertex 8.89016 86.7499 8.4
    endloop
  endfacet
  facet normal 0.980772 -0.195157 0
    outer loop
      vertex 8.89016 86.7499 6.8
      vertex 8.86081 86.6024 8.4
      vertex 8.86081 86.6024 6.8
    endloop
  endfacet
  facet normal -0.997858 -0.0654159 0
    outer loop
      vertex 6.60984 86.7499 6.8
      vertex 6.6 86.9 8.4
      vertex 6.6 86.9 6.8
    endloop
  endfacet
  facet normal -0.997858 -0.0654159 0
    outer loop
      vertex 6.6 86.9 8.4
      vertex 6.60984 86.7499 6.8
      vertex 6.60984 86.7499 8.4
    endloop
  endfacet
  facet normal -0.831528 -0.555482 0
    outer loop
      vertex 6.83764 86.1999 6.8
      vertex 6.75407 86.325 8.4
      vertex 6.75407 86.325 6.8
    endloop
  endfacet
  facet normal -0.831528 -0.555482 0
    outer loop
      vertex 6.75407 86.325 8.4
      vertex 6.83764 86.1999 6.8
      vertex 6.83764 86.1999 8.4
    endloop
  endfacet
  facet normal 0.442662 -0.896689 0
    outer loop
      vertex 8.19009 85.8375 6.8
      vertex 8.325 85.9041 8.4
      vertex 8.19009 85.8375 8.4
    endloop
  endfacet
  facet normal 0.442662 -0.896689 0
    outer loop
      vertex 8.325 85.9041 8.4
      vertex 8.19009 85.8375 6.8
      vertex 8.325 85.9041 6.8
    endloop
  endfacet
  facet normal 0.89686 0.442314 0
    outer loop
      vertex 8.81246 87.3401 8.4
      vertex 8.74593 87.475 6.8
      vertex 8.74593 87.475 8.4
    endloop
  endfacet
  facet normal 0.89686 0.442314 0
    outer loop
      vertex 8.74593 87.475 6.8
      vertex 8.81246 87.3401 8.4
      vertex 8.81246 87.3401 6.8
    endloop
  endfacet
  facet normal 0.946975 0.321307 0
    outer loop
      vertex 8.86081 87.1976 8.4
      vertex 8.81246 87.3401 6.8
      vertex 8.81246 87.3401 8.4
    endloop
  endfacet
  facet normal 0.946975 0.321307 0
    outer loop
      vertex 8.81246 87.3401 6.8
      vertex 8.86081 87.1976 8.4
      vertex 8.86081 87.1976 6.8
    endloop
  endfacet
  facet normal 0.751827 -0.659361 0
    outer loop
      vertex 8.56317 86.0868 8.4
      vertex 8.66236 86.1999 6.8
      vertex 8.66236 86.1999 8.4
    endloop
  endfacet
  facet normal 0.751827 -0.659361 0
    outer loop
      vertex 8.66236 86.1999 6.8
      vertex 8.56317 86.0868 8.4
      vertex 8.56317 86.0868 6.8
    endloop
  endfacet
  facet normal 0.831528 -0.555482 0
    outer loop
      vertex 8.66236 86.1999 8.4
      vertex 8.74593 86.325 6.8
      vertex 8.74593 86.325 8.4
    endloop
  endfacet
  facet normal 0.831528 -0.555482 0
    outer loop
      vertex 8.74593 86.325 6.8
      vertex 8.66236 86.1999 8.4
      vertex 8.66236 86.1999 6.8
    endloop
  endfacet
  facet normal 0.89686 -0.442314 0
    outer loop
      vertex 8.74593 86.325 8.4
      vertex 8.81246 86.4599 6.8
      vertex 8.81246 86.4599 8.4
    endloop
  endfacet
  facet normal 0.89686 -0.442314 0
    outer loop
      vertex 8.81246 86.4599 6.8
      vertex 8.74593 86.325 8.4
      vertex 8.74593 86.325 6.8
    endloop
  endfacet
  facet normal -0.946975 -0.321307 0
    outer loop
      vertex 6.68754 86.4599 6.8
      vertex 6.63919 86.6024 8.4
      vertex 6.63919 86.6024 6.8
    endloop
  endfacet
  facet normal -0.946975 -0.321307 0
    outer loop
      vertex 6.63919 86.6024 8.4
      vertex 6.68754 86.4599 6.8
      vertex 6.68754 86.4599 8.4
    endloop
  endfacet
  facet normal -0.980772 -0.195157 0
    outer loop
      vertex 6.63919 86.6024 6.8
      vertex 6.60984 86.7499 8.4
      vertex 6.60984 86.7499 6.8
    endloop
  endfacet
  facet normal -0.980772 -0.195157 0
    outer loop
      vertex 6.60984 86.7499 8.4
      vertex 6.63919 86.6024 6.8
      vertex 6.63919 86.6024 8.4
    endloop
  endfacet
  facet normal -0.751827 -0.659361 0
    outer loop
      vertex 6.93683 86.0868 6.8
      vertex 6.83764 86.1999 8.4
      vertex 6.83764 86.1999 6.8
    endloop
  endfacet
  facet normal -0.751827 -0.659361 0
    outer loop
      vertex 6.83764 86.1999 8.4
      vertex 6.93683 86.0868 6.8
      vertex 6.93683 86.0868 8.4
    endloop
  endfacet
  facet normal 0.320672 -0.94719 0
    outer loop
      vertex 8.1 85.807 6.8
      vertex 8.19009 85.8375 8.4
      vertex 8.1 85.807 8.4
    endloop
  endfacet
  facet normal 0.320672 -0.94719 0
    outer loop
      vertex 8.19009 85.8375 8.4
      vertex 8.1 85.807 6.8
      vertex 8.19009 85.8375 6.8
    endloop
  endfacet
  facet normal 0.659431 -0.751765 0
    outer loop
      vertex 8.45008 85.9876 6.8
      vertex 8.56317 86.0868 8.4
      vertex 8.45008 85.9876 8.4
    endloop
  endfacet
  facet normal 0.659431 -0.751765 0
    outer loop
      vertex 8.56317 86.0868 8.4
      vertex 8.45008 85.9876 6.8
      vertex 8.56317 86.0868 6.8
    endloop
  endfacet
  facet normal 0.946975 -0.321307 0
    outer loop
      vertex 8.81246 86.4599 8.4
      vertex 8.86081 86.6024 6.8
      vertex 8.86081 86.6024 8.4
    endloop
  endfacet
  facet normal 0.946975 -0.321307 0
    outer loop
      vertex 8.86081 86.6024 6.8
      vertex 8.81246 86.4599 8.4
      vertex 8.81246 86.4599 6.8
    endloop
  endfacet
  facet normal -0.442662 -0.896689 0
    outer loop
      vertex 7.175 85.9041 6.8
      vertex 7.30991 85.8375 8.4
      vertex 7.175 85.9041 8.4
    endloop
  endfacet
  facet normal -0.442662 -0.896689 -0
    outer loop
      vertex 7.30991 85.8375 8.4
      vertex 7.175 85.9041 6.8
      vertex 7.30991 85.8375 6.8
    endloop
  endfacet
  facet normal -0.320672 -0.94719 0
    outer loop
      vertex 7.30991 85.8375 6.8
      vertex 7.4 85.807 8.4
      vertex 7.30991 85.8375 8.4
    endloop
  endfacet
  facet normal -0.320672 -0.94719 -0
    outer loop
      vertex 7.4 85.807 8.4
      vertex 7.30991 85.8375 6.8
      vertex 7.4 85.807 6.8
    endloop
  endfacet
  facet normal -0.555222 -0.831702 0
    outer loop
      vertex 7.04992 85.9876 6.8
      vertex 7.175 85.9041 8.4
      vertex 7.04992 85.9876 8.4
    endloop
  endfacet
  facet normal -0.555222 -0.831702 -0
    outer loop
      vertex 7.175 85.9041 8.4
      vertex 7.04992 85.9876 6.8
      vertex 7.175 85.9041 6.8
    endloop
  endfacet
  facet normal 0.955944 0.0626681 0.286783
    outer loop
      vertex 9.275 86.9 8.4
      vertex 8.89016 87.0501 9.65
      vertex 8.9 86.9 9.65
    endloop
  endfacet
  facet normal 0.955944 0.0626573 0.286784
    outer loop
      vertex 9.26195 87.0991 8.4
      vertex 8.89016 87.0501 9.65
      vertex 9.275 86.9 8.4
    endloop
  endfacet
  facet normal -0.955944 -0.0626681 0.286783
    outer loop
      vertex 6.6 86.9 9.65
      vertex 6.225 86.9 8.4
      vertex 6.60984 86.7499 9.65
    endloop
  endfacet
  facet normal 0.939572 0.186959 0.286796
    outer loop
      vertex 9.22304 87.2947 8.4
      vertex 8.86081 87.1976 9.65
      vertex 8.89016 87.0501 9.65
    endloop
  endfacet
  facet normal 0.859188 0.423734 0.286784
    outer loop
      vertex 9.07069 87.6625 8.4
      vertex 8.74593 87.475 9.65
      vertex 8.81246 87.3401 9.65
    endloop
  endfacet
  facet normal -0.424063 0.859015 0.286816
    outer loop
      vertex 7.30991 87.9625 9.65
      vertex 6.9875 88.2207 8.4
      vertex 7.175 87.8959 9.65
    endloop
  endfacet
  facet normal -0.939572 -0.186959 0.286796
    outer loop
      vertex 6.60984 86.7499 9.65
      vertex 6.27696 86.5053 8.4
      vertex 6.63919 86.6024 9.65
    endloop
  endfacet
  facet normal -0.859188 -0.423735 0.286784
    outer loop
      vertex 6.68754 86.4599 9.65
      vertex 6.34108 86.3164 8.4
      vertex 6.42931 86.1375 8.4
    endloop
  endfacet
  facet normal 0.631849 -0.720096 0.286756
    outer loop
      vertex 8.82834 85.8217 8.4
      vertex 8.56317 86.0868 9.65
      vertex 8.67836 85.6901 8.4
    endloop
  endfacet
  facet normal 0.631734 0.720189 0.286775
    outer loop
      vertex 8.67836 88.1099 8.4
      vertex 8.45008 87.8124 9.65
      vertex 8.56317 87.7132 9.65
    endloop
  endfacet
  facet normal 0.939584 0.186908 0.286789
    outer loop
      vertex 9.22304 87.2947 8.4
      vertex 8.89016 87.0501 9.65
      vertex 9.26195 87.0991 8.4
    endloop
  endfacet
  facet normal 0.187668 0.939438 0.286769
    outer loop
      vertex 8.1 88.3122 8.62843
      vertex 8.1 88.2062 8.97568
      vertex 8.1447 88.373 8.4
    endloop
  endfacet
  facet normal 0.532149 0.796591 0.286809
    outer loop
      vertex 8.5125 88.2207 8.4
      vertex 8.325 87.8959 9.65
      vertex 8.67836 88.1099 8.4
    endloop
  endfacet
  facet normal -0.720119 -0.631821 0.28676
    outer loop
      vertex 6.93683 86.0868 9.65
      vertex 6.54014 85.9716 8.4
      vertex 6.67166 85.8217 8.4
    endloop
  endfacet
  facet normal 0 0 -1
    outer loop
      vertex 8.9 86.9 8.4
      vertex 9.275 86.9 8.4
      vertex 9.26195 86.701 8.4
    endloop
  endfacet
  facet normal 0 0 -1
    outer loop
      vertex 8.89016 86.7499 8.4
      vertex 9.26195 86.701 8.4
      vertex 9.22304 86.5053 8.4
    endloop
  endfacet
  facet normal 0 0 -1
    outer loop
      vertex 9.275 86.9 8.4
      vertex 8.9 86.9 8.4
      vertex 9.26195 87.0991 8.4
    endloop
  endfacet
  facet normal 0 0 -1
    outer loop
      vertex 8.86081 86.6024 8.4
      vertex 9.22304 86.5053 8.4
      vertex 9.15892 86.3164 8.4
    endloop
  endfacet
  facet normal 0 0 -1
    outer loop
      vertex 8.89016 87.0501 8.4
      vertex 9.26195 87.0991 8.4
      vertex 8.9 86.9 8.4
    endloop
  endfacet
  facet normal 0 0 -1
    outer loop
      vertex 8.81246 86.4599 8.4
      vertex 9.15892 86.3164 8.4
      vertex 9.07069 86.1375 8.4
    endloop
  endfacet
  facet normal -0 0 -1
    outer loop
      vertex 9.26195 87.0991 8.4
      vertex 8.89016 87.0501 8.4
      vertex 9.22304 87.2947 8.4
    endloop
  endfacet
  facet normal 0 0 -1
    outer loop
      vertex 8.74593 86.325 8.4
      vertex 9.07069 86.1375 8.4
      vertex 8.95986 85.9716 8.4
    endloop
  endfacet
  facet normal 0 0 -1
    outer loop
      vertex 8.86081 87.1976 8.4
      vertex 9.22304 87.2947 8.4
      vertex 8.89016 87.0501 8.4
    endloop
  endfacet
  facet normal -0 0 -1
    outer loop
      vertex 9.22304 87.2947 8.4
      vertex 8.86081 87.1976 8.4
      vertex 9.15892 87.4836 8.4
    endloop
  endfacet
  facet normal 0 0 -1
    outer loop
      vertex 9.26195 86.701 8.4
      vertex 8.89016 86.7499 8.4
      vertex 8.9 86.9 8.4
    endloop
  endfacet
  facet normal 0 0 -1
    outer loop
      vertex 9.22304 86.5053 8.4
      vertex 8.86081 86.6024 8.4
      vertex 8.89016 86.7499 8.4
    endloop
  endfacet
  facet normal 0 0 -1
    outer loop
      vertex 8.66236 86.1999 8.4
      vertex 8.95986 85.9716 8.4
      vertex 8.82834 85.8217 8.4
    endloop
  endfacet
  facet normal 0 0 -1
    outer loop
      vertex 9.15892 86.3164 8.4
      vertex 8.81246 86.4599 8.4
      vertex 8.86081 86.6024 8.4
    endloop
  endfacet
  facet normal 0 0 -1
    outer loop
      vertex 9.07069 86.1375 8.4
      vertex 8.74593 86.325 8.4
      vertex 8.81246 86.4599 8.4
    endloop
  endfacet
  facet normal 0 0 -1
    outer loop
      vertex 8.56317 86.0868 8.4
      vertex 8.82834 85.8217 8.4
      vertex 8.67836 85.6901 8.4
    endloop
  endfacet
  facet normal 0 0 -1
    outer loop
      vertex 8.95986 85.9716 8.4
      vertex 8.66236 86.1999 8.4
      vertex 8.74593 86.325 8.4
    endloop
  endfacet
  facet normal 0 0 -1
    outer loop
      vertex 8.82834 85.8217 8.4
      vertex 8.56317 86.0868 8.4
      vertex 8.66236 86.1999 8.4
    endloop
  endfacet
  facet normal 0 0 -1
    outer loop
      vertex 8.45008 85.9876 8.4
      vertex 8.67836 85.6901 8.4
      vertex 8.5125 85.5793 8.4
    endloop
  endfacet
  facet normal 0 0 -1
    outer loop
      vertex 8.67836 85.6901 8.4
      vertex 8.45008 85.9876 8.4
      vertex 8.56317 86.0868 8.4
    endloop
  endfacet
  facet normal 0 0 -1
    outer loop
      vertex 8.325 85.9041 8.4
      vertex 8.5125 85.5793 8.4
      vertex 8.33359 85.4911 8.4
    endloop
  endfacet
  facet normal 0 0 -1
    outer loop
      vertex 8.5125 85.5793 8.4
      vertex 8.325 85.9041 8.4
      vertex 8.45008 85.9876 8.4
    endloop
  endfacet
  facet normal 0 0 -1
    outer loop
      vertex 8.33359 85.4911 8.4
      vertex 8.19009 85.8375 8.4
      vertex 8.325 85.9041 8.4
    endloop
  endfacet
  facet normal 0 0 -1
    outer loop
      vertex 8.1 85.807 8.4
      vertex 8.33359 85.4911 8.4
      vertex 8.1447 85.427 8.4
    endloop
  endfacet
  facet normal 0 0 -1
    outer loop
      vertex 8.1 85.807 8.4
      vertex 8.1447 85.427 8.4
      vertex 8.1 85.4181 8.4
    endloop
  endfacet
  facet normal 0 0 -1
    outer loop
      vertex 8.33359 85.4911 8.4
      vertex 8.1 85.807 8.4
      vertex 8.19009 85.8375 8.4
    endloop
  endfacet
  facet normal 0 0 -1
    outer loop
      vertex 8.81246 87.3401 8.4
      vertex 9.15892 87.4836 8.4
      vertex 8.86081 87.1976 8.4
    endloop
  endfacet
  facet normal -0 0 -1
    outer loop
      vertex 9.15892 87.4836 8.4
      vertex 8.81246 87.3401 8.4
      vertex 9.07069 87.6625 8.4
    endloop
  endfacet
  facet normal 0 0 -1
    outer loop
      vertex 8.74593 87.475 8.4
      vertex 9.07069 87.6625 8.4
      vertex 8.81246 87.3401 8.4
    endloop
  endfacet
  facet normal -0 0 -1
    outer loop
      vertex 9.07069 87.6625 8.4
      vertex 8.74593 87.475 8.4
      vertex 8.95986 87.8284 8.4
    endloop
  endfacet
  facet normal 0 0 -1
    outer loop
      vertex 8.66236 87.6001 8.4
      vertex 8.95986 87.8284 8.4
      vertex 8.74593 87.475 8.4
    endloop
  endfacet
  facet normal -0 0 -1
    outer loop
      vertex 8.95986 87.8284 8.4
      vertex 8.66236 87.6001 8.4
      vertex 8.82834 87.9783 8.4
    endloop
  endfacet
  facet normal 0 0 -1
    outer loop
      vertex 8.56317 87.7132 8.4
      vertex 8.82834 87.9783 8.4
      vertex 8.66236 87.6001 8.4
    endloop
  endfacet
  facet normal -0 0 -1
    outer loop
      vertex 8.82834 87.9783 8.4
      vertex 8.56317 87.7132 8.4
      vertex 8.67836 88.1099 8.4
    endloop
  endfacet
  facet normal 0 0 -1
    outer loop
      vertex 8.45008 87.8124 8.4
      vertex 8.67836 88.1099 8.4
      vertex 8.56317 87.7132 8.4
    endloop
  endfacet
  facet normal -0 0 -1
    outer loop
      vertex 8.67836 88.1099 8.4
      vertex 8.45008 87.8124 8.4
      vertex 8.5125 88.2207 8.4
    endloop
  endfacet
  facet normal 0 0 -1
    outer loop
      vertex 8.325 87.8959 8.4
      vertex 8.5125 88.2207 8.4
      vertex 8.45008 87.8124 8.4
    endloop
  endfacet
  facet normal -0 0 -1
    outer loop
      vertex 8.5125 88.2207 8.4
      vertex 8.325 87.8959 8.4
      vertex 8.33359 88.3089 8.4
    endloop
  endfacet
  facet normal 0 0 -1
    outer loop
      vertex 8.19009 87.9625 8.4
      vertex 8.33359 88.3089 8.4
      vertex 8.325 87.8959 8.4
    endloop
  endfacet
  facet normal 0 0 -1
    outer loop
      vertex 8.1 87.993 8.4
      vertex 8.33359 88.3089 8.4
      vertex 8.19009 87.9625 8.4
    endloop
  endfacet
  facet normal -0 0 -1
    outer loop
      vertex 8.33359 88.3089 8.4
      vertex 8.1 87.993 8.4
      vertex 8.1447 88.373 8.4
    endloop
  endfacet
  facet normal -0 0 -1
    outer loop
      vertex 8.1447 88.373 8.4
      vertex 8.1 87.993 8.4
      vertex 8.1 88.3819 8.4
    endloop
  endfacet
  facet normal 0 0 -1
    outer loop
      vertex 7.3553 85.427 8.4
      vertex 7.4 85.807 8.4
      vertex 7.4 85.4181 8.4
    endloop
  endfacet
  facet normal 0 0 -1
    outer loop
      vertex 7.16641 85.4911 8.4
      vertex 7.4 85.807 8.4
      vertex 7.3553 85.427 8.4
    endloop
  endfacet
  facet normal -0 0 -1
    outer loop
      vertex 7.4 85.807 8.4
      vertex 7.16641 85.4911 8.4
      vertex 7.30991 85.8375 8.4
    endloop
  endfacet
  facet normal -0 0 -1
    outer loop
      vertex 7.30991 85.8375 8.4
      vertex 7.16641 85.4911 8.4
      vertex 7.175 85.9041 8.4
    endloop
  endfacet
  facet normal 0 0 -1
    outer loop
      vertex 6.9875 85.5793 8.4
      vertex 7.175 85.9041 8.4
      vertex 7.16641 85.4911 8.4
    endloop
  endfacet
  facet normal -0 0 -1
    outer loop
      vertex 7.175 85.9041 8.4
      vertex 6.9875 85.5793 8.4
      vertex 7.04992 85.9876 8.4
    endloop
  endfacet
  facet normal 0 0 -1
    outer loop
      vertex 6.82164 85.6901 8.4
      vertex 7.04992 85.9876 8.4
      vertex 6.9875 85.5793 8.4
    endloop
  endfacet
  facet normal -0 0 -1
    outer loop
      vertex 7.04992 85.9876 8.4
      vertex 6.82164 85.6901 8.4
      vertex 6.93683 86.0868 8.4
    endloop
  endfacet
  facet normal 0 0 -1
    outer loop
      vertex 6.67166 85.8217 8.4
      vertex 6.93683 86.0868 8.4
      vertex 6.82164 85.6901 8.4
    endloop
  endfacet
  facet normal -0 0 -1
    outer loop
      vertex 6.93683 86.0868 8.4
      vertex 6.67166 85.8217 8.4
      vertex 6.83764 86.1999 8.4
    endloop
  endfacet
  facet normal 0 0 -1
    outer loop
      vertex 6.54014 85.9716 8.4
      vertex 6.83764 86.1999 8.4
      vertex 6.67166 85.8217 8.4
    endloop
  endfacet
  facet normal -0 0 -1
    outer loop
      vertex 6.83764 86.1999 8.4
      vertex 6.54014 85.9716 8.4
      vertex 6.75407 86.325 8.4
    endloop
  endfacet
  facet normal 0 0 -1
    outer loop
      vertex 6.42931 86.1375 8.4
      vertex 6.75407 86.325 8.4
      vertex 6.54014 85.9716 8.4
    endloop
  endfacet
  facet normal -0 0 -1
    outer loop
      vertex 6.75407 86.325 8.4
      vertex 6.42931 86.1375 8.4
      vertex 6.68754 86.4599 8.4
    endloop
  endfacet
  facet normal -0 0 -1
    outer loop
      vertex 6.68754 86.4599 8.4
      vertex 6.34108 86.3164 8.4
      vertex 6.63919 86.6024 8.4
    endloop
  endfacet
  facet normal 0 0 -1
    outer loop
      vertex 6.34108 86.3164 8.4
      vertex 6.68754 86.4599 8.4
      vertex 6.42931 86.1375 8.4
    endloop
  endfacet
  facet normal 0 0 -1
    outer loop
      vertex 7.4 87.993 8.4
      vertex 7.3553 88.373 8.4
      vertex 7.4 88.3819 8.4
    endloop
  endfacet
  facet normal 0 0 -1
    outer loop
      vertex 7.16641 88.3089 8.4
      vertex 7.4 87.993 8.4
      vertex 7.30991 87.9625 8.4
    endloop
  endfacet
  facet normal 0 0 -1
    outer loop
      vertex 7.16641 88.3089 8.4
      vertex 7.30991 87.9625 8.4
      vertex 7.175 87.8959 8.4
    endloop
  endfacet
  facet normal 0 0 -1
    outer loop
      vertex 7.4 87.993 8.4
      vertex 7.16641 88.3089 8.4
      vertex 7.3553 88.373 8.4
    endloop
  endfacet
  facet normal 0 0 -1
    outer loop
      vertex 6.9875 88.2207 8.4
      vertex 7.175 87.8959 8.4
      vertex 7.04992 87.8124 8.4
    endloop
  endfacet
  facet normal 0 0 -1
    outer loop
      vertex 7.175 87.8959 8.4
      vertex 6.9875 88.2207 8.4
      vertex 7.16641 88.3089 8.4
    endloop
  endfacet
  facet normal 0 0 -1
    outer loop
      vertex 6.82164 88.1099 8.4
      vertex 7.04992 87.8124 8.4
      vertex 6.93683 87.7132 8.4
    endloop
  endfacet
  facet normal 0 0 -1
    outer loop
      vertex 6.67166 87.9783 8.4
      vertex 6.93683 87.7132 8.4
      vertex 6.83764 87.6001 8.4
    endloop
  endfacet
  facet normal 0 0 -1
    outer loop
      vertex 7.04992 87.8124 8.4
      vertex 6.82164 88.1099 8.4
      vertex 6.9875 88.2207 8.4
    endloop
  endfacet
  facet normal 0 0 -1
    outer loop
      vertex 6.54014 87.8284 8.4
      vertex 6.83764 87.6001 8.4
      vertex 6.75407 87.475 8.4
    endloop
  endfacet
  facet normal 0 0 -1
    outer loop
      vertex 6.42931 87.6625 8.4
      vertex 6.75407 87.475 8.4
      vertex 6.68754 87.3401 8.4
    endloop
  endfacet
  facet normal 0 0 -1
    outer loop
      vertex 6.93683 87.7132 8.4
      vertex 6.67166 87.9783 8.4
      vertex 6.82164 88.1099 8.4
    endloop
  endfacet
  facet normal 0 0 -1
    outer loop
      vertex 6.34108 87.4836 8.4
      vertex 6.68754 87.3401 8.4
      vertex 6.63919 87.1976 8.4
    endloop
  endfacet
  facet normal 0 0 -1
    outer loop
      vertex 6.27696 87.2947 8.4
      vertex 6.63919 87.1976 8.4
      vertex 6.60984 87.0501 8.4
    endloop
  endfacet
  facet normal 0 0 -1
    outer loop
      vertex 6.83764 87.6001 8.4
      vertex 6.54014 87.8284 8.4
      vertex 6.67166 87.9783 8.4
    endloop
  endfacet
  facet normal 0 0 -1
    outer loop
      vertex 6.23805 87.0991 8.4
      vertex 6.60984 87.0501 8.4
      vertex 6.6 86.9 8.4
    endloop
  endfacet
  facet normal 0 0 -1
    outer loop
      vertex 6.27696 86.5053 8.4
      vertex 6.63919 86.6024 8.4
      vertex 6.34108 86.3164 8.4
    endloop
  endfacet
  facet normal -0 0 -1
    outer loop
      vertex 6.63919 86.6024 8.4
      vertex 6.27696 86.5053 8.4
      vertex 6.60984 86.7499 8.4
    endloop
  endfacet
  facet normal 0 0 -1
    outer loop
      vertex 6.75407 87.475 8.4
      vertex 6.42931 87.6625 8.4
      vertex 6.54014 87.8284 8.4
    endloop
  endfacet
  facet normal 0 0 -1
    outer loop
      vertex 6.23805 86.701 8.4
      vertex 6.60984 86.7499 8.4
      vertex 6.27696 86.5053 8.4
    endloop
  endfacet
  facet normal 0 0 -1
    outer loop
      vertex 6.68754 87.3401 8.4
      vertex 6.34108 87.4836 8.4
      vertex 6.42931 87.6625 8.4
    endloop
  endfacet
  facet normal -0 0 -1
    outer loop
      vertex 6.60984 86.7499 8.4
      vertex 6.23805 86.701 8.4
      vertex 6.6 86.9 8.4
    endloop
  endfacet
  facet normal 0 0 -1
    outer loop
      vertex 6.63919 87.1976 8.4
      vertex 6.27696 87.2947 8.4
      vertex 6.34108 87.4836 8.4
    endloop
  endfacet
  facet normal 0 0 -1
    outer loop
      vertex 6.225 86.9 8.4
      vertex 6.6 86.9 8.4
      vertex 6.23805 86.701 8.4
    endloop
  endfacet
  facet normal 0 0 -1
    outer loop
      vertex 6.60984 87.0501 8.4
      vertex 6.23805 87.0991 8.4
      vertex 6.27696 87.2947 8.4
    endloop
  endfacet
  facet normal 0 0 -1
    outer loop
      vertex 6.6 86.9 8.4
      vertex 6.225 86.9 8.4
      vertex 6.23805 87.0991 8.4
    endloop
  endfacet
  facet normal -0.532149 -0.796591 0.286809
    outer loop
      vertex 7.175 85.9041 9.65
      vertex 6.82164 85.6901 8.4
      vertex 6.9875 85.5793 8.4
    endloop
  endfacet
  facet normal -0.531902 -0.79677 0.286769
    outer loop
      vertex 7.04992 85.9876 9.65
      vertex 6.82164 85.6901 8.4
      vertex 7.175 85.9041 9.65
    endloop
  endfacet
  facet normal 0.187668 -0.939438 0.286769
    outer loop
      vertex 8.1 85.5938 8.97568
      vertex 8.1 85.4878 8.62843
      vertex 8.1447 85.427 8.4
    endloop
  endfacet
  facet normal 0.423604 -0.859264 0.286749
    outer loop
      vertex 8.5125 85.5793 8.4
      vertex 8.19009 85.8375 9.65
      vertex 8.33359 85.4911 8.4
    endloop
  endfacet
  facet normal 0.907159 -0.307925 0.286785
    outer loop
      vertex 9.22304 86.5053 8.4
      vertex 8.81246 86.4599 9.65
      vertex 9.15892 86.3164 8.4
    endloop
  endfacet
  facet normal 0.939572 -0.186959 0.286796
    outer loop
      vertex 8.89016 86.7499 9.65
      vertex 8.86081 86.6024 9.65
      vertex 9.22304 86.5053 8.4
    endloop
  endfacet
  facet normal 0.939605 -0.186817 0.286777
    outer loop
      vertex 9.26195 86.701 8.4
      vertex 8.89016 86.7499 9.65
      vertex 9.22304 86.5053 8.4
    endloop
  endfacet
  facet normal -0.955944 0.0626573 0.286784
    outer loop
      vertex 6.23805 87.0991 8.4
      vertex 6.225 86.9 8.4
      vertex 6.60984 87.0501 9.65
    endloop
  endfacet
  facet normal -0.187668 0.939438 0.286769
    outer loop
      vertex 7.4 88.3122 8.62843
      vertex 7.3553 88.373 8.4
      vertex 7.4 88.2062 8.97568
    endloop
  endfacet
  facet normal -0.187075 0.93958 0.286691
    outer loop
      vertex 7.4 88.3819 8.4
      vertex 7.3553 88.373 8.4
      vertex 7.4 88.3122 8.62843
    endloop
  endfacet
  facet normal 0.907193 0.307809 0.286801
    outer loop
      vertex 9.22304 87.2947 8.4
      vertex 8.81246 87.3401 9.65
      vertex 8.86081 87.1976 9.65
    endloop
  endfacet
  facet normal 0.79659 0.532164 0.286785
    outer loop
      vertex 8.95986 87.8284 8.4
      vertex 8.74593 87.475 9.65
      vertex 9.07069 87.6625 8.4
    endloop
  endfacet
  facet normal 0.187075 0.93958 0.286691
    outer loop
      vertex 8.1 88.3819 8.4
      vertex 8.1 88.3122 8.62843
      vertex 8.1447 88.373 8.4
    endloop
  endfacet
  facet normal 0.307857 0.907195 0.286744
    outer loop
      vertex 8.33359 88.3089 8.4
      vertex 8.1447 88.373 8.4
      vertex 8.19009 87.9625 9.65
    endloop
  endfacet
  facet normal 0.424063 0.859015 0.286816
    outer loop
      vertex 8.5125 88.2207 8.4
      vertex 8.19009 87.9625 9.65
      vertex 8.325 87.8959 9.65
    endloop
  endfacet
  facet normal -0.939605 -0.186817 0.286777
    outer loop
      vertex 6.60984 86.7499 9.65
      vertex 6.23805 86.701 8.4
      vertex 6.27696 86.5053 8.4
    endloop
  endfacet
  facet normal -0.955943 -0.0626887 0.28678
    outer loop
      vertex 6.60984 86.7499 9.65
      vertex 6.225 86.9 8.4
      vertex 6.23805 86.701 8.4
    endloop
  endfacet
  facet normal -0.859188 -0.423734 0.286784
    outer loop
      vertex 6.68754 86.4599 9.65
      vertex 6.42931 86.1375 8.4
      vertex 6.75407 86.325 9.65
    endloop
  endfacet
  facet normal -0.796601 -0.53215 0.286783
    outer loop
      vertex 6.75407 86.325 9.65
      vertex 6.54014 85.9716 8.4
      vertex 6.83764 86.1999 9.65
    endloop
  endfacet
  facet normal 0.187075 -0.93958 0.286691
    outer loop
      vertex 8.1 85.4878 8.62843
      vertex 8.1 85.4181 8.4
      vertex 8.1447 85.427 8.4
    endloop
  endfacet
  facet normal 0.424063 -0.859015 0.286816
    outer loop
      vertex 8.325 85.9041 9.65
      vertex 8.19009 85.8375 9.65
      vertex 8.5125 85.5793 8.4
    endloop
  endfacet
  facet normal 0.720246 -0.631664 0.286786
    outer loop
      vertex 8.66236 86.1999 9.65
      vertex 8.56317 86.0868 9.65
      vertex 8.95986 85.9716 8.4
    endloop
  endfacet
  facet normal 0.720119 -0.631821 0.28676
    outer loop
      vertex 8.95986 85.9716 8.4
      vertex 8.56317 86.0868 9.65
      vertex 8.82834 85.8217 8.4
    endloop
  endfacet
  facet normal 0.79659 -0.532164 0.286785
    outer loop
      vertex 9.07069 86.1375 8.4
      vertex 8.74593 86.325 9.65
      vertex 8.95986 85.9716 8.4
    endloop
  endfacet
  facet normal 0.907193 -0.307809 0.286801
    outer loop
      vertex 8.86081 86.6024 9.65
      vertex 8.81246 86.4599 9.65
      vertex 9.22304 86.5053 8.4
    endloop
  endfacet
  facet normal 0.955943 -0.0626887 0.28678
    outer loop
      vertex 9.275 86.9 8.4
      vertex 8.89016 86.7499 9.65
      vertex 9.26195 86.701 8.4
    endloop
  endfacet
  facet normal 0.955944 -0.0626681 0.286783
    outer loop
      vertex 8.9 86.9 9.65
      vertex 8.89016 86.7499 9.65
      vertex 9.275 86.9 8.4
    endloop
  endfacet
  facet normal 0 0 1
    outer loop
      vertex 8.89016 87.0501 9.65
      vertex 8.89016 86.7499 9.65
      vertex 8.9 86.9 9.65
    endloop
  endfacet
  facet normal 0 0 1
    outer loop
      vertex 8.86081 87.1976 9.65
      vertex 8.89016 86.7499 9.65
      vertex 8.89016 87.0501 9.65
    endloop
  endfacet
  facet normal 0 0 1
    outer loop
      vertex 8.86081 87.1976 9.65
      vertex 8.86081 86.6024 9.65
      vertex 8.89016 86.7499 9.65
    endloop
  endfacet
  facet normal 0 0 1
    outer loop
      vertex 8.81246 87.3401 9.65
      vertex 8.86081 86.6024 9.65
      vertex 8.86081 87.1976 9.65
    endloop
  endfacet
  facet normal 0 0 1
    outer loop
      vertex 8.81246 87.3401 9.65
      vertex 8.81246 86.4599 9.65
      vertex 8.86081 86.6024 9.65
    endloop
  endfacet
  facet normal 0 0 1
    outer loop
      vertex 8.74593 87.475 9.65
      vertex 8.81246 86.4599 9.65
      vertex 8.81246 87.3401 9.65
    endloop
  endfacet
  facet normal 0 0 1
    outer loop
      vertex 8.74593 87.475 9.65
      vertex 8.74593 86.325 9.65
      vertex 8.81246 86.4599 9.65
    endloop
  endfacet
  facet normal 0 0 1
    outer loop
      vertex 8.66236 87.6001 9.65
      vertex 8.74593 86.325 9.65
      vertex 8.74593 87.475 9.65
    endloop
  endfacet
  facet normal 0 0 1
    outer loop
      vertex 8.66236 87.6001 9.65
      vertex 8.66236 86.1999 9.65
      vertex 8.74593 86.325 9.65
    endloop
  endfacet
  facet normal 0 0 1
    outer loop
      vertex 8.56317 87.7132 9.65
      vertex 8.66236 86.1999 9.65
      vertex 8.66236 87.6001 9.65
    endloop
  endfacet
  facet normal 0 0 1
    outer loop
      vertex 8.56317 87.7132 9.65
      vertex 8.56317 86.0868 9.65
      vertex 8.66236 86.1999 9.65
    endloop
  endfacet
  facet normal 0 0 1
    outer loop
      vertex 8.45008 87.8124 9.65
      vertex 8.56317 86.0868 9.65
      vertex 8.56317 87.7132 9.65
    endloop
  endfacet
  facet normal 0 0 1
    outer loop
      vertex 8.45008 87.8124 9.65
      vertex 8.45008 85.9876 9.65
      vertex 8.56317 86.0868 9.65
    endloop
  endfacet
  facet normal 0 0 1
    outer loop
      vertex 8.325 87.8959 9.65
      vertex 8.45008 85.9876 9.65
      vertex 8.45008 87.8124 9.65
    endloop
  endfacet
  facet normal 0 0 1
    outer loop
      vertex 8.325 87.8959 9.65
      vertex 8.325 85.9041 9.65
      vertex 8.45008 85.9876 9.65
    endloop
  endfacet
  facet normal 0 0 1
    outer loop
      vertex 8.1 87.993 9.65
      vertex 8.325 87.8959 9.65
      vertex 8.19009 87.9625 9.65
    endloop
  endfacet
  facet normal 0 0 1
    outer loop
      vertex 8.325 87.8959 9.65
      vertex 8.1 87.993 9.65
      vertex 8.325 85.9041 9.65
    endloop
  endfacet
  facet normal 0 0 1
    outer loop
      vertex 8.1 85.807 9.65
      vertex 8.325 85.9041 9.65
      vertex 8.1 87.993 9.65
    endloop
  endfacet
  facet normal 0 0 1
    outer loop
      vertex 8.325 85.9041 9.65
      vertex 8.1 85.807 9.65
      vertex 8.19009 85.8375 9.65
    endloop
  endfacet
  facet normal 0 0 1
    outer loop
      vertex 7.175 87.8959 9.65
      vertex 7.4 87.993 9.65
      vertex 7.30991 87.9625 9.65
    endloop
  endfacet
  facet normal 0 0 1
    outer loop
      vertex 7.4 87.993 9.65
      vertex 7.175 87.8959 9.65
      vertex 7.4 85.807 9.65
    endloop
  endfacet
  facet normal -0 0 1
    outer loop
      vertex 7.175 85.9041 9.65
      vertex 7.4 85.807 9.65
      vertex 7.175 87.8959 9.65
    endloop
  endfacet
  facet normal 0 0 1
    outer loop
      vertex 7.4 85.807 9.65
      vertex 7.175 85.9041 9.65
      vertex 7.30991 85.8375 9.65
    endloop
  endfacet
  facet normal -0 0 1
    outer loop
      vertex 7.04992 87.8124 9.65
      vertex 7.175 85.9041 9.65
      vertex 7.175 87.8959 9.65
    endloop
  endfacet
  facet normal 0 0 1
    outer loop
      vertex 7.04992 87.8124 9.65
      vertex 7.04992 85.9876 9.65
      vertex 7.175 85.9041 9.65
    endloop
  endfacet
  facet normal -0 0 1
    outer loop
      vertex 6.93683 87.7132 9.65
      vertex 7.04992 85.9876 9.65
      vertex 7.04992 87.8124 9.65
    endloop
  endfacet
  facet normal 0 0 1
    outer loop
      vertex 6.93683 87.7132 9.65
      vertex 6.93683 86.0868 9.65
      vertex 7.04992 85.9876 9.65
    endloop
  endfacet
  facet normal -0 0 1
    outer loop
      vertex 6.83764 87.6001 9.65
      vertex 6.93683 86.0868 9.65
      vertex 6.93683 87.7132 9.65
    endloop
  endfacet
  facet normal 0 0 1
    outer loop
      vertex 6.83764 87.6001 9.65
      vertex 6.83764 86.1999 9.65
      vertex 6.93683 86.0868 9.65
    endloop
  endfacet
  facet normal -0 0 1
    outer loop
      vertex 6.75407 87.475 9.65
      vertex 6.83764 86.1999 9.65
      vertex 6.83764 87.6001 9.65
    endloop
  endfacet
  facet normal 0 0 1
    outer loop
      vertex 6.75407 87.475 9.65
      vertex 6.75407 86.325 9.65
      vertex 6.83764 86.1999 9.65
    endloop
  endfacet
  facet normal -0 0 1
    outer loop
      vertex 6.68754 87.3401 9.65
      vertex 6.75407 86.325 9.65
      vertex 6.75407 87.475 9.65
    endloop
  endfacet
  facet normal 0 0 1
    outer loop
      vertex 6.68754 87.3401 9.65
      vertex 6.68754 86.4599 9.65
      vertex 6.75407 86.325 9.65
    endloop
  endfacet
  facet normal -0 0 1
    outer loop
      vertex 6.63919 87.1976 9.65
      vertex 6.68754 86.4599 9.65
      vertex 6.68754 87.3401 9.65
    endloop
  endfacet
  facet normal 0 0 1
    outer loop
      vertex 6.63919 87.1976 9.65
      vertex 6.63919 86.6024 9.65
      vertex 6.68754 86.4599 9.65
    endloop
  endfacet
  facet normal -0 0 1
    outer loop
      vertex 6.60984 87.0501 9.65
      vertex 6.63919 86.6024 9.65
      vertex 6.63919 87.1976 9.65
    endloop
  endfacet
  facet normal 0 0 1
    outer loop
      vertex 6.60984 87.0501 9.65
      vertex 6.60984 86.7499 9.65
      vertex 6.63919 86.6024 9.65
    endloop
  endfacet
  facet normal 0 -0 1
    outer loop
      vertex 6.60984 86.7499 9.65
      vertex 6.60984 87.0501 9.65
      vertex 6.6 86.9 9.65
    endloop
  endfacet
  facet normal -0.955944 0.0626681 0.286783
    outer loop
      vertex 6.60984 87.0501 9.65
      vertex 6.225 86.9 8.4
      vertex 6.6 86.9 9.65
    endloop
  endfacet
  facet normal -0.859188 0.423734 0.286784
    outer loop
      vertex 6.75407 87.475 9.65
      vertex 6.42931 87.6625 8.4
      vertex 6.68754 87.3401 9.65
    endloop
  endfacet
  facet normal -0.720246 0.631664 0.286786
    outer loop
      vertex 6.93683 87.7132 9.65
      vertex 6.54014 87.8284 8.4
      vertex 6.83764 87.6001 9.65
    endloop
  endfacet
  facet normal -0.307192 0.907375 0.286885
    outer loop
      vertex 7.4 88.2062 8.97568
      vertex 7.30991 87.9625 9.65
      vertex 7.4 87.993 9.65
    endloop
  endfacet
  facet normal -0.307738 0.90723 0.28676
    outer loop
      vertex 7.30991 87.9625 9.65
      vertex 7.4 88.2062 8.97568
      vertex 7.3553 88.373 8.4
    endloop
  endfacet
  facet normal 0.907159 0.307925 0.286785
    outer loop
      vertex 9.15892 87.4836 8.4
      vertex 8.81246 87.3401 9.65
      vertex 9.22304 87.2947 8.4
    endloop
  endfacet
  facet normal 0.859188 0.423735 0.286784
    outer loop
      vertex 9.07069 87.6625 8.4
      vertex 8.81246 87.3401 9.65
      vertex 9.15892 87.4836 8.4
    endloop
  endfacet
  facet normal 0.796601 0.53215 0.286783
    outer loop
      vertex 8.95986 87.8284 8.4
      vertex 8.66236 87.6001 9.65
      vertex 8.74593 87.475 9.65
    endloop
  endfacet
  facet normal 0.423604 0.859264 0.286749
    outer loop
      vertex 8.33359 88.3089 8.4
      vertex 8.19009 87.9625 9.65
      vertex 8.5125 88.2207 8.4
    endloop
  endfacet
  facet normal -0.424063 -0.859015 0.286816
    outer loop
      vertex 7.175 85.9041 9.65
      vertex 6.9875 85.5793 8.4
      vertex 7.30991 85.8375 9.65
    endloop
  endfacet
  facet normal -0.631734 -0.720189 0.286775
    outer loop
      vertex 6.93683 86.0868 9.65
      vertex 6.82164 85.6901 8.4
      vertex 7.04992 85.9876 9.65
    endloop
  endfacet
  facet normal -0.631849 -0.720096 0.286756
    outer loop
      vertex 6.93683 86.0868 9.65
      vertex 6.67166 85.8217 8.4
      vertex 6.82164 85.6901 8.4
    endloop
  endfacet
  facet normal -0.907193 -0.307809 0.286801
    outer loop
      vertex 6.63919 86.6024 9.65
      vertex 6.27696 86.5053 8.4
      vertex 6.68754 86.4599 9.65
    endloop
  endfacet
  facet normal -0.907159 -0.307925 0.286785
    outer loop
      vertex 6.68754 86.4599 9.65
      vertex 6.27696 86.5053 8.4
      vertex 6.34108 86.3164 8.4
    endloop
  endfacet
  facet normal -0.79659 -0.532164 0.286785
    outer loop
      vertex 6.75407 86.325 9.65
      vertex 6.42931 86.1375 8.4
      vertex 6.54014 85.9716 8.4
    endloop
  endfacet
  facet normal 0.531902 -0.79677 0.286769
    outer loop
      vertex 8.45008 85.9876 9.65
      vertex 8.325 85.9041 9.65
      vertex 8.67836 85.6901 8.4
    endloop
  endfacet
  facet normal 0.631734 -0.720189 0.286775
    outer loop
      vertex 8.56317 86.0868 9.65
      vertex 8.45008 85.9876 9.65
      vertex 8.67836 85.6901 8.4
    endloop
  endfacet
  facet normal 0.532149 -0.796591 0.286809
    outer loop
      vertex 8.67836 85.6901 8.4
      vertex 8.325 85.9041 9.65
      vertex 8.5125 85.5793 8.4
    endloop
  endfacet
  facet normal 0.307192 -0.907375 0.286885
    outer loop
      vertex 8.1 85.5938 8.97568
      vertex 8.19009 85.8375 9.65
      vertex 8.1 85.807 9.65
    endloop
  endfacet
  facet normal 0.307738 -0.90723 0.28676
    outer loop
      vertex 8.19009 85.8375 9.65
      vertex 8.1 85.5938 8.97568
      vertex 8.1447 85.427 8.4
    endloop
  endfacet
  facet normal 0.307857 -0.907195 0.286744
    outer loop
      vertex 8.19009 85.8375 9.65
      vertex 8.1447 85.427 8.4
      vertex 8.33359 85.4911 8.4
    endloop
  endfacet
  facet normal 0.859188 -0.423734 0.286784
    outer loop
      vertex 8.81246 86.4599 9.65
      vertex 8.74593 86.325 9.65
      vertex 9.07069 86.1375 8.4
    endloop
  endfacet
  facet normal 0.859188 -0.423735 0.286784
    outer loop
      vertex 9.15892 86.3164 8.4
      vertex 8.81246 86.4599 9.65
      vertex 9.07069 86.1375 8.4
    endloop
  endfacet
  facet normal 0.796601 -0.53215 0.286783
    outer loop
      vertex 8.74593 86.325 9.65
      vertex 8.66236 86.1999 9.65
      vertex 8.95986 85.9716 8.4
    endloop
  endfacet
  facet normal -0.939584 0.186908 0.286789
    outer loop
      vertex 6.27696 87.2947 8.4
      vertex 6.23805 87.0991 8.4
      vertex 6.60984 87.0501 9.65
    endloop
  endfacet
  facet normal -0.939572 0.186959 0.286796
    outer loop
      vertex 6.63919 87.1976 9.65
      vertex 6.27696 87.2947 8.4
      vertex 6.60984 87.0501 9.65
    endloop
  endfacet
  facet normal -0.631849 0.720096 0.286756
    outer loop
      vertex 6.82164 88.1099 8.4
      vertex 6.67166 87.9783 8.4
      vertex 6.93683 87.7132 9.65
    endloop
  endfacet
  facet normal -0.720119 0.631821 0.28676
    outer loop
      vertex 6.67166 87.9783 8.4
      vertex 6.54014 87.8284 8.4
      vertex 6.93683 87.7132 9.65
    endloop
  endfacet
  facet normal -0.531902 0.79677 0.286769
    outer loop
      vertex 7.175 87.8959 9.65
      vertex 6.82164 88.1099 8.4
      vertex 7.04992 87.8124 9.65
    endloop
  endfacet
  facet normal -0.532149 0.796591 0.286809
    outer loop
      vertex 6.9875 88.2207 8.4
      vertex 6.82164 88.1099 8.4
      vertex 7.175 87.8959 9.65
    endloop
  endfacet
  facet normal -0.79659 0.532164 0.286785
    outer loop
      vertex 6.54014 87.8284 8.4
      vertex 6.42931 87.6625 8.4
      vertex 6.75407 87.475 9.65
    endloop
  endfacet
  facet normal -0.796601 0.53215 0.286783
    outer loop
      vertex 6.83764 87.6001 9.65
      vertex 6.54014 87.8284 8.4
      vertex 6.75407 87.475 9.65
    endloop
  endfacet
  facet normal -0.307857 0.907195 0.286744
    outer loop
      vertex 7.3553 88.373 8.4
      vertex 7.16641 88.3089 8.4
      vertex 7.30991 87.9625 9.65
    endloop
  endfacet
  facet normal -0.423604 0.859264 0.286749
    outer loop
      vertex 7.16641 88.3089 8.4
      vertex 6.9875 88.2207 8.4
      vertex 7.30991 87.9625 9.65
    endloop
  endfacet
  facet normal 0.720119 0.631821 0.28676
    outer loop
      vertex 8.82834 87.9783 8.4
      vertex 8.56317 87.7132 9.65
      vertex 8.95986 87.8284 8.4
    endloop
  endfacet
  facet normal 0.631849 0.720096 0.286756
    outer loop
      vertex 8.67836 88.1099 8.4
      vertex 8.56317 87.7132 9.65
      vertex 8.82834 87.9783 8.4
    endloop
  endfacet
  facet normal 0.307192 0.907375 0.286885
    outer loop
      vertex 8.19009 87.9625 9.65
      vertex 8.1 88.2062 8.97568
      vertex 8.1 87.993 9.65
    endloop
  endfacet
  facet normal 0.307738 0.90723 0.28676
    outer loop
      vertex 8.1 88.2062 8.97568
      vertex 8.19009 87.9625 9.65
      vertex 8.1447 88.373 8.4
    endloop
  endfacet
  facet normal -0.187075 -0.93958 0.286691
    outer loop
      vertex 7.4 85.4878 8.62843
      vertex 7.3553 85.427 8.4
      vertex 7.4 85.4181 8.4
    endloop
  endfacet
  facet normal -0.187668 -0.939438 0.286769
    outer loop
      vertex 7.4 85.5938 8.97568
      vertex 7.3553 85.427 8.4
      vertex 7.4 85.4878 8.62843
    endloop
  endfacet
  facet normal -0.720246 -0.631664 0.286786
    outer loop
      vertex 6.83764 86.1999 9.65
      vertex 6.54014 85.9716 8.4
      vertex 6.93683 86.0868 9.65
    endloop
  endfacet
  facet normal -0.859188 0.423735 0.286784
    outer loop
      vertex 6.42931 87.6625 8.4
      vertex 6.34108 87.4836 8.4
      vertex 6.68754 87.3401 9.65
    endloop
  endfacet
  facet normal -0.631734 0.720189 0.286775
    outer loop
      vertex 7.04992 87.8124 9.65
      vertex 6.82164 88.1099 8.4
      vertex 6.93683 87.7132 9.65
    endloop
  endfacet
  facet normal 0.720246 0.631664 0.286786
    outer loop
      vertex 8.95986 87.8284 8.4
      vertex 8.56317 87.7132 9.65
      vertex 8.66236 87.6001 9.65
    endloop
  endfacet
  facet normal 0.531902 0.79677 0.286769
    outer loop
      vertex 8.67836 88.1099 8.4
      vertex 8.325 87.8959 9.65
      vertex 8.45008 87.8124 9.65
    endloop
  endfacet
  facet normal -0.423604 -0.859264 0.286749
    outer loop
      vertex 7.30991 85.8375 9.65
      vertex 6.9875 85.5793 8.4
      vertex 7.16641 85.4911 8.4
    endloop
  endfacet
  facet normal -0.907159 0.307925 0.286785
    outer loop
      vertex 6.34108 87.4836 8.4
      vertex 6.27696 87.2947 8.4
      vertex 6.68754 87.3401 9.65
    endloop
  endfacet
  facet normal -0.907193 0.307809 0.286801
    outer loop
      vertex 6.68754 87.3401 9.65
      vertex 6.27696 87.2947 8.4
      vertex 6.63919 87.1976 9.65
    endloop
  endfacet
  facet normal -0.307857 -0.907195 0.286744
    outer loop
      vertex 7.30991 85.8375 9.65
      vertex 7.16641 85.4911 8.4
      vertex 7.3553 85.427 8.4
    endloop
  endfacet
  facet normal -0.307192 -0.907375 0.286885
    outer loop
      vertex 7.30991 85.8375 9.65
      vertex 7.4 85.5938 8.97568
      vertex 7.4 85.807 9.65
    endloop
  endfacet
  facet normal -0.307738 -0.90723 0.28676
    outer loop
      vertex 7.4 85.5938 8.97568
      vertex 7.30991 85.8375 9.65
      vertex 7.3553 85.427 8.4
    endloop
  endfacet
  facet normal 1 0 0
    outer loop
      vertex 7.4 87.993 8.4
      vertex 7.4 88.2062 8.97568
      vertex 7.4 87.993 9.65
    endloop
  endfacet
  facet normal 1 0 0
    outer loop
      vertex 7.4 88.2062 8.97568
      vertex 7.4 87.993 8.4
      vertex 7.4 88.3122 8.62843
    endloop
  endfacet
  facet normal 1 0 0
    outer loop
      vertex 7.4 88.3122 8.62843
      vertex 7.4 87.993 8.4
      vertex 7.4 88.3819 8.4
    endloop
  endfacet
  facet normal 1 0 0
    outer loop
      vertex 7.4 85.807 8.4
      vertex 7.4 87.993 8.4
      vertex 7.4 87.993 9.65
    endloop
  endfacet
  facet normal 1 0 0
    outer loop
      vertex 7.4 85.807 8.4
      vertex 7.4 87.993 9.65
      vertex 7.4 85.807 9.65
    endloop
  endfacet
  facet normal 1 -0 0
    outer loop
      vertex 7.4 87.993 6.8
      vertex 7.4 88.9 6.6
      vertex 7.4 88.9 6.8
    endloop
  endfacet
  facet normal 1 0 0
    outer loop
      vertex 7.4 87.993 8.4
      vertex 7.4 85.807 8.4
      vertex 7.4 87.993 6.8
    endloop
  endfacet
  facet normal 1 0 0
    outer loop
      vertex 7.4 85.807 6.8
      vertex 7.4 87.993 6.8
      vertex 7.4 85.807 8.4
    endloop
  endfacet
  facet normal 1 -0 0
    outer loop
      vertex 7.4 85.807 6.8
      vertex 7.4 88.9 6.6
      vertex 7.4 87.993 6.8
    endloop
  endfacet
  facet normal 1 0 0
    outer loop
      vertex 7.4 84.9 6.6
      vertex 7.4 85.807 6.8
      vertex 7.4 84.9 6.8
    endloop
  endfacet
  facet normal 1 0 0
    outer loop
      vertex 7.4 85.807 6.8
      vertex 7.4 84.9 6.6
      vertex 7.4 88.9 6.6
    endloop
  endfacet
  facet normal 1 -0 0
    outer loop
      vertex 7.4 85.5938 8.97568
      vertex 7.4 85.807 8.4
      vertex 7.4 85.807 9.65
    endloop
  endfacet
  facet normal 1 -0 0
    outer loop
      vertex 7.4 85.4878 8.62843
      vertex 7.4 85.807 8.4
      vertex 7.4 85.5938 8.97568
    endloop
  endfacet
  facet normal 1 0 0
    outer loop
      vertex 7.4 85.807 8.4
      vertex 7.4 85.4878 8.62843
      vertex 7.4 85.4181 8.4
    endloop
  endfacet
  facet normal -1 0 0
    outer loop
      vertex 8.1 88.9 6.6
      vertex 8.1 87.993 6.8
      vertex 8.1 88.9 6.8
    endloop
  endfacet
  facet normal -1 0 0
    outer loop
      vertex 8.1 85.807 8.4
      vertex 8.1 87.993 8.4
      vertex 8.1 87.993 6.8
    endloop
  endfacet
  facet normal -1 0 0
    outer loop
      vertex 8.1 85.807 8.4
      vertex 8.1 87.993 6.8
      vertex 8.1 85.807 6.8
    endloop
  endfacet
  facet normal -1 0 0
    outer loop
      vertex 8.1 88.9 6.6
      vertex 8.1 85.807 6.8
      vertex 8.1 87.993 6.8
    endloop
  endfacet
  facet normal -1 0 0
    outer loop
      vertex 8.1 84.9 6.6
      vertex 8.1 85.807 6.8
      vertex 8.1 88.9 6.6
    endloop
  endfacet
  facet normal -1 -0 0
    outer loop
      vertex 8.1 85.807 6.8
      vertex 8.1 84.9 6.6
      vertex 8.1 84.9 6.8
    endloop
  endfacet
  facet normal -1 0 0
    outer loop
      vertex 8.1 87.993 8.4
      vertex 8.1 88.3122 8.62843
      vertex 8.1 88.3819 8.4
    endloop
  endfacet
  facet normal -1 0 0
    outer loop
      vertex 8.1 87.993 8.4
      vertex 8.1 88.2062 8.97568
      vertex 8.1 88.3122 8.62843
    endloop
  endfacet
  facet normal -1 -0 0
    outer loop
      vertex 8.1 88.2062 8.97568
      vertex 8.1 87.993 8.4
      vertex 8.1 87.993 9.65
    endloop
  endfacet
  facet normal -1 0 0
    outer loop
      vertex 8.1 87.993 8.4
      vertex 8.1 85.807 8.4
      vertex 8.1 87.993 9.65
    endloop
  endfacet
  facet normal -1 0 0
    outer loop
      vertex 8.1 85.807 8.4
      vertex 8.1 85.807 9.65
      vertex 8.1 87.993 9.65
    endloop
  endfacet
  facet normal -1 0 0
    outer loop
      vertex 8.1 85.807 8.4
      vertex 8.1 85.5938 8.97568
      vertex 8.1 85.807 9.65
    endloop
  endfacet
  facet normal -1 0 0
    outer loop
      vertex 8.1 85.807 8.4
      vertex 8.1 85.4878 8.62843
      vertex 8.1 85.5938 8.97568
    endloop
  endfacet
  facet normal -1 0 -0
    outer loop
      vertex 8.1 85.4878 8.62843
      vertex 8.1 85.807 8.4
      vertex 8.1 85.4181 8.4
    endloop
  endfacet
  facet normal 0 -1 0
    outer loop
      vertex 7.4 88.9 6.6
      vertex 8.1 88.9 6.8
      vertex 7.4 88.9 6.8
    endloop
  endfacet
  facet normal 0 -1 -0
    outer loop
      vertex 8.1 88.9 6.8
      vertex 7.4 88.9 6.6
      vertex 8.1 88.9 6.6
    endloop
  endfacet
  facet normal -0 0 1
    outer loop
      vertex 7.4 88.9 6.6
      vertex 8.1 84.9 6.6
      vertex 8.1 88.9 6.6
    endloop
  endfacet
  facet normal 0 0 1
    outer loop
      vertex 8.1 84.9 6.6
      vertex 7.4 88.9 6.6
      vertex 7.4 84.9 6.6
    endloop
  endfacet
  facet normal 0 1 -0
    outer loop
      vertex 8.1 84.9 6.6
      vertex 7.4 84.9 6.8
      vertex 8.1 84.9 6.8
    endloop
  endfacet
  facet normal 0 1 0
    outer loop
      vertex 7.4 84.9 6.8
      vertex 8.1 84.9 6.6
      vertex 7.4 84.9 6.6
    endloop
  endfacet
  facet normal 0.555568 0.831471 -0
    outer loop
      vertex 58.7285 31.4784 3.4
      vertex 58.375 31.7146 6.8
      vertex 58.7285 31.4784 6.8
    endloop
  endfacet
  facet normal 0.555568 0.831471 0
    outer loop
      vertex 58.375 31.7146 6.8
      vertex 58.7285 31.4784 3.4
      vertex 58.375 31.7146 3.4
    endloop
  endfacet
  facet normal -0.321586 0.94688 0
    outer loop
      vertex 55.9088 32.0393 3.4
      vertex 55.5063 31.9026 6.8
      vertex 55.9088 32.0393 6.8
    endloop
  endfacet
  facet normal -0.321586 0.94688 0
    outer loop
      vertex 55.5063 31.9026 6.8
      vertex 55.9088 32.0393 3.4
      vertex 55.5063 31.9026 3.4
    endloop
  endfacet
  facet normal -0.896907 0.44222 0
    outer loop
      vertex 53.7474 30.1437 3.4
      vertex 53.9354 30.525 6.8
      vertex 53.9354 30.525 3.4
    endloop
  endfacet
  facet normal -0.896907 0.44222 0
    outer loop
      vertex 53.9354 30.525 6.8
      vertex 53.7474 30.1437 3.4
      vertex 53.7474 30.1437 6.8
    endloop
  endfacet
  facet normal 0.896907 0.44222 0
    outer loop
      vertex 59.7526 30.1437 6.8
      vertex 59.5646 30.525 3.4
      vertex 59.5646 30.525 6.8
    endloop
  endfacet
  facet normal 0.896907 0.44222 0
    outer loop
      vertex 59.5646 30.525 3.4
      vertex 59.7526 30.1437 6.8
      vertex 59.7526 30.1437 3.4
    endloop
  endfacet
  facet normal 0.831471 0.555568 0
    outer loop
      vertex 59.5646 30.525 6.8
      vertex 59.3284 30.8785 3.4
      vertex 59.3284 30.8785 6.8
    endloop
  endfacet
  facet normal 0.831471 0.555568 0
    outer loop
      vertex 59.3284 30.8785 3.4
      vertex 59.5646 30.525 6.8
      vertex 59.5646 30.525 3.4
    endloop
  endfacet
  facet normal 0.44222 0.896907 -0
    outer loop
      vertex 58.375 31.7146 3.4
      vertex 57.9937 31.9026 6.8
      vertex 58.375 31.7146 6.8
    endloop
  endfacet
  facet normal 0.44222 0.896907 0
    outer loop
      vertex 57.9937 31.9026 6.8
      vertex 58.375 31.7146 3.4
      vertex 57.9937 31.9026 3.4
    endloop
  endfacet
  facet normal 0.0653948 0.997859 -0
    outer loop
      vertex 57.1742 32.1222 3.4
      vertex 56.75 32.15 6.8
      vertex 57.1742 32.1222 6.8
    endloop
  endfacet
  facet normal 0.0653948 0.997859 0
    outer loop
      vertex 56.75 32.15 6.8
      vertex 57.1742 32.1222 3.4
      vertex 56.75 32.15 3.4
    endloop
  endfacet
  facet normal -0.997859 0.0653948 0
    outer loop
      vertex 53.5 28.9 3.4
      vertex 53.5278 29.3242 6.8
      vertex 53.5278 29.3242 3.4
    endloop
  endfacet
  facet normal -0.997859 0.0653948 0
    outer loop
      vertex 53.5278 29.3242 6.8
      vertex 53.5 28.9 3.4
      vertex 53.5 28.9 6.8
    endloop
  endfacet
  facet normal -0.751818 0.65937 0
    outer loop
      vertex 54.1716 30.8785 3.4
      vertex 54.4519 31.1981 6.8
      vertex 54.4519 31.1981 3.4
    endloop
  endfacet
  facet normal -0.751818 0.65937 0
    outer loop
      vertex 54.4519 31.1981 6.8
      vertex 54.1716 30.8785 3.4
      vertex 54.1716 30.8785 6.8
    endloop
  endfacet
  facet normal -0.0653948 0.997859 0
    outer loop
      vertex 56.75 32.15 3.4
      vertex 56.3258 32.1222 6.8
      vertex 56.75 32.15 6.8
    endloop
  endfacet
  facet normal -0.0653948 0.997859 0
    outer loop
      vertex 56.3258 32.1222 6.8
      vertex 56.75 32.15 3.4
      vertex 56.3258 32.1222 3.4
    endloop
  endfacet
  facet normal -0.65937 0.751818 0
    outer loop
      vertex 54.7715 31.4784 3.4
      vertex 54.4519 31.1981 6.8
      vertex 54.7715 31.4784 6.8
    endloop
  endfacet
  facet normal -0.65937 0.751818 0
    outer loop
      vertex 54.4519 31.1981 6.8
      vertex 54.7715 31.4784 3.4
      vertex 54.4519 31.1981 3.4
    endloop
  endfacet
  facet normal 0.997859 0.0653948 0
    outer loop
      vertex 60 28.9 6.8
      vertex 59.9722 29.3242 3.4
      vertex 59.9722 29.3242 6.8
    endloop
  endfacet
  facet normal 0.997859 0.0653948 0
    outer loop
      vertex 59.9722 29.3242 3.4
      vertex 60 28.9 6.8
      vertex 60 28.9 3.4
    endloop
  endfacet
  facet normal 0.0653948 -0.997859 0
    outer loop
      vertex 56.75 25.65 3.4
      vertex 57.1742 25.6778 6.8
      vertex 56.75 25.65 6.8
    endloop
  endfacet
  facet normal 0.0653948 -0.997859 0
    outer loop
      vertex 57.1742 25.6778 6.8
      vertex 56.75 25.65 3.4
      vertex 57.1742 25.6778 3.4
    endloop
  endfacet
  facet normal 0.831471 -0.555568 0
    outer loop
      vertex 59.3284 26.9215 6.8
      vertex 59.5646 27.275 3.4
      vertex 59.5646 27.275 6.8
    endloop
  endfacet
  facet normal 0.831471 -0.555568 0
    outer loop
      vertex 59.5646 27.275 3.4
      vertex 59.3284 26.9215 6.8
      vertex 59.3284 26.9215 3.4
    endloop
  endfacet
  facet normal 0.94688 -0.321586 0
    outer loop
      vertex 59.7526 27.6563 6.8
      vertex 59.8893 28.0588 3.4
      vertex 59.8893 28.0588 6.8
    endloop
  endfacet
  facet normal 0.94688 -0.321586 0
    outer loop
      vertex 59.8893 28.0588 3.4
      vertex 59.7526 27.6563 6.8
      vertex 59.7526 27.6563 3.4
    endloop
  endfacet
  facet normal -0.0653948 -0.997859 0
    outer loop
      vertex 56.3258 25.6778 3.4
      vertex 56.75 25.65 6.8
      vertex 56.3258 25.6778 6.8
    endloop
  endfacet
  facet normal -0.0653948 -0.997859 -0
    outer loop
      vertex 56.75 25.65 6.8
      vertex 56.3258 25.6778 3.4
      vertex 56.75 25.65 3.4
    endloop
  endfacet
  facet normal -0.65937 -0.751818 0
    outer loop
      vertex 54.4519 26.6019 3.4
      vertex 54.7715 26.3216 6.8
      vertex 54.4519 26.6019 6.8
    endloop
  endfacet
  facet normal -0.65937 -0.751818 -0
    outer loop
      vertex 54.7715 26.3216 6.8
      vertex 54.4519 26.6019 3.4
      vertex 54.7715 26.3216 3.4
    endloop
  endfacet
  facet normal -0.997859 -0.0653948 0
    outer loop
      vertex 53.5278 28.4758 3.4
      vertex 53.5 28.9 6.8
      vertex 53.5 28.9 3.4
    endloop
  endfacet
  facet normal -0.997859 -0.0653948 0
    outer loop
      vertex 53.5 28.9 6.8
      vertex 53.5278 28.4758 3.4
      vertex 53.5278 28.4758 6.8
    endloop
  endfacet
  facet normal -0.751818 -0.65937 0
    outer loop
      vertex 54.4519 26.6019 3.4
      vertex 54.1716 26.9215 6.8
      vertex 54.1716 26.9215 3.4
    endloop
  endfacet
  facet normal -0.751818 -0.65937 0
    outer loop
      vertex 54.1716 26.9215 6.8
      vertex 54.4519 26.6019 3.4
      vertex 54.4519 26.6019 6.8
    endloop
  endfacet
  facet normal 0.980806 0.194985 0
    outer loop
      vertex 59.9722 29.3242 6.8
      vertex 59.8893 29.7412 3.4
      vertex 59.8893 29.7412 6.8
    endloop
  endfacet
  facet normal 0.980806 0.194985 0
    outer loop
      vertex 59.8893 29.7412 3.4
      vertex 59.9722 29.3242 6.8
      vertex 59.9722 29.3242 3.4
    endloop
  endfacet
  facet normal 0.94688 0.321586 0
    outer loop
      vertex 59.8893 29.7412 6.8
      vertex 59.7526 30.1437 3.4
      vertex 59.7526 30.1437 6.8
    endloop
  endfacet
  facet normal 0.94688 0.321586 0
    outer loop
      vertex 59.7526 30.1437 3.4
      vertex 59.8893 29.7412 6.8
      vertex 59.8893 29.7412 3.4
    endloop
  endfacet
  facet normal 0.751818 0.65937 0
    outer loop
      vertex 59.3284 30.8785 6.8
      vertex 59.0481 31.1981 3.4
      vertex 59.0481 31.1981 6.8
    endloop
  endfacet
  facet normal 0.751818 0.65937 0
    outer loop
      vertex 59.0481 31.1981 3.4
      vertex 59.3284 30.8785 6.8
      vertex 59.3284 30.8785 3.4
    endloop
  endfacet
  facet normal 0.65937 0.751818 -0
    outer loop
      vertex 59.0481 31.1981 3.4
      vertex 58.7285 31.4784 6.8
      vertex 59.0481 31.1981 6.8
    endloop
  endfacet
  facet normal 0.65937 0.751818 0
    outer loop
      vertex 58.7285 31.4784 6.8
      vertex 59.0481 31.1981 3.4
      vertex 58.7285 31.4784 3.4
    endloop
  endfacet
  facet normal 0.321586 0.94688 -0
    outer loop
      vertex 57.9937 31.9026 3.4
      vertex 57.5912 32.0393 6.8
      vertex 57.9937 31.9026 6.8
    endloop
  endfacet
  facet normal 0.321586 0.94688 0
    outer loop
      vertex 57.5912 32.0393 6.8
      vertex 57.9937 31.9026 3.4
      vertex 57.5912 32.0393 3.4
    endloop
  endfacet
  facet normal 0.194985 0.980806 -0
    outer loop
      vertex 57.5912 32.0393 3.4
      vertex 57.1742 32.1222 6.8
      vertex 57.5912 32.0393 6.8
    endloop
  endfacet
  facet normal 0.194985 0.980806 0
    outer loop
      vertex 57.1742 32.1222 6.8
      vertex 57.5912 32.0393 3.4
      vertex 57.1742 32.1222 3.4
    endloop
  endfacet
  facet normal 0 0 1
    outer loop
      vertex 56.3099 27.8375 6.8
      vertex 56.4 26.9 6.8
      vertex 56.4 27.807 6.8
    endloop
  endfacet
  facet normal 0 0 1
    outer loop
      vertex 56.175 27.9041 6.8
      vertex 56.4 26.9 6.8
      vertex 56.3099 27.8375 6.8
    endloop
  endfacet
  facet normal 0 0 1
    outer loop
      vertex 56.0499 27.9876 6.8
      vertex 56.4 26.9 6.8
      vertex 56.175 27.9041 6.8
    endloop
  endfacet
  facet normal 0 0 1
    outer loop
      vertex 54.7715 26.3216 6.8
      vertex 56.4 26.9 6.8
      vertex 56.0499 27.9876 6.8
    endloop
  endfacet
  facet normal 0 0 1
    outer loop
      vertex 54.7715 26.3216 6.8
      vertex 56.0499 27.9876 6.8
      vertex 55.9368 28.0868 6.8
    endloop
  endfacet
  facet normal 0 0 1
    outer loop
      vertex 56.4 26.9 6.8
      vertex 55.9088 25.7607 6.8
      vertex 56.3258 25.6778 6.8
    endloop
  endfacet
  facet normal 0 0 1
    outer loop
      vertex 54.4519 26.6019 6.8
      vertex 55.9368 28.0868 6.8
      vertex 55.8376 28.1999 6.8
    endloop
  endfacet
  facet normal 0 0 1
    outer loop
      vertex 54.1716 26.9215 6.8
      vertex 55.8376 28.1999 6.8
      vertex 55.7541 28.325 6.8
    endloop
  endfacet
  facet normal 0 0 1
    outer loop
      vertex 53.9354 27.275 6.8
      vertex 55.7541 28.325 6.8
      vertex 55.6875 28.4599 6.8
    endloop
  endfacet
  facet normal 0 0 1
    outer loop
      vertex 53.7474 27.6563 6.8
      vertex 55.6875 28.4599 6.8
      vertex 55.6392 28.6024 6.8
    endloop
  endfacet
  facet normal 0 0 1
    outer loop
      vertex 53.6107 28.0588 6.8
      vertex 55.6392 28.6024 6.8
      vertex 55.6098 28.7499 6.8
    endloop
  endfacet
  facet normal 0 0 1
    outer loop
      vertex 56.4 26.9 6.8
      vertex 55.5063 25.8974 6.8
      vertex 55.9088 25.7607 6.8
    endloop
  endfacet
  facet normal 0 0 1
    outer loop
      vertex 53.5278 28.4758 6.8
      vertex 55.6098 28.7499 6.8
      vertex 55.6 28.9 6.8
    endloop
  endfacet
  facet normal -0 0 1
    outer loop
      vertex 53.9354 30.525 6.8
      vertex 55.7541 29.475 6.8
      vertex 54.1716 30.8785 6.8
    endloop
  endfacet
  facet normal 0 0 1
    outer loop
      vertex 55.7541 29.475 6.8
      vertex 53.9354 30.525 6.8
      vertex 55.6875 29.3401 6.8
    endloop
  endfacet
  facet normal 0 0 1
    outer loop
      vertex 56.4 26.9 6.8
      vertex 55.125 26.0854 6.8
      vertex 55.5063 25.8974 6.8
    endloop
  endfacet
  facet normal -0 0 1
    outer loop
      vertex 53.7474 30.1437 6.8
      vertex 55.6875 29.3401 6.8
      vertex 53.9354 30.525 6.8
    endloop
  endfacet
  facet normal 0 0 1
    outer loop
      vertex 56.4 26.9 6.8
      vertex 54.7715 26.3216 6.8
      vertex 55.125 26.0854 6.8
    endloop
  endfacet
  facet normal 0 0 1
    outer loop
      vertex 55.6875 29.3401 6.8
      vertex 53.7474 30.1437 6.8
      vertex 55.6392 29.1976 6.8
    endloop
  endfacet
  facet normal 0 0 1
    outer loop
      vertex 55.9368 28.0868 6.8
      vertex 54.4519 26.6019 6.8
      vertex 54.7715 26.3216 6.8
    endloop
  endfacet
  facet normal -0 0 1
    outer loop
      vertex 53.6107 29.7412 6.8
      vertex 55.6392 29.1976 6.8
      vertex 53.7474 30.1437 6.8
    endloop
  endfacet
  facet normal 0 0 1
    outer loop
      vertex 55.8376 28.1999 6.8
      vertex 54.1716 26.9215 6.8
      vertex 54.4519 26.6019 6.8
    endloop
  endfacet
  facet normal 0 0 1
    outer loop
      vertex 55.6392 29.1976 6.8
      vertex 53.6107 29.7412 6.8
      vertex 55.6098 29.0501 6.8
    endloop
  endfacet
  facet normal 0 0 1
    outer loop
      vertex 55.7541 28.325 6.8
      vertex 53.9354 27.275 6.8
      vertex 54.1716 26.9215 6.8
    endloop
  endfacet
  facet normal -0 0 1
    outer loop
      vertex 53.5278 29.3242 6.8
      vertex 55.6098 29.0501 6.8
      vertex 53.6107 29.7412 6.8
    endloop
  endfacet
  facet normal 0 0 1
    outer loop
      vertex 55.6875 28.4599 6.8
      vertex 53.7474 27.6563 6.8
      vertex 53.9354 27.275 6.8
    endloop
  endfacet
  facet normal 0 0 1
    outer loop
      vertex 55.6098 29.0501 6.8
      vertex 53.5278 29.3242 6.8
      vertex 55.6 28.9 6.8
    endloop
  endfacet
  facet normal 0 0 1
    outer loop
      vertex 55.6392 28.6024 6.8
      vertex 53.6107 28.0588 6.8
      vertex 53.7474 27.6563 6.8
    endloop
  endfacet
  facet normal 0 0 1
    outer loop
      vertex 53.5 28.9 6.8
      vertex 55.6 28.9 6.8
      vertex 53.5278 29.3242 6.8
    endloop
  endfacet
  facet normal 0 0 1
    outer loop
      vertex 55.6098 28.7499 6.8
      vertex 53.5278 28.4758 6.8
      vertex 53.6107 28.0588 6.8
    endloop
  endfacet
  facet normal 0 0 1
    outer loop
      vertex 55.6 28.9 6.8
      vertex 53.5 28.9 6.8
      vertex 53.5278 28.4758 6.8
    endloop
  endfacet
  facet normal 0 0 1
    outer loop
      vertex 56.75 32.15 6.8
      vertex 57.1 30.9 6.8
      vertex 57.1742 32.1222 6.8
    endloop
  endfacet
  facet normal 0 0 1
    outer loop
      vertex 56.75 32.15 6.8
      vertex 56.4 30.9 6.8
      vertex 57.1 30.9 6.8
    endloop
  endfacet
  facet normal -0 0 1
    outer loop
      vertex 56.3258 32.1222 6.8
      vertex 56.4 30.9 6.8
      vertex 56.75 32.15 6.8
    endloop
  endfacet
  facet normal -0 0 1
    outer loop
      vertex 55.9088 32.0393 6.8
      vertex 56.4 30.9 6.8
      vertex 56.3258 32.1222 6.8
    endloop
  endfacet
  facet normal -0 0 1
    outer loop
      vertex 55.5063 31.9026 6.8
      vertex 56.4 30.9 6.8
      vertex 55.9088 32.0393 6.8
    endloop
  endfacet
  facet normal -0 0 1
    outer loop
      vertex 55.125 31.7146 6.8
      vertex 56.4 30.9 6.8
      vertex 55.5063 31.9026 6.8
    endloop
  endfacet
  facet normal 0 0 1
    outer loop
      vertex 56.4 30.9 6.8
      vertex 56.3099 29.9625 6.8
      vertex 56.4 29.993 6.8
    endloop
  endfacet
  facet normal 0 0 1
    outer loop
      vertex 56.4 30.9 6.8
      vertex 56.175 29.8959 6.8
      vertex 56.3099 29.9625 6.8
    endloop
  endfacet
  facet normal 0 0 1
    outer loop
      vertex 56.4 30.9 6.8
      vertex 56.0499 29.8124 6.8
      vertex 56.175 29.8959 6.8
    endloop
  endfacet
  facet normal -0 0 1
    outer loop
      vertex 54.7715 31.4784 6.8
      vertex 56.4 30.9 6.8
      vertex 55.125 31.7146 6.8
    endloop
  endfacet
  facet normal 0 0 1
    outer loop
      vertex 56.4 30.9 6.8
      vertex 54.7715 31.4784 6.8
      vertex 56.0499 29.8124 6.8
    endloop
  endfacet
  facet normal 0 0 1
    outer loop
      vertex 56.0499 29.8124 6.8
      vertex 54.7715 31.4784 6.8
      vertex 55.9368 29.7132 6.8
    endloop
  endfacet
  facet normal -0 0 1
    outer loop
      vertex 54.4519 31.1981 6.8
      vertex 55.9368 29.7132 6.8
      vertex 54.7715 31.4784 6.8
    endloop
  endfacet
  facet normal 0 0 1
    outer loop
      vertex 55.9368 29.7132 6.8
      vertex 54.4519 31.1981 6.8
      vertex 55.8376 29.6001 6.8
    endloop
  endfacet
  facet normal 0 0 1
    outer loop
      vertex 55.8376 29.6001 6.8
      vertex 54.1716 30.8785 6.8
      vertex 55.7541 29.475 6.8
    endloop
  endfacet
  facet normal -0 0 1
    outer loop
      vertex 54.1716 30.8785 6.8
      vertex 55.8376 29.6001 6.8
      vertex 54.4519 31.1981 6.8
    endloop
  endfacet
  facet normal 0 0 1
    outer loop
      vertex 57.9 28.9 6.8
      vertex 60 28.9 6.8
      vertex 59.9722 29.3242 6.8
    endloop
  endfacet
  facet normal 0 0 1
    outer loop
      vertex 57.8902 29.0501 6.8
      vertex 59.9722 29.3242 6.8
      vertex 59.8893 29.7412 6.8
    endloop
  endfacet
  facet normal 0 0 1
    outer loop
      vertex 60 28.9 6.8
      vertex 57.9 28.9 6.8
      vertex 59.9722 28.4758 6.8
    endloop
  endfacet
  facet normal 0 0 1
    outer loop
      vertex 57.8608 29.1976 6.8
      vertex 59.8893 29.7412 6.8
      vertex 59.7526 30.1437 6.8
    endloop
  endfacet
  facet normal -0 0 1
    outer loop
      vertex 57.8902 28.7499 6.8
      vertex 59.9722 28.4758 6.8
      vertex 57.9 28.9 6.8
    endloop
  endfacet
  facet normal 0 0 1
    outer loop
      vertex 57.8125 29.3401 6.8
      vertex 59.7526 30.1437 6.8
      vertex 59.5646 30.525 6.8
    endloop
  endfacet
  facet normal 0 0 1
    outer loop
      vertex 59.9722 28.4758 6.8
      vertex 57.8902 28.7499 6.8
      vertex 59.8893 28.0588 6.8
    endloop
  endfacet
  facet normal 0 0 1
    outer loop
      vertex 57.7459 29.475 6.8
      vertex 59.5646 30.525 6.8
      vertex 59.3284 30.8785 6.8
    endloop
  endfacet
  facet normal -0 0 1
    outer loop
      vertex 57.8608 28.6024 6.8
      vertex 59.8893 28.0588 6.8
      vertex 57.8902 28.7499 6.8
    endloop
  endfacet
  facet normal 0 0 1
    outer loop
      vertex 57.6624 29.6001 6.8
      vertex 59.3284 30.8785 6.8
      vertex 59.0481 31.1981 6.8
    endloop
  endfacet
  facet normal 0 0 1
    outer loop
      vertex 59.8893 28.0588 6.8
      vertex 57.8608 28.6024 6.8
      vertex 59.7526 27.6563 6.8
    endloop
  endfacet
  facet normal 0 0 1
    outer loop
      vertex 57.5632 29.7132 6.8
      vertex 59.0481 31.1981 6.8
      vertex 58.7285 31.4784 6.8
    endloop
  endfacet
  facet normal -0 0 1
    outer loop
      vertex 57.8125 28.4599 6.8
      vertex 59.7526 27.6563 6.8
      vertex 57.8608 28.6024 6.8
    endloop
  endfacet
  facet normal 0 0 1
    outer loop
      vertex 57.1 30.9 6.8
      vertex 58.7285 31.4784 6.8
      vertex 58.375 31.7146 6.8
    endloop
  endfacet
  facet normal 0 0 1
    outer loop
      vertex 59.7526 27.6563 6.8
      vertex 57.8125 28.4599 6.8
      vertex 59.5646 27.275 6.8
    endloop
  endfacet
  facet normal 0 0 1
    outer loop
      vertex 57.1 30.9 6.8
      vertex 58.375 31.7146 6.8
      vertex 57.9937 31.9026 6.8
    endloop
  endfacet
  facet normal -0 0 1
    outer loop
      vertex 57.7459 28.325 6.8
      vertex 59.5646 27.275 6.8
      vertex 57.8125 28.4599 6.8
    endloop
  endfacet
  facet normal 0 0 1
    outer loop
      vertex 59.5646 27.275 6.8
      vertex 57.7459 28.325 6.8
      vertex 59.3284 26.9215 6.8
    endloop
  endfacet
  facet normal 0 0 1
    outer loop
      vertex 59.9722 29.3242 6.8
      vertex 57.8902 29.0501 6.8
      vertex 57.9 28.9 6.8
    endloop
  endfacet
  facet normal 0 0 1
    outer loop
      vertex 59.8893 29.7412 6.8
      vertex 57.8608 29.1976 6.8
      vertex 57.8902 29.0501 6.8
    endloop
  endfacet
  facet normal 0 0 1
    outer loop
      vertex 59.7526 30.1437 6.8
      vertex 57.8125 29.3401 6.8
      vertex 57.8608 29.1976 6.8
    endloop
  endfacet
  facet normal 0 0 1
    outer loop
      vertex 59.5646 30.525 6.8
      vertex 57.7459 29.475 6.8
      vertex 57.8125 29.3401 6.8
    endloop
  endfacet
  facet normal 0 0 1
    outer loop
      vertex 59.3284 30.8785 6.8
      vertex 57.6624 29.6001 6.8
      vertex 57.7459 29.475 6.8
    endloop
  endfacet
  facet normal 0 0 1
    outer loop
      vertex 57.1 30.9 6.8
      vertex 57.9937 31.9026 6.8
      vertex 57.5912 32.0393 6.8
    endloop
  endfacet
  facet normal 0 0 1
    outer loop
      vertex 59.0481 31.1981 6.8
      vertex 57.5632 29.7132 6.8
      vertex 57.6624 29.6001 6.8
    endloop
  endfacet
  facet normal 0 0 1
    outer loop
      vertex 58.7285 31.4784 6.8
      vertex 57.1 30.9 6.8
      vertex 57.4501 29.8124 6.8
    endloop
  endfacet
  facet normal 0 0 1
    outer loop
      vertex 58.7285 31.4784 6.8
      vertex 57.4501 29.8124 6.8
      vertex 57.5632 29.7132 6.8
    endloop
  endfacet
  facet normal 0 0 1
    outer loop
      vertex 57.4501 29.8124 6.8
      vertex 57.1 30.9 6.8
      vertex 57.325 29.8959 6.8
    endloop
  endfacet
  facet normal 0 0 1
    outer loop
      vertex 57.1 30.9 6.8
      vertex 57.5912 32.0393 6.8
      vertex 57.1742 32.1222 6.8
    endloop
  endfacet
  facet normal 0 0 1
    outer loop
      vertex 57.325 29.8959 6.8
      vertex 57.1 30.9 6.8
      vertex 57.1901 29.9625 6.8
    endloop
  endfacet
  facet normal 0 0 1
    outer loop
      vertex 57.1901 29.9625 6.8
      vertex 57.1 30.9 6.8
      vertex 57.1 29.993 6.8
    endloop
  endfacet
  facet normal -0 0 1
    outer loop
      vertex 57.6624 28.1999 6.8
      vertex 59.3284 26.9215 6.8
      vertex 57.7459 28.325 6.8
    endloop
  endfacet
  facet normal 0 0 1
    outer loop
      vertex 59.3284 26.9215 6.8
      vertex 57.6624 28.1999 6.8
      vertex 59.0481 26.6019 6.8
    endloop
  endfacet
  facet normal -0 0 1
    outer loop
      vertex 57.5632 28.0868 6.8
      vertex 59.0481 26.6019 6.8
      vertex 57.6624 28.1999 6.8
    endloop
  endfacet
  facet normal 0 0 1
    outer loop
      vertex 59.0481 26.6019 6.8
      vertex 57.5632 28.0868 6.8
      vertex 58.7285 26.3216 6.8
    endloop
  endfacet
  facet normal -0 0 1
    outer loop
      vertex 57.4501 27.9876 6.8
      vertex 58.7285 26.3216 6.8
      vertex 57.5632 28.0868 6.8
    endloop
  endfacet
  facet normal -0 0 1
    outer loop
      vertex 57.1 26.9 6.8
      vertex 58.7285 26.3216 6.8
      vertex 57.4501 27.9876 6.8
    endloop
  endfacet
  facet normal 0 0 1
    outer loop
      vertex 58.375 26.0854 6.8
      vertex 57.1 26.9 6.8
      vertex 57.9937 25.8974 6.8
    endloop
  endfacet
  facet normal 0 0 1
    outer loop
      vertex 58.7285 26.3216 6.8
      vertex 57.1 26.9 6.8
      vertex 58.375 26.0854 6.8
    endloop
  endfacet
  facet normal 0 0 1
    outer loop
      vertex 57.1 26.9 6.8
      vertex 57.4501 27.9876 6.8
      vertex 57.325 27.9041 6.8
    endloop
  endfacet
  facet normal 0 0 1
    outer loop
      vertex 57.1 26.9 6.8
      vertex 57.325 27.9041 6.8
      vertex 57.1901 27.8375 6.8
    endloop
  endfacet
  facet normal 0 0 1
    outer loop
      vertex 57.9937 25.8974 6.8
      vertex 57.1 26.9 6.8
      vertex 57.5912 25.7607 6.8
    endloop
  endfacet
  facet normal 0 0 1
    outer loop
      vertex 57.1 26.9 6.8
      vertex 57.1901 27.8375 6.8
      vertex 57.1 27.807 6.8
    endloop
  endfacet
  facet normal 0 0 1
    outer loop
      vertex 57.5912 25.7607 6.8
      vertex 57.1 26.9 6.8
      vertex 57.1742 25.6778 6.8
    endloop
  endfacet
  facet normal 0 0 1
    outer loop
      vertex 57.1 26.9 6.8
      vertex 56.75 25.65 6.8
      vertex 57.1742 25.6778 6.8
    endloop
  endfacet
  facet normal -0 0 1
    outer loop
      vertex 56.4 26.9 6.8
      vertex 56.75 25.65 6.8
      vertex 57.1 26.9 6.8
    endloop
  endfacet
  facet normal 0 0 1
    outer loop
      vertex 56.75 25.65 6.8
      vertex 56.4 26.9 6.8
      vertex 56.3258 25.6778 6.8
    endloop
  endfacet
  facet normal -0.94688 0.321586 0
    outer loop
      vertex 53.6107 29.7412 3.4
      vertex 53.7474 30.1437 6.8
      vertex 53.7474 30.1437 3.4
    endloop
  endfacet
  facet normal -0.94688 0.321586 0
    outer loop
      vertex 53.7474 30.1437 6.8
      vertex 53.6107 29.7412 3.4
      vertex 53.6107 29.7412 6.8
    endloop
  endfacet
  facet normal -0.980806 0.194985 0
    outer loop
      vertex 53.5278 29.3242 3.4
      vertex 53.6107 29.7412 6.8
      vertex 53.6107 29.7412 3.4
    endloop
  endfacet
  facet normal -0.980806 0.194985 0
    outer loop
      vertex 53.6107 29.7412 6.8
      vertex 53.5278 29.3242 3.4
      vertex 53.5278 29.3242 6.8
    endloop
  endfacet
  facet normal -0.831471 0.555568 0
    outer loop
      vertex 53.9354 30.525 3.4
      vertex 54.1716 30.8785 6.8
      vertex 54.1716 30.8785 3.4
    endloop
  endfacet
  facet normal -0.831471 0.555568 0
    outer loop
      vertex 54.1716 30.8785 6.8
      vertex 53.9354 30.525 3.4
      vertex 53.9354 30.525 6.8
    endloop
  endfacet
  facet normal -0.194985 0.980806 0
    outer loop
      vertex 56.3258 32.1222 3.4
      vertex 55.9088 32.0393 6.8
      vertex 56.3258 32.1222 6.8
    endloop
  endfacet
  facet normal -0.194985 0.980806 0
    outer loop
      vertex 55.9088 32.0393 6.8
      vertex 56.3258 32.1222 3.4
      vertex 55.9088 32.0393 3.4
    endloop
  endfacet
  facet normal -0.555568 0.831471 0
    outer loop
      vertex 55.125 31.7146 3.4
      vertex 54.7715 31.4784 6.8
      vertex 55.125 31.7146 6.8
    endloop
  endfacet
  facet normal -0.555568 0.831471 0
    outer loop
      vertex 54.7715 31.4784 6.8
      vertex 55.125 31.7146 3.4
      vertex 54.7715 31.4784 3.4
    endloop
  endfacet
  facet normal -0.44222 0.896907 0
    outer loop
      vertex 55.5063 31.9026 3.4
      vertex 55.125 31.7146 6.8
      vertex 55.5063 31.9026 6.8
    endloop
  endfacet
  facet normal -0.44222 0.896907 0
    outer loop
      vertex 55.125 31.7146 6.8
      vertex 55.5063 31.9026 3.4
      vertex 55.125 31.7146 3.4
    endloop
  endfacet
  facet normal 0.997859 -0.0653948 0
    outer loop
      vertex 59.9722 28.4758 6.8
      vertex 60 28.9 3.4
      vertex 60 28.9 6.8
    endloop
  endfacet
  facet normal 0.997859 -0.0653948 0
    outer loop
      vertex 60 28.9 3.4
      vertex 59.9722 28.4758 6.8
      vertex 59.9722 28.4758 3.4
    endloop
  endfacet
  facet normal 0.194985 -0.980806 0
    outer loop
      vertex 57.1742 25.6778 3.4
      vertex 57.5912 25.7607 6.8
      vertex 57.1742 25.6778 6.8
    endloop
  endfacet
  facet normal 0.194985 -0.980806 0
    outer loop
      vertex 57.5912 25.7607 6.8
      vertex 57.1742 25.6778 3.4
      vertex 57.5912 25.7607 3.4
    endloop
  endfacet
  facet normal 0.65937 -0.751818 0
    outer loop
      vertex 58.7285 26.3216 3.4
      vertex 59.0481 26.6019 6.8
      vertex 58.7285 26.3216 6.8
    endloop
  endfacet
  facet normal 0.65937 -0.751818 0
    outer loop
      vertex 59.0481 26.6019 6.8
      vertex 58.7285 26.3216 3.4
      vertex 59.0481 26.6019 3.4
    endloop
  endfacet
  facet normal 0.44222 -0.896907 0
    outer loop
      vertex 57.9937 25.8974 3.4
      vertex 58.375 26.0854 6.8
      vertex 57.9937 25.8974 6.8
    endloop
  endfacet
  facet normal 0.44222 -0.896907 0
    outer loop
      vertex 58.375 26.0854 6.8
      vertex 57.9937 25.8974 3.4
      vertex 58.375 26.0854 3.4
    endloop
  endfacet
  facet normal -0.321586 -0.94688 0
    outer loop
      vertex 55.5063 25.8974 3.4
      vertex 55.9088 25.7607 6.8
      vertex 55.5063 25.8974 6.8
    endloop
  endfacet
  facet normal -0.321586 -0.94688 -0
    outer loop
      vertex 55.9088 25.7607 6.8
      vertex 55.5063 25.8974 3.4
      vertex 55.9088 25.7607 3.4
    endloop
  endfacet
  facet normal -0.555568 -0.831471 0
    outer loop
      vertex 54.7715 26.3216 3.4
      vertex 55.125 26.0854 6.8
      vertex 54.7715 26.3216 6.8
    endloop
  endfacet
  facet normal -0.555568 -0.831471 -0
    outer loop
      vertex 55.125 26.0854 6.8
      vertex 54.7715 26.3216 3.4
      vertex 55.125 26.0854 3.4
    endloop
  endfacet
  facet normal -0.980806 -0.194985 0
    outer loop
      vertex 53.6107 28.0588 3.4
      vertex 53.5278 28.4758 6.8
      vertex 53.5278 28.4758 3.4
    endloop
  endfacet
  facet normal -0.980806 -0.194985 0
    outer loop
      vertex 53.5278 28.4758 6.8
      vertex 53.6107 28.0588 3.4
      vertex 53.6107 28.0588 6.8
    endloop
  endfacet
  facet normal -0.896907 -0.44222 0
    outer loop
      vertex 53.9354 27.275 3.4
      vertex 53.7474 27.6563 6.8
      vertex 53.7474 27.6563 3.4
    endloop
  endfacet
  facet normal -0.896907 -0.44222 0
    outer loop
      vertex 53.7474 27.6563 6.8
      vertex 53.9354 27.275 3.4
      vertex 53.9354 27.275 6.8
    endloop
  endfacet
  facet normal 0.980806 -0.194985 0
    outer loop
      vertex 59.8893 28.0588 6.8
      vertex 59.9722 28.4758 3.4
      vertex 59.9722 28.4758 6.8
    endloop
  endfacet
  facet normal 0.980806 -0.194985 0
    outer loop
      vertex 59.9722 28.4758 3.4
      vertex 59.8893 28.0588 6.8
      vertex 59.8893 28.0588 3.4
    endloop
  endfacet
  facet normal 0.896907 -0.44222 0
    outer loop
      vertex 59.5646 27.275 6.8
      vertex 59.7526 27.6563 3.4
      vertex 59.7526 27.6563 6.8
    endloop
  endfacet
  facet normal 0.896907 -0.44222 0
    outer loop
      vertex 59.7526 27.6563 3.4
      vertex 59.5646 27.275 6.8
      vertex 59.5646 27.275 3.4
    endloop
  endfacet
  facet normal 0.321586 -0.94688 0
    outer loop
      vertex 57.5912 25.7607 3.4
      vertex 57.9937 25.8974 6.8
      vertex 57.5912 25.7607 6.8
    endloop
  endfacet
  facet normal 0.321586 -0.94688 0
    outer loop
      vertex 57.9937 25.8974 6.8
      vertex 57.5912 25.7607 3.4
      vertex 57.9937 25.8974 3.4
    endloop
  endfacet
  facet normal 0.751818 -0.65937 0
    outer loop
      vertex 59.0481 26.6019 6.8
      vertex 59.3284 26.9215 3.4
      vertex 59.3284 26.9215 6.8
    endloop
  endfacet
  facet normal 0.751818 -0.65937 0
    outer loop
      vertex 59.3284 26.9215 3.4
      vertex 59.0481 26.6019 6.8
      vertex 59.0481 26.6019 3.4
    endloop
  endfacet
  facet normal 0.555568 -0.831471 0
    outer loop
      vertex 58.375 26.0854 3.4
      vertex 58.7285 26.3216 6.8
      vertex 58.375 26.0854 6.8
    endloop
  endfacet
  facet normal 0.555568 -0.831471 0
    outer loop
      vertex 58.7285 26.3216 6.8
      vertex 58.375 26.0854 3.4
      vertex 58.7285 26.3216 3.4
    endloop
  endfacet
  facet normal -0.194985 -0.980806 0
    outer loop
      vertex 55.9088 25.7607 3.4
      vertex 56.3258 25.6778 6.8
      vertex 55.9088 25.7607 6.8
    endloop
  endfacet
  facet normal -0.194985 -0.980806 -0
    outer loop
      vertex 56.3258 25.6778 6.8
      vertex 55.9088 25.7607 3.4
      vertex 56.3258 25.6778 3.4
    endloop
  endfacet
  facet normal -0.44222 -0.896907 0
    outer loop
      vertex 55.125 26.0854 3.4
      vertex 55.5063 25.8974 6.8
      vertex 55.125 26.0854 6.8
    endloop
  endfacet
  facet normal -0.44222 -0.896907 -0
    outer loop
      vertex 55.5063 25.8974 6.8
      vertex 55.125 26.0854 3.4
      vertex 55.5063 25.8974 3.4
    endloop
  endfacet
  facet normal -0.94688 -0.321586 0
    outer loop
      vertex 53.7474 27.6563 3.4
      vertex 53.6107 28.0588 6.8
      vertex 53.6107 28.0588 3.4
    endloop
  endfacet
  facet normal -0.94688 -0.321586 0
    outer loop
      vertex 53.6107 28.0588 6.8
      vertex 53.7474 27.6563 3.4
      vertex 53.7474 27.6563 6.8
    endloop
  endfacet
  facet normal -0.831471 -0.555568 0
    outer loop
      vertex 54.1716 26.9215 3.4
      vertex 53.9354 27.275 6.8
      vertex 53.9354 27.275 3.4
    endloop
  endfacet
  facet normal -0.831471 -0.555568 0
    outer loop
      vertex 53.9354 27.275 6.8
      vertex 54.1716 26.9215 3.4
      vertex 54.1716 26.9215 6.8
    endloop
  endfacet
  facet normal 0.831743 0.55516 0
    outer loop
      vertex 57.7459 29.475 8.4
      vertex 57.6624 29.6001 6.8
      vertex 57.6624 29.6001 8.4
    endloop
  endfacet
  facet normal 0.831743 0.55516 0
    outer loop
      vertex 57.6624 29.6001 6.8
      vertex 57.7459 29.475 8.4
      vertex 57.7459 29.475 6.8
    endloop
  endfacet
  facet normal 0.32064 0.947201 -0
    outer loop
      vertex 57.1901 29.9625 6.8
      vertex 57.1 29.993 8.4
      vertex 57.1901 29.9625 8.4
    endloop
  endfacet
  facet normal 0.32064 0.947201 0
    outer loop
      vertex 57.1 29.993 8.4
      vertex 57.1901 29.9625 6.8
      vertex 57.1 29.993 6.8
    endloop
  endfacet
  facet normal -0.442688 0.896676 0
    outer loop
      vertex 56.3099 29.9625 6.8
      vertex 56.175 29.8959 8.4
      vertex 56.3099 29.9625 8.4
    endloop
  endfacet
  facet normal -0.442688 0.896676 0
    outer loop
      vertex 56.175 29.8959 8.4
      vertex 56.3099 29.9625 6.8
      vertex 56.175 29.8959 6.8
    endloop
  endfacet
  facet normal -0.896676 0.442688 0
    outer loop
      vertex 55.6875 29.3401 6.8
      vertex 55.7541 29.475 8.4
      vertex 55.7541 29.475 6.8
    endloop
  endfacet
  facet normal -0.896676 0.442688 0
    outer loop
      vertex 55.7541 29.475 8.4
      vertex 55.6875 29.3401 6.8
      vertex 55.6875 29.3401 8.4
    endloop
  endfacet
  facet normal 0.980708 0.195477 0
    outer loop
      vertex 57.8902 29.0501 8.4
      vertex 57.8608 29.1976 6.8
      vertex 57.8608 29.1976 8.4
    endloop
  endfacet
  facet normal 0.980708 0.195477 0
    outer loop
      vertex 57.8608 29.1976 6.8
      vertex 57.8902 29.0501 8.4
      vertex 57.8902 29.0501 6.8
    endloop
  endfacet
  facet normal 0.659398 0.751794 -0
    outer loop
      vertex 57.5632 29.7132 6.8
      vertex 57.4501 29.8124 8.4
      vertex 57.5632 29.7132 8.4
    endloop
  endfacet
  facet normal 0.659398 0.751794 0
    outer loop
      vertex 57.4501 29.8124 8.4
      vertex 57.5632 29.7132 6.8
      vertex 57.4501 29.8124 6.8
    endloop
  endfacet
  facet normal 0.55516 0.831743 -0
    outer loop
      vertex 57.4501 29.8124 6.8
      vertex 57.325 29.8959 8.4
      vertex 57.4501 29.8124 8.4
    endloop
  endfacet
  facet normal 0.55516 0.831743 0
    outer loop
      vertex 57.325 29.8959 8.4
      vertex 57.4501 29.8124 6.8
      vertex 57.325 29.8959 6.8
    endloop
  endfacet
  facet normal -0.997875 0.0651511 0
    outer loop
      vertex 55.6 28.9 6.8
      vertex 55.6098 29.0501 8.4
      vertex 55.6098 29.0501 6.8
    endloop
  endfacet
  facet normal -0.997875 0.0651511 0
    outer loop
      vertex 55.6098 29.0501 8.4
      vertex 55.6 28.9 6.8
      vertex 55.6 28.9 8.4
    endloop
  endfacet
  facet normal -0.751794 0.659398 0
    outer loop
      vertex 55.8376 29.6001 6.8
      vertex 55.9368 29.7132 8.4
      vertex 55.9368 29.7132 6.8
    endloop
  endfacet
  facet normal -0.751794 0.659398 0
    outer loop
      vertex 55.9368 29.7132 8.4
      vertex 55.8376 29.6001 6.8
      vertex 55.8376 29.6001 8.4
    endloop
  endfacet
  facet normal -0.55516 0.831743 0
    outer loop
      vertex 56.175 29.8959 6.8
      vertex 56.0499 29.8124 8.4
      vertex 56.175 29.8959 8.4
    endloop
  endfacet
  facet normal -0.55516 0.831743 0
    outer loop
      vertex 56.0499 29.8124 8.4
      vertex 56.175 29.8959 6.8
      vertex 56.0499 29.8124 6.8
    endloop
  endfacet
  facet normal -0.659398 0.751794 0
    outer loop
      vertex 56.0499 29.8124 6.8
      vertex 55.9368 29.7132 8.4
      vertex 56.0499 29.8124 8.4
    endloop
  endfacet
  facet normal -0.659398 0.751794 0
    outer loop
      vertex 55.9368 29.7132 8.4
      vertex 56.0499 29.8124 6.8
      vertex 55.9368 29.7132 6.8
    endloop
  endfacet
  facet normal 0.55516 -0.831743 0
    outer loop
      vertex 57.325 27.9041 6.8
      vertex 57.4501 27.9876 8.4
      vertex 57.325 27.9041 8.4
    endloop
  endfacet
  facet normal 0.55516 -0.831743 0
    outer loop
      vertex 57.4501 27.9876 8.4
      vertex 57.325 27.9041 6.8
      vertex 57.4501 27.9876 6.8
    endloop
  endfacet
  facet normal -0.659398 -0.751794 0
    outer loop
      vertex 55.9368 28.0868 6.8
      vertex 56.0499 27.9876 8.4
      vertex 55.9368 28.0868 8.4
    endloop
  endfacet
  facet normal -0.659398 -0.751794 -0
    outer loop
      vertex 56.0499 27.9876 8.4
      vertex 55.9368 28.0868 6.8
      vertex 56.0499 27.9876 6.8
    endloop
  endfacet
  facet normal -0.896676 -0.442688 0
    outer loop
      vertex 55.7541 28.325 6.8
      vertex 55.6875 28.4599 8.4
      vertex 55.6875 28.4599 6.8
    endloop
  endfacet
  facet normal -0.896676 -0.442688 0
    outer loop
      vertex 55.6875 28.4599 8.4
      vertex 55.7541 28.325 6.8
      vertex 55.7541 28.325 8.4
    endloop
  endfacet
  facet normal 0.751794 0.659398 0
    outer loop
      vertex 57.6624 29.6001 8.4
      vertex 57.5632 29.7132 6.8
      vertex 57.5632 29.7132 8.4
    endloop
  endfacet
  facet normal 0.751794 0.659398 0
    outer loop
      vertex 57.5632 29.7132 6.8
      vertex 57.6624 29.6001 8.4
      vertex 57.6624 29.6001 6.8
    endloop
  endfacet
  facet normal 0.442688 0.896676 -0
    outer loop
      vertex 57.325 29.8959 6.8
      vertex 57.1901 29.9625 8.4
      vertex 57.325 29.8959 8.4
    endloop
  endfacet
  facet normal 0.442688 0.896676 0
    outer loop
      vertex 57.1901 29.9625 8.4
      vertex 57.325 29.8959 6.8
      vertex 57.1901 29.9625 6.8
    endloop
  endfacet
  facet normal -0.947076 0.321009 0
    outer loop
      vertex 55.6392 29.1976 6.8
      vertex 55.6875 29.3401 8.4
      vertex 55.6875 29.3401 6.8
    endloop
  endfacet
  facet normal -0.947076 0.321009 0
    outer loop
      vertex 55.6875 29.3401 8.4
      vertex 55.6392 29.1976 6.8
      vertex 55.6392 29.1976 8.4
    endloop
  endfacet
  facet normal -0.980708 0.195477 0
    outer loop
      vertex 55.6098 29.0501 6.8
      vertex 55.6392 29.1976 8.4
      vertex 55.6392 29.1976 6.8
    endloop
  endfacet
  facet normal -0.980708 0.195477 0
    outer loop
      vertex 55.6392 29.1976 8.4
      vertex 55.6098 29.0501 6.8
      vertex 55.6098 29.0501 8.4
    endloop
  endfacet
  facet normal -0.831743 0.55516 0
    outer loop
      vertex 55.7541 29.475 6.8
      vertex 55.8376 29.6001 8.4
      vertex 55.8376 29.6001 6.8
    endloop
  endfacet
  facet normal -0.831743 0.55516 0
    outer loop
      vertex 55.8376 29.6001 8.4
      vertex 55.7541 29.475 6.8
      vertex 55.7541 29.475 8.4
    endloop
  endfacet
  facet normal -0.32064 0.947201 0
    outer loop
      vertex 56.4 29.993 6.8
      vertex 56.3099 29.9625 8.4
      vertex 56.4 29.993 8.4
    endloop
  endfacet
  facet normal -0.32064 0.947201 0
    outer loop
      vertex 56.3099 29.9625 8.4
      vertex 56.4 29.993 6.8
      vertex 56.3099 29.9625 6.8
    endloop
  endfacet
  facet normal 0.997875 0.0651511 0
    outer loop
      vertex 57.9 28.9 8.4
      vertex 57.8902 29.0501 6.8
      vertex 57.8902 29.0501 8.4
    endloop
  endfacet
  facet normal 0.997875 0.0651511 0
    outer loop
      vertex 57.8902 29.0501 6.8
      vertex 57.9 28.9 8.4
      vertex 57.9 28.9 6.8
    endloop
  endfacet
  facet normal 0.997875 -0.0651511 0
    outer loop
      vertex 57.8902 28.7499 8.4
      vertex 57.9 28.9 6.8
      vertex 57.9 28.9 8.4
    endloop
  endfacet
  facet normal 0.997875 -0.0651511 0
    outer loop
      vertex 57.9 28.9 6.8
      vertex 57.8902 28.7499 8.4
      vertex 57.8902 28.7499 6.8
    endloop
  endfacet
  facet normal 0.980708 -0.195477 0
    outer loop
      vertex 57.8608 28.6024 8.4
      vertex 57.8902 28.7499 6.8
      vertex 57.8902 28.7499 8.4
    endloop
  endfacet
  facet normal 0.980708 -0.195477 0
    outer loop
      vertex 57.8902 28.7499 6.8
      vertex 57.8608 28.6024 8.4
      vertex 57.8608 28.6024 6.8
    endloop
  endfacet
  facet normal -0.997875 -0.0651511 0
    outer loop
      vertex 55.6098 28.7499 6.8
      vertex 55.6 28.9 8.4
      vertex 55.6 28.9 6.8
    endloop
  endfacet
  facet normal -0.997875 -0.0651511 0
    outer loop
      vertex 55.6 28.9 8.4
      vertex 55.6098 28.7499 6.8
      vertex 55.6098 28.7499 8.4
    endloop
  endfacet
  facet normal -0.831743 -0.55516 0
    outer loop
      vertex 55.8376 28.1999 6.8
      vertex 55.7541 28.325 8.4
      vertex 55.7541 28.325 6.8
    endloop
  endfacet
  facet normal -0.831743 -0.55516 0
    outer loop
      vertex 55.7541 28.325 8.4
      vertex 55.8376 28.1999 6.8
      vertex 55.8376 28.1999 8.4
    endloop
  endfacet
  facet normal 0.442688 -0.896676 0
    outer loop
      vertex 57.1901 27.8375 6.8
      vertex 57.325 27.9041 8.4
      vertex 57.1901 27.8375 8.4
    endloop
  endfacet
  facet normal 0.442688 -0.896676 0
    outer loop
      vertex 57.325 27.9041 8.4
      vertex 57.1901 27.8375 6.8
      vertex 57.325 27.9041 6.8
    endloop
  endfacet
  facet normal 0.896676 0.442688 0
    outer loop
      vertex 57.8125 29.3401 8.4
      vertex 57.7459 29.475 6.8
      vertex 57.7459 29.475 8.4
    endloop
  endfacet
  facet normal 0.896676 0.442688 0
    outer loop
      vertex 57.7459 29.475 6.8
      vertex 57.8125 29.3401 8.4
      vertex 57.8125 29.3401 6.8
    endloop
  endfacet
  facet normal 0.947076 0.321009 0
    outer loop
      vertex 57.8608 29.1976 8.4
      vertex 57.8125 29.3401 6.8
      vertex 57.8125 29.3401 8.4
    endloop
  endfacet
  facet normal 0.947076 0.321009 0
    outer loop
      vertex 57.8125 29.3401 6.8
      vertex 57.8608 29.1976 8.4
      vertex 57.8608 29.1976 6.8
    endloop
  endfacet
  facet normal 0.751794 -0.659398 0
    outer loop
      vertex 57.5632 28.0868 8.4
      vertex 57.6624 28.1999 6.8
      vertex 57.6624 28.1999 8.4
    endloop
  endfacet
  facet normal 0.751794 -0.659398 0
    outer loop
      vertex 57.6624 28.1999 6.8
      vertex 57.5632 28.0868 8.4
      vertex 57.5632 28.0868 6.8
    endloop
  endfacet
  facet normal 0.831743 -0.55516 0
    outer loop
      vertex 57.6624 28.1999 8.4
      vertex 57.7459 28.325 6.8
      vertex 57.7459 28.325 8.4
    endloop
  endfacet
  facet normal 0.831743 -0.55516 0
    outer loop
      vertex 57.7459 28.325 6.8
      vertex 57.6624 28.1999 8.4
      vertex 57.6624 28.1999 6.8
    endloop
  endfacet
  facet normal 0.896676 -0.442688 0
    outer loop
      vertex 57.7459 28.325 8.4
      vertex 57.8125 28.4599 6.8
      vertex 57.8125 28.4599 8.4
    endloop
  endfacet
  facet normal 0.896676 -0.442688 0
    outer loop
      vertex 57.8125 28.4599 6.8
      vertex 57.7459 28.325 8.4
      vertex 57.7459 28.325 6.8
    endloop
  endfacet
  facet normal -0.947076 -0.321009 0
    outer loop
      vertex 55.6875 28.4599 6.8
      vertex 55.6392 28.6024 8.4
      vertex 55.6392 28.6024 6.8
    endloop
  endfacet
  facet normal -0.947076 -0.321009 0
    outer loop
      vertex 55.6392 28.6024 8.4
      vertex 55.6875 28.4599 6.8
      vertex 55.6875 28.4599 8.4
    endloop
  endfacet
  facet normal -0.980708 -0.195477 0
    outer loop
      vertex 55.6392 28.6024 6.8
      vertex 55.6098 28.7499 8.4
      vertex 55.6098 28.7499 6.8
    endloop
  endfacet
  facet normal -0.980708 -0.195477 0
    outer loop
      vertex 55.6098 28.7499 8.4
      vertex 55.6392 28.6024 6.8
      vertex 55.6392 28.6024 8.4
    endloop
  endfacet
  facet normal -0.751794 -0.659398 0
    outer loop
      vertex 55.9368 28.0868 6.8
      vertex 55.8376 28.1999 8.4
      vertex 55.8376 28.1999 6.8
    endloop
  endfacet
  facet normal -0.751794 -0.659398 0
    outer loop
      vertex 55.8376 28.1999 8.4
      vertex 55.9368 28.0868 6.8
      vertex 55.9368 28.0868 8.4
    endloop
  endfacet
  facet normal 0.32064 -0.947201 0
    outer loop
      vertex 57.1 27.807 6.8
      vertex 57.1901 27.8375 8.4
      vertex 57.1 27.807 8.4
    endloop
  endfacet
  facet normal 0.32064 -0.947201 0
    outer loop
      vertex 57.1901 27.8375 8.4
      vertex 57.1 27.807 6.8
      vertex 57.1901 27.8375 6.8
    endloop
  endfacet
  facet normal 0.659398 -0.751794 0
    outer loop
      vertex 57.4501 27.9876 6.8
      vertex 57.5632 28.0868 8.4
      vertex 57.4501 27.9876 8.4
    endloop
  endfacet
  facet normal 0.659398 -0.751794 0
    outer loop
      vertex 57.5632 28.0868 8.4
      vertex 57.4501 27.9876 6.8
      vertex 57.5632 28.0868 6.8
    endloop
  endfacet
  facet normal 0.947076 -0.321009 0
    outer loop
      vertex 57.8125 28.4599 8.4
      vertex 57.8608 28.6024 6.8
      vertex 57.8608 28.6024 8.4
    endloop
  endfacet
  facet normal 0.947076 -0.321009 0
    outer loop
      vertex 57.8608 28.6024 6.8
      vertex 57.8125 28.4599 8.4
      vertex 57.8125 28.4599 6.8
    endloop
  endfacet
  facet normal -0.442688 -0.896676 0
    outer loop
      vertex 56.175 27.9041 6.8
      vertex 56.3099 27.8375 8.4
      vertex 56.175 27.9041 8.4
    endloop
  endfacet
  facet normal -0.442688 -0.896676 -0
    outer loop
      vertex 56.3099 27.8375 8.4
      vertex 56.175 27.9041 6.8
      vertex 56.3099 27.8375 6.8
    endloop
  endfacet
  facet normal -0.32064 -0.947201 0
    outer loop
      vertex 56.3099 27.8375 6.8
      vertex 56.4 27.807 8.4
      vertex 56.3099 27.8375 8.4
    endloop
  endfacet
  facet normal -0.32064 -0.947201 -0
    outer loop
      vertex 56.4 27.807 8.4
      vertex 56.3099 27.8375 6.8
      vertex 56.4 27.807 6.8
    endloop
  endfacet
  facet normal -0.55516 -0.831743 0
    outer loop
      vertex 56.0499 27.9876 6.8
      vertex 56.175 27.9041 8.4
      vertex 56.0499 27.9876 8.4
    endloop
  endfacet
  facet normal -0.55516 -0.831743 -0
    outer loop
      vertex 56.175 27.9041 8.4
      vertex 56.0499 27.9876 6.8
      vertex 56.175 27.9041 6.8
    endloop
  endfacet
  facet normal 0.955959 0.0624144 0.286788
    outer loop
      vertex 58.275 28.9 8.4
      vertex 57.8902 29.0501 9.65
      vertex 57.9 28.9 9.65
    endloop
  endfacet
  facet normal 0.955959 0.0624182 0.286787
    outer loop
      vertex 58.262 29.0991 8.4
      vertex 57.8902 29.0501 9.65
      vertex 58.275 28.9 8.4
    endloop
  endfacet
  facet normal -0.955959 -0.0624144 0.286788
    outer loop
      vertex 55.6 28.9 9.65
      vertex 55.225 28.9 8.4
      vertex 55.6098 28.7499 9.65
    endloop
  endfacet
  facet normal 0.939515 0.187266 0.286781
    outer loop
      vertex 58.223 29.2947 8.4
      vertex 57.8608 29.1976 9.65
      vertex 57.8902 29.0501 9.65
    endloop
  endfacet
  facet normal 0.859002 0.424089 0.286816
    outer loop
      vertex 58.0707 29.6625 8.4
      vertex 57.7459 29.475 9.65
      vertex 57.8125 29.3401 9.65
    endloop
  endfacet
  facet normal -0.424089 0.859002 0.286816
    outer loop
      vertex 56.3099 29.9625 9.65
      vertex 55.9875 30.2207 8.4
      vertex 56.175 29.8959 9.65
    endloop
  endfacet
  facet normal -0.939515 -0.187266 0.286781
    outer loop
      vertex 55.6098 28.7499 9.65
      vertex 55.277 28.5053 8.4
      vertex 55.6392 28.6024 9.65
    endloop
  endfacet
  facet normal -0.859255 -0.423624 0.286749
    outer loop
      vertex 55.6875 28.4599 9.65
      vertex 55.3411 28.3164 8.4
      vertex 55.4293 28.1375 8.4
    endloop
  endfacet
  facet normal 0.632045 -0.719935 0.286728
    outer loop
      vertex 57.8283 27.8217 8.4
      vertex 57.5632 28.0868 9.65
      vertex 57.6784 27.6901 8.4
    endloop
  endfacet
  facet normal 0.6317 0.720215 0.286785
    outer loop
      vertex 57.6784 30.1099 8.4
      vertex 57.4501 29.8124 9.65
      vertex 57.5632 29.7132 9.65
    endloop
  endfacet
  facet normal 0.939501 0.187324 0.286788
    outer loop
      vertex 58.223 29.2947 8.4
      vertex 57.8902 29.0501 9.65
      vertex 58.262 29.0991 8.4
    endloop
  endfacet
  facet normal 0.187668 0.939438 0.286769
    outer loop
      vertex 57.1 30.3122 8.62843
      vertex 57.1 30.2062 8.97568
      vertex 57.1447 30.373 8.4
    endloop
  endfacet
  facet normal 0.53206 0.79665 0.286811
    outer loop
      vertex 57.5125 30.2207 8.4
      vertex 57.325 29.8959 9.65
      vertex 57.6784 30.1099 8.4
    endloop
  endfacet
  facet normal -0.719935 -0.632045 0.286728
    outer loop
      vertex 55.9368 28.0868 9.65
      vertex 55.5401 27.9716 8.4
      vertex 55.6717 27.8217 8.4
    endloop
  endfacet
  facet normal 0 0 -1
    outer loop
      vertex 57.9 28.9 8.4
      vertex 58.275 28.9 8.4
      vertex 58.262 28.7009 8.4
    endloop
  endfacet
  facet normal 0 0 -1
    outer loop
      vertex 57.8902 28.7499 8.4
      vertex 58.262 28.7009 8.4
      vertex 58.223 28.5053 8.4
    endloop
  endfacet
  facet normal 0 0 -1
    outer loop
      vertex 58.275 28.9 8.4
      vertex 57.9 28.9 8.4
      vertex 58.262 29.0991 8.4
    endloop
  endfacet
  facet normal 0 0 -1
    outer loop
      vertex 57.8608 28.6024 8.4
      vertex 58.223 28.5053 8.4
      vertex 58.1589 28.3164 8.4
    endloop
  endfacet
  facet normal 0 0 -1
    outer loop
      vertex 57.8902 29.0501 8.4
      vertex 58.262 29.0991 8.4
      vertex 57.9 28.9 8.4
    endloop
  endfacet
  facet normal 0 0 -1
    outer loop
      vertex 57.8125 28.4599 8.4
      vertex 58.1589 28.3164 8.4
      vertex 58.0707 28.1375 8.4
    endloop
  endfacet
  facet normal -0 0 -1
    outer loop
      vertex 58.262 29.0991 8.4
      vertex 57.8902 29.0501 8.4
      vertex 58.223 29.2947 8.4
    endloop
  endfacet
  facet normal 0 0 -1
    outer loop
      vertex 57.7459 28.325 8.4
      vertex 58.0707 28.1375 8.4
      vertex 57.9599 27.9716 8.4
    endloop
  endfacet
  facet normal 0 0 -1
    outer loop
      vertex 57.8608 29.1976 8.4
      vertex 58.223 29.2947 8.4
      vertex 57.8902 29.0501 8.4
    endloop
  endfacet
  facet normal -0 0 -1
    outer loop
      vertex 58.223 29.2947 8.4
      vertex 57.8608 29.1976 8.4
      vertex 58.1589 29.4836 8.4
    endloop
  endfacet
  facet normal 0 0 -1
    outer loop
      vertex 58.262 28.7009 8.4
      vertex 57.8902 28.7499 8.4
      vertex 57.9 28.9 8.4
    endloop
  endfacet
  facet normal 0 0 -1
    outer loop
      vertex 58.223 28.5053 8.4
      vertex 57.8608 28.6024 8.4
      vertex 57.8902 28.7499 8.4
    endloop
  endfacet
  facet normal 0 0 -1
    outer loop
      vertex 57.6624 28.1999 8.4
      vertex 57.9599 27.9716 8.4
      vertex 57.8283 27.8217 8.4
    endloop
  endfacet
  facet normal 0 0 -1
    outer loop
      vertex 58.1589 28.3164 8.4
      vertex 57.8125 28.4599 8.4
      vertex 57.8608 28.6024 8.4
    endloop
  endfacet
  facet normal 0 0 -1
    outer loop
      vertex 58.0707 28.1375 8.4
      vertex 57.7459 28.325 8.4
      vertex 57.8125 28.4599 8.4
    endloop
  endfacet
  facet normal 0 0 -1
    outer loop
      vertex 57.5632 28.0868 8.4
      vertex 57.8283 27.8217 8.4
      vertex 57.6784 27.6901 8.4
    endloop
  endfacet
  facet normal 0 0 -1
    outer loop
      vertex 57.9599 27.9716 8.4
      vertex 57.6624 28.1999 8.4
      vertex 57.7459 28.325 8.4
    endloop
  endfacet
  facet normal 0 0 -1
    outer loop
      vertex 57.8283 27.8217 8.4
      vertex 57.5632 28.0868 8.4
      vertex 57.6624 28.1999 8.4
    endloop
  endfacet
  facet normal 0 0 -1
    outer loop
      vertex 57.4501 27.9876 8.4
      vertex 57.6784 27.6901 8.4
      vertex 57.5125 27.5793 8.4
    endloop
  endfacet
  facet normal 0 0 -1
    outer loop
      vertex 57.6784 27.6901 8.4
      vertex 57.4501 27.9876 8.4
      vertex 57.5632 28.0868 8.4
    endloop
  endfacet
  facet normal 0 0 -1
    outer loop
      vertex 57.325 27.9041 8.4
      vertex 57.5125 27.5793 8.4
      vertex 57.3336 27.4911 8.4
    endloop
  endfacet
  facet normal 0 0 -1
    outer loop
      vertex 57.5125 27.5793 8.4
      vertex 57.325 27.9041 8.4
      vertex 57.4501 27.9876 8.4
    endloop
  endfacet
  facet normal 0 0 -1
    outer loop
      vertex 57.3336 27.4911 8.4
      vertex 57.1901 27.8375 8.4
      vertex 57.325 27.9041 8.4
    endloop
  endfacet
  facet normal 0 0 -1
    outer loop
      vertex 57.1 27.807 8.4
      vertex 57.3336 27.4911 8.4
      vertex 57.1447 27.427 8.4
    endloop
  endfacet
  facet normal 0 0 -1
    outer loop
      vertex 57.1 27.807 8.4
      vertex 57.1447 27.427 8.4
      vertex 57.1 27.4181 8.4
    endloop
  endfacet
  facet normal 0 0 -1
    outer loop
      vertex 57.3336 27.4911 8.4
      vertex 57.1 27.807 8.4
      vertex 57.1901 27.8375 8.4
    endloop
  endfacet
  facet normal 0 0 -1
    outer loop
      vertex 57.8125 29.3401 8.4
      vertex 58.1589 29.4836 8.4
      vertex 57.8608 29.1976 8.4
    endloop
  endfacet
  facet normal -0 0 -1
    outer loop
      vertex 58.1589 29.4836 8.4
      vertex 57.8125 29.3401 8.4
      vertex 58.0707 29.6625 8.4
    endloop
  endfacet
  facet normal 0 0 -1
    outer loop
      vertex 57.7459 29.475 8.4
      vertex 58.0707 29.6625 8.4
      vertex 57.8125 29.3401 8.4
    endloop
  endfacet
  facet normal -0 0 -1
    outer loop
      vertex 58.0707 29.6625 8.4
      vertex 57.7459 29.475 8.4
      vertex 57.9599 29.8284 8.4
    endloop
  endfacet
  facet normal 0 0 -1
    outer loop
      vertex 57.6624 29.6001 8.4
      vertex 57.9599 29.8284 8.4
      vertex 57.7459 29.475 8.4
    endloop
  endfacet
  facet normal -0 0 -1
    outer loop
      vertex 57.9599 29.8284 8.4
      vertex 57.6624 29.6001 8.4
      vertex 57.8283 29.9783 8.4
    endloop
  endfacet
  facet normal 0 0 -1
    outer loop
      vertex 57.5632 29.7132 8.4
      vertex 57.8283 29.9783 8.4
      vertex 57.6624 29.6001 8.4
    endloop
  endfacet
  facet normal -0 0 -1
    outer loop
      vertex 57.8283 29.9783 8.4
      vertex 57.5632 29.7132 8.4
      vertex 57.6784 30.1099 8.4
    endloop
  endfacet
  facet normal 0 0 -1
    outer loop
      vertex 57.4501 29.8124 8.4
      vertex 57.6784 30.1099 8.4
      vertex 57.5632 29.7132 8.4
    endloop
  endfacet
  facet normal -0 0 -1
    outer loop
      vertex 57.6784 30.1099 8.4
      vertex 57.4501 29.8124 8.4
      vertex 57.5125 30.2207 8.4
    endloop
  endfacet
  facet normal 0 0 -1
    outer loop
      vertex 57.325 29.8959 8.4
      vertex 57.5125 30.2207 8.4
      vertex 57.4501 29.8124 8.4
    endloop
  endfacet
  facet normal -0 0 -1
    outer loop
      vertex 57.5125 30.2207 8.4
      vertex 57.325 29.8959 8.4
      vertex 57.3336 30.3089 8.4
    endloop
  endfacet
  facet normal 0 0 -1
    outer loop
      vertex 57.1901 29.9625 8.4
      vertex 57.3336 30.3089 8.4
      vertex 57.325 29.8959 8.4
    endloop
  endfacet
  facet normal 0 0 -1
    outer loop
      vertex 57.1 29.993 8.4
      vertex 57.3336 30.3089 8.4
      vertex 57.1901 29.9625 8.4
    endloop
  endfacet
  facet normal -0 0 -1
    outer loop
      vertex 57.3336 30.3089 8.4
      vertex 57.1 29.993 8.4
      vertex 57.1447 30.373 8.4
    endloop
  endfacet
  facet normal -0 0 -1
    outer loop
      vertex 57.1447 30.373 8.4
      vertex 57.1 29.993 8.4
      vertex 57.1 30.3819 8.4
    endloop
  endfacet
  facet normal 0 0 -1
    outer loop
      vertex 56.3553 27.427 8.4
      vertex 56.4 27.807 8.4
      vertex 56.4 27.4181 8.4
    endloop
  endfacet
  facet normal 0 0 -1
    outer loop
      vertex 56.1664 27.4911 8.4
      vertex 56.4 27.807 8.4
      vertex 56.3553 27.427 8.4
    endloop
  endfacet
  facet normal -0 0 -1
    outer loop
      vertex 56.4 27.807 8.4
      vertex 56.1664 27.4911 8.4
      vertex 56.3099 27.8375 8.4
    endloop
  endfacet
  facet normal -0 0 -1
    outer loop
      vertex 56.3099 27.8375 8.4
      vertex 56.1664 27.4911 8.4
      vertex 56.175 27.9041 8.4
    endloop
  endfacet
  facet normal 0 0 -1
    outer loop
      vertex 55.9875 27.5793 8.4
      vertex 56.175 27.9041 8.4
      vertex 56.1664 27.4911 8.4
    endloop
  endfacet
  facet normal -0 0 -1
    outer loop
      vertex 56.175 27.9041 8.4
      vertex 55.9875 27.5793 8.4
      vertex 56.0499 27.9876 8.4
    endloop
  endfacet
  facet normal 0 0 -1
    outer loop
      vertex 55.8216 27.6901 8.4
      vertex 56.0499 27.9876 8.4
      vertex 55.9875 27.5793 8.4
    endloop
  endfacet
  facet normal -0 0 -1
    outer loop
      vertex 56.0499 27.9876 8.4
      vertex 55.8216 27.6901 8.4
      vertex 55.9368 28.0868 8.4
    endloop
  endfacet
  facet normal 0 0 -1
    outer loop
      vertex 55.6717 27.8217 8.4
      vertex 55.9368 28.0868 8.4
      vertex 55.8216 27.6901 8.4
    endloop
  endfacet
  facet normal -0 0 -1
    outer loop
      vertex 55.9368 28.0868 8.4
      vertex 55.6717 27.8217 8.4
      vertex 55.8376 28.1999 8.4
    endloop
  endfacet
  facet normal 0 0 -1
    outer loop
      vertex 55.5401 27.9716 8.4
      vertex 55.8376 28.1999 8.4
      vertex 55.6717 27.8217 8.4
    endloop
  endfacet
  facet normal -0 0 -1
    outer loop
      vertex 55.8376 28.1999 8.4
      vertex 55.5401 27.9716 8.4
      vertex 55.7541 28.325 8.4
    endloop
  endfacet
  facet normal 0 0 -1
    outer loop
      vertex 55.4293 28.1375 8.4
      vertex 55.7541 28.325 8.4
      vertex 55.5401 27.9716 8.4
    endloop
  endfacet
  facet normal -0 0 -1
    outer loop
      vertex 55.7541 28.325 8.4
      vertex 55.4293 28.1375 8.4
      vertex 55.6875 28.4599 8.4
    endloop
  endfacet
  facet normal -0 0 -1
    outer loop
      vertex 55.6875 28.4599 8.4
      vertex 55.3411 28.3164 8.4
      vertex 55.6392 28.6024 8.4
    endloop
  endfacet
  facet normal 0 0 -1
    outer loop
      vertex 55.3411 28.3164 8.4
      vertex 55.6875 28.4599 8.4
      vertex 55.4293 28.1375 8.4
    endloop
  endfacet
  facet normal 0 0 -1
    outer loop
      vertex 56.4 29.993 8.4
      vertex 56.3553 30.373 8.4
      vertex 56.4 30.3819 8.4
    endloop
  endfacet
  facet normal 0 0 -1
    outer loop
      vertex 56.1664 30.3089 8.4
      vertex 56.4 29.993 8.4
      vertex 56.3099 29.9625 8.4
    endloop
  endfacet
  facet normal 0 0 -1
    outer loop
      vertex 56.1664 30.3089 8.4
      vertex 56.3099 29.9625 8.4
      vertex 56.175 29.8959 8.4
    endloop
  endfacet
  facet normal 0 0 -1
    outer loop
      vertex 56.4 29.993 8.4
      vertex 56.1664 30.3089 8.4
      vertex 56.3553 30.373 8.4
    endloop
  endfacet
  facet normal 0 0 -1
    outer loop
      vertex 55.9875 30.2207 8.4
      vertex 56.175 29.8959 8.4
      vertex 56.0499 29.8124 8.4
    endloop
  endfacet
  facet normal 0 0 -1
    outer loop
      vertex 56.175 29.8959 8.4
      vertex 55.9875 30.2207 8.4
      vertex 56.1664 30.3089 8.4
    endloop
  endfacet
  facet normal 0 0 -1
    outer loop
      vertex 55.8216 30.1099 8.4
      vertex 56.0499 29.8124 8.4
      vertex 55.9368 29.7132 8.4
    endloop
  endfacet
  facet normal 0 0 -1
    outer loop
      vertex 55.6717 29.9783 8.4
      vertex 55.9368 29.7132 8.4
      vertex 55.8376 29.6001 8.4
    endloop
  endfacet
  facet normal 0 0 -1
    outer loop
      vertex 56.0499 29.8124 8.4
      vertex 55.8216 30.1099 8.4
      vertex 55.9875 30.2207 8.4
    endloop
  endfacet
  facet normal 0 0 -1
    outer loop
      vertex 55.5401 29.8284 8.4
      vertex 55.8376 29.6001 8.4
      vertex 55.7541 29.475 8.4
    endloop
  endfacet
  facet normal 0 0 -1
    outer loop
      vertex 55.4293 29.6625 8.4
      vertex 55.7541 29.475 8.4
      vertex 55.6875 29.3401 8.4
    endloop
  endfacet
  facet normal 0 0 -1
    outer loop
      vertex 55.9368 29.7132 8.4
      vertex 55.6717 29.9783 8.4
      vertex 55.8216 30.1099 8.4
    endloop
  endfacet
  facet normal 0 0 -1
    outer loop
      vertex 55.3411 29.4836 8.4
      vertex 55.6875 29.3401 8.4
      vertex 55.6392 29.1976 8.4
    endloop
  endfacet
  facet normal 0 0 -1
    outer loop
      vertex 55.277 29.2947 8.4
      vertex 55.6392 29.1976 8.4
      vertex 55.6098 29.0501 8.4
    endloop
  endfacet
  facet normal 0 0 -1
    outer loop
      vertex 55.8376 29.6001 8.4
      vertex 55.5401 29.8284 8.4
      vertex 55.6717 29.9783 8.4
    endloop
  endfacet
  facet normal 0 0 -1
    outer loop
      vertex 55.238 29.0991 8.4
      vertex 55.6098 29.0501 8.4
      vertex 55.6 28.9 8.4
    endloop
  endfacet
  facet normal 0 0 -1
    outer loop
      vertex 55.277 28.5053 8.4
      vertex 55.6392 28.6024 8.4
      vertex 55.3411 28.3164 8.4
    endloop
  endfacet
  facet normal -0 0 -1
    outer loop
      vertex 55.6392 28.6024 8.4
      vertex 55.277 28.5053 8.4
      vertex 55.6098 28.7499 8.4
    endloop
  endfacet
  facet normal 0 0 -1
    outer loop
      vertex 55.7541 29.475 8.4
      vertex 55.4293 29.6625 8.4
      vertex 55.5401 29.8284 8.4
    endloop
  endfacet
  facet normal 0 0 -1
    outer loop
      vertex 55.238 28.7009 8.4
      vertex 55.6098 28.7499 8.4
      vertex 55.277 28.5053 8.4
    endloop
  endfacet
  facet normal 0 0 -1
    outer loop
      vertex 55.6875 29.3401 8.4
      vertex 55.3411 29.4836 8.4
      vertex 55.4293 29.6625 8.4
    endloop
  endfacet
  facet normal -0 0 -1
    outer loop
      vertex 55.6098 28.7499 8.4
      vertex 55.238 28.7009 8.4
      vertex 55.6 28.9 8.4
    endloop
  endfacet
  facet normal 0 0 -1
    outer loop
      vertex 55.6392 29.1976 8.4
      vertex 55.277 29.2947 8.4
      vertex 55.3411 29.4836 8.4
    endloop
  endfacet
  facet normal 0 0 -1
    outer loop
      vertex 55.225 28.9 8.4
      vertex 55.6 28.9 8.4
      vertex 55.238 28.7009 8.4
    endloop
  endfacet
  facet normal 0 0 -1
    outer loop
      vertex 55.6098 29.0501 8.4
      vertex 55.238 29.0991 8.4
      vertex 55.277 29.2947 8.4
    endloop
  endfacet
  facet normal 0 0 -1
    outer loop
      vertex 55.6 28.9 8.4
      vertex 55.225 28.9 8.4
      vertex 55.238 29.0991 8.4
    endloop
  endfacet
  facet normal -0.53206 -0.79665 0.286811
    outer loop
      vertex 56.175 27.9041 9.65
      vertex 55.8216 27.6901 8.4
      vertex 55.9875 27.5793 8.4
    endloop
  endfacet
  facet normal -0.531842 -0.796808 0.286776
    outer loop
      vertex 56.0499 27.9876 9.65
      vertex 55.8216 27.6901 8.4
      vertex 56.175 27.9041 9.65
    endloop
  endfacet
  facet normal 0.187668 -0.939438 0.286769
    outer loop
      vertex 57.1 27.5938 8.97568
      vertex 57.1 27.4878 8.62843
      vertex 57.1447 27.427 8.4
    endloop
  endfacet
  facet normal 0.423624 -0.859255 0.286749
    outer loop
      vertex 57.5125 27.5793 8.4
      vertex 57.1901 27.8375 9.65
      vertex 57.3336 27.4911 8.4
    endloop
  endfacet
  facet normal 0.9072 -0.307843 0.286743
    outer loop
      vertex 58.223 28.5053 8.4
      vertex 57.8125 28.4599 9.65
      vertex 58.1589 28.3164 8.4
    endloop
  endfacet
  facet normal 0.939515 -0.187266 0.286781
    outer loop
      vertex 57.8902 28.7499 9.65
      vertex 57.8608 28.6024 9.65
      vertex 58.223 28.5053 8.4
    endloop
  endfacet
  facet normal 0.939501 -0.187324 0.286788
    outer loop
      vertex 58.262 28.7009 8.4
      vertex 57.8902 28.7499 9.65
      vertex 58.223 28.5053 8.4
    endloop
  endfacet
  facet normal -0.955959 0.0624182 0.286787
    outer loop
      vertex 55.238 29.0991 8.4
      vertex 55.225 28.9 8.4
      vertex 55.6098 29.0501 9.65
    endloop
  endfacet
  facet normal -0.187668 0.939438 0.286769
    outer loop
      vertex 56.4 30.3122 8.62843
      vertex 56.3553 30.373 8.4
      vertex 56.4 30.2062 8.97568
    endloop
  endfacet
  facet normal -0.187075 0.93958 0.286691
    outer loop
      vertex 56.4 30.3819 8.4
      vertex 56.3553 30.373 8.4
      vertex 56.4 30.3122 8.62843
    endloop
  endfacet
  facet normal 0.907294 0.307525 0.286786
    outer loop
      vertex 58.223 29.2947 8.4
      vertex 57.8125 29.3401 9.65
      vertex 57.8608 29.1976 9.65
    endloop
  endfacet
  facet normal 0.79665 0.53206 0.286811
    outer loop
      vertex 57.9599 29.8284 8.4
      vertex 57.7459 29.475 9.65
      vertex 58.0707 29.6625 8.4
    endloop
  endfacet
  facet normal 0.187075 0.93958 0.286691
    outer loop
      vertex 57.1 30.3819 8.4
      vertex 57.1 30.3122 8.62843
      vertex 57.1447 30.373 8.4
    endloop
  endfacet
  facet normal 0.307843 0.9072 0.286743
    outer loop
      vertex 57.3336 30.3089 8.4
      vertex 57.1447 30.373 8.4
      vertex 57.1901 29.9625 9.65
    endloop
  endfacet
  facet normal 0.424089 0.859002 0.286816
    outer loop
      vertex 57.5125 30.2207 8.4
      vertex 57.1901 29.9625 9.65
      vertex 57.325 29.8959 9.65
    endloop
  endfacet
  facet normal -0.939501 -0.187324 0.286788
    outer loop
      vertex 55.6098 28.7499 9.65
      vertex 55.238 28.7009 8.4
      vertex 55.277 28.5053 8.4
    endloop
  endfacet
  facet normal -0.955959 -0.0624182 0.286787
    outer loop
      vertex 55.6098 28.7499 9.65
      vertex 55.225 28.9 8.4
      vertex 55.238 28.7009 8.4
    endloop
  endfacet
  facet normal -0.859002 -0.424089 0.286816
    outer loop
      vertex 55.6875 28.4599 9.65
      vertex 55.4293 28.1375 8.4
      vertex 55.7541 28.325 9.65
    endloop
  endfacet
  facet normal -0.796808 -0.531842 0.286776
    outer loop
      vertex 55.7541 28.325 9.65
      vertex 55.5401 27.9716 8.4
      vertex 55.8376 28.1999 9.65
    endloop
  endfacet
  facet normal 0.187075 -0.93958 0.286691
    outer loop
      vertex 57.1 27.4878 8.62843
      vertex 57.1 27.4181 8.4
      vertex 57.1447 27.427 8.4
    endloop
  endfacet
  facet normal 0.424089 -0.859002 0.286816
    outer loop
      vertex 57.325 27.9041 9.65
      vertex 57.1901 27.8375 9.65
      vertex 57.5125 27.5793 8.4
    endloop
  endfacet
  facet normal 0.720215 -0.6317 0.286785
    outer loop
      vertex 57.6624 28.1999 9.65
      vertex 57.5632 28.0868 9.65
      vertex 57.9599 27.9716 8.4
    endloop
  endfacet
  facet normal 0.719935 -0.632045 0.286728
    outer loop
      vertex 57.9599 27.9716 8.4
      vertex 57.5632 28.0868 9.65
      vertex 57.8283 27.8217 8.4
    endloop
  endfacet
  facet normal 0.79665 -0.53206 0.286811
    outer loop
      vertex 58.0707 28.1375 8.4
      vertex 57.7459 28.325 9.65
      vertex 57.9599 27.9716 8.4
    endloop
  endfacet
  facet normal 0.907294 -0.307525 0.286786
    outer loop
      vertex 57.8608 28.6024 9.65
      vertex 57.8125 28.4599 9.65
      vertex 58.223 28.5053 8.4
    endloop
  endfacet
  facet normal 0.955959 -0.0624182 0.286787
    outer loop
      vertex 58.275 28.9 8.4
      vertex 57.8902 28.7499 9.65
      vertex 58.262 28.7009 8.4
    endloop
  endfacet
  facet normal 0.955959 -0.0624144 0.286788
    outer loop
      vertex 57.9 28.9 9.65
      vertex 57.8902 28.7499 9.65
      vertex 58.275 28.9 8.4
    endloop
  endfacet
  facet normal 0 0 1
    outer loop
      vertex 57.8902 29.0501 9.65
      vertex 57.8902 28.7499 9.65
      vertex 57.9 28.9 9.65
    endloop
  endfacet
  facet normal 0 0 1
    outer loop
      vertex 57.8608 29.1976 9.65
      vertex 57.8902 28.7499 9.65
      vertex 57.8902 29.0501 9.65
    endloop
  endfacet
  facet normal 0 0 1
    outer loop
      vertex 57.8608 29.1976 9.65
      vertex 57.8608 28.6024 9.65
      vertex 57.8902 28.7499 9.65
    endloop
  endfacet
  facet normal 0 0 1
    outer loop
      vertex 57.8125 29.3401 9.65
      vertex 57.8608 28.6024 9.65
      vertex 57.8608 29.1976 9.65
    endloop
  endfacet
  facet normal 0 0 1
    outer loop
      vertex 57.8125 29.3401 9.65
      vertex 57.8125 28.4599 9.65
      vertex 57.8608 28.6024 9.65
    endloop
  endfacet
  facet normal 0 0 1
    outer loop
      vertex 57.7459 29.475 9.65
      vertex 57.8125 28.4599 9.65
      vertex 57.8125 29.3401 9.65
    endloop
  endfacet
  facet normal 0 0 1
    outer loop
      vertex 57.7459 29.475 9.65
      vertex 57.7459 28.325 9.65
      vertex 57.8125 28.4599 9.65
    endloop
  endfacet
  facet normal 0 0 1
    outer loop
      vertex 57.6624 29.6001 9.65
      vertex 57.7459 28.325 9.65
      vertex 57.7459 29.475 9.65
    endloop
  endfacet
  facet normal 0 0 1
    outer loop
      vertex 57.6624 29.6001 9.65
      vertex 57.6624 28.1999 9.65
      vertex 57.7459 28.325 9.65
    endloop
  endfacet
  facet normal 0 0 1
    outer loop
      vertex 57.5632 29.7132 9.65
      vertex 57.6624 28.1999 9.65
      vertex 57.6624 29.6001 9.65
    endloop
  endfacet
  facet normal 0 0 1
    outer loop
      vertex 57.5632 29.7132 9.65
      vertex 57.5632 28.0868 9.65
      vertex 57.6624 28.1999 9.65
    endloop
  endfacet
  facet normal 0 0 1
    outer loop
      vertex 57.4501 29.8124 9.65
      vertex 57.5632 28.0868 9.65
      vertex 57.5632 29.7132 9.65
    endloop
  endfacet
  facet normal 0 0 1
    outer loop
      vertex 57.4501 29.8124 9.65
      vertex 57.4501 27.9876 9.65
      vertex 57.5632 28.0868 9.65
    endloop
  endfacet
  facet normal 0 0 1
    outer loop
      vertex 57.325 29.8959 9.65
      vertex 57.4501 27.9876 9.65
      vertex 57.4501 29.8124 9.65
    endloop
  endfacet
  facet normal 0 0 1
    outer loop
      vertex 57.325 29.8959 9.65
      vertex 57.325 27.9041 9.65
      vertex 57.4501 27.9876 9.65
    endloop
  endfacet
  facet normal 0 0 1
    outer loop
      vertex 57.1 29.993 9.65
      vertex 57.325 29.8959 9.65
      vertex 57.1901 29.9625 9.65
    endloop
  endfacet
  facet normal 0 0 1
    outer loop
      vertex 57.325 29.8959 9.65
      vertex 57.1 29.993 9.65
      vertex 57.325 27.9041 9.65
    endloop
  endfacet
  facet normal 0 0 1
    outer loop
      vertex 57.1 27.807 9.65
      vertex 57.325 27.9041 9.65
      vertex 57.1 29.993 9.65
    endloop
  endfacet
  facet normal 0 0 1
    outer loop
      vertex 57.325 27.9041 9.65
      vertex 57.1 27.807 9.65
      vertex 57.1901 27.8375 9.65
    endloop
  endfacet
  facet normal 0 0 1
    outer loop
      vertex 56.175 29.8959 9.65
      vertex 56.4 29.993 9.65
      vertex 56.3099 29.9625 9.65
    endloop
  endfacet
  facet normal 0 0 1
    outer loop
      vertex 56.4 29.993 9.65
      vertex 56.175 29.8959 9.65
      vertex 56.4 27.807 9.65
    endloop
  endfacet
  facet normal -0 0 1
    outer loop
      vertex 56.175 27.9041 9.65
      vertex 56.4 27.807 9.65
      vertex 56.175 29.8959 9.65
    endloop
  endfacet
  facet normal 0 0 1
    outer loop
      vertex 56.4 27.807 9.65
      vertex 56.175 27.9041 9.65
      vertex 56.3099 27.8375 9.65
    endloop
  endfacet
  facet normal -0 0 1
    outer loop
      vertex 56.0499 29.8124 9.65
      vertex 56.175 27.9041 9.65
      vertex 56.175 29.8959 9.65
    endloop
  endfacet
  facet normal 0 0 1
    outer loop
      vertex 56.0499 29.8124 9.65
      vertex 56.0499 27.9876 9.65
      vertex 56.175 27.9041 9.65
    endloop
  endfacet
  facet normal -0 0 1
    outer loop
      vertex 55.9368 29.7132 9.65
      vertex 56.0499 27.9876 9.65
      vertex 56.0499 29.8124 9.65
    endloop
  endfacet
  facet normal 0 0 1
    outer loop
      vertex 55.9368 29.7132 9.65
      vertex 55.9368 28.0868 9.65
      vertex 56.0499 27.9876 9.65
    endloop
  endfacet
  facet normal -0 0 1
    outer loop
      vertex 55.8376 29.6001 9.65
      vertex 55.9368 28.0868 9.65
      vertex 55.9368 29.7132 9.65
    endloop
  endfacet
  facet normal 0 0 1
    outer loop
      vertex 55.8376 29.6001 9.65
      vertex 55.8376 28.1999 9.65
      vertex 55.9368 28.0868 9.65
    endloop
  endfacet
  facet normal -0 0 1
    outer loop
      vertex 55.7541 29.475 9.65
      vertex 55.8376 28.1999 9.65
      vertex 55.8376 29.6001 9.65
    endloop
  endfacet
  facet normal 0 0 1
    outer loop
      vertex 55.7541 29.475 9.65
      vertex 55.7541 28.325 9.65
      vertex 55.8376 28.1999 9.65
    endloop
  endfacet
  facet normal -0 0 1
    outer loop
      vertex 55.6875 29.3401 9.65
      vertex 55.7541 28.325 9.65
      vertex 55.7541 29.475 9.65
    endloop
  endfacet
  facet normal 0 0 1
    outer loop
      vertex 55.6875 29.3401 9.65
      vertex 55.6875 28.4599 9.65
      vertex 55.7541 28.325 9.65
    endloop
  endfacet
  facet normal -0 0 1
    outer loop
      vertex 55.6392 29.1976 9.65
      vertex 55.6875 28.4599 9.65
      vertex 55.6875 29.3401 9.65
    endloop
  endfacet
  facet normal 0 0 1
    outer loop
      vertex 55.6392 29.1976 9.65
      vertex 55.6392 28.6024 9.65
      vertex 55.6875 28.4599 9.65
    endloop
  endfacet
  facet normal -0 0 1
    outer loop
      vertex 55.6098 29.0501 9.65
      vertex 55.6392 28.6024 9.65
      vertex 55.6392 29.1976 9.65
    endloop
  endfacet
  facet normal 0 0 1
    outer loop
      vertex 55.6098 29.0501 9.65
      vertex 55.6098 28.7499 9.65
      vertex 55.6392 28.6024 9.65
    endloop
  endfacet
  facet normal 0 -0 1
    outer loop
      vertex 55.6098 28.7499 9.65
      vertex 55.6098 29.0501 9.65
      vertex 55.6 28.9 9.65
    endloop
  endfacet
  facet normal -0.955959 0.0624144 0.286788
    outer loop
      vertex 55.6098 29.0501 9.65
      vertex 55.225 28.9 8.4
      vertex 55.6 28.9 9.65
    endloop
  endfacet
  facet normal -0.859002 0.424089 0.286816
    outer loop
      vertex 55.7541 29.475 9.65
      vertex 55.4293 29.6625 8.4
      vertex 55.6875 29.3401 9.65
    endloop
  endfacet
  facet normal -0.720215 0.6317 0.286785
    outer loop
      vertex 55.9368 29.7132 9.65
      vertex 55.5401 29.8284 8.4
      vertex 55.8376 29.6001 9.65
    endloop
  endfacet
  facet normal -0.307161 0.907385 0.286888
    outer loop
      vertex 56.4 30.2062 8.97568
      vertex 56.3099 29.9625 9.65
      vertex 56.4 29.993 9.65
    endloop
  endfacet
  facet normal -0.307719 0.907236 0.28676
    outer loop
      vertex 56.3099 29.9625 9.65
      vertex 56.4 30.2062 8.97568
      vertex 56.3553 30.373 8.4
    endloop
  endfacet
  facet normal 0.9072 0.307843 0.286743
    outer loop
      vertex 58.1589 29.4836 8.4
      vertex 57.8125 29.3401 9.65
      vertex 58.223 29.2947 8.4
    endloop
  endfacet
  facet normal 0.859255 0.423624 0.286749
    outer loop
      vertex 58.0707 29.6625 8.4
      vertex 57.8125 29.3401 9.65
      vertex 58.1589 29.4836 8.4
    endloop
  endfacet
  facet normal 0.796808 0.531842 0.286776
    outer loop
      vertex 57.9599 29.8284 8.4
      vertex 57.6624 29.6001 9.65
      vertex 57.7459 29.475 9.65
    endloop
  endfacet
  facet normal 0.423624 0.859255 0.286749
    outer loop
      vertex 57.3336 30.3089 8.4
      vertex 57.1901 29.9625 9.65
      vertex 57.5125 30.2207 8.4
    endloop
  endfacet
  facet normal -0.424089 -0.859002 0.286816
    outer loop
      vertex 56.175 27.9041 9.65
      vertex 55.9875 27.5793 8.4
      vertex 56.3099 27.8375 9.65
    endloop
  endfacet
  facet normal -0.6317 -0.720215 0.286785
    outer loop
      vertex 55.9368 28.0868 9.65
      vertex 55.8216 27.6901 8.4
      vertex 56.0499 27.9876 9.65
    endloop
  endfacet
  facet normal -0.632045 -0.719935 0.286728
    outer loop
      vertex 55.9368 28.0868 9.65
      vertex 55.6717 27.8217 8.4
      vertex 55.8216 27.6901 8.4
    endloop
  endfacet
  facet normal -0.907294 -0.307525 0.286786
    outer loop
      vertex 55.6392 28.6024 9.65
      vertex 55.277 28.5053 8.4
      vertex 55.6875 28.4599 9.65
    endloop
  endfacet
  facet normal -0.9072 -0.307843 0.286743
    outer loop
      vertex 55.6875 28.4599 9.65
      vertex 55.277 28.5053 8.4
      vertex 55.3411 28.3164 8.4
    endloop
  endfacet
  facet normal -0.79665 -0.53206 0.286811
    outer loop
      vertex 55.7541 28.325 9.65
      vertex 55.4293 28.1375 8.4
      vertex 55.5401 27.9716 8.4
    endloop
  endfacet
  facet normal 0.531842 -0.796808 0.286776
    outer loop
      vertex 57.4501 27.9876 9.65
      vertex 57.325 27.9041 9.65
      vertex 57.6784 27.6901 8.4
    endloop
  endfacet
  facet normal 0.6317 -0.720215 0.286785
    outer loop
      vertex 57.5632 28.0868 9.65
      vertex 57.4501 27.9876 9.65
      vertex 57.6784 27.6901 8.4
    endloop
  endfacet
  facet normal 0.53206 -0.79665 0.286811
    outer loop
      vertex 57.6784 27.6901 8.4
      vertex 57.325 27.9041 9.65
      vertex 57.5125 27.5793 8.4
    endloop
  endfacet
  facet normal 0.307161 -0.907385 0.286888
    outer loop
      vertex 57.1 27.5938 8.97568
      vertex 57.1901 27.8375 9.65
      vertex 57.1 27.807 9.65
    endloop
  endfacet
  facet normal 0.307719 -0.907236 0.28676
    outer loop
      vertex 57.1901 27.8375 9.65
      vertex 57.1 27.5938 8.97568
      vertex 57.1447 27.427 8.4
    endloop
  endfacet
  facet normal 0.307843 -0.9072 0.286743
    outer loop
      vertex 57.1901 27.8375 9.65
      vertex 57.1447 27.427 8.4
      vertex 57.3336 27.4911 8.4
    endloop
  endfacet
  facet normal 0.859002 -0.424089 0.286816
    outer loop
      vertex 57.8125 28.4599 9.65
      vertex 57.7459 28.325 9.65
      vertex 58.0707 28.1375 8.4
    endloop
  endfacet
  facet normal 0.859255 -0.423624 0.286749
    outer loop
      vertex 58.1589 28.3164 8.4
      vertex 57.8125 28.4599 9.65
      vertex 58.0707 28.1375 8.4
    endloop
  endfacet
  facet normal 0.796808 -0.531842 0.286776
    outer loop
      vertex 57.7459 28.325 9.65
      vertex 57.6624 28.1999 9.65
      vertex 57.9599 27.9716 8.4
    endloop
  endfacet
  facet normal -0.939501 0.187324 0.286788
    outer loop
      vertex 55.277 29.2947 8.4
      vertex 55.238 29.0991 8.4
      vertex 55.6098 29.0501 9.65
    endloop
  endfacet
  facet normal -0.939515 0.187266 0.286781
    outer loop
      vertex 55.6392 29.1976 9.65
      vertex 55.277 29.2947 8.4
      vertex 55.6098 29.0501 9.65
    endloop
  endfacet
  facet normal -0.632045 0.719935 0.286728
    outer loop
      vertex 55.8216 30.1099 8.4
      vertex 55.6717 29.9783 8.4
      vertex 55.9368 29.7132 9.65
    endloop
  endfacet
  facet normal -0.719935 0.632045 0.286728
    outer loop
      vertex 55.6717 29.9783 8.4
      vertex 55.5401 29.8284 8.4
      vertex 55.9368 29.7132 9.65
    endloop
  endfacet
  facet normal -0.531842 0.796808 0.286776
    outer loop
      vertex 56.175 29.8959 9.65
      vertex 55.8216 30.1099 8.4
      vertex 56.0499 29.8124 9.65
    endloop
  endfacet
  facet normal -0.53206 0.79665 0.286811
    outer loop
      vertex 55.9875 30.2207 8.4
      vertex 55.8216 30.1099 8.4
      vertex 56.175 29.8959 9.65
    endloop
  endfacet
  facet normal -0.79665 0.53206 0.286811
    outer loop
      vertex 55.5401 29.8284 8.4
      vertex 55.4293 29.6625 8.4
      vertex 55.7541 29.475 9.65
    endloop
  endfacet
  facet normal -0.796808 0.531842 0.286776
    outer loop
      vertex 55.8376 29.6001 9.65
      vertex 55.5401 29.8284 8.4
      vertex 55.7541 29.475 9.65
    endloop
  endfacet
  facet normal -0.307843 0.9072 0.286743
    outer loop
      vertex 56.3553 30.373 8.4
      vertex 56.1664 30.3089 8.4
      vertex 56.3099 29.9625 9.65
    endloop
  endfacet
  facet normal -0.423624 0.859255 0.286749
    outer loop
      vertex 56.1664 30.3089 8.4
      vertex 55.9875 30.2207 8.4
      vertex 56.3099 29.9625 9.65
    endloop
  endfacet
  facet normal 0.719935 0.632045 0.286728
    outer loop
      vertex 57.8283 29.9783 8.4
      vertex 57.5632 29.7132 9.65
      vertex 57.9599 29.8284 8.4
    endloop
  endfacet
  facet normal 0.632045 0.719935 0.286728
    outer loop
      vertex 57.6784 30.1099 8.4
      vertex 57.5632 29.7132 9.65
      vertex 57.8283 29.9783 8.4
    endloop
  endfacet
  facet normal 0.307161 0.907385 0.286888
    outer loop
      vertex 57.1901 29.9625 9.65
      vertex 57.1 30.2062 8.97568
      vertex 57.1 29.993 9.65
    endloop
  endfacet
  facet normal 0.307719 0.907236 0.28676
    outer loop
      vertex 57.1 30.2062 8.97568
      vertex 57.1901 29.9625 9.65
      vertex 57.1447 30.373 8.4
    endloop
  endfacet
  facet normal -0.187075 -0.93958 0.286691
    outer loop
      vertex 56.4 27.4878 8.62843
      vertex 56.3553 27.427 8.4
      vertex 56.4 27.4181 8.4
    endloop
  endfacet
  facet normal -0.187668 -0.939438 0.286769
    outer loop
      vertex 56.4 27.5938 8.97568
      vertex 56.3553 27.427 8.4
      vertex 56.4 27.4878 8.62843
    endloop
  endfacet
  facet normal -0.720215 -0.6317 0.286785
    outer loop
      vertex 55.8376 28.1999 9.65
      vertex 55.5401 27.9716 8.4
      vertex 55.9368 28.0868 9.65
    endloop
  endfacet
  facet normal -0.859255 0.423624 0.286749
    outer loop
      vertex 55.4293 29.6625 8.4
      vertex 55.3411 29.4836 8.4
      vertex 55.6875 29.3401 9.65
    endloop
  endfacet
  facet normal -0.6317 0.720215 0.286785
    outer loop
      vertex 56.0499 29.8124 9.65
      vertex 55.8216 30.1099 8.4
      vertex 55.9368 29.7132 9.65
    endloop
  endfacet
  facet normal 0.720215 0.6317 0.286785
    outer loop
      vertex 57.9599 29.8284 8.4
      vertex 57.5632 29.7132 9.65
      vertex 57.6624 29.6001 9.65
    endloop
  endfacet
  facet normal 0.531842 0.796808 0.286776
    outer loop
      vertex 57.6784 30.1099 8.4
      vertex 57.325 29.8959 9.65
      vertex 57.4501 29.8124 9.65
    endloop
  endfacet
  facet normal -0.423624 -0.859255 0.286749
    outer loop
      vertex 56.3099 27.8375 9.65
      vertex 55.9875 27.5793 8.4
      vertex 56.1664 27.4911 8.4
    endloop
  endfacet
  facet normal -0.9072 0.307843 0.286743
    outer loop
      vertex 55.3411 29.4836 8.4
      vertex 55.277 29.2947 8.4
      vertex 55.6875 29.3401 9.65
    endloop
  endfacet
  facet normal -0.907294 0.307525 0.286786
    outer loop
      vertex 55.6875 29.3401 9.65
      vertex 55.277 29.2947 8.4
      vertex 55.6392 29.1976 9.65
    endloop
  endfacet
  facet normal -0.307843 -0.9072 0.286743
    outer loop
      vertex 56.3099 27.8375 9.65
      vertex 56.1664 27.4911 8.4
      vertex 56.3553 27.427 8.4
    endloop
  endfacet
  facet normal -0.307161 -0.907385 0.286888
    outer loop
      vertex 56.3099 27.8375 9.65
      vertex 56.4 27.5938 8.97568
      vertex 56.4 27.807 9.65
    endloop
  endfacet
  facet normal -0.307719 -0.907236 0.28676
    outer loop
      vertex 56.4 27.5938 8.97568
      vertex 56.3099 27.8375 9.65
      vertex 56.3553 27.427 8.4
    endloop
  endfacet
  facet normal 1 0 0
    outer loop
      vertex 56.4 29.993 8.4
      vertex 56.4 30.3122 8.62843
      vertex 56.4 30.2062 8.97568
    endloop
  endfacet
  facet normal 1 0 0
    outer loop
      vertex 56.4 29.993 8.4
      vertex 56.4 30.2062 8.97568
      vertex 56.4 29.993 9.65
    endloop
  endfacet
  facet normal 1 0 0
    outer loop
      vertex 56.4 30.3122 8.62843
      vertex 56.4 29.993 8.4
      vertex 56.4 30.3819 8.4
    endloop
  endfacet
  facet normal 1 0 0
    outer loop
      vertex 56.4 27.807 8.4
      vertex 56.4 29.993 8.4
      vertex 56.4 29.993 9.65
    endloop
  endfacet
  facet normal 1 0 0
    outer loop
      vertex 56.4 27.807 8.4
      vertex 56.4 29.993 9.65
      vertex 56.4 27.807 9.65
    endloop
  endfacet
  facet normal 1 -0 0
    outer loop
      vertex 56.4 29.993 6.8
      vertex 56.4 30.9 6.6
      vertex 56.4 30.9 6.8
    endloop
  endfacet
  facet normal 1 0 0
    outer loop
      vertex 56.4 29.993 8.4
      vertex 56.4 27.807 8.4
      vertex 56.4 29.993 6.8
    endloop
  endfacet
  facet normal 1 0 0
    outer loop
      vertex 56.4 27.807 6.8
      vertex 56.4 29.993 6.8
      vertex 56.4 27.807 8.4
    endloop
  endfacet
  facet normal 1 -0 0
    outer loop
      vertex 56.4 27.807 6.8
      vertex 56.4 30.9 6.6
      vertex 56.4 29.993 6.8
    endloop
  endfacet
  facet normal 1 0 0
    outer loop
      vertex 56.4 26.9 6.6
      vertex 56.4 27.807 6.8
      vertex 56.4 26.9 6.8
    endloop
  endfacet
  facet normal 1 0 0
    outer loop
      vertex 56.4 27.807 6.8
      vertex 56.4 26.9 6.6
      vertex 56.4 30.9 6.6
    endloop
  endfacet
  facet normal 1 -0 0
    outer loop
      vertex 56.4 27.5938 8.97568
      vertex 56.4 27.807 8.4
      vertex 56.4 27.807 9.65
    endloop
  endfacet
  facet normal 1 -0 0
    outer loop
      vertex 56.4 27.4878 8.62843
      vertex 56.4 27.807 8.4
      vertex 56.4 27.5938 8.97568
    endloop
  endfacet
  facet normal 1 0 0
    outer loop
      vertex 56.4 27.807 8.4
      vertex 56.4 27.4878 8.62843
      vertex 56.4 27.4181 8.4
    endloop
  endfacet
  facet normal -1 0 0
    outer loop
      vertex 57.1 30.9 6.6
      vertex 57.1 29.993 6.8
      vertex 57.1 30.9 6.8
    endloop
  endfacet
  facet normal -1 0 0
    outer loop
      vertex 57.1 27.807 8.4
      vertex 57.1 29.993 8.4
      vertex 57.1 29.993 6.8
    endloop
  endfacet
  facet normal -1 0 0
    outer loop
      vertex 57.1 27.807 8.4
      vertex 57.1 29.993 6.8
      vertex 57.1 27.807 6.8
    endloop
  endfacet
  facet normal -1 0 0
    outer loop
      vertex 57.1 30.9 6.6
      vertex 57.1 27.807 6.8
      vertex 57.1 29.993 6.8
    endloop
  endfacet
  facet normal -1 0 0
    outer loop
      vertex 57.1 26.9 6.6
      vertex 57.1 27.807 6.8
      vertex 57.1 30.9 6.6
    endloop
  endfacet
  facet normal -1 -0 0
    outer loop
      vertex 57.1 27.807 6.8
      vertex 57.1 26.9 6.6
      vertex 57.1 26.9 6.8
    endloop
  endfacet
  facet normal -1 0 0
    outer loop
      vertex 57.1 29.993 8.4
      vertex 57.1 30.3122 8.62843
      vertex 57.1 30.3819 8.4
    endloop
  endfacet
  facet normal -1 -0 0
    outer loop
      vertex 57.1 30.3122 8.62843
      vertex 57.1 29.993 8.4
      vertex 57.1 30.2062 8.97568
    endloop
  endfacet
  facet normal -1 -0 0
    outer loop
      vertex 57.1 30.2062 8.97568
      vertex 57.1 29.993 8.4
      vertex 57.1 29.993 9.65
    endloop
  endfacet
  facet normal -1 0 0
    outer loop
      vertex 57.1 29.993 8.4
      vertex 57.1 27.807 8.4
      vertex 57.1 29.993 9.65
    endloop
  endfacet
  facet normal -1 0 0
    outer loop
      vertex 57.1 27.807 8.4
      vertex 57.1 27.807 9.65
      vertex 57.1 29.993 9.65
    endloop
  endfacet
  facet normal -1 0 0
    outer loop
      vertex 57.1 27.807 8.4
      vertex 57.1 27.5938 8.97568
      vertex 57.1 27.807 9.65
    endloop
  endfacet
  facet normal -1 0 0
    outer loop
      vertex 57.1 27.807 8.4
      vertex 57.1 27.4878 8.62843
      vertex 57.1 27.5938 8.97568
    endloop
  endfacet
  facet normal -1 0 -0
    outer loop
      vertex 57.1 27.4878 8.62843
      vertex 57.1 27.807 8.4
      vertex 57.1 27.4181 8.4
    endloop
  endfacet
  facet normal 0 -1 0
    outer loop
      vertex 56.4 30.9 6.6
      vertex 57.1 30.9 6.8
      vertex 56.4 30.9 6.8
    endloop
  endfacet
  facet normal 0 -1 -0
    outer loop
      vertex 57.1 30.9 6.8
      vertex 56.4 30.9 6.6
      vertex 57.1 30.9 6.6
    endloop
  endfacet
  facet normal -0 0 1
    outer loop
      vertex 56.4 30.9 6.6
      vertex 57.1 26.9 6.6
      vertex 57.1 30.9 6.6
    endloop
  endfacet
  facet normal 0 0 1
    outer loop
      vertex 57.1 26.9 6.6
      vertex 56.4 30.9 6.6
      vertex 56.4 26.9 6.6
    endloop
  endfacet
  facet normal 0 1 -0
    outer loop
      vertex 57.1 26.9 6.6
      vertex 56.4 26.9 6.8
      vertex 57.1 26.9 6.8
    endloop
  endfacet
  facet normal 0 1 0
    outer loop
      vertex 56.4 26.9 6.8
      vertex 57.1 26.9 6.6
      vertex 56.4 26.9 6.6
    endloop
  endfacet
  facet normal 0.555568 0.831471 -0
    outer loop
      vertex 58.7285 89.4784 3.4
      vertex 58.375 89.7146 6.8
      vertex 58.7285 89.4784 6.8
    endloop
  endfacet
  facet normal 0.555568 0.831471 0
    outer loop
      vertex 58.375 89.7146 6.8
      vertex 58.7285 89.4784 3.4
      vertex 58.375 89.7146 3.4
    endloop
  endfacet
  facet normal -0.321586 0.94688 0
    outer loop
      vertex 55.9088 90.0393 3.4
      vertex 55.5063 89.9026 6.8
      vertex 55.9088 90.0393 6.8
    endloop
  endfacet
  facet normal -0.321586 0.94688 0
    outer loop
      vertex 55.5063 89.9026 6.8
      vertex 55.9088 90.0393 3.4
      vertex 55.5063 89.9026 3.4
    endloop
  endfacet
  facet normal -0.896907 0.44222 0
    outer loop
      vertex 53.7474 88.1437 3.4
      vertex 53.9354 88.525 6.8
      vertex 53.9354 88.525 3.4
    endloop
  endfacet
  facet normal -0.896907 0.44222 0
    outer loop
      vertex 53.9354 88.525 6.8
      vertex 53.7474 88.1437 3.4
      vertex 53.7474 88.1437 6.8
    endloop
  endfacet
  facet normal 0.896907 0.44222 0
    outer loop
      vertex 59.7526 88.1437 6.8
      vertex 59.5646 88.525 3.4
      vertex 59.5646 88.525 6.8
    endloop
  endfacet
  facet normal 0.896907 0.44222 0
    outer loop
      vertex 59.5646 88.525 3.4
      vertex 59.7526 88.1437 6.8
      vertex 59.7526 88.1437 3.4
    endloop
  endfacet
  facet normal 0.831471 0.555568 0
    outer loop
      vertex 59.5646 88.525 6.8
      vertex 59.3284 88.8785 3.4
      vertex 59.3284 88.8785 6.8
    endloop
  endfacet
  facet normal 0.831471 0.555568 0
    outer loop
      vertex 59.3284 88.8785 3.4
      vertex 59.5646 88.525 6.8
      vertex 59.5646 88.525 3.4
    endloop
  endfacet
  facet normal 0.44222 0.896907 -0
    outer loop
      vertex 58.375 89.7146 3.4
      vertex 57.9937 89.9026 6.8
      vertex 58.375 89.7146 6.8
    endloop
  endfacet
  facet normal 0.44222 0.896907 0
    outer loop
      vertex 57.9937 89.9026 6.8
      vertex 58.375 89.7146 3.4
      vertex 57.9937 89.9026 3.4
    endloop
  endfacet
  facet normal 0.0653948 0.997859 -0
    outer loop
      vertex 57.1742 90.1222 3.4
      vertex 56.75 90.15 6.8
      vertex 57.1742 90.1222 6.8
    endloop
  endfacet
  facet normal 0.0653948 0.997859 0
    outer loop
      vertex 56.75 90.15 6.8
      vertex 57.1742 90.1222 3.4
      vertex 56.75 90.15 3.4
    endloop
  endfacet
  facet normal -0.997859 0.0653948 0
    outer loop
      vertex 53.5 86.9 3.4
      vertex 53.5278 87.3242 6.8
      vertex 53.5278 87.3242 3.4
    endloop
  endfacet
  facet normal -0.997859 0.0653948 0
    outer loop
      vertex 53.5278 87.3242 6.8
      vertex 53.5 86.9 3.4
      vertex 53.5 86.9 6.8
    endloop
  endfacet
  facet normal -0.751818 0.65937 0
    outer loop
      vertex 54.1716 88.8785 3.4
      vertex 54.4519 89.1981 6.8
      vertex 54.4519 89.1981 3.4
    endloop
  endfacet
  facet normal -0.751818 0.65937 0
    outer loop
      vertex 54.4519 89.1981 6.8
      vertex 54.1716 88.8785 3.4
      vertex 54.1716 88.8785 6.8
    endloop
  endfacet
  facet normal -0.0653948 0.997859 0
    outer loop
      vertex 56.75 90.15 3.4
      vertex 56.3258 90.1222 6.8
      vertex 56.75 90.15 6.8
    endloop
  endfacet
  facet normal -0.0653948 0.997859 0
    outer loop
      vertex 56.3258 90.1222 6.8
      vertex 56.75 90.15 3.4
      vertex 56.3258 90.1222 3.4
    endloop
  endfacet
  facet normal -0.65937 0.751818 0
    outer loop
      vertex 54.7715 89.4784 3.4
      vertex 54.4519 89.1981 6.8
      vertex 54.7715 89.4784 6.8
    endloop
  endfacet
  facet normal -0.65937 0.751818 0
    outer loop
      vertex 54.4519 89.1981 6.8
      vertex 54.7715 89.4784 3.4
      vertex 54.4519 89.1981 3.4
    endloop
  endfacet
  facet normal 0.997859 0.0653948 0
    outer loop
      vertex 60 86.9 6.8
      vertex 59.9722 87.3242 3.4
      vertex 59.9722 87.3242 6.8
    endloop
  endfacet
  facet normal 0.997859 0.0653948 0
    outer loop
      vertex 59.9722 87.3242 3.4
      vertex 60 86.9 6.8
      vertex 60 86.9 3.4
    endloop
  endfacet
  facet normal 0.0653948 -0.997859 0
    outer loop
      vertex 56.75 83.65 3.4
      vertex 57.1742 83.6778 6.8
      vertex 56.75 83.65 6.8
    endloop
  endfacet
  facet normal 0.0653948 -0.997859 0
    outer loop
      vertex 57.1742 83.6778 6.8
      vertex 56.75 83.65 3.4
      vertex 57.1742 83.6778 3.4
    endloop
  endfacet
  facet normal 0.831471 -0.555568 0
    outer loop
      vertex 59.3284 84.9215 6.8
      vertex 59.5646 85.275 3.4
      vertex 59.5646 85.275 6.8
    endloop
  endfacet
  facet normal 0.831471 -0.555568 0
    outer loop
      vertex 59.5646 85.275 3.4
      vertex 59.3284 84.9215 6.8
      vertex 59.3284 84.9215 3.4
    endloop
  endfacet
  facet normal 0.94688 -0.321586 0
    outer loop
      vertex 59.7526 85.6563 6.8
      vertex 59.8893 86.0588 3.4
      vertex 59.8893 86.0588 6.8
    endloop
  endfacet
  facet normal 0.94688 -0.321586 0
    outer loop
      vertex 59.8893 86.0588 3.4
      vertex 59.7526 85.6563 6.8
      vertex 59.7526 85.6563 3.4
    endloop
  endfacet
  facet normal -0.0653948 -0.997859 0
    outer loop
      vertex 56.3258 83.6778 3.4
      vertex 56.75 83.65 6.8
      vertex 56.3258 83.6778 6.8
    endloop
  endfacet
  facet normal -0.0653948 -0.997859 -0
    outer loop
      vertex 56.75 83.65 6.8
      vertex 56.3258 83.6778 3.4
      vertex 56.75 83.65 3.4
    endloop
  endfacet
  facet normal -0.65937 -0.751818 0
    outer loop
      vertex 54.4519 84.6019 3.4
      vertex 54.7715 84.3216 6.8
      vertex 54.4519 84.6019 6.8
    endloop
  endfacet
  facet normal -0.65937 -0.751818 -0
    outer loop
      vertex 54.7715 84.3216 6.8
      vertex 54.4519 84.6019 3.4
      vertex 54.7715 84.3216 3.4
    endloop
  endfacet
  facet normal -0.997859 -0.0653948 0
    outer loop
      vertex 53.5278 86.4758 3.4
      vertex 53.5 86.9 6.8
      vertex 53.5 86.9 3.4
    endloop
  endfacet
  facet normal -0.997859 -0.0653948 0
    outer loop
      vertex 53.5 86.9 6.8
      vertex 53.5278 86.4758 3.4
      vertex 53.5278 86.4758 6.8
    endloop
  endfacet
  facet normal -0.751818 -0.65937 0
    outer loop
      vertex 54.4519 84.6019 3.4
      vertex 54.1716 84.9215 6.8
      vertex 54.1716 84.9215 3.4
    endloop
  endfacet
  facet normal -0.751818 -0.65937 0
    outer loop
      vertex 54.1716 84.9215 6.8
      vertex 54.4519 84.6019 3.4
      vertex 54.4519 84.6019 6.8
    endloop
  endfacet
  facet normal 0.980806 0.194985 0
    outer loop
      vertex 59.9722 87.3242 6.8
      vertex 59.8893 87.7412 3.4
      vertex 59.8893 87.7412 6.8
    endloop
  endfacet
  facet normal 0.980806 0.194985 0
    outer loop
      vertex 59.8893 87.7412 3.4
      vertex 59.9722 87.3242 6.8
      vertex 59.9722 87.3242 3.4
    endloop
  endfacet
  facet normal 0.94688 0.321586 0
    outer loop
      vertex 59.8893 87.7412 6.8
      vertex 59.7526 88.1437 3.4
      vertex 59.7526 88.1437 6.8
    endloop
  endfacet
  facet normal 0.94688 0.321586 0
    outer loop
      vertex 59.7526 88.1437 3.4
      vertex 59.8893 87.7412 6.8
      vertex 59.8893 87.7412 3.4
    endloop
  endfacet
  facet normal 0.751818 0.65937 0
    outer loop
      vertex 59.3284 88.8785 6.8
      vertex 59.0481 89.1981 3.4
      vertex 59.0481 89.1981 6.8
    endloop
  endfacet
  facet normal 0.751818 0.65937 0
    outer loop
      vertex 59.0481 89.1981 3.4
      vertex 59.3284 88.8785 6.8
      vertex 59.3284 88.8785 3.4
    endloop
  endfacet
  facet normal 0.65937 0.751818 -0
    outer loop
      vertex 59.0481 89.1981 3.4
      vertex 58.7285 89.4784 6.8
      vertex 59.0481 89.1981 6.8
    endloop
  endfacet
  facet normal 0.65937 0.751818 0
    outer loop
      vertex 58.7285 89.4784 6.8
      vertex 59.0481 89.1981 3.4
      vertex 58.7285 89.4784 3.4
    endloop
  endfacet
  facet normal 0.321586 0.94688 -0
    outer loop
      vertex 57.9937 89.9026 3.4
      vertex 57.5912 90.0393 6.8
      vertex 57.9937 89.9026 6.8
    endloop
  endfacet
  facet normal 0.321586 0.94688 0
    outer loop
      vertex 57.5912 90.0393 6.8
      vertex 57.9937 89.9026 3.4
      vertex 57.5912 90.0393 3.4
    endloop
  endfacet
  facet normal 0.194985 0.980806 -0
    outer loop
      vertex 57.5912 90.0393 3.4
      vertex 57.1742 90.1222 6.8
      vertex 57.5912 90.0393 6.8
    endloop
  endfacet
  facet normal 0.194985 0.980806 0
    outer loop
      vertex 57.1742 90.1222 6.8
      vertex 57.5912 90.0393 3.4
      vertex 57.1742 90.1222 3.4
    endloop
  endfacet
  facet normal 0 0 1
    outer loop
      vertex 56.3099 85.8375 6.8
      vertex 56.4 84.9 6.8
      vertex 56.4 85.807 6.8
    endloop
  endfacet
  facet normal 0 0 1
    outer loop
      vertex 56.175 85.9041 6.8
      vertex 56.4 84.9 6.8
      vertex 56.3099 85.8375 6.8
    endloop
  endfacet
  facet normal 0 0 1
    outer loop
      vertex 56.0499 85.9876 6.8
      vertex 56.4 84.9 6.8
      vertex 56.175 85.9041 6.8
    endloop
  endfacet
  facet normal 0 0 1
    outer loop
      vertex 54.7715 84.3216 6.8
      vertex 56.4 84.9 6.8
      vertex 56.0499 85.9876 6.8
    endloop
  endfacet
  facet normal 0 0 1
    outer loop
      vertex 54.7715 84.3216 6.8
      vertex 56.0499 85.9876 6.8
      vertex 55.9368 86.0868 6.8
    endloop
  endfacet
  facet normal 0 0 1
    outer loop
      vertex 56.4 84.9 6.8
      vertex 55.9088 83.7607 6.8
      vertex 56.3258 83.6778 6.8
    endloop
  endfacet
  facet normal 0 0 1
    outer loop
      vertex 54.4519 84.6019 6.8
      vertex 55.9368 86.0868 6.8
      vertex 55.8376 86.1999 6.8
    endloop
  endfacet
  facet normal 0 0 1
    outer loop
      vertex 54.1716 84.9215 6.8
      vertex 55.8376 86.1999 6.8
      vertex 55.7541 86.325 6.8
    endloop
  endfacet
  facet normal 0 0 1
    outer loop
      vertex 53.9354 85.275 6.8
      vertex 55.7541 86.325 6.8
      vertex 55.6875 86.4599 6.8
    endloop
  endfacet
  facet normal 0 0 1
    outer loop
      vertex 53.7474 85.6563 6.8
      vertex 55.6875 86.4599 6.8
      vertex 55.6392 86.6024 6.8
    endloop
  endfacet
  facet normal 0 0 1
    outer loop
      vertex 53.6107 86.0588 6.8
      vertex 55.6392 86.6024 6.8
      vertex 55.6098 86.7499 6.8
    endloop
  endfacet
  facet normal 0 0 1
    outer loop
      vertex 56.4 84.9 6.8
      vertex 55.5063 83.8974 6.8
      vertex 55.9088 83.7607 6.8
    endloop
  endfacet
  facet normal 0 0 1
    outer loop
      vertex 53.5278 86.4758 6.8
      vertex 55.6098 86.7499 6.8
      vertex 55.6 86.9 6.8
    endloop
  endfacet
  facet normal -0 0 1
    outer loop
      vertex 53.9354 88.525 6.8
      vertex 55.7541 87.475 6.8
      vertex 54.1716 88.8785 6.8
    endloop
  endfacet
  facet normal 0 0 1
    outer loop
      vertex 55.7541 87.475 6.8
      vertex 53.9354 88.525 6.8
      vertex 55.6875 87.3401 6.8
    endloop
  endfacet
  facet normal 0 0 1
    outer loop
      vertex 56.4 84.9 6.8
      vertex 55.125 84.0854 6.8
      vertex 55.5063 83.8974 6.8
    endloop
  endfacet
  facet normal -0 0 1
    outer loop
      vertex 53.7474 88.1437 6.8
      vertex 55.6875 87.3401 6.8
      vertex 53.9354 88.525 6.8
    endloop
  endfacet
  facet normal 0 0 1
    outer loop
      vertex 56.4 84.9 6.8
      vertex 54.7715 84.3216 6.8
      vertex 55.125 84.0854 6.8
    endloop
  endfacet
  facet normal 0 0 1
    outer loop
      vertex 55.6875 87.3401 6.8
      vertex 53.7474 88.1437 6.8
      vertex 55.6392 87.1976 6.8
    endloop
  endfacet
  facet normal 0 0 1
    outer loop
      vertex 55.9368 86.0868 6.8
      vertex 54.4519 84.6019 6.8
      vertex 54.7715 84.3216 6.8
    endloop
  endfacet
  facet normal -0 0 1
    outer loop
      vertex 53.6107 87.7412 6.8
      vertex 55.6392 87.1976 6.8
      vertex 53.7474 88.1437 6.8
    endloop
  endfacet
  facet normal 0 0 1
    outer loop
      vertex 55.8376 86.1999 6.8
      vertex 54.1716 84.9215 6.8
      vertex 54.4519 84.6019 6.8
    endloop
  endfacet
  facet normal 0 0 1
    outer loop
      vertex 55.6392 87.1976 6.8
      vertex 53.6107 87.7412 6.8
      vertex 55.6098 87.0501 6.8
    endloop
  endfacet
  facet normal 0 0 1
    outer loop
      vertex 55.7541 86.325 6.8
      vertex 53.9354 85.275 6.8
      vertex 54.1716 84.9215 6.8
    endloop
  endfacet
  facet normal -0 0 1
    outer loop
      vertex 53.5278 87.3242 6.8
      vertex 55.6098 87.0501 6.8
      vertex 53.6107 87.7412 6.8
    endloop
  endfacet
  facet normal 0 0 1
    outer loop
      vertex 55.6875 86.4599 6.8
      vertex 53.7474 85.6563 6.8
      vertex 53.9354 85.275 6.8
    endloop
  endfacet
  facet normal 0 0 1
    outer loop
      vertex 55.6098 87.0501 6.8
      vertex 53.5278 87.3242 6.8
      vertex 55.6 86.9 6.8
    endloop
  endfacet
  facet normal 0 0 1
    outer loop
      vertex 55.6392 86.6024 6.8
      vertex 53.6107 86.0588 6.8
      vertex 53.7474 85.6563 6.8
    endloop
  endfacet
  facet normal 0 0 1
    outer loop
      vertex 53.5 86.9 6.8
      vertex 55.6 86.9 6.8
      vertex 53.5278 87.3242 6.8
    endloop
  endfacet
  facet normal 0 0 1
    outer loop
      vertex 55.6098 86.7499 6.8
      vertex 53.5278 86.4758 6.8
      vertex 53.6107 86.0588 6.8
    endloop
  endfacet
  facet normal 0 0 1
    outer loop
      vertex 55.6 86.9 6.8
      vertex 53.5 86.9 6.8
      vertex 53.5278 86.4758 6.8
    endloop
  endfacet
  facet normal 0 0 1
    outer loop
      vertex 56.75 90.15 6.8
      vertex 57.1 88.9 6.8
      vertex 57.1742 90.1222 6.8
    endloop
  endfacet
  facet normal 0 0 1
    outer loop
      vertex 56.75 90.15 6.8
      vertex 56.4 88.9 6.8
      vertex 57.1 88.9 6.8
    endloop
  endfacet
  facet normal -0 0 1
    outer loop
      vertex 56.3258 90.1222 6.8
      vertex 56.4 88.9 6.8
      vertex 56.75 90.15 6.8
    endloop
  endfacet
  facet normal -0 0 1
    outer loop
      vertex 55.9088 90.0393 6.8
      vertex 56.4 88.9 6.8
      vertex 56.3258 90.1222 6.8
    endloop
  endfacet
  facet normal -0 0 1
    outer loop
      vertex 55.5063 89.9026 6.8
      vertex 56.4 88.9 6.8
      vertex 55.9088 90.0393 6.8
    endloop
  endfacet
  facet normal -0 0 1
    outer loop
      vertex 55.125 89.7146 6.8
      vertex 56.4 88.9 6.8
      vertex 55.5063 89.9026 6.8
    endloop
  endfacet
  facet normal 0 0 1
    outer loop
      vertex 56.4 88.9 6.8
      vertex 56.3099 87.9625 6.8
      vertex 56.4 87.993 6.8
    endloop
  endfacet
  facet normal 0 0 1
    outer loop
      vertex 56.4 88.9 6.8
      vertex 56.175 87.8959 6.8
      vertex 56.3099 87.9625 6.8
    endloop
  endfacet
  facet normal 0 0 1
    outer loop
      vertex 56.4 88.9 6.8
      vertex 56.0499 87.8124 6.8
      vertex 56.175 87.8959 6.8
    endloop
  endfacet
  facet normal -0 0 1
    outer loop
      vertex 54.7715 89.4784 6.8
      vertex 56.4 88.9 6.8
      vertex 55.125 89.7146 6.8
    endloop
  endfacet
  facet normal 0 0 1
    outer loop
      vertex 56.4 88.9 6.8
      vertex 54.7715 89.4784 6.8
      vertex 56.0499 87.8124 6.8
    endloop
  endfacet
  facet normal 0 0 1
    outer loop
      vertex 56.0499 87.8124 6.8
      vertex 54.7715 89.4784 6.8
      vertex 55.9368 87.7132 6.8
    endloop
  endfacet
  facet normal -0 0 1
    outer loop
      vertex 54.4519 89.1981 6.8
      vertex 55.9368 87.7132 6.8
      vertex 54.7715 89.4784 6.8
    endloop
  endfacet
  facet normal 0 0 1
    outer loop
      vertex 55.9368 87.7132 6.8
      vertex 54.4519 89.1981 6.8
      vertex 55.8376 87.6001 6.8
    endloop
  endfacet
  facet normal 0 0 1
    outer loop
      vertex 55.8376 87.6001 6.8
      vertex 54.1716 88.8785 6.8
      vertex 55.7541 87.475 6.8
    endloop
  endfacet
  facet normal -0 0 1
    outer loop
      vertex 54.1716 88.8785 6.8
      vertex 55.8376 87.6001 6.8
      vertex 54.4519 89.1981 6.8
    endloop
  endfacet
  facet normal 0 0 1
    outer loop
      vertex 57.9 86.9 6.8
      vertex 60 86.9 6.8
      vertex 59.9722 87.3242 6.8
    endloop
  endfacet
  facet normal 0 0 1
    outer loop
      vertex 57.8902 87.0501 6.8
      vertex 59.9722 87.3242 6.8
      vertex 59.8893 87.7412 6.8
    endloop
  endfacet
  facet normal 0 0 1
    outer loop
      vertex 60 86.9 6.8
      vertex 57.9 86.9 6.8
      vertex 59.9722 86.4758 6.8
    endloop
  endfacet
  facet normal 0 0 1
    outer loop
      vertex 57.8608 87.1976 6.8
      vertex 59.8893 87.7412 6.8
      vertex 59.7526 88.1437 6.8
    endloop
  endfacet
  facet normal -0 0 1
    outer loop
      vertex 57.8902 86.7499 6.8
      vertex 59.9722 86.4758 6.8
      vertex 57.9 86.9 6.8
    endloop
  endfacet
  facet normal 0 0 1
    outer loop
      vertex 57.8125 87.3401 6.8
      vertex 59.7526 88.1437 6.8
      vertex 59.5646 88.525 6.8
    endloop
  endfacet
  facet normal 0 0 1
    outer loop
      vertex 59.9722 86.4758 6.8
      vertex 57.8902 86.7499 6.8
      vertex 59.8893 86.0588 6.8
    endloop
  endfacet
  facet normal 0 0 1
    outer loop
      vertex 57.7459 87.475 6.8
      vertex 59.5646 88.525 6.8
      vertex 59.3284 88.8785 6.8
    endloop
  endfacet
  facet normal -0 0 1
    outer loop
      vertex 57.8608 86.6024 6.8
      vertex 59.8893 86.0588 6.8
      vertex 57.8902 86.7499 6.8
    endloop
  endfacet
  facet normal 0 0 1
    outer loop
      vertex 57.6624 87.6001 6.8
      vertex 59.3284 88.8785 6.8
      vertex 59.0481 89.1981 6.8
    endloop
  endfacet
  facet normal 0 0 1
    outer loop
      vertex 59.8893 86.0588 6.8
      vertex 57.8608 86.6024 6.8
      vertex 59.7526 85.6563 6.8
    endloop
  endfacet
  facet normal 0 0 1
    outer loop
      vertex 57.5632 87.7132 6.8
      vertex 59.0481 89.1981 6.8
      vertex 58.7285 89.4784 6.8
    endloop
  endfacet
  facet normal -0 0 1
    outer loop
      vertex 57.8125 86.4599 6.8
      vertex 59.7526 85.6563 6.8
      vertex 57.8608 86.6024 6.8
    endloop
  endfacet
  facet normal 0 0 1
    outer loop
      vertex 57.1 88.9 6.8
      vertex 58.7285 89.4784 6.8
      vertex 58.375 89.7146 6.8
    endloop
  endfacet
  facet normal 0 0 1
    outer loop
      vertex 59.7526 85.6563 6.8
      vertex 57.8125 86.4599 6.8
      vertex 59.5646 85.275 6.8
    endloop
  endfacet
  facet normal 0 0 1
    outer loop
      vertex 57.1 88.9 6.8
      vertex 58.375 89.7146 6.8
      vertex 57.9937 89.9026 6.8
    endloop
  endfacet
  facet normal -0 0 1
    outer loop
      vertex 57.7459 86.325 6.8
      vertex 59.5646 85.275 6.8
      vertex 57.8125 86.4599 6.8
    endloop
  endfacet
  facet normal 0 0 1
    outer loop
      vertex 59.5646 85.275 6.8
      vertex 57.7459 86.325 6.8
      vertex 59.3284 84.9215 6.8
    endloop
  endfacet
  facet normal 0 0 1
    outer loop
      vertex 59.9722 87.3242 6.8
      vertex 57.8902 87.0501 6.8
      vertex 57.9 86.9 6.8
    endloop
  endfacet
  facet normal 0 0 1
    outer loop
      vertex 59.8893 87.7412 6.8
      vertex 57.8608 87.1976 6.8
      vertex 57.8902 87.0501 6.8
    endloop
  endfacet
  facet normal 0 0 1
    outer loop
      vertex 59.7526 88.1437 6.8
      vertex 57.8125 87.3401 6.8
      vertex 57.8608 87.1976 6.8
    endloop
  endfacet
  facet normal 0 0 1
    outer loop
      vertex 59.5646 88.525 6.8
      vertex 57.7459 87.475 6.8
      vertex 57.8125 87.3401 6.8
    endloop
  endfacet
  facet normal 0 0 1
    outer loop
      vertex 59.3284 88.8785 6.8
      vertex 57.6624 87.6001 6.8
      vertex 57.7459 87.475 6.8
    endloop
  endfacet
  facet normal 0 0 1
    outer loop
      vertex 57.1 88.9 6.8
      vertex 57.9937 89.9026 6.8
      vertex 57.5912 90.0393 6.8
    endloop
  endfacet
  facet normal 0 0 1
    outer loop
      vertex 59.0481 89.1981 6.8
      vertex 57.5632 87.7132 6.8
      vertex 57.6624 87.6001 6.8
    endloop
  endfacet
  facet normal 0 0 1
    outer loop
      vertex 58.7285 89.4784 6.8
      vertex 57.1 88.9 6.8
      vertex 57.4501 87.8124 6.8
    endloop
  endfacet
  facet normal 0 0 1
    outer loop
      vertex 58.7285 89.4784 6.8
      vertex 57.4501 87.8124 6.8
      vertex 57.5632 87.7132 6.8
    endloop
  endfacet
  facet normal 0 0 1
    outer loop
      vertex 57.4501 87.8124 6.8
      vertex 57.1 88.9 6.8
      vertex 57.325 87.8959 6.8
    endloop
  endfacet
  facet normal 0 0 1
    outer loop
      vertex 57.1 88.9 6.8
      vertex 57.5912 90.0393 6.8
      vertex 57.1742 90.1222 6.8
    endloop
  endfacet
  facet normal 0 0 1
    outer loop
      vertex 57.325 87.8959 6.8
      vertex 57.1 88.9 6.8
      vertex 57.1901 87.9625 6.8
    endloop
  endfacet
  facet normal 0 0 1
    outer loop
      vertex 57.1901 87.9625 6.8
      vertex 57.1 88.9 6.8
      vertex 57.1 87.993 6.8
    endloop
  endfacet
  facet normal -0 0 1
    outer loop
      vertex 57.6624 86.1999 6.8
      vertex 59.3284 84.9215 6.8
      vertex 57.7459 86.325 6.8
    endloop
  endfacet
  facet normal 0 0 1
    outer loop
      vertex 59.3284 84.9215 6.8
      vertex 57.6624 86.1999 6.8
      vertex 59.0481 84.6019 6.8
    endloop
  endfacet
  facet normal -0 0 1
    outer loop
      vertex 57.5632 86.0868 6.8
      vertex 59.0481 84.6019 6.8
      vertex 57.6624 86.1999 6.8
    endloop
  endfacet
  facet normal 0 0 1
    outer loop
      vertex 59.0481 84.6019 6.8
      vertex 57.5632 86.0868 6.8
      vertex 58.7285 84.3216 6.8
    endloop
  endfacet
  facet normal -0 0 1
    outer loop
      vertex 57.4501 85.9876 6.8
      vertex 58.7285 84.3216 6.8
      vertex 57.5632 86.0868 6.8
    endloop
  endfacet
  facet normal -0 0 1
    outer loop
      vertex 57.1 84.9 6.8
      vertex 58.7285 84.3216 6.8
      vertex 57.4501 85.9876 6.8
    endloop
  endfacet
  facet normal 0 0 1
    outer loop
      vertex 58.375 84.0854 6.8
      vertex 57.1 84.9 6.8
      vertex 57.9937 83.8974 6.8
    endloop
  endfacet
  facet normal 0 0 1
    outer loop
      vertex 58.7285 84.3216 6.8
      vertex 57.1 84.9 6.8
      vertex 58.375 84.0854 6.8
    endloop
  endfacet
  facet normal 0 0 1
    outer loop
      vertex 57.1 84.9 6.8
      vertex 57.4501 85.9876 6.8
      vertex 57.325 85.9041 6.8
    endloop
  endfacet
  facet normal 0 0 1
    outer loop
      vertex 57.1 84.9 6.8
      vertex 57.325 85.9041 6.8
      vertex 57.1901 85.8375 6.8
    endloop
  endfacet
  facet normal 0 0 1
    outer loop
      vertex 57.9937 83.8974 6.8
      vertex 57.1 84.9 6.8
      vertex 57.5912 83.7607 6.8
    endloop
  endfacet
  facet normal 0 0 1
    outer loop
      vertex 57.1 84.9 6.8
      vertex 57.1901 85.8375 6.8
      vertex 57.1 85.807 6.8
    endloop
  endfacet
  facet normal 0 0 1
    outer loop
      vertex 57.5912 83.7607 6.8
      vertex 57.1 84.9 6.8
      vertex 57.1742 83.6778 6.8
    endloop
  endfacet
  facet normal 0 0 1
    outer loop
      vertex 57.1 84.9 6.8
      vertex 56.75 83.65 6.8
      vertex 57.1742 83.6778 6.8
    endloop
  endfacet
  facet normal -0 0 1
    outer loop
      vertex 56.4 84.9 6.8
      vertex 56.75 83.65 6.8
      vertex 57.1 84.9 6.8
    endloop
  endfacet
  facet normal 0 0 1
    outer loop
      vertex 56.75 83.65 6.8
      vertex 56.4 84.9 6.8
      vertex 56.3258 83.6778 6.8
    endloop
  endfacet
  facet normal -0.94688 0.321586 0
    outer loop
      vertex 53.6107 87.7412 3.4
      vertex 53.7474 88.1437 6.8
      vertex 53.7474 88.1437 3.4
    endloop
  endfacet
  facet normal -0.94688 0.321586 0
    outer loop
      vertex 53.7474 88.1437 6.8
      vertex 53.6107 87.7412 3.4
      vertex 53.6107 87.7412 6.8
    endloop
  endfacet
  facet normal -0.980806 0.194985 0
    outer loop
      vertex 53.5278 87.3242 3.4
      vertex 53.6107 87.7412 6.8
      vertex 53.6107 87.7412 3.4
    endloop
  endfacet
  facet normal -0.980806 0.194985 0
    outer loop
      vertex 53.6107 87.7412 6.8
      vertex 53.5278 87.3242 3.4
      vertex 53.5278 87.3242 6.8
    endloop
  endfacet
  facet normal -0.831471 0.555568 0
    outer loop
      vertex 53.9354 88.525 3.4
      vertex 54.1716 88.8785 6.8
      vertex 54.1716 88.8785 3.4
    endloop
  endfacet
  facet normal -0.831471 0.555568 0
    outer loop
      vertex 54.1716 88.8785 6.8
      vertex 53.9354 88.525 3.4
      vertex 53.9354 88.525 6.8
    endloop
  endfacet
  facet normal -0.194985 0.980806 0
    outer loop
      vertex 56.3258 90.1222 3.4
      vertex 55.9088 90.0393 6.8
      vertex 56.3258 90.1222 6.8
    endloop
  endfacet
  facet normal -0.194985 0.980806 0
    outer loop
      vertex 55.9088 90.0393 6.8
      vertex 56.3258 90.1222 3.4
      vertex 55.9088 90.0393 3.4
    endloop
  endfacet
  facet normal -0.555568 0.831471 0
    outer loop
      vertex 55.125 89.7146 3.4
      vertex 54.7715 89.4784 6.8
      vertex 55.125 89.7146 6.8
    endloop
  endfacet
  facet normal -0.555568 0.831471 0
    outer loop
      vertex 54.7715 89.4784 6.8
      vertex 55.125 89.7146 3.4
      vertex 54.7715 89.4784 3.4
    endloop
  endfacet
  facet normal -0.44222 0.896907 0
    outer loop
      vertex 55.5063 89.9026 3.4
      vertex 55.125 89.7146 6.8
      vertex 55.5063 89.9026 6.8
    endloop
  endfacet
  facet normal -0.44222 0.896907 0
    outer loop
      vertex 55.125 89.7146 6.8
      vertex 55.5063 89.9026 3.4
      vertex 55.125 89.7146 3.4
    endloop
  endfacet
  facet normal 0.997859 -0.0653948 0
    outer loop
      vertex 59.9722 86.4758 6.8
      vertex 60 86.9 3.4
      vertex 60 86.9 6.8
    endloop
  endfacet
  facet normal 0.997859 -0.0653948 0
    outer loop
      vertex 60 86.9 3.4
      vertex 59.9722 86.4758 6.8
      vertex 59.9722 86.4758 3.4
    endloop
  endfacet
  facet normal 0.194985 -0.980806 0
    outer loop
      vertex 57.1742 83.6778 3.4
      vertex 57.5912 83.7607 6.8
      vertex 57.1742 83.6778 6.8
    endloop
  endfacet
  facet normal 0.194985 -0.980806 0
    outer loop
      vertex 57.5912 83.7607 6.8
      vertex 57.1742 83.6778 3.4
      vertex 57.5912 83.7607 3.4
    endloop
  endfacet
  facet normal 0.65937 -0.751818 0
    outer loop
      vertex 58.7285 84.3216 3.4
      vertex 59.0481 84.6019 6.8
      vertex 58.7285 84.3216 6.8
    endloop
  endfacet
  facet normal 0.65937 -0.751818 0
    outer loop
      vertex 59.0481 84.6019 6.8
      vertex 58.7285 84.3216 3.4
      vertex 59.0481 84.6019 3.4
    endloop
  endfacet
  facet normal 0.44222 -0.896907 0
    outer loop
      vertex 57.9937 83.8974 3.4
      vertex 58.375 84.0854 6.8
      vertex 57.9937 83.8974 6.8
    endloop
  endfacet
  facet normal 0.44222 -0.896907 0
    outer loop
      vertex 58.375 84.0854 6.8
      vertex 57.9937 83.8974 3.4
      vertex 58.375 84.0854 3.4
    endloop
  endfacet
  facet normal -0.321586 -0.94688 0
    outer loop
      vertex 55.5063 83.8974 3.4
      vertex 55.9088 83.7607 6.8
      vertex 55.5063 83.8974 6.8
    endloop
  endfacet
  facet normal -0.321586 -0.94688 -0
    outer loop
      vertex 55.9088 83.7607 6.8
      vertex 55.5063 83.8974 3.4
      vertex 55.9088 83.7607 3.4
    endloop
  endfacet
  facet normal -0.555568 -0.831471 0
    outer loop
      vertex 54.7715 84.3216 3.4
      vertex 55.125 84.0854 6.8
      vertex 54.7715 84.3216 6.8
    endloop
  endfacet
  facet normal -0.555568 -0.831471 -0
    outer loop
      vertex 55.125 84.0854 6.8
      vertex 54.7715 84.3216 3.4
      vertex 55.125 84.0854 3.4
    endloop
  endfacet
  facet normal -0.980806 -0.194985 0
    outer loop
      vertex 53.6107 86.0588 3.4
      vertex 53.5278 86.4758 6.8
      vertex 53.5278 86.4758 3.4
    endloop
  endfacet
  facet normal -0.980806 -0.194985 0
    outer loop
      vertex 53.5278 86.4758 6.8
      vertex 53.6107 86.0588 3.4
      vertex 53.6107 86.0588 6.8
    endloop
  endfacet
  facet normal -0.896907 -0.44222 0
    outer loop
      vertex 53.9354 85.275 3.4
      vertex 53.7474 85.6563 6.8
      vertex 53.7474 85.6563 3.4
    endloop
  endfacet
  facet normal -0.896907 -0.44222 0
    outer loop
      vertex 53.7474 85.6563 6.8
      vertex 53.9354 85.275 3.4
      vertex 53.9354 85.275 6.8
    endloop
  endfacet
  facet normal 0.980806 -0.194985 0
    outer loop
      vertex 59.8893 86.0588 6.8
      vertex 59.9722 86.4758 3.4
      vertex 59.9722 86.4758 6.8
    endloop
  endfacet
  facet normal 0.980806 -0.194985 0
    outer loop
      vertex 59.9722 86.4758 3.4
      vertex 59.8893 86.0588 6.8
      vertex 59.8893 86.0588 3.4
    endloop
  endfacet
  facet normal 0.896907 -0.44222 0
    outer loop
      vertex 59.5646 85.275 6.8
      vertex 59.7526 85.6563 3.4
      vertex 59.7526 85.6563 6.8
    endloop
  endfacet
  facet normal 0.896907 -0.44222 0
    outer loop
      vertex 59.7526 85.6563 3.4
      vertex 59.5646 85.275 6.8
      vertex 59.5646 85.275 3.4
    endloop
  endfacet
  facet normal 0.321586 -0.94688 0
    outer loop
      vertex 57.5912 83.7607 3.4
      vertex 57.9937 83.8974 6.8
      vertex 57.5912 83.7607 6.8
    endloop
  endfacet
  facet normal 0.321586 -0.94688 0
    outer loop
      vertex 57.9937 83.8974 6.8
      vertex 57.5912 83.7607 3.4
      vertex 57.9937 83.8974 3.4
    endloop
  endfacet
  facet normal 0.751818 -0.65937 0
    outer loop
      vertex 59.0481 84.6019 6.8
      vertex 59.3284 84.9215 3.4
      vertex 59.3284 84.9215 6.8
    endloop
  endfacet
  facet normal 0.751818 -0.65937 0
    outer loop
      vertex 59.3284 84.9215 3.4
      vertex 59.0481 84.6019 6.8
      vertex 59.0481 84.6019 3.4
    endloop
  endfacet
  facet normal 0.555568 -0.831471 0
    outer loop
      vertex 58.375 84.0854 3.4
      vertex 58.7285 84.3216 6.8
      vertex 58.375 84.0854 6.8
    endloop
  endfacet
  facet normal 0.555568 -0.831471 0
    outer loop
      vertex 58.7285 84.3216 6.8
      vertex 58.375 84.0854 3.4
      vertex 58.7285 84.3216 3.4
    endloop
  endfacet
  facet normal -0.194985 -0.980806 0
    outer loop
      vertex 55.9088 83.7607 3.4
      vertex 56.3258 83.6778 6.8
      vertex 55.9088 83.7607 6.8
    endloop
  endfacet
  facet normal -0.194985 -0.980806 -0
    outer loop
      vertex 56.3258 83.6778 6.8
      vertex 55.9088 83.7607 3.4
      vertex 56.3258 83.6778 3.4
    endloop
  endfacet
  facet normal -0.44222 -0.896907 0
    outer loop
      vertex 55.125 84.0854 3.4
      vertex 55.5063 83.8974 6.8
      vertex 55.125 84.0854 6.8
    endloop
  endfacet
  facet normal -0.44222 -0.896907 -0
    outer loop
      vertex 55.5063 83.8974 6.8
      vertex 55.125 84.0854 3.4
      vertex 55.5063 83.8974 3.4
    endloop
  endfacet
  facet normal -0.94688 -0.321586 0
    outer loop
      vertex 53.7474 85.6563 3.4
      vertex 53.6107 86.0588 6.8
      vertex 53.6107 86.0588 3.4
    endloop
  endfacet
  facet normal -0.94688 -0.321586 0
    outer loop
      vertex 53.6107 86.0588 6.8
      vertex 53.7474 85.6563 3.4
      vertex 53.7474 85.6563 6.8
    endloop
  endfacet
  facet normal -0.831471 -0.555568 0
    outer loop
      vertex 54.1716 84.9215 3.4
      vertex 53.9354 85.275 6.8
      vertex 53.9354 85.275 3.4
    endloop
  endfacet
  facet normal -0.831471 -0.555568 0
    outer loop
      vertex 53.9354 85.275 6.8
      vertex 54.1716 84.9215 3.4
      vertex 54.1716 84.9215 6.8
    endloop
  endfacet
  facet normal 0.831743 0.55516 0
    outer loop
      vertex 57.7459 87.475 8.4
      vertex 57.6624 87.6001 6.8
      vertex 57.6624 87.6001 8.4
    endloop
  endfacet
  facet normal 0.831743 0.55516 0
    outer loop
      vertex 57.6624 87.6001 6.8
      vertex 57.7459 87.475 8.4
      vertex 57.7459 87.475 6.8
    endloop
  endfacet
  facet normal 0.32064 0.947201 -0
    outer loop
      vertex 57.1901 87.9625 6.8
      vertex 57.1 87.993 8.4
      vertex 57.1901 87.9625 8.4
    endloop
  endfacet
  facet normal 0.32064 0.947201 0
    outer loop
      vertex 57.1 87.993 8.4
      vertex 57.1901 87.9625 6.8
      vertex 57.1 87.993 6.8
    endloop
  endfacet
  facet normal -0.442688 0.896676 0
    outer loop
      vertex 56.3099 87.9625 6.8
      vertex 56.175 87.8959 8.4
      vertex 56.3099 87.9625 8.4
    endloop
  endfacet
  facet normal -0.442688 0.896676 0
    outer loop
      vertex 56.175 87.8959 8.4
      vertex 56.3099 87.9625 6.8
      vertex 56.175 87.8959 6.8
    endloop
  endfacet
  facet normal -0.896676 0.442688 0
    outer loop
      vertex 55.6875 87.3401 6.8
      vertex 55.7541 87.475 8.4
      vertex 55.7541 87.475 6.8
    endloop
  endfacet
  facet normal -0.896676 0.442688 0
    outer loop
      vertex 55.7541 87.475 8.4
      vertex 55.6875 87.3401 6.8
      vertex 55.6875 87.3401 8.4
    endloop
  endfacet
  facet normal 0.980708 0.195477 0
    outer loop
      vertex 57.8902 87.0501 8.4
      vertex 57.8608 87.1976 6.8
      vertex 57.8608 87.1976 8.4
    endloop
  endfacet
  facet normal 0.980708 0.195477 0
    outer loop
      vertex 57.8608 87.1976 6.8
      vertex 57.8902 87.0501 8.4
      vertex 57.8902 87.0501 6.8
    endloop
  endfacet
  facet normal 0.659398 0.751794 -0
    outer loop
      vertex 57.5632 87.7132 6.8
      vertex 57.4501 87.8124 8.4
      vertex 57.5632 87.7132 8.4
    endloop
  endfacet
  facet normal 0.659398 0.751794 0
    outer loop
      vertex 57.4501 87.8124 8.4
      vertex 57.5632 87.7132 6.8
      vertex 57.4501 87.8124 6.8
    endloop
  endfacet
  facet normal 0.55516 0.831743 -0
    outer loop
      vertex 57.4501 87.8124 6.8
      vertex 57.325 87.8959 8.4
      vertex 57.4501 87.8124 8.4
    endloop
  endfacet
  facet normal 0.55516 0.831743 0
    outer loop
      vertex 57.325 87.8959 8.4
      vertex 57.4501 87.8124 6.8
      vertex 57.325 87.8959 6.8
    endloop
  endfacet
  facet normal -0.997875 0.0651511 0
    outer loop
      vertex 55.6 86.9 6.8
      vertex 55.6098 87.0501 8.4
      vertex 55.6098 87.0501 6.8
    endloop
  endfacet
  facet normal -0.997875 0.0651511 0
    outer loop
      vertex 55.6098 87.0501 8.4
      vertex 55.6 86.9 6.8
      vertex 55.6 86.9 8.4
    endloop
  endfacet
  facet normal -0.751794 0.659398 0
    outer loop
      vertex 55.8376 87.6001 6.8
      vertex 55.9368 87.7132 8.4
      vertex 55.9368 87.7132 6.8
    endloop
  endfacet
  facet normal -0.751794 0.659398 0
    outer loop
      vertex 55.9368 87.7132 8.4
      vertex 55.8376 87.6001 6.8
      vertex 55.8376 87.6001 8.4
    endloop
  endfacet
  facet normal -0.55516 0.831743 0
    outer loop
      vertex 56.175 87.8959 6.8
      vertex 56.0499 87.8124 8.4
      vertex 56.175 87.8959 8.4
    endloop
  endfacet
  facet normal -0.55516 0.831743 0
    outer loop
      vertex 56.0499 87.8124 8.4
      vertex 56.175 87.8959 6.8
      vertex 56.0499 87.8124 6.8
    endloop
  endfacet
  facet normal -0.659398 0.751794 0
    outer loop
      vertex 56.0499 87.8124 6.8
      vertex 55.9368 87.7132 8.4
      vertex 56.0499 87.8124 8.4
    endloop
  endfacet
  facet normal -0.659398 0.751794 0
    outer loop
      vertex 55.9368 87.7132 8.4
      vertex 56.0499 87.8124 6.8
      vertex 55.9368 87.7132 6.8
    endloop
  endfacet
  facet normal 0.55516 -0.831743 0
    outer loop
      vertex 57.325 85.9041 6.8
      vertex 57.4501 85.9876 8.4
      vertex 57.325 85.9041 8.4
    endloop
  endfacet
  facet normal 0.55516 -0.831743 0
    outer loop
      vertex 57.4501 85.9876 8.4
      vertex 57.325 85.9041 6.8
      vertex 57.4501 85.9876 6.8
    endloop
  endfacet
  facet normal -0.659398 -0.751794 0
    outer loop
      vertex 55.9368 86.0868 6.8
      vertex 56.0499 85.9876 8.4
      vertex 55.9368 86.0868 8.4
    endloop
  endfacet
  facet normal -0.659398 -0.751794 -0
    outer loop
      vertex 56.0499 85.9876 8.4
      vertex 55.9368 86.0868 6.8
      vertex 56.0499 85.9876 6.8
    endloop
  endfacet
  facet normal -0.896676 -0.442688 0
    outer loop
      vertex 55.7541 86.325 6.8
      vertex 55.6875 86.4599 8.4
      vertex 55.6875 86.4599 6.8
    endloop
  endfacet
  facet normal -0.896676 -0.442688 0
    outer loop
      vertex 55.6875 86.4599 8.4
      vertex 55.7541 86.325 6.8
      vertex 55.7541 86.325 8.4
    endloop
  endfacet
  facet normal 0.751794 0.659398 0
    outer loop
      vertex 57.6624 87.6001 8.4
      vertex 57.5632 87.7132 6.8
      vertex 57.5632 87.7132 8.4
    endloop
  endfacet
  facet normal 0.751794 0.659398 0
    outer loop
      vertex 57.5632 87.7132 6.8
      vertex 57.6624 87.6001 8.4
      vertex 57.6624 87.6001 6.8
    endloop
  endfacet
  facet normal 0.442688 0.896676 -0
    outer loop
      vertex 57.325 87.8959 6.8
      vertex 57.1901 87.9625 8.4
      vertex 57.325 87.8959 8.4
    endloop
  endfacet
  facet normal 0.442688 0.896676 0
    outer loop
      vertex 57.1901 87.9625 8.4
      vertex 57.325 87.8959 6.8
      vertex 57.1901 87.9625 6.8
    endloop
  endfacet
  facet normal -0.947076 0.321009 0
    outer loop
      vertex 55.6392 87.1976 6.8
      vertex 55.6875 87.3401 8.4
      vertex 55.6875 87.3401 6.8
    endloop
  endfacet
  facet normal -0.947076 0.321009 0
    outer loop
      vertex 55.6875 87.3401 8.4
      vertex 55.6392 87.1976 6.8
      vertex 55.6392 87.1976 8.4
    endloop
  endfacet
  facet normal -0.980708 0.195477 0
    outer loop
      vertex 55.6098 87.0501 6.8
      vertex 55.6392 87.1976 8.4
      vertex 55.6392 87.1976 6.8
    endloop
  endfacet
  facet normal -0.980708 0.195477 0
    outer loop
      vertex 55.6392 87.1976 8.4
      vertex 55.6098 87.0501 6.8
      vertex 55.6098 87.0501 8.4
    endloop
  endfacet
  facet normal -0.831743 0.55516 0
    outer loop
      vertex 55.7541 87.475 6.8
      vertex 55.8376 87.6001 8.4
      vertex 55.8376 87.6001 6.8
    endloop
  endfacet
  facet normal -0.831743 0.55516 0
    outer loop
      vertex 55.8376 87.6001 8.4
      vertex 55.7541 87.475 6.8
      vertex 55.7541 87.475 8.4
    endloop
  endfacet
  facet normal -0.32064 0.947201 0
    outer loop
      vertex 56.4 87.993 6.8
      vertex 56.3099 87.9625 8.4
      vertex 56.4 87.993 8.4
    endloop
  endfacet
  facet normal -0.32064 0.947201 0
    outer loop
      vertex 56.3099 87.9625 8.4
      vertex 56.4 87.993 6.8
      vertex 56.3099 87.9625 6.8
    endloop
  endfacet
  facet normal 0.997875 0.0651511 0
    outer loop
      vertex 57.9 86.9 8.4
      vertex 57.8902 87.0501 6.8
      vertex 57.8902 87.0501 8.4
    endloop
  endfacet
  facet normal 0.997875 0.0651511 0
    outer loop
      vertex 57.8902 87.0501 6.8
      vertex 57.9 86.9 8.4
      vertex 57.9 86.9 6.8
    endloop
  endfacet
  facet normal 0.997875 -0.0651511 0
    outer loop
      vertex 57.8902 86.7499 8.4
      vertex 57.9 86.9 6.8
      vertex 57.9 86.9 8.4
    endloop
  endfacet
  facet normal 0.997875 -0.0651511 0
    outer loop
      vertex 57.9 86.9 6.8
      vertex 57.8902 86.7499 8.4
      vertex 57.8902 86.7499 6.8
    endloop
  endfacet
  facet normal 0.980708 -0.195477 0
    outer loop
      vertex 57.8608 86.6024 8.4
      vertex 57.8902 86.7499 6.8
      vertex 57.8902 86.7499 8.4
    endloop
  endfacet
  facet normal 0.980708 -0.195477 0
    outer loop
      vertex 57.8902 86.7499 6.8
      vertex 57.8608 86.6024 8.4
      vertex 57.8608 86.6024 6.8
    endloop
  endfacet
  facet normal -0.997875 -0.0651511 0
    outer loop
      vertex 55.6098 86.7499 6.8
      vertex 55.6 86.9 8.4
      vertex 55.6 86.9 6.8
    endloop
  endfacet
  facet normal -0.997875 -0.0651511 0
    outer loop
      vertex 55.6 86.9 8.4
      vertex 55.6098 86.7499 6.8
      vertex 55.6098 86.7499 8.4
    endloop
  endfacet
  facet normal -0.831743 -0.55516 0
    outer loop
      vertex 55.8376 86.1999 6.8
      vertex 55.7541 86.325 8.4
      vertex 55.7541 86.325 6.8
    endloop
  endfacet
  facet normal -0.831743 -0.55516 0
    outer loop
      vertex 55.7541 86.325 8.4
      vertex 55.8376 86.1999 6.8
      vertex 55.8376 86.1999 8.4
    endloop
  endfacet
  facet normal 0.442688 -0.896676 0
    outer loop
      vertex 57.1901 85.8375 6.8
      vertex 57.325 85.9041 8.4
      vertex 57.1901 85.8375 8.4
    endloop
  endfacet
  facet normal 0.442688 -0.896676 0
    outer loop
      vertex 57.325 85.9041 8.4
      vertex 57.1901 85.8375 6.8
      vertex 57.325 85.9041 6.8
    endloop
  endfacet
  facet normal 0.896676 0.442688 0
    outer loop
      vertex 57.8125 87.3401 8.4
      vertex 57.7459 87.475 6.8
      vertex 57.7459 87.475 8.4
    endloop
  endfacet
  facet normal 0.896676 0.442688 0
    outer loop
      vertex 57.7459 87.475 6.8
      vertex 57.8125 87.3401 8.4
      vertex 57.8125 87.3401 6.8
    endloop
  endfacet
  facet normal 0.947076 0.321009 0
    outer loop
      vertex 57.8608 87.1976 8.4
      vertex 57.8125 87.3401 6.8
      vertex 57.8125 87.3401 8.4
    endloop
  endfacet
  facet normal 0.947076 0.321009 0
    outer loop
      vertex 57.8125 87.3401 6.8
      vertex 57.8608 87.1976 8.4
      vertex 57.8608 87.1976 6.8
    endloop
  endfacet
  facet normal 0.751794 -0.659398 0
    outer loop
      vertex 57.5632 86.0868 8.4
      vertex 57.6624 86.1999 6.8
      vertex 57.6624 86.1999 8.4
    endloop
  endfacet
  facet normal 0.751794 -0.659398 0
    outer loop
      vertex 57.6624 86.1999 6.8
      vertex 57.5632 86.0868 8.4
      vertex 57.5632 86.0868 6.8
    endloop
  endfacet
  facet normal 0.831743 -0.55516 0
    outer loop
      vertex 57.6624 86.1999 8.4
      vertex 57.7459 86.325 6.8
      vertex 57.7459 86.325 8.4
    endloop
  endfacet
  facet normal 0.831743 -0.55516 0
    outer loop
      vertex 57.7459 86.325 6.8
      vertex 57.6624 86.1999 8.4
      vertex 57.6624 86.1999 6.8
    endloop
  endfacet
  facet normal 0.896676 -0.442688 0
    outer loop
      vertex 57.7459 86.325 8.4
      vertex 57.8125 86.4599 6.8
      vertex 57.8125 86.4599 8.4
    endloop
  endfacet
  facet normal 0.896676 -0.442688 0
    outer loop
      vertex 57.8125 86.4599 6.8
      vertex 57.7459 86.325 8.4
      vertex 57.7459 86.325 6.8
    endloop
  endfacet
  facet normal -0.947076 -0.321009 0
    outer loop
      vertex 55.6875 86.4599 6.8
      vertex 55.6392 86.6024 8.4
      vertex 55.6392 86.6024 6.8
    endloop
  endfacet
  facet normal -0.947076 -0.321009 0
    outer loop
      vertex 55.6392 86.6024 8.4
      vertex 55.6875 86.4599 6.8
      vertex 55.6875 86.4599 8.4
    endloop
  endfacet
  facet normal -0.980708 -0.195477 0
    outer loop
      vertex 55.6392 86.6024 6.8
      vertex 55.6098 86.7499 8.4
      vertex 55.6098 86.7499 6.8
    endloop
  endfacet
  facet normal -0.980708 -0.195477 0
    outer loop
      vertex 55.6098 86.7499 8.4
      vertex 55.6392 86.6024 6.8
      vertex 55.6392 86.6024 8.4
    endloop
  endfacet
  facet normal -0.751794 -0.659398 0
    outer loop
      vertex 55.9368 86.0868 6.8
      vertex 55.8376 86.1999 8.4
      vertex 55.8376 86.1999 6.8
    endloop
  endfacet
  facet normal -0.751794 -0.659398 0
    outer loop
      vertex 55.8376 86.1999 8.4
      vertex 55.9368 86.0868 6.8
      vertex 55.9368 86.0868 8.4
    endloop
  endfacet
  facet normal 0.32064 -0.947201 0
    outer loop
      vertex 57.1 85.807 6.8
      vertex 57.1901 85.8375 8.4
      vertex 57.1 85.807 8.4
    endloop
  endfacet
  facet normal 0.32064 -0.947201 0
    outer loop
      vertex 57.1901 85.8375 8.4
      vertex 57.1 85.807 6.8
      vertex 57.1901 85.8375 6.8
    endloop
  endfacet
  facet normal 0.659398 -0.751794 0
    outer loop
      vertex 57.4501 85.9876 6.8
      vertex 57.5632 86.0868 8.4
      vertex 57.4501 85.9876 8.4
    endloop
  endfacet
  facet normal 0.659398 -0.751794 0
    outer loop
      vertex 57.5632 86.0868 8.4
      vertex 57.4501 85.9876 6.8
      vertex 57.5632 86.0868 6.8
    endloop
  endfacet
  facet normal 0.947076 -0.321009 0
    outer loop
      vertex 57.8125 86.4599 8.4
      vertex 57.8608 86.6024 6.8
      vertex 57.8608 86.6024 8.4
    endloop
  endfacet
  facet normal 0.947076 -0.321009 0
    outer loop
      vertex 57.8608 86.6024 6.8
      vertex 57.8125 86.4599 8.4
      vertex 57.8125 86.4599 6.8
    endloop
  endfacet
  facet normal -0.442688 -0.896676 0
    outer loop
      vertex 56.175 85.9041 6.8
      vertex 56.3099 85.8375 8.4
      vertex 56.175 85.9041 8.4
    endloop
  endfacet
  facet normal -0.442688 -0.896676 -0
    outer loop
      vertex 56.3099 85.8375 8.4
      vertex 56.175 85.9041 6.8
      vertex 56.3099 85.8375 6.8
    endloop
  endfacet
  facet normal -0.32064 -0.947201 0
    outer loop
      vertex 56.3099 85.8375 6.8
      vertex 56.4 85.807 8.4
      vertex 56.3099 85.8375 8.4
    endloop
  endfacet
  facet normal -0.32064 -0.947201 -0
    outer loop
      vertex 56.4 85.807 8.4
      vertex 56.3099 85.8375 6.8
      vertex 56.4 85.807 6.8
    endloop
  endfacet
  facet normal -0.55516 -0.831743 0
    outer loop
      vertex 56.0499 85.9876 6.8
      vertex 56.175 85.9041 8.4
      vertex 56.0499 85.9876 8.4
    endloop
  endfacet
  facet normal -0.55516 -0.831743 -0
    outer loop
      vertex 56.175 85.9041 8.4
      vertex 56.0499 85.9876 6.8
      vertex 56.175 85.9041 6.8
    endloop
  endfacet
  facet normal 0.955959 0.0624144 0.286788
    outer loop
      vertex 58.275 86.9 8.4
      vertex 57.8902 87.0501 9.65
      vertex 57.9 86.9 9.65
    endloop
  endfacet
  facet normal 0.955959 0.0624182 0.286787
    outer loop
      vertex 58.262 87.0991 8.4
      vertex 57.8902 87.0501 9.65
      vertex 58.275 86.9 8.4
    endloop
  endfacet
  facet normal -0.955959 -0.0624144 0.286788
    outer loop
      vertex 55.6 86.9 9.65
      vertex 55.225 86.9 8.4
      vertex 55.6098 86.7499 9.65
    endloop
  endfacet
  facet normal 0.939515 0.187266 0.286781
    outer loop
      vertex 58.223 87.2947 8.4
      vertex 57.8608 87.1976 9.65
      vertex 57.8902 87.0501 9.65
    endloop
  endfacet
  facet normal 0.859002 0.424089 0.286816
    outer loop
      vertex 58.0707 87.6625 8.4
      vertex 57.7459 87.475 9.65
      vertex 57.8125 87.3401 9.65
    endloop
  endfacet
  facet normal -0.424089 0.859002 0.286816
    outer loop
      vertex 56.3099 87.9625 9.65
      vertex 55.9875 88.2207 8.4
      vertex 56.175 87.8959 9.65
    endloop
  endfacet
  facet normal -0.939515 -0.187266 0.286781
    outer loop
      vertex 55.6098 86.7499 9.65
      vertex 55.277 86.5053 8.4
      vertex 55.6392 86.6024 9.65
    endloop
  endfacet
  facet normal -0.859255 -0.423624 0.286749
    outer loop
      vertex 55.6875 86.4599 9.65
      vertex 55.3411 86.3164 8.4
      vertex 55.4293 86.1375 8.4
    endloop
  endfacet
  facet normal 0.632045 -0.719935 0.286728
    outer loop
      vertex 57.8283 85.8217 8.4
      vertex 57.5632 86.0868 9.65
      vertex 57.6784 85.6901 8.4
    endloop
  endfacet
  facet normal 0.6317 0.720215 0.286785
    outer loop
      vertex 57.6784 88.1099 8.4
      vertex 57.4501 87.8124 9.65
      vertex 57.5632 87.7132 9.65
    endloop
  endfacet
  facet normal 0.939501 0.187324 0.286788
    outer loop
      vertex 58.223 87.2947 8.4
      vertex 57.8902 87.0501 9.65
      vertex 58.262 87.0991 8.4
    endloop
  endfacet
  facet normal 0.187668 0.939438 0.286769
    outer loop
      vertex 57.1 88.3122 8.62843
      vertex 57.1 88.2062 8.97568
      vertex 57.1447 88.373 8.4
    endloop
  endfacet
  facet normal 0.53206 0.79665 0.286811
    outer loop
      vertex 57.5125 88.2207 8.4
      vertex 57.325 87.8959 9.65
      vertex 57.6784 88.1099 8.4
    endloop
  endfacet
  facet normal -0.719935 -0.632045 0.286728
    outer loop
      vertex 55.9368 86.0868 9.65
      vertex 55.5401 85.9716 8.4
      vertex 55.6717 85.8217 8.4
    endloop
  endfacet
  facet normal 0 0 -1
    outer loop
      vertex 57.9 86.9 8.4
      vertex 58.275 86.9 8.4
      vertex 58.262 86.701 8.4
    endloop
  endfacet
  facet normal 0 0 -1
    outer loop
      vertex 57.8902 86.7499 8.4
      vertex 58.262 86.701 8.4
      vertex 58.223 86.5053 8.4
    endloop
  endfacet
  facet normal 0 0 -1
    outer loop
      vertex 58.275 86.9 8.4
      vertex 57.9 86.9 8.4
      vertex 58.262 87.0991 8.4
    endloop
  endfacet
  facet normal 0 0 -1
    outer loop
      vertex 57.8608 86.6024 8.4
      vertex 58.223 86.5053 8.4
      vertex 58.1589 86.3164 8.4
    endloop
  endfacet
  facet normal 0 0 -1
    outer loop
      vertex 57.8902 87.0501 8.4
      vertex 58.262 87.0991 8.4
      vertex 57.9 86.9 8.4
    endloop
  endfacet
  facet normal 0 0 -1
    outer loop
      vertex 57.8125 86.4599 8.4
      vertex 58.1589 86.3164 8.4
      vertex 58.0707 86.1375 8.4
    endloop
  endfacet
  facet normal -0 0 -1
    outer loop
      vertex 58.262 87.0991 8.4
      vertex 57.8902 87.0501 8.4
      vertex 58.223 87.2947 8.4
    endloop
  endfacet
  facet normal 0 0 -1
    outer loop
      vertex 57.7459 86.325 8.4
      vertex 58.0707 86.1375 8.4
      vertex 57.9599 85.9716 8.4
    endloop
  endfacet
  facet normal 0 0 -1
    outer loop
      vertex 57.8608 87.1976 8.4
      vertex 58.223 87.2947 8.4
      vertex 57.8902 87.0501 8.4
    endloop
  endfacet
  facet normal -0 0 -1
    outer loop
      vertex 58.223 87.2947 8.4
      vertex 57.8608 87.1976 8.4
      vertex 58.1589 87.4836 8.4
    endloop
  endfacet
  facet normal 0 0 -1
    outer loop
      vertex 58.262 86.701 8.4
      vertex 57.8902 86.7499 8.4
      vertex 57.9 86.9 8.4
    endloop
  endfacet
  facet normal 0 0 -1
    outer loop
      vertex 58.223 86.5053 8.4
      vertex 57.8608 86.6024 8.4
      vertex 57.8902 86.7499 8.4
    endloop
  endfacet
  facet normal 0 0 -1
    outer loop
      vertex 57.6624 86.1999 8.4
      vertex 57.9599 85.9716 8.4
      vertex 57.8283 85.8217 8.4
    endloop
  endfacet
  facet normal 0 0 -1
    outer loop
      vertex 58.1589 86.3164 8.4
      vertex 57.8125 86.4599 8.4
      vertex 57.8608 86.6024 8.4
    endloop
  endfacet
  facet normal 0 0 -1
    outer loop
      vertex 58.0707 86.1375 8.4
      vertex 57.7459 86.325 8.4
      vertex 57.8125 86.4599 8.4
    endloop
  endfacet
  facet normal 0 0 -1
    outer loop
      vertex 57.5632 86.0868 8.4
      vertex 57.8283 85.8217 8.4
      vertex 57.6784 85.6901 8.4
    endloop
  endfacet
  facet normal 0 0 -1
    outer loop
      vertex 57.9599 85.9716 8.4
      vertex 57.6624 86.1999 8.4
      vertex 57.7459 86.325 8.4
    endloop
  endfacet
  facet normal 0 0 -1
    outer loop
      vertex 57.8283 85.8217 8.4
      vertex 57.5632 86.0868 8.4
      vertex 57.6624 86.1999 8.4
    endloop
  endfacet
  facet normal 0 0 -1
    outer loop
      vertex 57.4501 85.9876 8.4
      vertex 57.6784 85.6901 8.4
      vertex 57.5125 85.5793 8.4
    endloop
  endfacet
  facet normal 0 0 -1
    outer loop
      vertex 57.6784 85.6901 8.4
      vertex 57.4501 85.9876 8.4
      vertex 57.5632 86.0868 8.4
    endloop
  endfacet
  facet normal 0 0 -1
    outer loop
      vertex 57.325 85.9041 8.4
      vertex 57.5125 85.5793 8.4
      vertex 57.3336 85.4911 8.4
    endloop
  endfacet
  facet normal 0 0 -1
    outer loop
      vertex 57.5125 85.5793 8.4
      vertex 57.325 85.9041 8.4
      vertex 57.4501 85.9876 8.4
    endloop
  endfacet
  facet normal 0 0 -1
    outer loop
      vertex 57.3336 85.4911 8.4
      vertex 57.1901 85.8375 8.4
      vertex 57.325 85.9041 8.4
    endloop
  endfacet
  facet normal 0 0 -1
    outer loop
      vertex 57.1 85.807 8.4
      vertex 57.3336 85.4911 8.4
      vertex 57.1447 85.427 8.4
    endloop
  endfacet
  facet normal 0 0 -1
    outer loop
      vertex 57.1 85.807 8.4
      vertex 57.1447 85.427 8.4
      vertex 57.1 85.4181 8.4
    endloop
  endfacet
  facet normal 0 0 -1
    outer loop
      vertex 57.3336 85.4911 8.4
      vertex 57.1 85.807 8.4
      vertex 57.1901 85.8375 8.4
    endloop
  endfacet
  facet normal 0 0 -1
    outer loop
      vertex 57.8125 87.3401 8.4
      vertex 58.1589 87.4836 8.4
      vertex 57.8608 87.1976 8.4
    endloop
  endfacet
  facet normal -0 0 -1
    outer loop
      vertex 58.1589 87.4836 8.4
      vertex 57.8125 87.3401 8.4
      vertex 58.0707 87.6625 8.4
    endloop
  endfacet
  facet normal 0 0 -1
    outer loop
      vertex 57.7459 87.475 8.4
      vertex 58.0707 87.6625 8.4
      vertex 57.8125 87.3401 8.4
    endloop
  endfacet
  facet normal -0 0 -1
    outer loop
      vertex 58.0707 87.6625 8.4
      vertex 57.7459 87.475 8.4
      vertex 57.9599 87.8284 8.4
    endloop
  endfacet
  facet normal 0 0 -1
    outer loop
      vertex 57.6624 87.6001 8.4
      vertex 57.9599 87.8284 8.4
      vertex 57.7459 87.475 8.4
    endloop
  endfacet
  facet normal -0 0 -1
    outer loop
      vertex 57.9599 87.8284 8.4
      vertex 57.6624 87.6001 8.4
      vertex 57.8283 87.9783 8.4
    endloop
  endfacet
  facet normal 0 0 -1
    outer loop
      vertex 57.5632 87.7132 8.4
      vertex 57.8283 87.9783 8.4
      vertex 57.6624 87.6001 8.4
    endloop
  endfacet
  facet normal -0 0 -1
    outer loop
      vertex 57.8283 87.9783 8.4
      vertex 57.5632 87.7132 8.4
      vertex 57.6784 88.1099 8.4
    endloop
  endfacet
  facet normal 0 0 -1
    outer loop
      vertex 57.4501 87.8124 8.4
      vertex 57.6784 88.1099 8.4
      vertex 57.5632 87.7132 8.4
    endloop
  endfacet
  facet normal -0 0 -1
    outer loop
      vertex 57.6784 88.1099 8.4
      vertex 57.4501 87.8124 8.4
      vertex 57.5125 88.2207 8.4
    endloop
  endfacet
  facet normal 0 0 -1
    outer loop
      vertex 57.325 87.8959 8.4
      vertex 57.5125 88.2207 8.4
      vertex 57.4501 87.8124 8.4
    endloop
  endfacet
  facet normal -0 0 -1
    outer loop
      vertex 57.5125 88.2207 8.4
      vertex 57.325 87.8959 8.4
      vertex 57.3336 88.3089 8.4
    endloop
  endfacet
  facet normal 0 0 -1
    outer loop
      vertex 57.1901 87.9625 8.4
      vertex 57.3336 88.3089 8.4
      vertex 57.325 87.8959 8.4
    endloop
  endfacet
  facet normal 0 0 -1
    outer loop
      vertex 57.1 87.993 8.4
      vertex 57.3336 88.3089 8.4
      vertex 57.1901 87.9625 8.4
    endloop
  endfacet
  facet normal -0 0 -1
    outer loop
      vertex 57.3336 88.3089 8.4
      vertex 57.1 87.993 8.4
      vertex 57.1447 88.373 8.4
    endloop
  endfacet
  facet normal -0 0 -1
    outer loop
      vertex 57.1447 88.373 8.4
      vertex 57.1 87.993 8.4
      vertex 57.1 88.3819 8.4
    endloop
  endfacet
  facet normal 0 0 -1
    outer loop
      vertex 56.3553 85.427 8.4
      vertex 56.4 85.807 8.4
      vertex 56.4 85.4181 8.4
    endloop
  endfacet
  facet normal 0 0 -1
    outer loop
      vertex 56.1664 85.4911 8.4
      vertex 56.4 85.807 8.4
      vertex 56.3553 85.427 8.4
    endloop
  endfacet
  facet normal -0 0 -1
    outer loop
      vertex 56.4 85.807 8.4
      vertex 56.1664 85.4911 8.4
      vertex 56.3099 85.8375 8.4
    endloop
  endfacet
  facet normal -0 0 -1
    outer loop
      vertex 56.3099 85.8375 8.4
      vertex 56.1664 85.4911 8.4
      vertex 56.175 85.9041 8.4
    endloop
  endfacet
  facet normal 0 0 -1
    outer loop
      vertex 55.9875 85.5793 8.4
      vertex 56.175 85.9041 8.4
      vertex 56.1664 85.4911 8.4
    endloop
  endfacet
  facet normal -0 0 -1
    outer loop
      vertex 56.175 85.9041 8.4
      vertex 55.9875 85.5793 8.4
      vertex 56.0499 85.9876 8.4
    endloop
  endfacet
  facet normal 0 0 -1
    outer loop
      vertex 55.8216 85.6901 8.4
      vertex 56.0499 85.9876 8.4
      vertex 55.9875 85.5793 8.4
    endloop
  endfacet
  facet normal -0 0 -1
    outer loop
      vertex 56.0499 85.9876 8.4
      vertex 55.8216 85.6901 8.4
      vertex 55.9368 86.0868 8.4
    endloop
  endfacet
  facet normal 0 0 -1
    outer loop
      vertex 55.6717 85.8217 8.4
      vertex 55.9368 86.0868 8.4
      vertex 55.8216 85.6901 8.4
    endloop
  endfacet
  facet normal -0 0 -1
    outer loop
      vertex 55.9368 86.0868 8.4
      vertex 55.6717 85.8217 8.4
      vertex 55.8376 86.1999 8.4
    endloop
  endfacet
  facet normal 0 0 -1
    outer loop
      vertex 55.5401 85.9716 8.4
      vertex 55.8376 86.1999 8.4
      vertex 55.6717 85.8217 8.4
    endloop
  endfacet
  facet normal -0 0 -1
    outer loop
      vertex 55.8376 86.1999 8.4
      vertex 55.5401 85.9716 8.4
      vertex 55.7541 86.325 8.4
    endloop
  endfacet
  facet normal 0 0 -1
    outer loop
      vertex 55.4293 86.1375 8.4
      vertex 55.7541 86.325 8.4
      vertex 55.5401 85.9716 8.4
    endloop
  endfacet
  facet normal -0 0 -1
    outer loop
      vertex 55.7541 86.325 8.4
      vertex 55.4293 86.1375 8.4
      vertex 55.6875 86.4599 8.4
    endloop
  endfacet
  facet normal -0 0 -1
    outer loop
      vertex 55.6875 86.4599 8.4
      vertex 55.3411 86.3164 8.4
      vertex 55.6392 86.6024 8.4
    endloop
  endfacet
  facet normal 0 0 -1
    outer loop
      vertex 55.3411 86.3164 8.4
      vertex 55.6875 86.4599 8.4
      vertex 55.4293 86.1375 8.4
    endloop
  endfacet
  facet normal 0 0 -1
    outer loop
      vertex 56.4 87.993 8.4
      vertex 56.3553 88.373 8.4
      vertex 56.4 88.3819 8.4
    endloop
  endfacet
  facet normal 0 0 -1
    outer loop
      vertex 56.1664 88.3089 8.4
      vertex 56.4 87.993 8.4
      vertex 56.3099 87.9625 8.4
    endloop
  endfacet
  facet normal 0 0 -1
    outer loop
      vertex 56.1664 88.3089 8.4
      vertex 56.3099 87.9625 8.4
      vertex 56.175 87.8959 8.4
    endloop
  endfacet
  facet normal 0 0 -1
    outer loop
      vertex 56.4 87.993 8.4
      vertex 56.1664 88.3089 8.4
      vertex 56.3553 88.373 8.4
    endloop
  endfacet
  facet normal 0 0 -1
    outer loop
      vertex 55.9875 88.2207 8.4
      vertex 56.175 87.8959 8.4
      vertex 56.0499 87.8124 8.4
    endloop
  endfacet
  facet normal 0 0 -1
    outer loop
      vertex 56.175 87.8959 8.4
      vertex 55.9875 88.2207 8.4
      vertex 56.1664 88.3089 8.4
    endloop
  endfacet
  facet normal 0 0 -1
    outer loop
      vertex 55.8216 88.1099 8.4
      vertex 56.0499 87.8124 8.4
      vertex 55.9368 87.7132 8.4
    endloop
  endfacet
  facet normal 0 0 -1
    outer loop
      vertex 55.6717 87.9783 8.4
      vertex 55.9368 87.7132 8.4
      vertex 55.8376 87.6001 8.4
    endloop
  endfacet
  facet normal 0 0 -1
    outer loop
      vertex 56.0499 87.8124 8.4
      vertex 55.8216 88.1099 8.4
      vertex 55.9875 88.2207 8.4
    endloop
  endfacet
  facet normal 0 0 -1
    outer loop
      vertex 55.5401 87.8284 8.4
      vertex 55.8376 87.6001 8.4
      vertex 55.7541 87.475 8.4
    endloop
  endfacet
  facet normal 0 0 -1
    outer loop
      vertex 55.4293 87.6625 8.4
      vertex 55.7541 87.475 8.4
      vertex 55.6875 87.3401 8.4
    endloop
  endfacet
  facet normal 0 0 -1
    outer loop
      vertex 55.9368 87.7132 8.4
      vertex 55.6717 87.9783 8.4
      vertex 55.8216 88.1099 8.4
    endloop
  endfacet
  facet normal 0 0 -1
    outer loop
      vertex 55.3411 87.4836 8.4
      vertex 55.6875 87.3401 8.4
      vertex 55.6392 87.1976 8.4
    endloop
  endfacet
  facet normal 0 0 -1
    outer loop
      vertex 55.277 87.2947 8.4
      vertex 55.6392 87.1976 8.4
      vertex 55.6098 87.0501 8.4
    endloop
  endfacet
  facet normal 0 0 -1
    outer loop
      vertex 55.8376 87.6001 8.4
      vertex 55.5401 87.8284 8.4
      vertex 55.6717 87.9783 8.4
    endloop
  endfacet
  facet normal 0 0 -1
    outer loop
      vertex 55.238 87.0991 8.4
      vertex 55.6098 87.0501 8.4
      vertex 55.6 86.9 8.4
    endloop
  endfacet
  facet normal 0 0 -1
    outer loop
      vertex 55.277 86.5053 8.4
      vertex 55.6392 86.6024 8.4
      vertex 55.3411 86.3164 8.4
    endloop
  endfacet
  facet normal -0 0 -1
    outer loop
      vertex 55.6392 86.6024 8.4
      vertex 55.277 86.5053 8.4
      vertex 55.6098 86.7499 8.4
    endloop
  endfacet
  facet normal 0 0 -1
    outer loop
      vertex 55.7541 87.475 8.4
      vertex 55.4293 87.6625 8.4
      vertex 55.5401 87.8284 8.4
    endloop
  endfacet
  facet normal 0 0 -1
    outer loop
      vertex 55.238 86.701 8.4
      vertex 55.6098 86.7499 8.4
      vertex 55.277 86.5053 8.4
    endloop
  endfacet
  facet normal 0 0 -1
    outer loop
      vertex 55.6875 87.3401 8.4
      vertex 55.3411 87.4836 8.4
      vertex 55.4293 87.6625 8.4
    endloop
  endfacet
  facet normal -0 0 -1
    outer loop
      vertex 55.6098 86.7499 8.4
      vertex 55.238 86.701 8.4
      vertex 55.6 86.9 8.4
    endloop
  endfacet
  facet normal 0 0 -1
    outer loop
      vertex 55.6392 87.1976 8.4
      vertex 55.277 87.2947 8.4
      vertex 55.3411 87.4836 8.4
    endloop
  endfacet
  facet normal 0 0 -1
    outer loop
      vertex 55.225 86.9 8.4
      vertex 55.6 86.9 8.4
      vertex 55.238 86.701 8.4
    endloop
  endfacet
  facet normal 0 0 -1
    outer loop
      vertex 55.6098 87.0501 8.4
      vertex 55.238 87.0991 8.4
      vertex 55.277 87.2947 8.4
    endloop
  endfacet
  facet normal 0 0 -1
    outer loop
      vertex 55.6 86.9 8.4
      vertex 55.225 86.9 8.4
      vertex 55.238 87.0991 8.4
    endloop
  endfacet
  facet normal -0.53206 -0.79665 0.286811
    outer loop
      vertex 56.175 85.9041 9.65
      vertex 55.8216 85.6901 8.4
      vertex 55.9875 85.5793 8.4
    endloop
  endfacet
  facet normal -0.531842 -0.796808 0.286776
    outer loop
      vertex 56.0499 85.9876 9.65
      vertex 55.8216 85.6901 8.4
      vertex 56.175 85.9041 9.65
    endloop
  endfacet
  facet normal 0.187668 -0.939438 0.286769
    outer loop
      vertex 57.1 85.5938 8.97568
      vertex 57.1 85.4878 8.62843
      vertex 57.1447 85.427 8.4
    endloop
  endfacet
  facet normal 0.423624 -0.859255 0.286749
    outer loop
      vertex 57.5125 85.5793 8.4
      vertex 57.1901 85.8375 9.65
      vertex 57.3336 85.4911 8.4
    endloop
  endfacet
  facet normal 0.9072 -0.307843 0.286743
    outer loop
      vertex 58.223 86.5053 8.4
      vertex 57.8125 86.4599 9.65
      vertex 58.1589 86.3164 8.4
    endloop
  endfacet
  facet normal 0.939515 -0.187266 0.286781
    outer loop
      vertex 57.8902 86.7499 9.65
      vertex 57.8608 86.6024 9.65
      vertex 58.223 86.5053 8.4
    endloop
  endfacet
  facet normal 0.939523 -0.187232 0.286776
    outer loop
      vertex 58.262 86.701 8.4
      vertex 57.8902 86.7499 9.65
      vertex 58.223 86.5053 8.4
    endloop
  endfacet
  facet normal -0.955959 0.0624182 0.286787
    outer loop
      vertex 55.238 87.0991 8.4
      vertex 55.225 86.9 8.4
      vertex 55.6098 87.0501 9.65
    endloop
  endfacet
  facet normal -0.187668 0.939438 0.286769
    outer loop
      vertex 56.4 88.3122 8.62843
      vertex 56.3553 88.373 8.4
      vertex 56.4 88.2062 8.97568
    endloop
  endfacet
  facet normal -0.187075 0.93958 0.286691
    outer loop
      vertex 56.4 88.3819 8.4
      vertex 56.3553 88.373 8.4
      vertex 56.4 88.3122 8.62843
    endloop
  endfacet
  facet normal 0.907294 0.307525 0.286786
    outer loop
      vertex 58.223 87.2947 8.4
      vertex 57.8125 87.3401 9.65
      vertex 57.8608 87.1976 9.65
    endloop
  endfacet
  facet normal 0.79665 0.53206 0.286811
    outer loop
      vertex 57.9599 87.8284 8.4
      vertex 57.7459 87.475 9.65
      vertex 58.0707 87.6625 8.4
    endloop
  endfacet
  facet normal 0.187075 0.93958 0.286691
    outer loop
      vertex 57.1 88.3819 8.4
      vertex 57.1 88.3122 8.62843
      vertex 57.1447 88.373 8.4
    endloop
  endfacet
  facet normal 0.307843 0.9072 0.286743
    outer loop
      vertex 57.3336 88.3089 8.4
      vertex 57.1447 88.373 8.4
      vertex 57.1901 87.9625 9.65
    endloop
  endfacet
  facet normal 0.424089 0.859002 0.286816
    outer loop
      vertex 57.5125 88.2207 8.4
      vertex 57.1901 87.9625 9.65
      vertex 57.325 87.8959 9.65
    endloop
  endfacet
  facet normal -0.939523 -0.187232 0.286776
    outer loop
      vertex 55.6098 86.7499 9.65
      vertex 55.238 86.701 8.4
      vertex 55.277 86.5053 8.4
    endloop
  endfacet
  facet normal -0.955958 -0.0624495 0.286783
    outer loop
      vertex 55.6098 86.7499 9.65
      vertex 55.225 86.9 8.4
      vertex 55.238 86.701 8.4
    endloop
  endfacet
  facet normal -0.859002 -0.424089 0.286816
    outer loop
      vertex 55.6875 86.4599 9.65
      vertex 55.4293 86.1375 8.4
      vertex 55.7541 86.325 9.65
    endloop
  endfacet
  facet normal -0.796808 -0.531842 0.286776
    outer loop
      vertex 55.7541 86.325 9.65
      vertex 55.5401 85.9716 8.4
      vertex 55.8376 86.1999 9.65
    endloop
  endfacet
  facet normal 0.187075 -0.93958 0.286691
    outer loop
      vertex 57.1 85.4878 8.62843
      vertex 57.1 85.4181 8.4
      vertex 57.1447 85.427 8.4
    endloop
  endfacet
  facet normal 0.424089 -0.859002 0.286816
    outer loop
      vertex 57.325 85.9041 9.65
      vertex 57.1901 85.8375 9.65
      vertex 57.5125 85.5793 8.4
    endloop
  endfacet
  facet normal 0.720215 -0.6317 0.286785
    outer loop
      vertex 57.6624 86.1999 9.65
      vertex 57.5632 86.0868 9.65
      vertex 57.9599 85.9716 8.4
    endloop
  endfacet
  facet normal 0.719935 -0.632045 0.286728
    outer loop
      vertex 57.9599 85.9716 8.4
      vertex 57.5632 86.0868 9.65
      vertex 57.8283 85.8217 8.4
    endloop
  endfacet
  facet normal 0.79665 -0.53206 0.286811
    outer loop
      vertex 58.0707 86.1375 8.4
      vertex 57.7459 86.325 9.65
      vertex 57.9599 85.9716 8.4
    endloop
  endfacet
  facet normal 0.907294 -0.307525 0.286786
    outer loop
      vertex 57.8608 86.6024 9.65
      vertex 57.8125 86.4599 9.65
      vertex 58.223 86.5053 8.4
    endloop
  endfacet
  facet normal 0.955958 -0.0624495 0.286783
    outer loop
      vertex 58.275 86.9 8.4
      vertex 57.8902 86.7499 9.65
      vertex 58.262 86.701 8.4
    endloop
  endfacet
  facet normal 0.955959 -0.0624144 0.286788
    outer loop
      vertex 57.9 86.9 9.65
      vertex 57.8902 86.7499 9.65
      vertex 58.275 86.9 8.4
    endloop
  endfacet
  facet normal 0 0 1
    outer loop
      vertex 57.8902 87.0501 9.65
      vertex 57.8902 86.7499 9.65
      vertex 57.9 86.9 9.65
    endloop
  endfacet
  facet normal 0 0 1
    outer loop
      vertex 57.8608 87.1976 9.65
      vertex 57.8902 86.7499 9.65
      vertex 57.8902 87.0501 9.65
    endloop
  endfacet
  facet normal 0 0 1
    outer loop
      vertex 57.8608 87.1976 9.65
      vertex 57.8608 86.6024 9.65
      vertex 57.8902 86.7499 9.65
    endloop
  endfacet
  facet normal 0 0 1
    outer loop
      vertex 57.8125 87.3401 9.65
      vertex 57.8608 86.6024 9.65
      vertex 57.8608 87.1976 9.65
    endloop
  endfacet
  facet normal 0 0 1
    outer loop
      vertex 57.8125 87.3401 9.65
      vertex 57.8125 86.4599 9.65
      vertex 57.8608 86.6024 9.65
    endloop
  endfacet
  facet normal 0 0 1
    outer loop
      vertex 57.7459 87.475 9.65
      vertex 57.8125 86.4599 9.65
      vertex 57.8125 87.3401 9.65
    endloop
  endfacet
  facet normal 0 0 1
    outer loop
      vertex 57.7459 87.475 9.65
      vertex 57.7459 86.325 9.65
      vertex 57.8125 86.4599 9.65
    endloop
  endfacet
  facet normal 0 0 1
    outer loop
      vertex 57.6624 87.6001 9.65
      vertex 57.7459 86.325 9.65
      vertex 57.7459 87.475 9.65
    endloop
  endfacet
  facet normal 0 0 1
    outer loop
      vertex 57.6624 87.6001 9.65
      vertex 57.6624 86.1999 9.65
      vertex 57.7459 86.325 9.65
    endloop
  endfacet
  facet normal 0 0 1
    outer loop
      vertex 57.5632 87.7132 9.65
      vertex 57.6624 86.1999 9.65
      vertex 57.6624 87.6001 9.65
    endloop
  endfacet
  facet normal 0 0 1
    outer loop
      vertex 57.5632 87.7132 9.65
      vertex 57.5632 86.0868 9.65
      vertex 57.6624 86.1999 9.65
    endloop
  endfacet
  facet normal 0 0 1
    outer loop
      vertex 57.4501 87.8124 9.65
      vertex 57.5632 86.0868 9.65
      vertex 57.5632 87.7132 9.65
    endloop
  endfacet
  facet normal 0 0 1
    outer loop
      vertex 57.4501 87.8124 9.65
      vertex 57.4501 85.9876 9.65
      vertex 57.5632 86.0868 9.65
    endloop
  endfacet
  facet normal 0 0 1
    outer loop
      vertex 57.325 87.8959 9.65
      vertex 57.4501 85.9876 9.65
      vertex 57.4501 87.8124 9.65
    endloop
  endfacet
  facet normal 0 0 1
    outer loop
      vertex 57.325 87.8959 9.65
      vertex 57.325 85.9041 9.65
      vertex 57.4501 85.9876 9.65
    endloop
  endfacet
  facet normal 0 0 1
    outer loop
      vertex 57.1 87.993 9.65
      vertex 57.325 87.8959 9.65
      vertex 57.1901 87.9625 9.65
    endloop
  endfacet
  facet normal 0 0 1
    outer loop
      vertex 57.325 87.8959 9.65
      vertex 57.1 87.993 9.65
      vertex 57.325 85.9041 9.65
    endloop
  endfacet
  facet normal 0 0 1
    outer loop
      vertex 57.1 85.807 9.65
      vertex 57.325 85.9041 9.65
      vertex 57.1 87.993 9.65
    endloop
  endfacet
  facet normal 0 0 1
    outer loop
      vertex 57.325 85.9041 9.65
      vertex 57.1 85.807 9.65
      vertex 57.1901 85.8375 9.65
    endloop
  endfacet
  facet normal 0 0 1
    outer loop
      vertex 56.175 87.8959 9.65
      vertex 56.4 87.993 9.65
      vertex 56.3099 87.9625 9.65
    endloop
  endfacet
  facet normal 0 0 1
    outer loop
      vertex 56.4 87.993 9.65
      vertex 56.175 87.8959 9.65
      vertex 56.4 85.807 9.65
    endloop
  endfacet
  facet normal -0 0 1
    outer loop
      vertex 56.175 85.9041 9.65
      vertex 56.4 85.807 9.65
      vertex 56.175 87.8959 9.65
    endloop
  endfacet
  facet normal 0 0 1
    outer loop
      vertex 56.4 85.807 9.65
      vertex 56.175 85.9041 9.65
      vertex 56.3099 85.8375 9.65
    endloop
  endfacet
  facet normal -0 0 1
    outer loop
      vertex 56.0499 87.8124 9.65
      vertex 56.175 85.9041 9.65
      vertex 56.175 87.8959 9.65
    endloop
  endfacet
  facet normal 0 0 1
    outer loop
      vertex 56.0499 87.8124 9.65
      vertex 56.0499 85.9876 9.65
      vertex 56.175 85.9041 9.65
    endloop
  endfacet
  facet normal -0 0 1
    outer loop
      vertex 55.9368 87.7132 9.65
      vertex 56.0499 85.9876 9.65
      vertex 56.0499 87.8124 9.65
    endloop
  endfacet
  facet normal 0 0 1
    outer loop
      vertex 55.9368 87.7132 9.65
      vertex 55.9368 86.0868 9.65
      vertex 56.0499 85.9876 9.65
    endloop
  endfacet
  facet normal -0 0 1
    outer loop
      vertex 55.8376 87.6001 9.65
      vertex 55.9368 86.0868 9.65
      vertex 55.9368 87.7132 9.65
    endloop
  endfacet
  facet normal 0 0 1
    outer loop
      vertex 55.8376 87.6001 9.65
      vertex 55.8376 86.1999 9.65
      vertex 55.9368 86.0868 9.65
    endloop
  endfacet
  facet normal -0 0 1
    outer loop
      vertex 55.7541 87.475 9.65
      vertex 55.8376 86.1999 9.65
      vertex 55.8376 87.6001 9.65
    endloop
  endfacet
  facet normal 0 0 1
    outer loop
      vertex 55.7541 87.475 9.65
      vertex 55.7541 86.325 9.65
      vertex 55.8376 86.1999 9.65
    endloop
  endfacet
  facet normal -0 0 1
    outer loop
      vertex 55.6875 87.3401 9.65
      vertex 55.7541 86.325 9.65
      vertex 55.7541 87.475 9.65
    endloop
  endfacet
  facet normal 0 0 1
    outer loop
      vertex 55.6875 87.3401 9.65
      vertex 55.6875 86.4599 9.65
      vertex 55.7541 86.325 9.65
    endloop
  endfacet
  facet normal -0 0 1
    outer loop
      vertex 55.6392 87.1976 9.65
      vertex 55.6875 86.4599 9.65
      vertex 55.6875 87.3401 9.65
    endloop
  endfacet
  facet normal 0 0 1
    outer loop
      vertex 55.6392 87.1976 9.65
      vertex 55.6392 86.6024 9.65
      vertex 55.6875 86.4599 9.65
    endloop
  endfacet
  facet normal -0 0 1
    outer loop
      vertex 55.6098 87.0501 9.65
      vertex 55.6392 86.6024 9.65
      vertex 55.6392 87.1976 9.65
    endloop
  endfacet
  facet normal 0 0 1
    outer loop
      vertex 55.6098 87.0501 9.65
      vertex 55.6098 86.7499 9.65
      vertex 55.6392 86.6024 9.65
    endloop
  endfacet
  facet normal 0 -0 1
    outer loop
      vertex 55.6098 86.7499 9.65
      vertex 55.6098 87.0501 9.65
      vertex 55.6 86.9 9.65
    endloop
  endfacet
  facet normal -0.955959 0.0624144 0.286788
    outer loop
      vertex 55.6098 87.0501 9.65
      vertex 55.225 86.9 8.4
      vertex 55.6 86.9 9.65
    endloop
  endfacet
  facet normal -0.859002 0.424089 0.286816
    outer loop
      vertex 55.7541 87.475 9.65
      vertex 55.4293 87.6625 8.4
      vertex 55.6875 87.3401 9.65
    endloop
  endfacet
  facet normal -0.720215 0.6317 0.286785
    outer loop
      vertex 55.9368 87.7132 9.65
      vertex 55.5401 87.8284 8.4
      vertex 55.8376 87.6001 9.65
    endloop
  endfacet
  facet normal -0.307161 0.907385 0.286888
    outer loop
      vertex 56.4 88.2062 8.97568
      vertex 56.3099 87.9625 9.65
      vertex 56.4 87.993 9.65
    endloop
  endfacet
  facet normal -0.307719 0.907236 0.28676
    outer loop
      vertex 56.3099 87.9625 9.65
      vertex 56.4 88.2062 8.97568
      vertex 56.3553 88.373 8.4
    endloop
  endfacet
  facet normal 0.9072 0.307843 0.286743
    outer loop
      vertex 58.1589 87.4836 8.4
      vertex 57.8125 87.3401 9.65
      vertex 58.223 87.2947 8.4
    endloop
  endfacet
  facet normal 0.859255 0.423624 0.286749
    outer loop
      vertex 58.0707 87.6625 8.4
      vertex 57.8125 87.3401 9.65
      vertex 58.1589 87.4836 8.4
    endloop
  endfacet
  facet normal 0.796808 0.531842 0.286776
    outer loop
      vertex 57.9599 87.8284 8.4
      vertex 57.6624 87.6001 9.65
      vertex 57.7459 87.475 9.65
    endloop
  endfacet
  facet normal 0.423624 0.859255 0.286749
    outer loop
      vertex 57.3336 88.3089 8.4
      vertex 57.1901 87.9625 9.65
      vertex 57.5125 88.2207 8.4
    endloop
  endfacet
  facet normal -0.424089 -0.859002 0.286816
    outer loop
      vertex 56.175 85.9041 9.65
      vertex 55.9875 85.5793 8.4
      vertex 56.3099 85.8375 9.65
    endloop
  endfacet
  facet normal -0.6317 -0.720215 0.286785
    outer loop
      vertex 55.9368 86.0868 9.65
      vertex 55.8216 85.6901 8.4
      vertex 56.0499 85.9876 9.65
    endloop
  endfacet
  facet normal -0.632045 -0.719935 0.286728
    outer loop
      vertex 55.9368 86.0868 9.65
      vertex 55.6717 85.8217 8.4
      vertex 55.8216 85.6901 8.4
    endloop
  endfacet
  facet normal -0.907294 -0.307525 0.286786
    outer loop
      vertex 55.6392 86.6024 9.65
      vertex 55.277 86.5053 8.4
      vertex 55.6875 86.4599 9.65
    endloop
  endfacet
  facet normal -0.9072 -0.307843 0.286743
    outer loop
      vertex 55.6875 86.4599 9.65
      vertex 55.277 86.5053 8.4
      vertex 55.3411 86.3164 8.4
    endloop
  endfacet
  facet normal -0.79665 -0.53206 0.286811
    outer loop
      vertex 55.7541 86.325 9.65
      vertex 55.4293 86.1375 8.4
      vertex 55.5401 85.9716 8.4
    endloop
  endfacet
  facet normal 0.531842 -0.796808 0.286776
    outer loop
      vertex 57.4501 85.9876 9.65
      vertex 57.325 85.9041 9.65
      vertex 57.6784 85.6901 8.4
    endloop
  endfacet
  facet normal 0.6317 -0.720215 0.286785
    outer loop
      vertex 57.5632 86.0868 9.65
      vertex 57.4501 85.9876 9.65
      vertex 57.6784 85.6901 8.4
    endloop
  endfacet
  facet normal 0.53206 -0.79665 0.286811
    outer loop
      vertex 57.6784 85.6901 8.4
      vertex 57.325 85.9041 9.65
      vertex 57.5125 85.5793 8.4
    endloop
  endfacet
  facet normal 0.307161 -0.907385 0.286888
    outer loop
      vertex 57.1 85.5938 8.97568
      vertex 57.1901 85.8375 9.65
      vertex 57.1 85.807 9.65
    endloop
  endfacet
  facet normal 0.307719 -0.907236 0.28676
    outer loop
      vertex 57.1901 85.8375 9.65
      vertex 57.1 85.5938 8.97568
      vertex 57.1447 85.427 8.4
    endloop
  endfacet
  facet normal 0.307843 -0.9072 0.286743
    outer loop
      vertex 57.1901 85.8375 9.65
      vertex 57.1447 85.427 8.4
      vertex 57.3336 85.4911 8.4
    endloop
  endfacet
  facet normal 0.859002 -0.424089 0.286816
    outer loop
      vertex 57.8125 86.4599 9.65
      vertex 57.7459 86.325 9.65
      vertex 58.0707 86.1375 8.4
    endloop
  endfacet
  facet normal 0.859255 -0.423624 0.286749
    outer loop
      vertex 58.1589 86.3164 8.4
      vertex 57.8125 86.4599 9.65
      vertex 58.0707 86.1375 8.4
    endloop
  endfacet
  facet normal 0.796808 -0.531842 0.286776
    outer loop
      vertex 57.7459 86.325 9.65
      vertex 57.6624 86.1999 9.65
      vertex 57.9599 85.9716 8.4
    endloop
  endfacet
  facet normal -0.939501 0.187324 0.286788
    outer loop
      vertex 55.277 87.2947 8.4
      vertex 55.238 87.0991 8.4
      vertex 55.6098 87.0501 9.65
    endloop
  endfacet
  facet normal -0.939515 0.187266 0.286781
    outer loop
      vertex 55.6392 87.1976 9.65
      vertex 55.277 87.2947 8.4
      vertex 55.6098 87.0501 9.65
    endloop
  endfacet
  facet normal -0.632045 0.719935 0.286728
    outer loop
      vertex 55.8216 88.1099 8.4
      vertex 55.6717 87.9783 8.4
      vertex 55.9368 87.7132 9.65
    endloop
  endfacet
  facet normal -0.719935 0.632045 0.286728
    outer loop
      vertex 55.6717 87.9783 8.4
      vertex 55.5401 87.8284 8.4
      vertex 55.9368 87.7132 9.65
    endloop
  endfacet
  facet normal -0.531842 0.796808 0.286776
    outer loop
      vertex 56.175 87.8959 9.65
      vertex 55.8216 88.1099 8.4
      vertex 56.0499 87.8124 9.65
    endloop
  endfacet
  facet normal -0.53206 0.79665 0.286811
    outer loop
      vertex 55.9875 88.2207 8.4
      vertex 55.8216 88.1099 8.4
      vertex 56.175 87.8959 9.65
    endloop
  endfacet
  facet normal -0.79665 0.53206 0.286811
    outer loop
      vertex 55.5401 87.8284 8.4
      vertex 55.4293 87.6625 8.4
      vertex 55.7541 87.475 9.65
    endloop
  endfacet
  facet normal -0.796808 0.531842 0.286776
    outer loop
      vertex 55.8376 87.6001 9.65
      vertex 55.5401 87.8284 8.4
      vertex 55.7541 87.475 9.65
    endloop
  endfacet
  facet normal -0.307843 0.9072 0.286743
    outer loop
      vertex 56.3553 88.373 8.4
      vertex 56.1664 88.3089 8.4
      vertex 56.3099 87.9625 9.65
    endloop
  endfacet
  facet normal -0.423624 0.859255 0.286749
    outer loop
      vertex 56.1664 88.3089 8.4
      vertex 55.9875 88.2207 8.4
      vertex 56.3099 87.9625 9.65
    endloop
  endfacet
  facet normal 0.719935 0.632045 0.286728
    outer loop
      vertex 57.8283 87.9783 8.4
      vertex 57.5632 87.7132 9.65
      vertex 57.9599 87.8284 8.4
    endloop
  endfacet
  facet normal 0.632045 0.719935 0.286728
    outer loop
      vertex 57.6784 88.1099 8.4
      vertex 57.5632 87.7132 9.65
      vertex 57.8283 87.9783 8.4
    endloop
  endfacet
  facet normal 0.307161 0.907385 0.286888
    outer loop
      vertex 57.1901 87.9625 9.65
      vertex 57.1 88.2062 8.97568
      vertex 57.1 87.993 9.65
    endloop
  endfacet
  facet normal 0.307719 0.907236 0.28676
    outer loop
      vertex 57.1 88.2062 8.97568
      vertex 57.1901 87.9625 9.65
      vertex 57.1447 88.373 8.4
    endloop
  endfacet
  facet normal -0.187075 -0.93958 0.286691
    outer loop
      vertex 56.4 85.4878 8.62843
      vertex 56.3553 85.427 8.4
      vertex 56.4 85.4181 8.4
    endloop
  endfacet
  facet normal -0.187668 -0.939438 0.286769
    outer loop
      vertex 56.4 85.5938 8.97568
      vertex 56.3553 85.427 8.4
      vertex 56.4 85.4878 8.62843
    endloop
  endfacet
  facet normal -0.720215 -0.6317 0.286785
    outer loop
      vertex 55.8376 86.1999 9.65
      vertex 55.5401 85.9716 8.4
      vertex 55.9368 86.0868 9.65
    endloop
  endfacet
  facet normal -0.859255 0.423624 0.286749
    outer loop
      vertex 55.4293 87.6625 8.4
      vertex 55.3411 87.4836 8.4
      vertex 55.6875 87.3401 9.65
    endloop
  endfacet
  facet normal -0.6317 0.720215 0.286785
    outer loop
      vertex 56.0499 87.8124 9.65
      vertex 55.8216 88.1099 8.4
      vertex 55.9368 87.7132 9.65
    endloop
  endfacet
  facet normal 0.720215 0.6317 0.286785
    outer loop
      vertex 57.9599 87.8284 8.4
      vertex 57.5632 87.7132 9.65
      vertex 57.6624 87.6001 9.65
    endloop
  endfacet
  facet normal 0.531842 0.796808 0.286776
    outer loop
      vertex 57.6784 88.1099 8.4
      vertex 57.325 87.8959 9.65
      vertex 57.4501 87.8124 9.65
    endloop
  endfacet
  facet normal -0.423624 -0.859255 0.286749
    outer loop
      vertex 56.3099 85.8375 9.65
      vertex 55.9875 85.5793 8.4
      vertex 56.1664 85.4911 8.4
    endloop
  endfacet
  facet normal -0.9072 0.307843 0.286743
    outer loop
      vertex 55.3411 87.4836 8.4
      vertex 55.277 87.2947 8.4
      vertex 55.6875 87.3401 9.65
    endloop
  endfacet
  facet normal -0.907294 0.307525 0.286786
    outer loop
      vertex 55.6875 87.3401 9.65
      vertex 55.277 87.2947 8.4
      vertex 55.6392 87.1976 9.65
    endloop
  endfacet
  facet normal -0.307843 -0.9072 0.286743
    outer loop
      vertex 56.3099 85.8375 9.65
      vertex 56.1664 85.4911 8.4
      vertex 56.3553 85.427 8.4
    endloop
  endfacet
  facet normal -0.307161 -0.907385 0.286888
    outer loop
      vertex 56.3099 85.8375 9.65
      vertex 56.4 85.5938 8.97568
      vertex 56.4 85.807 9.65
    endloop
  endfacet
  facet normal -0.307719 -0.907236 0.28676
    outer loop
      vertex 56.4 85.5938 8.97568
      vertex 56.3099 85.8375 9.65
      vertex 56.3553 85.427 8.4
    endloop
  endfacet
  facet normal 1 0 0
    outer loop
      vertex 56.4 87.993 8.4
      vertex 56.4 88.2062 8.97568
      vertex 56.4 87.993 9.65
    endloop
  endfacet
  facet normal 1 0 0
    outer loop
      vertex 56.4 88.2062 8.97568
      vertex 56.4 87.993 8.4
      vertex 56.4 88.3122 8.62843
    endloop
  endfacet
  facet normal 1 0 0
    outer loop
      vertex 56.4 88.3122 8.62843
      vertex 56.4 87.993 8.4
      vertex 56.4 88.3819 8.4
    endloop
  endfacet
  facet normal 1 0 0
    outer loop
      vertex 56.4 85.807 8.4
      vertex 56.4 87.993 8.4
      vertex 56.4 87.993 9.65
    endloop
  endfacet
  facet normal 1 0 0
    outer loop
      vertex 56.4 85.807 8.4
      vertex 56.4 87.993 9.65
      vertex 56.4 85.807 9.65
    endloop
  endfacet
  facet normal 1 -0 0
    outer loop
      vertex 56.4 87.993 6.8
      vertex 56.4 88.9 6.6
      vertex 56.4 88.9 6.8
    endloop
  endfacet
  facet normal 1 0 0
    outer loop
      vertex 56.4 87.993 8.4
      vertex 56.4 85.807 8.4
      vertex 56.4 87.993 6.8
    endloop
  endfacet
  facet normal 1 0 0
    outer loop
      vertex 56.4 85.807 6.8
      vertex 56.4 87.993 6.8
      vertex 56.4 85.807 8.4
    endloop
  endfacet
  facet normal 1 -0 0
    outer loop
      vertex 56.4 85.807 6.8
      vertex 56.4 88.9 6.6
      vertex 56.4 87.993 6.8
    endloop
  endfacet
  facet normal 1 0 0
    outer loop
      vertex 56.4 84.9 6.6
      vertex 56.4 85.807 6.8
      vertex 56.4 84.9 6.8
    endloop
  endfacet
  facet normal 1 0 0
    outer loop
      vertex 56.4 85.807 6.8
      vertex 56.4 84.9 6.6
      vertex 56.4 88.9 6.6
    endloop
  endfacet
  facet normal 1 -0 0
    outer loop
      vertex 56.4 85.5938 8.97568
      vertex 56.4 85.807 8.4
      vertex 56.4 85.807 9.65
    endloop
  endfacet
  facet normal 1 -0 0
    outer loop
      vertex 56.4 85.4878 8.62843
      vertex 56.4 85.807 8.4
      vertex 56.4 85.5938 8.97568
    endloop
  endfacet
  facet normal 1 0 0
    outer loop
      vertex 56.4 85.807 8.4
      vertex 56.4 85.4878 8.62843
      vertex 56.4 85.4181 8.4
    endloop
  endfacet
  facet normal -1 0 0
    outer loop
      vertex 57.1 88.9 6.6
      vertex 57.1 87.993 6.8
      vertex 57.1 88.9 6.8
    endloop
  endfacet
  facet normal -1 0 0
    outer loop
      vertex 57.1 85.807 8.4
      vertex 57.1 87.993 8.4
      vertex 57.1 87.993 6.8
    endloop
  endfacet
  facet normal -1 0 0
    outer loop
      vertex 57.1 85.807 8.4
      vertex 57.1 87.993 6.8
      vertex 57.1 85.807 6.8
    endloop
  endfacet
  facet normal -1 0 0
    outer loop
      vertex 57.1 88.9 6.6
      vertex 57.1 85.807 6.8
      vertex 57.1 87.993 6.8
    endloop
  endfacet
  facet normal -1 0 0
    outer loop
      vertex 57.1 84.9 6.6
      vertex 57.1 85.807 6.8
      vertex 57.1 88.9 6.6
    endloop
  endfacet
  facet normal -1 -0 0
    outer loop
      vertex 57.1 85.807 6.8
      vertex 57.1 84.9 6.6
      vertex 57.1 84.9 6.8
    endloop
  endfacet
  facet normal -1 0 0
    outer loop
      vertex 57.1 87.993 8.4
      vertex 57.1 88.3122 8.62843
      vertex 57.1 88.3819 8.4
    endloop
  endfacet
  facet normal -1 0 0
    outer loop
      vertex 57.1 87.993 8.4
      vertex 57.1 88.2062 8.97568
      vertex 57.1 88.3122 8.62843
    endloop
  endfacet
  facet normal -1 -0 0
    outer loop
      vertex 57.1 88.2062 8.97568
      vertex 57.1 87.993 8.4
      vertex 57.1 87.993 9.65
    endloop
  endfacet
  facet normal -1 0 0
    outer loop
      vertex 57.1 87.993 8.4
      vertex 57.1 85.807 8.4
      vertex 57.1 87.993 9.65
    endloop
  endfacet
  facet normal -1 0 0
    outer loop
      vertex 57.1 85.807 8.4
      vertex 57.1 85.807 9.65
      vertex 57.1 87.993 9.65
    endloop
  endfacet
  facet normal -1 0 0
    outer loop
      vertex 57.1 85.807 8.4
      vertex 57.1 85.5938 8.97568
      vertex 57.1 85.807 9.65
    endloop
  endfacet
  facet normal -1 0 0
    outer loop
      vertex 57.1 85.807 8.4
      vertex 57.1 85.4878 8.62843
      vertex 57.1 85.5938 8.97568
    endloop
  endfacet
  facet normal -1 0 -0
    outer loop
      vertex 57.1 85.4878 8.62843
      vertex 57.1 85.807 8.4
      vertex 57.1 85.4181 8.4
    endloop
  endfacet
  facet normal 0 -1 0
    outer loop
      vertex 56.4 88.9 6.6
      vertex 57.1 88.9 6.8
      vertex 56.4 88.9 6.8
    endloop
  endfacet
  facet normal 0 -1 -0
    outer loop
      vertex 57.1 88.9 6.8
      vertex 56.4 88.9 6.6
      vertex 57.1 88.9 6.6
    endloop
  endfacet
  facet normal -0 0 1
    outer loop
      vertex 56.4 88.9 6.6
      vertex 57.1 84.9 6.6
      vertex 57.1 88.9 6.6
    endloop
  endfacet
  facet normal 0 0 1
    outer loop
      vertex 57.1 84.9 6.6
      vertex 56.4 88.9 6.6
      vertex 56.4 84.9 6.6
    endloop
  endfacet
  facet normal 0 1 -0
    outer loop
      vertex 57.1 84.9 6.6
      vertex 56.4 84.9 6.8
      vertex 57.1 84.9 6.8
    endloop
  endfacet
  facet normal 0 1 0
    outer loop
      vertex 56.4 84.9 6.8
      vertex 57.1 84.9 6.6
      vertex 56.4 84.9 6.6
    endloop
  endfacet
  facet normal -1 0 0
    outer loop
      vertex 2.75 23.4 1.8
      vertex 2.75 112.4 6.8
      vertex 2.75 112.4 1.8
    endloop
  endfacet
  facet normal -1 -0 0
    outer loop
      vertex 2.75 112.4 6.8
      vertex 2.75 23.4 1.8
      vertex 2.75 23.4 6.8
    endloop
  endfacet
  facet normal -0 0 1
    outer loop
      vertex 2.75 112.4 6.8
      vertex 4.25 23.4 6.8
      vertex 4.25 112.4 6.8
    endloop
  endfacet
  facet normal 0 0 1
    outer loop
      vertex 4.25 23.4 6.8
      vertex 2.75 112.4 6.8
      vertex 2.75 23.4 6.8
    endloop
  endfacet
  facet normal 0 1 -0
    outer loop
      vertex 4.25 112.4 1.8
      vertex 2.75 112.4 6.8
      vertex 4.25 112.4 6.8
    endloop
  endfacet
  facet normal 0 1 0
    outer loop
      vertex 2.75 112.4 6.8
      vertex 4.25 112.4 1.8
      vertex 2.75 112.4 1.8
    endloop
  endfacet
  facet normal 0 -1 0
    outer loop
      vertex 2.75 23.4 1.8
      vertex 4.25 23.4 6.8
      vertex 2.75 23.4 6.8
    endloop
  endfacet
  facet normal 0 -1 -0
    outer loop
      vertex 4.25 23.4 6.8
      vertex 2.75 23.4 1.8
      vertex 4.25 23.4 1.8
    endloop
  endfacet
  facet normal -0 0 1
    outer loop
      vertex 60.25 112.4 6.8
      vertex 61.75 23.4 6.8
      vertex 61.75 112.4 6.8
    endloop
  endfacet
  facet normal 0 0 1
    outer loop
      vertex 61.75 23.4 6.8
      vertex 60.25 112.4 6.8
      vertex 60.25 23.4 6.8
    endloop
  endfacet
  facet normal 1 -0 0
    outer loop
      vertex 61.75 23.4 6.8
      vertex 61.75 112.4 1.8
      vertex 61.75 112.4 6.8
    endloop
  endfacet
  facet normal 1 0 0
    outer loop
      vertex 61.75 112.4 1.8
      vertex 61.75 23.4 6.8
      vertex 61.75 23.4 1.8
    endloop
  endfacet
  facet normal 0 -1 0
    outer loop
      vertex 60.25 23.4 1.8
      vertex 61.75 23.4 6.8
      vertex 60.25 23.4 6.8
    endloop
  endfacet
  facet normal 0 -1 -0
    outer loop
      vertex 61.75 23.4 6.8
      vertex 60.25 23.4 1.8
      vertex 61.75 23.4 1.8
    endloop
  endfacet
  facet normal 0 1 -0
    outer loop
      vertex 61.75 112.4 1.8
      vertex 60.25 112.4 6.8
      vertex 61.75 112.4 6.8
    endloop
  endfacet
  facet normal 0 1 0
    outer loop
      vertex 60.25 112.4 6.8
      vertex 61.75 112.4 1.8
      vertex 60.25 112.4 1.8
    endloop
  endfacet
  facet normal 0.707107 0 -0.707107
    outer loop
      vertex 63.3 3.8147e-07 0
      vertex 64.5 2.4 1.2
      vertex 64.5 3.8147e-07 1.2
    endloop
  endfacet
  facet normal 0.707107 0 -0.707107
    outer loop
      vertex 64.5 2.4 1.2
      vertex 63.3 3.8147e-07 0
      vertex 63.3 2.4 0
    endloop
  endfacet
  facet normal 1 -0 0
    outer loop
      vertex 64.5 3.8147e-07 28.8
      vertex 64.5 2.4 1.2
      vertex 64.5 2.4 28.8
    endloop
  endfacet
  facet normal 1 0 0
    outer loop
      vertex 64.5 2.4 1.2
      vertex 64.5 3.8147e-07 28.8
      vertex 64.5 3.8147e-07 1.2
    endloop
  endfacet
  facet normal -1 0 0
    outer loop
      vertex 0 3.8147e-07 1.2
      vertex 0 2.4 28.8
      vertex 0 2.4 1.2
    endloop
  endfacet
  facet normal -1 -0 0
    outer loop
      vertex 0 2.4 28.8
      vertex 0 3.8147e-07 1.2
      vertex 0 3.8147e-07 28.8
    endloop
  endfacet
  facet normal -0 0 1
    outer loop
      vertex 59 2.4 30
      vertex 63.3 3.8147e-07 30
      vertex 63.3 2.4 30
    endloop
  endfacet
  facet normal 0 0 1
    outer loop
      vertex 63.3 3.8147e-07 30
      vertex 59 2.4 30
      vertex 59 3.8147e-07 30
    endloop
  endfacet
  facet normal -0 0 1
    outer loop
      vertex 1.2 2.4 30
      vertex 5.5 3.8147e-07 30
      vertex 5.5 2.4 30
    endloop
  endfacet
  facet normal 0 0 1
    outer loop
      vertex 5.5 3.8147e-07 30
      vertex 1.2 2.4 30
      vertex 1.2 3.8147e-07 30
    endloop
  endfacet
  facet normal 0 -1 0
    outer loop
      vertex 0 3.8147e-07 28.8
      vertex 5.5 3.8147e-07 30
      vertex 1.2 3.8147e-07 30
    endloop
  endfacet
  facet normal 0 -1 0
    outer loop
      vertex 0 3.8147e-07 28.8
      vertex 5.5 3.8147e-07 4
      vertex 5.5 3.8147e-07 30
    endloop
  endfacet
  facet normal 0 -1 0
    outer loop
      vertex 1.2 3.8147e-07 0
      vertex 5.5 3.8147e-07 4
      vertex 0 3.8147e-07 1.2
    endloop
  endfacet
  facet normal 0 -1 0
    outer loop
      vertex 0 3.8147e-07 1.2
      vertex 5.5 3.8147e-07 4
      vertex 0 3.8147e-07 28.8
    endloop
  endfacet
  facet normal 0 -1 0
    outer loop
      vertex 59 3.8147e-07 30
      vertex 64.5 3.8147e-07 28.8
      vertex 63.3 3.8147e-07 30
    endloop
  endfacet
  facet normal 0 -1 0
    outer loop
      vertex 59 3.8147e-07 4
      vertex 64.5 3.8147e-07 28.8
      vertex 59 3.8147e-07 30
    endloop
  endfacet
  facet normal 0 -1 0
    outer loop
      vertex 59 3.8147e-07 4
      vertex 64.5 3.8147e-07 1.2
      vertex 64.5 3.8147e-07 28.8
    endloop
  endfacet
  facet normal 0 -1 -0
    outer loop
      vertex 5.5 3.8147e-07 4
      vertex 1.2 3.8147e-07 0
      vertex 59 3.8147e-07 4
    endloop
  endfacet
  facet normal 0 -1 0
    outer loop
      vertex 63.3 3.8147e-07 0
      vertex 59 3.8147e-07 4
      vertex 1.2 3.8147e-07 0
    endloop
  endfacet
  facet normal 0 -1 0
    outer loop
      vertex 59 3.8147e-07 4
      vertex 63.3 3.8147e-07 0
      vertex 64.5 3.8147e-07 1.2
    endloop
  endfacet
  facet normal -0.707107 0 0.707107
    outer loop
      vertex 0 3.8147e-07 28.8
      vertex 1.2 2.4 30
      vertex 0 2.4 28.8
    endloop
  endfacet
  facet normal -0.707107 0 0.707107
    outer loop
      vertex 1.2 2.4 30
      vertex 0 3.8147e-07 28.8
      vertex 1.2 3.8147e-07 30
    endloop
  endfacet
  facet normal -0.707107 0 -0.707107
    outer loop
      vertex 1.2 3.8147e-07 0
      vertex 0 2.4 1.2
      vertex 1.2 2.4 0
    endloop
  endfacet
  facet normal -0.707107 -0 -0.707107
    outer loop
      vertex 0 2.4 1.2
      vertex 1.2 3.8147e-07 0
      vertex 0 3.8147e-07 1.2
    endloop
  endfacet
  facet normal 0.707107 -0 0.707107
    outer loop
      vertex 63.3 3.8147e-07 30
      vertex 64.5 2.4 28.8
      vertex 63.3 2.4 30
    endloop
  endfacet
  facet normal 0.707107 0 0.707107
    outer loop
      vertex 64.5 2.4 28.8
      vertex 63.3 3.8147e-07 30
      vertex 64.5 3.8147e-07 28.8
    endloop
  endfacet
  facet normal -1 0 0
    outer loop
      vertex 1.65 2.4 0.4
      vertex 1.65 5.4 29.6
      vertex 1.65 5.4 0.4
    endloop
  endfacet
  facet normal -1 -0 0
    outer loop
      vertex 1.65 5.4 29.6
      vertex 1.65 2.4 0.4
      vertex 1.65 2.4 29.6
    endloop
  endfacet
  facet normal -0 0 1
    outer loop
      vertex 59 5.4 29.6
      vertex 62.85 2.4 29.6
      vertex 62.85 5.4 29.6
    endloop
  endfacet
  facet normal 0 0 1
    outer loop
      vertex 62.85 2.4 29.6
      vertex 59 5.4 29.6
      vertex 59 2.4 29.6
    endloop
  endfacet
  facet normal -0 0 1
    outer loop
      vertex 1.65 5.4 29.6
      vertex 5.5 2.4 29.6
      vertex 5.5 5.4 29.6
    endloop
  endfacet
  facet normal 0 0 1
    outer loop
      vertex 5.5 2.4 29.6
      vertex 1.65 5.4 29.6
      vertex 1.65 2.4 29.6
    endloop
  endfacet
  facet normal 1 -0 0
    outer loop
      vertex 62.85 2.4 29.6
      vertex 62.85 5.4 0.4
      vertex 62.85 5.4 29.6
    endloop
  endfacet
  facet normal 1 0 0
    outer loop
      vertex 62.85 5.4 0.4
      vertex 62.85 2.4 29.6
      vertex 62.85 2.4 0.4
    endloop
  endfacet
  facet normal 0 1 0
    outer loop
      vertex 62.85 5.4 29.6
      vertex 59 5.4 4
      vertex 59 5.4 29.6
    endloop
  endfacet
  facet normal 0 1 0
    outer loop
      vertex 59 5.4 4
      vertex 62.05 5.4 1.8
      vertex 5.5 5.4 4
    endloop
  endfacet
  facet normal 0 1 0
    outer loop
      vertex 62.85 5.4 29.6
      vertex 62.05 5.4 1.8
      vertex 59 5.4 4
    endloop
  endfacet
  facet normal 0 1 -0
    outer loop
      vertex 62.85 5.4 0.4
      vertex 62.05 5.4 1.8
      vertex 62.85 5.4 29.6
    endloop
  endfacet
  facet normal 0 1 0
    outer loop
      vertex 62.05 5.4 1.8
      vertex 62.85 5.4 0.4
      vertex 62.05 5.4 0.4
    endloop
  endfacet
  facet normal 0 1 -0
    outer loop
      vertex 5.5 5.4 4
      vertex 1.65 5.4 29.6
      vertex 5.5 5.4 29.6
    endloop
  endfacet
  facet normal 0 1 0
    outer loop
      vertex 2.45 5.4 1.8
      vertex 5.5 5.4 4
      vertex 62.05 5.4 1.8
    endloop
  endfacet
  facet normal 0 1 -0
    outer loop
      vertex 2.45 5.4 1.8
      vertex 1.65 5.4 29.6
      vertex 5.5 5.4 4
    endloop
  endfacet
  facet normal 0 1 0
    outer loop
      vertex 1.65 5.4 0.4
      vertex 2.45 5.4 1.8
      vertex 2.45 5.4 0.4
    endloop
  endfacet
  facet normal 0 1 0
    outer loop
      vertex 2.45 5.4 1.8
      vertex 1.65 5.4 0.4
      vertex 1.65 5.4 29.6
    endloop
  endfacet
  facet normal 0 0 -1
    outer loop
      vertex 1.65 2.4 0.4
      vertex 2.45 5.4 0.4
      vertex 2.45 2.4 0.4
    endloop
  endfacet
  facet normal -0 0 -1
    outer loop
      vertex 2.45 5.4 0.4
      vertex 1.65 2.4 0.4
      vertex 1.65 5.4 0.4
    endloop
  endfacet
  facet normal 0 0 -1
    outer loop
      vertex 62.05 2.4 0.4
      vertex 62.85 5.4 0.4
      vertex 62.85 2.4 0.4
    endloop
  endfacet
  facet normal -0 0 -1
    outer loop
      vertex 62.85 5.4 0.4
      vertex 62.05 2.4 0.4
      vertex 62.05 5.4 0.4
    endloop
  endfacet
  facet normal 1 0 0
    outer loop
      vertex 5.5 2.4 30
      vertex 5.5 3.8147e-07 30
      vertex 5.5 2.4 29.6
    endloop
  endfacet
  facet normal 1 -0 0
    outer loop
      vertex 5.5 2.4 29.6
      vertex 5.5 5.4 4
      vertex 5.5 5.4 29.6
    endloop
  endfacet
  facet normal 1 0 0
    outer loop
      vertex 5.5 3.8147e-07 4
      vertex 5.5 2.4 29.6
      vertex 5.5 3.8147e-07 30
    endloop
  endfacet
  facet normal 1 0 0
    outer loop
      vertex 5.5 2.4 29.6
      vertex 5.5 3.8147e-07 4
      vertex 5.5 5.4 4
    endloop
  endfacet
  facet normal -1 0 0
    outer loop
      vertex 59 5.4 4
      vertex 59 2.4 29.6
      vertex 59 5.4 29.6
    endloop
  endfacet
  facet normal -1 0 0
    outer loop
      vertex 59 3.8147e-07 4
      vertex 59 2.4 29.6
      vertex 59 5.4 4
    endloop
  endfacet
  facet normal -1 0 0
    outer loop
      vertex 59 3.8147e-07 30
      vertex 59 2.4 29.6
      vertex 59 3.8147e-07 4
    endloop
  endfacet
  facet normal -1 0 0
    outer loop
      vertex 59 2.4 29.6
      vertex 59 3.8147e-07 30
      vertex 59 2.4 30
    endloop
  endfacet
  facet normal -0 0 1
    outer loop
      vertex 5.5 5.4 4
      vertex 59 3.8147e-07 4
      vertex 59 5.4 4
    endloop
  endfacet
  facet normal 0 0 1
    outer loop
      vertex 59 3.8147e-07 4
      vertex 5.5 5.4 4
      vertex 5.5 3.8147e-07 4
    endloop
  endfacet
endsolid OpenSCAD_Model
