solid OpenSCAD_Model
  facet normal -0.866025 -0.500001 0
    outer loop
      vertex 24.8 15.9 0
      vertex 20.35 23.6076 1.8
      vertex 20.35 23.6076 0
    endloop
  endfacet
  facet normal -0.866025 -0.500001 0
    outer loop
      vertex 20.35 23.6076 1.8
      vertex 24.8 15.9 0
      vertex 24.8 15.9 1.8
    endloop
  endfacet
  facet normal 0 -1 0
    outer loop
      vertex 17.2694 23.6076 0
      vertex 20.35 23.6076 1.8
      vertex 17.2694 23.6076 1.8
    endloop
  endfacet
  facet normal 0 -1 -0
    outer loop
      vertex 20.35 23.6076 1.8
      vertex 17.2694 23.6076 0
      vertex 20.35 23.6076 0
    endloop
  endfacet
  facet normal -0.866026 0.5 0
    outer loop
      vertex 20.35 8.19237 0
      vertex 24.8 15.9 1.8
      vertex 24.8 15.9 0
    endloop
  endfacet
  facet normal -0.866026 0.5 0
    outer loop
      vertex 24.8 15.9 1.8
      vertex 20.35 8.19237 0
      vertex 20.35 8.19237 1.8
    endloop
  endfacet
  facet normal 0 1 -0
    outer loop
      vertex 20.35 8.19237 0
      vertex 16 8.19237 1.8
      vertex 20.35 8.19237 1.8
    endloop
  endfacet
  facet normal 0 1 0
    outer loop
      vertex 16 8.19237 1.8
      vertex 20.35 8.19237 0
      vertex 16 8.19237 0
    endloop
  endfacet
  facet normal -0.866025 -0.500001 0
    outer loop
      vertex 24.8 34.9526 0
      vertex 20.35 42.6602 1.8
      vertex 20.35 42.6602 0
    endloop
  endfacet
  facet normal -0.866025 -0.500001 0
    outer loop
      vertex 20.35 42.6602 1.8
      vertex 24.8 34.9526 0
      vertex 24.8 34.9526 1.8
    endloop
  endfacet
  facet normal 0.866025 -0.500001 0
    outer loop
      vertex 7 34.9526 1.8
      vertex 11.45 42.6602 0
      vertex 11.45 42.6602 1.8
    endloop
  endfacet
  facet normal 0.866025 -0.500001 0
    outer loop
      vertex 11.45 42.6602 0
      vertex 7 34.9526 1.8
      vertex 7 34.9526 0
    endloop
  endfacet
  facet normal 0 -1 0
    outer loop
      vertex 11.45 42.6602 0
      vertex 20.35 42.6602 1.8
      vertex 11.45 42.6602 1.8
    endloop
  endfacet
  facet normal 0 -1 -0
    outer loop
      vertex 20.35 42.6602 1.8
      vertex 11.45 42.6602 0
      vertex 20.35 42.6602 0
    endloop
  endfacet
  facet normal 0.866026 0.499999 0
    outer loop
      vertex 10.5668 28.7747 1.8
      vertex 7 34.9526 0
      vertex 7 34.9526 1.8
    endloop
  endfacet
  facet normal 0.866026 0.499999 0
    outer loop
      vertex 7 34.9526 0
      vertex 10.5668 28.7747 1.8
      vertex 10.5668 28.7747 0
    endloop
  endfacet
  facet normal 0 1 -0
    outer loop
      vertex 20.35 27.2449 0
      vertex 16.8996 27.2449 1.8
      vertex 20.35 27.2449 1.8
    endloop
  endfacet
  facet normal 0 1 0
    outer loop
      vertex 16.8996 27.2449 1.8
      vertex 20.35 27.2449 0
      vertex 16.8996 27.2449 0
    endloop
  endfacet
  facet normal -0.866027 0.499996 0
    outer loop
      vertex 20.35 27.2449 0
      vertex 24.8 34.9526 1.8
      vertex 24.8 34.9526 0
    endloop
  endfacet
  facet normal -0.866027 0.499996 0
    outer loop
      vertex 24.8 34.9526 1.8
      vertex 20.35 27.2449 0
      vertex 20.35 27.2449 1.8
    endloop
  endfacet
  facet normal -0.866025 -0.500001 0
    outer loop
      vertex 24.8 54.0051 0
      vertex 20.35 61.7127 1.8
      vertex 20.35 61.7127 0
    endloop
  endfacet
  facet normal -0.866025 -0.500001 0
    outer loop
      vertex 20.35 61.7127 1.8
      vertex 24.8 54.0051 0
      vertex 24.8 54.0051 1.8
    endloop
  endfacet
  facet normal 0.866025 -0.500001 0
    outer loop
      vertex 7 54.0051 1.8
      vertex 11.45 61.7127 0
      vertex 11.45 61.7127 1.8
    endloop
  endfacet
  facet normal 0.866025 -0.500001 0
    outer loop
      vertex 11.45 61.7127 0
      vertex 7 54.0051 1.8
      vertex 7 54.0051 0
    endloop
  endfacet
  facet normal 0 -1 0
    outer loop
      vertex 11.45 61.7127 0
      vertex 20.35 61.7127 1.8
      vertex 11.45 61.7127 1.8
    endloop
  endfacet
  facet normal 0 -1 -0
    outer loop
      vertex 20.35 61.7127 1.8
      vertex 11.45 61.7127 0
      vertex 20.35 61.7127 0
    endloop
  endfacet
  facet normal 0 1 -0
    outer loop
      vertex 20.35 46.2975 0
      vertex 11.45 46.2975 1.8
      vertex 20.35 46.2975 1.8
    endloop
  endfacet
  facet normal 0 1 0
    outer loop
      vertex 11.45 46.2975 1.8
      vertex 20.35 46.2975 0
      vertex 11.45 46.2975 0
    endloop
  endfacet
  facet normal 0.866025 0.500001 0
    outer loop
      vertex 11.45 46.2975 1.8
      vertex 7 54.0051 0
      vertex 7 54.0051 1.8
    endloop
  endfacet
  facet normal 0.866025 0.500001 0
    outer loop
      vertex 7 54.0051 0
      vertex 11.45 46.2975 1.8
      vertex 11.45 46.2975 0
    endloop
  endfacet
  facet normal -0.866025 0.500001 0
    outer loop
      vertex 20.35 46.2975 0
      vertex 24.8 54.0051 1.8
      vertex 24.8 54.0051 0
    endloop
  endfacet
  facet normal -0.866025 0.500001 0
    outer loop
      vertex 24.8 54.0051 1.8
      vertex 20.35 46.2975 0
      vertex 20.35 46.2975 1.8
    endloop
  endfacet
  facet normal -0.866025 -0.500001 0
    outer loop
      vertex 24.8 73.0577 0
      vertex 20.35 80.7653 1.8
      vertex 20.35 80.7653 0
    endloop
  endfacet
  facet normal -0.866025 -0.500001 0
    outer loop
      vertex 20.35 80.7653 1.8
      vertex 24.8 73.0577 0
      vertex 24.8 73.0577 1.8
    endloop
  endfacet
  facet normal 0.866025 -0.500001 0
    outer loop
      vertex 7 73.0577 1.8
      vertex 11.45 80.7653 0
      vertex 11.45 80.7653 1.8
    endloop
  endfacet
  facet normal 0.866025 -0.500001 0
    outer loop
      vertex 11.45 80.7653 0
      vertex 7 73.0577 1.8
      vertex 7 73.0577 0
    endloop
  endfacet
  facet normal 0 -1 0
    outer loop
      vertex 11.45 80.7653 0
      vertex 20.35 80.7653 1.8
      vertex 11.45 80.7653 1.8
    endloop
  endfacet
  facet normal 0 -1 -0
    outer loop
      vertex 20.35 80.7653 1.8
      vertex 11.45 80.7653 0
      vertex 20.35 80.7653 0
    endloop
  endfacet
  facet normal 0 1 -0
    outer loop
      vertex 20.35 65.3501 0
      vertex 11.45 65.3501 1.8
      vertex 20.35 65.3501 1.8
    endloop
  endfacet
  facet normal 0 1 0
    outer loop
      vertex 11.45 65.3501 1.8
      vertex 20.35 65.3501 0
      vertex 11.45 65.3501 0
    endloop
  endfacet
  facet normal 0.866025 0.500001 0
    outer loop
      vertex 11.45 65.3501 1.8
      vertex 7 73.0577 0
      vertex 7 73.0577 1.8
    endloop
  endfacet
  facet normal 0.866025 0.500001 0
    outer loop
      vertex 7 73.0577 0
      vertex 11.45 65.3501 1.8
      vertex 11.45 65.3501 0
    endloop
  endfacet
  facet normal -0.866025 0.500001 0
    outer loop
      vertex 20.35 65.3501 0
      vertex 24.8 73.0577 1.8
      vertex 24.8 73.0577 0
    endloop
  endfacet
  facet normal -0.866025 0.500001 0
    outer loop
      vertex 24.8 73.0577 1.8
      vertex 20.35 65.3501 0
      vertex 20.35 65.3501 1.8
    endloop
  endfacet
  facet normal -0.866027 -0.499996 0
    outer loop
      vertex 24.8 92.1102 0
      vertex 20.35 99.8179 1.8
      vertex 20.35 99.8179 0
    endloop
  endfacet
  facet normal -0.866027 -0.499996 0
    outer loop
      vertex 20.35 99.8179 1.8
      vertex 24.8 92.1102 0
      vertex 24.8 92.1102 1.8
    endloop
  endfacet
  facet normal 0.866027 -0.499996 0
    outer loop
      vertex 7 92.1102 1.8
      vertex 11.45 99.8179 0
      vertex 11.45 99.8179 1.8
    endloop
  endfacet
  facet normal 0.866027 -0.499996 0
    outer loop
      vertex 11.45 99.8179 0
      vertex 7 92.1102 1.8
      vertex 7 92.1102 0
    endloop
  endfacet
  facet normal 0 -1 0
    outer loop
      vertex 11.45 99.8179 0
      vertex 20.35 99.8179 1.8
      vertex 11.45 99.8179 1.8
    endloop
  endfacet
  facet normal 0 -1 -0
    outer loop
      vertex 20.35 99.8179 1.8
      vertex 11.45 99.8179 0
      vertex 20.35 99.8179 0
    endloop
  endfacet
  facet normal 0.866025 0.500001 0
    outer loop
      vertex 11.45 84.4026 1.8
      vertex 7 92.1102 0
      vertex 7 92.1102 1.8
    endloop
  endfacet
  facet normal 0.866025 0.500001 0
    outer loop
      vertex 7 92.1102 0
      vertex 11.45 84.4026 1.8
      vertex 11.45 84.4026 0
    endloop
  endfacet
  facet normal -0.866025 0.500001 0
    outer loop
      vertex 20.35 84.4026 0
      vertex 24.8 92.1102 1.8
      vertex 24.8 92.1102 0
    endloop
  endfacet
  facet normal -0.866025 0.500001 0
    outer loop
      vertex 24.8 92.1102 1.8
      vertex 20.35 84.4026 0
      vertex 20.35 84.4026 1.8
    endloop
  endfacet
  facet normal 0 1 -0
    outer loop
      vertex 20.35 84.4026 0
      vertex 11.45 84.4026 1.8
      vertex 20.35 84.4026 1.8
    endloop
  endfacet
  facet normal 0 1 0
    outer loop
      vertex 11.45 84.4026 1.8
      vertex 20.35 84.4026 0
      vertex 11.45 84.4026 0
    endloop
  endfacet
  facet normal -0.866008 -0.50003 0
    outer loop
      vertex 24.8 111.163 0
      vertex 20.35 118.87 1.8
      vertex 20.35 118.87 0
    endloop
  endfacet
  facet normal -0.866008 -0.50003 0
    outer loop
      vertex 20.35 118.87 1.8
      vertex 24.8 111.163 0
      vertex 24.8 111.163 1.8
    endloop
  endfacet
  facet normal 0.866008 -0.50003 0
    outer loop
      vertex 7 111.163 1.8
      vertex 11.45 118.87 0
      vertex 11.45 118.87 1.8
    endloop
  endfacet
  facet normal 0.866008 -0.50003 0
    outer loop
      vertex 11.45 118.87 0
      vertex 7 111.163 1.8
      vertex 7 111.163 0
    endloop
  endfacet
  facet normal 0 -1 0
    outer loop
      vertex 11.45 118.87 0
      vertex 20.35 118.87 1.8
      vertex 11.45 118.87 1.8
    endloop
  endfacet
  facet normal 0 -1 -0
    outer loop
      vertex 20.35 118.87 1.8
      vertex 11.45 118.87 0
      vertex 20.35 118.87 0
    endloop
  endfacet
  facet normal 0.866036 0.499982 0
    outer loop
      vertex 11.45 103.455 1.8
      vertex 7 111.163 0
      vertex 7 111.163 1.8
    endloop
  endfacet
  facet normal 0.866036 0.499982 0
    outer loop
      vertex 7 111.163 0
      vertex 11.45 103.455 1.8
      vertex 11.45 103.455 0
    endloop
  endfacet
  facet normal 0 1 -0
    outer loop
      vertex 20.35 103.455 0
      vertex 11.45 103.455 1.8
      vertex 20.35 103.455 1.8
    endloop
  endfacet
  facet normal 0 1 0
    outer loop
      vertex 11.45 103.455 1.8
      vertex 20.35 103.455 0
      vertex 11.45 103.455 0
    endloop
  endfacet
  facet normal -0.866036 0.499982 0
    outer loop
      vertex 20.35 103.455 0
      vertex 24.8 111.163 1.8
      vertex 24.8 111.163 0
    endloop
  endfacet
  facet normal -0.866036 0.499982 0
    outer loop
      vertex 24.8 111.163 1.8
      vertex 20.35 103.455 0
      vertex 20.35 103.455 1.8
    endloop
  endfacet
  facet normal -0.866036 -0.499982 0
    outer loop
      vertex 24.8 130.215 0
      vertex 20.35 137.923 1.8
      vertex 20.35 137.923 0
    endloop
  endfacet
  facet normal -0.866036 -0.499982 0
    outer loop
      vertex 20.35 137.923 1.8
      vertex 24.8 130.215 0
      vertex 24.8 130.215 1.8
    endloop
  endfacet
  facet normal 0.866045 -0.499966 0
    outer loop
      vertex 7 130.215 1.8
      vertex 9.18507 134 0
      vertex 9.18507 134 1.8
    endloop
  endfacet
  facet normal 0.866045 -0.499966 0
    outer loop
      vertex 9.18507 134 0
      vertex 7 130.215 1.8
      vertex 7 130.215 0
    endloop
  endfacet
  facet normal 0 -1 0
    outer loop
      vertex 16 137.923 0
      vertex 20.35 137.923 1.8
      vertex 16 137.923 1.8
    endloop
  endfacet
  facet normal 0 -1 -0
    outer loop
      vertex 20.35 137.923 1.8
      vertex 16 137.923 0
      vertex 20.35 137.923 0
    endloop
  endfacet
  facet normal -0.866008 0.50003 0
    outer loop
      vertex 20.35 122.508 0
      vertex 24.8 130.215 1.8
      vertex 24.8 130.215 0
    endloop
  endfacet
  facet normal -0.866008 0.50003 0
    outer loop
      vertex 24.8 130.215 1.8
      vertex 20.35 122.508 0
      vertex 20.35 122.508 1.8
    endloop
  endfacet
  facet normal 0 1 -0
    outer loop
      vertex 20.35 122.508 0
      vertex 11.45 122.508 1.8
      vertex 20.35 122.508 1.8
    endloop
  endfacet
  facet normal 0 1 0
    outer loop
      vertex 11.45 122.508 1.8
      vertex 20.35 122.508 0
      vertex 11.45 122.508 0
    endloop
  endfacet
  facet normal 0.866008 0.50003 0
    outer loop
      vertex 11.45 122.508 1.8
      vertex 7 130.215 0
      vertex 7 130.215 1.8
    endloop
  endfacet
  facet normal 0.866008 0.50003 0
    outer loop
      vertex 7 130.215 0
      vertex 11.45 122.508 1.8
      vertex 11.45 122.508 0
    endloop
  endfacet
  facet normal -0.866025 -0.500001 0
    outer loop
      vertex 41.3 25.4263 0
      vertex 36.85 33.1339 1.8
      vertex 36.85 33.1339 0
    endloop
  endfacet
  facet normal -0.866025 -0.500001 0
    outer loop
      vertex 36.85 33.1339 1.8
      vertex 41.3 25.4263 0
      vertex 41.3 25.4263 1.8
    endloop
  endfacet
  facet normal 0.866025 -0.500001 0
    outer loop
      vertex 23.5 25.4263 1.8
      vertex 27.95 33.1339 0
      vertex 27.95 33.1339 1.8
    endloop
  endfacet
  facet normal 0.866025 -0.500001 0
    outer loop
      vertex 27.95 33.1339 0
      vertex 23.5 25.4263 1.8
      vertex 23.5 25.4263 0
    endloop
  endfacet
  facet normal 0 -1 0
    outer loop
      vertex 27.95 33.1339 0
      vertex 36.85 33.1339 1.8
      vertex 27.95 33.1339 1.8
    endloop
  endfacet
  facet normal 0 -1 -0
    outer loop
      vertex 36.85 33.1339 1.8
      vertex 27.95 33.1339 0
      vertex 36.85 33.1339 0
    endloop
  endfacet
  facet normal 0 1 -0
    outer loop
      vertex 36.85 17.7187 0
      vertex 27.95 17.7187 1.8
      vertex 36.85 17.7187 1.8
    endloop
  endfacet
  facet normal 0 1 0
    outer loop
      vertex 27.95 17.7187 1.8
      vertex 36.85 17.7187 0
      vertex 27.95 17.7187 0
    endloop
  endfacet
  facet normal 0.866025 0.500001 0
    outer loop
      vertex 27.95 17.7187 1.8
      vertex 23.5 25.4263 0
      vertex 23.5 25.4263 1.8
    endloop
  endfacet
  facet normal 0.866025 0.500001 0
    outer loop
      vertex 23.5 25.4263 0
      vertex 27.95 17.7187 1.8
      vertex 27.95 17.7187 0
    endloop
  endfacet
  facet normal -0.866025 0.500001 0
    outer loop
      vertex 36.85 17.7187 0
      vertex 41.3 25.4263 1.8
      vertex 41.3 25.4263 0
    endloop
  endfacet
  facet normal -0.866025 0.500001 0
    outer loop
      vertex 41.3 25.4263 1.8
      vertex 36.85 17.7187 0
      vertex 36.85 17.7187 1.8
    endloop
  endfacet
  facet normal -0.866027 -0.499996 0
    outer loop
      vertex 41.3 44.4788 0
      vertex 36.85 52.1865 1.8
      vertex 36.85 52.1865 0
    endloop
  endfacet
  facet normal -0.866027 -0.499996 0
    outer loop
      vertex 36.85 52.1865 1.8
      vertex 41.3 44.4788 0
      vertex 41.3 44.4788 1.8
    endloop
  endfacet
  facet normal 0.866027 -0.499996 0
    outer loop
      vertex 23.5 44.4788 1.8
      vertex 27.95 52.1865 0
      vertex 27.95 52.1865 1.8
    endloop
  endfacet
  facet normal 0.866027 -0.499996 0
    outer loop
      vertex 27.95 52.1865 0
      vertex 23.5 44.4788 1.8
      vertex 23.5 44.4788 0
    endloop
  endfacet
  facet normal 0 -1 0
    outer loop
      vertex 27.95 52.1865 0
      vertex 36.85 52.1865 1.8
      vertex 27.95 52.1865 1.8
    endloop
  endfacet
  facet normal 0 -1 -0
    outer loop
      vertex 36.85 52.1865 1.8
      vertex 27.95 52.1865 0
      vertex 36.85 52.1865 0
    endloop
  endfacet
  facet normal 0.866025 0.500001 0
    outer loop
      vertex 27.95 36.7712 1.8
      vertex 23.5 44.4788 0
      vertex 23.5 44.4788 1.8
    endloop
  endfacet
  facet normal 0.866025 0.500001 0
    outer loop
      vertex 23.5 44.4788 0
      vertex 27.95 36.7712 1.8
      vertex 27.95 36.7712 0
    endloop
  endfacet
  facet normal 0 1 -0
    outer loop
      vertex 36.85 36.7712 0
      vertex 27.95 36.7712 1.8
      vertex 36.85 36.7712 1.8
    endloop
  endfacet
  facet normal 0 1 0
    outer loop
      vertex 27.95 36.7712 1.8
      vertex 36.85 36.7712 0
      vertex 27.95 36.7712 0
    endloop
  endfacet
  facet normal -0.866025 0.500001 0
    outer loop
      vertex 36.85 36.7712 0
      vertex 41.3 44.4788 1.8
      vertex 41.3 44.4788 0
    endloop
  endfacet
  facet normal -0.866025 0.500001 0
    outer loop
      vertex 41.3 44.4788 1.8
      vertex 36.85 36.7712 0
      vertex 36.85 36.7712 1.8
    endloop
  endfacet
  facet normal -0.866025 -0.500001 0
    outer loop
      vertex 41.3 63.5314 0
      vertex 36.85 71.239 1.8
      vertex 36.85 71.239 0
    endloop
  endfacet
  facet normal -0.866025 -0.500001 0
    outer loop
      vertex 36.85 71.239 1.8
      vertex 41.3 63.5314 0
      vertex 41.3 63.5314 1.8
    endloop
  endfacet
  facet normal 0.866025 -0.500001 0
    outer loop
      vertex 23.5 63.5314 1.8
      vertex 27.95 71.239 0
      vertex 27.95 71.239 1.8
    endloop
  endfacet
  facet normal 0.866025 -0.500001 0
    outer loop
      vertex 27.95 71.239 0
      vertex 23.5 63.5314 1.8
      vertex 23.5 63.5314 0
    endloop
  endfacet
  facet normal 0 -1 0
    outer loop
      vertex 27.95 71.239 0
      vertex 36.85 71.239 1.8
      vertex 27.95 71.239 1.8
    endloop
  endfacet
  facet normal 0 -1 -0
    outer loop
      vertex 36.85 71.239 1.8
      vertex 27.95 71.239 0
      vertex 36.85 71.239 0
    endloop
  endfacet
  facet normal 0.866025 0.500001 0
    outer loop
      vertex 27.95 55.8238 1.8
      vertex 23.5 63.5314 0
      vertex 23.5 63.5314 1.8
    endloop
  endfacet
  facet normal 0.866025 0.500001 0
    outer loop
      vertex 23.5 63.5314 0
      vertex 27.95 55.8238 1.8
      vertex 27.95 55.8238 0
    endloop
  endfacet
  facet normal -0.866025 0.500001 0
    outer loop
      vertex 36.85 55.8238 0
      vertex 41.3 63.5314 1.8
      vertex 41.3 63.5314 0
    endloop
  endfacet
  facet normal -0.866025 0.500001 0
    outer loop
      vertex 41.3 63.5314 1.8
      vertex 36.85 55.8238 0
      vertex 36.85 55.8238 1.8
    endloop
  endfacet
  facet normal 0 1 -0
    outer loop
      vertex 36.85 55.8238 0
      vertex 27.95 55.8238 1.8
      vertex 36.85 55.8238 1.8
    endloop
  endfacet
  facet normal 0 1 0
    outer loop
      vertex 27.95 55.8238 1.8
      vertex 36.85 55.8238 0
      vertex 27.95 55.8238 0
    endloop
  endfacet
  facet normal -0.866025 -0.500001 0
    outer loop
      vertex 41.3 82.584 0
      vertex 36.85 90.2916 1.8
      vertex 36.85 90.2916 0
    endloop
  endfacet
  facet normal -0.866025 -0.500001 0
    outer loop
      vertex 36.85 90.2916 1.8
      vertex 41.3 82.584 0
      vertex 41.3 82.584 1.8
    endloop
  endfacet
  facet normal 0.866025 -0.500001 0
    outer loop
      vertex 23.5 82.584 1.8
      vertex 27.95 90.2916 0
      vertex 27.95 90.2916 1.8
    endloop
  endfacet
  facet normal 0.866025 -0.500001 0
    outer loop
      vertex 27.95 90.2916 0
      vertex 23.5 82.584 1.8
      vertex 23.5 82.584 0
    endloop
  endfacet
  facet normal 0 -1 0
    outer loop
      vertex 27.95 90.2916 0
      vertex 36.85 90.2916 1.8
      vertex 27.95 90.2916 1.8
    endloop
  endfacet
  facet normal 0 -1 -0
    outer loop
      vertex 36.85 90.2916 1.8
      vertex 27.95 90.2916 0
      vertex 36.85 90.2916 0
    endloop
  endfacet
  facet normal 0 1 -0
    outer loop
      vertex 36.85 74.8763 0
      vertex 27.95 74.8763 1.8
      vertex 36.85 74.8763 1.8
    endloop
  endfacet
  facet normal 0 1 0
    outer loop
      vertex 27.95 74.8763 1.8
      vertex 36.85 74.8763 0
      vertex 27.95 74.8763 0
    endloop
  endfacet
  facet normal 0.866027 0.499996 0
    outer loop
      vertex 27.95 74.8763 1.8
      vertex 23.5 82.584 0
      vertex 23.5 82.584 1.8
    endloop
  endfacet
  facet normal 0.866027 0.499996 0
    outer loop
      vertex 23.5 82.584 0
      vertex 27.95 74.8763 1.8
      vertex 27.95 74.8763 0
    endloop
  endfacet
  facet normal -0.866027 0.499996 0
    outer loop
      vertex 36.85 74.8763 0
      vertex 41.3 82.584 1.8
      vertex 41.3 82.584 0
    endloop
  endfacet
  facet normal -0.866027 0.499996 0
    outer loop
      vertex 41.3 82.584 1.8
      vertex 36.85 74.8763 0
      vertex 36.85 74.8763 1.8
    endloop
  endfacet
  facet normal -0.866008 -0.50003 0
    outer loop
      vertex 41.3 101.637 0
      vertex 36.85 109.344 1.8
      vertex 36.85 109.344 0
    endloop
  endfacet
  facet normal -0.866008 -0.50003 0
    outer loop
      vertex 36.85 109.344 1.8
      vertex 41.3 101.637 0
      vertex 41.3 101.637 1.8
    endloop
  endfacet
  facet normal 0.866008 -0.50003 0
    outer loop
      vertex 23.5 101.637 1.8
      vertex 27.95 109.344 0
      vertex 27.95 109.344 1.8
    endloop
  endfacet
  facet normal 0.866008 -0.50003 0
    outer loop
      vertex 27.95 109.344 0
      vertex 23.5 101.637 1.8
      vertex 23.5 101.637 0
    endloop
  endfacet
  facet normal 0 -1 0
    outer loop
      vertex 27.95 109.344 0
      vertex 36.85 109.344 1.8
      vertex 27.95 109.344 1.8
    endloop
  endfacet
  facet normal 0 -1 -0
    outer loop
      vertex 36.85 109.344 1.8
      vertex 27.95 109.344 0
      vertex 36.85 109.344 0
    endloop
  endfacet
  facet normal 0.866039 0.499977 0
    outer loop
      vertex 27.95 93.9289 1.8
      vertex 23.5 101.637 0
      vertex 23.5 101.637 1.8
    endloop
  endfacet
  facet normal 0.866039 0.499977 0
    outer loop
      vertex 23.5 101.637 0
      vertex 27.95 93.9289 1.8
      vertex 27.95 93.9289 0
    endloop
  endfacet
  facet normal 0 1 -0
    outer loop
      vertex 36.85 93.9289 0
      vertex 27.95 93.9289 1.8
      vertex 36.85 93.9289 1.8
    endloop
  endfacet
  facet normal 0 1 0
    outer loop
      vertex 27.95 93.9289 1.8
      vertex 36.85 93.9289 0
      vertex 27.95 93.9289 0
    endloop
  endfacet
  facet normal -0.866039 0.499977 0
    outer loop
      vertex 36.85 93.9289 0
      vertex 41.3 101.637 1.8
      vertex 41.3 101.637 0
    endloop
  endfacet
  facet normal -0.866039 0.499977 0
    outer loop
      vertex 41.3 101.637 1.8
      vertex 36.85 93.9289 0
      vertex 36.85 93.9289 1.8
    endloop
  endfacet
  facet normal -0.866036 -0.499982 0
    outer loop
      vertex 41.3 120.689 0
      vertex 36.85 128.397 1.8
      vertex 36.85 128.397 0
    endloop
  endfacet
  facet normal -0.866036 -0.499982 0
    outer loop
      vertex 36.85 128.397 1.8
      vertex 41.3 120.689 0
      vertex 41.3 120.689 1.8
    endloop
  endfacet
  facet normal 0.866036 -0.499982 0
    outer loop
      vertex 23.5 120.689 1.8
      vertex 27.95 128.397 0
      vertex 27.95 128.397 1.8
    endloop
  endfacet
  facet normal 0.866036 -0.499982 0
    outer loop
      vertex 27.95 128.397 0
      vertex 23.5 120.689 1.8
      vertex 23.5 120.689 0
    endloop
  endfacet
  facet normal 0 -1 0
    outer loop
      vertex 27.95 128.397 0
      vertex 36.85 128.397 1.8
      vertex 27.95 128.397 1.8
    endloop
  endfacet
  facet normal 0 -1 -0
    outer loop
      vertex 36.85 128.397 1.8
      vertex 27.95 128.397 0
      vertex 36.85 128.397 0
    endloop
  endfacet
  facet normal 0.866036 0.499982 0
    outer loop
      vertex 27.95 112.981 1.8
      vertex 23.5 120.689 0
      vertex 23.5 120.689 1.8
    endloop
  endfacet
  facet normal 0.866036 0.499982 0
    outer loop
      vertex 23.5 120.689 0
      vertex 27.95 112.981 1.8
      vertex 27.95 112.981 0
    endloop
  endfacet
  facet normal -0.866036 0.499982 0
    outer loop
      vertex 36.85 112.981 0
      vertex 41.3 120.689 1.8
      vertex 41.3 120.689 0
    endloop
  endfacet
  facet normal -0.866036 0.499982 0
    outer loop
      vertex 41.3 120.689 1.8
      vertex 36.85 112.981 0
      vertex 36.85 112.981 1.8
    endloop
  endfacet
  facet normal 0 1 -0
    outer loop
      vertex 36.85 112.981 0
      vertex 27.95 112.981 1.8
      vertex 36.85 112.981 1.8
    endloop
  endfacet
  facet normal 0 1 0
    outer loop
      vertex 27.95 112.981 1.8
      vertex 36.85 112.981 0
      vertex 27.95 112.981 0
    endloop
  endfacet
  facet normal -0.866025 -0.500001 0
    outer loop
      vertex 57.8 15.9 0
      vertex 53.35 23.6076 1.8
      vertex 53.35 23.6076 0
    endloop
  endfacet
  facet normal -0.866025 -0.500001 0
    outer loop
      vertex 53.35 23.6076 1.8
      vertex 57.8 15.9 0
      vertex 57.8 15.9 1.8
    endloop
  endfacet
  facet normal 0.866025 -0.500001 0
    outer loop
      vertex 40 15.9 1.8
      vertex 44.45 23.6076 0
      vertex 44.45 23.6076 1.8
    endloop
  endfacet
  facet normal 0.866025 -0.500001 0
    outer loop
      vertex 44.45 23.6076 0
      vertex 40 15.9 1.8
      vertex 40 15.9 0
    endloop
  endfacet
  facet normal 0 -1 0
    outer loop
      vertex 44.45 23.6076 0
      vertex 53.35 23.6076 1.8
      vertex 44.45 23.6076 1.8
    endloop
  endfacet
  facet normal 0 -1 -0
    outer loop
      vertex 53.35 23.6076 1.8
      vertex 44.45 23.6076 0
      vertex 53.35 23.6076 0
    endloop
  endfacet
  facet normal 0 1 -0
    outer loop
      vertex 53.35 8.19237 0
      vertex 44.45 8.19237 1.8
      vertex 53.35 8.19237 1.8
    endloop
  endfacet
  facet normal 0 1 0
    outer loop
      vertex 44.45 8.19237 1.8
      vertex 53.35 8.19237 0
      vertex 44.45 8.19237 0
    endloop
  endfacet
  facet normal 0.866026 0.5 0
    outer loop
      vertex 44.45 8.19237 1.8
      vertex 40 15.9 0
      vertex 40 15.9 1.8
    endloop
  endfacet
  facet normal 0.866026 0.5 0
    outer loop
      vertex 40 15.9 0
      vertex 44.45 8.19237 1.8
      vertex 44.45 8.19237 0
    endloop
  endfacet
  facet normal -0.866026 0.5 0
    outer loop
      vertex 53.35 8.19237 0
      vertex 57.8 15.9 1.8
      vertex 57.8 15.9 0
    endloop
  endfacet
  facet normal -0.866026 0.5 0
    outer loop
      vertex 57.8 15.9 1.8
      vertex 53.35 8.19237 0
      vertex 53.35 8.19237 1.8
    endloop
  endfacet
  facet normal -0.866026 -0.499999 0
    outer loop
      vertex 57.4262 35.6 0
      vertex 53.35 42.6602 1.8
      vertex 53.35 42.6602 0
    endloop
  endfacet
  facet normal -0.866026 -0.499999 0
    outer loop
      vertex 53.35 42.6602 1.8
      vertex 57.4262 35.6 0
      vertex 57.4262 35.6 1.8
    endloop
  endfacet
  facet normal 0.866025 -0.500001 0
    outer loop
      vertex 40 34.9526 1.8
      vertex 44.45 42.6602 0
      vertex 44.45 42.6602 1.8
    endloop
  endfacet
  facet normal 0.866025 -0.500001 0
    outer loop
      vertex 44.45 42.6602 0
      vertex 40 34.9526 1.8
      vertex 40 34.9526 0
    endloop
  endfacet
  facet normal 0 -1 0
    outer loop
      vertex 44.45 42.6602 0
      vertex 49.35 42.6602 1.8
      vertex 44.45 42.6602 1.8
    endloop
  endfacet
  facet normal 0 -1 -0
    outer loop
      vertex 49.35 42.6602 1.8
      vertex 44.45 42.6602 0
      vertex 49.35 42.6602 0
    endloop
  endfacet
  facet normal 0 -1 0
    outer loop
      vertex 51.55 42.6602 0
      vertex 53.35 42.6602 1.8
      vertex 51.55 42.6602 1.8
    endloop
  endfacet
  facet normal 0 -1 -0
    outer loop
      vertex 53.35 42.6602 1.8
      vertex 51.55 42.6602 0
      vertex 53.35 42.6602 0
    endloop
  endfacet
  facet normal 0.866027 0.499996 0
    outer loop
      vertex 44.45 27.2449 1.8
      vertex 40 34.9526 0
      vertex 40 34.9526 1.8
    endloop
  endfacet
  facet normal 0.866027 0.499996 0
    outer loop
      vertex 40 34.9526 0
      vertex 44.45 27.2449 1.8
      vertex 44.45 27.2449 0
    endloop
  endfacet
  facet normal 0 1 -0
    outer loop
      vertex 53.35 27.2449 0
      vertex 44.45 27.2449 1.8
      vertex 53.35 27.2449 1.8
    endloop
  endfacet
  facet normal 0 1 0
    outer loop
      vertex 44.45 27.2449 1.8
      vertex 53.35 27.2449 0
      vertex 44.45 27.2449 0
    endloop
  endfacet
  facet normal -0.866029 0.499994 0
    outer loop
      vertex 53.35 27.2449 0
      vertex 55.0561 30.2 1.8
      vertex 55.0561 30.2 0
    endloop
  endfacet
  facet normal -0.866029 0.499994 0
    outer loop
      vertex 55.0561 30.2 1.8
      vertex 53.35 27.2449 0
      vertex 53.35 27.2449 1.8
    endloop
  endfacet
  facet normal -0.866025 -0.500001 0
    outer loop
      vertex 57.8 54.0051 0
      vertex 53.35 61.7127 1.8
      vertex 53.35 61.7127 0
    endloop
  endfacet
  facet normal -0.866025 -0.500001 0
    outer loop
      vertex 53.35 61.7127 1.8
      vertex 57.8 54.0051 0
      vertex 57.8 54.0051 1.8
    endloop
  endfacet
  facet normal 0.866025 -0.500001 0
    outer loop
      vertex 40 54.0051 1.8
      vertex 44.45 61.7127 0
      vertex 44.45 61.7127 1.8
    endloop
  endfacet
  facet normal 0.866025 -0.500001 0
    outer loop
      vertex 44.45 61.7127 0
      vertex 40 54.0051 1.8
      vertex 40 54.0051 0
    endloop
  endfacet
  facet normal 0 -1 0
    outer loop
      vertex 44.45 61.7127 0
      vertex 49.35 61.7127 1.8
      vertex 44.45 61.7127 1.8
    endloop
  endfacet
  facet normal 0 -1 -0
    outer loop
      vertex 49.35 61.7127 1.8
      vertex 44.45 61.7127 0
      vertex 49.35 61.7127 0
    endloop
  endfacet
  facet normal 0 -1 0
    outer loop
      vertex 51.55 61.7127 0
      vertex 53.35 61.7127 1.8
      vertex 51.55 61.7127 1.8
    endloop
  endfacet
  facet normal 0 -1 -0
    outer loop
      vertex 53.35 61.7127 1.8
      vertex 51.55 61.7127 0
      vertex 53.35 61.7127 0
    endloop
  endfacet
  facet normal 0.866025 0.500001 0
    outer loop
      vertex 44.45 46.2975 1.8
      vertex 40 54.0051 0
      vertex 40 54.0051 1.8
    endloop
  endfacet
  facet normal 0.866025 0.500001 0
    outer loop
      vertex 40 54.0051 0
      vertex 44.45 46.2975 1.8
      vertex 44.45 46.2975 0
    endloop
  endfacet
  facet normal 0 1 -0
    outer loop
      vertex 49.35 46.2975 0
      vertex 44.45 46.2975 1.8
      vertex 49.35 46.2975 1.8
    endloop
  endfacet
  facet normal 0 1 0
    outer loop
      vertex 44.45 46.2975 1.8
      vertex 49.35 46.2975 0
      vertex 44.45 46.2975 0
    endloop
  endfacet
  facet normal 0 1 -0
    outer loop
      vertex 53.35 46.2975 0
      vertex 51.55 46.2975 1.8
      vertex 53.35 46.2975 1.8
    endloop
  endfacet
  facet normal 0 1 0
    outer loop
      vertex 51.55 46.2975 1.8
      vertex 53.35 46.2975 0
      vertex 51.55 46.2975 0
    endloop
  endfacet
  facet normal -0.866025 0.500001 0
    outer loop
      vertex 53.35 46.2975 0
      vertex 57.8 54.0051 1.8
      vertex 57.8 54.0051 0
    endloop
  endfacet
  facet normal -0.866025 0.500001 0
    outer loop
      vertex 57.8 54.0051 1.8
      vertex 53.35 46.2975 0
      vertex 53.35 46.2975 1.8
    endloop
  endfacet
  facet normal -0.866025 -0.500001 0
    outer loop
      vertex 57.8 73.0577 0
      vertex 53.35 80.7653 1.8
      vertex 53.35 80.7653 0
    endloop
  endfacet
  facet normal -0.866025 -0.500001 0
    outer loop
      vertex 53.35 80.7653 1.8
      vertex 57.8 73.0577 0
      vertex 57.8 73.0577 1.8
    endloop
  endfacet
  facet normal 0.866025 -0.500001 0
    outer loop
      vertex 40 73.0577 1.8
      vertex 44.45 80.7653 0
      vertex 44.45 80.7653 1.8
    endloop
  endfacet
  facet normal 0.866025 -0.500001 0
    outer loop
      vertex 44.45 80.7653 0
      vertex 40 73.0577 1.8
      vertex 40 73.0577 0
    endloop
  endfacet
  facet normal 0 -1 0
    outer loop
      vertex 44.45 80.7653 0
      vertex 49.35 80.7653 1.8
      vertex 44.45 80.7653 1.8
    endloop
  endfacet
  facet normal 0 -1 -0
    outer loop
      vertex 49.35 80.7653 1.8
      vertex 44.45 80.7653 0
      vertex 49.35 80.7653 0
    endloop
  endfacet
  facet normal 0 -1 0
    outer loop
      vertex 51.55 80.7653 0
      vertex 53.35 80.7653 1.8
      vertex 51.55 80.7653 1.8
    endloop
  endfacet
  facet normal 0 -1 -0
    outer loop
      vertex 53.35 80.7653 1.8
      vertex 51.55 80.7653 0
      vertex 53.35 80.7653 0
    endloop
  endfacet
  facet normal 0.866025 0.500001 0
    outer loop
      vertex 44.45 65.3501 1.8
      vertex 40 73.0577 0
      vertex 40 73.0577 1.8
    endloop
  endfacet
  facet normal 0.866025 0.500001 0
    outer loop
      vertex 40 73.0577 0
      vertex 44.45 65.3501 1.8
      vertex 44.45 65.3501 0
    endloop
  endfacet
  facet normal 0 1 -0
    outer loop
      vertex 49.35 65.3501 0
      vertex 44.45 65.3501 1.8
      vertex 49.35 65.3501 1.8
    endloop
  endfacet
  facet normal 0 1 0
    outer loop
      vertex 44.45 65.3501 1.8
      vertex 49.35 65.3501 0
      vertex 44.45 65.3501 0
    endloop
  endfacet
  facet normal 0 1 -0
    outer loop
      vertex 53.35 65.3501 0
      vertex 51.55 65.3501 1.8
      vertex 53.35 65.3501 1.8
    endloop
  endfacet
  facet normal 0 1 0
    outer loop
      vertex 51.55 65.3501 1.8
      vertex 53.35 65.3501 0
      vertex 51.55 65.3501 0
    endloop
  endfacet
  facet normal -0.866025 0.500001 0
    outer loop
      vertex 53.35 65.3501 0
      vertex 57.8 73.0577 1.8
      vertex 57.8 73.0577 0
    endloop
  endfacet
  facet normal -0.866025 0.500001 0
    outer loop
      vertex 57.8 73.0577 1.8
      vertex 53.35 65.3501 0
      vertex 53.35 65.3501 1.8
    endloop
  endfacet
  facet normal -0.866027 -0.499996 0
    outer loop
      vertex 57.8 92.1102 0
      vertex 53.35 99.8179 1.8
      vertex 53.35 99.8179 0
    endloop
  endfacet
  facet normal -0.866027 -0.499996 0
    outer loop
      vertex 53.35 99.8179 1.8
      vertex 57.8 92.1102 0
      vertex 57.8 92.1102 1.8
    endloop
  endfacet
  facet normal 0.866027 -0.499996 0
    outer loop
      vertex 40 92.1102 1.8
      vertex 44.45 99.8179 0
      vertex 44.45 99.8179 1.8
    endloop
  endfacet
  facet normal 0.866027 -0.499996 0
    outer loop
      vertex 44.45 99.8179 0
      vertex 40 92.1102 1.8
      vertex 40 92.1102 0
    endloop
  endfacet
  facet normal 0 -1 0
    outer loop
      vertex 44.45 99.8179 0
      vertex 49.35 99.8179 1.8
      vertex 44.45 99.8179 1.8
    endloop
  endfacet
  facet normal 0 -1 -0
    outer loop
      vertex 49.35 99.8179 1.8
      vertex 44.45 99.8179 0
      vertex 49.35 99.8179 0
    endloop
  endfacet
  facet normal 0 -1 0
    outer loop
      vertex 51.55 99.8179 0
      vertex 53.35 99.8179 1.8
      vertex 51.55 99.8179 1.8
    endloop
  endfacet
  facet normal 0 -1 -0
    outer loop
      vertex 53.35 99.8179 1.8
      vertex 51.55 99.8179 0
      vertex 53.35 99.8179 0
    endloop
  endfacet
  facet normal 0 1 -0
    outer loop
      vertex 49.35 84.4026 0
      vertex 44.45 84.4026 1.8
      vertex 49.35 84.4026 1.8
    endloop
  endfacet
  facet normal 0 1 0
    outer loop
      vertex 44.45 84.4026 1.8
      vertex 49.35 84.4026 0
      vertex 44.45 84.4026 0
    endloop
  endfacet
  facet normal 0 1 -0
    outer loop
      vertex 53.35 84.4026 0
      vertex 51.55 84.4026 1.8
      vertex 53.35 84.4026 1.8
    endloop
  endfacet
  facet normal 0 1 0
    outer loop
      vertex 51.55 84.4026 1.8
      vertex 53.35 84.4026 0
      vertex 51.55 84.4026 0
    endloop
  endfacet
  facet normal 0.866025 0.500001 0
    outer loop
      vertex 44.45 84.4026 1.8
      vertex 40 92.1102 0
      vertex 40 92.1102 1.8
    endloop
  endfacet
  facet normal 0.866025 0.500001 0
    outer loop
      vertex 40 92.1102 0
      vertex 44.45 84.4026 1.8
      vertex 44.45 84.4026 0
    endloop
  endfacet
  facet normal -0.866025 0.500001 0
    outer loop
      vertex 53.35 84.4026 0
      vertex 57.8 92.1102 1.8
      vertex 57.8 92.1102 0
    endloop
  endfacet
  facet normal -0.866025 0.500001 0
    outer loop
      vertex 57.8 92.1102 1.8
      vertex 53.35 84.4026 0
      vertex 53.35 84.4026 1.8
    endloop
  endfacet
  facet normal -0.866012 -0.500024 0
    outer loop
      vertex 57.8 111.163 0
      vertex 55.931 114.4 1.8
      vertex 55.931 114.4 0
    endloop
  endfacet
  facet normal -0.866012 -0.500024 0
    outer loop
      vertex 55.931 114.4 1.8
      vertex 57.8 111.163 0
      vertex 57.8 111.163 1.8
    endloop
  endfacet
  facet normal 0.866008 -0.50003 0
    outer loop
      vertex 40 111.163 1.8
      vertex 44.45 118.87 0
      vertex 44.45 118.87 1.8
    endloop
  endfacet
  facet normal 0.866008 -0.50003 0
    outer loop
      vertex 44.45 118.87 0
      vertex 40 111.163 1.8
      vertex 40 111.163 0
    endloop
  endfacet
  facet normal 0 -1 0
    outer loop
      vertex 44.45 118.87 0
      vertex 51.55 118.87 1.8
      vertex 44.45 118.87 1.8
    endloop
  endfacet
  facet normal 0 -1 -0
    outer loop
      vertex 51.55 118.87 1.8
      vertex 44.45 118.87 0
      vertex 51.55 118.87 0
    endloop
  endfacet
  facet normal 0.866036 0.499982 0
    outer loop
      vertex 44.45 103.455 1.8
      vertex 40 111.163 0
      vertex 40 111.163 1.8
    endloop
  endfacet
  facet normal 0.866036 0.499982 0
    outer loop
      vertex 40 111.163 0
      vertex 44.45 103.455 1.8
      vertex 44.45 103.455 0
    endloop
  endfacet
  facet normal 0 1 -0
    outer loop
      vertex 49.35 103.455 0
      vertex 44.45 103.455 1.8
      vertex 49.35 103.455 1.8
    endloop
  endfacet
  facet normal 0 1 0
    outer loop
      vertex 44.45 103.455 1.8
      vertex 49.35 103.455 0
      vertex 44.45 103.455 0
    endloop
  endfacet
  facet normal 0 1 -0
    outer loop
      vertex 53.35 103.455 0
      vertex 51.55 103.455 1.8
      vertex 53.35 103.455 1.8
    endloop
  endfacet
  facet normal 0 1 0
    outer loop
      vertex 51.55 103.455 1.8
      vertex 53.35 103.455 0
      vertex 51.55 103.455 0
    endloop
  endfacet
  facet normal -0.866036 0.499982 0
    outer loop
      vertex 53.35 103.455 0
      vertex 57.8 111.163 1.8
      vertex 57.8 111.163 0
    endloop
  endfacet
  facet normal -0.866036 0.499982 0
    outer loop
      vertex 57.8 111.163 1.8
      vertex 53.35 103.455 0
      vertex 53.35 103.455 1.8
    endloop
  endfacet
  facet normal -0.866036 -0.499982 0
    outer loop
      vertex 57.8 130.215 0
      vertex 53.35 137.923 1.8
      vertex 53.35 137.923 0
    endloop
  endfacet
  facet normal -0.866036 -0.499982 0
    outer loop
      vertex 53.35 137.923 1.8
      vertex 57.8 130.215 0
      vertex 57.8 130.215 1.8
    endloop
  endfacet
  facet normal 0.866036 -0.499982 0
    outer loop
      vertex 40 130.215 1.8
      vertex 44.45 137.923 0
      vertex 44.45 137.923 1.8
    endloop
  endfacet
  facet normal 0.866036 -0.499982 0
    outer loop
      vertex 44.45 137.923 0
      vertex 40 130.215 1.8
      vertex 40 130.215 0
    endloop
  endfacet
  facet normal 0 -1 0
    outer loop
      vertex 44.45 137.923 0
      vertex 53.35 137.923 1.8
      vertex 44.45 137.923 1.8
    endloop
  endfacet
  facet normal 0 -1 -0
    outer loop
      vertex 53.35 137.923 1.8
      vertex 44.45 137.923 0
      vertex 53.35 137.923 0
    endloop
  endfacet
  facet normal 0 1 -0
    outer loop
      vertex 53.35 122.508 0
      vertex 44.45 122.508 1.8
      vertex 53.35 122.508 1.8
    endloop
  endfacet
  facet normal 0 1 0
    outer loop
      vertex 44.45 122.508 1.8
      vertex 53.35 122.508 0
      vertex 44.45 122.508 0
    endloop
  endfacet
  facet normal 0.866008 0.50003 0
    outer loop
      vertex 44.45 122.508 1.8
      vertex 40 130.215 0
      vertex 40 130.215 1.8
    endloop
  endfacet
  facet normal 0.866008 0.50003 0
    outer loop
      vertex 40 130.215 0
      vertex 44.45 122.508 1.8
      vertex 44.45 122.508 0
    endloop
  endfacet
  facet normal -0.866008 0.50003 0
    outer loop
      vertex 53.35 122.508 0
      vertex 57.8 130.215 1.8
      vertex 57.8 130.215 0
    endloop
  endfacet
  facet normal -0.866008 0.50003 0
    outer loop
      vertex 57.8 130.215 1.8
      vertex 53.35 122.508 0
      vertex 53.35 122.508 1.8
    endloop
  endfacet
  facet normal -0.866025 -0.5 0
    outer loop
      vertex 74.3 25.4263 0
      vertex 71.5439 30.2 1.8
      vertex 71.5439 30.2 0
    endloop
  endfacet
  facet normal -0.866025 -0.5 0
    outer loop
      vertex 71.5439 30.2 1.8
      vertex 74.3 25.4263 0
      vertex 74.3 25.4263 1.8
    endloop
  endfacet
  facet normal 0.866025 -0.5 0
    outer loop
      vertex 56.5 25.4263 1.8
      vertex 59.2561 30.2 0
      vertex 59.2561 30.2 1.8
    endloop
  endfacet
  facet normal 0.866025 -0.5 0
    outer loop
      vertex 59.2561 30.2 0
      vertex 56.5 25.4263 1.8
      vertex 56.5 25.4263 0
    endloop
  endfacet
  facet normal 0.866025 0.500001 0
    outer loop
      vertex 60.95 17.7187 1.8
      vertex 56.5 25.4263 0
      vertex 56.5 25.4263 1.8
    endloop
  endfacet
  facet normal 0.866025 0.500001 0
    outer loop
      vertex 56.5 25.4263 0
      vertex 60.95 17.7187 1.8
      vertex 60.95 17.7187 0
    endloop
  endfacet
  facet normal 0 1 -0
    outer loop
      vertex 69.85 17.7187 0
      vertex 60.95 17.7187 1.8
      vertex 69.85 17.7187 1.8
    endloop
  endfacet
  facet normal 0 1 0
    outer loop
      vertex 60.95 17.7187 1.8
      vertex 69.85 17.7187 0
      vertex 60.95 17.7187 0
    endloop
  endfacet
  facet normal -0.866025 0.500001 0
    outer loop
      vertex 69.85 17.7187 0
      vertex 74.3 25.4263 1.8
      vertex 74.3 25.4263 0
    endloop
  endfacet
  facet normal -0.866025 0.500001 0
    outer loop
      vertex 74.3 25.4263 1.8
      vertex 69.85 17.7187 0
      vertex 69.85 17.7187 1.8
    endloop
  endfacet
  facet normal 0.866027 -0.499997 0
    outer loop
      vertex 56.5 44.4788 1.8
      vertex 59.55 49.7616 0
      vertex 59.55 49.7616 1.8
    endloop
  endfacet
  facet normal 0.866027 -0.499997 0
    outer loop
      vertex 59.55 49.7616 0
      vertex 56.5 44.4788 1.8
      vertex 56.5 44.4788 0
    endloop
  endfacet
  facet normal 0.866025 0.500001 0
    outer loop
      vertex 60.95 36.7712 1.8
      vertex 56.5 44.4788 0
      vertex 56.5 44.4788 1.8
    endloop
  endfacet
  facet normal 0.866025 0.500001 0
    outer loop
      vertex 56.5 44.4788 0
      vertex 60.95 36.7712 1.8
      vertex 60.95 36.7712 0
    endloop
  endfacet
  facet normal -0.866024 0.500002 0
    outer loop
      vertex 69.85 36.7712 0
      vertex 71.9451 40.4 1.8
      vertex 71.9451 40.4 0
    endloop
  endfacet
  facet normal -0.866024 0.500002 0
    outer loop
      vertex 71.9451 40.4 1.8
      vertex 69.85 36.7712 0
      vertex 69.85 36.7712 1.8
    endloop
  endfacet
  facet normal 0 1 -0
    outer loop
      vertex 69.85 36.7712 0
      vertex 60.95 36.7712 1.8
      vertex 69.85 36.7712 1.8
    endloop
  endfacet
  facet normal 0 1 0
    outer loop
      vertex 60.95 36.7712 1.8
      vertex 69.85 36.7712 0
      vertex 60.95 36.7712 0
    endloop
  endfacet
  facet normal 0.866023 -0.500004 0
    outer loop
      vertex 56.5 63.5314 1.8
      vertex 59.55 68.8141 0
      vertex 59.55 68.8141 1.8
    endloop
  endfacet
  facet normal 0.866023 -0.500004 0
    outer loop
      vertex 59.55 68.8141 0
      vertex 56.5 63.5314 1.8
      vertex 56.5 63.5314 0
    endloop
  endfacet
  facet normal 0.866027 0.499997 0
    outer loop
      vertex 59.55 58.2486 1.8
      vertex 56.5 63.5314 0
      vertex 56.5 63.5314 1.8
    endloop
  endfacet
  facet normal 0.866027 0.499997 0
    outer loop
      vertex 56.5 63.5314 0
      vertex 59.55 58.2486 1.8
      vertex 59.55 58.2486 0
    endloop
  endfacet
  facet normal 0.866023 -0.500004 0
    outer loop
      vertex 56.5 82.584 1.8
      vertex 59.55 87.8667 0
      vertex 59.55 87.8667 1.8
    endloop
  endfacet
  facet normal 0.866023 -0.500004 0
    outer loop
      vertex 59.55 87.8667 0
      vertex 56.5 82.584 1.8
      vertex 56.5 82.584 0
    endloop
  endfacet
  facet normal 0.866027 0.499997 0
    outer loop
      vertex 59.55 77.3012 1.8
      vertex 56.5 82.584 0
      vertex 56.5 82.584 1.8
    endloop
  endfacet
  facet normal 0.866027 0.499997 0
    outer loop
      vertex 56.5 82.584 0
      vertex 59.55 77.3012 1.8
      vertex 59.55 77.3012 0
    endloop
  endfacet
  facet normal 0.865994 -0.500054 0
    outer loop
      vertex 56.5 101.637 1.8
      vertex 59.55 106.919 0
      vertex 59.55 106.919 1.8
    endloop
  endfacet
  facet normal 0.865994 -0.500054 0
    outer loop
      vertex 59.55 106.919 0
      vertex 56.5 101.637 1.8
      vertex 56.5 101.637 0
    endloop
  endfacet
  facet normal 0.866044 0.499968 0
    outer loop
      vertex 59.55 96.3538 1.8
      vertex 56.5 101.637 0
      vertex 56.5 101.637 1.8
    endloop
  endfacet
  facet normal 0.866044 0.499968 0
    outer loop
      vertex 56.5 101.637 0
      vertex 59.55 96.3538 1.8
      vertex 59.55 96.3538 0
    endloop
  endfacet
  facet normal -0.866036 -0.499982 0
    outer loop
      vertex 74.3 120.689 0
      vertex 69.85 128.397 1.8
      vertex 69.85 128.397 0
    endloop
  endfacet
  facet normal -0.866036 -0.499982 0
    outer loop
      vertex 69.85 128.397 1.8
      vertex 74.3 120.689 0
      vertex 74.3 120.689 1.8
    endloop
  endfacet
  facet normal 0.866036 -0.499982 0
    outer loop
      vertex 56.5 120.689 1.8
      vertex 60.95 128.397 0
      vertex 60.95 128.397 1.8
    endloop
  endfacet
  facet normal 0.866036 -0.499982 0
    outer loop
      vertex 60.95 128.397 0
      vertex 56.5 120.689 1.8
      vertex 56.5 120.689 0
    endloop
  endfacet
  facet normal 0 -1 0
    outer loop
      vertex 60.95 128.397 0
      vertex 69.85 128.397 1.8
      vertex 60.95 128.397 1.8
    endloop
  endfacet
  facet normal 0 -1 -0
    outer loop
      vertex 69.85 128.397 1.8
      vertex 60.95 128.397 0
      vertex 69.85 128.397 0
    endloop
  endfacet
  facet normal 0 1 -0
    outer loop
      vertex 69.85 112.981 0
      vertex 60.95 112.981 1.8
      vertex 69.85 112.981 1.8
    endloop
  endfacet
  facet normal 0 1 0
    outer loop
      vertex 60.95 112.981 1.8
      vertex 69.85 112.981 0
      vertex 60.95 112.981 0
    endloop
  endfacet
  facet normal 0.86601 0.500026 0
    outer loop
      vertex 57.0133 119.8 1.8
      vertex 56.5 120.689 0
      vertex 56.5 120.689 1.8
    endloop
  endfacet
  facet normal 0.86601 0.500026 0
    outer loop
      vertex 56.5 120.689 0
      vertex 57.0133 119.8 1.8
      vertex 57.0133 119.8 0
    endloop
  endfacet
  facet normal 0.866094 0.499881 0
    outer loop
      vertex 60.95 112.981 1.8
      vertex 60.131 114.4 0
      vertex 60.131 114.4 1.8
    endloop
  endfacet
  facet normal 0.866094 0.499881 0
    outer loop
      vertex 60.131 114.4 0
      vertex 60.95 112.981 1.8
      vertex 60.95 112.981 0
    endloop
  endfacet
  facet normal -0.866094 0.499881 0
    outer loop
      vertex 69.85 112.981 0
      vertex 70.669 114.4 1.8
      vertex 70.669 114.4 0
    endloop
  endfacet
  facet normal -0.866094 0.499881 0
    outer loop
      vertex 70.669 114.4 1.8
      vertex 69.85 112.981 0
      vertex 69.85 112.981 1.8
    endloop
  endfacet
  facet normal -0.866018 0.500014 0
    outer loop
      vertex 72.5165 117.6 0
      vertex 74.3 120.689 1.8
      vertex 74.3 120.689 0
    endloop
  endfacet
  facet normal -0.866018 0.500014 0
    outer loop
      vertex 74.3 120.689 1.8
      vertex 72.5165 117.6 0
      vertex 72.5165 117.6 1.8
    endloop
  endfacet
  facet normal -0.866025 -0.500001 0
    outer loop
      vertex 90.8 15.9 0
      vertex 86.35 23.6076 1.8
      vertex 86.35 23.6076 0
    endloop
  endfacet
  facet normal -0.866025 -0.500001 0
    outer loop
      vertex 86.35 23.6076 1.8
      vertex 90.8 15.9 0
      vertex 90.8 15.9 1.8
    endloop
  endfacet
  facet normal 0.866025 -0.500001 0
    outer loop
      vertex 73 15.9 1.8
      vertex 77.45 23.6076 0
      vertex 77.45 23.6076 1.8
    endloop
  endfacet
  facet normal 0.866025 -0.500001 0
    outer loop
      vertex 77.45 23.6076 0
      vertex 73 15.9 1.8
      vertex 73 15.9 0
    endloop
  endfacet
  facet normal 0 -1 0
    outer loop
      vertex 77.45 23.6076 0
      vertex 86.35 23.6076 1.8
      vertex 77.45 23.6076 1.8
    endloop
  endfacet
  facet normal 0 -1 -0
    outer loop
      vertex 86.35 23.6076 1.8
      vertex 77.45 23.6076 0
      vertex 86.35 23.6076 0
    endloop
  endfacet
  facet normal 0 1 -0
    outer loop
      vertex 86.35 8.19237 0
      vertex 77.45 8.19237 1.8
      vertex 86.35 8.19237 1.8
    endloop
  endfacet
  facet normal 0 1 0
    outer loop
      vertex 77.45 8.19237 1.8
      vertex 86.35 8.19237 0
      vertex 77.45 8.19237 0
    endloop
  endfacet
  facet normal 0.866026 0.5 0
    outer loop
      vertex 77.45 8.19237 1.8
      vertex 73 15.9 0
      vertex 73 15.9 1.8
    endloop
  endfacet
  facet normal 0.866026 0.5 0
    outer loop
      vertex 73 15.9 0
      vertex 77.45 8.19237 1.8
      vertex 77.45 8.19237 0
    endloop
  endfacet
  facet normal -0.866026 0.5 0
    outer loop
      vertex 86.35 8.19237 0
      vertex 90.8 15.9 1.8
      vertex 90.8 15.9 0
    endloop
  endfacet
  facet normal -0.866026 0.5 0
    outer loop
      vertex 90.8 15.9 1.8
      vertex 86.35 8.19237 0
      vertex 86.35 8.19237 1.8
    endloop
  endfacet
  facet normal -0.866024 -0.500003 0
    outer loop
      vertex 90.4262 35.6 0
      vertex 87.6549 40.4 1.8
      vertex 87.6549 40.4 0
    endloop
  endfacet
  facet normal -0.866024 -0.500003 0
    outer loop
      vertex 87.6549 40.4 1.8
      vertex 90.4262 35.6 0
      vertex 90.4262 35.6 1.8
    endloop
  endfacet
  facet normal 0.866024 -0.500003 0
    outer loop
      vertex 73.3738 35.6 1.8
      vertex 76.1451 40.4 0
      vertex 76.1451 40.4 1.8
    endloop
  endfacet
  facet normal 0.866024 -0.500003 0
    outer loop
      vertex 76.1451 40.4 0
      vertex 73.3738 35.6 1.8
      vertex 73.3738 35.6 0
    endloop
  endfacet
  facet normal 0.866025 0.5 0
    outer loop
      vertex 77.45 27.2449 1.8
      vertex 74.4737 32.4 0
      vertex 74.4737 32.4 1.8
    endloop
  endfacet
  facet normal 0.866025 0.5 0
    outer loop
      vertex 74.4737 32.4 0
      vertex 77.45 27.2449 1.8
      vertex 77.45 27.2449 0
    endloop
  endfacet
  facet normal -0.866025 0.5 0
    outer loop
      vertex 86.35 27.2449 0
      vertex 89.3263 32.4 1.8
      vertex 89.3263 32.4 0
    endloop
  endfacet
  facet normal -0.866025 0.5 0
    outer loop
      vertex 89.3263 32.4 1.8
      vertex 86.35 27.2449 0
      vertex 86.35 27.2449 1.8
    endloop
  endfacet
  facet normal 0 1 -0
    outer loop
      vertex 86.35 27.2449 0
      vertex 77.45 27.2449 1.8
      vertex 86.35 27.2449 1.8
    endloop
  endfacet
  facet normal 0 1 0
    outer loop
      vertex 77.45 27.2449 1.8
      vertex 86.35 27.2449 0
      vertex 77.45 27.2449 0
    endloop
  endfacet
  facet normal -0.865947 -0.500136 0
    outer loop
      vertex 87.0835 117.6 0
      vertex 86.35 118.87 1.8
      vertex 86.35 118.87 0
    endloop
  endfacet
  facet normal -0.865947 -0.500136 0
    outer loop
      vertex 86.35 118.87 1.8
      vertex 87.0835 117.6 0
      vertex 87.0835 117.6 1.8
    endloop
  endfacet
  facet normal -0.866012 -0.500024 0
    outer loop
      vertex 90.8 111.163 0
      vertex 88.931 114.4 1.8
      vertex 88.931 114.4 0
    endloop
  endfacet
  facet normal -0.866012 -0.500024 0
    outer loop
      vertex 88.931 114.4 1.8
      vertex 90.8 111.163 0
      vertex 90.8 111.163 1.8
    endloop
  endfacet
  facet normal 0.866012 -0.500024 0
    outer loop
      vertex 73 111.163 1.8
      vertex 74.869 114.4 0
      vertex 74.869 114.4 1.8
    endloop
  endfacet
  facet normal 0.866012 -0.500024 0
    outer loop
      vertex 74.869 114.4 0
      vertex 73 111.163 1.8
      vertex 73 111.163 0
    endloop
  endfacet
  facet normal 0.865947 -0.500136 0
    outer loop
      vertex 76.7165 117.6 1.8
      vertex 77.45 118.87 0
      vertex 77.45 118.87 1.8
    endloop
  endfacet
  facet normal 0.865947 -0.500136 0
    outer loop
      vertex 77.45 118.87 0
      vertex 76.7165 117.6 1.8
      vertex 76.7165 117.6 0
    endloop
  endfacet
  facet normal 0 -1 0
    outer loop
      vertex 77.45 118.87 0
      vertex 86.35 118.87 1.8
      vertex 77.45 118.87 1.8
    endloop
  endfacet
  facet normal 0 -1 -0
    outer loop
      vertex 86.35 118.87 1.8
      vertex 77.45 118.87 0
      vertex 86.35 118.87 0
    endloop
  endfacet
  facet normal 0.866049 0.499959 0
    outer loop
      vertex 73.9023 109.6 1.8
      vertex 73 111.163 0
      vertex 73 111.163 1.8
    endloop
  endfacet
  facet normal 0.866049 0.499959 0
    outer loop
      vertex 73 111.163 0
      vertex 73.9023 109.6 1.8
      vertex 73.9023 109.6 0
    endloop
  endfacet
  facet normal -0.866049 0.499959 0
    outer loop
      vertex 89.8977 109.6 0
      vertex 90.8 111.163 1.8
      vertex 90.8 111.163 0
    endloop
  endfacet
  facet normal -0.866049 0.499959 0
    outer loop
      vertex 90.8 111.163 1.8
      vertex 89.8977 109.6 0
      vertex 89.8977 109.6 1.8
    endloop
  endfacet
  facet normal -0.866036 -0.499982 0
    outer loop
      vertex 90.8 130.215 0
      vertex 86.35 137.923 1.8
      vertex 86.35 137.923 0
    endloop
  endfacet
  facet normal -0.866036 -0.499982 0
    outer loop
      vertex 86.35 137.923 1.8
      vertex 90.8 130.215 0
      vertex 90.8 130.215 1.8
    endloop
  endfacet
  facet normal 0.866036 -0.499982 0
    outer loop
      vertex 73 130.215 1.8
      vertex 77.45 137.923 0
      vertex 77.45 137.923 1.8
    endloop
  endfacet
  facet normal 0.866036 -0.499982 0
    outer loop
      vertex 77.45 137.923 0
      vertex 73 130.215 1.8
      vertex 73 130.215 0
    endloop
  endfacet
  facet normal 0 -1 0
    outer loop
      vertex 77.45 137.923 0
      vertex 86.35 137.923 1.8
      vertex 77.45 137.923 1.8
    endloop
  endfacet
  facet normal 0 -1 -0
    outer loop
      vertex 86.35 137.923 1.8
      vertex 77.45 137.923 0
      vertex 86.35 137.923 0
    endloop
  endfacet
  facet normal -0.866008 0.50003 0
    outer loop
      vertex 86.35 122.508 0
      vertex 90.8 130.215 1.8
      vertex 90.8 130.215 0
    endloop
  endfacet
  facet normal -0.866008 0.50003 0
    outer loop
      vertex 90.8 130.215 1.8
      vertex 86.35 122.508 0
      vertex 86.35 122.508 1.8
    endloop
  endfacet
  facet normal 0 1 -0
    outer loop
      vertex 86.35 122.508 0
      vertex 77.45 122.508 1.8
      vertex 86.35 122.508 1.8
    endloop
  endfacet
  facet normal 0 1 0
    outer loop
      vertex 77.45 122.508 1.8
      vertex 86.35 122.508 0
      vertex 77.45 122.508 0
    endloop
  endfacet
  facet normal 0.866008 0.50003 0
    outer loop
      vertex 77.45 122.508 1.8
      vertex 73 130.215 0
      vertex 73 130.215 1.8
    endloop
  endfacet
  facet normal 0.866008 0.50003 0
    outer loop
      vertex 73 130.215 0
      vertex 77.45 122.508 1.8
      vertex 77.45 122.508 0
    endloop
  endfacet
  facet normal -0.86604 -0.499975 0
    outer loop
      vertex 107.3 25.4263 0
      vertex 103.274 32.4 1.8
      vertex 103.274 32.4 0
    endloop
  endfacet
  facet normal -0.86604 -0.499975 0
    outer loop
      vertex 103.274 32.4 1.8
      vertex 107.3 25.4263 0
      vertex 107.3 25.4263 1.8
    endloop
  endfacet
  facet normal 0.866024 -0.500003 0
    outer loop
      vertex 89.5 25.4263 1.8
      vertex 93.5263 32.4 0
      vertex 93.5263 32.4 1.8
    endloop
  endfacet
  facet normal 0.866024 -0.500003 0
    outer loop
      vertex 93.5263 32.4 0
      vertex 89.5 25.4263 1.8
      vertex 89.5 25.4263 0
    endloop
  endfacet
  facet normal -0.866025 0.500001 0
    outer loop
      vertex 102.85 17.7187 0
      vertex 107.3 25.4263 1.8
      vertex 107.3 25.4263 0
    endloop
  endfacet
  facet normal -0.866025 0.500001 0
    outer loop
      vertex 107.3 25.4263 1.8
      vertex 102.85 17.7187 0
      vertex 102.85 17.7187 1.8
    endloop
  endfacet
  facet normal 0 1 -0
    outer loop
      vertex 102.85 17.7187 0
      vertex 93.95 17.7187 1.8
      vertex 102.85 17.7187 1.8
    endloop
  endfacet
  facet normal 0 1 0
    outer loop
      vertex 93.95 17.7187 1.8
      vertex 102.85 17.7187 0
      vertex 93.95 17.7187 0
    endloop
  endfacet
  facet normal 0.866025 0.500001 0
    outer loop
      vertex 93.95 17.7187 1.8
      vertex 89.5 25.4263 0
      vertex 89.5 25.4263 1.8
    endloop
  endfacet
  facet normal 0.866025 0.500001 0
    outer loop
      vertex 89.5 25.4263 0
      vertex 93.95 17.7187 1.8
      vertex 93.95 17.7187 0
    endloop
  endfacet
  facet normal 0.866024 0.500002 0
    outer loop
      vertex 93.95 36.7712 1.8
      vertex 91.8549 40.4 0
      vertex 91.8549 40.4 1.8
    endloop
  endfacet
  facet normal 0.866024 0.500002 0
    outer loop
      vertex 91.8549 40.4 0
      vertex 93.95 36.7712 1.8
      vertex 93.95 36.7712 0
    endloop
  endfacet
  facet normal -0.866035 0.499984 0
    outer loop
      vertex 102.85 36.7712 0
      vertex 104.945 40.4 1.8
      vertex 104.945 40.4 0
    endloop
  endfacet
  facet normal -0.866035 0.499984 0
    outer loop
      vertex 104.945 40.4 1.8
      vertex 102.85 36.7712 0
      vertex 102.85 36.7712 1.8
    endloop
  endfacet
  facet normal 0 1 -0
    outer loop
      vertex 102.85 36.7712 0
      vertex 93.95 36.7712 1.8
      vertex 102.85 36.7712 1.8
    endloop
  endfacet
  facet normal 0 1 0
    outer loop
      vertex 93.95 36.7712 1.8
      vertex 102.85 36.7712 0
      vertex 93.95 36.7712 0
    endloop
  endfacet
  facet normal 0.866036 -0.499982 0
    outer loop
      vertex 89.5 120.689 1.8
      vertex 93.95 128.397 0
      vertex 93.95 128.397 1.8
    endloop
  endfacet
  facet normal 0.866036 -0.499982 0
    outer loop
      vertex 93.95 128.397 0
      vertex 89.5 120.689 1.8
      vertex 89.5 120.689 0
    endloop
  endfacet
  facet normal 0 -1 0
    outer loop
      vertex 93.95 128.397 0
      vertex 98.65 128.397 1.8
      vertex 93.95 128.397 1.8
    endloop
  endfacet
  facet normal 0 -1 -0
    outer loop
      vertex 98.65 128.397 1.8
      vertex 93.95 128.397 0
      vertex 98.65 128.397 0
    endloop
  endfacet
  facet normal 0 1 -0
    outer loop
      vertex 98.65 112.981 0
      vertex 93.95 112.981 1.8
      vertex 98.65 112.981 1.8
    endloop
  endfacet
  facet normal 0 1 0
    outer loop
      vertex 93.95 112.981 1.8
      vertex 98.65 112.981 0
      vertex 93.95 112.981 0
    endloop
  endfacet
  facet normal 0.866018 0.500014 0
    outer loop
      vertex 91.2835 117.6 1.8
      vertex 89.5 120.689 0
      vertex 89.5 120.689 1.8
    endloop
  endfacet
  facet normal 0.866018 0.500014 0
    outer loop
      vertex 89.5 120.689 0
      vertex 91.2835 117.6 1.8
      vertex 91.2835 117.6 0
    endloop
  endfacet
  facet normal 0.866094 0.499881 0
    outer loop
      vertex 93.95 112.981 1.8
      vertex 93.131 114.4 0
      vertex 93.131 114.4 1.8
    endloop
  endfacet
  facet normal 0.866094 0.499881 0
    outer loop
      vertex 93.131 114.4 0
      vertex 93.95 112.981 1.8
      vertex 93.95 112.981 0
    endloop
  endfacet
  facet normal -0.866025 -0.500001 0
    outer loop
      vertex 123.8 15.9 0
      vertex 119.35 23.6076 1.8
      vertex 119.35 23.6076 0
    endloop
  endfacet
  facet normal -0.866025 -0.500001 0
    outer loop
      vertex 119.35 23.6076 1.8
      vertex 123.8 15.9 0
      vertex 123.8 15.9 1.8
    endloop
  endfacet
  facet normal 0.866025 -0.500001 0
    outer loop
      vertex 106 15.9 1.8
      vertex 110.45 23.6076 0
      vertex 110.45 23.6076 1.8
    endloop
  endfacet
  facet normal 0.866025 -0.500001 0
    outer loop
      vertex 110.45 23.6076 0
      vertex 106 15.9 1.8
      vertex 106 15.9 0
    endloop
  endfacet
  facet normal 0 -1 0
    outer loop
      vertex 110.45 23.6076 0
      vertex 119.35 23.6076 1.8
      vertex 110.45 23.6076 1.8
    endloop
  endfacet
  facet normal 0 -1 -0
    outer loop
      vertex 119.35 23.6076 1.8
      vertex 110.45 23.6076 0
      vertex 119.35 23.6076 0
    endloop
  endfacet
  facet normal 0.866026 0.5 0
    outer loop
      vertex 110.45 8.19237 1.8
      vertex 106 15.9 0
      vertex 106 15.9 1.8
    endloop
  endfacet
  facet normal 0.866026 0.5 0
    outer loop
      vertex 106 15.9 0
      vertex 110.45 8.19237 1.8
      vertex 110.45 8.19237 0
    endloop
  endfacet
  facet normal 0 1 -0
    outer loop
      vertex 119.35 8.19237 0
      vertex 110.45 8.19237 1.8
      vertex 119.35 8.19237 1.8
    endloop
  endfacet
  facet normal 0 1 0
    outer loop
      vertex 110.45 8.19237 1.8
      vertex 119.35 8.19237 0
      vertex 110.45 8.19237 0
    endloop
  endfacet
  facet normal -0.866026 0.5 0
    outer loop
      vertex 119.35 8.19237 0
      vertex 123.8 15.9 1.8
      vertex 123.8 15.9 0
    endloop
  endfacet
  facet normal -0.866026 0.5 0
    outer loop
      vertex 123.8 15.9 1.8
      vertex 119.35 8.19237 0
      vertex 119.35 8.19237 1.8
    endloop
  endfacet
  facet normal -0.866047 -0.499962 0
    outer loop
      vertex 123.426 35.6 0
      vertex 120.655 40.4 1.8
      vertex 120.655 40.4 0
    endloop
  endfacet
  facet normal -0.866047 -0.499962 0
    outer loop
      vertex 120.655 40.4 1.8
      vertex 123.426 35.6 0
      vertex 123.426 35.6 1.8
    endloop
  endfacet
  facet normal 0.866047 -0.499962 0
    outer loop
      vertex 106.374 35.6 1.8
      vertex 109.145 40.4 0
      vertex 109.145 40.4 1.8
    endloop
  endfacet
  facet normal 0.866047 -0.499962 0
    outer loop
      vertex 109.145 40.4 0
      vertex 106.374 35.6 1.8
      vertex 106.374 35.6 0
    endloop
  endfacet
  facet normal -0.866047 0.499962 0
    outer loop
      vertex 119.35 27.2449 0
      vertex 122.326 32.4 1.8
      vertex 122.326 32.4 0
    endloop
  endfacet
  facet normal -0.866047 0.499962 0
    outer loop
      vertex 122.326 32.4 1.8
      vertex 119.35 27.2449 0
      vertex 119.35 27.2449 1.8
    endloop
  endfacet
  facet normal 0 1 -0
    outer loop
      vertex 119.35 27.2449 0
      vertex 110.45 27.2449 1.8
      vertex 119.35 27.2449 1.8
    endloop
  endfacet
  facet normal 0 1 0
    outer loop
      vertex 110.45 27.2449 1.8
      vertex 119.35 27.2449 0
      vertex 110.45 27.2449 0
    endloop
  endfacet
  facet normal 0.866047 0.499962 0
    outer loop
      vertex 110.45 27.2449 1.8
      vertex 107.474 32.4 0
      vertex 107.474 32.4 1.8
    endloop
  endfacet
  facet normal 0.866047 0.499962 0
    outer loop
      vertex 107.474 32.4 0
      vertex 110.45 27.2449 1.8
      vertex 110.45 27.2449 0
    endloop
  endfacet
  facet normal -0.86604 -0.499975 0
    outer loop
      vertex 140.3 25.4263 0
      vertex 136.274 32.4 1.8
      vertex 136.274 32.4 0
    endloop
  endfacet
  facet normal -0.86604 -0.499975 0
    outer loop
      vertex 136.274 32.4 1.8
      vertex 140.3 25.4263 0
      vertex 140.3 25.4263 1.8
    endloop
  endfacet
  facet normal 0.86604 -0.499975 0
    outer loop
      vertex 122.5 25.4263 1.8
      vertex 126.526 32.4 0
      vertex 126.526 32.4 1.8
    endloop
  endfacet
  facet normal 0.86604 -0.499975 0
    outer loop
      vertex 126.526 32.4 0
      vertex 122.5 25.4263 1.8
      vertex 122.5 25.4263 0
    endloop
  endfacet
  facet normal -0.866025 0.500001 0
    outer loop
      vertex 135.85 17.7187 0
      vertex 140.3 25.4263 1.8
      vertex 140.3 25.4263 0
    endloop
  endfacet
  facet normal -0.866025 0.500001 0
    outer loop
      vertex 140.3 25.4263 1.8
      vertex 135.85 17.7187 0
      vertex 135.85 17.7187 1.8
    endloop
  endfacet
  facet normal 0 1 -0
    outer loop
      vertex 135.85 17.7187 0
      vertex 126.95 17.7187 1.8
      vertex 135.85 17.7187 1.8
    endloop
  endfacet
  facet normal 0 1 0
    outer loop
      vertex 126.95 17.7187 1.8
      vertex 135.85 17.7187 0
      vertex 126.95 17.7187 0
    endloop
  endfacet
  facet normal 0.866025 0.500001 0
    outer loop
      vertex 126.95 17.7187 1.8
      vertex 122.5 25.4263 0
      vertex 122.5 25.4263 1.8
    endloop
  endfacet
  facet normal 0.866025 0.500001 0
    outer loop
      vertex 122.5 25.4263 0
      vertex 126.95 17.7187 1.8
      vertex 126.95 17.7187 0
    endloop
  endfacet
  facet normal 0.866035 0.499984 0
    outer loop
      vertex 126.95 36.7712 1.8
      vertex 124.855 40.4 0
      vertex 124.855 40.4 1.8
    endloop
  endfacet
  facet normal 0.866035 0.499984 0
    outer loop
      vertex 124.855 40.4 0
      vertex 126.95 36.7712 1.8
      vertex 126.95 36.7712 0
    endloop
  endfacet
  facet normal -0.866035 0.499984 0
    outer loop
      vertex 135.85 36.7712 0
      vertex 137.945 40.4 1.8
      vertex 137.945 40.4 0
    endloop
  endfacet
  facet normal -0.866035 0.499984 0
    outer loop
      vertex 137.945 40.4 1.8
      vertex 135.85 36.7712 0
      vertex 135.85 36.7712 1.8
    endloop
  endfacet
  facet normal 0 1 -0
    outer loop
      vertex 135.85 36.7712 0
      vertex 126.95 36.7712 1.8
      vertex 135.85 36.7712 1.8
    endloop
  endfacet
  facet normal 0 1 0
    outer loop
      vertex 126.95 36.7712 1.8
      vertex 135.85 36.7712 0
      vertex 126.95 36.7712 0
    endloop
  endfacet
  facet normal -0.866025 -0.500001 0
    outer loop
      vertex 156.8 15.9 0
      vertex 152.35 23.6076 1.8
      vertex 152.35 23.6076 0
    endloop
  endfacet
  facet normal -0.866025 -0.500001 0
    outer loop
      vertex 152.35 23.6076 1.8
      vertex 156.8 15.9 0
      vertex 156.8 15.9 1.8
    endloop
  endfacet
  facet normal 0.866025 -0.500001 0
    outer loop
      vertex 139 15.9 1.8
      vertex 143.45 23.6076 0
      vertex 143.45 23.6076 1.8
    endloop
  endfacet
  facet normal 0.866025 -0.500001 0
    outer loop
      vertex 143.45 23.6076 0
      vertex 139 15.9 1.8
      vertex 139 15.9 0
    endloop
  endfacet
  facet normal 0 -1 0
    outer loop
      vertex 143.45 23.6076 0
      vertex 152.35 23.6076 1.8
      vertex 143.45 23.6076 1.8
    endloop
  endfacet
  facet normal 0 -1 -0
    outer loop
      vertex 152.35 23.6076 1.8
      vertex 143.45 23.6076 0
      vertex 152.35 23.6076 0
    endloop
  endfacet
  facet normal 0.866026 0.5 0
    outer loop
      vertex 143.45 8.19237 1.8
      vertex 139 15.9 0
      vertex 139 15.9 1.8
    endloop
  endfacet
  facet normal 0.866026 0.5 0
    outer loop
      vertex 139 15.9 0
      vertex 143.45 8.19237 1.8
      vertex 143.45 8.19237 0
    endloop
  endfacet
  facet normal -0.866026 0.5 0
    outer loop
      vertex 152.35 8.19237 0
      vertex 156.8 15.9 1.8
      vertex 156.8 15.9 0
    endloop
  endfacet
  facet normal -0.866026 0.5 0
    outer loop
      vertex 156.8 15.9 1.8
      vertex 152.35 8.19237 0
      vertex 152.35 8.19237 1.8
    endloop
  endfacet
  facet normal 0 1 -0
    outer loop
      vertex 152.35 8.19237 0
      vertex 143.45 8.19237 1.8
      vertex 152.35 8.19237 1.8
    endloop
  endfacet
  facet normal 0 1 0
    outer loop
      vertex 143.45 8.19237 1.8
      vertex 152.35 8.19237 0
      vertex 143.45 8.19237 0
    endloop
  endfacet
  facet normal -0.866047 -0.499962 0
    outer loop
      vertex 156.426 35.6 0
      vertex 153.655 40.4 1.8
      vertex 153.655 40.4 0
    endloop
  endfacet
  facet normal -0.866047 -0.499962 0
    outer loop
      vertex 153.655 40.4 1.8
      vertex 156.426 35.6 0
      vertex 156.426 35.6 1.8
    endloop
  endfacet
  facet normal 0.866047 -0.499962 0
    outer loop
      vertex 139.374 35.6 1.8
      vertex 142.145 40.4 0
      vertex 142.145 40.4 1.8
    endloop
  endfacet
  facet normal 0.866047 -0.499962 0
    outer loop
      vertex 142.145 40.4 0
      vertex 139.374 35.6 1.8
      vertex 139.374 35.6 0
    endloop
  endfacet
  facet normal -0.866047 0.499962 0
    outer loop
      vertex 152.35 27.2449 0
      vertex 155.326 32.4 1.8
      vertex 155.326 32.4 0
    endloop
  endfacet
  facet normal -0.866047 0.499962 0
    outer loop
      vertex 155.326 32.4 1.8
      vertex 152.35 27.2449 0
      vertex 152.35 27.2449 1.8
    endloop
  endfacet
  facet normal 0 1 -0
    outer loop
      vertex 152.35 27.2449 0
      vertex 143.45 27.2449 1.8
      vertex 152.35 27.2449 1.8
    endloop
  endfacet
  facet normal 0 1 0
    outer loop
      vertex 143.45 27.2449 1.8
      vertex 152.35 27.2449 0
      vertex 143.45 27.2449 0
    endloop
  endfacet
  facet normal 0.866047 0.499962 0
    outer loop
      vertex 143.45 27.2449 1.8
      vertex 140.474 32.4 0
      vertex 140.474 32.4 1.8
    endloop
  endfacet
  facet normal 0.866047 0.499962 0
    outer loop
      vertex 140.474 32.4 0
      vertex 143.45 27.2449 1.8
      vertex 143.45 27.2449 0
    endloop
  endfacet
  facet normal -0.866095 -0.49988 0
    outer loop
      vertex 153.083 117.6 0
      vertex 152.35 118.87 1.8
      vertex 152.35 118.87 0
    endloop
  endfacet
  facet normal -0.866095 -0.49988 0
    outer loop
      vertex 152.35 118.87 1.8
      vertex 153.083 117.6 0
      vertex 153.083 117.6 1.8
    endloop
  endfacet
  facet normal -0.866012 -0.500024 0
    outer loop
      vertex 156.8 111.163 0
      vertex 154.931 114.4 1.8
      vertex 154.931 114.4 0
    endloop
  endfacet
  facet normal -0.866012 -0.500024 0
    outer loop
      vertex 154.931 114.4 1.8
      vertex 156.8 111.163 0
      vertex 156.8 111.163 1.8
    endloop
  endfacet
  facet normal 0.866095 -0.49988 0
    outer loop
      vertex 142.717 117.6 1.8
      vertex 143.45 118.87 0
      vertex 143.45 118.87 1.8
    endloop
  endfacet
  facet normal 0.866095 -0.49988 0
    outer loop
      vertex 143.45 118.87 0
      vertex 142.717 117.6 1.8
      vertex 142.717 117.6 0
    endloop
  endfacet
  facet normal 0 -1 0
    outer loop
      vertex 143.45 118.87 0
      vertex 152.35 118.87 1.8
      vertex 143.45 118.87 1.8
    endloop
  endfacet
  facet normal 0 -1 -0
    outer loop
      vertex 152.35 118.87 1.8
      vertex 143.45 118.87 0
      vertex 152.35 118.87 0
    endloop
  endfacet
  facet normal -0.866121 0.499834 0
    outer loop
      vertex 155.898 109.6 0
      vertex 156.8 111.163 1.8
      vertex 156.8 111.163 0
    endloop
  endfacet
  facet normal -0.866121 0.499834 0
    outer loop
      vertex 156.8 111.163 1.8
      vertex 155.898 109.6 0
      vertex 155.898 109.6 1.8
    endloop
  endfacet
  facet normal -0.866036 -0.499982 0
    outer loop
      vertex 156.8 130.215 0
      vertex 152.35 137.923 1.8
      vertex 152.35 137.923 0
    endloop
  endfacet
  facet normal -0.866036 -0.499982 0
    outer loop
      vertex 152.35 137.923 1.8
      vertex 156.8 130.215 0
      vertex 156.8 130.215 1.8
    endloop
  endfacet
  facet normal 0.866082 -0.499903 0
    outer loop
      vertex 142.65 136.537 1.8
      vertex 143.45 137.923 0
      vertex 143.45 137.923 1.8
    endloop
  endfacet
  facet normal 0.866082 -0.499903 0
    outer loop
      vertex 143.45 137.923 0
      vertex 142.65 136.537 1.8
      vertex 142.65 136.537 0
    endloop
  endfacet
  facet normal 0 -1 0
    outer loop
      vertex 143.45 137.923 0
      vertex 152.35 137.923 1.8
      vertex 143.45 137.923 1.8
    endloop
  endfacet
  facet normal 0 -1 -0
    outer loop
      vertex 152.35 137.923 1.8
      vertex 143.45 137.923 0
      vertex 152.35 137.923 0
    endloop
  endfacet
  facet normal -0.866008 0.50003 0
    outer loop
      vertex 152.35 122.508 0
      vertex 156.8 130.215 1.8
      vertex 156.8 130.215 0
    endloop
  endfacet
  facet normal -0.866008 0.50003 0
    outer loop
      vertex 156.8 130.215 1.8
      vertex 152.35 122.508 0
      vertex 152.35 122.508 1.8
    endloop
  endfacet
  facet normal 0 1 -0
    outer loop
      vertex 152.35 122.508 0
      vertex 143.45 122.508 1.8
      vertex 152.35 122.508 1.8
    endloop
  endfacet
  facet normal 0 1 0
    outer loop
      vertex 143.45 122.508 1.8
      vertex 152.35 122.508 0
      vertex 143.45 122.508 0
    endloop
  endfacet
  facet normal 0.865925 0.500173 0
    outer loop
      vertex 143.45 122.508 1.8
      vertex 142.65 123.893 0
      vertex 142.65 123.893 1.8
    endloop
  endfacet
  facet normal 0.865925 0.500173 0
    outer loop
      vertex 142.65 123.893 0
      vertex 143.45 122.508 1.8
      vertex 143.45 122.508 0
    endloop
  endfacet
  facet normal -0.866033 -0.499987 0
    outer loop
      vertex 173.3 25.4263 0
      vertex 170.544 30.2 1.8
      vertex 170.544 30.2 0
    endloop
  endfacet
  facet normal -0.866033 -0.499987 0
    outer loop
      vertex 170.544 30.2 1.8
      vertex 173.3 25.4263 0
      vertex 173.3 25.4263 1.8
    endloop
  endfacet
  facet normal -0.866142 -0.499798 0
    outer loop
      vertex 169.75 31.5751 0
      vertex 169.274 32.4 1.8
      vertex 169.274 32.4 0
    endloop
  endfacet
  facet normal -0.866142 -0.499798 0
    outer loop
      vertex 169.274 32.4 1.8
      vertex 169.75 31.5751 0
      vertex 169.75 31.5751 1.8
    endloop
  endfacet
  facet normal 0.86604 -0.499975 0
    outer loop
      vertex 155.5 25.4263 1.8
      vertex 159.526 32.4 0
      vertex 159.526 32.4 1.8
    endloop
  endfacet
  facet normal 0.86604 -0.499975 0
    outer loop
      vertex 159.526 32.4 0
      vertex 155.5 25.4263 1.8
      vertex 155.5 25.4263 0
    endloop
  endfacet
  facet normal 0 1 -0
    outer loop
      vertex 168.85 17.7187 0
      vertex 159.95 17.7187 1.8
      vertex 168.85 17.7187 1.8
    endloop
  endfacet
  facet normal 0 1 0
    outer loop
      vertex 159.95 17.7187 1.8
      vertex 168.85 17.7187 0
      vertex 159.95 17.7187 0
    endloop
  endfacet
  facet normal 0.866025 0.500001 0
    outer loop
      vertex 159.95 17.7187 1.8
      vertex 155.5 25.4263 0
      vertex 155.5 25.4263 1.8
    endloop
  endfacet
  facet normal 0.866025 0.500001 0
    outer loop
      vertex 155.5 25.4263 0
      vertex 159.95 17.7187 1.8
      vertex 159.95 17.7187 0
    endloop
  endfacet
  facet normal -0.866025 0.500001 0
    outer loop
      vertex 168.85 17.7187 0
      vertex 173.3 25.4263 1.8
      vertex 173.3 25.4263 0
    endloop
  endfacet
  facet normal -0.866025 0.500001 0
    outer loop
      vertex 173.3 25.4263 1.8
      vertex 168.85 17.7187 0
      vertex 168.85 17.7187 1.8
    endloop
  endfacet
  facet normal 0 1 -0
    outer loop
      vertex 168.85 36.7712 0
      vertex 159.95 36.7712 1.8
      vertex 168.85 36.7712 1.8
    endloop
  endfacet
  facet normal 0 1 0
    outer loop
      vertex 159.95 36.7712 1.8
      vertex 168.85 36.7712 0
      vertex 159.95 36.7712 0
    endloop
  endfacet
  facet normal 0.866035 0.499984 0
    outer loop
      vertex 159.95 36.7712 1.8
      vertex 157.855 40.4 0
      vertex 157.855 40.4 1.8
    endloop
  endfacet
  facet normal 0.866035 0.499984 0
    outer loop
      vertex 157.855 40.4 0
      vertex 159.95 36.7712 1.8
      vertex 159.95 36.7712 0
    endloop
  endfacet
  facet normal -0.866035 0.499984 0
    outer loop
      vertex 168.85 36.7712 0
      vertex 170.945 40.4 1.8
      vertex 170.945 40.4 0
    endloop
  endfacet
  facet normal -0.866035 0.499984 0
    outer loop
      vertex 170.945 40.4 1.8
      vertex 168.85 36.7712 0
      vertex 168.85 36.7712 1.8
    endloop
  endfacet
  facet normal -0.866036 -0.499982 0
    outer loop
      vertex 173.3 120.689 0
      vertex 168.85 128.397 1.8
      vertex 168.85 128.397 0
    endloop
  endfacet
  facet normal -0.866036 -0.499982 0
    outer loop
      vertex 168.85 128.397 1.8
      vertex 173.3 120.689 0
      vertex 173.3 120.689 1.8
    endloop
  endfacet
  facet normal 0.866036 -0.499982 0
    outer loop
      vertex 155.5 120.689 1.8
      vertex 159.95 128.397 0
      vertex 159.95 128.397 1.8
    endloop
  endfacet
  facet normal 0.866036 -0.499982 0
    outer loop
      vertex 159.95 128.397 0
      vertex 155.5 120.689 1.8
      vertex 155.5 120.689 0
    endloop
  endfacet
  facet normal 0 -1 0
    outer loop
      vertex 159.95 128.397 0
      vertex 168.85 128.397 1.8
      vertex 159.95 128.397 1.8
    endloop
  endfacet
  facet normal 0 -1 -0
    outer loop
      vertex 168.85 128.397 1.8
      vertex 159.95 128.397 0
      vertex 168.85 128.397 0
    endloop
  endfacet
  facet normal -0.866094 0.499881 0
    outer loop
      vertex 168.85 112.981 0
      vertex 169.669 114.4 1.8
      vertex 169.669 114.4 0
    endloop
  endfacet
  facet normal -0.866094 0.499881 0
    outer loop
      vertex 169.669 114.4 1.8
      vertex 168.85 112.981 0
      vertex 168.85 112.981 1.8
    endloop
  endfacet
  facet normal -0.866137 0.499807 0
    outer loop
      vertex 172.787 119.8 0
      vertex 173.3 120.689 1.8
      vertex 173.3 120.689 0
    endloop
  endfacet
  facet normal -0.866137 0.499807 0
    outer loop
      vertex 173.3 120.689 1.8
      vertex 172.787 119.8 0
      vertex 172.787 119.8 1.8
    endloop
  endfacet
  facet normal 0 1 -0
    outer loop
      vertex 168.85 112.981 0
      vertex 159.95 112.981 1.8
      vertex 168.85 112.981 1.8
    endloop
  endfacet
  facet normal 0 1 0
    outer loop
      vertex 159.95 112.981 1.8
      vertex 168.85 112.981 0
      vertex 159.95 112.981 0
    endloop
  endfacet
  facet normal 0.866078 0.499909 0
    outer loop
      vertex 157.283 117.6 1.8
      vertex 155.5 120.689 0
      vertex 155.5 120.689 1.8
    endloop
  endfacet
  facet normal 0.866078 0.499909 0
    outer loop
      vertex 155.5 120.689 0
      vertex 157.283 117.6 1.8
      vertex 157.283 117.6 0
    endloop
  endfacet
  facet normal 0.866094 0.499881 0
    outer loop
      vertex 159.95 112.981 1.8
      vertex 159.131 114.4 0
      vertex 159.131 114.4 1.8
    endloop
  endfacet
  facet normal 0.866094 0.499881 0
    outer loop
      vertex 159.131 114.4 0
      vertex 159.95 112.981 1.8
      vertex 159.95 112.981 0
    endloop
  endfacet
  facet normal -0.866025 -0.500001 0
    outer loop
      vertex 189.8 15.9 0
      vertex 185.35 23.6076 1.8
      vertex 185.35 23.6076 0
    endloop
  endfacet
  facet normal -0.866025 -0.500001 0
    outer loop
      vertex 185.35 23.6076 1.8
      vertex 189.8 15.9 0
      vertex 189.8 15.9 1.8
    endloop
  endfacet
  facet normal 0.866025 -0.500001 0
    outer loop
      vertex 172 15.9 1.8
      vertex 176.45 23.6076 0
      vertex 176.45 23.6076 1.8
    endloop
  endfacet
  facet normal 0.866025 -0.500001 0
    outer loop
      vertex 176.45 23.6076 0
      vertex 172 15.9 1.8
      vertex 172 15.9 0
    endloop
  endfacet
  facet normal 0 -1 0
    outer loop
      vertex 176.45 23.6076 0
      vertex 185.35 23.6076 1.8
      vertex 176.45 23.6076 1.8
    endloop
  endfacet
  facet normal 0 -1 -0
    outer loop
      vertex 185.35 23.6076 1.8
      vertex 176.45 23.6076 0
      vertex 185.35 23.6076 0
    endloop
  endfacet
  facet normal 0 1 -0
    outer loop
      vertex 185.35 8.19237 0
      vertex 176.45 8.19237 1.8
      vertex 185.35 8.19237 1.8
    endloop
  endfacet
  facet normal 0 1 0
    outer loop
      vertex 176.45 8.19237 1.8
      vertex 185.35 8.19237 0
      vertex 176.45 8.19237 0
    endloop
  endfacet
  facet normal 0.866026 0.5 0
    outer loop
      vertex 176.45 8.19237 1.8
      vertex 172 15.9 0
      vertex 172 15.9 1.8
    endloop
  endfacet
  facet normal 0.866026 0.5 0
    outer loop
      vertex 172 15.9 0
      vertex 176.45 8.19237 1.8
      vertex 176.45 8.19237 0
    endloop
  endfacet
  facet normal -0.866026 0.5 0
    outer loop
      vertex 185.35 8.19237 0
      vertex 189.8 15.9 1.8
      vertex 189.8 15.9 0
    endloop
  endfacet
  facet normal -0.866026 0.5 0
    outer loop
      vertex 189.8 15.9 1.8
      vertex 185.35 8.19237 0
      vertex 185.35 8.19237 1.8
    endloop
  endfacet
  facet normal -0.866036 -0.499981 0
    outer loop
      vertex 189.426 35.6 0
      vertex 185.35 42.6602 1.8
      vertex 185.35 42.6602 0
    endloop
  endfacet
  facet normal -0.866036 -0.499981 0
    outer loop
      vertex 185.35 42.6602 1.8
      vertex 189.426 35.6 0
      vertex 189.426 35.6 1.8
    endloop
  endfacet
  facet normal 0.866047 -0.499962 0
    outer loop
      vertex 172.374 35.6 1.8
      vertex 175.145 40.4 0
      vertex 175.145 40.4 1.8
    endloop
  endfacet
  facet normal 0.866047 -0.499962 0
    outer loop
      vertex 175.145 40.4 0
      vertex 172.374 35.6 1.8
      vertex 172.374 35.6 0
    endloop
  endfacet
  facet normal 0 -1 0
    outer loop
      vertex 181.75 42.6602 0
      vertex 185.35 42.6602 1.8
      vertex 181.75 42.6602 1.8
    endloop
  endfacet
  facet normal 0 -1 -0
    outer loop
      vertex 185.35 42.6602 1.8
      vertex 181.75 42.6602 0
      vertex 185.35 42.6602 0
    endloop
  endfacet
  facet normal -0.866042 0.499972 0
    outer loop
      vertex 185.35 27.2449 0
      vertex 187.056 30.2 1.8
      vertex 187.056 30.2 0
    endloop
  endfacet
  facet normal -0.866042 0.499972 0
    outer loop
      vertex 187.056 30.2 1.8
      vertex 185.35 27.2449 0
      vertex 185.35 27.2449 1.8
    endloop
  endfacet
  facet normal 0 1 -0
    outer loop
      vertex 185.35 27.2449 0
      vertex 176.45 27.2449 1.8
      vertex 185.35 27.2449 1.8
    endloop
  endfacet
  facet normal 0 1 0
    outer loop
      vertex 176.45 27.2449 1.8
      vertex 185.35 27.2449 0
      vertex 176.45 27.2449 0
    endloop
  endfacet
  facet normal 0.866042 0.499972 0
    outer loop
      vertex 176.45 27.2449 1.8
      vertex 174.744 30.2 0
      vertex 174.744 30.2 1.8
    endloop
  endfacet
  facet normal 0.866042 0.499972 0
    outer loop
      vertex 174.744 30.2 0
      vertex 176.45 27.2449 1.8
      vertex 176.45 27.2449 0
    endloop
  endfacet
  facet normal -0.866025 -0.500001 0
    outer loop
      vertex 189.75 54.0917 0
      vertex 185.35 61.7127 1.8
      vertex 185.35 61.7127 0
    endloop
  endfacet
  facet normal -0.866025 -0.500001 0
    outer loop
      vertex 185.35 61.7127 1.8
      vertex 189.75 54.0917 0
      vertex 189.75 54.0917 1.8
    endloop
  endfacet
  facet normal 0 -1 0
    outer loop
      vertex 181.75 61.7127 0
      vertex 185.35 61.7127 1.8
      vertex 181.75 61.7127 1.8
    endloop
  endfacet
  facet normal 0 -1 -0
    outer loop
      vertex 185.35 61.7127 1.8
      vertex 181.75 61.7127 0
      vertex 185.35 61.7127 0
    endloop
  endfacet
  facet normal -0.866025 0.500001 0
    outer loop
      vertex 185.35 46.2975 0
      vertex 189.75 53.9185 1.8
      vertex 189.75 53.9185 0
    endloop
  endfacet
  facet normal -0.866025 0.500001 0
    outer loop
      vertex 189.75 53.9185 1.8
      vertex 185.35 46.2975 0
      vertex 185.35 46.2975 1.8
    endloop
  endfacet
  facet normal 0 1 -0
    outer loop
      vertex 185.35 46.2975 0
      vertex 181.75 46.2975 1.8
      vertex 185.35 46.2975 1.8
    endloop
  endfacet
  facet normal 0 1 0
    outer loop
      vertex 181.75 46.2975 1.8
      vertex 185.35 46.2975 0
      vertex 181.75 46.2975 0
    endloop
  endfacet
  facet normal -0.866025 -0.500001 0
    outer loop
      vertex 189.75 73.1443 0
      vertex 185.35 80.7653 1.8
      vertex 185.35 80.7653 0
    endloop
  endfacet
  facet normal -0.866025 -0.500001 0
    outer loop
      vertex 185.35 80.7653 1.8
      vertex 189.75 73.1443 0
      vertex 189.75 73.1443 1.8
    endloop
  endfacet
  facet normal 0 -1 0
    outer loop
      vertex 181.75 80.7653 0
      vertex 185.35 80.7653 1.8
      vertex 181.75 80.7653 1.8
    endloop
  endfacet
  facet normal 0 -1 -0
    outer loop
      vertex 185.35 80.7653 1.8
      vertex 181.75 80.7653 0
      vertex 185.35 80.7653 0
    endloop
  endfacet
  facet normal -0.866025 0.500001 0
    outer loop
      vertex 185.35 65.3501 0
      vertex 189.75 72.9711 1.8
      vertex 189.75 72.9711 0
    endloop
  endfacet
  facet normal -0.866025 0.500001 0
    outer loop
      vertex 189.75 72.9711 1.8
      vertex 185.35 65.3501 0
      vertex 185.35 65.3501 1.8
    endloop
  endfacet
  facet normal 0 1 -0
    outer loop
      vertex 185.35 65.3501 0
      vertex 181.75 65.3501 1.8
      vertex 185.35 65.3501 1.8
    endloop
  endfacet
  facet normal 0 1 0
    outer loop
      vertex 181.75 65.3501 1.8
      vertex 185.35 65.3501 0
      vertex 181.75 65.3501 0
    endloop
  endfacet
  facet normal -0.866028 -0.499996 0
    outer loop
      vertex 189.75 92.1968 0
      vertex 185.35 99.8179 1.8
      vertex 185.35 99.8179 0
    endloop
  endfacet
  facet normal -0.866028 -0.499996 0
    outer loop
      vertex 185.35 99.8179 1.8
      vertex 189.75 92.1968 0
      vertex 189.75 92.1968 1.8
    endloop
  endfacet
  facet normal 0 -1 0
    outer loop
      vertex 181.75 99.8179 0
      vertex 185.35 99.8179 1.8
      vertex 181.75 99.8179 1.8
    endloop
  endfacet
  facet normal 0 -1 -0
    outer loop
      vertex 185.35 99.8179 1.8
      vertex 181.75 99.8179 0
      vertex 185.35 99.8179 0
    endloop
  endfacet
  facet normal -0.866025 0.500001 0
    outer loop
      vertex 185.35 84.4026 0
      vertex 189.75 92.0236 1.8
      vertex 189.75 92.0236 0
    endloop
  endfacet
  facet normal -0.866025 0.500001 0
    outer loop
      vertex 189.75 92.0236 1.8
      vertex 185.35 84.4026 0
      vertex 185.35 84.4026 1.8
    endloop
  endfacet
  facet normal 0 1 -0
    outer loop
      vertex 185.35 84.4026 0
      vertex 181.75 84.4026 1.8
      vertex 185.35 84.4026 1.8
    endloop
  endfacet
  facet normal 0 1 0
    outer loop
      vertex 181.75 84.4026 1.8
      vertex 185.35 84.4026 0
      vertex 181.75 84.4026 0
    endloop
  endfacet
  facet normal -0.866053 -0.499952 0
    outer loop
      vertex 189.75 111.249 0
      vertex 187.931 114.4 1.8
      vertex 187.931 114.4 0
    endloop
  endfacet
  facet normal -0.866053 -0.499952 0
    outer loop
      vertex 187.931 114.4 1.8
      vertex 189.75 111.249 0
      vertex 189.75 111.249 1.8
    endloop
  endfacet
  facet normal 0.866012 -0.500024 0
    outer loop
      vertex 172 111.163 1.8
      vertex 173.869 114.4 0
      vertex 173.869 114.4 1.8
    endloop
  endfacet
  facet normal 0.866012 -0.500024 0
    outer loop
      vertex 173.869 114.4 0
      vertex 172 111.163 1.8
      vertex 172 111.163 0
    endloop
  endfacet
  facet normal 0.866121 0.499834 0
    outer loop
      vertex 172.902 109.6 1.8
      vertex 172 111.163 0
      vertex 172 111.163 1.8
    endloop
  endfacet
  facet normal 0.866121 0.499834 0
    outer loop
      vertex 172 111.163 0
      vertex 172.902 109.6 1.8
      vertex 172.902 109.6 0
    endloop
  endfacet
  facet normal -0.866025 0.500001 0
    outer loop
      vertex 185.35 103.455 0
      vertex 189.75 111.076 1.8
      vertex 189.75 111.076 0
    endloop
  endfacet
  facet normal -0.866025 0.500001 0
    outer loop
      vertex 189.75 111.076 1.8
      vertex 185.35 103.455 0
      vertex 185.35 103.455 1.8
    endloop
  endfacet
  facet normal 0 1 -0
    outer loop
      vertex 185.35 103.455 0
      vertex 181.75 103.455 1.8
      vertex 185.35 103.455 1.8
    endloop
  endfacet
  facet normal 0 1 0
    outer loop
      vertex 181.75 103.455 1.8
      vertex 185.35 103.455 0
      vertex 181.75 103.455 0
    endloop
  endfacet
  facet normal -0.866036 -0.499982 0
    outer loop
      vertex 189.8 130.215 0
      vertex 185.35 137.923 1.8
      vertex 185.35 137.923 0
    endloop
  endfacet
  facet normal -0.866036 -0.499982 0
    outer loop
      vertex 185.35 137.923 1.8
      vertex 189.8 130.215 0
      vertex 189.8 130.215 1.8
    endloop
  endfacet
  facet normal 0.866036 -0.499982 0
    outer loop
      vertex 172 130.215 1.8
      vertex 176.45 137.923 0
      vertex 176.45 137.923 1.8
    endloop
  endfacet
  facet normal 0.866036 -0.499982 0
    outer loop
      vertex 176.45 137.923 0
      vertex 172 130.215 1.8
      vertex 172 130.215 0
    endloop
  endfacet
  facet normal 0 -1 0
    outer loop
      vertex 176.45 137.923 0
      vertex 185.35 137.923 1.8
      vertex 176.45 137.923 1.8
    endloop
  endfacet
  facet normal 0 -1 -0
    outer loop
      vertex 185.35 137.923 1.8
      vertex 176.45 137.923 0
      vertex 185.35 137.923 0
    endloop
  endfacet
  facet normal 0 1 -0
    outer loop
      vertex 185.35 122.508 0
      vertex 176.45 122.508 1.8
      vertex 185.35 122.508 1.8
    endloop
  endfacet
  facet normal 0 1 0
    outer loop
      vertex 176.45 122.508 1.8
      vertex 185.35 122.508 0
      vertex 176.45 122.508 0
    endloop
  endfacet
  facet normal 0.866008 0.50003 0
    outer loop
      vertex 176.45 122.508 1.8
      vertex 172 130.215 0
      vertex 172 130.215 1.8
    endloop
  endfacet
  facet normal 0.866008 0.50003 0
    outer loop
      vertex 172 130.215 0
      vertex 176.45 122.508 1.8
      vertex 176.45 122.508 0
    endloop
  endfacet
  facet normal -0.866008 0.50003 0
    outer loop
      vertex 185.35 122.508 0
      vertex 189.8 130.215 1.8
      vertex 189.8 130.215 0
    endloop
  endfacet
  facet normal -0.866008 0.50003 0
    outer loop
      vertex 189.8 130.215 1.8
      vertex 185.35 122.508 0
      vertex 185.35 122.508 1.8
    endloop
  endfacet
  facet normal -0.866025 -0.500001 0
    outer loop
      vertex 206.3 25.4263 0
      vertex 201.85 33.1339 1.8
      vertex 201.85 33.1339 0
    endloop
  endfacet
  facet normal -0.866025 -0.500001 0
    outer loop
      vertex 201.85 33.1339 1.8
      vertex 206.3 25.4263 0
      vertex 206.3 25.4263 1.8
    endloop
  endfacet
  facet normal 0.866025 -0.500001 0
    outer loop
      vertex 188.5 25.4263 1.8
      vertex 192.95 33.1339 0
      vertex 192.95 33.1339 1.8
    endloop
  endfacet
  facet normal 0.866025 -0.500001 0
    outer loop
      vertex 192.95 33.1339 0
      vertex 188.5 25.4263 1.8
      vertex 188.5 25.4263 0
    endloop
  endfacet
  facet normal 0 -1 0
    outer loop
      vertex 192.95 33.1339 0
      vertex 201.85 33.1339 1.8
      vertex 192.95 33.1339 1.8
    endloop
  endfacet
  facet normal 0 -1 -0
    outer loop
      vertex 201.85 33.1339 1.8
      vertex 192.95 33.1339 0
      vertex 201.85 33.1339 0
    endloop
  endfacet
  facet normal -0.866025 0.500001 0
    outer loop
      vertex 201.85 17.7187 0
      vertex 206.3 25.4263 1.8
      vertex 206.3 25.4263 0
    endloop
  endfacet
  facet normal -0.866025 0.500001 0
    outer loop
      vertex 206.3 25.4263 1.8
      vertex 201.85 17.7187 0
      vertex 201.85 17.7187 1.8
    endloop
  endfacet
  facet normal 0 1 -0
    outer loop
      vertex 201.85 17.7187 0
      vertex 192.95 17.7187 1.8
      vertex 201.85 17.7187 1.8
    endloop
  endfacet
  facet normal 0 1 0
    outer loop
      vertex 192.95 17.7187 1.8
      vertex 201.85 17.7187 0
      vertex 192.95 17.7187 0
    endloop
  endfacet
  facet normal 0.866025 0.500001 0
    outer loop
      vertex 192.95 17.7187 1.8
      vertex 188.5 25.4263 0
      vertex 188.5 25.4263 1.8
    endloop
  endfacet
  facet normal 0.866025 0.500001 0
    outer loop
      vertex 188.5 25.4263 0
      vertex 192.95 17.7187 1.8
      vertex 192.95 17.7187 0
    endloop
  endfacet
  facet normal -0.866027 -0.499996 0
    outer loop
      vertex 206.3 44.4788 0
      vertex 201.85 52.1865 1.8
      vertex 201.85 52.1865 0
    endloop
  endfacet
  facet normal -0.866027 -0.499996 0
    outer loop
      vertex 201.85 52.1865 1.8
      vertex 206.3 44.4788 0
      vertex 206.3 44.4788 1.8
    endloop
  endfacet
  facet normal 0.866029 -0.499994 0
    outer loop
      vertex 188.5 44.4788 1.8
      vertex 189.75 46.6439 0
      vertex 189.75 46.6439 1.8
    endloop
  endfacet
  facet normal 0.866029 -0.499994 0
    outer loop
      vertex 189.75 46.6439 0
      vertex 188.5 44.4788 1.8
      vertex 188.5 44.4788 0
    endloop
  endfacet
  facet normal 0.866032 -0.499989 0
    outer loop
      vertex 191.95 50.4544 1.8
      vertex 192.95 52.1865 0
      vertex 192.95 52.1865 1.8
    endloop
  endfacet
  facet normal 0.866032 -0.499989 0
    outer loop
      vertex 192.95 52.1865 0
      vertex 191.95 50.4544 1.8
      vertex 191.95 50.4544 0
    endloop
  endfacet
  facet normal 0 -1 0
    outer loop
      vertex 192.95 52.1865 0
      vertex 201.85 52.1865 1.8
      vertex 192.95 52.1865 1.8
    endloop
  endfacet
  facet normal 0 -1 -0
    outer loop
      vertex 201.85 52.1865 1.8
      vertex 192.95 52.1865 0
      vertex 201.85 52.1865 0
    endloop
  endfacet
  facet normal 0 1 -0
    outer loop
      vertex 201.85 36.7712 0
      vertex 192.95 36.7712 1.8
      vertex 201.85 36.7712 1.8
    endloop
  endfacet
  facet normal 0 1 0
    outer loop
      vertex 192.95 36.7712 1.8
      vertex 201.85 36.7712 0
      vertex 192.95 36.7712 0
    endloop
  endfacet
  facet normal 0.866019 0.500011 0
    outer loop
      vertex 189.75 42.3138 1.8
      vertex 188.5 44.4788 0
      vertex 188.5 44.4788 1.8
    endloop
  endfacet
  facet normal 0.866019 0.500011 0
    outer loop
      vertex 188.5 44.4788 0
      vertex 189.75 42.3138 1.8
      vertex 189.75 42.3138 0
    endloop
  endfacet
  facet normal 0.866032 0.499989 0
    outer loop
      vertex 192.95 36.7712 1.8
      vertex 191.95 38.5033 0
      vertex 191.95 38.5033 1.8
    endloop
  endfacet
  facet normal 0.866032 0.499989 0
    outer loop
      vertex 191.95 38.5033 0
      vertex 192.95 36.7712 1.8
      vertex 192.95 36.7712 0
    endloop
  endfacet
  facet normal -0.866025 0.500001 0
    outer loop
      vertex 201.85 36.7712 0
      vertex 206.3 44.4788 1.8
      vertex 206.3 44.4788 0
    endloop
  endfacet
  facet normal -0.866025 0.500001 0
    outer loop
      vertex 206.3 44.4788 1.8
      vertex 201.85 36.7712 0
      vertex 201.85 36.7712 1.8
    endloop
  endfacet
  facet normal -0.866025 -0.500001 0
    outer loop
      vertex 206.3 63.5314 0
      vertex 201.85 71.239 1.8
      vertex 201.85 71.239 0
    endloop
  endfacet
  facet normal -0.866025 -0.500001 0
    outer loop
      vertex 201.85 71.239 1.8
      vertex 206.3 63.5314 0
      vertex 206.3 63.5314 1.8
    endloop
  endfacet
  facet normal 0.866029 -0.499994 0
    outer loop
      vertex 188.5 63.5314 1.8
      vertex 189.75 65.6965 0
      vertex 189.75 65.6965 1.8
    endloop
  endfacet
  facet normal 0.866029 -0.499994 0
    outer loop
      vertex 189.75 65.6965 0
      vertex 188.5 63.5314 1.8
      vertex 188.5 63.5314 0
    endloop
  endfacet
  facet normal 0.866019 -0.500011 0
    outer loop
      vertex 191.95 69.507 1.8
      vertex 192.95 71.239 0
      vertex 192.95 71.239 1.8
    endloop
  endfacet
  facet normal 0.866019 -0.500011 0
    outer loop
      vertex 192.95 71.239 0
      vertex 191.95 69.507 1.8
      vertex 191.95 69.507 0
    endloop
  endfacet
  facet normal 0 -1 0
    outer loop
      vertex 192.95 71.239 0
      vertex 201.85 71.239 1.8
      vertex 192.95 71.239 1.8
    endloop
  endfacet
  facet normal 0 -1 -0
    outer loop
      vertex 201.85 71.239 1.8
      vertex 192.95 71.239 0
      vertex 201.85 71.239 0
    endloop
  endfacet
  facet normal -0.866025 0.500001 0
    outer loop
      vertex 201.85 55.8238 0
      vertex 206.3 63.5314 1.8
      vertex 206.3 63.5314 0
    endloop
  endfacet
  facet normal -0.866025 0.500001 0
    outer loop
      vertex 206.3 63.5314 1.8
      vertex 201.85 55.8238 0
      vertex 201.85 55.8238 1.8
    endloop
  endfacet
  facet normal 0 1 -0
    outer loop
      vertex 201.85 55.8238 0
      vertex 192.95 55.8238 1.8
      vertex 201.85 55.8238 1.8
    endloop
  endfacet
  facet normal 0 1 0
    outer loop
      vertex 192.95 55.8238 1.8
      vertex 201.85 55.8238 0
      vertex 192.95 55.8238 0
    endloop
  endfacet
  facet normal 0.866029 0.499994 0
    outer loop
      vertex 189.75 61.3663 1.8
      vertex 188.5 63.5314 0
      vertex 188.5 63.5314 1.8
    endloop
  endfacet
  facet normal 0.866029 0.499994 0
    outer loop
      vertex 188.5 63.5314 0
      vertex 189.75 61.3663 1.8
      vertex 189.75 61.3663 0
    endloop
  endfacet
  facet normal 0.866019 0.500011 0
    outer loop
      vertex 192.95 55.8238 1.8
      vertex 191.95 57.5558 0
      vertex 191.95 57.5558 1.8
    endloop
  endfacet
  facet normal 0.866019 0.500011 0
    outer loop
      vertex 191.95 57.5558 0
      vertex 192.95 55.8238 1.8
      vertex 192.95 55.8238 0
    endloop
  endfacet
  facet normal -0.866025 -0.500001 0
    outer loop
      vertex 206.3 82.584 0
      vertex 201.85 90.2916 1.8
      vertex 201.85 90.2916 0
    endloop
  endfacet
  facet normal -0.866025 -0.500001 0
    outer loop
      vertex 201.85 90.2916 1.8
      vertex 206.3 82.584 0
      vertex 206.3 82.584 1.8
    endloop
  endfacet
  facet normal 0.866019 -0.500011 0
    outer loop
      vertex 188.5 82.584 1.8
      vertex 189.75 84.749 0
      vertex 189.75 84.749 1.8
    endloop
  endfacet
  facet normal 0.866019 -0.500011 0
    outer loop
      vertex 189.75 84.749 0
      vertex 188.5 82.584 1.8
      vertex 188.5 82.584 0
    endloop
  endfacet
  facet normal 0.866032 -0.499989 0
    outer loop
      vertex 191.95 88.5595 1.8
      vertex 192.95 90.2916 0
      vertex 192.95 90.2916 1.8
    endloop
  endfacet
  facet normal 0.866032 -0.499989 0
    outer loop
      vertex 192.95 90.2916 0
      vertex 191.95 88.5595 1.8
      vertex 191.95 88.5595 0
    endloop
  endfacet
  facet normal 0 -1 0
    outer loop
      vertex 192.95 90.2916 0
      vertex 201.85 90.2916 1.8
      vertex 192.95 90.2916 1.8
    endloop
  endfacet
  facet normal 0 -1 -0
    outer loop
      vertex 201.85 90.2916 1.8
      vertex 192.95 90.2916 0
      vertex 201.85 90.2916 0
    endloop
  endfacet
  facet normal -0.866027 0.499996 0
    outer loop
      vertex 201.85 74.8763 0
      vertex 206.3 82.584 1.8
      vertex 206.3 82.584 0
    endloop
  endfacet
  facet normal -0.866027 0.499996 0
    outer loop
      vertex 206.3 82.584 1.8
      vertex 201.85 74.8763 0
      vertex 201.85 74.8763 1.8
    endloop
  endfacet
  facet normal 0 1 -0
    outer loop
      vertex 201.85 74.8763 0
      vertex 192.95 74.8763 1.8
      vertex 201.85 74.8763 1.8
    endloop
  endfacet
  facet normal 0 1 0
    outer loop
      vertex 192.95 74.8763 1.8
      vertex 201.85 74.8763 0
      vertex 192.95 74.8763 0
    endloop
  endfacet
  facet normal 0.866029 0.499994 0
    outer loop
      vertex 189.75 80.4189 1.8
      vertex 188.5 82.584 0
      vertex 188.5 82.584 1.8
    endloop
  endfacet
  facet normal 0.866029 0.499994 0
    outer loop
      vertex 188.5 82.584 0
      vertex 189.75 80.4189 1.8
      vertex 189.75 80.4189 0
    endloop
  endfacet
  facet normal 0.866032 0.499989 0
    outer loop
      vertex 192.95 74.8763 1.8
      vertex 191.95 76.6084 0
      vertex 191.95 76.6084 1.8
    endloop
  endfacet
  facet normal 0.866032 0.499989 0
    outer loop
      vertex 191.95 76.6084 0
      vertex 192.95 74.8763 1.8
      vertex 192.95 74.8763 0
    endloop
  endfacet
  facet normal -0.866008 -0.50003 0
    outer loop
      vertex 206.3 101.637 0
      vertex 201.85 109.344 1.8
      vertex 201.85 109.344 0
    endloop
  endfacet
  facet normal -0.866008 -0.50003 0
    outer loop
      vertex 201.85 109.344 1.8
      vertex 206.3 101.637 0
      vertex 206.3 101.637 1.8
    endloop
  endfacet
  facet normal 0.866019 -0.500011 0
    outer loop
      vertex 188.5 101.637 1.8
      vertex 189.75 103.802 0
      vertex 189.75 103.802 1.8
    endloop
  endfacet
  facet normal 0.866019 -0.500011 0
    outer loop
      vertex 189.75 103.802 0
      vertex 188.5 101.637 1.8
      vertex 188.5 101.637 0
    endloop
  endfacet
  facet normal 0.866019 -0.500011 0
    outer loop
      vertex 191.95 107.612 1.8
      vertex 192.95 109.344 0
      vertex 192.95 109.344 1.8
    endloop
  endfacet
  facet normal 0.866019 -0.500011 0
    outer loop
      vertex 192.95 109.344 0
      vertex 191.95 107.612 1.8
      vertex 191.95 107.612 0
    endloop
  endfacet
  facet normal 0 -1 0
    outer loop
      vertex 192.95 109.344 0
      vertex 201.85 109.344 1.8
      vertex 192.95 109.344 1.8
    endloop
  endfacet
  facet normal 0 -1 -0
    outer loop
      vertex 201.85 109.344 1.8
      vertex 192.95 109.344 0
      vertex 201.85 109.344 0
    endloop
  endfacet
  facet normal 0.866069 0.499924 0
    outer loop
      vertex 189.75 99.4715 1.8
      vertex 188.5 101.637 0
      vertex 188.5 101.637 1.8
    endloop
  endfacet
  facet normal 0.866069 0.499924 0
    outer loop
      vertex 188.5 101.637 0
      vertex 189.75 99.4715 1.8
      vertex 189.75 99.4715 0
    endloop
  endfacet
  facet normal 0.866019 0.500011 0
    outer loop
      vertex 192.95 93.9289 1.8
      vertex 191.95 95.6609 0
      vertex 191.95 95.6609 1.8
    endloop
  endfacet
  facet normal 0.866019 0.500011 0
    outer loop
      vertex 191.95 95.6609 0
      vertex 192.95 93.9289 1.8
      vertex 192.95 93.9289 0
    endloop
  endfacet
  facet normal -0.866039 0.499977 0
    outer loop
      vertex 201.85 93.9289 0
      vertex 206.3 101.637 1.8
      vertex 206.3 101.637 0
    endloop
  endfacet
  facet normal -0.866039 0.499977 0
    outer loop
      vertex 206.3 101.637 1.8
      vertex 201.85 93.9289 0
      vertex 201.85 93.9289 1.8
    endloop
  endfacet
  facet normal 0 1 -0
    outer loop
      vertex 201.85 93.9289 0
      vertex 192.95 93.9289 1.8
      vertex 201.85 93.9289 1.8
    endloop
  endfacet
  facet normal 0 1 0
    outer loop
      vertex 192.95 93.9289 1.8
      vertex 201.85 93.9289 0
      vertex 192.95 93.9289 0
    endloop
  endfacet
  facet normal -0.866036 -0.499982 0
    outer loop
      vertex 206.3 120.689 0
      vertex 201.85 128.397 1.8
      vertex 201.85 128.397 0
    endloop
  endfacet
  facet normal -0.866036 -0.499982 0
    outer loop
      vertex 201.85 128.397 1.8
      vertex 206.3 120.689 0
      vertex 206.3 120.689 1.8
    endloop
  endfacet
  facet normal 0.866036 -0.499982 0
    outer loop
      vertex 188.5 120.689 1.8
      vertex 192.95 128.397 0
      vertex 192.95 128.397 1.8
    endloop
  endfacet
  facet normal 0.866036 -0.499982 0
    outer loop
      vertex 192.95 128.397 0
      vertex 188.5 120.689 1.8
      vertex 188.5 120.689 0
    endloop
  endfacet
  facet normal 0 -1 0
    outer loop
      vertex 192.95 128.397 0
      vertex 201.85 128.397 1.8
      vertex 192.95 128.397 1.8
    endloop
  endfacet
  facet normal 0 -1 -0
    outer loop
      vertex 201.85 128.397 1.8
      vertex 192.95 128.397 0
      vertex 201.85 128.397 0
    endloop
  endfacet
  facet normal -0.866036 0.499982 0
    outer loop
      vertex 201.85 112.981 0
      vertex 206.3 120.689 1.8
      vertex 206.3 120.689 0
    endloop
  endfacet
  facet normal -0.866036 0.499982 0
    outer loop
      vertex 206.3 120.689 1.8
      vertex 201.85 112.981 0
      vertex 201.85 112.981 1.8
    endloop
  endfacet
  facet normal 0 1 -0
    outer loop
      vertex 201.85 112.981 0
      vertex 192.95 112.981 1.8
      vertex 201.85 112.981 1.8
    endloop
  endfacet
  facet normal 0 1 0
    outer loop
      vertex 192.95 112.981 1.8
      vertex 201.85 112.981 0
      vertex 192.95 112.981 0
    endloop
  endfacet
  facet normal 0.866137 0.499807 0
    outer loop
      vertex 189.013 119.8 1.8
      vertex 188.5 120.689 0
      vertex 188.5 120.689 1.8
    endloop
  endfacet
  facet normal 0.866137 0.499807 0
    outer loop
      vertex 188.5 120.689 0
      vertex 189.013 119.8 1.8
      vertex 189.013 119.8 0
    endloop
  endfacet
  facet normal 0.866144 0.499795 0
    outer loop
      vertex 192.95 112.981 1.8
      vertex 191.95 114.714 0
      vertex 191.95 114.714 1.8
    endloop
  endfacet
  facet normal 0.866144 0.499795 0
    outer loop
      vertex 191.95 114.714 0
      vertex 192.95 112.981 1.8
      vertex 192.95 112.981 0
    endloop
  endfacet
  facet normal 0.866217 0.499668 0
    outer loop
      vertex 190.283 117.6 1.8
      vertex 189.75 118.524 0
      vertex 189.75 118.524 1.8
    endloop
  endfacet
  facet normal 0.866217 0.499668 0
    outer loop
      vertex 189.75 118.524 0
      vertex 190.283 117.6 1.8
      vertex 190.283 117.6 0
    endloop
  endfacet
  facet normal -0.866025 -0.500001 0
    outer loop
      vertex 222.8 15.9 0
      vertex 218.35 23.6076 1.8
      vertex 218.35 23.6076 0
    endloop
  endfacet
  facet normal -0.866025 -0.500001 0
    outer loop
      vertex 218.35 23.6076 1.8
      vertex 222.8 15.9 0
      vertex 222.8 15.9 1.8
    endloop
  endfacet
  facet normal 0.866025 -0.500001 0
    outer loop
      vertex 205 15.9 1.8
      vertex 209.45 23.6076 0
      vertex 209.45 23.6076 1.8
    endloop
  endfacet
  facet normal 0.866025 -0.500001 0
    outer loop
      vertex 209.45 23.6076 0
      vertex 205 15.9 1.8
      vertex 205 15.9 0
    endloop
  endfacet
  facet normal 0 -1 0
    outer loop
      vertex 209.45 23.6076 0
      vertex 218.35 23.6076 1.8
      vertex 209.45 23.6076 1.8
    endloop
  endfacet
  facet normal 0 -1 -0
    outer loop
      vertex 218.35 23.6076 1.8
      vertex 209.45 23.6076 0
      vertex 218.35 23.6076 0
    endloop
  endfacet
  facet normal -0.866026 0.5 0
    outer loop
      vertex 218.35 8.19237 0
      vertex 222.8 15.9 1.8
      vertex 222.8 15.9 0
    endloop
  endfacet
  facet normal -0.866026 0.5 0
    outer loop
      vertex 222.8 15.9 1.8
      vertex 218.35 8.19237 0
      vertex 218.35 8.19237 1.8
    endloop
  endfacet
  facet normal 0 1 -0
    outer loop
      vertex 218.35 8.19237 0
      vertex 209.45 8.19237 1.8
      vertex 218.35 8.19237 1.8
    endloop
  endfacet
  facet normal 0 1 0
    outer loop
      vertex 209.45 8.19237 1.8
      vertex 218.35 8.19237 0
      vertex 209.45 8.19237 0
    endloop
  endfacet
  facet normal 0.866026 0.5 0
    outer loop
      vertex 209.45 8.19237 1.8
      vertex 205 15.9 0
      vertex 205 15.9 1.8
    endloop
  endfacet
  facet normal 0.866026 0.5 0
    outer loop
      vertex 205 15.9 0
      vertex 209.45 8.19237 1.8
      vertex 209.45 8.19237 0
    endloop
  endfacet
  facet normal -0.866025 -0.500001 0
    outer loop
      vertex 222.8 34.9526 0
      vertex 218.35 42.6602 1.8
      vertex 218.35 42.6602 0
    endloop
  endfacet
  facet normal -0.866025 -0.500001 0
    outer loop
      vertex 218.35 42.6602 1.8
      vertex 222.8 34.9526 0
      vertex 222.8 34.9526 1.8
    endloop
  endfacet
  facet normal 0.866025 -0.500001 0
    outer loop
      vertex 205 34.9526 1.8
      vertex 209.45 42.6602 0
      vertex 209.45 42.6602 1.8
    endloop
  endfacet
  facet normal 0.866025 -0.500001 0
    outer loop
      vertex 209.45 42.6602 0
      vertex 205 34.9526 1.8
      vertex 205 34.9526 0
    endloop
  endfacet
  facet normal 0 -1 0
    outer loop
      vertex 209.45 42.6602 0
      vertex 218.35 42.6602 1.8
      vertex 209.45 42.6602 1.8
    endloop
  endfacet
  facet normal 0 -1 -0
    outer loop
      vertex 218.35 42.6602 1.8
      vertex 209.45 42.6602 0
      vertex 218.35 42.6602 0
    endloop
  endfacet
  facet normal 0 1 -0
    outer loop
      vertex 218.35 27.2449 0
      vertex 209.45 27.2449 1.8
      vertex 218.35 27.2449 1.8
    endloop
  endfacet
  facet normal 0 1 0
    outer loop
      vertex 209.45 27.2449 1.8
      vertex 218.35 27.2449 0
      vertex 209.45 27.2449 0
    endloop
  endfacet
  facet normal 0.866027 0.499996 0
    outer loop
      vertex 209.45 27.2449 1.8
      vertex 205 34.9526 0
      vertex 205 34.9526 1.8
    endloop
  endfacet
  facet normal 0.866027 0.499996 0
    outer loop
      vertex 205 34.9526 0
      vertex 209.45 27.2449 1.8
      vertex 209.45 27.2449 0
    endloop
  endfacet
  facet normal -0.866027 0.499996 0
    outer loop
      vertex 218.35 27.2449 0
      vertex 222.8 34.9526 1.8
      vertex 222.8 34.9526 0
    endloop
  endfacet
  facet normal -0.866027 0.499996 0
    outer loop
      vertex 222.8 34.9526 1.8
      vertex 218.35 27.2449 0
      vertex 218.35 27.2449 1.8
    endloop
  endfacet
  facet normal -0.866025 -0.500001 0
    outer loop
      vertex 222.8 54.0051 0
      vertex 218.35 61.7127 1.8
      vertex 218.35 61.7127 0
    endloop
  endfacet
  facet normal -0.866025 -0.500001 0
    outer loop
      vertex 218.35 61.7127 1.8
      vertex 222.8 54.0051 0
      vertex 222.8 54.0051 1.8
    endloop
  endfacet
  facet normal 0.866025 -0.500001 0
    outer loop
      vertex 205 54.0051 1.8
      vertex 209.45 61.7127 0
      vertex 209.45 61.7127 1.8
    endloop
  endfacet
  facet normal 0.866025 -0.500001 0
    outer loop
      vertex 209.45 61.7127 0
      vertex 205 54.0051 1.8
      vertex 205 54.0051 0
    endloop
  endfacet
  facet normal 0 -1 0
    outer loop
      vertex 209.45 61.7127 0
      vertex 218.35 61.7127 1.8
      vertex 209.45 61.7127 1.8
    endloop
  endfacet
  facet normal 0 -1 -0
    outer loop
      vertex 218.35 61.7127 1.8
      vertex 209.45 61.7127 0
      vertex 218.35 61.7127 0
    endloop
  endfacet
  facet normal 0 1 -0
    outer loop
      vertex 218.35 46.2975 0
      vertex 209.45 46.2975 1.8
      vertex 218.35 46.2975 1.8
    endloop
  endfacet
  facet normal 0 1 0
    outer loop
      vertex 209.45 46.2975 1.8
      vertex 218.35 46.2975 0
      vertex 209.45 46.2975 0
    endloop
  endfacet
  facet normal 0.866025 0.500001 0
    outer loop
      vertex 209.45 46.2975 1.8
      vertex 205 54.0051 0
      vertex 205 54.0051 1.8
    endloop
  endfacet
  facet normal 0.866025 0.500001 0
    outer loop
      vertex 205 54.0051 0
      vertex 209.45 46.2975 1.8
      vertex 209.45 46.2975 0
    endloop
  endfacet
  facet normal -0.866025 0.500001 0
    outer loop
      vertex 218.35 46.2975 0
      vertex 222.8 54.0051 1.8
      vertex 222.8 54.0051 0
    endloop
  endfacet
  facet normal -0.866025 0.500001 0
    outer loop
      vertex 222.8 54.0051 1.8
      vertex 218.35 46.2975 0
      vertex 218.35 46.2975 1.8
    endloop
  endfacet
  facet normal -0.866025 -0.500001 0
    outer loop
      vertex 222.8 73.0577 0
      vertex 218.35 80.7653 1.8
      vertex 218.35 80.7653 0
    endloop
  endfacet
  facet normal -0.866025 -0.500001 0
    outer loop
      vertex 218.35 80.7653 1.8
      vertex 222.8 73.0577 0
      vertex 222.8 73.0577 1.8
    endloop
  endfacet
  facet normal 0.866025 -0.500001 0
    outer loop
      vertex 205 73.0577 1.8
      vertex 209.45 80.7653 0
      vertex 209.45 80.7653 1.8
    endloop
  endfacet
  facet normal 0.866025 -0.500001 0
    outer loop
      vertex 209.45 80.7653 0
      vertex 205 73.0577 1.8
      vertex 205 73.0577 0
    endloop
  endfacet
  facet normal 0 -1 0
    outer loop
      vertex 209.45 80.7653 0
      vertex 218.35 80.7653 1.8
      vertex 209.45 80.7653 1.8
    endloop
  endfacet
  facet normal 0 -1 -0
    outer loop
      vertex 218.35 80.7653 1.8
      vertex 209.45 80.7653 0
      vertex 218.35 80.7653 0
    endloop
  endfacet
  facet normal -0.866025 0.500001 0
    outer loop
      vertex 218.35 65.3501 0
      vertex 222.8 73.0577 1.8
      vertex 222.8 73.0577 0
    endloop
  endfacet
  facet normal -0.866025 0.500001 0
    outer loop
      vertex 222.8 73.0577 1.8
      vertex 218.35 65.3501 0
      vertex 218.35 65.3501 1.8
    endloop
  endfacet
  facet normal 0 1 -0
    outer loop
      vertex 218.35 65.3501 0
      vertex 209.45 65.3501 1.8
      vertex 218.35 65.3501 1.8
    endloop
  endfacet
  facet normal 0 1 0
    outer loop
      vertex 209.45 65.3501 1.8
      vertex 218.35 65.3501 0
      vertex 209.45 65.3501 0
    endloop
  endfacet
  facet normal 0.866025 0.500001 0
    outer loop
      vertex 209.45 65.3501 1.8
      vertex 205 73.0577 0
      vertex 205 73.0577 1.8
    endloop
  endfacet
  facet normal 0.866025 0.500001 0
    outer loop
      vertex 205 73.0577 0
      vertex 209.45 65.3501 1.8
      vertex 209.45 65.3501 0
    endloop
  endfacet
  facet normal -0.866027 -0.499996 0
    outer loop
      vertex 222.8 92.1102 0
      vertex 218.35 99.8179 1.8
      vertex 218.35 99.8179 0
    endloop
  endfacet
  facet normal -0.866027 -0.499996 0
    outer loop
      vertex 218.35 99.8179 1.8
      vertex 222.8 92.1102 0
      vertex 222.8 92.1102 1.8
    endloop
  endfacet
  facet normal 0.866027 -0.499996 0
    outer loop
      vertex 205 92.1102 1.8
      vertex 209.45 99.8179 0
      vertex 209.45 99.8179 1.8
    endloop
  endfacet
  facet normal 0.866027 -0.499996 0
    outer loop
      vertex 209.45 99.8179 0
      vertex 205 92.1102 1.8
      vertex 205 92.1102 0
    endloop
  endfacet
  facet normal 0 -1 0
    outer loop
      vertex 209.45 99.8179 0
      vertex 218.35 99.8179 1.8
      vertex 209.45 99.8179 1.8
    endloop
  endfacet
  facet normal 0 -1 -0
    outer loop
      vertex 218.35 99.8179 1.8
      vertex 209.45 99.8179 0
      vertex 218.35 99.8179 0
    endloop
  endfacet
  facet normal -0.866025 0.500001 0
    outer loop
      vertex 218.35 84.4026 0
      vertex 222.8 92.1102 1.8
      vertex 222.8 92.1102 0
    endloop
  endfacet
  facet normal -0.866025 0.500001 0
    outer loop
      vertex 222.8 92.1102 1.8
      vertex 218.35 84.4026 0
      vertex 218.35 84.4026 1.8
    endloop
  endfacet
  facet normal 0 1 -0
    outer loop
      vertex 218.35 84.4026 0
      vertex 209.45 84.4026 1.8
      vertex 218.35 84.4026 1.8
    endloop
  endfacet
  facet normal 0 1 0
    outer loop
      vertex 209.45 84.4026 1.8
      vertex 218.35 84.4026 0
      vertex 209.45 84.4026 0
    endloop
  endfacet
  facet normal 0.866025 0.500001 0
    outer loop
      vertex 209.45 84.4026 1.8
      vertex 205 92.1102 0
      vertex 205 92.1102 1.8
    endloop
  endfacet
  facet normal 0.866025 0.500001 0
    outer loop
      vertex 205 92.1102 0
      vertex 209.45 84.4026 1.8
      vertex 209.45 84.4026 0
    endloop
  endfacet
  facet normal -0.866008 -0.50003 0
    outer loop
      vertex 222.8 111.163 0
      vertex 218.35 118.87 1.8
      vertex 218.35 118.87 0
    endloop
  endfacet
  facet normal -0.866008 -0.50003 0
    outer loop
      vertex 218.35 118.87 1.8
      vertex 222.8 111.163 0
      vertex 222.8 111.163 1.8
    endloop
  endfacet
  facet normal 0.866008 -0.50003 0
    outer loop
      vertex 205 111.163 1.8
      vertex 209.45 118.87 0
      vertex 209.45 118.87 1.8
    endloop
  endfacet
  facet normal 0.866008 -0.50003 0
    outer loop
      vertex 209.45 118.87 0
      vertex 205 111.163 1.8
      vertex 205 111.163 0
    endloop
  endfacet
  facet normal 0 -1 0
    outer loop
      vertex 209.45 118.87 0
      vertex 218.35 118.87 1.8
      vertex 209.45 118.87 1.8
    endloop
  endfacet
  facet normal 0 -1 -0
    outer loop
      vertex 218.35 118.87 1.8
      vertex 209.45 118.87 0
      vertex 218.35 118.87 0
    endloop
  endfacet
  facet normal 0.866036 0.499982 0
    outer loop
      vertex 209.45 103.455 1.8
      vertex 205 111.163 0
      vertex 205 111.163 1.8
    endloop
  endfacet
  facet normal 0.866036 0.499982 0
    outer loop
      vertex 205 111.163 0
      vertex 209.45 103.455 1.8
      vertex 209.45 103.455 0
    endloop
  endfacet
  facet normal 0 1 -0
    outer loop
      vertex 218.35 103.455 0
      vertex 209.45 103.455 1.8
      vertex 218.35 103.455 1.8
    endloop
  endfacet
  facet normal 0 1 0
    outer loop
      vertex 209.45 103.455 1.8
      vertex 218.35 103.455 0
      vertex 209.45 103.455 0
    endloop
  endfacet
  facet normal -0.866036 0.499982 0
    outer loop
      vertex 218.35 103.455 0
      vertex 222.8 111.163 1.8
      vertex 222.8 111.163 0
    endloop
  endfacet
  facet normal -0.866036 0.499982 0
    outer loop
      vertex 222.8 111.163 1.8
      vertex 218.35 103.455 0
      vertex 218.35 103.455 1.8
    endloop
  endfacet
  facet normal -0.866036 -0.499982 0
    outer loop
      vertex 222.8 130.215 0
      vertex 218.35 137.923 1.8
      vertex 218.35 137.923 0
    endloop
  endfacet
  facet normal -0.866036 -0.499982 0
    outer loop
      vertex 218.35 137.923 1.8
      vertex 222.8 130.215 0
      vertex 222.8 130.215 1.8
    endloop
  endfacet
  facet normal 0.866036 -0.499982 0
    outer loop
      vertex 205 130.215 1.8
      vertex 209.45 137.923 0
      vertex 209.45 137.923 1.8
    endloop
  endfacet
  facet normal 0.866036 -0.499982 0
    outer loop
      vertex 209.45 137.923 0
      vertex 205 130.215 1.8
      vertex 205 130.215 0
    endloop
  endfacet
  facet normal 0 -1 0
    outer loop
      vertex 209.45 137.923 0
      vertex 218.35 137.923 1.8
      vertex 209.45 137.923 1.8
    endloop
  endfacet
  facet normal 0 -1 -0
    outer loop
      vertex 218.35 137.923 1.8
      vertex 209.45 137.923 0
      vertex 218.35 137.923 0
    endloop
  endfacet
  facet normal 0.866008 0.50003 0
    outer loop
      vertex 209.45 122.508 1.8
      vertex 205 130.215 0
      vertex 205 130.215 1.8
    endloop
  endfacet
  facet normal 0.866008 0.50003 0
    outer loop
      vertex 205 130.215 0
      vertex 209.45 122.508 1.8
      vertex 209.45 122.508 0
    endloop
  endfacet
  facet normal 0 1 -0
    outer loop
      vertex 218.35 122.508 0
      vertex 209.45 122.508 1.8
      vertex 218.35 122.508 1.8
    endloop
  endfacet
  facet normal 0 1 0
    outer loop
      vertex 209.45 122.508 1.8
      vertex 218.35 122.508 0
      vertex 209.45 122.508 0
    endloop
  endfacet
  facet normal -0.866008 0.50003 0
    outer loop
      vertex 218.35 122.508 0
      vertex 222.8 130.215 1.8
      vertex 222.8 130.215 0
    endloop
  endfacet
  facet normal -0.866008 0.50003 0
    outer loop
      vertex 222.8 130.215 1.8
      vertex 218.35 122.508 0
      vertex 218.35 122.508 1.8
    endloop
  endfacet
  facet normal -1 0 0
    outer loop
      vertex 0 148.5 0
      vertex 0 134 1.8
      vertex 0 148.5 4
    endloop
  endfacet
  facet normal -1 0 0
    outer loop
      vertex 0 148.5 0
      vertex 0 16 1.8
      vertex 0 134 1.8
    endloop
  endfacet
  facet normal -1 0 0
    outer loop
      vertex 0 1.5 0
      vertex 0 16 1.8
      vertex 0 148.5 0
    endloop
  endfacet
  facet normal -1 0 0
    outer loop
      vertex 0 1.5 4
      vertex 0 16 1.8
      vertex 0 1.5 0
    endloop
  endfacet
  facet normal -1 0 0
    outer loop
      vertex 0 16 1.8
      vertex 0 1.5 4
      vertex 0 16 4
    endloop
  endfacet
  facet normal -1 -0 0
    outer loop
      vertex 0 148.5 4
      vertex 0 134 1.8
      vertex 0 134 4
    endloop
  endfacet
  facet normal 0 0 1
    outer loop
      vertex 0 134 1.8
      vertex 7 111.163 1.8
      vertex 7 130.215 1.8
    endloop
  endfacet
  facet normal 0 0 1
    outer loop
      vertex 7 111.163 1.8
      vertex 0 134 1.8
      vertex 7 92.1102 1.8
    endloop
  endfacet
  facet normal 0 0 1
    outer loop
      vertex 7 92.1102 1.8
      vertex 0 134 1.8
      vertex 7 73.0577 1.8
    endloop
  endfacet
  facet normal 0 0 1
    outer loop
      vertex 0 16 1.8
      vertex 7 73.0577 1.8
      vertex 0 134 1.8
    endloop
  endfacet
  facet normal 0 0 1
    outer loop
      vertex 7 73.0577 1.8
      vertex 0 16 1.8
      vertex 7 54.0051 1.8
    endloop
  endfacet
  facet normal 0 0 1
    outer loop
      vertex 7 54.0051 1.8
      vertex 0 16 1.8
      vertex 7 34.9526 1.8
    endloop
  endfacet
  facet normal 0 0 1
    outer loop
      vertex 7 34.9526 1.8
      vertex 4.42991 22.7394 1.8
      vertex 4.81802 23.182 1.8
    endloop
  endfacet
  facet normal 0 0 1
    outer loop
      vertex 7 34.9526 1.8
      vertex 4.10289 22.25 1.8
      vertex 4.42991 22.7394 1.8
    endloop
  endfacet
  facet normal 0 0 1
    outer loop
      vertex 7 34.9526 1.8
      vertex 0 16 1.8
      vertex 4.10289 22.25 1.8
    endloop
  endfacet
  facet normal 0 0 1
    outer loop
      vertex 4.10289 22.25 1.8
      vertex 0 16 1.8
      vertex 3.84254 21.7221 1.8
    endloop
  endfacet
  facet normal 0 0 1
    outer loop
      vertex 3.84254 21.7221 1.8
      vertex 0 16 1.8
      vertex 3.65333 21.1647 1.8
    endloop
  endfacet
  facet normal 0 0 1
    outer loop
      vertex 3.65333 21.1647 1.8
      vertex 0 16 1.8
      vertex 3.5385 20.5874 1.8
    endloop
  endfacet
  facet normal -0 0 1
    outer loop
      vertex 0 134 1.8
      vertex 7 130.215 1.8
      vertex 9.18507 134 1.8
    endloop
  endfacet
  facet normal -0 0 1
    outer loop
      vertex 17.4615 24.4126 1.8
      vertex 20.35 23.6076 1.8
      vertex 17.5 25 1.8
    endloop
  endfacet
  facet normal -0 0 1
    outer loop
      vertex 17.3467 23.8353 1.8
      vertex 20.35 23.6076 1.8
      vertex 17.4615 24.4126 1.8
    endloop
  endfacet
  facet normal 0 0 1
    outer loop
      vertex 20.35 23.6076 1.8
      vertex 17.3467 23.8353 1.8
      vertex 17.2694 23.6076 1.8
    endloop
  endfacet
  facet normal 0 0 1
    outer loop
      vertex 7 34.9526 1.8
      vertex 10.2606 28.5701 1.8
      vertex 10.5668 28.7747 1.8
    endloop
  endfacet
  facet normal 0 0 1
    outer loop
      vertex 7 34.9526 1.8
      vertex 9.81802 28.182 1.8
      vertex 10.2606 28.5701 1.8
    endloop
  endfacet
  facet normal 0 0 1
    outer loop
      vertex 9.81802 28.182 1.8
      vertex 7 34.9526 1.8
      vertex 4.81802 23.182 1.8
    endloop
  endfacet
  facet normal 0 0 1
    outer loop
      vertex 41.3 120.689 1.8
      vertex 40 111.163 1.8
      vertex 44.45 118.87 1.8
    endloop
  endfacet
  facet normal 0 -0 1
    outer loop
      vertex 40 111.163 1.8
      vertex 41.3 120.689 1.8
      vertex 36.85 112.981 1.8
    endloop
  endfacet
  facet normal 0 0 1
    outer loop
      vertex 59.2561 30.2 1.8
      vertex 55.0561 30.2 1.8
      vertex 56.5 25.4263 1.8
    endloop
  endfacet
  facet normal -0 0 1
    outer loop
      vertex 86.35 137.923 1.8
      vertex 98.65 128.397 1.8
      vertex 98.65 150 1.8
    endloop
  endfacet
  facet normal 0 0 1
    outer loop
      vertex 98.65 128.397 1.8
      vertex 90.8 130.215 1.8
      vertex 93.95 128.397 1.8
    endloop
  endfacet
  facet normal 0 0 1
    outer loop
      vertex 98.65 128.397 1.8
      vertex 86.35 137.923 1.8
      vertex 90.8 130.215 1.8
    endloop
  endfacet
  facet normal 0 0 1
    outer loop
      vertex 98.65 150 1.8
      vertex 77.45 137.923 1.8
      vertex 86.35 137.923 1.8
    endloop
  endfacet
  facet normal 0 0 1
    outer loop
      vertex 77.45 137.923 1.8
      vertex 69.85 128.397 1.8
      vertex 73 130.215 1.8
    endloop
  endfacet
  facet normal 0 0 1
    outer loop
      vertex 77.45 137.923 1.8
      vertex 60.95 128.397 1.8
      vertex 69.85 128.397 1.8
    endloop
  endfacet
  facet normal 0 0 1
    outer loop
      vertex 77.45 137.923 1.8
      vertex 57.8 130.215 1.8
      vertex 60.95 128.397 1.8
    endloop
  endfacet
  facet normal 0 0 1
    outer loop
      vertex 53.35 137.923 1.8
      vertex 77.45 137.923 1.8
      vertex 98.65 150 1.8
    endloop
  endfacet
  facet normal 0 0 1
    outer loop
      vertex 77.45 137.923 1.8
      vertex 53.35 137.923 1.8
      vertex 57.8 130.215 1.8
    endloop
  endfacet
  facet normal -0 0 1
    outer loop
      vertex 16 150 1.8
      vertex 53.35 137.923 1.8
      vertex 98.65 150 1.8
    endloop
  endfacet
  facet normal 0 0 1
    outer loop
      vertex 44.45 137.923 1.8
      vertex 36.85 128.397 1.8
      vertex 40 130.215 1.8
    endloop
  endfacet
  facet normal 0 0 1
    outer loop
      vertex 44.45 137.923 1.8
      vertex 27.95 128.397 1.8
      vertex 36.85 128.397 1.8
    endloop
  endfacet
  facet normal 0 0 1
    outer loop
      vertex 44.45 137.923 1.8
      vertex 24.8 130.215 1.8
      vertex 27.95 128.397 1.8
    endloop
  endfacet
  facet normal 0 0 1
    outer loop
      vertex 44.45 137.923 1.8
      vertex 20.35 137.923 1.8
      vertex 24.8 130.215 1.8
    endloop
  endfacet
  facet normal 0 0 1
    outer loop
      vertex 53.35 137.923 1.8
      vertex 16 150 1.8
      vertex 44.45 137.923 1.8
    endloop
  endfacet
  facet normal 0 0 1
    outer loop
      vertex 44.45 137.923 1.8
      vertex 16 150 1.8
      vertex 20.35 137.923 1.8
    endloop
  endfacet
  facet normal 0 0 1
    outer loop
      vertex 20.35 137.923 1.8
      vertex 16 150 1.8
      vertex 16 137.923 1.8
    endloop
  endfacet
  facet normal 0 0 1
    outer loop
      vertex 90.8 130.215 1.8
      vertex 89.5 120.689 1.8
      vertex 93.95 128.397 1.8
    endloop
  endfacet
  facet normal -0 0 1
    outer loop
      vertex 86.35 122.508 1.8
      vertex 89.5 120.689 1.8
      vertex 90.8 130.215 1.8
    endloop
  endfacet
  facet normal 0 0 1
    outer loop
      vertex 86.35 118.87 1.8
      vertex 89.5 120.689 1.8
      vertex 86.35 122.508 1.8
    endloop
  endfacet
  facet normal 0 0 1
    outer loop
      vertex 89.5 120.689 1.8
      vertex 86.35 118.87 1.8
      vertex 87.0835 117.6 1.8
    endloop
  endfacet
  facet normal -0 0 1
    outer loop
      vertex 77.45 122.508 1.8
      vertex 86.35 118.87 1.8
      vertex 86.35 122.508 1.8
    endloop
  endfacet
  facet normal 0 0 1
    outer loop
      vertex 77.45 122.508 1.8
      vertex 77.45 118.87 1.8
      vertex 86.35 118.87 1.8
    endloop
  endfacet
  facet normal -0 0 1
    outer loop
      vertex 74.3 120.689 1.8
      vertex 77.45 118.87 1.8
      vertex 77.45 122.508 1.8
    endloop
  endfacet
  facet normal 0 0 1
    outer loop
      vertex 77.45 118.87 1.8
      vertex 74.3 120.689 1.8
      vertex 76.7165 117.6 1.8
    endloop
  endfacet
  facet normal 0 0 1
    outer loop
      vertex 73 130.215 1.8
      vertex 74.3 120.689 1.8
      vertex 77.45 122.508 1.8
    endloop
  endfacet
  facet normal 0 0 1
    outer loop
      vertex 74.3 120.689 1.8
      vertex 73 130.215 1.8
      vertex 69.85 128.397 1.8
    endloop
  endfacet
  facet normal 0 0 1
    outer loop
      vertex 91.2835 117.6 1.8
      vertex 89.5 120.689 1.8
      vertex 87.0835 117.6 1.8
    endloop
  endfacet
  facet normal 0 0 1
    outer loop
      vertex 76.7165 117.6 1.8
      vertex 74.3 120.689 1.8
      vertex 72.5165 117.6 1.8
    endloop
  endfacet
  facet normal 0 0 1
    outer loop
      vertex 57.8 130.215 1.8
      vertex 56.5 120.689 1.8
      vertex 60.95 128.397 1.8
    endloop
  endfacet
  facet normal 0 -0 1
    outer loop
      vertex 56.5 120.689 1.8
      vertex 57.8 130.215 1.8
      vertex 53.35 122.508 1.8
    endloop
  endfacet
  facet normal 0 0 1
    outer loop
      vertex 93.5263 32.4 1.8
      vertex 89.3263 32.4 1.8
      vertex 89.5 25.4263 1.8
    endloop
  endfacet
  facet normal 0 0 1
    outer loop
      vertex 126.526 32.4 1.8
      vertex 122.326 32.4 1.8
      vertex 122.5 25.4263 1.8
    endloop
  endfacet
  facet normal 0 0 1
    outer loop
      vertex 159.526 32.4 1.8
      vertex 155.326 32.4 1.8
      vertex 155.5 25.4263 1.8
    endloop
  endfacet
  facet normal 0 0 1
    outer loop
      vertex 188.5 25.4263 1.8
      vertex 189.8 15.9 1.8
      vertex 192.95 17.7187 1.8
    endloop
  endfacet
  facet normal -0 0 1
    outer loop
      vertex 185.35 27.2449 1.8
      vertex 188.5 25.4263 1.8
      vertex 187.056 30.2 1.8
    endloop
  endfacet
  facet normal 0 0 1
    outer loop
      vertex 188.5 25.4263 1.8
      vertex 185.35 27.2449 1.8
      vertex 185.35 23.6076 1.8
    endloop
  endfacet
  facet normal 0 0 1
    outer loop
      vertex 188.5 25.4263 1.8
      vertex 185.35 23.6076 1.8
      vertex 189.8 15.9 1.8
    endloop
  endfacet
  facet normal -0 0 1
    outer loop
      vertex 176.45 27.2449 1.8
      vertex 185.35 23.6076 1.8
      vertex 185.35 27.2449 1.8
    endloop
  endfacet
  facet normal 0 0 1
    outer loop
      vertex 176.45 27.2449 1.8
      vertex 176.45 23.6076 1.8
      vertex 185.35 23.6076 1.8
    endloop
  endfacet
  facet normal 0 0 1
    outer loop
      vertex 173.3 25.4263 1.8
      vertex 176.45 27.2449 1.8
      vertex 174.744 30.2 1.8
    endloop
  endfacet
  facet normal 0 0 1
    outer loop
      vertex 176.45 27.2449 1.8
      vertex 173.3 25.4263 1.8
      vertex 176.45 23.6076 1.8
    endloop
  endfacet
  facet normal 0 0 1
    outer loop
      vertex 173.3 25.4263 1.8
      vertex 172 15.9 1.8
      vertex 176.45 23.6076 1.8
    endloop
  endfacet
  facet normal 0 -0 1
    outer loop
      vertex 172 15.9 1.8
      vertex 173.3 25.4263 1.8
      vertex 168.85 17.7187 1.8
    endloop
  endfacet
  facet normal 0 0 1
    outer loop
      vertex 189.8 130.215 1.8
      vertex 188.5 120.689 1.8
      vertex 192.95 128.397 1.8
    endloop
  endfacet
  facet normal 0 -0 1
    outer loop
      vertex 188.5 120.689 1.8
      vertex 189.8 130.215 1.8
      vertex 185.35 122.508 1.8
    endloop
  endfacet
  facet normal 0 0 1
    outer loop
      vertex 185.35 122.508 1.8
      vertex 189.013 119.8 1.8
      vertex 188.5 120.689 1.8
    endloop
  endfacet
  facet normal -0 0 1
    outer loop
      vertex 176.45 122.508 1.8
      vertex 189.013 119.8 1.8
      vertex 185.35 122.508 1.8
    endloop
  endfacet
  facet normal 0 0 1
    outer loop
      vertex 172.787 119.8 1.8
      vertex 176.45 122.508 1.8
      vertex 173.3 120.689 1.8
    endloop
  endfacet
  facet normal 0 0 1
    outer loop
      vertex 176.45 122.508 1.8
      vertex 172.787 119.8 1.8
      vertex 189.013 119.8 1.8
    endloop
  endfacet
  facet normal 0 0 1
    outer loop
      vertex 155.5 25.4263 1.8
      vertex 156.8 15.9 1.8
      vertex 159.95 17.7187 1.8
    endloop
  endfacet
  facet normal -0 0 1
    outer loop
      vertex 152.35 27.2449 1.8
      vertex 155.5 25.4263 1.8
      vertex 155.326 32.4 1.8
    endloop
  endfacet
  facet normal 0 0 1
    outer loop
      vertex 152.35 23.6076 1.8
      vertex 155.5 25.4263 1.8
      vertex 152.35 27.2449 1.8
    endloop
  endfacet
  facet normal 0 0 1
    outer loop
      vertex 155.5 25.4263 1.8
      vertex 152.35 23.6076 1.8
      vertex 156.8 15.9 1.8
    endloop
  endfacet
  facet normal -0 0 1
    outer loop
      vertex 143.45 27.2449 1.8
      vertex 152.35 23.6076 1.8
      vertex 152.35 27.2449 1.8
    endloop
  endfacet
  facet normal 0 0 1
    outer loop
      vertex 143.45 27.2449 1.8
      vertex 143.45 23.6076 1.8
      vertex 152.35 23.6076 1.8
    endloop
  endfacet
  facet normal 0 0 1
    outer loop
      vertex 140.3 25.4263 1.8
      vertex 143.45 27.2449 1.8
      vertex 140.474 32.4 1.8
    endloop
  endfacet
  facet normal 0 0 1
    outer loop
      vertex 143.45 27.2449 1.8
      vertex 140.3 25.4263 1.8
      vertex 143.45 23.6076 1.8
    endloop
  endfacet
  facet normal 0 0 1
    outer loop
      vertex 140.3 25.4263 1.8
      vertex 139 15.9 1.8
      vertex 143.45 23.6076 1.8
    endloop
  endfacet
  facet normal 0 -0 1
    outer loop
      vertex 139 15.9 1.8
      vertex 140.3 25.4263 1.8
      vertex 135.85 17.7187 1.8
    endloop
  endfacet
  facet normal 0 0 1
    outer loop
      vertex 156.8 130.215 1.8
      vertex 155.5 120.689 1.8
      vertex 159.95 128.397 1.8
    endloop
  endfacet
  facet normal -0 0 1
    outer loop
      vertex 152.35 122.508 1.8
      vertex 155.5 120.689 1.8
      vertex 156.8 130.215 1.8
    endloop
  endfacet
  facet normal 0 0 1
    outer loop
      vertex 152.35 118.87 1.8
      vertex 155.5 120.689 1.8
      vertex 152.35 122.508 1.8
    endloop
  endfacet
  facet normal 0 0 1
    outer loop
      vertex 155.5 120.689 1.8
      vertex 152.35 118.87 1.8
      vertex 153.083 117.6 1.8
    endloop
  endfacet
  facet normal -0 0 1
    outer loop
      vertex 143.45 122.508 1.8
      vertex 152.35 118.87 1.8
      vertex 152.35 122.508 1.8
    endloop
  endfacet
  facet normal 0 0 1
    outer loop
      vertex 143.45 122.508 1.8
      vertex 143.45 118.87 1.8
      vertex 152.35 118.87 1.8
    endloop
  endfacet
  facet normal 0 0 1
    outer loop
      vertex 142.65 117.6 1.8
      vertex 143.45 118.87 1.8
      vertex 143.45 122.508 1.8
    endloop
  endfacet
  facet normal 0 0 1
    outer loop
      vertex 142.65 117.6 1.8
      vertex 143.45 122.508 1.8
      vertex 142.65 123.893 1.8
    endloop
  endfacet
  facet normal 0 0 1
    outer loop
      vertex 143.45 118.87 1.8
      vertex 142.65 117.6 1.8
      vertex 142.717 117.6 1.8
    endloop
  endfacet
  facet normal 0 0 1
    outer loop
      vertex 157.283 117.6 1.8
      vertex 155.5 120.689 1.8
      vertex 153.083 117.6 1.8
    endloop
  endfacet
  facet normal 0 0 1
    outer loop
      vertex 122.5 25.4263 1.8
      vertex 123.8 15.9 1.8
      vertex 126.95 17.7187 1.8
    endloop
  endfacet
  facet normal -0 0 1
    outer loop
      vertex 119.35 27.2449 1.8
      vertex 122.5 25.4263 1.8
      vertex 122.326 32.4 1.8
    endloop
  endfacet
  facet normal 0 0 1
    outer loop
      vertex 119.35 23.6076 1.8
      vertex 122.5 25.4263 1.8
      vertex 119.35 27.2449 1.8
    endloop
  endfacet
  facet normal 0 0 1
    outer loop
      vertex 122.5 25.4263 1.8
      vertex 119.35 23.6076 1.8
      vertex 123.8 15.9 1.8
    endloop
  endfacet
  facet normal -0 0 1
    outer loop
      vertex 110.45 27.2449 1.8
      vertex 119.35 23.6076 1.8
      vertex 119.35 27.2449 1.8
    endloop
  endfacet
  facet normal 0 0 1
    outer loop
      vertex 110.45 27.2449 1.8
      vertex 110.45 23.6076 1.8
      vertex 119.35 23.6076 1.8
    endloop
  endfacet
  facet normal 0 0 1
    outer loop
      vertex 107.3 25.4263 1.8
      vertex 110.45 27.2449 1.8
      vertex 107.474 32.4 1.8
    endloop
  endfacet
  facet normal 0 0 1
    outer loop
      vertex 110.45 27.2449 1.8
      vertex 107.3 25.4263 1.8
      vertex 110.45 23.6076 1.8
    endloop
  endfacet
  facet normal 0 0 1
    outer loop
      vertex 107.3 25.4263 1.8
      vertex 106 15.9 1.8
      vertex 110.45 23.6076 1.8
    endloop
  endfacet
  facet normal 0 -0 1
    outer loop
      vertex 106 15.9 1.8
      vertex 107.3 25.4263 1.8
      vertex 102.85 17.7187 1.8
    endloop
  endfacet
  facet normal 0 0 1
    outer loop
      vertex 89.5 25.4263 1.8
      vertex 90.8 15.9 1.8
      vertex 93.95 17.7187 1.8
    endloop
  endfacet
  facet normal -0 0 1
    outer loop
      vertex 86.35 27.2449 1.8
      vertex 89.5 25.4263 1.8
      vertex 89.3263 32.4 1.8
    endloop
  endfacet
  facet normal 0 0 1
    outer loop
      vertex 86.35 23.6076 1.8
      vertex 89.5 25.4263 1.8
      vertex 86.35 27.2449 1.8
    endloop
  endfacet
  facet normal 0 0 1
    outer loop
      vertex 89.5 25.4263 1.8
      vertex 86.35 23.6076 1.8
      vertex 90.8 15.9 1.8
    endloop
  endfacet
  facet normal -0 0 1
    outer loop
      vertex 77.45 27.2449 1.8
      vertex 86.35 23.6076 1.8
      vertex 86.35 27.2449 1.8
    endloop
  endfacet
  facet normal 0 0 1
    outer loop
      vertex 77.45 27.2449 1.8
      vertex 77.45 23.6076 1.8
      vertex 86.35 23.6076 1.8
    endloop
  endfacet
  facet normal -0 0 1
    outer loop
      vertex 71.55 30.2 1.8
      vertex 77.45 27.2449 1.8
      vertex 74.4737 32.4 1.8
    endloop
  endfacet
  facet normal 0 0 1
    outer loop
      vertex 77.45 27.2449 1.8
      vertex 74.3 25.4263 1.8
      vertex 77.45 23.6076 1.8
    endloop
  endfacet
  facet normal 0 0 1
    outer loop
      vertex 74.3 25.4263 1.8
      vertex 73 15.9 1.8
      vertex 77.45 23.6076 1.8
    endloop
  endfacet
  facet normal 0 -0 1
    outer loop
      vertex 73 15.9 1.8
      vertex 74.3 25.4263 1.8
      vertex 69.85 17.7187 1.8
    endloop
  endfacet
  facet normal 0 0 1
    outer loop
      vertex 51.55 119.8 1.8
      vertex 56.5 120.689 1.8
      vertex 53.35 122.508 1.8
    endloop
  endfacet
  facet normal 0 0 1
    outer loop
      vertex 56.5 120.689 1.8
      vertex 51.55 119.8 1.8
      vertex 57.0133 119.8 1.8
    endloop
  endfacet
  facet normal -0 0 1
    outer loop
      vertex 44.45 122.508 1.8
      vertex 51.55 119.8 1.8
      vertex 53.35 122.508 1.8
    endloop
  endfacet
  facet normal 0 0 1
    outer loop
      vertex 44.45 118.87 1.8
      vertex 51.55 119.8 1.8
      vertex 44.45 122.508 1.8
    endloop
  endfacet
  facet normal 0 0 1
    outer loop
      vertex 51.55 119.8 1.8
      vertex 44.45 118.87 1.8
      vertex 51.55 118.87 1.8
    endloop
  endfacet
  facet normal 0 0 1
    outer loop
      vertex 44.45 122.508 1.8
      vertex 41.3 120.689 1.8
      vertex 44.45 118.87 1.8
    endloop
  endfacet
  facet normal 0 0 1
    outer loop
      vertex 40 130.215 1.8
      vertex 41.3 120.689 1.8
      vertex 44.45 122.508 1.8
    endloop
  endfacet
  facet normal 0 0 1
    outer loop
      vertex 41.3 120.689 1.8
      vertex 40 130.215 1.8
      vertex 36.85 128.397 1.8
    endloop
  endfacet
  facet normal 0 0 1
    outer loop
      vertex 56.5 25.4263 1.8
      vertex 57.8 15.9 1.8
      vertex 60.95 17.7187 1.8
    endloop
  endfacet
  facet normal -0 0 1
    outer loop
      vertex 53.35 27.2449 1.8
      vertex 56.5 25.4263 1.8
      vertex 55.0561 30.2 1.8
    endloop
  endfacet
  facet normal 0 0 1
    outer loop
      vertex 56.5 25.4263 1.8
      vertex 53.35 27.2449 1.8
      vertex 53.35 23.6076 1.8
    endloop
  endfacet
  facet normal 0 0 1
    outer loop
      vertex 56.5 25.4263 1.8
      vertex 53.35 23.6076 1.8
      vertex 57.8 15.9 1.8
    endloop
  endfacet
  facet normal -0 0 1
    outer loop
      vertex 44.45 27.2449 1.8
      vertex 53.35 23.6076 1.8
      vertex 53.35 27.2449 1.8
    endloop
  endfacet
  facet normal 0 0 1
    outer loop
      vertex 44.45 27.2449 1.8
      vertex 44.45 23.6076 1.8
      vertex 53.35 23.6076 1.8
    endloop
  endfacet
  facet normal 0 0 1
    outer loop
      vertex 44.45 27.2449 1.8
      vertex 41.3 25.4263 1.8
      vertex 44.45 23.6076 1.8
    endloop
  endfacet
  facet normal 0 0 1
    outer loop
      vertex 40 34.9526 1.8
      vertex 41.3 25.4263 1.8
      vertex 44.45 27.2449 1.8
    endloop
  endfacet
  facet normal 0 0 1
    outer loop
      vertex 36.85 33.1339 1.8
      vertex 40 34.9526 1.8
      vertex 36.85 36.7712 1.8
    endloop
  endfacet
  facet normal 0 0 1
    outer loop
      vertex 40 34.9526 1.8
      vertex 36.85 33.1339 1.8
      vertex 41.3 25.4263 1.8
    endloop
  endfacet
  facet normal -0 0 1
    outer loop
      vertex 27.95 36.7712 1.8
      vertex 36.85 33.1339 1.8
      vertex 36.85 36.7712 1.8
    endloop
  endfacet
  facet normal 0 0 1
    outer loop
      vertex 27.95 36.7712 1.8
      vertex 27.95 33.1339 1.8
      vertex 36.85 33.1339 1.8
    endloop
  endfacet
  facet normal 0 0 1
    outer loop
      vertex 27.95 36.7712 1.8
      vertex 24.8 34.9526 1.8
      vertex 27.95 33.1339 1.8
    endloop
  endfacet
  facet normal 0 0 1
    outer loop
      vertex 23.5 44.4788 1.8
      vertex 24.8 34.9526 1.8
      vertex 27.95 36.7712 1.8
    endloop
  endfacet
  facet normal 0 0 1
    outer loop
      vertex 20.35 42.6602 1.8
      vertex 23.5 44.4788 1.8
      vertex 20.35 46.2975 1.8
    endloop
  endfacet
  facet normal 0 0 1
    outer loop
      vertex 23.5 44.4788 1.8
      vertex 20.35 42.6602 1.8
      vertex 24.8 34.9526 1.8
    endloop
  endfacet
  facet normal -0 0 1
    outer loop
      vertex 11.45 46.2975 1.8
      vertex 20.35 42.6602 1.8
      vertex 20.35 46.2975 1.8
    endloop
  endfacet
  facet normal 0 0 1
    outer loop
      vertex 11.45 46.2975 1.8
      vertex 11.45 42.6602 1.8
      vertex 20.35 42.6602 1.8
    endloop
  endfacet
  facet normal 0 0 1
    outer loop
      vertex 7 54.0051 1.8
      vertex 11.45 42.6602 1.8
      vertex 11.45 46.2975 1.8
    endloop
  endfacet
  facet normal 0 0 1
    outer loop
      vertex 11.45 42.6602 1.8
      vertex 7 54.0051 1.8
      vertex 7 34.9526 1.8
    endloop
  endfacet
  facet normal -0 0 1
    outer loop
      vertex 44.45 103.455 1.8
      vertex 49.35 99.8179 1.8
      vertex 49.35 103.455 1.8
    endloop
  endfacet
  facet normal 0 0 1
    outer loop
      vertex 44.45 103.455 1.8
      vertex 44.45 99.8179 1.8
      vertex 49.35 99.8179 1.8
    endloop
  endfacet
  facet normal 0 0 1
    outer loop
      vertex 44.45 103.455 1.8
      vertex 41.3 101.637 1.8
      vertex 44.45 99.8179 1.8
    endloop
  endfacet
  facet normal 0 0 1
    outer loop
      vertex 40 111.163 1.8
      vertex 41.3 101.637 1.8
      vertex 44.45 103.455 1.8
    endloop
  endfacet
  facet normal 0 0 1
    outer loop
      vertex 36.85 109.344 1.8
      vertex 40 111.163 1.8
      vertex 36.85 112.981 1.8
    endloop
  endfacet
  facet normal 0 0 1
    outer loop
      vertex 40 111.163 1.8
      vertex 36.85 109.344 1.8
      vertex 41.3 101.637 1.8
    endloop
  endfacet
  facet normal -0 0 1
    outer loop
      vertex 27.95 112.981 1.8
      vertex 36.85 109.344 1.8
      vertex 36.85 112.981 1.8
    endloop
  endfacet
  facet normal 0 0 1
    outer loop
      vertex 27.95 112.981 1.8
      vertex 27.95 109.344 1.8
      vertex 36.85 109.344 1.8
    endloop
  endfacet
  facet normal 0 0 1
    outer loop
      vertex 27.95 112.981 1.8
      vertex 24.8 111.163 1.8
      vertex 27.95 109.344 1.8
    endloop
  endfacet
  facet normal 0 0 1
    outer loop
      vertex 23.5 120.689 1.8
      vertex 24.8 111.163 1.8
      vertex 27.95 112.981 1.8
    endloop
  endfacet
  facet normal 0 0 1
    outer loop
      vertex 20.35 118.87 1.8
      vertex 23.5 120.689 1.8
      vertex 20.35 122.508 1.8
    endloop
  endfacet
  facet normal 0 0 1
    outer loop
      vertex 23.5 120.689 1.8
      vertex 20.35 118.87 1.8
      vertex 24.8 111.163 1.8
    endloop
  endfacet
  facet normal -0 0 1
    outer loop
      vertex 11.45 122.508 1.8
      vertex 20.35 118.87 1.8
      vertex 20.35 122.508 1.8
    endloop
  endfacet
  facet normal 0 0 1
    outer loop
      vertex 11.45 122.508 1.8
      vertex 11.45 118.87 1.8
      vertex 20.35 118.87 1.8
    endloop
  endfacet
  facet normal 0 0 1
    outer loop
      vertex 7 130.215 1.8
      vertex 11.45 118.87 1.8
      vertex 11.45 122.508 1.8
    endloop
  endfacet
  facet normal 0 0 1
    outer loop
      vertex 11.45 118.87 1.8
      vertex 7 130.215 1.8
      vertex 7 111.163 1.8
    endloop
  endfacet
  facet normal 0 0 1
    outer loop
      vertex 41.3 101.637 1.8
      vertex 40 92.1102 1.8
      vertex 44.45 99.8179 1.8
    endloop
  endfacet
  facet normal 0 -0 1
    outer loop
      vertex 40 92.1102 1.8
      vertex 41.3 101.637 1.8
      vertex 36.85 93.9289 1.8
    endloop
  endfacet
  facet normal -0 0 1
    outer loop
      vertex 44.45 84.4026 1.8
      vertex 49.35 80.7653 1.8
      vertex 49.35 84.4026 1.8
    endloop
  endfacet
  facet normal 0 0 1
    outer loop
      vertex 44.45 84.4026 1.8
      vertex 44.45 80.7653 1.8
      vertex 49.35 80.7653 1.8
    endloop
  endfacet
  facet normal 0 0 1
    outer loop
      vertex 44.45 84.4026 1.8
      vertex 41.3 82.584 1.8
      vertex 44.45 80.7653 1.8
    endloop
  endfacet
  facet normal 0 0 1
    outer loop
      vertex 40 92.1102 1.8
      vertex 41.3 82.584 1.8
      vertex 44.45 84.4026 1.8
    endloop
  endfacet
  facet normal 0 0 1
    outer loop
      vertex 36.85 90.2916 1.8
      vertex 40 92.1102 1.8
      vertex 36.85 93.9289 1.8
    endloop
  endfacet
  facet normal 0 0 1
    outer loop
      vertex 40 92.1102 1.8
      vertex 36.85 90.2916 1.8
      vertex 41.3 82.584 1.8
    endloop
  endfacet
  facet normal -0 0 1
    outer loop
      vertex 27.95 93.9289 1.8
      vertex 36.85 90.2916 1.8
      vertex 36.85 93.9289 1.8
    endloop
  endfacet
  facet normal 0 0 1
    outer loop
      vertex 27.95 93.9289 1.8
      vertex 27.95 90.2916 1.8
      vertex 36.85 90.2916 1.8
    endloop
  endfacet
  facet normal 0 0 1
    outer loop
      vertex 27.95 93.9289 1.8
      vertex 24.8 92.1102 1.8
      vertex 27.95 90.2916 1.8
    endloop
  endfacet
  facet normal 0 0 1
    outer loop
      vertex 23.5 101.637 1.8
      vertex 24.8 92.1102 1.8
      vertex 27.95 93.9289 1.8
    endloop
  endfacet
  facet normal 0 0 1
    outer loop
      vertex 20.35 99.8179 1.8
      vertex 23.5 101.637 1.8
      vertex 20.35 103.455 1.8
    endloop
  endfacet
  facet normal 0 0 1
    outer loop
      vertex 23.5 101.637 1.8
      vertex 20.35 99.8179 1.8
      vertex 24.8 92.1102 1.8
    endloop
  endfacet
  facet normal -0 0 1
    outer loop
      vertex 11.45 103.455 1.8
      vertex 20.35 99.8179 1.8
      vertex 20.35 103.455 1.8
    endloop
  endfacet
  facet normal 0 0 1
    outer loop
      vertex 11.45 103.455 1.8
      vertex 11.45 99.8179 1.8
      vertex 20.35 99.8179 1.8
    endloop
  endfacet
  facet normal 0 0 1
    outer loop
      vertex 7 111.163 1.8
      vertex 11.45 99.8179 1.8
      vertex 11.45 103.455 1.8
    endloop
  endfacet
  facet normal 0 0 1
    outer loop
      vertex 11.45 99.8179 1.8
      vertex 7 111.163 1.8
      vertex 7 92.1102 1.8
    endloop
  endfacet
  facet normal 0 0 1
    outer loop
      vertex 41.3 82.584 1.8
      vertex 40 73.0577 1.8
      vertex 44.45 80.7653 1.8
    endloop
  endfacet
  facet normal 0 -0 1
    outer loop
      vertex 40 73.0577 1.8
      vertex 41.3 82.584 1.8
      vertex 36.85 74.8763 1.8
    endloop
  endfacet
  facet normal -0 0 1
    outer loop
      vertex 44.45 65.3501 1.8
      vertex 49.35 61.7127 1.8
      vertex 49.35 65.3501 1.8
    endloop
  endfacet
  facet normal 0 0 1
    outer loop
      vertex 44.45 65.3501 1.8
      vertex 44.45 61.7127 1.8
      vertex 49.35 61.7127 1.8
    endloop
  endfacet
  facet normal 0 0 1
    outer loop
      vertex 44.45 65.3501 1.8
      vertex 41.3 63.5314 1.8
      vertex 44.45 61.7127 1.8
    endloop
  endfacet
  facet normal 0 0 1
    outer loop
      vertex 40 73.0577 1.8
      vertex 41.3 63.5314 1.8
      vertex 44.45 65.3501 1.8
    endloop
  endfacet
  facet normal 0 0 1
    outer loop
      vertex 36.85 71.239 1.8
      vertex 40 73.0577 1.8
      vertex 36.85 74.8763 1.8
    endloop
  endfacet
  facet normal 0 0 1
    outer loop
      vertex 40 73.0577 1.8
      vertex 36.85 71.239 1.8
      vertex 41.3 63.5314 1.8
    endloop
  endfacet
  facet normal -0 0 1
    outer loop
      vertex 27.95 74.8763 1.8
      vertex 36.85 71.239 1.8
      vertex 36.85 74.8763 1.8
    endloop
  endfacet
  facet normal 0 0 1
    outer loop
      vertex 27.95 74.8763 1.8
      vertex 27.95 71.239 1.8
      vertex 36.85 71.239 1.8
    endloop
  endfacet
  facet normal 0 0 1
    outer loop
      vertex 27.95 74.8763 1.8
      vertex 24.8 73.0577 1.8
      vertex 27.95 71.239 1.8
    endloop
  endfacet
  facet normal 0 0 1
    outer loop
      vertex 23.5 82.584 1.8
      vertex 24.8 73.0577 1.8
      vertex 27.95 74.8763 1.8
    endloop
  endfacet
  facet normal 0 0 1
    outer loop
      vertex 20.35 80.7653 1.8
      vertex 23.5 82.584 1.8
      vertex 20.35 84.4026 1.8
    endloop
  endfacet
  facet normal 0 0 1
    outer loop
      vertex 23.5 82.584 1.8
      vertex 20.35 80.7653 1.8
      vertex 24.8 73.0577 1.8
    endloop
  endfacet
  facet normal -0 0 1
    outer loop
      vertex 11.45 84.4026 1.8
      vertex 20.35 80.7653 1.8
      vertex 20.35 84.4026 1.8
    endloop
  endfacet
  facet normal 0 0 1
    outer loop
      vertex 11.45 84.4026 1.8
      vertex 11.45 80.7653 1.8
      vertex 20.35 80.7653 1.8
    endloop
  endfacet
  facet normal 0 0 1
    outer loop
      vertex 7 92.1102 1.8
      vertex 11.45 80.7653 1.8
      vertex 11.45 84.4026 1.8
    endloop
  endfacet
  facet normal 0 0 1
    outer loop
      vertex 11.45 80.7653 1.8
      vertex 7 92.1102 1.8
      vertex 7 73.0577 1.8
    endloop
  endfacet
  facet normal 0 0 1
    outer loop
      vertex 41.3 63.5314 1.8
      vertex 40 54.0051 1.8
      vertex 44.45 61.7127 1.8
    endloop
  endfacet
  facet normal 0 -0 1
    outer loop
      vertex 40 54.0051 1.8
      vertex 41.3 63.5314 1.8
      vertex 36.85 55.8238 1.8
    endloop
  endfacet
  facet normal -0 0 1
    outer loop
      vertex 44.45 46.2975 1.8
      vertex 49.35 42.6602 1.8
      vertex 49.35 46.2975 1.8
    endloop
  endfacet
  facet normal 0 0 1
    outer loop
      vertex 44.45 46.2975 1.8
      vertex 44.45 42.6602 1.8
      vertex 49.35 42.6602 1.8
    endloop
  endfacet
  facet normal 0 0 1
    outer loop
      vertex 44.45 46.2975 1.8
      vertex 41.3 44.4788 1.8
      vertex 44.45 42.6602 1.8
    endloop
  endfacet
  facet normal 0 0 1
    outer loop
      vertex 40 54.0051 1.8
      vertex 41.3 44.4788 1.8
      vertex 44.45 46.2975 1.8
    endloop
  endfacet
  facet normal 0 0 1
    outer loop
      vertex 36.85 52.1865 1.8
      vertex 40 54.0051 1.8
      vertex 36.85 55.8238 1.8
    endloop
  endfacet
  facet normal 0 0 1
    outer loop
      vertex 40 54.0051 1.8
      vertex 36.85 52.1865 1.8
      vertex 41.3 44.4788 1.8
    endloop
  endfacet
  facet normal -0 0 1
    outer loop
      vertex 27.95 55.8238 1.8
      vertex 36.85 52.1865 1.8
      vertex 36.85 55.8238 1.8
    endloop
  endfacet
  facet normal 0 0 1
    outer loop
      vertex 27.95 55.8238 1.8
      vertex 27.95 52.1865 1.8
      vertex 36.85 52.1865 1.8
    endloop
  endfacet
  facet normal 0 0 1
    outer loop
      vertex 27.95 55.8238 1.8
      vertex 24.8 54.0051 1.8
      vertex 27.95 52.1865 1.8
    endloop
  endfacet
  facet normal 0 0 1
    outer loop
      vertex 23.5 63.5314 1.8
      vertex 24.8 54.0051 1.8
      vertex 27.95 55.8238 1.8
    endloop
  endfacet
  facet normal 0 0 1
    outer loop
      vertex 20.35 61.7127 1.8
      vertex 23.5 63.5314 1.8
      vertex 20.35 65.3501 1.8
    endloop
  endfacet
  facet normal 0 0 1
    outer loop
      vertex 23.5 63.5314 1.8
      vertex 20.35 61.7127 1.8
      vertex 24.8 54.0051 1.8
    endloop
  endfacet
  facet normal -0 0 1
    outer loop
      vertex 11.45 65.3501 1.8
      vertex 20.35 61.7127 1.8
      vertex 20.35 65.3501 1.8
    endloop
  endfacet
  facet normal 0 0 1
    outer loop
      vertex 11.45 65.3501 1.8
      vertex 11.45 61.7127 1.8
      vertex 20.35 61.7127 1.8
    endloop
  endfacet
  facet normal 0 0 1
    outer loop
      vertex 7 73.0577 1.8
      vertex 11.45 61.7127 1.8
      vertex 11.45 65.3501 1.8
    endloop
  endfacet
  facet normal 0 0 1
    outer loop
      vertex 11.45 61.7127 1.8
      vertex 7 73.0577 1.8
      vertex 7 54.0051 1.8
    endloop
  endfacet
  facet normal 0 0 1
    outer loop
      vertex 41.3 44.4788 1.8
      vertex 40 34.9526 1.8
      vertex 44.45 42.6602 1.8
    endloop
  endfacet
  facet normal 0 -0 1
    outer loop
      vertex 40 34.9526 1.8
      vertex 41.3 44.4788 1.8
      vertex 36.85 36.7712 1.8
    endloop
  endfacet
  facet normal 0 0 1
    outer loop
      vertex 41.3 25.4263 1.8
      vertex 40 15.9 1.8
      vertex 44.45 23.6076 1.8
    endloop
  endfacet
  facet normal 0 -0 1
    outer loop
      vertex 40 15.9 1.8
      vertex 41.3 25.4263 1.8
      vertex 36.85 17.7187 1.8
    endloop
  endfacet
  facet normal 0 0 1
    outer loop
      vertex 5.75 16.1029 1.8
      vertex 0 16 1.8
      vertex 5.95863 16 1.8
    endloop
  endfacet
  facet normal 0 0 1
    outer loop
      vertex 5.26057 16.4299 1.8
      vertex 0 16 1.8
      vertex 5.75 16.1029 1.8
    endloop
  endfacet
  facet normal 0 0 1
    outer loop
      vertex 4.81802 16.818 1.8
      vertex 0 16 1.8
      vertex 5.26057 16.4299 1.8
    endloop
  endfacet
  facet normal 0 0 1
    outer loop
      vertex 4.42991 17.2606 1.8
      vertex 0 16 1.8
      vertex 4.81802 16.818 1.8
    endloop
  endfacet
  facet normal 0 0 1
    outer loop
      vertex 4.10289 17.75 1.8
      vertex 0 16 1.8
      vertex 4.42991 17.2606 1.8
    endloop
  endfacet
  facet normal 0 0 1
    outer loop
      vertex 3.84254 18.2779 1.8
      vertex 0 16 1.8
      vertex 4.10289 17.75 1.8
    endloop
  endfacet
  facet normal 0 0 1
    outer loop
      vertex 3.65333 18.8353 1.8
      vertex 0 16 1.8
      vertex 3.84254 18.2779 1.8
    endloop
  endfacet
  facet normal 0 0 1
    outer loop
      vertex 3.5385 19.4126 1.8
      vertex 0 16 1.8
      vertex 3.65333 18.8353 1.8
    endloop
  endfacet
  facet normal 0 0 1
    outer loop
      vertex 3.5 20 1.8
      vertex 0 16 1.8
      vertex 3.5385 19.4126 1.8
    endloop
  endfacet
  facet normal 0 0 1
    outer loop
      vertex 3.5385 20.5874 1.8
      vertex 0 16 1.8
      vertex 3.5 20 1.8
    endloop
  endfacet
  facet normal 0 0 1
    outer loop
      vertex 23.5 25.4263 1.8
      vertex 24.8 15.9 1.8
      vertex 27.95 17.7187 1.8
    endloop
  endfacet
  facet normal 0 0 1
    outer loop
      vertex 20.35 23.6076 1.8
      vertex 23.5 25.4263 1.8
      vertex 20.35 27.2449 1.8
    endloop
  endfacet
  facet normal 0 0 1
    outer loop
      vertex 23.5 25.4263 1.8
      vertex 20.35 23.6076 1.8
      vertex 24.8 15.9 1.8
    endloop
  endfacet
  facet normal 0 0 1
    outer loop
      vertex 20.35 27.2449 1.8
      vertex 17.5 25 1.8
      vertex 20.35 23.6076 1.8
    endloop
  endfacet
  facet normal 0 0 1
    outer loop
      vertex 20.35 27.2449 1.8
      vertex 17.4615 25.5874 1.8
      vertex 17.5 25 1.8
    endloop
  endfacet
  facet normal 0 0 1
    outer loop
      vertex 20.35 27.2449 1.8
      vertex 17.3467 26.1647 1.8
      vertex 17.4615 25.5874 1.8
    endloop
  endfacet
  facet normal 0 0 1
    outer loop
      vertex 20.35 27.2449 1.8
      vertex 17.1575 26.7221 1.8
      vertex 17.3467 26.1647 1.8
    endloop
  endfacet
  facet normal 0 -0 1
    outer loop
      vertex 17.1575 26.7221 1.8
      vertex 20.35 27.2449 1.8
      vertex 16.8996 27.2449 1.8
    endloop
  endfacet
  facet normal 0 0 1
    outer loop
      vertex 24.8 130.215 1.8
      vertex 23.5 120.689 1.8
      vertex 27.95 128.397 1.8
    endloop
  endfacet
  facet normal 0 -0 1
    outer loop
      vertex 23.5 120.689 1.8
      vertex 24.8 130.215 1.8
      vertex 20.35 122.508 1.8
    endloop
  endfacet
  facet normal 0 0 1
    outer loop
      vertex 24.8 111.163 1.8
      vertex 23.5 101.637 1.8
      vertex 27.95 109.344 1.8
    endloop
  endfacet
  facet normal 0 -0 1
    outer loop
      vertex 23.5 101.637 1.8
      vertex 24.8 111.163 1.8
      vertex 20.35 103.455 1.8
    endloop
  endfacet
  facet normal 0 0 1
    outer loop
      vertex 24.8 92.1102 1.8
      vertex 23.5 82.584 1.8
      vertex 27.95 90.2916 1.8
    endloop
  endfacet
  facet normal 0 -0 1
    outer loop
      vertex 23.5 82.584 1.8
      vertex 24.8 92.1102 1.8
      vertex 20.35 84.4026 1.8
    endloop
  endfacet
  facet normal 0 0 1
    outer loop
      vertex 24.8 73.0577 1.8
      vertex 23.5 63.5314 1.8
      vertex 27.95 71.239 1.8
    endloop
  endfacet
  facet normal 0 -0 1
    outer loop
      vertex 23.5 63.5314 1.8
      vertex 24.8 73.0577 1.8
      vertex 20.35 65.3501 1.8
    endloop
  endfacet
  facet normal 0 0 1
    outer loop
      vertex 24.8 54.0051 1.8
      vertex 23.5 44.4788 1.8
      vertex 27.95 52.1865 1.8
    endloop
  endfacet
  facet normal 0 -0 1
    outer loop
      vertex 23.5 44.4788 1.8
      vertex 24.8 54.0051 1.8
      vertex 20.35 46.2975 1.8
    endloop
  endfacet
  facet normal 0 0 1
    outer loop
      vertex 24.8 34.9526 1.8
      vertex 23.5 25.4263 1.8
      vertex 27.95 33.1339 1.8
    endloop
  endfacet
  facet normal 0 -0 1
    outer loop
      vertex 23.5 25.4263 1.8
      vertex 24.8 34.9526 1.8
      vertex 20.35 27.2449 1.8
    endloop
  endfacet
  facet normal 0 0 1
    outer loop
      vertex 71.55 30.2 1.8
      vertex 74.4737 32.4 1.8
      vertex 71.55 32.4 1.8
    endloop
  endfacet
  facet normal 0 0 1
    outer loop
      vertex 77.45 27.2449 1.8
      vertex 71.55 30.2 1.8
      vertex 74.3 25.4263 1.8
    endloop
  endfacet
  facet normal 0 0 1
    outer loop
      vertex 74.3 25.4263 1.8
      vertex 71.55 30.2 1.8
      vertex 71.5439 30.2 1.8
    endloop
  endfacet
  facet normal 0 0 1
    outer loop
      vertex 107.474 32.4 1.8
      vertex 103.274 32.4 1.8
      vertex 107.3 25.4263 1.8
    endloop
  endfacet
  facet normal 0 0 1
    outer loop
      vertex 140.474 32.4 1.8
      vertex 136.274 32.4 1.8
      vertex 140.3 25.4263 1.8
    endloop
  endfacet
  facet normal 0 0 1
    outer loop
      vertex 174.744 30.2 1.8
      vertex 170.544 30.2 1.8
      vertex 173.3 25.4263 1.8
    endloop
  endfacet
  facet normal 0 0 1
    outer loop
      vertex 172 130.215 1.8
      vertex 173.3 120.689 1.8
      vertex 176.45 122.508 1.8
    endloop
  endfacet
  facet normal 0 0 1
    outer loop
      vertex 173.3 120.689 1.8
      vertex 172 130.215 1.8
      vertex 168.85 128.397 1.8
    endloop
  endfacet
  facet normal 0 0 1
    outer loop
      vertex 223.953 23.8353 1.8
      vertex 218.35 23.6076 1.8
      vertex 224.143 23.2779 1.8
    endloop
  endfacet
  facet normal 0 0 1
    outer loop
      vertex 224.143 23.2779 1.8
      vertex 218.35 23.6076 1.8
      vertex 222.8 15.9 1.8
    endloop
  endfacet
  facet normal -0 0 1
    outer loop
      vertex 209.45 27.2449 1.8
      vertex 218.35 23.6076 1.8
      vertex 218.35 27.2449 1.8
    endloop
  endfacet
  facet normal 0 0 1
    outer loop
      vertex 209.45 27.2449 1.8
      vertex 209.45 23.6076 1.8
      vertex 218.35 23.6076 1.8
    endloop
  endfacet
  facet normal 0 0 1
    outer loop
      vertex 209.45 27.2449 1.8
      vertex 206.3 25.4263 1.8
      vertex 209.45 23.6076 1.8
    endloop
  endfacet
  facet normal 0 0 1
    outer loop
      vertex 205 34.9526 1.8
      vertex 206.3 25.4263 1.8
      vertex 209.45 27.2449 1.8
    endloop
  endfacet
  facet normal 0 0 1
    outer loop
      vertex 201.85 33.1339 1.8
      vertex 205 34.9526 1.8
      vertex 201.85 36.7712 1.8
    endloop
  endfacet
  facet normal 0 0 1
    outer loop
      vertex 205 34.9526 1.8
      vertex 201.85 33.1339 1.8
      vertex 206.3 25.4263 1.8
    endloop
  endfacet
  facet normal -0 0 1
    outer loop
      vertex 192.95 36.7712 1.8
      vertex 201.85 33.1339 1.8
      vertex 201.85 36.7712 1.8
    endloop
  endfacet
  facet normal 0 0 1
    outer loop
      vertex 192.95 36.7712 1.8
      vertex 192.95 33.1339 1.8
      vertex 201.85 33.1339 1.8
    endloop
  endfacet
  facet normal 0 0 1
    outer loop
      vertex 191.95 32.4 1.8
      vertex 192.95 36.7712 1.8
      vertex 191.95 38.5033 1.8
    endloop
  endfacet
  facet normal 0 0 1
    outer loop
      vertex 192.95 36.7712 1.8
      vertex 191.95 32.4 1.8
      vertex 192.95 33.1339 1.8
    endloop
  endfacet
  facet normal 0 0 1
    outer loop
      vertex 189.75 30.2 1.8
      vertex 191.95 32.4 1.8
      vertex 189.75 32.4 1.8
    endloop
  endfacet
  facet normal 0 0 1
    outer loop
      vertex 188.5 25.4263 1.8
      vertex 191.95 32.4 1.8
      vertex 189.75 30.2 1.8
    endloop
  endfacet
  facet normal -0 0 1
    outer loop
      vertex 191.95 32.4 1.8
      vertex 188.5 25.4263 1.8
      vertex 192.95 33.1339 1.8
    endloop
  endfacet
  facet normal 0 -0 1
    outer loop
      vertex 188.5 25.4263 1.8
      vertex 189.75 30.2 1.8
      vertex 187.056 30.2 1.8
    endloop
  endfacet
  facet normal -0 0 1
    outer loop
      vertex 218.35 46.2975 1.8
      vertex 222.8 34.9526 1.8
      vertex 222.8 54.0051 1.8
    endloop
  endfacet
  facet normal 0 0 1
    outer loop
      vertex 218.35 46.2975 1.8
      vertex 218.35 42.6602 1.8
      vertex 222.8 34.9526 1.8
    endloop
  endfacet
  facet normal -0 0 1
    outer loop
      vertex 209.45 46.2975 1.8
      vertex 218.35 42.6602 1.8
      vertex 218.35 46.2975 1.8
    endloop
  endfacet
  facet normal 0 0 1
    outer loop
      vertex 209.45 46.2975 1.8
      vertex 209.45 42.6602 1.8
      vertex 218.35 42.6602 1.8
    endloop
  endfacet
  facet normal 0 0 1
    outer loop
      vertex 209.45 46.2975 1.8
      vertex 206.3 44.4788 1.8
      vertex 209.45 42.6602 1.8
    endloop
  endfacet
  facet normal 0 0 1
    outer loop
      vertex 205 54.0051 1.8
      vertex 206.3 44.4788 1.8
      vertex 209.45 46.2975 1.8
    endloop
  endfacet
  facet normal 0 0 1
    outer loop
      vertex 201.85 52.1865 1.8
      vertex 205 54.0051 1.8
      vertex 201.85 55.8238 1.8
    endloop
  endfacet
  facet normal 0 0 1
    outer loop
      vertex 205 54.0051 1.8
      vertex 201.85 52.1865 1.8
      vertex 206.3 44.4788 1.8
    endloop
  endfacet
  facet normal -0 0 1
    outer loop
      vertex 192.95 55.8238 1.8
      vertex 201.85 52.1865 1.8
      vertex 201.85 55.8238 1.8
    endloop
  endfacet
  facet normal 0 0 1
    outer loop
      vertex 192.95 55.8238 1.8
      vertex 192.95 52.1865 1.8
      vertex 201.85 52.1865 1.8
    endloop
  endfacet
  facet normal 0 0 1
    outer loop
      vertex 191.95 57.5558 1.8
      vertex 192.95 52.1865 1.8
      vertex 192.95 55.8238 1.8
    endloop
  endfacet
  facet normal 0 0 1
    outer loop
      vertex 192.95 52.1865 1.8
      vertex 191.95 57.5558 1.8
      vertex 191.95 50.4544 1.8
    endloop
  endfacet
  facet normal -0 0 1
    outer loop
      vertex 218.35 65.3501 1.8
      vertex 222.8 54.0051 1.8
      vertex 222.8 73.0577 1.8
    endloop
  endfacet
  facet normal 0 0 1
    outer loop
      vertex 218.35 65.3501 1.8
      vertex 218.35 61.7127 1.8
      vertex 222.8 54.0051 1.8
    endloop
  endfacet
  facet normal -0 0 1
    outer loop
      vertex 209.45 65.3501 1.8
      vertex 218.35 61.7127 1.8
      vertex 218.35 65.3501 1.8
    endloop
  endfacet
  facet normal 0 0 1
    outer loop
      vertex 209.45 65.3501 1.8
      vertex 209.45 61.7127 1.8
      vertex 218.35 61.7127 1.8
    endloop
  endfacet
  facet normal 0 0 1
    outer loop
      vertex 209.45 65.3501 1.8
      vertex 206.3 63.5314 1.8
      vertex 209.45 61.7127 1.8
    endloop
  endfacet
  facet normal 0 0 1
    outer loop
      vertex 205 73.0577 1.8
      vertex 206.3 63.5314 1.8
      vertex 209.45 65.3501 1.8
    endloop
  endfacet
  facet normal 0 0 1
    outer loop
      vertex 201.85 71.239 1.8
      vertex 205 73.0577 1.8
      vertex 201.85 74.8763 1.8
    endloop
  endfacet
  facet normal 0 0 1
    outer loop
      vertex 205 73.0577 1.8
      vertex 201.85 71.239 1.8
      vertex 206.3 63.5314 1.8
    endloop
  endfacet
  facet normal -0 0 1
    outer loop
      vertex 192.95 74.8763 1.8
      vertex 201.85 71.239 1.8
      vertex 201.85 74.8763 1.8
    endloop
  endfacet
  facet normal 0 0 1
    outer loop
      vertex 192.95 74.8763 1.8
      vertex 192.95 71.239 1.8
      vertex 201.85 71.239 1.8
    endloop
  endfacet
  facet normal 0 0 1
    outer loop
      vertex 191.95 76.6084 1.8
      vertex 192.95 71.239 1.8
      vertex 192.95 74.8763 1.8
    endloop
  endfacet
  facet normal 0 0 1
    outer loop
      vertex 192.95 71.239 1.8
      vertex 191.95 76.6084 1.8
      vertex 191.95 69.507 1.8
    endloop
  endfacet
  facet normal -0 0 1
    outer loop
      vertex 218.35 84.4026 1.8
      vertex 222.8 73.0577 1.8
      vertex 222.8 92.1102 1.8
    endloop
  endfacet
  facet normal 0 0 1
    outer loop
      vertex 218.35 84.4026 1.8
      vertex 218.35 80.7653 1.8
      vertex 222.8 73.0577 1.8
    endloop
  endfacet
  facet normal -0 0 1
    outer loop
      vertex 209.45 84.4026 1.8
      vertex 218.35 80.7653 1.8
      vertex 218.35 84.4026 1.8
    endloop
  endfacet
  facet normal 0 0 1
    outer loop
      vertex 209.45 84.4026 1.8
      vertex 209.45 80.7653 1.8
      vertex 218.35 80.7653 1.8
    endloop
  endfacet
  facet normal 0 0 1
    outer loop
      vertex 209.45 84.4026 1.8
      vertex 206.3 82.584 1.8
      vertex 209.45 80.7653 1.8
    endloop
  endfacet
  facet normal 0 0 1
    outer loop
      vertex 205 92.1102 1.8
      vertex 206.3 82.584 1.8
      vertex 209.45 84.4026 1.8
    endloop
  endfacet
  facet normal 0 0 1
    outer loop
      vertex 201.85 90.2916 1.8
      vertex 205 92.1102 1.8
      vertex 201.85 93.9289 1.8
    endloop
  endfacet
  facet normal 0 0 1
    outer loop
      vertex 205 92.1102 1.8
      vertex 201.85 90.2916 1.8
      vertex 206.3 82.584 1.8
    endloop
  endfacet
  facet normal -0 0 1
    outer loop
      vertex 192.95 93.9289 1.8
      vertex 201.85 90.2916 1.8
      vertex 201.85 93.9289 1.8
    endloop
  endfacet
  facet normal 0 0 1
    outer loop
      vertex 192.95 93.9289 1.8
      vertex 192.95 90.2916 1.8
      vertex 201.85 90.2916 1.8
    endloop
  endfacet
  facet normal 0 0 1
    outer loop
      vertex 191.95 95.6609 1.8
      vertex 192.95 90.2916 1.8
      vertex 192.95 93.9289 1.8
    endloop
  endfacet
  facet normal 0 0 1
    outer loop
      vertex 192.95 90.2916 1.8
      vertex 191.95 95.6609 1.8
      vertex 191.95 88.5595 1.8
    endloop
  endfacet
  facet normal -0 0 1
    outer loop
      vertex 218.35 103.455 1.8
      vertex 222.8 92.1102 1.8
      vertex 222.8 111.163 1.8
    endloop
  endfacet
  facet normal 0 0 1
    outer loop
      vertex 218.35 103.455 1.8
      vertex 218.35 99.8179 1.8
      vertex 222.8 92.1102 1.8
    endloop
  endfacet
  facet normal -0 0 1
    outer loop
      vertex 209.45 103.455 1.8
      vertex 218.35 99.8179 1.8
      vertex 218.35 103.455 1.8
    endloop
  endfacet
  facet normal 0 0 1
    outer loop
      vertex 209.45 103.455 1.8
      vertex 209.45 99.8179 1.8
      vertex 218.35 99.8179 1.8
    endloop
  endfacet
  facet normal 0 0 1
    outer loop
      vertex 209.45 103.455 1.8
      vertex 206.3 101.637 1.8
      vertex 209.45 99.8179 1.8
    endloop
  endfacet
  facet normal 0 0 1
    outer loop
      vertex 205 111.163 1.8
      vertex 206.3 101.637 1.8
      vertex 209.45 103.455 1.8
    endloop
  endfacet
  facet normal 0 0 1
    outer loop
      vertex 201.85 109.344 1.8
      vertex 205 111.163 1.8
      vertex 201.85 112.981 1.8
    endloop
  endfacet
  facet normal 0 0 1
    outer loop
      vertex 205 111.163 1.8
      vertex 201.85 109.344 1.8
      vertex 206.3 101.637 1.8
    endloop
  endfacet
  facet normal -0 0 1
    outer loop
      vertex 192.95 112.981 1.8
      vertex 201.85 109.344 1.8
      vertex 201.85 112.981 1.8
    endloop
  endfacet
  facet normal 0 0 1
    outer loop
      vertex 192.95 112.981 1.8
      vertex 192.95 109.344 1.8
      vertex 201.85 109.344 1.8
    endloop
  endfacet
  facet normal 0 0 1
    outer loop
      vertex 191.95 114.714 1.8
      vertex 192.95 109.344 1.8
      vertex 192.95 112.981 1.8
    endloop
  endfacet
  facet normal 0 0 1
    outer loop
      vertex 192.95 109.344 1.8
      vertex 191.95 114.714 1.8
      vertex 191.95 107.612 1.8
    endloop
  endfacet
  facet normal -0 0 1
    outer loop
      vertex 218.35 122.508 1.8
      vertex 222.8 111.163 1.8
      vertex 222.8 130.215 1.8
    endloop
  endfacet
  facet normal 0 0 1
    outer loop
      vertex 218.35 122.508 1.8
      vertex 218.35 118.87 1.8
      vertex 222.8 111.163 1.8
    endloop
  endfacet
  facet normal -0 0 1
    outer loop
      vertex 209.45 122.508 1.8
      vertex 218.35 118.87 1.8
      vertex 218.35 122.508 1.8
    endloop
  endfacet
  facet normal 0 0 1
    outer loop
      vertex 209.45 122.508 1.8
      vertex 209.45 118.87 1.8
      vertex 218.35 118.87 1.8
    endloop
  endfacet
  facet normal 0 0 1
    outer loop
      vertex 209.45 122.508 1.8
      vertex 206.3 120.689 1.8
      vertex 209.45 118.87 1.8
    endloop
  endfacet
  facet normal 0 0 1
    outer loop
      vertex 205 130.215 1.8
      vertex 206.3 120.689 1.8
      vertex 209.45 122.508 1.8
    endloop
  endfacet
  facet normal 0 0 1
    outer loop
      vertex 206.3 120.689 1.8
      vertex 205 130.215 1.8
      vertex 201.85 128.397 1.8
    endloop
  endfacet
  facet normal -0 0 1
    outer loop
      vertex 218.35 137.923 1.8
      vertex 225.3 134 1.8
      vertex 225.3 150 1.8
    endloop
  endfacet
  facet normal 0 0 1
    outer loop
      vertex 225.3 134 1.8
      vertex 222.8 73.0577 1.8
      vertex 225.118 28.182 1.8
    endloop
  endfacet
  facet normal -0 0 1
    outer loop
      vertex 222.8 54.0051 1.8
      vertex 225.118 28.182 1.8
      vertex 222.8 73.0577 1.8
    endloop
  endfacet
  facet normal -0 0 1
    outer loop
      vertex 222.8 34.9526 1.8
      vertex 225.118 28.182 1.8
      vertex 222.8 54.0051 1.8
    endloop
  endfacet
  facet normal 0 0 1
    outer loop
      vertex 225.118 28.182 1.8
      vertex 222.8 34.9526 1.8
      vertex 224.73 27.7394 1.8
    endloop
  endfacet
  facet normal 0 0 1
    outer loop
      vertex 218.35 27.2449 1.8
      vertex 224.73 27.7394 1.8
      vertex 222.8 34.9526 1.8
    endloop
  endfacet
  facet normal 0 0 1
    outer loop
      vertex 224.73 27.7394 1.8
      vertex 218.35 27.2449 1.8
      vertex 224.403 27.25 1.8
    endloop
  endfacet
  facet normal 0 0 1
    outer loop
      vertex 225.3 134 1.8
      vertex 222.8 130.215 1.8
      vertex 222.8 111.163 1.8
    endloop
  endfacet
  facet normal 0 0 1
    outer loop
      vertex 225.3 134 1.8
      vertex 218.35 137.923 1.8
      vertex 222.8 130.215 1.8
    endloop
  endfacet
  facet normal 0 0 1
    outer loop
      vertex 225.3 150 1.8
      vertex 209.45 137.923 1.8
      vertex 218.35 137.923 1.8
    endloop
  endfacet
  facet normal 0 0 1
    outer loop
      vertex 209.45 137.923 1.8
      vertex 201.85 128.397 1.8
      vertex 205 130.215 1.8
    endloop
  endfacet
  facet normal 0 0 1
    outer loop
      vertex 209.45 137.923 1.8
      vertex 192.95 128.397 1.8
      vertex 201.85 128.397 1.8
    endloop
  endfacet
  facet normal 0 0 1
    outer loop
      vertex 185.35 137.923 1.8
      vertex 209.45 137.923 1.8
      vertex 225.3 150 1.8
    endloop
  endfacet
  facet normal 0 0 1
    outer loop
      vertex 209.45 137.923 1.8
      vertex 185.35 137.923 1.8
      vertex 192.95 128.397 1.8
    endloop
  endfacet
  facet normal 0 0 1
    outer loop
      vertex 192.95 128.397 1.8
      vertex 185.35 137.923 1.8
      vertex 189.8 130.215 1.8
    endloop
  endfacet
  facet normal -0 0 1
    outer loop
      vertex 142.65 150 1.8
      vertex 185.35 137.923 1.8
      vertex 225.3 150 1.8
    endloop
  endfacet
  facet normal 0 0 1
    outer loop
      vertex 176.45 137.923 1.8
      vertex 168.85 128.397 1.8
      vertex 172 130.215 1.8
    endloop
  endfacet
  facet normal 0 0 1
    outer loop
      vertex 176.45 137.923 1.8
      vertex 159.95 128.397 1.8
      vertex 168.85 128.397 1.8
    endloop
  endfacet
  facet normal 0 0 1
    outer loop
      vertex 176.45 137.923 1.8
      vertex 156.8 130.215 1.8
      vertex 159.95 128.397 1.8
    endloop
  endfacet
  facet normal 0 0 1
    outer loop
      vertex 176.45 137.923 1.8
      vertex 152.35 137.923 1.8
      vertex 156.8 130.215 1.8
    endloop
  endfacet
  facet normal 0 0 1
    outer loop
      vertex 185.35 137.923 1.8
      vertex 142.65 150 1.8
      vertex 176.45 137.923 1.8
    endloop
  endfacet
  facet normal 0 0 1
    outer loop
      vertex 176.45 137.923 1.8
      vertex 142.65 150 1.8
      vertex 152.35 137.923 1.8
    endloop
  endfacet
  facet normal 0 0 1
    outer loop
      vertex 152.35 137.923 1.8
      vertex 142.65 150 1.8
      vertex 143.45 137.923 1.8
    endloop
  endfacet
  facet normal 0 0 1
    outer loop
      vertex 143.45 137.923 1.8
      vertex 142.65 150 1.8
      vertex 142.65 136.537 1.8
    endloop
  endfacet
  facet normal -0 0 1
    outer loop
      vertex 237.197 22.25 1.8
      vertex 241.3 16 1.8
      vertex 241.3 134 1.8
    endloop
  endfacet
  facet normal 0 0 1
    outer loop
      vertex 241.3 16 1.8
      vertex 237.762 20.5874 1.8
      vertex 237.8 20 1.8
    endloop
  endfacet
  facet normal 0 0 1
    outer loop
      vertex 241.3 16 1.8
      vertex 237.647 21.1647 1.8
      vertex 237.762 20.5874 1.8
    endloop
  endfacet
  facet normal 0 0 1
    outer loop
      vertex 241.3 16 1.8
      vertex 237.457 21.7221 1.8
      vertex 237.647 21.1647 1.8
    endloop
  endfacet
  facet normal 0 0 1
    outer loop
      vertex 241.3 16 1.8
      vertex 237.197 22.25 1.8
      vertex 237.457 21.7221 1.8
    endloop
  endfacet
  facet normal 0 0 1
    outer loop
      vertex 241.3 134 1.8
      vertex 236.87 22.7394 1.8
      vertex 237.197 22.25 1.8
    endloop
  endfacet
  facet normal 0 0 1
    outer loop
      vertex 241.3 134 1.8
      vertex 236.482 23.182 1.8
      vertex 236.87 22.7394 1.8
    endloop
  endfacet
  facet normal 0 0 1
    outer loop
      vertex 241.3 134 1.8
      vertex 231.482 28.182 1.8
      vertex 236.482 23.182 1.8
    endloop
  endfacet
  facet normal 0 0 1
    outer loop
      vertex 241.3 134 1.8
      vertex 231.039 28.5701 1.8
      vertex 231.482 28.182 1.8
    endloop
  endfacet
  facet normal 0 0 1
    outer loop
      vertex 241.3 134 1.8
      vertex 230.55 28.8971 1.8
      vertex 231.039 28.5701 1.8
    endloop
  endfacet
  facet normal 0 0 1
    outer loop
      vertex 241.3 134 1.8
      vertex 230.022 29.1575 1.8
      vertex 230.55 28.8971 1.8
    endloop
  endfacet
  facet normal 0 0 1
    outer loop
      vertex 241.3 134 1.8
      vertex 229.465 29.3467 1.8
      vertex 230.022 29.1575 1.8
    endloop
  endfacet
  facet normal 0 0 1
    outer loop
      vertex 241.3 134 1.8
      vertex 228.887 29.4615 1.8
      vertex 229.465 29.3467 1.8
    endloop
  endfacet
  facet normal -0 0 1
    outer loop
      vertex 225.3 134 1.8
      vertex 228.887 29.4615 1.8
      vertex 241.3 134 1.8
    endloop
  endfacet
  facet normal 0 0 1
    outer loop
      vertex 228.887 29.4615 1.8
      vertex 225.3 134 1.8
      vertex 228.3 29.5 1.8
    endloop
  endfacet
  facet normal 0 0 1
    outer loop
      vertex 228.3 29.5 1.8
      vertex 225.3 134 1.8
      vertex 227.713 29.4615 1.8
    endloop
  endfacet
  facet normal 0 0 1
    outer loop
      vertex 227.713 29.4615 1.8
      vertex 225.3 134 1.8
      vertex 227.135 29.3467 1.8
    endloop
  endfacet
  facet normal 0 0 1
    outer loop
      vertex 227.135 29.3467 1.8
      vertex 225.3 134 1.8
      vertex 226.578 29.1575 1.8
    endloop
  endfacet
  facet normal 0 0 1
    outer loop
      vertex 226.578 29.1575 1.8
      vertex 225.3 134 1.8
      vertex 226.05 28.8971 1.8
    endloop
  endfacet
  facet normal 0 0 1
    outer loop
      vertex 226.05 28.8971 1.8
      vertex 225.3 134 1.8
      vertex 225.561 28.5701 1.8
    endloop
  endfacet
  facet normal 0 0 1
    outer loop
      vertex 225.561 28.5701 1.8
      vertex 225.3 134 1.8
      vertex 225.118 28.182 1.8
    endloop
  endfacet
  facet normal -0 0 1
    outer loop
      vertex 237.762 19.4126 1.8
      vertex 241.3 16 1.8
      vertex 237.8 20 1.8
    endloop
  endfacet
  facet normal -0 0 1
    outer loop
      vertex 237.647 18.8353 1.8
      vertex 241.3 16 1.8
      vertex 237.762 19.4126 1.8
    endloop
  endfacet
  facet normal -0 0 1
    outer loop
      vertex 237.457 18.2779 1.8
      vertex 241.3 16 1.8
      vertex 237.647 18.8353 1.8
    endloop
  endfacet
  facet normal -0 0 1
    outer loop
      vertex 237.197 17.75 1.8
      vertex 241.3 16 1.8
      vertex 237.457 18.2779 1.8
    endloop
  endfacet
  facet normal -0 0 1
    outer loop
      vertex 236.87 17.2606 1.8
      vertex 241.3 16 1.8
      vertex 237.197 17.75 1.8
    endloop
  endfacet
  facet normal -0 0 1
    outer loop
      vertex 236.482 16.818 1.8
      vertex 241.3 16 1.8
      vertex 236.87 17.2606 1.8
    endloop
  endfacet
  facet normal -0 0 1
    outer loop
      vertex 236.039 16.4299 1.8
      vertex 241.3 16 1.8
      vertex 236.482 16.818 1.8
    endloop
  endfacet
  facet normal -0 0 1
    outer loop
      vertex 235.55 16.1029 1.8
      vertex 241.3 16 1.8
      vertex 236.039 16.4299 1.8
    endloop
  endfacet
  facet normal 0 0 1
    outer loop
      vertex 241.3 16 1.8
      vertex 235.55 16.1029 1.8
      vertex 235.341 16 1.8
    endloop
  endfacet
  facet normal 0 0 1
    outer loop
      vertex 231.05 16.1029 1.8
      vertex 225.3 16 1.8
      vertex 231.259 16 1.8
    endloop
  endfacet
  facet normal 0 0 1
    outer loop
      vertex 230.561 16.4299 1.8
      vertex 225.3 16 1.8
      vertex 231.05 16.1029 1.8
    endloop
  endfacet
  facet normal 0 0 1
    outer loop
      vertex 230.118 16.818 1.8
      vertex 225.3 16 1.8
      vertex 230.561 16.4299 1.8
    endloop
  endfacet
  facet normal 0 0 1
    outer loop
      vertex 225.118 21.818 1.8
      vertex 225.3 16 1.8
      vertex 230.118 16.818 1.8
    endloop
  endfacet
  facet normal 0 0 1
    outer loop
      vertex 222.8 15.9 1.8
      vertex 225.3 16 1.8
      vertex 225.118 21.818 1.8
    endloop
  endfacet
  facet normal 0 0 1
    outer loop
      vertex 222.8 15.9 1.8
      vertex 225.118 21.818 1.8
      vertex 224.73 22.2606 1.8
    endloop
  endfacet
  facet normal 0 0 1
    outer loop
      vertex 222.8 15.9 1.8
      vertex 224.73 22.2606 1.8
      vertex 224.403 22.75 1.8
    endloop
  endfacet
  facet normal 0 0 1
    outer loop
      vertex 222.8 15.9 1.8
      vertex 224.403 22.75 1.8
      vertex 224.143 23.2779 1.8
    endloop
  endfacet
  facet normal 0 0 1
    outer loop
      vertex 223.839 24.4126 1.8
      vertex 218.35 23.6076 1.8
      vertex 223.953 23.8353 1.8
    endloop
  endfacet
  facet normal 0 0 1
    outer loop
      vertex 223.8 25 1.8
      vertex 218.35 23.6076 1.8
      vertex 223.839 24.4126 1.8
    endloop
  endfacet
  facet normal 0 0 1
    outer loop
      vertex 218.35 23.6076 1.8
      vertex 223.8 25 1.8
      vertex 218.35 27.2449 1.8
    endloop
  endfacet
  facet normal 0 0 1
    outer loop
      vertex 225.3 134 1.8
      vertex 222.8 111.163 1.8
      vertex 222.8 92.1102 1.8
    endloop
  endfacet
  facet normal 0 0 1
    outer loop
      vertex 225.3 134 1.8
      vertex 222.8 92.1102 1.8
      vertex 222.8 73.0577 1.8
    endloop
  endfacet
  facet normal 0 0 1
    outer loop
      vertex 224.403 27.25 1.8
      vertex 218.35 27.2449 1.8
      vertex 224.143 26.7221 1.8
    endloop
  endfacet
  facet normal 0 0 1
    outer loop
      vertex 224.143 26.7221 1.8
      vertex 218.35 27.2449 1.8
      vertex 223.953 26.1647 1.8
    endloop
  endfacet
  facet normal 0 0 1
    outer loop
      vertex 223.953 26.1647 1.8
      vertex 218.35 27.2449 1.8
      vertex 223.839 25.5874 1.8
    endloop
  endfacet
  facet normal 0 0 1
    outer loop
      vertex 223.839 25.5874 1.8
      vertex 218.35 27.2449 1.8
      vertex 223.8 25 1.8
    endloop
  endfacet
  facet normal 0 0 1
    outer loop
      vertex 218.35 8.19237 1.8
      vertex 225.3 16 1.8
      vertex 222.8 15.9 1.8
    endloop
  endfacet
  facet normal 0 0 1
    outer loop
      vertex 225.3 16 1.8
      vertex 218.35 8.19237 1.8
      vertex 225.3 0 1.8
    endloop
  endfacet
  facet normal -0 0 1
    outer loop
      vertex 209.45 8.19237 1.8
      vertex 225.3 0 1.8
      vertex 218.35 8.19237 1.8
    endloop
  endfacet
  facet normal 0 0 1
    outer loop
      vertex 201.85 17.7187 1.8
      vertex 209.45 8.19237 1.8
      vertex 205 15.9 1.8
    endloop
  endfacet
  facet normal -0 0 1
    outer loop
      vertex 192.95 17.7187 1.8
      vertex 209.45 8.19237 1.8
      vertex 201.85 17.7187 1.8
    endloop
  endfacet
  facet normal -0 0 1
    outer loop
      vertex 189.8 15.9 1.8
      vertex 209.45 8.19237 1.8
      vertex 192.95 17.7187 1.8
    endloop
  endfacet
  facet normal 0 0 1
    outer loop
      vertex 185.35 8.19237 1.8
      vertex 209.45 8.19237 1.8
      vertex 189.8 15.9 1.8
    endloop
  endfacet
  facet normal 0 0 1
    outer loop
      vertex 209.45 8.19237 1.8
      vertex 185.35 8.19237 1.8
      vertex 225.3 0 1.8
    endloop
  endfacet
  facet normal -0 0 1
    outer loop
      vertex 176.45 8.19237 1.8
      vertex 225.3 0 1.8
      vertex 185.35 8.19237 1.8
    endloop
  endfacet
  facet normal 0 0 1
    outer loop
      vertex 168.85 17.7187 1.8
      vertex 176.45 8.19237 1.8
      vertex 172 15.9 1.8
    endloop
  endfacet
  facet normal -0 0 1
    outer loop
      vertex 159.95 17.7187 1.8
      vertex 176.45 8.19237 1.8
      vertex 168.85 17.7187 1.8
    endloop
  endfacet
  facet normal -0 0 1
    outer loop
      vertex 156.8 15.9 1.8
      vertex 176.45 8.19237 1.8
      vertex 159.95 17.7187 1.8
    endloop
  endfacet
  facet normal 0 0 1
    outer loop
      vertex 152.35 8.19237 1.8
      vertex 176.45 8.19237 1.8
      vertex 156.8 15.9 1.8
    endloop
  endfacet
  facet normal -0 0 1
    outer loop
      vertex 152.35 8.19237 1.8
      vertex 225.3 0 1.8
      vertex 176.45 8.19237 1.8
    endloop
  endfacet
  facet normal -0 0 1
    outer loop
      vertex 143.45 8.19237 1.8
      vertex 225.3 0 1.8
      vertex 152.35 8.19237 1.8
    endloop
  endfacet
  facet normal 0 0 1
    outer loop
      vertex 135.85 17.7187 1.8
      vertex 143.45 8.19237 1.8
      vertex 139 15.9 1.8
    endloop
  endfacet
  facet normal -0 0 1
    outer loop
      vertex 126.95 17.7187 1.8
      vertex 143.45 8.19237 1.8
      vertex 135.85 17.7187 1.8
    endloop
  endfacet
  facet normal -0 0 1
    outer loop
      vertex 123.8 15.9 1.8
      vertex 143.45 8.19237 1.8
      vertex 126.95 17.7187 1.8
    endloop
  endfacet
  facet normal 0 0 1
    outer loop
      vertex 119.35 8.19237 1.8
      vertex 143.45 8.19237 1.8
      vertex 123.8 15.9 1.8
    endloop
  endfacet
  facet normal -0 0 1
    outer loop
      vertex 119.35 8.19237 1.8
      vertex 225.3 0 1.8
      vertex 143.45 8.19237 1.8
    endloop
  endfacet
  facet normal -0 0 1
    outer loop
      vertex 110.45 8.19237 1.8
      vertex 225.3 0 1.8
      vertex 119.35 8.19237 1.8
    endloop
  endfacet
  facet normal 0 0 1
    outer loop
      vertex 102.85 17.7187 1.8
      vertex 110.45 8.19237 1.8
      vertex 106 15.9 1.8
    endloop
  endfacet
  facet normal -0 0 1
    outer loop
      vertex 93.95 17.7187 1.8
      vertex 110.45 8.19237 1.8
      vertex 102.85 17.7187 1.8
    endloop
  endfacet
  facet normal -0 0 1
    outer loop
      vertex 90.8 15.9 1.8
      vertex 110.45 8.19237 1.8
      vertex 93.95 17.7187 1.8
    endloop
  endfacet
  facet normal 0 0 1
    outer loop
      vertex 86.35 8.19237 1.8
      vertex 110.45 8.19237 1.8
      vertex 90.8 15.9 1.8
    endloop
  endfacet
  facet normal 0 0 1
    outer loop
      vertex 16 0 1.8
      vertex 110.45 8.19237 1.8
      vertex 86.35 8.19237 1.8
    endloop
  endfacet
  facet normal 0 0 1
    outer loop
      vertex 16 0 1.8
      vertex 86.35 8.19237 1.8
      vertex 77.45 8.19237 1.8
    endloop
  endfacet
  facet normal 0 0 1
    outer loop
      vertex 69.85 17.7187 1.8
      vertex 77.45 8.19237 1.8
      vertex 73 15.9 1.8
    endloop
  endfacet
  facet normal -0 0 1
    outer loop
      vertex 60.95 17.7187 1.8
      vertex 77.45 8.19237 1.8
      vertex 69.85 17.7187 1.8
    endloop
  endfacet
  facet normal -0 0 1
    outer loop
      vertex 57.8 15.9 1.8
      vertex 77.45 8.19237 1.8
      vertex 60.95 17.7187 1.8
    endloop
  endfacet
  facet normal 0 0 1
    outer loop
      vertex 53.35 8.19237 1.8
      vertex 77.45 8.19237 1.8
      vertex 57.8 15.9 1.8
    endloop
  endfacet
  facet normal 0 0 1
    outer loop
      vertex 16 0 1.8
      vertex 77.45 8.19237 1.8
      vertex 53.35 8.19237 1.8
    endloop
  endfacet
  facet normal 0 0 1
    outer loop
      vertex 16 0 1.8
      vertex 53.35 8.19237 1.8
      vertex 44.45 8.19237 1.8
    endloop
  endfacet
  facet normal 0 0 1
    outer loop
      vertex 36.85 17.7187 1.8
      vertex 44.45 8.19237 1.8
      vertex 40 15.9 1.8
    endloop
  endfacet
  facet normal -0 0 1
    outer loop
      vertex 27.95 17.7187 1.8
      vertex 44.45 8.19237 1.8
      vertex 36.85 17.7187 1.8
    endloop
  endfacet
  facet normal -0 0 1
    outer loop
      vertex 24.8 15.9 1.8
      vertex 44.45 8.19237 1.8
      vertex 27.95 17.7187 1.8
    endloop
  endfacet
  facet normal 0 0 1
    outer loop
      vertex 20.35 8.19237 1.8
      vertex 44.45 8.19237 1.8
      vertex 24.8 15.9 1.8
    endloop
  endfacet
  facet normal 0 0 1
    outer loop
      vertex 16 0 1.8
      vertex 44.45 8.19237 1.8
      vertex 20.35 8.19237 1.8
    endloop
  endfacet
  facet normal 0 0 1
    outer loop
      vertex 16 0 1.8
      vertex 20.35 8.19237 1.8
      vertex 16 8.19237 1.8
    endloop
  endfacet
  facet normal 0 0 1
    outer loop
      vertex 110.45 8.19237 1.8
      vertex 16 0 1.8
      vertex 225.3 0 1.8
    endloop
  endfacet
  facet normal 0 0 1
    outer loop
      vertex 206.3 120.689 1.8
      vertex 205 111.163 1.8
      vertex 209.45 118.87 1.8
    endloop
  endfacet
  facet normal 0 -0 1
    outer loop
      vertex 205 111.163 1.8
      vertex 206.3 120.689 1.8
      vertex 201.85 112.981 1.8
    endloop
  endfacet
  facet normal 0 0 1
    outer loop
      vertex 206.3 101.637 1.8
      vertex 205 92.1102 1.8
      vertex 209.45 99.8179 1.8
    endloop
  endfacet
  facet normal 0 -0 1
    outer loop
      vertex 205 92.1102 1.8
      vertex 206.3 101.637 1.8
      vertex 201.85 93.9289 1.8
    endloop
  endfacet
  facet normal 0 0 1
    outer loop
      vertex 206.3 82.584 1.8
      vertex 205 73.0577 1.8
      vertex 209.45 80.7653 1.8
    endloop
  endfacet
  facet normal 0 -0 1
    outer loop
      vertex 205 73.0577 1.8
      vertex 206.3 82.584 1.8
      vertex 201.85 74.8763 1.8
    endloop
  endfacet
  facet normal 0 0 1
    outer loop
      vertex 206.3 63.5314 1.8
      vertex 205 54.0051 1.8
      vertex 209.45 61.7127 1.8
    endloop
  endfacet
  facet normal 0 -0 1
    outer loop
      vertex 205 54.0051 1.8
      vertex 206.3 63.5314 1.8
      vertex 201.85 55.8238 1.8
    endloop
  endfacet
  facet normal 0 0 1
    outer loop
      vertex 206.3 44.4788 1.8
      vertex 205 34.9526 1.8
      vertex 209.45 42.6602 1.8
    endloop
  endfacet
  facet normal 0 -0 1
    outer loop
      vertex 205 34.9526 1.8
      vertex 206.3 44.4788 1.8
      vertex 201.85 36.7712 1.8
    endloop
  endfacet
  facet normal 0 0 1
    outer loop
      vertex 206.3 25.4263 1.8
      vertex 205 15.9 1.8
      vertex 209.45 23.6076 1.8
    endloop
  endfacet
  facet normal 0 -0 1
    outer loop
      vertex 205 15.9 1.8
      vertex 206.3 25.4263 1.8
      vertex 201.85 17.7187 1.8
    endloop
  endfacet
  facet normal 0 0 1
    outer loop
      vertex 53.35 103.455 1.8
      vertex 59.55 106.919 1.8
      vertex 57.8 111.163 1.8
    endloop
  endfacet
  facet normal 0 0 1
    outer loop
      vertex 59.55 106.919 1.8
      vertex 53.35 103.455 1.8
      vertex 56.5 101.637 1.8
    endloop
  endfacet
  facet normal 0 0 1
    outer loop
      vertex 74.869 114.4 1.8
      vertex 70.669 114.4 1.8
      vertex 73 111.163 1.8
    endloop
  endfacet
  facet normal -0 0 1
    outer loop
      vertex 69.85 112.981 1.8
      vertex 73 111.163 1.8
      vertex 70.669 114.4 1.8
    endloop
  endfacet
  facet normal 0 0 1
    outer loop
      vertex 73 111.163 1.8
      vertex 69.85 112.981 1.8
      vertex 73.9023 109.6 1.8
    endloop
  endfacet
  facet normal 0 0 1
    outer loop
      vertex 59.55 109.6 1.8
      vertex 69.85 112.981 1.8
      vertex 60.95 112.981 1.8
    endloop
  endfacet
  facet normal 0 0 1
    outer loop
      vertex 69.85 112.981 1.8
      vertex 59.55 109.6 1.8
      vertex 73.9023 109.6 1.8
    endloop
  endfacet
  facet normal 0 0 1
    outer loop
      vertex 57.8 111.163 1.8
      vertex 60.95 112.981 1.8
      vertex 60.131 114.4 1.8
    endloop
  endfacet
  facet normal 0 0 1
    outer loop
      vertex 59.55 109.6 1.8
      vertex 57.8 111.163 1.8
      vertex 59.55 106.919 1.8
    endloop
  endfacet
  facet normal 0 0 1
    outer loop
      vertex 60.95 112.981 1.8
      vertex 57.8 111.163 1.8
      vertex 59.55 109.6 1.8
    endloop
  endfacet
  facet normal 0 -0 1
    outer loop
      vertex 57.8 111.163 1.8
      vertex 60.131 114.4 1.8
      vertex 55.931 114.4 1.8
    endloop
  endfacet
  facet normal 0 0 1
    outer loop
      vertex 59.55 96.3538 1.8
      vertex 57.8 92.1102 1.8
      vertex 59.55 87.8667 1.8
    endloop
  endfacet
  facet normal -0 0 1
    outer loop
      vertex 53.35 99.8179 1.8
      vertex 59.55 96.3538 1.8
      vertex 56.5 101.637 1.8
    endloop
  endfacet
  facet normal 0 0 1
    outer loop
      vertex 53.35 99.8179 1.8
      vertex 56.5 101.637 1.8
      vertex 53.35 103.455 1.8
    endloop
  endfacet
  facet normal 0 0 1
    outer loop
      vertex 59.55 96.3538 1.8
      vertex 53.35 99.8179 1.8
      vertex 57.8 92.1102 1.8
    endloop
  endfacet
  facet normal -0 0 1
    outer loop
      vertex 51.55 103.455 1.8
      vertex 53.35 99.8179 1.8
      vertex 53.35 103.455 1.8
    endloop
  endfacet
  facet normal 0 0 1
    outer loop
      vertex 53.35 99.8179 1.8
      vertex 51.55 103.455 1.8
      vertex 51.55 99.8179 1.8
    endloop
  endfacet
  facet normal 0 0 1
    outer loop
      vertex 53.35 84.4026 1.8
      vertex 59.55 87.8667 1.8
      vertex 57.8 92.1102 1.8
    endloop
  endfacet
  facet normal 0 0 1
    outer loop
      vertex 59.55 87.8667 1.8
      vertex 53.35 84.4026 1.8
      vertex 56.5 82.584 1.8
    endloop
  endfacet
  facet normal 0 0 1
    outer loop
      vertex 59.55 77.3012 1.8
      vertex 57.8 73.0577 1.8
      vertex 59.55 68.8141 1.8
    endloop
  endfacet
  facet normal -0 0 1
    outer loop
      vertex 53.35 80.7653 1.8
      vertex 59.55 77.3012 1.8
      vertex 56.5 82.584 1.8
    endloop
  endfacet
  facet normal 0 0 1
    outer loop
      vertex 53.35 80.7653 1.8
      vertex 56.5 82.584 1.8
      vertex 53.35 84.4026 1.8
    endloop
  endfacet
  facet normal 0 0 1
    outer loop
      vertex 59.55 77.3012 1.8
      vertex 53.35 80.7653 1.8
      vertex 57.8 73.0577 1.8
    endloop
  endfacet
  facet normal -0 0 1
    outer loop
      vertex 51.55 84.4026 1.8
      vertex 53.35 80.7653 1.8
      vertex 53.35 84.4026 1.8
    endloop
  endfacet
  facet normal 0 0 1
    outer loop
      vertex 53.35 80.7653 1.8
      vertex 51.55 84.4026 1.8
      vertex 51.55 80.7653 1.8
    endloop
  endfacet
  facet normal 0 0 1
    outer loop
      vertex 53.35 65.3501 1.8
      vertex 59.55 68.8141 1.8
      vertex 57.8 73.0577 1.8
    endloop
  endfacet
  facet normal 0 0 1
    outer loop
      vertex 59.55 68.8141 1.8
      vertex 53.35 65.3501 1.8
      vertex 56.5 63.5314 1.8
    endloop
  endfacet
  facet normal 0 0 1
    outer loop
      vertex 59.55 58.2486 1.8
      vertex 57.8 54.0051 1.8
      vertex 59.55 49.7616 1.8
    endloop
  endfacet
  facet normal -0 0 1
    outer loop
      vertex 53.35 61.7127 1.8
      vertex 59.55 58.2486 1.8
      vertex 56.5 63.5314 1.8
    endloop
  endfacet
  facet normal 0 0 1
    outer loop
      vertex 53.35 61.7127 1.8
      vertex 56.5 63.5314 1.8
      vertex 53.35 65.3501 1.8
    endloop
  endfacet
  facet normal 0 0 1
    outer loop
      vertex 59.55 58.2486 1.8
      vertex 53.35 61.7127 1.8
      vertex 57.8 54.0051 1.8
    endloop
  endfacet
  facet normal -0 0 1
    outer loop
      vertex 51.55 65.3501 1.8
      vertex 53.35 61.7127 1.8
      vertex 53.35 65.3501 1.8
    endloop
  endfacet
  facet normal 0 0 1
    outer loop
      vertex 53.35 61.7127 1.8
      vertex 51.55 65.3501 1.8
      vertex 51.55 61.7127 1.8
    endloop
  endfacet
  facet normal 0 0 1
    outer loop
      vertex 53.35 46.2975 1.8
      vertex 59.55 49.7616 1.8
      vertex 57.8 54.0051 1.8
    endloop
  endfacet
  facet normal 0 0 1
    outer loop
      vertex 59.55 49.7616 1.8
      vertex 53.35 46.2975 1.8
      vertex 56.5 44.4788 1.8
    endloop
  endfacet
  facet normal -0 0 1
    outer loop
      vertex 71.9451 40.4 1.8
      vertex 73.3738 35.6 1.8
      vertex 76.1451 40.4 1.8
    endloop
  endfacet
  facet normal -0 0 1
    outer loop
      vertex 69.85 36.7712 1.8
      vertex 73.3738 35.6 1.8
      vertex 71.9451 40.4 1.8
    endloop
  endfacet
  facet normal -0 0 1
    outer loop
      vertex 60.95 36.7712 1.8
      vertex 73.3738 35.6 1.8
      vertex 69.85 36.7712 1.8
    endloop
  endfacet
  facet normal 0 0 1
    outer loop
      vertex 60.95 36.7712 1.8
      vertex 57.4262 35.6 1.8
      vertex 73.3738 35.6 1.8
    endloop
  endfacet
  facet normal 0 0 1
    outer loop
      vertex 56.5 44.4788 1.8
      vertex 57.4262 35.6 1.8
      vertex 60.95 36.7712 1.8
    endloop
  endfacet
  facet normal 0 0 1
    outer loop
      vertex 53.35 42.6602 1.8
      vertex 56.5 44.4788 1.8
      vertex 53.35 46.2975 1.8
    endloop
  endfacet
  facet normal 0 0 1
    outer loop
      vertex 56.5 44.4788 1.8
      vertex 53.35 42.6602 1.8
      vertex 57.4262 35.6 1.8
    endloop
  endfacet
  facet normal -0 0 1
    outer loop
      vertex 51.55 46.2975 1.8
      vertex 53.35 42.6602 1.8
      vertex 53.35 46.2975 1.8
    endloop
  endfacet
  facet normal 0 0 1
    outer loop
      vertex 53.35 42.6602 1.8
      vertex 51.55 46.2975 1.8
      vertex 51.55 42.6602 1.8
    endloop
  endfacet
  facet normal 0 0 1
    outer loop
      vertex 93.131 114.4 1.8
      vertex 88.931 114.4 1.8
      vertex 90.8 111.163 1.8
    endloop
  endfacet
  facet normal -0 0 1
    outer loop
      vertex 93.95 112.981 1.8
      vertex 98.65 109.6 1.8
      vertex 98.65 112.981 1.8
    endloop
  endfacet
  facet normal 0 0 1
    outer loop
      vertex 90.8 111.163 1.8
      vertex 93.95 112.981 1.8
      vertex 93.131 114.4 1.8
    endloop
  endfacet
  facet normal -0 0 1
    outer loop
      vertex 90.8 111.163 1.8
      vertex 98.65 109.6 1.8
      vertex 93.95 112.981 1.8
    endloop
  endfacet
  facet normal 0 0 1
    outer loop
      vertex 98.65 109.6 1.8
      vertex 90.8 111.163 1.8
      vertex 89.8977 109.6 1.8
    endloop
  endfacet
  facet normal -0 0 1
    outer loop
      vertex 104.945 40.4 1.8
      vertex 106.374 35.6 1.8
      vertex 109.145 40.4 1.8
    endloop
  endfacet
  facet normal -0 0 1
    outer loop
      vertex 102.85 36.7712 1.8
      vertex 106.374 35.6 1.8
      vertex 104.945 40.4 1.8
    endloop
  endfacet
  facet normal -0 0 1
    outer loop
      vertex 93.95 36.7712 1.8
      vertex 106.374 35.6 1.8
      vertex 102.85 36.7712 1.8
    endloop
  endfacet
  facet normal 0 0 1
    outer loop
      vertex 93.95 36.7712 1.8
      vertex 90.4262 35.6 1.8
      vertex 106.374 35.6 1.8
    endloop
  endfacet
  facet normal 0 0 1
    outer loop
      vertex 91.8549 40.4 1.8
      vertex 90.4262 35.6 1.8
      vertex 93.95 36.7712 1.8
    endloop
  endfacet
  facet normal 0 -0 1
    outer loop
      vertex 90.4262 35.6 1.8
      vertex 91.8549 40.4 1.8
      vertex 87.6549 40.4 1.8
    endloop
  endfacet
  facet normal -0 0 1
    outer loop
      vertex 137.945 40.4 1.8
      vertex 139.374 35.6 1.8
      vertex 142.145 40.4 1.8
    endloop
  endfacet
  facet normal -0 0 1
    outer loop
      vertex 135.85 36.7712 1.8
      vertex 139.374 35.6 1.8
      vertex 137.945 40.4 1.8
    endloop
  endfacet
  facet normal -0 0 1
    outer loop
      vertex 126.95 36.7712 1.8
      vertex 139.374 35.6 1.8
      vertex 135.85 36.7712 1.8
    endloop
  endfacet
  facet normal 0 0 1
    outer loop
      vertex 126.95 36.7712 1.8
      vertex 123.426 35.6 1.8
      vertex 139.374 35.6 1.8
    endloop
  endfacet
  facet normal 0 0 1
    outer loop
      vertex 124.855 40.4 1.8
      vertex 123.426 35.6 1.8
      vertex 126.95 36.7712 1.8
    endloop
  endfacet
  facet normal 0 -0 1
    outer loop
      vertex 123.426 35.6 1.8
      vertex 124.855 40.4 1.8
      vertex 120.655 40.4 1.8
    endloop
  endfacet
  facet normal 0 0 1
    outer loop
      vertex 173.869 114.4 1.8
      vertex 169.669 114.4 1.8
      vertex 172 111.163 1.8
    endloop
  endfacet
  facet normal -0 0 1
    outer loop
      vertex 168.85 112.981 1.8
      vertex 172 111.163 1.8
      vertex 169.669 114.4 1.8
    endloop
  endfacet
  facet normal 0 0 1
    outer loop
      vertex 172 111.163 1.8
      vertex 168.85 112.981 1.8
      vertex 172.902 109.6 1.8
    endloop
  endfacet
  facet normal -0 0 1
    outer loop
      vertex 159.95 112.981 1.8
      vertex 172.902 109.6 1.8
      vertex 168.85 112.981 1.8
    endloop
  endfacet
  facet normal 0 0 1
    outer loop
      vertex 156.8 111.163 1.8
      vertex 159.95 112.981 1.8
      vertex 159.131 114.4 1.8
    endloop
  endfacet
  facet normal 0 0 1
    outer loop
      vertex 155.898 109.6 1.8
      vertex 159.95 112.981 1.8
      vertex 156.8 111.163 1.8
    endloop
  endfacet
  facet normal 0 0 1
    outer loop
      vertex 159.95 112.981 1.8
      vertex 155.898 109.6 1.8
      vertex 172.902 109.6 1.8
    endloop
  endfacet
  facet normal 0 0 1
    outer loop
      vertex 159.131 114.4 1.8
      vertex 154.931 114.4 1.8
      vertex 156.8 111.163 1.8
    endloop
  endfacet
  facet normal -0 0 1
    outer loop
      vertex 170.945 40.4 1.8
      vertex 172.374 35.6 1.8
      vertex 175.145 40.4 1.8
    endloop
  endfacet
  facet normal -0 0 1
    outer loop
      vertex 168.85 36.7712 1.8
      vertex 172.374 35.6 1.8
      vertex 170.945 40.4 1.8
    endloop
  endfacet
  facet normal -0 0 1
    outer loop
      vertex 159.95 36.7712 1.8
      vertex 172.374 35.6 1.8
      vertex 168.85 36.7712 1.8
    endloop
  endfacet
  facet normal 0 0 1
    outer loop
      vertex 159.95 36.7712 1.8
      vertex 156.426 35.6 1.8
      vertex 172.374 35.6 1.8
    endloop
  endfacet
  facet normal 0 0 1
    outer loop
      vertex 157.855 40.4 1.8
      vertex 156.426 35.6 1.8
      vertex 159.95 36.7712 1.8
    endloop
  endfacet
  facet normal 0 -0 1
    outer loop
      vertex 156.426 35.6 1.8
      vertex 157.855 40.4 1.8
      vertex 153.655 40.4 1.8
    endloop
  endfacet
  facet normal 0 0 1
    outer loop
      vertex 185.35 103.455 1.8
      vertex 189.75 103.802 1.8
      vertex 189.75 111.076 1.8
    endloop
  endfacet
  facet normal 0 0 1
    outer loop
      vertex 189.75 103.802 1.8
      vertex 185.35 103.455 1.8
      vertex 188.5 101.637 1.8
    endloop
  endfacet
  facet normal -0 0 1
    outer loop
      vertex 185.35 99.8179 1.8
      vertex 189.75 99.4715 1.8
      vertex 188.5 101.637 1.8
    endloop
  endfacet
  facet normal 0 0 1
    outer loop
      vertex 185.35 99.8179 1.8
      vertex 188.5 101.637 1.8
      vertex 185.35 103.455 1.8
    endloop
  endfacet
  facet normal 0 0 1
    outer loop
      vertex 189.75 99.4715 1.8
      vertex 185.35 99.8179 1.8
      vertex 189.75 92.1968 1.8
    endloop
  endfacet
  facet normal -0 0 1
    outer loop
      vertex 181.75 103.455 1.8
      vertex 185.35 99.8179 1.8
      vertex 185.35 103.455 1.8
    endloop
  endfacet
  facet normal 0 0 1
    outer loop
      vertex 185.35 99.8179 1.8
      vertex 181.75 103.455 1.8
      vertex 181.75 99.8179 1.8
    endloop
  endfacet
  facet normal 0 0 1
    outer loop
      vertex 185.35 84.4026 1.8
      vertex 189.75 84.749 1.8
      vertex 189.75 92.0236 1.8
    endloop
  endfacet
  facet normal 0 0 1
    outer loop
      vertex 189.75 84.749 1.8
      vertex 185.35 84.4026 1.8
      vertex 188.5 82.584 1.8
    endloop
  endfacet
  facet normal -0 0 1
    outer loop
      vertex 185.35 80.7653 1.8
      vertex 189.75 80.4189 1.8
      vertex 188.5 82.584 1.8
    endloop
  endfacet
  facet normal 0 0 1
    outer loop
      vertex 185.35 80.7653 1.8
      vertex 188.5 82.584 1.8
      vertex 185.35 84.4026 1.8
    endloop
  endfacet
  facet normal 0 0 1
    outer loop
      vertex 189.75 80.4189 1.8
      vertex 185.35 80.7653 1.8
      vertex 189.75 73.1443 1.8
    endloop
  endfacet
  facet normal -0 0 1
    outer loop
      vertex 181.75 84.4026 1.8
      vertex 185.35 80.7653 1.8
      vertex 185.35 84.4026 1.8
    endloop
  endfacet
  facet normal 0 0 1
    outer loop
      vertex 185.35 80.7653 1.8
      vertex 181.75 84.4026 1.8
      vertex 181.75 80.7653 1.8
    endloop
  endfacet
  facet normal 0 0 1
    outer loop
      vertex 185.35 65.3501 1.8
      vertex 189.75 65.6965 1.8
      vertex 189.75 72.9711 1.8
    endloop
  endfacet
  facet normal 0 0 1
    outer loop
      vertex 189.75 65.6965 1.8
      vertex 185.35 65.3501 1.8
      vertex 188.5 63.5314 1.8
    endloop
  endfacet
  facet normal -0 0 1
    outer loop
      vertex 185.35 61.7127 1.8
      vertex 189.75 61.3663 1.8
      vertex 188.5 63.5314 1.8
    endloop
  endfacet
  facet normal 0 0 1
    outer loop
      vertex 185.35 61.7127 1.8
      vertex 188.5 63.5314 1.8
      vertex 185.35 65.3501 1.8
    endloop
  endfacet
  facet normal 0 0 1
    outer loop
      vertex 189.75 61.3663 1.8
      vertex 185.35 61.7127 1.8
      vertex 189.75 54.0917 1.8
    endloop
  endfacet
  facet normal -0 0 1
    outer loop
      vertex 181.75 65.3501 1.8
      vertex 185.35 61.7127 1.8
      vertex 185.35 65.3501 1.8
    endloop
  endfacet
  facet normal 0 0 1
    outer loop
      vertex 185.35 61.7127 1.8
      vertex 181.75 65.3501 1.8
      vertex 181.75 61.7127 1.8
    endloop
  endfacet
  facet normal 0 0 1
    outer loop
      vertex 185.35 46.2975 1.8
      vertex 189.75 46.6439 1.8
      vertex 189.75 53.9185 1.8
    endloop
  endfacet
  facet normal 0 0 1
    outer loop
      vertex 189.75 46.6439 1.8
      vertex 185.35 46.2975 1.8
      vertex 188.5 44.4788 1.8
    endloop
  endfacet
  facet normal 0 0 1
    outer loop
      vertex 189.75 42.3138 1.8
      vertex 189.426 35.6 1.8
      vertex 189.75 35.6 1.8
    endloop
  endfacet
  facet normal -0 0 1
    outer loop
      vertex 185.35 42.6602 1.8
      vertex 189.75 42.3138 1.8
      vertex 188.5 44.4788 1.8
    endloop
  endfacet
  facet normal 0 0 1
    outer loop
      vertex 185.35 42.6602 1.8
      vertex 188.5 44.4788 1.8
      vertex 185.35 46.2975 1.8
    endloop
  endfacet
  facet normal 0 0 1
    outer loop
      vertex 189.75 42.3138 1.8
      vertex 185.35 42.6602 1.8
      vertex 189.426 35.6 1.8
    endloop
  endfacet
  facet normal -0 0 1
    outer loop
      vertex 181.75 46.2975 1.8
      vertex 185.35 42.6602 1.8
      vertex 185.35 46.2975 1.8
    endloop
  endfacet
  facet normal 0 0 1
    outer loop
      vertex 185.35 42.6602 1.8
      vertex 181.75 46.2975 1.8
      vertex 181.75 42.6602 1.8
    endloop
  endfacet
  facet normal 0 0 1
    outer loop
      vertex 169.75 32.4 1.8
      vertex 169.274 32.4 1.8
      vertex 169.75 31.5751 1.8
    endloop
  endfacet
  facet normal 0 0 1
    outer loop
      vertex 189.75 114.4 1.8
      vertex 187.931 114.4 1.8
      vertex 189.75 111.249 1.8
    endloop
  endfacet
  facet normal 0 0 1
    outer loop
      vertex 189.75 118.524 1.8
      vertex 189.75 117.6 1.8
      vertex 190.283 117.6 1.8
    endloop
  endfacet
  facet normal 1 0 0
    outer loop
      vertex 241.3 16 4
      vertex 241.3 1.5 4
      vertex 241.3 16 1.8
    endloop
  endfacet
  facet normal 1 0 0
    outer loop
      vertex 241.3 134 1.8
      vertex 241.3 148.5 4
      vertex 241.3 134 4
    endloop
  endfacet
  facet normal 1 0 0
    outer loop
      vertex 241.3 148.5 4
      vertex 241.3 134 1.8
      vertex 241.3 148.5 0
    endloop
  endfacet
  facet normal 1 -0 0
    outer loop
      vertex 241.3 16 1.8
      vertex 241.3 148.5 0
      vertex 241.3 134 1.8
    endloop
  endfacet
  facet normal 1 0 0
    outer loop
      vertex 241.3 16 1.8
      vertex 241.3 1.5 0
      vertex 241.3 148.5 0
    endloop
  endfacet
  facet normal 1 0 0
    outer loop
      vertex 241.3 1.5 0
      vertex 241.3 16 1.8
      vertex 241.3 1.5 4
    endloop
  endfacet
  facet normal 0 1 0
    outer loop
      vertex 98.65 150 1.8
      vertex 98.65 150 0
      vertex 16 150 1.8
    endloop
  endfacet
  facet normal 0 1 -0
    outer loop
      vertex 16 150 1.8
      vertex 1.5 150 4
      vertex 16 150 4
    endloop
  endfacet
  facet normal 0 1 0
    outer loop
      vertex 16 150 1.8
      vertex 1.5 150 0
      vertex 1.5 150 4
    endloop
  endfacet
  facet normal 0 1 0
    outer loop
      vertex 1.5 150 0
      vertex 16 150 1.8
      vertex 98.65 150 0
    endloop
  endfacet
  facet normal 0 1 0
    outer loop
      vertex 239.8 150 4
      vertex 225.3 150 1.8
      vertex 225.3 150 4
    endloop
  endfacet
  facet normal 0 1 -0
    outer loop
      vertex 239.8 150 0
      vertex 225.3 150 1.8
      vertex 239.8 150 4
    endloop
  endfacet
  facet normal 0 1 0
    outer loop
      vertex 142.65 150 0
      vertex 225.3 150 1.8
      vertex 239.8 150 0
    endloop
  endfacet
  facet normal 0 1 0
    outer loop
      vertex 225.3 150 1.8
      vertex 142.65 150 0
      vertex 142.65 150 1.8
    endloop
  endfacet
  facet normal 0 0 -1
    outer loop
      vertex 98.65 109.6 0
      vertex 93.95 112.981 0
      vertex 98.65 112.981 0
    endloop
  endfacet
  facet normal 0 0 -1
    outer loop
      vertex 90.8 111.163 0
      vertex 93.131 114.4 0
      vertex 93.95 112.981 0
    endloop
  endfacet
  facet normal -0 0 -1
    outer loop
      vertex 93.131 114.4 0
      vertex 90.8 111.163 0
      vertex 88.931 114.4 0
    endloop
  endfacet
  facet normal 0 0 -1
    outer loop
      vertex 98.65 109.6 0
      vertex 90.8 111.163 0
      vertex 93.95 112.981 0
    endloop
  endfacet
  facet normal 0 -0 -1
    outer loop
      vertex 90.8 111.163 0
      vertex 98.65 109.6 0
      vertex 89.8977 109.6 0
    endloop
  endfacet
  facet normal 0 0 -1
    outer loop
      vertex 154.931 114.4 0
      vertex 142.717 117.6 0
      vertex 153.083 117.6 0
    endloop
  endfacet
  facet normal 0 0 -1
    outer loop
      vertex 154.931 114.4 0
      vertex 142.65 117.6 0
      vertex 142.717 117.6 0
    endloop
  endfacet
  facet normal 0 0 -1
    outer loop
      vertex 93.131 114.4 0
      vertex 142.65 117.6 0
      vertex 154.931 114.4 0
    endloop
  endfacet
  facet normal -0 0 -1
    outer loop
      vertex 142.65 117.6 0
      vertex 93.131 114.4 0
      vertex 91.2835 117.6 0
    endloop
  endfacet
  facet normal -0 0 -1
    outer loop
      vertex 142.145 40.4 0
      vertex 139.374 35.6 0
      vertex 137.945 40.4 0
    endloop
  endfacet
  facet normal 0 0 -1
    outer loop
      vertex 123.8 15.9 0
      vertex 122.5 25.4263 0
      vertex 126.95 17.7187 0
    endloop
  endfacet
  facet normal 0 0 -1
    outer loop
      vertex 119.35 23.6076 0
      vertex 122.5 25.4263 0
      vertex 123.8 15.9 0
    endloop
  endfacet
  facet normal 0 0 -1
    outer loop
      vertex 119.35 27.2449 0
      vertex 122.5 25.4263 0
      vertex 119.35 23.6076 0
    endloop
  endfacet
  facet normal 0 0 -1
    outer loop
      vertex 122.5 25.4263 0
      vertex 119.35 27.2449 0
      vertex 122.326 32.4 0
    endloop
  endfacet
  facet normal 0 0 -1
    outer loop
      vertex 110.45 23.6076 0
      vertex 119.35 27.2449 0
      vertex 119.35 23.6076 0
    endloop
  endfacet
  facet normal 0 0 -1
    outer loop
      vertex 110.45 23.6076 0
      vertex 110.45 27.2449 0
      vertex 119.35 27.2449 0
    endloop
  endfacet
  facet normal 0 0 -1
    outer loop
      vertex 107.3 25.4263 0
      vertex 110.45 27.2449 0
      vertex 110.45 23.6076 0
    endloop
  endfacet
  facet normal -0 0 -1
    outer loop
      vertex 110.45 27.2449 0
      vertex 107.3 25.4263 0
      vertex 107.474 32.4 0
    endloop
  endfacet
  facet normal 0 0 -1
    outer loop
      vertex 106 15.9 0
      vertex 107.3 25.4263 0
      vertex 110.45 23.6076 0
    endloop
  endfacet
  facet normal 0 0 -1
    outer loop
      vertex 107.3 25.4263 0
      vertex 106 15.9 0
      vertex 102.85 17.7187 0
    endloop
  endfacet
  facet normal -0 0 -1
    outer loop
      vertex 124.855 40.4 0
      vertex 123.426 35.6 0
      vertex 120.655 40.4 0
    endloop
  endfacet
  facet normal -0 0 -1
    outer loop
      vertex 109.145 40.4 0
      vertex 106.374 35.6 0
      vertex 104.945 40.4 0
    endloop
  endfacet
  facet normal 0 0 -1
    outer loop
      vertex 90.8 15.9 0
      vertex 89.5 25.4263 0
      vertex 93.95 17.7187 0
    endloop
  endfacet
  facet normal 0 0 -1
    outer loop
      vertex 86.35 23.6076 0
      vertex 89.5 25.4263 0
      vertex 90.8 15.9 0
    endloop
  endfacet
  facet normal 0 0 -1
    outer loop
      vertex 86.35 27.2449 0
      vertex 89.5 25.4263 0
      vertex 86.35 23.6076 0
    endloop
  endfacet
  facet normal 0 0 -1
    outer loop
      vertex 89.5 25.4263 0
      vertex 86.35 27.2449 0
      vertex 89.3263 32.4 0
    endloop
  endfacet
  facet normal 0 0 -1
    outer loop
      vertex 77.45 23.6076 0
      vertex 86.35 27.2449 0
      vertex 86.35 23.6076 0
    endloop
  endfacet
  facet normal 0 0 -1
    outer loop
      vertex 77.45 23.6076 0
      vertex 77.45 27.2449 0
      vertex 86.35 27.2449 0
    endloop
  endfacet
  facet normal 0 0 -1
    outer loop
      vertex 74.3 25.4263 0
      vertex 77.45 27.2449 0
      vertex 77.45 23.6076 0
    endloop
  endfacet
  facet normal 0 0 -1
    outer loop
      vertex 71.5439 30.2 0
      vertex 77.45 27.2449 0
      vertex 74.3 25.4263 0
    endloop
  endfacet
  facet normal 0 0 -1
    outer loop
      vertex 73 15.9 0
      vertex 74.3 25.4263 0
      vertex 77.45 23.6076 0
    endloop
  endfacet
  facet normal 0 0 -1
    outer loop
      vertex 74.3 25.4263 0
      vertex 73 15.9 0
      vertex 69.85 17.7187 0
    endloop
  endfacet
  facet normal 0 0 -1
    outer loop
      vertex 93.131 114.4 0
      vertex 88.931 114.4 0
      vertex 91.2835 117.6 0
    endloop
  endfacet
  facet normal 0 0 -1
    outer loop
      vertex 87.0835 117.6 0
      vertex 91.2835 117.6 0
      vertex 88.931 114.4 0
    endloop
  endfacet
  facet normal -0 0 -1
    outer loop
      vertex 91.8549 40.4 0
      vertex 90.4262 35.6 0
      vertex 87.6549 40.4 0
    endloop
  endfacet
  facet normal 0 0 -1
    outer loop
      vertex 89.5 120.689 0
      vertex 90.8 130.215 0
      vertex 93.95 128.397 0
    endloop
  endfacet
  facet normal 0 0 -1
    outer loop
      vertex 91.2835 117.6 0
      vertex 87.0835 117.6 0
      vertex 89.5 120.689 0
    endloop
  endfacet
  facet normal 0 0 -1
    outer loop
      vertex 86.35 118.87 0
      vertex 89.5 120.689 0
      vertex 87.0835 117.6 0
    endloop
  endfacet
  facet normal -0 0 -1
    outer loop
      vertex 89.5 120.689 0
      vertex 86.35 118.87 0
      vertex 86.35 122.508 0
    endloop
  endfacet
  facet normal 0 0 -1
    outer loop
      vertex 89.5 120.689 0
      vertex 86.35 122.508 0
      vertex 90.8 130.215 0
    endloop
  endfacet
  facet normal 0 0 -1
    outer loop
      vertex 77.45 118.87 0
      vertex 86.35 122.508 0
      vertex 86.35 118.87 0
    endloop
  endfacet
  facet normal 0 0 -1
    outer loop
      vertex 77.45 118.87 0
      vertex 77.45 122.508 0
      vertex 86.35 122.508 0
    endloop
  endfacet
  facet normal 0 0 -1
    outer loop
      vertex 74.3 120.689 0
      vertex 77.45 118.87 0
      vertex 76.7165 117.6 0
    endloop
  endfacet
  facet normal 0 0 -1
    outer loop
      vertex 72.5165 117.6 0
      vertex 76.7165 117.6 0
      vertex 74.869 114.4 0
    endloop
  endfacet
  facet normal 0 0 -1
    outer loop
      vertex 77.45 118.87 0
      vertex 74.3 120.689 0
      vertex 77.45 122.508 0
    endloop
  endfacet
  facet normal 0 0 -1
    outer loop
      vertex 74.3 120.689 0
      vertex 73 130.215 0
      vertex 77.45 122.508 0
    endloop
  endfacet
  facet normal 0 -0 -1
    outer loop
      vertex 73 130.215 0
      vertex 74.3 120.689 0
      vertex 69.85 128.397 0
    endloop
  endfacet
  facet normal 0 0 -1
    outer loop
      vertex 90.8 130.215 0
      vertex 98.65 128.397 0
      vertex 93.95 128.397 0
    endloop
  endfacet
  facet normal 0 0 -1
    outer loop
      vertex 86.35 137.923 0
      vertex 98.65 128.397 0
      vertex 90.8 130.215 0
    endloop
  endfacet
  facet normal 0 0 -1
    outer loop
      vertex 98.65 128.397 0
      vertex 86.35 137.923 0
      vertex 98.65 150 0
    endloop
  endfacet
  facet normal 0 0 -1
    outer loop
      vertex 77.45 137.923 0
      vertex 98.65 150 0
      vertex 86.35 137.923 0
    endloop
  endfacet
  facet normal 0 0 -1
    outer loop
      vertex 69.85 128.397 0
      vertex 77.45 137.923 0
      vertex 73 130.215 0
    endloop
  endfacet
  facet normal 0 0 -1
    outer loop
      vertex 60.95 128.397 0
      vertex 77.45 137.923 0
      vertex 69.85 128.397 0
    endloop
  endfacet
  facet normal 0 0 -1
    outer loop
      vertex 57.8 130.215 0
      vertex 77.45 137.923 0
      vertex 60.95 128.397 0
    endloop
  endfacet
  facet normal 0 0 -1
    outer loop
      vertex 53.35 137.923 0
      vertex 77.45 137.923 0
      vertex 57.8 130.215 0
    endloop
  endfacet
  facet normal 0 0 -1
    outer loop
      vertex 77.45 137.923 0
      vertex 53.35 137.923 0
      vertex 98.65 150 0
    endloop
  endfacet
  facet normal 0 0 -1
    outer loop
      vertex 1.5 150 0
      vertex 53.35 137.923 0
      vertex 44.45 137.923 0
    endloop
  endfacet
  facet normal 0 0 -1
    outer loop
      vertex 36.85 128.397 0
      vertex 44.45 137.923 0
      vertex 40 130.215 0
    endloop
  endfacet
  facet normal 0 0 -1
    outer loop
      vertex 27.95 128.397 0
      vertex 44.45 137.923 0
      vertex 36.85 128.397 0
    endloop
  endfacet
  facet normal 0 0 -1
    outer loop
      vertex 24.8 130.215 0
      vertex 44.45 137.923 0
      vertex 27.95 128.397 0
    endloop
  endfacet
  facet normal 0 0 -1
    outer loop
      vertex 20.35 137.923 0
      vertex 44.45 137.923 0
      vertex 24.8 130.215 0
    endloop
  endfacet
  facet normal 0 0 -1
    outer loop
      vertex 10.2097 144.21 0
      vertex 44.45 137.923 0
      vertex 20.35 137.923 0
    endloop
  endfacet
  facet normal 0 0 -1
    outer loop
      vertex 14.8738 138.874 0
      vertex 20.35 137.923 0
      vertex 16 137.923 0
    endloop
  endfacet
  facet normal 0 0 -1
    outer loop
      vertex 15.6273 137.346 0
      vertex 16 137.923 0
      vertex 15.65 137 0
    endloop
  endfacet
  facet normal 0 0 -1
    outer loop
      vertex 15.5597 137.686 0
      vertex 16 137.923 0
      vertex 15.6273 137.346 0
    endloop
  endfacet
  facet normal 0 0 -1
    outer loop
      vertex 15.4483 138.014 0
      vertex 16 137.923 0
      vertex 15.5597 137.686 0
    endloop
  endfacet
  facet normal 0 0 -1
    outer loop
      vertex 15.295 138.325 0
      vertex 16 137.923 0
      vertex 15.4483 138.014 0
    endloop
  endfacet
  facet normal 0 0 -1
    outer loop
      vertex 15.1024 138.613 0
      vertex 16 137.923 0
      vertex 15.295 138.325 0
    endloop
  endfacet
  facet normal 0 0 -1
    outer loop
      vertex 14.8738 138.874 0
      vertex 16 137.923 0
      vertex 15.1024 138.613 0
    endloop
  endfacet
  facet normal 0 0 -1
    outer loop
      vertex 14.6132 139.102 0
      vertex 20.35 137.923 0
      vertex 14.8738 138.874 0
    endloop
  endfacet
  facet normal 0 0 -1
    outer loop
      vertex 14.325 139.295 0
      vertex 20.35 137.923 0
      vertex 14.6132 139.102 0
    endloop
  endfacet
  facet normal 0 0 -1
    outer loop
      vertex 10.8871 143.196 0
      vertex 20.35 137.923 0
      vertex 14.325 139.295 0
    endloop
  endfacet
  facet normal 0 0 -1
    outer loop
      vertex 10.8871 143.196 0
      vertex 14.325 139.295 0
      vertex 14.0141 139.448 0
    endloop
  endfacet
  facet normal 0 0 -1
    outer loop
      vertex 11.0185 142.809 0
      vertex 14.0141 139.448 0
      vertex 13.6859 139.56 0
    endloop
  endfacet
  facet normal 0 0 -1
    outer loop
      vertex 11.0983 142.408 0
      vertex 13.6859 139.56 0
      vertex 13.3459 139.627 0
    endloop
  endfacet
  facet normal 0 0 -1
    outer loop
      vertex 11.125 142 0
      vertex 13.3459 139.627 0
      vertex 13 139.65 0
    endloop
  endfacet
  facet normal 0 0 -1
    outer loop
      vertex 11.0983 141.592 0
      vertex 13 139.65 0
      vertex 12.6541 139.627 0
    endloop
  endfacet
  facet normal 0 0 -1
    outer loop
      vertex 10.2097 139.79 0
      vertex 11.3868 139.102 0
      vertex 11.1262 138.874 0
    endloop
  endfacet
  facet normal 0 0 -1
    outer loop
      vertex 11.0983 141.592 0
      vertex 11.675 139.295 0
      vertex 11.3868 139.102 0
    endloop
  endfacet
  facet normal 0 0 -1
    outer loop
      vertex 11.0983 141.592 0
      vertex 11.9859 139.448 0
      vertex 11.675 139.295 0
    endloop
  endfacet
  facet normal 0 0 -1
    outer loop
      vertex 11.0983 141.592 0
      vertex 12.3141 139.56 0
      vertex 11.9859 139.448 0
    endloop
  endfacet
  facet normal 0 0 -1
    outer loop
      vertex 11.0983 141.592 0
      vertex 12.6541 139.627 0
      vertex 12.3141 139.56 0
    endloop
  endfacet
  facet normal 0 0 -1
    outer loop
      vertex 13.3459 139.627 0
      vertex 11.125 142 0
      vertex 11.0983 142.408 0
    endloop
  endfacet
  facet normal 0 0 -1
    outer loop
      vertex 13.6859 139.56 0
      vertex 11.0983 142.408 0
      vertex 11.0185 142.809 0
    endloop
  endfacet
  facet normal 0 0 -1
    outer loop
      vertex 14.0141 139.448 0
      vertex 11.0185 142.809 0
      vertex 10.8871 143.196 0
    endloop
  endfacet
  facet normal 0 0 -1
    outer loop
      vertex 20.35 137.923 0
      vertex 10.8871 143.196 0
      vertex 10.7063 143.562 0
    endloop
  endfacet
  facet normal 0 0 -1
    outer loop
      vertex 20.35 137.923 0
      vertex 10.7063 143.562 0
      vertex 10.4792 143.902 0
    endloop
  endfacet
  facet normal 0 0 -1
    outer loop
      vertex 10.2097 144.21 0
      vertex 20.35 137.923 0
      vertex 10.4792 143.902 0
    endloop
  endfacet
  facet normal 0 0 -1
    outer loop
      vertex 44.45 137.923 0
      vertex 10.2097 144.21 0
      vertex 9.90238 144.479 0
    endloop
  endfacet
  facet normal 0 0 -1
    outer loop
      vertex 9.5625 144.706 0
      vertex 44.45 137.923 0
      vertex 9.90238 144.479 0
    endloop
  endfacet
  facet normal 0 0 -1
    outer loop
      vertex 1.5 150 0
      vertex 44.45 137.923 0
      vertex 9.5625 144.706 0
    endloop
  endfacet
  facet normal 0 0 -1
    outer loop
      vertex 1.5 150 0
      vertex 9.5625 144.706 0
      vertex 9.19589 144.887 0
    endloop
  endfacet
  facet normal 0 0 -1
    outer loop
      vertex 1.5 150 0
      vertex 9.19589 144.887 0
      vertex 8.80881 145.019 0
    endloop
  endfacet
  facet normal 0 0 -1
    outer loop
      vertex 1.5 150 0
      vertex 8.80881 145.019 0
      vertex 8.40789 145.098 0
    endloop
  endfacet
  facet normal 0 0 -1
    outer loop
      vertex 1.5 150 0
      vertex 8.40789 145.098 0
      vertex 8 145.125 0
    endloop
  endfacet
  facet normal 0 0 -1
    outer loop
      vertex 53.35 137.923 0
      vertex 1.5 150 0
      vertex 98.65 150 0
    endloop
  endfacet
  facet normal 0 0 -1
    outer loop
      vertex 7.5921 145.098 0
      vertex 1.5 150 0
      vertex 8 145.125 0
    endloop
  endfacet
  facet normal 0 0 -1
    outer loop
      vertex 7.19119 145.019 0
      vertex 1.5 150 0
      vertex 7.5921 145.098 0
    endloop
  endfacet
  facet normal 0 0 -1
    outer loop
      vertex 6.80411 144.887 0
      vertex 1.5 150 0
      vertex 7.19119 145.019 0
    endloop
  endfacet
  facet normal 0 0 -1
    outer loop
      vertex 6.4375 144.706 0
      vertex 1.5 150 0
      vertex 6.80411 144.887 0
    endloop
  endfacet
  facet normal 0 0 -1
    outer loop
      vertex 6.09762 144.479 0
      vertex 1.5 150 0
      vertex 6.4375 144.706 0
    endloop
  endfacet
  facet normal 0 0 -1
    outer loop
      vertex 5.79029 144.21 0
      vertex 1.5 150 0
      vertex 6.09762 144.479 0
    endloop
  endfacet
  facet normal 0 0 -1
    outer loop
      vertex 5.52077 143.902 0
      vertex 1.5 150 0
      vertex 5.79029 144.21 0
    endloop
  endfacet
  facet normal 0 0 -1
    outer loop
      vertex 5.29367 143.562 0
      vertex 1.5 150 0
      vertex 5.52077 143.902 0
    endloop
  endfacet
  facet normal 0 0 -1
    outer loop
      vertex 5.11288 143.196 0
      vertex 1.5 150 0
      vertex 5.29367 143.562 0
    endloop
  endfacet
  facet normal 0 0 -1
    outer loop
      vertex 4.98148 142.809 0
      vertex 1.5 150 0
      vertex 5.11288 143.196 0
    endloop
  endfacet
  facet normal 0 0 -1
    outer loop
      vertex 4.90173 142.408 0
      vertex 1.5 150 0
      vertex 4.98148 142.809 0
    endloop
  endfacet
  facet normal 0 0 -1
    outer loop
      vertex 4.875 142 0
      vertex 1.5 150 0
      vertex 4.90173 142.408 0
    endloop
  endfacet
  facet normal 0 0 -1
    outer loop
      vertex 4.90173 141.592 0
      vertex 1.5 150 0
      vertex 4.875 142 0
    endloop
  endfacet
  facet normal 0 0 -1
    outer loop
      vertex 0 148.5 0
      vertex 7 73.0577 0
      vertex 0 1.5 0
    endloop
  endfacet
  facet normal 0 0 -1
    outer loop
      vertex 7 73.0577 0
      vertex 0 148.5 0
      vertex 1.5 150 0
    endloop
  endfacet
  facet normal 0 0 -1
    outer loop
      vertex 13 139.65 0
      vertex 11.0983 141.592 0
      vertex 11.125 142 0
    endloop
  endfacet
  facet normal 0 0 -1
    outer loop
      vertex 11.3868 139.102 0
      vertex 11.0185 141.191 0
      vertex 11.0983 141.592 0
    endloop
  endfacet
  facet normal 0 0 -1
    outer loop
      vertex 10.2097 139.79 0
      vertex 11.1262 138.874 0
      vertex 10.8976 138.613 0
    endloop
  endfacet
  facet normal 0 0 -1
    outer loop
      vertex 11.3868 139.102 0
      vertex 10.8871 140.804 0
      vertex 11.0185 141.191 0
    endloop
  endfacet
  facet normal 0 0 -1
    outer loop
      vertex 11.3868 139.102 0
      vertex 10.7063 140.438 0
      vertex 10.8871 140.804 0
    endloop
  endfacet
  facet normal 0 0 -1
    outer loop
      vertex 9.90238 139.521 0
      vertex 10.8976 138.613 0
      vertex 10.705 138.325 0
    endloop
  endfacet
  facet normal 0 0 -1
    outer loop
      vertex 9.5625 139.294 0
      vertex 10.705 138.325 0
      vertex 10.5517 138.014 0
    endloop
  endfacet
  facet normal 0 0 -1
    outer loop
      vertex 11.3868 139.102 0
      vertex 10.4792 140.098 0
      vertex 10.7063 140.438 0
    endloop
  endfacet
  facet normal 0 0 -1
    outer loop
      vertex 9.19589 139.113 0
      vertex 10.5517 138.014 0
      vertex 10.4403 137.686 0
    endloop
  endfacet
  facet normal 0 0 -1
    outer loop
      vertex 8.80881 138.981 0
      vertex 10.4403 137.686 0
      vertex 10.3727 137.346 0
    endloop
  endfacet
  facet normal 0 0 -1
    outer loop
      vertex 8.40789 138.902 0
      vertex 10.3727 137.346 0
      vertex 10.35 137 0
    endloop
  endfacet
  facet normal 0 0 -1
    outer loop
      vertex 11.3868 139.102 0
      vertex 10.2097 139.79 0
      vertex 10.4792 140.098 0
    endloop
  endfacet
  facet normal 0 0 -1
    outer loop
      vertex 15.6273 136.654 0
      vertex 16 137.923 0
      vertex 16 134 0
    endloop
  endfacet
  facet normal 0 0 -1
    outer loop
      vertex 16 137.923 0
      vertex 15.6273 136.654 0
      vertex 15.65 137 0
    endloop
  endfacet
  facet normal 0 0 -1
    outer loop
      vertex 16 134 0
      vertex 15.5597 136.314 0
      vertex 15.6273 136.654 0
    endloop
  endfacet
  facet normal 0 0 -1
    outer loop
      vertex 16 134 0
      vertex 15.4483 135.986 0
      vertex 15.5597 136.314 0
    endloop
  endfacet
  facet normal 0 0 -1
    outer loop
      vertex 16 134 0
      vertex 15.295 135.675 0
      vertex 15.4483 135.986 0
    endloop
  endfacet
  facet normal 0 0 -1
    outer loop
      vertex 16 134 0
      vertex 15.1024 135.387 0
      vertex 15.295 135.675 0
    endloop
  endfacet
  facet normal 0 0 -1
    outer loop
      vertex 16 134 0
      vertex 14.8738 135.126 0
      vertex 15.1024 135.387 0
    endloop
  endfacet
  facet normal 0 0 -1
    outer loop
      vertex 16 134 0
      vertex 14.6132 134.898 0
      vertex 14.8738 135.126 0
    endloop
  endfacet
  facet normal 0 0 -1
    outer loop
      vertex 16 134 0
      vertex 14.325 134.705 0
      vertex 14.6132 134.898 0
    endloop
  endfacet
  facet normal 0 0 -1
    outer loop
      vertex 16 134 0
      vertex 14.0141 134.552 0
      vertex 14.325 134.705 0
    endloop
  endfacet
  facet normal 0 0 -1
    outer loop
      vertex 16 134 0
      vertex 13.6859 134.44 0
      vertex 14.0141 134.552 0
    endloop
  endfacet
  facet normal 0 0 -1
    outer loop
      vertex 16 134 0
      vertex 13.3459 134.373 0
      vertex 13.6859 134.44 0
    endloop
  endfacet
  facet normal 0 0 -1
    outer loop
      vertex 16 134 0
      vertex 13 134.35 0
      vertex 13.3459 134.373 0
    endloop
  endfacet
  facet normal 0 0 -1
    outer loop
      vertex 9.18507 134 0
      vertex 13 134.35 0
      vertex 16 134 0
    endloop
  endfacet
  facet normal 0 0 -1
    outer loop
      vertex 10.8976 138.613 0
      vertex 9.90238 139.521 0
      vertex 10.2097 139.79 0
    endloop
  endfacet
  facet normal 0 0 -1
    outer loop
      vertex 8 138.875 0
      vertex 10.35 137 0
      vertex 10.3727 136.654 0
    endloop
  endfacet
  facet normal 0 0 -1
    outer loop
      vertex 10.705 138.325 0
      vertex 9.5625 139.294 0
      vertex 9.90238 139.521 0
    endloop
  endfacet
  facet normal 0 0 -1
    outer loop
      vertex 9.18507 134 0
      vertex 10.3727 136.654 0
      vertex 10.4403 136.314 0
    endloop
  endfacet
  facet normal 0 0 -1
    outer loop
      vertex 10.5517 138.014 0
      vertex 9.19589 139.113 0
      vertex 9.5625 139.294 0
    endloop
  endfacet
  facet normal 0 0 -1
    outer loop
      vertex 9.18507 134 0
      vertex 10.4403 136.314 0
      vertex 10.5517 135.986 0
    endloop
  endfacet
  facet normal -0 0 -1
    outer loop
      vertex 13 134.35 0
      vertex 9.18507 134 0
      vertex 12.6541 134.373 0
    endloop
  endfacet
  facet normal 0 0 -1
    outer loop
      vertex 9.18507 134 0
      vertex 12.3141 134.44 0
      vertex 12.6541 134.373 0
    endloop
  endfacet
  facet normal 0 0 -1
    outer loop
      vertex 9.18507 134 0
      vertex 11.9859 134.552 0
      vertex 12.3141 134.44 0
    endloop
  endfacet
  facet normal 0 0 -1
    outer loop
      vertex 9.18507 134 0
      vertex 11.675 134.705 0
      vertex 11.9859 134.552 0
    endloop
  endfacet
  facet normal 0 0 -1
    outer loop
      vertex 9.18507 134 0
      vertex 11.3868 134.898 0
      vertex 11.675 134.705 0
    endloop
  endfacet
  facet normal 0 0 -1
    outer loop
      vertex 9.18507 134 0
      vertex 11.1262 135.126 0
      vertex 11.3868 134.898 0
    endloop
  endfacet
  facet normal 0 0 -1
    outer loop
      vertex 9.18507 134 0
      vertex 10.8976 135.387 0
      vertex 11.1262 135.126 0
    endloop
  endfacet
  facet normal 0 0 -1
    outer loop
      vertex 9.18507 134 0
      vertex 10.705 135.675 0
      vertex 10.8976 135.387 0
    endloop
  endfacet
  facet normal 0 0 -1
    outer loop
      vertex 9.18507 134 0
      vertex 10.5517 135.986 0
      vertex 10.705 135.675 0
    endloop
  endfacet
  facet normal -0 0 -1
    outer loop
      vertex 10.3727 136.654 0
      vertex 9.18507 134 0
      vertex 8 138.875 0
    endloop
  endfacet
  facet normal 0 0 -1
    outer loop
      vertex 10.4403 137.686 0
      vertex 8.80881 138.981 0
      vertex 9.19589 139.113 0
    endloop
  endfacet
  facet normal 0 0 -1
    outer loop
      vertex 10.3727 137.346 0
      vertex 8.40789 138.902 0
      vertex 8.80881 138.981 0
    endloop
  endfacet
  facet normal 0 0 -1
    outer loop
      vertex 10.35 137 0
      vertex 8 138.875 0
      vertex 8.40789 138.902 0
    endloop
  endfacet
  facet normal 0 0 -1
    outer loop
      vertex 9.18507 134 0
      vertex 7.5921 138.902 0
      vertex 8 138.875 0
    endloop
  endfacet
  facet normal 0 0 -1
    outer loop
      vertex 9.18507 134 0
      vertex 7.19119 138.981 0
      vertex 7.5921 138.902 0
    endloop
  endfacet
  facet normal 0 0 -1
    outer loop
      vertex 6.80411 139.113 0
      vertex 9.18507 134 0
      vertex 7 130.215 0
    endloop
  endfacet
  facet normal 0 0 -1
    outer loop
      vertex 9.18507 134 0
      vertex 6.80411 139.113 0
      vertex 7.19119 138.981 0
    endloop
  endfacet
  facet normal 0 0 -1
    outer loop
      vertex 7 111.163 0
      vertex 6.80411 139.113 0
      vertex 7 130.215 0
    endloop
  endfacet
  facet normal 0 0 -1
    outer loop
      vertex 5.11288 21.1959 0
      vertex 7 34.9526 0
      vertex 5.29367 21.5625 0
    endloop
  endfacet
  facet normal 0 0 -1
    outer loop
      vertex 7 111.163 0
      vertex 6.4375 139.294 0
      vertex 6.80411 139.113 0
    endloop
  endfacet
  facet normal 0 0 -1
    outer loop
      vertex 4.98148 20.8088 0
      vertex 7 34.9526 0
      vertex 5.11288 21.1959 0
    endloop
  endfacet
  facet normal 0 0 -1
    outer loop
      vertex 7 111.163 0
      vertex 6.09762 139.521 0
      vertex 6.4375 139.294 0
    endloop
  endfacet
  facet normal -0 0 -1
    outer loop
      vertex 7 34.9526 0
      vertex 4.98148 20.8088 0
      vertex 7 54.0051 0
    endloop
  endfacet
  facet normal 0 0 -1
    outer loop
      vertex 7 111.163 0
      vertex 5.79029 139.79 0
      vertex 6.09762 139.521 0
    endloop
  endfacet
  facet normal 0 0 -1
    outer loop
      vertex 4.90173 20.4079 0
      vertex 7 54.0051 0
      vertex 4.98148 20.8088 0
    endloop
  endfacet
  facet normal 0 0 -1
    outer loop
      vertex 7 111.163 0
      vertex 5.52077 140.098 0
      vertex 5.79029 139.79 0
    endloop
  endfacet
  facet normal -0 0 -1
    outer loop
      vertex 4.875 20 0
      vertex 0 1.5 0
      vertex 4.90173 20.4079 0
    endloop
  endfacet
  facet normal 0 0 -1
    outer loop
      vertex 7 111.163 0
      vertex 5.29367 140.438 0
      vertex 5.52077 140.098 0
    endloop
  endfacet
  facet normal -0 0 -1
    outer loop
      vertex 4.90173 20.4079 0
      vertex 0 1.5 0
      vertex 7 54.0051 0
    endloop
  endfacet
  facet normal 0 0 -1
    outer loop
      vertex 7 111.163 0
      vertex 5.11288 140.804 0
      vertex 5.29367 140.438 0
    endloop
  endfacet
  facet normal -0 0 -1
    outer loop
      vertex 7 54.0051 0
      vertex 0 1.5 0
      vertex 7 73.0577 0
    endloop
  endfacet
  facet normal 0 0 -1
    outer loop
      vertex 7 111.163 0
      vertex 4.98148 141.191 0
      vertex 5.11288 140.804 0
    endloop
  endfacet
  facet normal 0 0 -1
    outer loop
      vertex 7 73.0577 0
      vertex 1.5 150 0
      vertex 7 92.1102 0
    endloop
  endfacet
  facet normal 0 0 -1
    outer loop
      vertex 1.5 150 0
      vertex 4.98148 141.191 0
      vertex 7 111.163 0
    endloop
  endfacet
  facet normal -0 0 -1
    outer loop
      vertex 4.90173 19.5921 0
      vertex 0 1.5 0
      vertex 4.875 20 0
    endloop
  endfacet
  facet normal 0 0 -1
    outer loop
      vertex 1.5 150 0
      vertex 7 111.163 0
      vertex 7 92.1102 0
    endloop
  endfacet
  facet normal -0 0 -1
    outer loop
      vertex 16.8996 27.2449 0
      vertex 15.295 26.325 0
      vertex 16.8971 27.25 0
    endloop
  endfacet
  facet normal -0 0 -1
    outer loop
      vertex 16.8971 27.25 0
      vertex 15.295 26.325 0
      vertex 16.5701 27.7394 0
    endloop
  endfacet
  facet normal 0 0 -1
    outer loop
      vertex 15.1024 26.6132 0
      vertex 16.5701 27.7394 0
      vertex 15.295 26.325 0
    endloop
  endfacet
  facet normal -0 0 -1
    outer loop
      vertex 16.5701 27.7394 0
      vertex 15.1024 26.6132 0
      vertex 16.182 28.182 0
    endloop
  endfacet
  facet normal 0 0 -1
    outer loop
      vertex 14.8738 26.8738 0
      vertex 16.182 28.182 0
      vertex 15.1024 26.6132 0
    endloop
  endfacet
  facet normal -0 0 -1
    outer loop
      vertex 16.182 28.182 0
      vertex 14.8738 26.8738 0
      vertex 15.7394 28.5701 0
    endloop
  endfacet
  facet normal 0 0 -1
    outer loop
      vertex 14.6132 27.1024 0
      vertex 15.7394 28.5701 0
      vertex 14.8738 26.8738 0
    endloop
  endfacet
  facet normal -0 0 -1
    outer loop
      vertex 15.7394 28.5701 0
      vertex 14.6132 27.1024 0
      vertex 15.25 28.8971 0
    endloop
  endfacet
  facet normal 0 0 -1
    outer loop
      vertex 14.325 27.295 0
      vertex 15.25 28.8971 0
      vertex 14.6132 27.1024 0
    endloop
  endfacet
  facet normal -0 0 -1
    outer loop
      vertex 15.25 28.8971 0
      vertex 14.325 27.295 0
      vertex 14.7221 29.1575 0
    endloop
  endfacet
  facet normal 0 0 -1
    outer loop
      vertex 14.0141 27.4483 0
      vertex 14.7221 29.1575 0
      vertex 14.325 27.295 0
    endloop
  endfacet
  facet normal -0 0 -1
    outer loop
      vertex 14.7221 29.1575 0
      vertex 14.0141 27.4483 0
      vertex 14.1647 29.3467 0
    endloop
  endfacet
  facet normal 0 0 -1
    outer loop
      vertex 13.6859 27.5597 0
      vertex 14.1647 29.3467 0
      vertex 14.0141 27.4483 0
    endloop
  endfacet
  facet normal 0 0 -1
    outer loop
      vertex 13.6859 27.5597 0
      vertex 13.5874 29.4615 0
      vertex 14.1647 29.3467 0
    endloop
  endfacet
  facet normal 0 0 -1
    outer loop
      vertex 13.3459 27.6273 0
      vertex 13.5874 29.4615 0
      vertex 13.6859 27.5597 0
    endloop
  endfacet
  facet normal 0 0 -1
    outer loop
      vertex 13 27.65 0
      vertex 13.5874 29.4615 0
      vertex 13.3459 27.6273 0
    endloop
  endfacet
  facet normal 0 0 -1
    outer loop
      vertex 13 27.65 0
      vertex 13 29.5 0
      vertex 13.5874 29.4615 0
    endloop
  endfacet
  facet normal 0 0 -1
    outer loop
      vertex 12.6541 27.6273 0
      vertex 13 29.5 0
      vertex 13 27.65 0
    endloop
  endfacet
  facet normal 0 0 -1
    outer loop
      vertex 12.6541 27.6273 0
      vertex 12.4126 29.4615 0
      vertex 13 29.5 0
    endloop
  endfacet
  facet normal 0 0 -1
    outer loop
      vertex 12.3141 27.5597 0
      vertex 12.4126 29.4615 0
      vertex 12.6541 27.6273 0
    endloop
  endfacet
  facet normal 0 0 -1
    outer loop
      vertex 11.8353 29.3467 0
      vertex 12.3141 27.5597 0
      vertex 11.9859 27.4483 0
    endloop
  endfacet
  facet normal 0 0 -1
    outer loop
      vertex 12.3141 27.5597 0
      vertex 11.8353 29.3467 0
      vertex 12.4126 29.4615 0
    endloop
  endfacet
  facet normal 0 0 -1
    outer loop
      vertex 11.2779 29.1575 0
      vertex 11.9859 27.4483 0
      vertex 11.675 27.295 0
    endloop
  endfacet
  facet normal 0 0 -1
    outer loop
      vertex 10.5668 28.7747 0
      vertex 11.675 27.295 0
      vertex 11.3868 27.1024 0
    endloop
  endfacet
  facet normal 0 0 -1
    outer loop
      vertex 11.9859 27.4483 0
      vertex 11.2779 29.1575 0
      vertex 11.8353 29.3467 0
    endloop
  endfacet
  facet normal 0 0 -1
    outer loop
      vertex 10.5668 28.7747 0
      vertex 11.3868 27.1024 0
      vertex 11.1262 26.8738 0
    endloop
  endfacet
  facet normal 0 0 -1
    outer loop
      vertex 10.5668 28.7747 0
      vertex 11.1262 26.8738 0
      vertex 10.8976 26.6132 0
    endloop
  endfacet
  facet normal 0 0 -1
    outer loop
      vertex 11.675 27.295 0
      vertex 10.75 28.8971 0
      vertex 11.2779 29.1575 0
    endloop
  endfacet
  facet normal 0 0 -1
    outer loop
      vertex 10.5668 28.7747 0
      vertex 10.8976 26.6132 0
      vertex 10.705 26.325 0
    endloop
  endfacet
  facet normal 0 0 -1
    outer loop
      vertex 11.675 27.295 0
      vertex 10.5668 28.7747 0
      vertex 10.75 28.8971 0
    endloop
  endfacet
  facet normal 0 0 -1
    outer loop
      vertex 10.5517 26.0141 0
      vertex 10.5668 28.7747 0
      vertex 10.705 26.325 0
    endloop
  endfacet
  facet normal 0 0 -1
    outer loop
      vertex 7.19119 23.0185 0
      vertex 10.5517 26.0141 0
      vertex 10.4403 25.6859 0
    endloop
  endfacet
  facet normal 0 0 -1
    outer loop
      vertex 7.5921 23.0983 0
      vertex 10.4403 25.6859 0
      vertex 10.3727 25.3459 0
    endloop
  endfacet
  facet normal 0 0 -1
    outer loop
      vertex 8 23.125 0
      vertex 10.3727 25.3459 0
      vertex 10.35 25 0
    endloop
  endfacet
  facet normal -0 0 -1
    outer loop
      vertex 10.5517 23.9859 0
      vertex 9.19589 22.8871 0
      vertex 10.4403 24.3141 0
    endloop
  endfacet
  facet normal 0 0 -1
    outer loop
      vertex 8.80881 23.0185 0
      vertex 10.4403 24.3141 0
      vertex 9.19589 22.8871 0
    endloop
  endfacet
  facet normal -0 0 -1
    outer loop
      vertex 10.4403 24.3141 0
      vertex 8.80881 23.0185 0
      vertex 10.3727 24.6541 0
    endloop
  endfacet
  facet normal 0 0 -1
    outer loop
      vertex 8.40789 23.0983 0
      vertex 10.3727 24.6541 0
      vertex 8.80881 23.0185 0
    endloop
  endfacet
  facet normal -0 0 -1
    outer loop
      vertex 10.3727 24.6541 0
      vertex 8.40789 23.0983 0
      vertex 10.35 25 0
    endloop
  endfacet
  facet normal 0 0 -1
    outer loop
      vertex 8 23.125 0
      vertex 10.35 25 0
      vertex 8.40789 23.0983 0
    endloop
  endfacet
  facet normal 0 0 -1
    outer loop
      vertex 10.3727 25.3459 0
      vertex 8 23.125 0
      vertex 7.5921 23.0983 0
    endloop
  endfacet
  facet normal 0 0 -1
    outer loop
      vertex 7.19119 23.0185 0
      vertex 10.4403 25.6859 0
      vertex 7.5921 23.0983 0
    endloop
  endfacet
  facet normal -0 0 -1
    outer loop
      vertex 10.5517 26.0141 0
      vertex 7.19119 23.0185 0
      vertex 10.5668 28.7747 0
    endloop
  endfacet
  facet normal 0 0 -1
    outer loop
      vertex 6.80411 22.8871 0
      vertex 10.5668 28.7747 0
      vertex 7.19119 23.0185 0
    endloop
  endfacet
  facet normal 0 0 -1
    outer loop
      vertex 6.4375 22.7063 0
      vertex 7 34.9526 0
      vertex 6.80411 22.8871 0
    endloop
  endfacet
  facet normal 0 0 -1
    outer loop
      vertex 6.09762 22.4792 0
      vertex 7 34.9526 0
      vertex 6.4375 22.7063 0
    endloop
  endfacet
  facet normal 0 0 -1
    outer loop
      vertex 5.79029 22.2097 0
      vertex 7 34.9526 0
      vertex 6.09762 22.4792 0
    endloop
  endfacet
  facet normal 0 0 -1
    outer loop
      vertex 5.52077 21.9024 0
      vertex 7 34.9526 0
      vertex 5.79029 22.2097 0
    endloop
  endfacet
  facet normal 0 0 -1
    outer loop
      vertex 5.29367 21.5625 0
      vertex 7 34.9526 0
      vertex 5.52077 21.9024 0
    endloop
  endfacet
  facet normal -0 0 -1
    outer loop
      vertex 10.5668 28.7747 0
      vertex 6.80411 22.8871 0
      vertex 7 34.9526 0
    endloop
  endfacet
  facet normal 0 0 -1
    outer loop
      vertex 10.7063 21.5625 0
      vertex 11.9859 22.5517 0
      vertex 10.8871 21.1959 0
    endloop
  endfacet
  facet normal -0 0 -1
    outer loop
      vertex 11.9859 22.5517 0
      vertex 10.7063 21.5625 0
      vertex 11.675 22.705 0
    endloop
  endfacet
  facet normal 0 0 -1
    outer loop
      vertex 10.4792 21.9024 0
      vertex 11.675 22.705 0
      vertex 10.7063 21.5625 0
    endloop
  endfacet
  facet normal -0 0 -1
    outer loop
      vertex 11.675 22.705 0
      vertex 10.4792 21.9024 0
      vertex 11.3868 22.8976 0
    endloop
  endfacet
  facet normal 0 0 -1
    outer loop
      vertex 10.2097 22.2097 0
      vertex 11.3868 22.8976 0
      vertex 10.4792 21.9024 0
    endloop
  endfacet
  facet normal -0 0 -1
    outer loop
      vertex 11.3868 22.8976 0
      vertex 10.2097 22.2097 0
      vertex 11.1262 23.1262 0
    endloop
  endfacet
  facet normal -0 0 -1
    outer loop
      vertex 11.1262 23.1262 0
      vertex 10.2097 22.2097 0
      vertex 10.8976 23.3868 0
    endloop
  endfacet
  facet normal 0 0 -1
    outer loop
      vertex 9.90238 22.4792 0
      vertex 10.8976 23.3868 0
      vertex 10.2097 22.2097 0
    endloop
  endfacet
  facet normal -0 0 -1
    outer loop
      vertex 10.8976 23.3868 0
      vertex 9.90238 22.4792 0
      vertex 10.705 23.675 0
    endloop
  endfacet
  facet normal 0 0 -1
    outer loop
      vertex 9.5625 22.7063 0
      vertex 10.705 23.675 0
      vertex 9.90238 22.4792 0
    endloop
  endfacet
  facet normal -0 0 -1
    outer loop
      vertex 10.705 23.675 0
      vertex 9.5625 22.7063 0
      vertex 10.5517 23.9859 0
    endloop
  endfacet
  facet normal 0 0 -1
    outer loop
      vertex 9.19589 22.8871 0
      vertex 10.5517 23.9859 0
      vertex 9.5625 22.7063 0
    endloop
  endfacet
  facet normal 0 0 -1
    outer loop
      vertex 23.5 120.689 0
      vertex 24.8 130.215 0
      vertex 27.95 128.397 0
    endloop
  endfacet
  facet normal 0 0 -1
    outer loop
      vertex 20.35 122.508 0
      vertex 23.5 120.689 0
      vertex 20.35 118.87 0
    endloop
  endfacet
  facet normal 0 0 -1
    outer loop
      vertex 23.5 120.689 0
      vertex 20.35 122.508 0
      vertex 24.8 130.215 0
    endloop
  endfacet
  facet normal 0 0 -1
    outer loop
      vertex 11.45 118.87 0
      vertex 20.35 122.508 0
      vertex 20.35 118.87 0
    endloop
  endfacet
  facet normal 0 0 -1
    outer loop
      vertex 11.45 118.87 0
      vertex 11.45 122.508 0
      vertex 20.35 122.508 0
    endloop
  endfacet
  facet normal 0 0 -1
    outer loop
      vertex 7 111.163 0
      vertex 11.45 122.508 0
      vertex 11.45 118.87 0
    endloop
  endfacet
  facet normal -0 0 -1
    outer loop
      vertex 11.45 122.508 0
      vertex 7 111.163 0
      vertex 7 130.215 0
    endloop
  endfacet
  facet normal 0 0 -1
    outer loop
      vertex 24.8 15.9 0
      vertex 23.5 25.4263 0
      vertex 27.95 17.7187 0
    endloop
  endfacet
  facet normal 0 -0 -1
    outer loop
      vertex 23.5 25.4263 0
      vertex 24.8 15.9 0
      vertex 20.35 23.6076 0
    endloop
  endfacet
  facet normal 0 0 -1
    outer loop
      vertex 24.8 34.9526 0
      vertex 23.5 44.4788 0
      vertex 27.95 36.7712 0
    endloop
  endfacet
  facet normal 0 -0 -1
    outer loop
      vertex 23.5 44.4788 0
      vertex 24.8 34.9526 0
      vertex 20.35 42.6602 0
    endloop
  endfacet
  facet normal 0 0 -1
    outer loop
      vertex 24.8 54.0051 0
      vertex 23.5 63.5314 0
      vertex 27.95 55.8238 0
    endloop
  endfacet
  facet normal 0 -0 -1
    outer loop
      vertex 23.5 63.5314 0
      vertex 24.8 54.0051 0
      vertex 20.35 61.7127 0
    endloop
  endfacet
  facet normal 0 0 -1
    outer loop
      vertex 24.8 73.0577 0
      vertex 23.5 82.584 0
      vertex 27.95 74.8763 0
    endloop
  endfacet
  facet normal 0 -0 -1
    outer loop
      vertex 23.5 82.584 0
      vertex 24.8 73.0577 0
      vertex 20.35 80.7653 0
    endloop
  endfacet
  facet normal 0 0 -1
    outer loop
      vertex 24.8 92.1102 0
      vertex 23.5 101.637 0
      vertex 27.95 93.9289 0
    endloop
  endfacet
  facet normal 0 -0 -1
    outer loop
      vertex 23.5 101.637 0
      vertex 24.8 92.1102 0
      vertex 20.35 99.8179 0
    endloop
  endfacet
  facet normal 0 0 -1
    outer loop
      vertex 24.8 111.163 0
      vertex 23.5 120.689 0
      vertex 27.95 112.981 0
    endloop
  endfacet
  facet normal 0 -0 -1
    outer loop
      vertex 23.5 120.689 0
      vertex 24.8 111.163 0
      vertex 20.35 118.87 0
    endloop
  endfacet
  facet normal 0 0 -1
    outer loop
      vertex 44.45 99.8179 0
      vertex 49.35 103.455 0
      vertex 49.35 99.8179 0
    endloop
  endfacet
  facet normal 0 0 -1
    outer loop
      vertex 44.45 99.8179 0
      vertex 44.45 103.455 0
      vertex 49.35 103.455 0
    endloop
  endfacet
  facet normal 0 0 -1
    outer loop
      vertex 44.45 99.8179 0
      vertex 41.3 101.637 0
      vertex 44.45 103.455 0
    endloop
  endfacet
  facet normal 0 0 -1
    outer loop
      vertex 40 92.1102 0
      vertex 41.3 101.637 0
      vertex 44.45 99.8179 0
    endloop
  endfacet
  facet normal 0 0 -1
    outer loop
      vertex 36.85 93.9289 0
      vertex 40 92.1102 0
      vertex 36.85 90.2916 0
    endloop
  endfacet
  facet normal 0 0 -1
    outer loop
      vertex 40 92.1102 0
      vertex 36.85 93.9289 0
      vertex 41.3 101.637 0
    endloop
  endfacet
  facet normal 0 0 -1
    outer loop
      vertex 27.95 90.2916 0
      vertex 36.85 93.9289 0
      vertex 36.85 90.2916 0
    endloop
  endfacet
  facet normal 0 0 -1
    outer loop
      vertex 27.95 90.2916 0
      vertex 27.95 93.9289 0
      vertex 36.85 93.9289 0
    endloop
  endfacet
  facet normal 0 0 -1
    outer loop
      vertex 27.95 90.2916 0
      vertex 24.8 92.1102 0
      vertex 27.95 93.9289 0
    endloop
  endfacet
  facet normal 0 0 -1
    outer loop
      vertex 23.5 82.584 0
      vertex 24.8 92.1102 0
      vertex 27.95 90.2916 0
    endloop
  endfacet
  facet normal 0 0 -1
    outer loop
      vertex 20.35 84.4026 0
      vertex 23.5 82.584 0
      vertex 20.35 80.7653 0
    endloop
  endfacet
  facet normal 0 0 -1
    outer loop
      vertex 23.5 82.584 0
      vertex 20.35 84.4026 0
      vertex 24.8 92.1102 0
    endloop
  endfacet
  facet normal 0 0 -1
    outer loop
      vertex 11.45 80.7653 0
      vertex 20.35 84.4026 0
      vertex 20.35 80.7653 0
    endloop
  endfacet
  facet normal 0 0 -1
    outer loop
      vertex 11.45 80.7653 0
      vertex 11.45 84.4026 0
      vertex 20.35 84.4026 0
    endloop
  endfacet
  facet normal 0 0 -1
    outer loop
      vertex 7 73.0577 0
      vertex 11.45 84.4026 0
      vertex 11.45 80.7653 0
    endloop
  endfacet
  facet normal -0 0 -1
    outer loop
      vertex 11.45 84.4026 0
      vertex 7 73.0577 0
      vertex 7 92.1102 0
    endloop
  endfacet
  facet normal 0 0 -1
    outer loop
      vertex 44.45 80.7653 0
      vertex 49.35 84.4026 0
      vertex 49.35 80.7653 0
    endloop
  endfacet
  facet normal 0 0 -1
    outer loop
      vertex 44.45 80.7653 0
      vertex 44.45 84.4026 0
      vertex 49.35 84.4026 0
    endloop
  endfacet
  facet normal 0 0 -1
    outer loop
      vertex 44.45 80.7653 0
      vertex 41.3 82.584 0
      vertex 44.45 84.4026 0
    endloop
  endfacet
  facet normal 0 0 -1
    outer loop
      vertex 40 73.0577 0
      vertex 41.3 82.584 0
      vertex 44.45 80.7653 0
    endloop
  endfacet
  facet normal 0 0 -1
    outer loop
      vertex 36.85 74.8763 0
      vertex 40 73.0577 0
      vertex 36.85 71.239 0
    endloop
  endfacet
  facet normal 0 0 -1
    outer loop
      vertex 40 73.0577 0
      vertex 36.85 74.8763 0
      vertex 41.3 82.584 0
    endloop
  endfacet
  facet normal 0 0 -1
    outer loop
      vertex 27.95 71.239 0
      vertex 36.85 74.8763 0
      vertex 36.85 71.239 0
    endloop
  endfacet
  facet normal 0 0 -1
    outer loop
      vertex 27.95 71.239 0
      vertex 27.95 74.8763 0
      vertex 36.85 74.8763 0
    endloop
  endfacet
  facet normal 0 0 -1
    outer loop
      vertex 27.95 71.239 0
      vertex 24.8 73.0577 0
      vertex 27.95 74.8763 0
    endloop
  endfacet
  facet normal 0 0 -1
    outer loop
      vertex 23.5 63.5314 0
      vertex 24.8 73.0577 0
      vertex 27.95 71.239 0
    endloop
  endfacet
  facet normal 0 0 -1
    outer loop
      vertex 20.35 65.3501 0
      vertex 23.5 63.5314 0
      vertex 20.35 61.7127 0
    endloop
  endfacet
  facet normal 0 0 -1
    outer loop
      vertex 23.5 63.5314 0
      vertex 20.35 65.3501 0
      vertex 24.8 73.0577 0
    endloop
  endfacet
  facet normal 0 0 -1
    outer loop
      vertex 11.45 61.7127 0
      vertex 20.35 65.3501 0
      vertex 20.35 61.7127 0
    endloop
  endfacet
  facet normal 0 0 -1
    outer loop
      vertex 11.45 61.7127 0
      vertex 11.45 65.3501 0
      vertex 20.35 65.3501 0
    endloop
  endfacet
  facet normal 0 0 -1
    outer loop
      vertex 7 54.0051 0
      vertex 11.45 65.3501 0
      vertex 11.45 61.7127 0
    endloop
  endfacet
  facet normal -0 0 -1
    outer loop
      vertex 11.45 65.3501 0
      vertex 7 54.0051 0
      vertex 7 73.0577 0
    endloop
  endfacet
  facet normal 0 0 -1
    outer loop
      vertex 44.45 61.7127 0
      vertex 49.35 65.3501 0
      vertex 49.35 61.7127 0
    endloop
  endfacet
  facet normal 0 0 -1
    outer loop
      vertex 44.45 61.7127 0
      vertex 44.45 65.3501 0
      vertex 49.35 65.3501 0
    endloop
  endfacet
  facet normal 0 0 -1
    outer loop
      vertex 44.45 61.7127 0
      vertex 41.3 63.5314 0
      vertex 44.45 65.3501 0
    endloop
  endfacet
  facet normal 0 0 -1
    outer loop
      vertex 40 54.0051 0
      vertex 41.3 63.5314 0
      vertex 44.45 61.7127 0
    endloop
  endfacet
  facet normal 0 0 -1
    outer loop
      vertex 36.85 55.8238 0
      vertex 40 54.0051 0
      vertex 36.85 52.1865 0
    endloop
  endfacet
  facet normal 0 0 -1
    outer loop
      vertex 40 54.0051 0
      vertex 36.85 55.8238 0
      vertex 41.3 63.5314 0
    endloop
  endfacet
  facet normal 0 0 -1
    outer loop
      vertex 27.95 52.1865 0
      vertex 36.85 55.8238 0
      vertex 36.85 52.1865 0
    endloop
  endfacet
  facet normal 0 0 -1
    outer loop
      vertex 27.95 52.1865 0
      vertex 27.95 55.8238 0
      vertex 36.85 55.8238 0
    endloop
  endfacet
  facet normal 0 0 -1
    outer loop
      vertex 27.95 52.1865 0
      vertex 24.8 54.0051 0
      vertex 27.95 55.8238 0
    endloop
  endfacet
  facet normal 0 0 -1
    outer loop
      vertex 23.5 44.4788 0
      vertex 24.8 54.0051 0
      vertex 27.95 52.1865 0
    endloop
  endfacet
  facet normal 0 0 -1
    outer loop
      vertex 20.35 46.2975 0
      vertex 23.5 44.4788 0
      vertex 20.35 42.6602 0
    endloop
  endfacet
  facet normal 0 0 -1
    outer loop
      vertex 23.5 44.4788 0
      vertex 20.35 46.2975 0
      vertex 24.8 54.0051 0
    endloop
  endfacet
  facet normal 0 0 -1
    outer loop
      vertex 11.45 42.6602 0
      vertex 20.35 46.2975 0
      vertex 20.35 42.6602 0
    endloop
  endfacet
  facet normal 0 0 -1
    outer loop
      vertex 11.45 42.6602 0
      vertex 11.45 46.2975 0
      vertex 20.35 46.2975 0
    endloop
  endfacet
  facet normal 0 0 -1
    outer loop
      vertex 7 34.9526 0
      vertex 11.45 46.2975 0
      vertex 11.45 42.6602 0
    endloop
  endfacet
  facet normal -0 0 -1
    outer loop
      vertex 11.45 46.2975 0
      vertex 7 34.9526 0
      vertex 7 54.0051 0
    endloop
  endfacet
  facet normal 0 0 -1
    outer loop
      vertex 44.45 42.6602 0
      vertex 49.35 46.2975 0
      vertex 49.35 42.6602 0
    endloop
  endfacet
  facet normal 0 0 -1
    outer loop
      vertex 44.45 42.6602 0
      vertex 44.45 46.2975 0
      vertex 49.35 46.2975 0
    endloop
  endfacet
  facet normal 0 0 -1
    outer loop
      vertex 44.45 42.6602 0
      vertex 41.3 44.4788 0
      vertex 44.45 46.2975 0
    endloop
  endfacet
  facet normal 0 0 -1
    outer loop
      vertex 40 34.9526 0
      vertex 41.3 44.4788 0
      vertex 44.45 42.6602 0
    endloop
  endfacet
  facet normal 0 0 -1
    outer loop
      vertex 36.85 36.7712 0
      vertex 40 34.9526 0
      vertex 36.85 33.1339 0
    endloop
  endfacet
  facet normal 0 0 -1
    outer loop
      vertex 40 34.9526 0
      vertex 36.85 36.7712 0
      vertex 41.3 44.4788 0
    endloop
  endfacet
  facet normal 0 0 -1
    outer loop
      vertex 27.95 33.1339 0
      vertex 36.85 36.7712 0
      vertex 36.85 33.1339 0
    endloop
  endfacet
  facet normal 0 0 -1
    outer loop
      vertex 27.95 33.1339 0
      vertex 27.95 36.7712 0
      vertex 36.85 36.7712 0
    endloop
  endfacet
  facet normal 0 0 -1
    outer loop
      vertex 27.95 33.1339 0
      vertex 24.8 34.9526 0
      vertex 27.95 36.7712 0
    endloop
  endfacet
  facet normal 0 0 -1
    outer loop
      vertex 23.5 25.4263 0
      vertex 24.8 34.9526 0
      vertex 27.95 33.1339 0
    endloop
  endfacet
  facet normal 0 0 -1
    outer loop
      vertex 20.35 27.2449 0
      vertex 23.5 25.4263 0
      vertex 20.35 23.6076 0
    endloop
  endfacet
  facet normal 0 0 -1
    outer loop
      vertex 23.5 25.4263 0
      vertex 20.35 27.2449 0
      vertex 24.8 34.9526 0
    endloop
  endfacet
  facet normal 0 0 -1
    outer loop
      vertex 17.2694 23.6076 0
      vertex 20.35 27.2449 0
      vertex 20.35 23.6076 0
    endloop
  endfacet
  facet normal 0 0 -1
    outer loop
      vertex 17.2694 23.6076 0
      vertex 16.8996 27.2449 0
      vertex 20.35 27.2449 0
    endloop
  endfacet
  facet normal 0 0 -1
    outer loop
      vertex 15.4483 23.9859 0
      vertex 17.2694 23.6076 0
      vertex 17.1575 23.2779 0
    endloop
  endfacet
  facet normal 0 0 -1
    outer loop
      vertex 15.4483 23.9859 0
      vertex 17.1575 23.2779 0
      vertex 16.8971 22.75 0
    endloop
  endfacet
  facet normal 0 0 -1
    outer loop
      vertex 15.6273 25.3459 0
      vertex 17.2694 23.6076 0
      vertex 15.65 25 0
    endloop
  endfacet
  facet normal 0 0 -1
    outer loop
      vertex 15.295 23.675 0
      vertex 16.8971 22.75 0
      vertex 16.5701 22.2606 0
    endloop
  endfacet
  facet normal 0 0 -1
    outer loop
      vertex 17.2694 23.6076 0
      vertex 15.6273 25.3459 0
      vertex 16.8996 27.2449 0
    endloop
  endfacet
  facet normal 0 0 -1
    outer loop
      vertex 15.1024 23.3868 0
      vertex 16.5701 22.2606 0
      vertex 16.182 21.818 0
    endloop
  endfacet
  facet normal 0 0 -1
    outer loop
      vertex 15.5597 25.6859 0
      vertex 16.8996 27.2449 0
      vertex 15.6273 25.3459 0
    endloop
  endfacet
  facet normal 0 0 -1
    outer loop
      vertex 15.4483 26.0141 0
      vertex 16.8996 27.2449 0
      vertex 15.5597 25.6859 0
    endloop
  endfacet
  facet normal 0 0 -1
    outer loop
      vertex 15.295 26.325 0
      vertex 16.8996 27.2449 0
      vertex 15.4483 26.0141 0
    endloop
  endfacet
  facet normal 0 0 -1
    outer loop
      vertex 17.2694 23.6076 0
      vertex 15.6273 24.6541 0
      vertex 15.65 25 0
    endloop
  endfacet
  facet normal 0 0 -1
    outer loop
      vertex 17.2694 23.6076 0
      vertex 15.5597 24.3141 0
      vertex 15.6273 24.6541 0
    endloop
  endfacet
  facet normal 0 0 -1
    outer loop
      vertex 17.2694 23.6076 0
      vertex 15.4483 23.9859 0
      vertex 15.5597 24.3141 0
    endloop
  endfacet
  facet normal 0 0 -1
    outer loop
      vertex 16.8971 22.75 0
      vertex 15.295 23.675 0
      vertex 15.4483 23.9859 0
    endloop
  endfacet
  facet normal 0 0 -1
    outer loop
      vertex 16.5701 22.2606 0
      vertex 15.1024 23.3868 0
      vertex 15.295 23.675 0
    endloop
  endfacet
  facet normal 0 0 -1
    outer loop
      vertex 16.182 21.818 0
      vertex 14.8738 23.1262 0
      vertex 15.1024 23.3868 0
    endloop
  endfacet
  facet normal 0 0 -1
    outer loop
      vertex 16.182 21.818 0
      vertex 14.6132 22.8976 0
      vertex 14.8738 23.1262 0
    endloop
  endfacet
  facet normal 0 0 -1
    outer loop
      vertex 16.182 21.818 0
      vertex 14.325 22.705 0
      vertex 14.6132 22.8976 0
    endloop
  endfacet
  facet normal 0 0 -1
    outer loop
      vertex 16.182 21.818 0
      vertex 14.0141 22.5517 0
      vertex 14.325 22.705 0
    endloop
  endfacet
  facet normal 0 0 -1
    outer loop
      vertex 16.182 21.818 0
      vertex 13.6859 22.4403 0
      vertex 14.0141 22.5517 0
    endloop
  endfacet
  facet normal 0 0 -1
    outer loop
      vertex 11.0983 19.5921 0
      vertex 13.6859 22.4403 0
      vertex 16.182 21.818 0
    endloop
  endfacet
  facet normal 0 0 -1
    outer loop
      vertex 13.6859 22.4403 0
      vertex 11.0983 19.5921 0
      vertex 13.3459 22.3727 0
    endloop
  endfacet
  facet normal 0 -0 -1
    outer loop
      vertex 11.125 20 0
      vertex 13.3459 22.3727 0
      vertex 11.0983 19.5921 0
    endloop
  endfacet
  facet normal 0 0 -1
    outer loop
      vertex 11.0185 19.1912 0
      vertex 16.182 21.818 0
      vertex 11.182 16.818 0
    endloop
  endfacet
  facet normal 0 0 -1
    outer loop
      vertex 13.3459 22.3727 0
      vertex 11.125 20 0
      vertex 13 22.35 0
    endloop
  endfacet
  facet normal 0 0 -1
    outer loop
      vertex 11.0983 20.4079 0
      vertex 13 22.35 0
      vertex 11.125 20 0
    endloop
  endfacet
  facet normal -0 0 -1
    outer loop
      vertex 13 22.35 0
      vertex 11.0983 20.4079 0
      vertex 12.6541 22.3727 0
    endloop
  endfacet
  facet normal 0 0 -1
    outer loop
      vertex 11.0185 20.8088 0
      vertex 12.6541 22.3727 0
      vertex 11.0983 20.4079 0
    endloop
  endfacet
  facet normal 0 0 -1
    outer loop
      vertex 10.8871 21.1959 0
      vertex 12.3141 22.4403 0
      vertex 11.0185 20.8088 0
    endloop
  endfacet
  facet normal -0 0 -1
    outer loop
      vertex 12.3141 22.4403 0
      vertex 10.8871 21.1959 0
      vertex 11.9859 22.5517 0
    endloop
  endfacet
  facet normal -0 0 -1
    outer loop
      vertex 12.6541 22.3727 0
      vertex 11.0185 20.8088 0
      vertex 12.3141 22.4403 0
    endloop
  endfacet
  facet normal 0 0 -1
    outer loop
      vertex 16.182 21.818 0
      vertex 11.0185 19.1912 0
      vertex 11.0983 19.5921 0
    endloop
  endfacet
  facet normal 0 0 -1
    outer loop
      vertex 11.182 16.818 0
      vertex 10.8871 18.8041 0
      vertex 11.0185 19.1912 0
    endloop
  endfacet
  facet normal 0 0 -1
    outer loop
      vertex 10.2097 17.7903 0
      vertex 11.182 16.818 0
      vertex 10.7394 16.4299 0
    endloop
  endfacet
  facet normal 0 0 -1
    outer loop
      vertex 11.182 16.818 0
      vertex 10.7063 18.4375 0
      vertex 10.8871 18.8041 0
    endloop
  endfacet
  facet normal 0 0 -1
    outer loop
      vertex 11.182 16.818 0
      vertex 10.4792 18.0976 0
      vertex 10.7063 18.4375 0
    endloop
  endfacet
  facet normal 0 0 -1
    outer loop
      vertex 9.90238 17.5208 0
      vertex 10.7394 16.4299 0
      vertex 10.25 16.1029 0
    endloop
  endfacet
  facet normal 0 0 -1
    outer loop
      vertex 11.182 16.818 0
      vertex 10.2097 17.7903 0
      vertex 10.4792 18.0976 0
    endloop
  endfacet
  facet normal 0 0 -1
    outer loop
      vertex 9.5625 17.2937 0
      vertex 10.25 16.1029 0
      vertex 10.0414 16 0
    endloop
  endfacet
  facet normal 0 0 -1
    outer loop
      vertex 10.7394 16.4299 0
      vertex 9.90238 17.5208 0
      vertex 10.2097 17.7903 0
    endloop
  endfacet
  facet normal 0 0 -1
    outer loop
      vertex 41.3 25.4263 0
      vertex 40 34.9526 0
      vertex 44.45 27.2449 0
    endloop
  endfacet
  facet normal 0 -0 -1
    outer loop
      vertex 40 34.9526 0
      vertex 41.3 25.4263 0
      vertex 36.85 33.1339 0
    endloop
  endfacet
  facet normal 0 0 -1
    outer loop
      vertex 41.3 44.4788 0
      vertex 40 54.0051 0
      vertex 44.45 46.2975 0
    endloop
  endfacet
  facet normal 0 -0 -1
    outer loop
      vertex 40 54.0051 0
      vertex 41.3 44.4788 0
      vertex 36.85 52.1865 0
    endloop
  endfacet
  facet normal 0 0 -1
    outer loop
      vertex 41.3 63.5314 0
      vertex 40 73.0577 0
      vertex 44.45 65.3501 0
    endloop
  endfacet
  facet normal 0 -0 -1
    outer loop
      vertex 40 73.0577 0
      vertex 41.3 63.5314 0
      vertex 36.85 71.239 0
    endloop
  endfacet
  facet normal 0 0 -1
    outer loop
      vertex 41.3 82.584 0
      vertex 40 92.1102 0
      vertex 44.45 84.4026 0
    endloop
  endfacet
  facet normal 0 -0 -1
    outer loop
      vertex 40 92.1102 0
      vertex 41.3 82.584 0
      vertex 36.85 90.2916 0
    endloop
  endfacet
  facet normal 0 0 -1
    outer loop
      vertex 41.3 101.637 0
      vertex 40 111.163 0
      vertex 44.45 103.455 0
    endloop
  endfacet
  facet normal 0 -0 -1
    outer loop
      vertex 40 111.163 0
      vertex 41.3 101.637 0
      vertex 36.85 109.344 0
    endloop
  endfacet
  facet normal 0 0 -1
    outer loop
      vertex 41.3 120.689 0
      vertex 40 130.215 0
      vertex 44.45 122.508 0
    endloop
  endfacet
  facet normal 0 -0 -1
    outer loop
      vertex 40 130.215 0
      vertex 41.3 120.689 0
      vertex 36.85 128.397 0
    endloop
  endfacet
  facet normal 0 0 -1
    outer loop
      vertex 55.0561 30.2 0
      vertex 59.2561 30.2 0
      vertex 56.5 25.4263 0
    endloop
  endfacet
  facet normal 0 0 -1
    outer loop
      vertex 59.2561 30.2 0
      vertex 55.0561 30.2 0
      vertex 57.4262 35.6 0
    endloop
  endfacet
  facet normal 0 0 -1
    outer loop
      vertex 51.55 32.4 0
      vertex 55.0561 30.2 0
      vertex 51.55 30.2 0
    endloop
  endfacet
  facet normal 0 0 -1
    outer loop
      vertex 55.0561 30.2 0
      vertex 51.55 32.4 0
      vertex 57.4262 35.6 0
    endloop
  endfacet
  facet normal 0 0 -1
    outer loop
      vertex 51.55 32.4 0
      vertex 51.55 35.6 0
      vertex 57.4262 35.6 0
    endloop
  endfacet
  facet normal 0 0 -1
    outer loop
      vertex 49.35 32.4 0
      vertex 51.55 35.6 0
      vertex 51.55 32.4 0
    endloop
  endfacet
  facet normal 0 0 -1
    outer loop
      vertex 51.55 35.6 0
      vertex 49.35 42.6602 0
      vertex 51.55 42.6602 0
    endloop
  endfacet
  facet normal 0 0 -1
    outer loop
      vertex 51.55 42.6602 0
      vertex 49.35 42.6602 0
      vertex 51.55 46.2975 0
    endloop
  endfacet
  facet normal 0 0 -1
    outer loop
      vertex 51.55 46.2975 0
      vertex 49.35 46.2975 0
      vertex 51.55 61.7127 0
    endloop
  endfacet
  facet normal 0 0 -1
    outer loop
      vertex 49.35 61.7127 0
      vertex 51.55 61.7127 0
      vertex 49.35 46.2975 0
    endloop
  endfacet
  facet normal 0 0 -1
    outer loop
      vertex 49.35 65.3501 0
      vertex 51.55 65.3501 0
      vertex 49.35 61.7127 0
    endloop
  endfacet
  facet normal 0 0 -1
    outer loop
      vertex 51.55 65.3501 0
      vertex 49.35 65.3501 0
      vertex 51.55 80.7653 0
    endloop
  endfacet
  facet normal 0 0 -1
    outer loop
      vertex 51.55 80.7653 0
      vertex 49.35 80.7653 0
      vertex 51.55 84.4026 0
    endloop
  endfacet
  facet normal 0 0 -1
    outer loop
      vertex 49.35 84.4026 0
      vertex 51.55 84.4026 0
      vertex 49.35 80.7653 0
    endloop
  endfacet
  facet normal 0 0 -1
    outer loop
      vertex 51.55 84.4026 0
      vertex 49.35 84.4026 0
      vertex 51.55 99.8179 0
    endloop
  endfacet
  facet normal -0 0 -1
    outer loop
      vertex 51.55 35.6 0
      vertex 49.35 32.4 0
      vertex 49.35 42.6602 0
    endloop
  endfacet
  facet normal -0 0 -1
    outer loop
      vertex 51.55 46.2975 0
      vertex 49.35 42.6602 0
      vertex 49.35 46.2975 0
    endloop
  endfacet
  facet normal 0 0 -1
    outer loop
      vertex 51.55 61.7127 0
      vertex 49.35 61.7127 0
      vertex 51.55 65.3501 0
    endloop
  endfacet
  facet normal 0 0 -1
    outer loop
      vertex 49.35 80.7653 0
      vertex 51.55 80.7653 0
      vertex 49.35 65.3501 0
    endloop
  endfacet
  facet normal 0 0 -1
    outer loop
      vertex 49.35 99.8179 0
      vertex 51.55 99.8179 0
      vertex 49.35 84.4026 0
    endloop
  endfacet
  facet normal 0 0 -1
    outer loop
      vertex 51.55 99.8179 0
      vertex 49.35 99.8179 0
      vertex 51.55 103.455 0
    endloop
  endfacet
  facet normal 0 0 -1
    outer loop
      vertex 49.35 103.455 0
      vertex 51.55 103.455 0
      vertex 49.35 99.8179 0
    endloop
  endfacet
  facet normal 0 0 -1
    outer loop
      vertex 51.55 103.455 0
      vertex 49.35 103.455 0
      vertex 51.55 114.4 0
    endloop
  endfacet
  facet normal 0 0 -1
    outer loop
      vertex 49.35 117.6 0
      vertex 51.55 114.4 0
      vertex 49.35 103.455 0
    endloop
  endfacet
  facet normal 0 0 -1
    outer loop
      vertex 51.55 114.4 0
      vertex 49.35 117.6 0
      vertex 51.55 117.6 0
    endloop
  endfacet
  facet normal 0 0 -1
    outer loop
      vertex 56.5 120.689 0
      vertex 57.8 130.215 0
      vertex 60.95 128.397 0
    endloop
  endfacet
  facet normal 0 0 -1
    outer loop
      vertex 56.5 120.689 0
      vertex 53.35 122.508 0
      vertex 57.8 130.215 0
    endloop
  endfacet
  facet normal 0 0 -1
    outer loop
      vertex 57.0133 119.8 0
      vertex 53.35 122.508 0
      vertex 56.5 120.689 0
    endloop
  endfacet
  facet normal 0 0 -1
    outer loop
      vertex 51.55 117.6 0
      vertex 55.931 114.4 0
      vertex 51.55 114.4 0
    endloop
  endfacet
  facet normal 0 0 -1
    outer loop
      vertex 57.0133 119.8 0
      vertex 51.55 117.6 0
      vertex 51.55 118.87 0
    endloop
  endfacet
  facet normal -0 0 -1
    outer loop
      vertex 57.0133 119.8 0
      vertex 51.55 118.87 0
      vertex 53.35 122.508 0
    endloop
  endfacet
  facet normal 0 0 -1
    outer loop
      vertex 44.45 122.508 0
      vertex 51.55 118.87 0
      vertex 44.45 118.87 0
    endloop
  endfacet
  facet normal 0 0 -1
    outer loop
      vertex 51.55 118.87 0
      vertex 44.45 122.508 0
      vertex 53.35 122.508 0
    endloop
  endfacet
  facet normal 0 0 -1
    outer loop
      vertex 44.45 118.87 0
      vertex 41.3 120.689 0
      vertex 44.45 122.508 0
    endloop
  endfacet
  facet normal 0 0 -1
    outer loop
      vertex 40 111.163 0
      vertex 41.3 120.689 0
      vertex 44.45 118.87 0
    endloop
  endfacet
  facet normal 0 0 -1
    outer loop
      vertex 36.85 112.981 0
      vertex 40 111.163 0
      vertex 36.85 109.344 0
    endloop
  endfacet
  facet normal 0 0 -1
    outer loop
      vertex 40 111.163 0
      vertex 36.85 112.981 0
      vertex 41.3 120.689 0
    endloop
  endfacet
  facet normal 0 0 -1
    outer loop
      vertex 27.95 109.344 0
      vertex 36.85 112.981 0
      vertex 36.85 109.344 0
    endloop
  endfacet
  facet normal 0 0 -1
    outer loop
      vertex 27.95 109.344 0
      vertex 27.95 112.981 0
      vertex 36.85 112.981 0
    endloop
  endfacet
  facet normal 0 0 -1
    outer loop
      vertex 27.95 109.344 0
      vertex 24.8 111.163 0
      vertex 27.95 112.981 0
    endloop
  endfacet
  facet normal 0 0 -1
    outer loop
      vertex 23.5 101.637 0
      vertex 24.8 111.163 0
      vertex 27.95 109.344 0
    endloop
  endfacet
  facet normal 0 0 -1
    outer loop
      vertex 20.35 103.455 0
      vertex 23.5 101.637 0
      vertex 20.35 99.8179 0
    endloop
  endfacet
  facet normal 0 0 -1
    outer loop
      vertex 23.5 101.637 0
      vertex 20.35 103.455 0
      vertex 24.8 111.163 0
    endloop
  endfacet
  facet normal 0 0 -1
    outer loop
      vertex 11.45 99.8179 0
      vertex 20.35 103.455 0
      vertex 20.35 99.8179 0
    endloop
  endfacet
  facet normal 0 0 -1
    outer loop
      vertex 11.45 99.8179 0
      vertex 11.45 103.455 0
      vertex 20.35 103.455 0
    endloop
  endfacet
  facet normal 0 0 -1
    outer loop
      vertex 7 92.1102 0
      vertex 11.45 103.455 0
      vertex 11.45 99.8179 0
    endloop
  endfacet
  facet normal -0 0 -1
    outer loop
      vertex 11.45 103.455 0
      vertex 7 92.1102 0
      vertex 7 111.163 0
    endloop
  endfacet
  facet normal 0 0 -1
    outer loop
      vertex 59.55 106.919 0
      vertex 57.8 111.163 0
      vertex 59.55 109.6 0
    endloop
  endfacet
  facet normal 0 0 -1
    outer loop
      vertex 53.35 103.455 0
      vertex 59.55 106.919 0
      vertex 56.5 101.637 0
    endloop
  endfacet
  facet normal 0 0 -1
    outer loop
      vertex 53.35 103.455 0
      vertex 56.5 101.637 0
      vertex 53.35 99.8179 0
    endloop
  endfacet
  facet normal -0 0 -1
    outer loop
      vertex 59.55 106.919 0
      vertex 53.35 103.455 0
      vertex 57.8 111.163 0
    endloop
  endfacet
  facet normal 0 0 -1
    outer loop
      vertex 51.55 99.8179 0
      vertex 53.35 103.455 0
      vertex 53.35 99.8179 0
    endloop
  endfacet
  facet normal -0 0 -1
    outer loop
      vertex 53.35 103.455 0
      vertex 51.55 99.8179 0
      vertex 51.55 103.455 0
    endloop
  endfacet
  facet normal 0 0 -1
    outer loop
      vertex 57.8 15.9 0
      vertex 56.5 25.4263 0
      vertex 60.95 17.7187 0
    endloop
  endfacet
  facet normal 0 0 -1
    outer loop
      vertex 53.35 23.6076 0
      vertex 56.5 25.4263 0
      vertex 57.8 15.9 0
    endloop
  endfacet
  facet normal 0 0 -1
    outer loop
      vertex 53.35 27.2449 0
      vertex 56.5 25.4263 0
      vertex 53.35 23.6076 0
    endloop
  endfacet
  facet normal 0 0 -1
    outer loop
      vertex 56.5 25.4263 0
      vertex 53.35 27.2449 0
      vertex 55.0561 30.2 0
    endloop
  endfacet
  facet normal 0 0 -1
    outer loop
      vertex 44.45 23.6076 0
      vertex 53.35 27.2449 0
      vertex 53.35 23.6076 0
    endloop
  endfacet
  facet normal 0 0 -1
    outer loop
      vertex 44.45 23.6076 0
      vertex 44.45 27.2449 0
      vertex 53.35 27.2449 0
    endloop
  endfacet
  facet normal 0 0 -1
    outer loop
      vertex 44.45 23.6076 0
      vertex 41.3 25.4263 0
      vertex 44.45 27.2449 0
    endloop
  endfacet
  facet normal 0 0 -1
    outer loop
      vertex 40 15.9 0
      vertex 41.3 25.4263 0
      vertex 44.45 23.6076 0
    endloop
  endfacet
  facet normal 0 0 -1
    outer loop
      vertex 41.3 25.4263 0
      vertex 40 15.9 0
      vertex 36.85 17.7187 0
    endloop
  endfacet
  facet normal 0 0 -1
    outer loop
      vertex 59.55 49.7616 0
      vertex 57.8 54.0051 0
      vertex 59.55 58.2486 0
    endloop
  endfacet
  facet normal 0 0 -1
    outer loop
      vertex 53.35 46.2975 0
      vertex 59.55 49.7616 0
      vertex 56.5 44.4788 0
    endloop
  endfacet
  facet normal 0 0 -1
    outer loop
      vertex 53.35 46.2975 0
      vertex 56.5 44.4788 0
      vertex 53.35 42.6602 0
    endloop
  endfacet
  facet normal -0 0 -1
    outer loop
      vertex 59.55 49.7616 0
      vertex 53.35 46.2975 0
      vertex 57.8 54.0051 0
    endloop
  endfacet
  facet normal 0 0 -1
    outer loop
      vertex 51.55 42.6602 0
      vertex 53.35 46.2975 0
      vertex 53.35 42.6602 0
    endloop
  endfacet
  facet normal -0 0 -1
    outer loop
      vertex 53.35 46.2975 0
      vertex 51.55 42.6602 0
      vertex 51.55 46.2975 0
    endloop
  endfacet
  facet normal 0 0 -1
    outer loop
      vertex 53.35 61.7127 0
      vertex 59.55 58.2486 0
      vertex 57.8 54.0051 0
    endloop
  endfacet
  facet normal 0 0 -1
    outer loop
      vertex 59.55 58.2486 0
      vertex 53.35 61.7127 0
      vertex 56.5 63.5314 0
    endloop
  endfacet
  facet normal 0 0 -1
    outer loop
      vertex 59.55 68.8141 0
      vertex 57.8 73.0577 0
      vertex 59.55 77.3012 0
    endloop
  endfacet
  facet normal 0 0 -1
    outer loop
      vertex 53.35 65.3501 0
      vertex 59.55 68.8141 0
      vertex 56.5 63.5314 0
    endloop
  endfacet
  facet normal 0 0 -1
    outer loop
      vertex 53.35 65.3501 0
      vertex 56.5 63.5314 0
      vertex 53.35 61.7127 0
    endloop
  endfacet
  facet normal -0 0 -1
    outer loop
      vertex 59.55 68.8141 0
      vertex 53.35 65.3501 0
      vertex 57.8 73.0577 0
    endloop
  endfacet
  facet normal 0 0 -1
    outer loop
      vertex 51.55 61.7127 0
      vertex 53.35 65.3501 0
      vertex 53.35 61.7127 0
    endloop
  endfacet
  facet normal -0 0 -1
    outer loop
      vertex 53.35 65.3501 0
      vertex 51.55 61.7127 0
      vertex 51.55 65.3501 0
    endloop
  endfacet
  facet normal 0 0 -1
    outer loop
      vertex 53.35 80.7653 0
      vertex 59.55 77.3012 0
      vertex 57.8 73.0577 0
    endloop
  endfacet
  facet normal 0 0 -1
    outer loop
      vertex 59.55 77.3012 0
      vertex 53.35 80.7653 0
      vertex 56.5 82.584 0
    endloop
  endfacet
  facet normal 0 0 -1
    outer loop
      vertex 59.55 87.8667 0
      vertex 57.8 92.1102 0
      vertex 59.55 96.3538 0
    endloop
  endfacet
  facet normal 0 0 -1
    outer loop
      vertex 53.35 84.4026 0
      vertex 59.55 87.8667 0
      vertex 56.5 82.584 0
    endloop
  endfacet
  facet normal 0 0 -1
    outer loop
      vertex 53.35 84.4026 0
      vertex 56.5 82.584 0
      vertex 53.35 80.7653 0
    endloop
  endfacet
  facet normal -0 0 -1
    outer loop
      vertex 59.55 87.8667 0
      vertex 53.35 84.4026 0
      vertex 57.8 92.1102 0
    endloop
  endfacet
  facet normal 0 0 -1
    outer loop
      vertex 51.55 80.7653 0
      vertex 53.35 84.4026 0
      vertex 53.35 80.7653 0
    endloop
  endfacet
  facet normal -0 0 -1
    outer loop
      vertex 53.35 84.4026 0
      vertex 51.55 80.7653 0
      vertex 51.55 84.4026 0
    endloop
  endfacet
  facet normal 0 0 -1
    outer loop
      vertex 53.35 99.8179 0
      vertex 59.55 96.3538 0
      vertex 57.8 92.1102 0
    endloop
  endfacet
  facet normal 0 0 -1
    outer loop
      vertex 59.55 96.3538 0
      vertex 53.35 99.8179 0
      vertex 56.5 101.637 0
    endloop
  endfacet
  facet normal -0 0 -1
    outer loop
      vertex 71.55 117.6 0
      vertex 60.131 114.4 0
      vertex 71.55 119.8 0
    endloop
  endfacet
  facet normal -0 0 -1
    outer loop
      vertex 60.95 112.981 0
      vertex 57.8 111.163 0
      vertex 60.131 114.4 0
    endloop
  endfacet
  facet normal 0 0 -1
    outer loop
      vertex 60.131 114.4 0
      vertex 57.0133 119.8 0
      vertex 71.55 119.8 0
    endloop
  endfacet
  facet normal 0 0 -1
    outer loop
      vertex 55.931 114.4 0
      vertex 60.131 114.4 0
      vertex 57.8 111.163 0
    endloop
  endfacet
  facet normal 0 0 -1
    outer loop
      vertex 60.131 114.4 0
      vertex 55.931 114.4 0
      vertex 57.0133 119.8 0
    endloop
  endfacet
  facet normal 0 0 -1
    outer loop
      vertex 51.55 117.6 0
      vertex 57.0133 119.8 0
      vertex 55.931 114.4 0
    endloop
  endfacet
  facet normal 0 0 -1
    outer loop
      vertex 74.869 114.4 0
      vertex 71.55 117.6 0
      vertex 72.5165 117.6 0
    endloop
  endfacet
  facet normal 0 0 -1
    outer loop
      vertex 60.131 114.4 0
      vertex 71.55 117.6 0
      vertex 70.669 114.4 0
    endloop
  endfacet
  facet normal 0 0 -1
    outer loop
      vertex 74.869 114.4 0
      vertex 70.669 114.4 0
      vertex 71.55 117.6 0
    endloop
  endfacet
  facet normal 0 0 -1
    outer loop
      vertex 69.85 112.981 0
      vertex 73 111.163 0
      vertex 73.9023 109.6 0
    endloop
  endfacet
  facet normal 0 0 -1
    outer loop
      vertex 73 111.163 0
      vertex 69.85 112.981 0
      vertex 70.669 114.4 0
    endloop
  endfacet
  facet normal 0 0 -1
    outer loop
      vertex 59.55 109.6 0
      vertex 69.85 112.981 0
      vertex 73.9023 109.6 0
    endloop
  endfacet
  facet normal 0 0 -1
    outer loop
      vertex 57.8 111.163 0
      vertex 60.95 112.981 0
      vertex 59.55 109.6 0
    endloop
  endfacet
  facet normal -0 0 -1
    outer loop
      vertex 69.85 112.981 0
      vertex 59.55 109.6 0
      vertex 60.95 112.981 0
    endloop
  endfacet
  facet normal 0 0 -1
    outer loop
      vertex 70.669 114.4 0
      vertex 74.869 114.4 0
      vertex 73 111.163 0
    endloop
  endfacet
  facet normal 0 0 -1
    outer loop
      vertex 76.7165 117.6 0
      vertex 72.5165 117.6 0
      vertex 74.3 120.689 0
    endloop
  endfacet
  facet normal -0 0 -1
    outer loop
      vertex 76.1451 40.4 0
      vertex 73.3738 35.6 0
      vertex 71.9451 40.4 0
    endloop
  endfacet
  facet normal 0 0 -1
    outer loop
      vertex 88.931 114.4 0
      vertex 76.7165 117.6 0
      vertex 87.0835 117.6 0
    endloop
  endfacet
  facet normal 0 -0 -1
    outer loop
      vertex 76.7165 117.6 0
      vertex 88.931 114.4 0
      vertex 74.869 114.4 0
    endloop
  endfacet
  facet normal 0 0 -1
    outer loop
      vertex 155.5 120.689 0
      vertex 156.8 130.215 0
      vertex 159.95 128.397 0
    endloop
  endfacet
  facet normal 0 0 -1
    outer loop
      vertex 157.283 117.6 0
      vertex 153.083 117.6 0
      vertex 155.5 120.689 0
    endloop
  endfacet
  facet normal 0 0 -1
    outer loop
      vertex 152.35 118.87 0
      vertex 155.5 120.689 0
      vertex 153.083 117.6 0
    endloop
  endfacet
  facet normal -0 0 -1
    outer loop
      vertex 155.5 120.689 0
      vertex 152.35 118.87 0
      vertex 152.35 122.508 0
    endloop
  endfacet
  facet normal 0 0 -1
    outer loop
      vertex 155.5 120.689 0
      vertex 152.35 122.508 0
      vertex 156.8 130.215 0
    endloop
  endfacet
  facet normal 0 0 -1
    outer loop
      vertex 143.45 118.87 0
      vertex 152.35 122.508 0
      vertex 152.35 118.87 0
    endloop
  endfacet
  facet normal 0 0 -1
    outer loop
      vertex 143.45 118.87 0
      vertex 143.45 122.508 0
      vertex 152.35 122.508 0
    endloop
  endfacet
  facet normal 0 0 -1
    outer loop
      vertex 142.65 117.6 0
      vertex 143.45 118.87 0
      vertex 142.717 117.6 0
    endloop
  endfacet
  facet normal -0 0 -1
    outer loop
      vertex 143.45 118.87 0
      vertex 142.65 117.6 0
      vertex 143.45 122.508 0
    endloop
  endfacet
  facet normal -0 0 -1
    outer loop
      vertex 143.45 122.508 0
      vertex 142.65 117.6 0
      vertex 142.65 123.893 0
    endloop
  endfacet
  facet normal 0 0 -1
    outer loop
      vertex 159.131 114.4 0
      vertex 169.75 117.6 0
      vertex 169.669 114.4 0
    endloop
  endfacet
  facet normal -0 0 -1
    outer loop
      vertex 169.75 117.6 0
      vertex 159.131 114.4 0
      vertex 157.283 117.6 0
    endloop
  endfacet
  facet normal 0 0 -1
    outer loop
      vertex 156.8 15.9 0
      vertex 155.5 25.4263 0
      vertex 159.95 17.7187 0
    endloop
  endfacet
  facet normal 0 0 -1
    outer loop
      vertex 152.35 23.6076 0
      vertex 155.5 25.4263 0
      vertex 156.8 15.9 0
    endloop
  endfacet
  facet normal 0 0 -1
    outer loop
      vertex 152.35 27.2449 0
      vertex 155.5 25.4263 0
      vertex 152.35 23.6076 0
    endloop
  endfacet
  facet normal 0 0 -1
    outer loop
      vertex 155.5 25.4263 0
      vertex 152.35 27.2449 0
      vertex 155.326 32.4 0
    endloop
  endfacet
  facet normal 0 0 -1
    outer loop
      vertex 143.45 23.6076 0
      vertex 152.35 27.2449 0
      vertex 152.35 23.6076 0
    endloop
  endfacet
  facet normal 0 0 -1
    outer loop
      vertex 143.45 23.6076 0
      vertex 143.45 27.2449 0
      vertex 152.35 27.2449 0
    endloop
  endfacet
  facet normal 0 0 -1
    outer loop
      vertex 140.3 25.4263 0
      vertex 143.45 27.2449 0
      vertex 143.45 23.6076 0
    endloop
  endfacet
  facet normal -0 0 -1
    outer loop
      vertex 143.45 27.2449 0
      vertex 140.3 25.4263 0
      vertex 140.474 32.4 0
    endloop
  endfacet
  facet normal 0 0 -1
    outer loop
      vertex 139 15.9 0
      vertex 140.3 25.4263 0
      vertex 143.45 23.6076 0
    endloop
  endfacet
  facet normal 0 0 -1
    outer loop
      vertex 140.3 25.4263 0
      vertex 139 15.9 0
      vertex 135.85 17.7187 0
    endloop
  endfacet
  facet normal 0 0 -1
    outer loop
      vertex 159.131 114.4 0
      vertex 154.931 114.4 0
      vertex 157.283 117.6 0
    endloop
  endfacet
  facet normal 0 0 -1
    outer loop
      vertex 153.083 117.6 0
      vertex 157.283 117.6 0
      vertex 154.931 114.4 0
    endloop
  endfacet
  facet normal -0 0 -1
    outer loop
      vertex 157.855 40.4 0
      vertex 156.426 35.6 0
      vertex 153.655 40.4 0
    endloop
  endfacet
  facet normal 0 0 -1
    outer loop
      vertex 173.869 114.4 0
      vertex 169.669 114.4 0
      vertex 169.75 117.6 0
    endloop
  endfacet
  facet normal 0 0 -1
    outer loop
      vertex 168.85 112.981 0
      vertex 172 111.163 0
      vertex 172.902 109.6 0
    endloop
  endfacet
  facet normal 0 0 -1
    outer loop
      vertex 172 111.163 0
      vertex 168.85 112.981 0
      vertex 169.669 114.4 0
    endloop
  endfacet
  facet normal 0 0 -1
    outer loop
      vertex 172.902 109.6 0
      vertex 159.95 112.981 0
      vertex 168.85 112.981 0
    endloop
  endfacet
  facet normal 0 0 -1
    outer loop
      vertex 156.8 111.163 0
      vertex 159.131 114.4 0
      vertex 159.95 112.981 0
    endloop
  endfacet
  facet normal 0 0 -1
    outer loop
      vertex 154.931 114.4 0
      vertex 159.131 114.4 0
      vertex 156.8 111.163 0
    endloop
  endfacet
  facet normal 0 0 -1
    outer loop
      vertex 155.898 109.6 0
      vertex 159.95 112.981 0
      vertex 172.902 109.6 0
    endloop
  endfacet
  facet normal 0 0 -1
    outer loop
      vertex 159.95 112.981 0
      vertex 155.898 109.6 0
      vertex 156.8 111.163 0
    endloop
  endfacet
  facet normal 0 0 -1
    outer loop
      vertex 176.45 122.508 0
      vertex 172.787 119.8 0
      vertex 173.3 120.689 0
    endloop
  endfacet
  facet normal 0 0 -1
    outer loop
      vertex 169.669 114.4 0
      vertex 173.869 114.4 0
      vertex 172 111.163 0
    endloop
  endfacet
  facet normal 0 0 -1
    outer loop
      vertex 173.869 114.4 0
      vertex 169.75 117.6 0
      vertex 172.787 119.8 0
    endloop
  endfacet
  facet normal -0 0 -1
    outer loop
      vertex 172.787 119.8 0
      vertex 169.75 117.6 0
      vertex 169.75 119.8 0
    endloop
  endfacet
  facet normal -0 0 -1
    outer loop
      vertex 175.145 40.4 0
      vertex 172.374 35.6 0
      vertex 170.945 40.4 0
    endloop
  endfacet
  facet normal 0 0 -1
    outer loop
      vertex 185.35 103.455 0
      vertex 189.75 103.802 0
      vertex 188.5 101.637 0
    endloop
  endfacet
  facet normal 0 0 -1
    outer loop
      vertex 185.35 103.455 0
      vertex 188.5 101.637 0
      vertex 185.35 99.8179 0
    endloop
  endfacet
  facet normal -0 0 -1
    outer loop
      vertex 189.75 103.802 0
      vertex 185.35 103.455 0
      vertex 189.75 111.076 0
    endloop
  endfacet
  facet normal 0 0 -1
    outer loop
      vertex 181.75 99.8179 0
      vertex 185.35 103.455 0
      vertex 185.35 99.8179 0
    endloop
  endfacet
  facet normal -0 0 -1
    outer loop
      vertex 185.35 103.455 0
      vertex 181.75 99.8179 0
      vertex 181.75 103.455 0
    endloop
  endfacet
  facet normal 0 0 -1
    outer loop
      vertex 185.35 99.8179 0
      vertex 189.75 99.4715 0
      vertex 189.75 92.1968 0
    endloop
  endfacet
  facet normal 0 0 -1
    outer loop
      vertex 189.75 99.4715 0
      vertex 185.35 99.8179 0
      vertex 188.5 101.637 0
    endloop
  endfacet
  facet normal 0 0 -1
    outer loop
      vertex 185.35 84.4026 0
      vertex 189.75 84.749 0
      vertex 188.5 82.584 0
    endloop
  endfacet
  facet normal 0 0 -1
    outer loop
      vertex 185.35 84.4026 0
      vertex 188.5 82.584 0
      vertex 185.35 80.7653 0
    endloop
  endfacet
  facet normal -0 0 -1
    outer loop
      vertex 189.75 84.749 0
      vertex 185.35 84.4026 0
      vertex 189.75 92.0236 0
    endloop
  endfacet
  facet normal 0 0 -1
    outer loop
      vertex 181.75 80.7653 0
      vertex 185.35 84.4026 0
      vertex 185.35 80.7653 0
    endloop
  endfacet
  facet normal -0 0 -1
    outer loop
      vertex 185.35 84.4026 0
      vertex 181.75 80.7653 0
      vertex 181.75 84.4026 0
    endloop
  endfacet
  facet normal 0 0 -1
    outer loop
      vertex 185.35 80.7653 0
      vertex 189.75 80.4189 0
      vertex 189.75 73.1443 0
    endloop
  endfacet
  facet normal 0 0 -1
    outer loop
      vertex 189.75 80.4189 0
      vertex 185.35 80.7653 0
      vertex 188.5 82.584 0
    endloop
  endfacet
  facet normal 0 0 -1
    outer loop
      vertex 185.35 65.3501 0
      vertex 189.75 65.6965 0
      vertex 188.5 63.5314 0
    endloop
  endfacet
  facet normal 0 0 -1
    outer loop
      vertex 185.35 65.3501 0
      vertex 188.5 63.5314 0
      vertex 185.35 61.7127 0
    endloop
  endfacet
  facet normal -0 0 -1
    outer loop
      vertex 189.75 65.6965 0
      vertex 185.35 65.3501 0
      vertex 189.75 72.9711 0
    endloop
  endfacet
  facet normal 0 0 -1
    outer loop
      vertex 181.75 61.7127 0
      vertex 185.35 65.3501 0
      vertex 185.35 61.7127 0
    endloop
  endfacet
  facet normal -0 0 -1
    outer loop
      vertex 185.35 65.3501 0
      vertex 181.75 61.7127 0
      vertex 181.75 65.3501 0
    endloop
  endfacet
  facet normal 0 0 -1
    outer loop
      vertex 185.35 61.7127 0
      vertex 189.75 61.3663 0
      vertex 189.75 54.0917 0
    endloop
  endfacet
  facet normal 0 0 -1
    outer loop
      vertex 189.75 61.3663 0
      vertex 185.35 61.7127 0
      vertex 188.5 63.5314 0
    endloop
  endfacet
  facet normal 0 0 -1
    outer loop
      vertex 185.35 46.2975 0
      vertex 189.75 46.6439 0
      vertex 188.5 44.4788 0
    endloop
  endfacet
  facet normal 0 0 -1
    outer loop
      vertex 185.35 46.2975 0
      vertex 188.5 44.4788 0
      vertex 185.35 42.6602 0
    endloop
  endfacet
  facet normal -0 0 -1
    outer loop
      vertex 189.75 46.6439 0
      vertex 185.35 46.2975 0
      vertex 189.75 53.9185 0
    endloop
  endfacet
  facet normal 0 0 -1
    outer loop
      vertex 181.75 42.6602 0
      vertex 185.35 46.2975 0
      vertex 185.35 42.6602 0
    endloop
  endfacet
  facet normal -0 0 -1
    outer loop
      vertex 185.35 46.2975 0
      vertex 181.75 42.6602 0
      vertex 181.75 46.2975 0
    endloop
  endfacet
  facet normal 0 0 -1
    outer loop
      vertex 188.5 120.689 0
      vertex 189.8 130.215 0
      vertex 192.95 128.397 0
    endloop
  endfacet
  facet normal 0 0 -1
    outer loop
      vertex 188.5 120.689 0
      vertex 185.35 122.508 0
      vertex 189.8 130.215 0
    endloop
  endfacet
  facet normal 0 0 -1
    outer loop
      vertex 189.013 119.8 0
      vertex 185.35 122.508 0
      vertex 188.5 120.689 0
    endloop
  endfacet
  facet normal 0 0 -1
    outer loop
      vertex 187.931 114.4 0
      vertex 176.45 122.508 0
      vertex 185.35 122.508 0
    endloop
  endfacet
  facet normal 0 0 -1
    outer loop
      vertex 173.869 114.4 0
      vertex 176.45 122.508 0
      vertex 187.931 114.4 0
    endloop
  endfacet
  facet normal 0 0 -1
    outer loop
      vertex 172.787 119.8 0
      vertex 176.45 122.508 0
      vertex 173.869 114.4 0
    endloop
  endfacet
  facet normal 0 0 -1
    outer loop
      vertex 173.3 120.689 0
      vertex 172 130.215 0
      vertex 176.45 122.508 0
    endloop
  endfacet
  facet normal 0 -0 -1
    outer loop
      vertex 172 130.215 0
      vertex 173.3 120.689 0
      vertex 168.85 128.397 0
    endloop
  endfacet
  facet normal 0 0 -1
    outer loop
      vertex 189.8 15.9 0
      vertex 188.5 25.4263 0
      vertex 192.95 17.7187 0
    endloop
  endfacet
  facet normal 0 0 -1
    outer loop
      vertex 185.35 23.6076 0
      vertex 188.5 25.4263 0
      vertex 189.8 15.9 0
    endloop
  endfacet
  facet normal 0 0 -1
    outer loop
      vertex 185.35 27.2449 0
      vertex 188.5 25.4263 0
      vertex 185.35 23.6076 0
    endloop
  endfacet
  facet normal 0 0 -1
    outer loop
      vertex 188.5 25.4263 0
      vertex 185.35 27.2449 0
      vertex 187.056 30.2 0
    endloop
  endfacet
  facet normal 0 0 -1
    outer loop
      vertex 176.45 23.6076 0
      vertex 185.35 27.2449 0
      vertex 185.35 23.6076 0
    endloop
  endfacet
  facet normal 0 0 -1
    outer loop
      vertex 176.45 23.6076 0
      vertex 176.45 27.2449 0
      vertex 185.35 27.2449 0
    endloop
  endfacet
  facet normal 0 0 -1
    outer loop
      vertex 173.3 25.4263 0
      vertex 176.45 27.2449 0
      vertex 176.45 23.6076 0
    endloop
  endfacet
  facet normal -0 0 -1
    outer loop
      vertex 176.45 27.2449 0
      vertex 173.3 25.4263 0
      vertex 174.744 30.2 0
    endloop
  endfacet
  facet normal 0 0 -1
    outer loop
      vertex 172 15.9 0
      vertex 173.3 25.4263 0
      vertex 176.45 23.6076 0
    endloop
  endfacet
  facet normal 0 0 -1
    outer loop
      vertex 173.3 25.4263 0
      vertex 172 15.9 0
      vertex 168.85 17.7187 0
    endloop
  endfacet
  facet normal 0 0 -1
    outer loop
      vertex 191.95 57.5558 0
      vertex 189.75 61.3663 0
      vertex 191.95 69.507 0
    endloop
  endfacet
  facet normal 0 0 -1
    outer loop
      vertex 189.75 65.6965 0
      vertex 191.95 69.507 0
      vertex 189.75 61.3663 0
    endloop
  endfacet
  facet normal 0 0 -1
    outer loop
      vertex 189.75 72.9711 0
      vertex 191.95 69.507 0
      vertex 189.75 65.6965 0
    endloop
  endfacet
  facet normal 0 0 -1
    outer loop
      vertex 191.95 69.507 0
      vertex 189.75 72.9711 0
      vertex 191.95 76.6084 0
    endloop
  endfacet
  facet normal 0 0 -1
    outer loop
      vertex 189.75 73.1443 0
      vertex 191.95 76.6084 0
      vertex 189.75 72.9711 0
    endloop
  endfacet
  facet normal 0 0 -1
    outer loop
      vertex 189.75 80.4189 0
      vertex 191.95 76.6084 0
      vertex 189.75 73.1443 0
    endloop
  endfacet
  facet normal 0 0 -1
    outer loop
      vertex 191.95 76.6084 0
      vertex 189.75 80.4189 0
      vertex 191.95 88.5595 0
    endloop
  endfacet
  facet normal 0 0 -1
    outer loop
      vertex 189.75 84.749 0
      vertex 191.95 88.5595 0
      vertex 189.75 80.4189 0
    endloop
  endfacet
  facet normal 0 0 -1
    outer loop
      vertex 189.75 92.0236 0
      vertex 191.95 88.5595 0
      vertex 189.75 84.749 0
    endloop
  endfacet
  facet normal 0 0 -1
    outer loop
      vertex 189.75 92.1968 0
      vertex 191.95 88.5595 0
      vertex 189.75 92.0236 0
    endloop
  endfacet
  facet normal 0 0 -1
    outer loop
      vertex 189.75 99.4715 0
      vertex 191.95 88.5595 0
      vertex 189.75 92.1968 0
    endloop
  endfacet
  facet normal 0 0 -1
    outer loop
      vertex 189.75 103.802 0
      vertex 191.95 88.5595 0
      vertex 189.75 99.4715 0
    endloop
  endfacet
  facet normal 0 0 -1
    outer loop
      vertex 191.95 88.5595 0
      vertex 189.75 103.802 0
      vertex 190.283 117.6 0
    endloop
  endfacet
  facet normal 0 0 -1
    outer loop
      vertex 189.75 111.076 0
      vertex 190.283 117.6 0
      vertex 189.75 103.802 0
    endloop
  endfacet
  facet normal 0 0 -1
    outer loop
      vertex 189.75 111.249 0
      vertex 190.283 117.6 0
      vertex 189.75 111.076 0
    endloop
  endfacet
  facet normal 0 0 -1
    outer loop
      vertex 187.931 114.4 0
      vertex 190.283 117.6 0
      vertex 189.75 111.249 0
    endloop
  endfacet
  facet normal -0 0 -1
    outer loop
      vertex 190.283 117.6 0
      vertex 187.931 114.4 0
      vertex 189.75 118.524 0
    endloop
  endfacet
  facet normal 0 -0 -1
    outer loop
      vertex 189.013 119.8 0
      vertex 189.75 118.524 0
      vertex 187.931 114.4 0
    endloop
  endfacet
  facet normal 0 0 -1
    outer loop
      vertex 189.75 118.524 0
      vertex 189.013 119.8 0
      vertex 189.75 119.8 0
    endloop
  endfacet
  facet normal 0 0 -1
    outer loop
      vertex 185.35 122.508 0
      vertex 189.013 119.8 0
      vertex 187.931 114.4 0
    endloop
  endfacet
  facet normal 0 0 -1
    outer loop
      vertex 185.35 42.6602 0
      vertex 189.75 42.3138 0
      vertex 189.426 35.6 0
    endloop
  endfacet
  facet normal 0 0 -1
    outer loop
      vertex 189.75 42.3138 0
      vertex 185.35 42.6602 0
      vertex 188.5 44.4788 0
    endloop
  endfacet
  facet normal 0 0 -1
    outer loop
      vertex 218.35 118.87 0
      vertex 222.8 130.215 0
      vertex 222.8 111.163 0
    endloop
  endfacet
  facet normal 0 0 -1
    outer loop
      vertex 218.35 118.87 0
      vertex 218.35 122.508 0
      vertex 222.8 130.215 0
    endloop
  endfacet
  facet normal 0 0 -1
    outer loop
      vertex 209.45 118.87 0
      vertex 218.35 122.508 0
      vertex 218.35 118.87 0
    endloop
  endfacet
  facet normal 0 0 -1
    outer loop
      vertex 209.45 118.87 0
      vertex 209.45 122.508 0
      vertex 218.35 122.508 0
    endloop
  endfacet
  facet normal 0 0 -1
    outer loop
      vertex 209.45 118.87 0
      vertex 206.3 120.689 0
      vertex 209.45 122.508 0
    endloop
  endfacet
  facet normal 0 0 -1
    outer loop
      vertex 205 111.163 0
      vertex 206.3 120.689 0
      vertex 209.45 118.87 0
    endloop
  endfacet
  facet normal 0 0 -1
    outer loop
      vertex 201.85 112.981 0
      vertex 205 111.163 0
      vertex 201.85 109.344 0
    endloop
  endfacet
  facet normal 0 0 -1
    outer loop
      vertex 205 111.163 0
      vertex 201.85 112.981 0
      vertex 206.3 120.689 0
    endloop
  endfacet
  facet normal 0 0 -1
    outer loop
      vertex 192.95 109.344 0
      vertex 201.85 112.981 0
      vertex 201.85 109.344 0
    endloop
  endfacet
  facet normal 0 0 -1
    outer loop
      vertex 192.95 109.344 0
      vertex 192.95 112.981 0
      vertex 201.85 112.981 0
    endloop
  endfacet
  facet normal 0 0 -1
    outer loop
      vertex 191.95 107.612 0
      vertex 192.95 112.981 0
      vertex 192.95 109.344 0
    endloop
  endfacet
  facet normal -0 0 -1
    outer loop
      vertex 192.95 112.981 0
      vertex 191.95 107.612 0
      vertex 191.95 114.714 0
    endloop
  endfacet
  facet normal 0 0 -1
    outer loop
      vertex 218.35 99.8179 0
      vertex 222.8 111.163 0
      vertex 222.8 92.1102 0
    endloop
  endfacet
  facet normal 0 0 -1
    outer loop
      vertex 218.35 99.8179 0
      vertex 218.35 103.455 0
      vertex 222.8 111.163 0
    endloop
  endfacet
  facet normal 0 0 -1
    outer loop
      vertex 209.45 99.8179 0
      vertex 218.35 103.455 0
      vertex 218.35 99.8179 0
    endloop
  endfacet
  facet normal 0 0 -1
    outer loop
      vertex 209.45 99.8179 0
      vertex 209.45 103.455 0
      vertex 218.35 103.455 0
    endloop
  endfacet
  facet normal 0 0 -1
    outer loop
      vertex 209.45 99.8179 0
      vertex 206.3 101.637 0
      vertex 209.45 103.455 0
    endloop
  endfacet
  facet normal 0 0 -1
    outer loop
      vertex 205 92.1102 0
      vertex 206.3 101.637 0
      vertex 209.45 99.8179 0
    endloop
  endfacet
  facet normal 0 0 -1
    outer loop
      vertex 201.85 93.9289 0
      vertex 205 92.1102 0
      vertex 201.85 90.2916 0
    endloop
  endfacet
  facet normal 0 0 -1
    outer loop
      vertex 205 92.1102 0
      vertex 201.85 93.9289 0
      vertex 206.3 101.637 0
    endloop
  endfacet
  facet normal 0 0 -1
    outer loop
      vertex 192.95 90.2916 0
      vertex 201.85 93.9289 0
      vertex 201.85 90.2916 0
    endloop
  endfacet
  facet normal 0 0 -1
    outer loop
      vertex 192.95 90.2916 0
      vertex 192.95 93.9289 0
      vertex 201.85 93.9289 0
    endloop
  endfacet
  facet normal 0 0 -1
    outer loop
      vertex 191.95 88.5595 0
      vertex 192.95 93.9289 0
      vertex 192.95 90.2916 0
    endloop
  endfacet
  facet normal -0 0 -1
    outer loop
      vertex 192.95 93.9289 0
      vertex 191.95 88.5595 0
      vertex 191.95 95.6609 0
    endloop
  endfacet
  facet normal 0 0 -1
    outer loop
      vertex 218.35 80.7653 0
      vertex 222.8 92.1102 0
      vertex 222.8 73.0577 0
    endloop
  endfacet
  facet normal 0 0 -1
    outer loop
      vertex 218.35 80.7653 0
      vertex 218.35 84.4026 0
      vertex 222.8 92.1102 0
    endloop
  endfacet
  facet normal 0 0 -1
    outer loop
      vertex 209.45 80.7653 0
      vertex 218.35 84.4026 0
      vertex 218.35 80.7653 0
    endloop
  endfacet
  facet normal 0 0 -1
    outer loop
      vertex 209.45 80.7653 0
      vertex 209.45 84.4026 0
      vertex 218.35 84.4026 0
    endloop
  endfacet
  facet normal 0 0 -1
    outer loop
      vertex 209.45 80.7653 0
      vertex 206.3 82.584 0
      vertex 209.45 84.4026 0
    endloop
  endfacet
  facet normal 0 0 -1
    outer loop
      vertex 205 73.0577 0
      vertex 206.3 82.584 0
      vertex 209.45 80.7653 0
    endloop
  endfacet
  facet normal 0 0 -1
    outer loop
      vertex 201.85 74.8763 0
      vertex 205 73.0577 0
      vertex 201.85 71.239 0
    endloop
  endfacet
  facet normal 0 0 -1
    outer loop
      vertex 205 73.0577 0
      vertex 201.85 74.8763 0
      vertex 206.3 82.584 0
    endloop
  endfacet
  facet normal 0 0 -1
    outer loop
      vertex 192.95 71.239 0
      vertex 201.85 74.8763 0
      vertex 201.85 71.239 0
    endloop
  endfacet
  facet normal 0 0 -1
    outer loop
      vertex 192.95 71.239 0
      vertex 192.95 74.8763 0
      vertex 201.85 74.8763 0
    endloop
  endfacet
  facet normal 0 0 -1
    outer loop
      vertex 191.95 69.507 0
      vertex 192.95 74.8763 0
      vertex 192.95 71.239 0
    endloop
  endfacet
  facet normal -0 0 -1
    outer loop
      vertex 192.95 74.8763 0
      vertex 191.95 69.507 0
      vertex 191.95 76.6084 0
    endloop
  endfacet
  facet normal 0 0 -1
    outer loop
      vertex 218.35 61.7127 0
      vertex 222.8 73.0577 0
      vertex 222.8 54.0051 0
    endloop
  endfacet
  facet normal 0 0 -1
    outer loop
      vertex 218.35 61.7127 0
      vertex 218.35 65.3501 0
      vertex 222.8 73.0577 0
    endloop
  endfacet
  facet normal 0 0 -1
    outer loop
      vertex 209.45 61.7127 0
      vertex 218.35 65.3501 0
      vertex 218.35 61.7127 0
    endloop
  endfacet
  facet normal 0 0 -1
    outer loop
      vertex 209.45 61.7127 0
      vertex 209.45 65.3501 0
      vertex 218.35 65.3501 0
    endloop
  endfacet
  facet normal 0 0 -1
    outer loop
      vertex 209.45 61.7127 0
      vertex 206.3 63.5314 0
      vertex 209.45 65.3501 0
    endloop
  endfacet
  facet normal 0 0 -1
    outer loop
      vertex 205 54.0051 0
      vertex 206.3 63.5314 0
      vertex 209.45 61.7127 0
    endloop
  endfacet
  facet normal 0 0 -1
    outer loop
      vertex 201.85 55.8238 0
      vertex 205 54.0051 0
      vertex 201.85 52.1865 0
    endloop
  endfacet
  facet normal 0 0 -1
    outer loop
      vertex 205 54.0051 0
      vertex 201.85 55.8238 0
      vertex 206.3 63.5314 0
    endloop
  endfacet
  facet normal 0 0 -1
    outer loop
      vertex 192.95 52.1865 0
      vertex 201.85 55.8238 0
      vertex 201.85 52.1865 0
    endloop
  endfacet
  facet normal 0 0 -1
    outer loop
      vertex 192.95 52.1865 0
      vertex 192.95 55.8238 0
      vertex 201.85 55.8238 0
    endloop
  endfacet
  facet normal 0 0 -1
    outer loop
      vertex 189.75 53.9185 0
      vertex 192.95 52.1865 0
      vertex 191.95 50.4544 0
    endloop
  endfacet
  facet normal 0 0 -1
    outer loop
      vertex 192.95 52.1865 0
      vertex 189.75 53.9185 0
      vertex 192.95 55.8238 0
    endloop
  endfacet
  facet normal 0 0 -1
    outer loop
      vertex 218.35 42.6602 0
      vertex 222.8 54.0051 0
      vertex 222.8 34.9526 0
    endloop
  endfacet
  facet normal 0 0 -1
    outer loop
      vertex 218.35 42.6602 0
      vertex 218.35 46.2975 0
      vertex 222.8 54.0051 0
    endloop
  endfacet
  facet normal 0 0 -1
    outer loop
      vertex 209.45 42.6602 0
      vertex 218.35 46.2975 0
      vertex 218.35 42.6602 0
    endloop
  endfacet
  facet normal 0 0 -1
    outer loop
      vertex 209.45 42.6602 0
      vertex 209.45 46.2975 0
      vertex 218.35 46.2975 0
    endloop
  endfacet
  facet normal 0 0 -1
    outer loop
      vertex 209.45 42.6602 0
      vertex 206.3 44.4788 0
      vertex 209.45 46.2975 0
    endloop
  endfacet
  facet normal 0 0 -1
    outer loop
      vertex 205 34.9526 0
      vertex 206.3 44.4788 0
      vertex 209.45 42.6602 0
    endloop
  endfacet
  facet normal 0 0 -1
    outer loop
      vertex 201.85 36.7712 0
      vertex 205 34.9526 0
      vertex 201.85 33.1339 0
    endloop
  endfacet
  facet normal 0 0 -1
    outer loop
      vertex 205 34.9526 0
      vertex 201.85 36.7712 0
      vertex 206.3 44.4788 0
    endloop
  endfacet
  facet normal 0 0 -1
    outer loop
      vertex 192.95 33.1339 0
      vertex 201.85 36.7712 0
      vertex 201.85 33.1339 0
    endloop
  endfacet
  facet normal 0 0 -1
    outer loop
      vertex 192.95 33.1339 0
      vertex 192.95 36.7712 0
      vertex 201.85 36.7712 0
    endloop
  endfacet
  facet normal 0 0 -1
    outer loop
      vertex 189.426 35.6 0
      vertex 192.95 36.7712 0
      vertex 192.95 33.1339 0
    endloop
  endfacet
  facet normal 0 0 -1
    outer loop
      vertex 189.75 42.3138 0
      vertex 191.95 50.4544 0
      vertex 191.95 38.5033 0
    endloop
  endfacet
  facet normal 0 0 -1
    outer loop
      vertex 189.75 46.6439 0
      vertex 191.95 50.4544 0
      vertex 189.75 42.3138 0
    endloop
  endfacet
  facet normal 0 0 -1
    outer loop
      vertex 189.75 53.9185 0
      vertex 191.95 50.4544 0
      vertex 189.75 46.6439 0
    endloop
  endfacet
  facet normal 0 0 -1
    outer loop
      vertex 189.75 54.0917 0
      vertex 192.95 55.8238 0
      vertex 189.75 53.9185 0
    endloop
  endfacet
  facet normal -0 0 -1
    outer loop
      vertex 192.95 55.8238 0
      vertex 189.75 54.0917 0
      vertex 191.95 57.5558 0
    endloop
  endfacet
  facet normal 0 0 -1
    outer loop
      vertex 189.75 61.3663 0
      vertex 191.95 57.5558 0
      vertex 189.75 54.0917 0
    endloop
  endfacet
  facet normal 0 0 -1
    outer loop
      vertex 191.95 88.5595 0
      vertex 190.283 117.6 0
      vertex 191.95 95.6609 0
    endloop
  endfacet
  facet normal 0 0 -1
    outer loop
      vertex 191.95 95.6609 0
      vertex 190.283 117.6 0
      vertex 191.95 107.612 0
    endloop
  endfacet
  facet normal 0 0 -1
    outer loop
      vertex 191.95 107.612 0
      vertex 190.283 117.6 0
      vertex 191.95 114.714 0
    endloop
  endfacet
  facet normal 0 0 -1
    outer loop
      vertex 191.95 114.714 0
      vertex 190.283 117.6 0
      vertex 191.95 117.6 0
    endloop
  endfacet
  facet normal -0 0 -1
    outer loop
      vertex 192.95 36.7712 0
      vertex 189.426 35.6 0
      vertex 191.95 38.5033 0
    endloop
  endfacet
  facet normal -0 0 -1
    outer loop
      vertex 191.95 38.5033 0
      vertex 189.426 35.6 0
      vertex 189.75 42.3138 0
    endloop
  endfacet
  facet normal 0 0 -1
    outer loop
      vertex 187.056 30.2 0
      vertex 192.95 33.1339 0
      vertex 188.5 25.4263 0
    endloop
  endfacet
  facet normal -0 0 -1
    outer loop
      vertex 192.95 33.1339 0
      vertex 187.056 30.2 0
      vertex 189.426 35.6 0
    endloop
  endfacet
  facet normal 0 0 -1
    outer loop
      vertex 174.744 30.2 0
      vertex 189.426 35.6 0
      vertex 187.056 30.2 0
    endloop
  endfacet
  facet normal 0 0 -1
    outer loop
      vertex 174.744 30.2 0
      vertex 172.374 35.6 0
      vertex 189.426 35.6 0
    endloop
  endfacet
  facet normal 0 0 -1
    outer loop
      vertex 170.544 30.2 0
      vertex 174.744 30.2 0
      vertex 173.3 25.4263 0
    endloop
  endfacet
  facet normal 0 0 -1
    outer loop
      vertex 169.75 31.5751 0
      vertex 174.744 30.2 0
      vertex 170.544 30.2 0
    endloop
  endfacet
  facet normal 0 0 -1
    outer loop
      vertex 174.744 30.2 0
      vertex 169.75 31.5751 0
      vertex 172.374 35.6 0
    endloop
  endfacet
  facet normal 0 0 -1
    outer loop
      vertex 169.75 31.5751 0
      vertex 170.544 30.2 0
      vertex 169.75 30.2 0
    endloop
  endfacet
  facet normal 0 0 -1
    outer loop
      vertex 169.274 32.4 0
      vertex 172.374 35.6 0
      vertex 169.75 31.5751 0
    endloop
  endfacet
  facet normal -0 0 -1
    outer loop
      vertex 172.374 35.6 0
      vertex 169.274 32.4 0
      vertex 168.85 36.7712 0
    endloop
  endfacet
  facet normal 0 0 -1
    outer loop
      vertex 172.374 35.6 0
      vertex 168.85 36.7712 0
      vertex 170.945 40.4 0
    endloop
  endfacet
  facet normal 0 0 -1
    outer loop
      vertex 169.274 32.4 0
      vertex 159.95 36.7712 0
      vertex 168.85 36.7712 0
    endloop
  endfacet
  facet normal 0 0 -1
    outer loop
      vertex 159.526 32.4 0
      vertex 159.95 36.7712 0
      vertex 169.274 32.4 0
    endloop
  endfacet
  facet normal 0 0 -1
    outer loop
      vertex 156.426 35.6 0
      vertex 159.95 36.7712 0
      vertex 159.526 32.4 0
    endloop
  endfacet
  facet normal -0 0 -1
    outer loop
      vertex 159.95 36.7712 0
      vertex 156.426 35.6 0
      vertex 157.855 40.4 0
    endloop
  endfacet
  facet normal 0 0 -1
    outer loop
      vertex 155.326 32.4 0
      vertex 159.526 32.4 0
      vertex 155.5 25.4263 0
    endloop
  endfacet
  facet normal 0 0 -1
    outer loop
      vertex 159.526 32.4 0
      vertex 155.326 32.4 0
      vertex 156.426 35.6 0
    endloop
  endfacet
  facet normal 0 0 -1
    outer loop
      vertex 140.474 32.4 0
      vertex 156.426 35.6 0
      vertex 155.326 32.4 0
    endloop
  endfacet
  facet normal 0 0 -1
    outer loop
      vertex 140.474 32.4 0
      vertex 139.374 35.6 0
      vertex 156.426 35.6 0
    endloop
  endfacet
  facet normal 0 0 -1
    outer loop
      vertex 136.274 32.4 0
      vertex 140.474 32.4 0
      vertex 140.3 25.4263 0
    endloop
  endfacet
  facet normal 0 0 -1
    outer loop
      vertex 140.474 32.4 0
      vertex 136.274 32.4 0
      vertex 139.374 35.6 0
    endloop
  endfacet
  facet normal 0 0 -1
    outer loop
      vertex 135.85 36.7712 0
      vertex 139.374 35.6 0
      vertex 136.274 32.4 0
    endloop
  endfacet
  facet normal 0 0 -1
    outer loop
      vertex 139.374 35.6 0
      vertex 135.85 36.7712 0
      vertex 137.945 40.4 0
    endloop
  endfacet
  facet normal 0 0 -1
    outer loop
      vertex 136.274 32.4 0
      vertex 126.95 36.7712 0
      vertex 135.85 36.7712 0
    endloop
  endfacet
  facet normal 0 0 -1
    outer loop
      vertex 126.526 32.4 0
      vertex 126.95 36.7712 0
      vertex 136.274 32.4 0
    endloop
  endfacet
  facet normal 0 0 -1
    outer loop
      vertex 123.426 35.6 0
      vertex 126.95 36.7712 0
      vertex 126.526 32.4 0
    endloop
  endfacet
  facet normal -0 0 -1
    outer loop
      vertex 126.95 36.7712 0
      vertex 123.426 35.6 0
      vertex 124.855 40.4 0
    endloop
  endfacet
  facet normal 0 0 -1
    outer loop
      vertex 122.326 32.4 0
      vertex 126.526 32.4 0
      vertex 122.5 25.4263 0
    endloop
  endfacet
  facet normal 0 0 -1
    outer loop
      vertex 126.526 32.4 0
      vertex 122.326 32.4 0
      vertex 123.426 35.6 0
    endloop
  endfacet
  facet normal 0 0 -1
    outer loop
      vertex 107.474 32.4 0
      vertex 123.426 35.6 0
      vertex 122.326 32.4 0
    endloop
  endfacet
  facet normal 0 0 -1
    outer loop
      vertex 107.474 32.4 0
      vertex 106.374 35.6 0
      vertex 123.426 35.6 0
    endloop
  endfacet
  facet normal 0 0 -1
    outer loop
      vertex 103.274 32.4 0
      vertex 107.474 32.4 0
      vertex 107.3 25.4263 0
    endloop
  endfacet
  facet normal 0 0 -1
    outer loop
      vertex 107.474 32.4 0
      vertex 103.274 32.4 0
      vertex 106.374 35.6 0
    endloop
  endfacet
  facet normal 0 0 -1
    outer loop
      vertex 102.85 36.7712 0
      vertex 106.374 35.6 0
      vertex 103.274 32.4 0
    endloop
  endfacet
  facet normal 0 0 -1
    outer loop
      vertex 106.374 35.6 0
      vertex 102.85 36.7712 0
      vertex 104.945 40.4 0
    endloop
  endfacet
  facet normal 0 0 -1
    outer loop
      vertex 103.274 32.4 0
      vertex 93.95 36.7712 0
      vertex 102.85 36.7712 0
    endloop
  endfacet
  facet normal 0 0 -1
    outer loop
      vertex 93.5263 32.4 0
      vertex 93.95 36.7712 0
      vertex 103.274 32.4 0
    endloop
  endfacet
  facet normal 0 0 -1
    outer loop
      vertex 90.4262 35.6 0
      vertex 93.95 36.7712 0
      vertex 93.5263 32.4 0
    endloop
  endfacet
  facet normal -0 0 -1
    outer loop
      vertex 93.95 36.7712 0
      vertex 90.4262 35.6 0
      vertex 91.8549 40.4 0
    endloop
  endfacet
  facet normal 0 0 -1
    outer loop
      vertex 89.3263 32.4 0
      vertex 93.5263 32.4 0
      vertex 89.5 25.4263 0
    endloop
  endfacet
  facet normal 0 0 -1
    outer loop
      vertex 93.5263 32.4 0
      vertex 89.3263 32.4 0
      vertex 90.4262 35.6 0
    endloop
  endfacet
  facet normal 0 0 -1
    outer loop
      vertex 74.4737 32.4 0
      vertex 90.4262 35.6 0
      vertex 89.3263 32.4 0
    endloop
  endfacet
  facet normal 0 0 -1
    outer loop
      vertex 74.4737 32.4 0
      vertex 73.3738 35.6 0
      vertex 90.4262 35.6 0
    endloop
  endfacet
  facet normal 0 0 -1
    outer loop
      vertex 77.45 27.2449 0
      vertex 71.5439 30.2 0
      vertex 74.4737 32.4 0
    endloop
  endfacet
  facet normal -0 0 -1
    outer loop
      vertex 74.4737 32.4 0
      vertex 71.5439 30.2 0
      vertex 73.3738 35.6 0
    endloop
  endfacet
  facet normal 0 0 -1
    outer loop
      vertex 69.85 36.7712 0
      vertex 73.3738 35.6 0
      vertex 71.5439 30.2 0
    endloop
  endfacet
  facet normal 0 0 -1
    outer loop
      vertex 73.3738 35.6 0
      vertex 69.85 36.7712 0
      vertex 71.9451 40.4 0
    endloop
  endfacet
  facet normal 0 0 -1
    outer loop
      vertex 71.5439 30.2 0
      vertex 60.95 36.7712 0
      vertex 69.85 36.7712 0
    endloop
  endfacet
  facet normal 0 0 -1
    outer loop
      vertex 59.2561 30.2 0
      vertex 60.95 36.7712 0
      vertex 71.5439 30.2 0
    endloop
  endfacet
  facet normal 0 0 -1
    outer loop
      vertex 57.4262 35.6 0
      vertex 60.95 36.7712 0
      vertex 59.2561 30.2 0
    endloop
  endfacet
  facet normal 0 0 -1
    outer loop
      vertex 57.4262 35.6 0
      vertex 56.5 44.4788 0
      vertex 60.95 36.7712 0
    endloop
  endfacet
  facet normal 0 -0 -1
    outer loop
      vertex 56.5 44.4788 0
      vertex 57.4262 35.6 0
      vertex 53.35 42.6602 0
    endloop
  endfacet
  facet normal 0 0 -1
    outer loop
      vertex 225.852 26.0141 0
      vertex 218.35 27.2449 0
      vertex 226.005 26.325 0
    endloop
  endfacet
  facet normal 0 0 -1
    outer loop
      vertex 226.005 26.325 0
      vertex 218.35 27.2449 0
      vertex 222.8 34.9526 0
    endloop
  endfacet
  facet normal 0 0 -1
    outer loop
      vertex 209.45 23.6076 0
      vertex 218.35 27.2449 0
      vertex 218.35 23.6076 0
    endloop
  endfacet
  facet normal 0 0 -1
    outer loop
      vertex 209.45 23.6076 0
      vertex 209.45 27.2449 0
      vertex 218.35 27.2449 0
    endloop
  endfacet
  facet normal 0 0 -1
    outer loop
      vertex 209.45 23.6076 0
      vertex 206.3 25.4263 0
      vertex 209.45 27.2449 0
    endloop
  endfacet
  facet normal 0 0 -1
    outer loop
      vertex 205 15.9 0
      vertex 206.3 25.4263 0
      vertex 209.45 23.6076 0
    endloop
  endfacet
  facet normal 0 0 -1
    outer loop
      vertex 206.3 25.4263 0
      vertex 205 15.9 0
      vertex 201.85 17.7187 0
    endloop
  endfacet
  facet normal 0 0 -1
    outer loop
      vertex 206.3 25.4263 0
      vertex 205 34.9526 0
      vertex 209.45 27.2449 0
    endloop
  endfacet
  facet normal 0 -0 -1
    outer loop
      vertex 205 34.9526 0
      vertex 206.3 25.4263 0
      vertex 201.85 33.1339 0
    endloop
  endfacet
  facet normal 0 0 -1
    outer loop
      vertex 206.3 44.4788 0
      vertex 205 54.0051 0
      vertex 209.45 46.2975 0
    endloop
  endfacet
  facet normal 0 -0 -1
    outer loop
      vertex 205 54.0051 0
      vertex 206.3 44.4788 0
      vertex 201.85 52.1865 0
    endloop
  endfacet
  facet normal 0 0 -1
    outer loop
      vertex 206.3 63.5314 0
      vertex 205 73.0577 0
      vertex 209.45 65.3501 0
    endloop
  endfacet
  facet normal 0 -0 -1
    outer loop
      vertex 205 73.0577 0
      vertex 206.3 63.5314 0
      vertex 201.85 71.239 0
    endloop
  endfacet
  facet normal 0 0 -1
    outer loop
      vertex 206.3 82.584 0
      vertex 205 92.1102 0
      vertex 209.45 84.4026 0
    endloop
  endfacet
  facet normal 0 -0 -1
    outer loop
      vertex 205 92.1102 0
      vertex 206.3 82.584 0
      vertex 201.85 90.2916 0
    endloop
  endfacet
  facet normal 0 0 -1
    outer loop
      vertex 206.3 101.637 0
      vertex 205 111.163 0
      vertex 209.45 103.455 0
    endloop
  endfacet
  facet normal 0 -0 -1
    outer loop
      vertex 205 111.163 0
      vertex 206.3 101.637 0
      vertex 201.85 109.344 0
    endloop
  endfacet
  facet normal 0 0 -1
    outer loop
      vertex 206.3 120.689 0
      vertex 205 130.215 0
      vertex 209.45 122.508 0
    endloop
  endfacet
  facet normal 0 -0 -1
    outer loop
      vertex 205 130.215 0
      vertex 206.3 120.689 0
      vertex 201.85 128.397 0
    endloop
  endfacet
  facet normal 0 0 -1
    outer loop
      vertex 222.8 111.163 0
      vertex 235.779 140.098 0
      vertex 222.8 92.1102 0
    endloop
  endfacet
  facet normal 0 0 -1
    outer loop
      vertex 234.863 139.294 0
      vertex 230.927 136.654 0
      vertex 230.95 137 0
    endloop
  endfacet
  facet normal 0 0 -1
    outer loop
      vertex 235.779 140.098 0
      vertex 222.8 111.163 0
      vertex 235.51 139.79 0
    endloop
  endfacet
  facet normal 0 0 -1
    outer loop
      vertex 234.863 139.294 0
      vertex 230.86 136.314 0
      vertex 230.927 136.654 0
    endloop
  endfacet
  facet normal 0 0 -1
    outer loop
      vertex 222.8 73.0577 0
      vertex 230.86 25.6859 0
      vertex 230.748 26.0141 0
    endloop
  endfacet
  facet normal 0 0 -1
    outer loop
      vertex 235.51 139.79 0
      vertex 222.8 111.163 0
      vertex 235.202 139.521 0
    endloop
  endfacet
  facet normal 0 0 -1
    outer loop
      vertex 222.8 54.0051 0
      vertex 230.748 26.0141 0
      vertex 230.595 26.325 0
    endloop
  endfacet
  facet normal 0 -0 -1
    outer loop
      vertex 230.174 135.126 0
      vertex 235.202 139.521 0
      vertex 222.8 111.163 0
    endloop
  endfacet
  facet normal 0 0 -1
    outer loop
      vertex 222.8 54.0051 0
      vertex 230.595 26.325 0
      vertex 230.402 26.6132 0
    endloop
  endfacet
  facet normal 0 0 -1
    outer loop
      vertex 234.863 139.294 0
      vertex 230.748 135.986 0
      vertex 230.86 136.314 0
    endloop
  endfacet
  facet normal 0 0 -1
    outer loop
      vertex 222.8 54.0051 0
      vertex 230.402 26.6132 0
      vertex 230.174 26.8738 0
    endloop
  endfacet
  facet normal 0 0 -1
    outer loop
      vertex 234.863 139.294 0
      vertex 230.595 135.675 0
      vertex 230.748 135.986 0
    endloop
  endfacet
  facet normal 0 0 -1
    outer loop
      vertex 222.8 54.0051 0
      vertex 230.174 26.8738 0
      vertex 229.913 27.1024 0
    endloop
  endfacet
  facet normal 0 0 -1
    outer loop
      vertex 235.202 139.521 0
      vertex 230.174 135.126 0
      vertex 234.863 139.294 0
    endloop
  endfacet
  facet normal 0 0 -1
    outer loop
      vertex 222.8 54.0051 0
      vertex 229.913 27.1024 0
      vertex 229.625 27.295 0
    endloop
  endfacet
  facet normal 0 0 -1
    outer loop
      vertex 234.863 139.294 0
      vertex 230.402 135.387 0
      vertex 230.595 135.675 0
    endloop
  endfacet
  facet normal 0 0 -1
    outer loop
      vertex 222.8 34.9526 0
      vertex 229.625 27.295 0
      vertex 229.314 27.4483 0
    endloop
  endfacet
  facet normal 0 0 -1
    outer loop
      vertex 234.863 139.294 0
      vertex 230.174 135.126 0
      vertex 230.402 135.387 0
    endloop
  endfacet
  facet normal 0 0 -1
    outer loop
      vertex 222.8 34.9526 0
      vertex 229.314 27.4483 0
      vertex 228.986 27.5597 0
    endloop
  endfacet
  facet normal 0 0 -1
    outer loop
      vertex 230.174 135.126 0
      vertex 222.8 111.163 0
      vertex 229.913 134.898 0
    endloop
  endfacet
  facet normal 0 0 -1
    outer loop
      vertex 222.8 34.9526 0
      vertex 228.986 27.5597 0
      vertex 228.646 27.6273 0
    endloop
  endfacet
  facet normal 0 0 -1
    outer loop
      vertex 229.913 134.898 0
      vertex 222.8 111.163 0
      vertex 229.625 134.705 0
    endloop
  endfacet
  facet normal 0 0 -1
    outer loop
      vertex 222.8 34.9526 0
      vertex 228.646 27.6273 0
      vertex 228.3 27.65 0
    endloop
  endfacet
  facet normal 0 0 -1
    outer loop
      vertex 229.625 134.705 0
      vertex 222.8 111.163 0
      vertex 229.314 134.552 0
    endloop
  endfacet
  facet normal 0 0 -1
    outer loop
      vertex 222.8 34.9526 0
      vertex 228.3 27.65 0
      vertex 227.954 27.6273 0
    endloop
  endfacet
  facet normal 0 0 -1
    outer loop
      vertex 229.314 134.552 0
      vertex 222.8 111.163 0
      vertex 228.986 134.44 0
    endloop
  endfacet
  facet normal 0 0 -1
    outer loop
      vertex 222.8 34.9526 0
      vertex 227.954 27.6273 0
      vertex 227.614 27.5597 0
    endloop
  endfacet
  facet normal 0 0 -1
    outer loop
      vertex 222.8 130.215 0
      vertex 228.986 134.44 0
      vertex 222.8 111.163 0
    endloop
  endfacet
  facet normal 0 0 -1
    outer loop
      vertex 222.8 34.9526 0
      vertex 227.614 27.5597 0
      vertex 227.286 27.4483 0
    endloop
  endfacet
  facet normal 0 0 -1
    outer loop
      vertex 228.986 134.44 0
      vertex 222.8 130.215 0
      vertex 228.646 134.373 0
    endloop
  endfacet
  facet normal 0 0 -1
    outer loop
      vertex 222.8 34.9526 0
      vertex 227.286 27.4483 0
      vertex 226.975 27.295 0
    endloop
  endfacet
  facet normal 0 0 -1
    outer loop
      vertex 228.646 134.373 0
      vertex 222.8 130.215 0
      vertex 228.3 134.35 0
    endloop
  endfacet
  facet normal 0 0 -1
    outer loop
      vertex 222.8 34.9526 0
      vertex 226.975 27.295 0
      vertex 226.687 27.1024 0
    endloop
  endfacet
  facet normal -0 0 -1
    outer loop
      vertex 228.3 134.35 0
      vertex 222.8 130.215 0
      vertex 227.954 134.373 0
    endloop
  endfacet
  facet normal 0 0 -1
    outer loop
      vertex 222.8 34.9526 0
      vertex 226.687 27.1024 0
      vertex 226.426 26.8738 0
    endloop
  endfacet
  facet normal -0 0 -1
    outer loop
      vertex 227.954 134.373 0
      vertex 222.8 130.215 0
      vertex 227.614 134.44 0
    endloop
  endfacet
  facet normal 0 0 -1
    outer loop
      vertex 222.8 34.9526 0
      vertex 226.426 26.8738 0
      vertex 226.198 26.6132 0
    endloop
  endfacet
  facet normal -0 0 -1
    outer loop
      vertex 227.614 134.44 0
      vertex 222.8 130.215 0
      vertex 227.286 134.552 0
    endloop
  endfacet
  facet normal 0 0 -1
    outer loop
      vertex 222.8 34.9526 0
      vertex 226.198 26.6132 0
      vertex 226.005 26.325 0
    endloop
  endfacet
  facet normal -0 0 -1
    outer loop
      vertex 227.286 134.552 0
      vertex 222.8 130.215 0
      vertex 226.975 134.705 0
    endloop
  endfacet
  facet normal 0 0 -1
    outer loop
      vertex 225.74 25.6859 0
      vertex 218.35 27.2449 0
      vertex 225.852 26.0141 0
    endloop
  endfacet
  facet normal -0 0 -1
    outer loop
      vertex 226.975 134.705 0
      vertex 222.8 130.215 0
      vertex 226.687 134.898 0
    endloop
  endfacet
  facet normal 0 0 -1
    outer loop
      vertex 225.673 25.3459 0
      vertex 218.35 27.2449 0
      vertex 225.74 25.6859 0
    endloop
  endfacet
  facet normal -0 0 -1
    outer loop
      vertex 226.687 134.898 0
      vertex 222.8 130.215 0
      vertex 226.426 135.126 0
    endloop
  endfacet
  facet normal 0 0 -1
    outer loop
      vertex 218.35 27.2449 0
      vertex 225.673 25.3459 0
      vertex 218.35 23.6076 0
    endloop
  endfacet
  facet normal -0 0 -1
    outer loop
      vertex 226.426 135.126 0
      vertex 222.8 130.215 0
      vertex 226.198 135.387 0
    endloop
  endfacet
  facet normal 0 0 -1
    outer loop
      vertex 218.35 23.6076 0
      vertex 225.673 25.3459 0
      vertex 225.65 25 0
    endloop
  endfacet
  facet normal -0 0 -1
    outer loop
      vertex 226.198 135.387 0
      vertex 222.8 130.215 0
      vertex 226.005 135.675 0
    endloop
  endfacet
  facet normal 0 0 -1
    outer loop
      vertex 241.3 1.5 0
      vertex 236.319 20.8088 0
      vertex 241.3 148.5 0
    endloop
  endfacet
  facet normal 0 0 -1
    outer loop
      vertex 241.3 148.5 0
      vertex 236.398 141.592 0
      vertex 236.425 142 0
    endloop
  endfacet
  facet normal 0 0 -1
    outer loop
      vertex 236.187 21.1959 0
      vertex 241.3 148.5 0
      vertex 236.319 20.8088 0
    endloop
  endfacet
  facet normal 0 0 -1
    outer loop
      vertex 241.3 148.5 0
      vertex 236.319 141.191 0
      vertex 236.398 141.592 0
    endloop
  endfacet
  facet normal 0 0 -1
    outer loop
      vertex 236.006 21.5625 0
      vertex 241.3 148.5 0
      vertex 236.187 21.1959 0
    endloop
  endfacet
  facet normal 0 0 -1
    outer loop
      vertex 241.3 148.5 0
      vertex 236.187 140.804 0
      vertex 236.319 141.191 0
    endloop
  endfacet
  facet normal 0 0 -1
    outer loop
      vertex 222.8 73.0577 0
      vertex 241.3 148.5 0
      vertex 236.006 21.5625 0
    endloop
  endfacet
  facet normal 0 0 -1
    outer loop
      vertex 241.3 148.5 0
      vertex 236.006 140.438 0
      vertex 236.187 140.804 0
    endloop
  endfacet
  facet normal 0 0 -1
    outer loop
      vertex 222.8 73.0577 0
      vertex 236.006 21.5625 0
      vertex 235.779 21.9024 0
    endloop
  endfacet
  facet normal 0 0 -1
    outer loop
      vertex 222.8 92.1102 0
      vertex 241.3 148.5 0
      vertex 222.8 73.0577 0
    endloop
  endfacet
  facet normal 0 0 -1
    outer loop
      vertex 222.8 73.0577 0
      vertex 235.779 21.9024 0
      vertex 235.51 22.2097 0
    endloop
  endfacet
  facet normal 0 0 -1
    outer loop
      vertex 241.3 148.5 0
      vertex 222.8 92.1102 0
      vertex 236.006 140.438 0
    endloop
  endfacet
  facet normal 0 0 -1
    outer loop
      vertex 222.8 73.0577 0
      vertex 235.51 22.2097 0
      vertex 235.202 22.4792 0
    endloop
  endfacet
  facet normal 0 0 -1
    outer loop
      vertex 236.006 140.438 0
      vertex 222.8 92.1102 0
      vertex 235.779 140.098 0
    endloop
  endfacet
  facet normal 0 0 -1
    outer loop
      vertex 222.8 73.0577 0
      vertex 234.863 22.7063 0
      vertex 230.86 25.6859 0
    endloop
  endfacet
  facet normal 0 0 -1
    outer loop
      vertex 234.863 22.7063 0
      vertex 222.8 73.0577 0
      vertex 235.202 22.4792 0
    endloop
  endfacet
  facet normal 0 0 -1
    outer loop
      vertex 233.708 23.0983 0
      vertex 230.86 25.6859 0
      vertex 234.109 23.0185 0
    endloop
  endfacet
  facet normal 0 0 -1
    outer loop
      vertex 234.109 23.0185 0
      vertex 230.86 25.6859 0
      vertex 234.496 22.8871 0
    endloop
  endfacet
  facet normal 0 0 -1
    outer loop
      vertex 230.86 25.6859 0
      vertex 233.708 23.0983 0
      vertex 230.927 25.3459 0
    endloop
  endfacet
  facet normal 0 0 -1
    outer loop
      vertex 234.496 22.8871 0
      vertex 230.86 25.6859 0
      vertex 234.863 22.7063 0
    endloop
  endfacet
  facet normal 0 0 -1
    outer loop
      vertex 233.3 23.125 0
      vertex 230.927 25.3459 0
      vertex 233.708 23.0983 0
    endloop
  endfacet
  facet normal 0 0 -1
    outer loop
      vertex 234.863 139.294 0
      vertex 230.95 137 0
      vertex 234.496 139.113 0
    endloop
  endfacet
  facet normal 0 0 -1
    outer loop
      vertex 230.927 25.3459 0
      vertex 233.3 23.125 0
      vertex 230.95 25 0
    endloop
  endfacet
  facet normal 0 0 -1
    outer loop
      vertex 234.496 139.113 0
      vertex 230.95 137 0
      vertex 234.109 138.981 0
    endloop
  endfacet
  facet normal 0 0 -1
    outer loop
      vertex 230.95 25 0
      vertex 233.3 23.125 0
      vertex 232.892 23.0983 0
    endloop
  endfacet
  facet normal 0 0 -1
    outer loop
      vertex 234.109 138.981 0
      vertex 230.95 137 0
      vertex 233.708 138.902 0
    endloop
  endfacet
  facet normal 0 0 -1
    outer loop
      vertex 230.927 24.6541 0
      vertex 232.892 23.0983 0
      vertex 232.491 23.0185 0
    endloop
  endfacet
  facet normal 0 0 -1
    outer loop
      vertex 233.708 138.902 0
      vertex 230.95 137 0
      vertex 233.3 138.875 0
    endloop
  endfacet
  facet normal 0 0 -1
    outer loop
      vertex 230.86 24.3141 0
      vertex 232.491 23.0185 0
      vertex 232.104 22.8871 0
    endloop
  endfacet
  facet normal -0 0 -1
    outer loop
      vertex 233.3 138.875 0
      vertex 230.95 137 0
      vertex 232.892 138.902 0
    endloop
  endfacet
  facet normal 0 0 -1
    outer loop
      vertex 230.748 23.9859 0
      vertex 232.104 22.8871 0
      vertex 231.738 22.7063 0
    endloop
  endfacet
  facet normal 0 0 -1
    outer loop
      vertex 230.927 137.346 0
      vertex 232.892 138.902 0
      vertex 230.95 137 0
    endloop
  endfacet
  facet normal 0 0 -1
    outer loop
      vertex 230.595 23.675 0
      vertex 231.738 22.7063 0
      vertex 231.398 22.4792 0
    endloop
  endfacet
  facet normal -0 0 -1
    outer loop
      vertex 232.892 138.902 0
      vertex 230.927 137.346 0
      vertex 232.491 138.981 0
    endloop
  endfacet
  facet normal 0 0 -1
    outer loop
      vertex 230.402 23.3868 0
      vertex 231.398 22.4792 0
      vertex 231.09 22.2097 0
    endloop
  endfacet
  facet normal 0 0 -1
    outer loop
      vertex 230.86 137.686 0
      vertex 232.491 138.981 0
      vertex 230.927 137.346 0
    endloop
  endfacet
  facet normal -0 0 -1
    outer loop
      vertex 232.491 138.981 0
      vertex 230.86 137.686 0
      vertex 232.104 139.113 0
    endloop
  endfacet
  facet normal 0 0 -1
    outer loop
      vertex 232.892 23.0983 0
      vertex 230.927 24.6541 0
      vertex 230.95 25 0
    endloop
  endfacet
  facet normal 0 0 -1
    outer loop
      vertex 232.491 23.0185 0
      vertex 230.86 24.3141 0
      vertex 230.927 24.6541 0
    endloop
  endfacet
  facet normal 0 0 -1
    outer loop
      vertex 229.913 22.8976 0
      vertex 231.09 22.2097 0
      vertex 230.821 21.9024 0
    endloop
  endfacet
  facet normal 0 0 -1
    outer loop
      vertex 232.104 22.8871 0
      vertex 230.748 23.9859 0
      vertex 230.86 24.3141 0
    endloop
  endfacet
  facet normal 0 0 -1
    outer loop
      vertex 231.738 22.7063 0
      vertex 230.595 23.675 0
      vertex 230.748 23.9859 0
    endloop
  endfacet
  facet normal 0 0 -1
    outer loop
      vertex 229.625 22.705 0
      vertex 230.821 21.9024 0
      vertex 230.594 21.5625 0
    endloop
  endfacet
  facet normal 0 0 -1
    outer loop
      vertex 229.314 22.5517 0
      vertex 230.594 21.5625 0
      vertex 230.413 21.1959 0
    endloop
  endfacet
  facet normal 0 0 -1
    outer loop
      vertex 231.398 22.4792 0
      vertex 230.402 23.3868 0
      vertex 230.595 23.675 0
    endloop
  endfacet
  facet normal 0 0 -1
    outer loop
      vertex 228.986 22.4403 0
      vertex 230.413 21.1959 0
      vertex 230.281 20.8088 0
    endloop
  endfacet
  facet normal 0 0 -1
    outer loop
      vertex 228.646 22.3727 0
      vertex 230.281 20.8088 0
      vertex 230.202 20.4079 0
    endloop
  endfacet
  facet normal 0 0 -1
    outer loop
      vertex 231.09 22.2097 0
      vertex 230.174 23.1262 0
      vertex 230.402 23.3868 0
    endloop
  endfacet
  facet normal 0 0 -1
    outer loop
      vertex 228.3 22.35 0
      vertex 230.202 20.4079 0
      vertex 230.175 20 0
    endloop
  endfacet
  facet normal 0 0 -1
    outer loop
      vertex 233.3 16.875 0
      vertex 241.3 1.5 0
      vertex 239.8 0 0
    endloop
  endfacet
  facet normal 0 0 -1
    outer loop
      vertex 236.398 20.4079 0
      vertex 241.3 1.5 0
      vertex 236.425 20 0
    endloop
  endfacet
  facet normal 0 0 -1
    outer loop
      vertex 236.319 20.8088 0
      vertex 241.3 1.5 0
      vertex 236.398 20.4079 0
    endloop
  endfacet
  facet normal 0 0 -1
    outer loop
      vertex 241.3 1.5 0
      vertex 236.398 19.5921 0
      vertex 236.425 20 0
    endloop
  endfacet
  facet normal 0 0 -1
    outer loop
      vertex 241.3 1.5 0
      vertex 236.319 19.1912 0
      vertex 236.398 19.5921 0
    endloop
  endfacet
  facet normal 0 0 -1
    outer loop
      vertex 241.3 1.5 0
      vertex 236.187 18.8041 0
      vertex 236.319 19.1912 0
    endloop
  endfacet
  facet normal 0 0 -1
    outer loop
      vertex 241.3 1.5 0
      vertex 236.006 18.4375 0
      vertex 236.187 18.8041 0
    endloop
  endfacet
  facet normal 0 0 -1
    outer loop
      vertex 241.3 1.5 0
      vertex 235.779 18.0976 0
      vertex 236.006 18.4375 0
    endloop
  endfacet
  facet normal 0 0 -1
    outer loop
      vertex 241.3 1.5 0
      vertex 235.51 17.7903 0
      vertex 235.779 18.0976 0
    endloop
  endfacet
  facet normal 0 0 -1
    outer loop
      vertex 241.3 1.5 0
      vertex 235.202 17.5208 0
      vertex 235.51 17.7903 0
    endloop
  endfacet
  facet normal 0 0 -1
    outer loop
      vertex 241.3 1.5 0
      vertex 234.863 17.2937 0
      vertex 235.202 17.5208 0
    endloop
  endfacet
  facet normal 0 0 -1
    outer loop
      vertex 241.3 1.5 0
      vertex 234.496 17.1129 0
      vertex 234.863 17.2937 0
    endloop
  endfacet
  facet normal 0 0 -1
    outer loop
      vertex 241.3 1.5 0
      vertex 234.109 16.9815 0
      vertex 234.496 17.1129 0
    endloop
  endfacet
  facet normal 0 0 -1
    outer loop
      vertex 241.3 1.5 0
      vertex 233.708 16.9017 0
      vertex 234.109 16.9815 0
    endloop
  endfacet
  facet normal 0 0 -1
    outer loop
      vertex 241.3 1.5 0
      vertex 233.3 16.875 0
      vertex 233.708 16.9017 0
    endloop
  endfacet
  facet normal 0 0 -1
    outer loop
      vertex 239.8 0 0
      vertex 232.892 16.9017 0
      vertex 233.3 16.875 0
    endloop
  endfacet
  facet normal 0 0 -1
    outer loop
      vertex 239.8 0 0
      vertex 232.491 16.9815 0
      vertex 232.892 16.9017 0
    endloop
  endfacet
  facet normal 0 0 -1
    outer loop
      vertex 218.35 8.19237 0
      vertex 232.491 16.9815 0
      vertex 239.8 0 0
    endloop
  endfacet
  facet normal -0 0 -1
    outer loop
      vertex 232.491 16.9815 0
      vertex 218.35 8.19237 0
      vertex 232.104 17.1129 0
    endloop
  endfacet
  facet normal 0 -0 -1
    outer loop
      vertex 222.8 15.9 0
      vertex 232.104 17.1129 0
      vertex 218.35 8.19237 0
    endloop
  endfacet
  facet normal -0 0 -1
    outer loop
      vertex 232.104 17.1129 0
      vertex 222.8 15.9 0
      vertex 231.738 17.2937 0
    endloop
  endfacet
  facet normal -0 0 -1
    outer loop
      vertex 231.738 17.2937 0
      vertex 222.8 15.9 0
      vertex 231.398 17.5208 0
    endloop
  endfacet
  facet normal -0 0 -1
    outer loop
      vertex 231.398 17.5208 0
      vertex 222.8 15.9 0
      vertex 231.09 17.7903 0
    endloop
  endfacet
  facet normal 0 0 -1
    outer loop
      vertex 231.09 22.2097 0
      vertex 229.913 22.8976 0
      vertex 230.174 23.1262 0
    endloop
  endfacet
  facet normal 0 0 -1
    outer loop
      vertex 227.954 22.3727 0
      vertex 230.175 20 0
      vertex 230.202 19.5921 0
    endloop
  endfacet
  facet normal 0 0 -1
    outer loop
      vertex 230.821 21.9024 0
      vertex 229.625 22.705 0
      vertex 229.913 22.8976 0
    endloop
  endfacet
  facet normal 0 0 -1
    outer loop
      vertex 230.594 21.5625 0
      vertex 229.314 22.5517 0
      vertex 229.625 22.705 0
    endloop
  endfacet
  facet normal 0 0 -1
    outer loop
      vertex 227.614 22.4403 0
      vertex 230.202 19.5921 0
      vertex 230.281 19.1912 0
    endloop
  endfacet
  facet normal 0 0 -1
    outer loop
      vertex 230.413 21.1959 0
      vertex 228.986 22.4403 0
      vertex 229.314 22.5517 0
    endloop
  endfacet
  facet normal 0 0 -1
    outer loop
      vertex 222.8 15.9 0
      vertex 230.281 19.1912 0
      vertex 230.413 18.8041 0
    endloop
  endfacet
  facet normal 0 0 -1
    outer loop
      vertex 230.281 20.8088 0
      vertex 228.646 22.3727 0
      vertex 228.986 22.4403 0
    endloop
  endfacet
  facet normal 0 0 -1
    outer loop
      vertex 222.8 15.9 0
      vertex 230.413 18.8041 0
      vertex 230.594 18.4375 0
    endloop
  endfacet
  facet normal 0 0 -1
    outer loop
      vertex 230.202 20.4079 0
      vertex 228.3 22.35 0
      vertex 228.646 22.3727 0
    endloop
  endfacet
  facet normal -0 0 -1
    outer loop
      vertex 230.821 18.0976 0
      vertex 222.8 15.9 0
      vertex 230.594 18.4375 0
    endloop
  endfacet
  facet normal -0 0 -1
    outer loop
      vertex 230.281 19.1912 0
      vertex 222.8 15.9 0
      vertex 227.614 22.4403 0
    endloop
  endfacet
  facet normal 0 0 -1
    outer loop
      vertex 230.175 20 0
      vertex 227.954 22.3727 0
      vertex 228.3 22.35 0
    endloop
  endfacet
  facet normal 0 0 -1
    outer loop
      vertex 230.202 19.5921 0
      vertex 227.614 22.4403 0
      vertex 227.954 22.3727 0
    endloop
  endfacet
  facet normal -0 0 -1
    outer loop
      vertex 227.614 22.4403 0
      vertex 222.8 15.9 0
      vertex 227.286 22.5517 0
    endloop
  endfacet
  facet normal -0 0 -1
    outer loop
      vertex 227.286 22.5517 0
      vertex 222.8 15.9 0
      vertex 226.975 22.705 0
    endloop
  endfacet
  facet normal -0 0 -1
    outer loop
      vertex 226.975 22.705 0
      vertex 222.8 15.9 0
      vertex 226.687 22.8976 0
    endloop
  endfacet
  facet normal -0 0 -1
    outer loop
      vertex 226.687 22.8976 0
      vertex 222.8 15.9 0
      vertex 226.426 23.1262 0
    endloop
  endfacet
  facet normal -0 0 -1
    outer loop
      vertex 226.426 23.1262 0
      vertex 222.8 15.9 0
      vertex 226.198 23.3868 0
    endloop
  endfacet
  facet normal -0 0 -1
    outer loop
      vertex 225.673 24.6541 0
      vertex 218.35 23.6076 0
      vertex 225.65 25 0
    endloop
  endfacet
  facet normal -0 0 -1
    outer loop
      vertex 225.74 24.3141 0
      vertex 218.35 23.6076 0
      vertex 225.673 24.6541 0
    endloop
  endfacet
  facet normal -0 0 -1
    outer loop
      vertex 225.852 23.9859 0
      vertex 218.35 23.6076 0
      vertex 225.74 24.3141 0
    endloop
  endfacet
  facet normal -0 0 -1
    outer loop
      vertex 226.005 23.675 0
      vertex 218.35 23.6076 0
      vertex 225.852 23.9859 0
    endloop
  endfacet
  facet normal 0 0 -1
    outer loop
      vertex 226.198 23.3868 0
      vertex 218.35 23.6076 0
      vertex 226.005 23.675 0
    endloop
  endfacet
  facet normal 0 0 -1
    outer loop
      vertex 218.35 23.6076 0
      vertex 226.198 23.3868 0
      vertex 222.8 15.9 0
    endloop
  endfacet
  facet normal -0 0 -1
    outer loop
      vertex 231.09 17.7903 0
      vertex 222.8 15.9 0
      vertex 230.821 18.0976 0
    endloop
  endfacet
  facet normal 0 0 -1
    outer loop
      vertex 239.8 0 0
      vertex 209.45 8.19237 0
      vertex 218.35 8.19237 0
    endloop
  endfacet
  facet normal 0 0 -1
    outer loop
      vertex 209.45 8.19237 0
      vertex 201.85 17.7187 0
      vertex 205 15.9 0
    endloop
  endfacet
  facet normal 0 0 -1
    outer loop
      vertex 209.45 8.19237 0
      vertex 192.95 17.7187 0
      vertex 201.85 17.7187 0
    endloop
  endfacet
  facet normal 0 0 -1
    outer loop
      vertex 209.45 8.19237 0
      vertex 189.8 15.9 0
      vertex 192.95 17.7187 0
    endloop
  endfacet
  facet normal 0 0 -1
    outer loop
      vertex 209.45 8.19237 0
      vertex 185.35 8.19237 0
      vertex 189.8 15.9 0
    endloop
  endfacet
  facet normal 0 0 -1
    outer loop
      vertex 239.8 0 0
      vertex 185.35 8.19237 0
      vertex 209.45 8.19237 0
    endloop
  endfacet
  facet normal 0 0 -1
    outer loop
      vertex 239.8 0 0
      vertex 176.45 8.19237 0
      vertex 185.35 8.19237 0
    endloop
  endfacet
  facet normal 0 0 -1
    outer loop
      vertex 176.45 8.19237 0
      vertex 168.85 17.7187 0
      vertex 172 15.9 0
    endloop
  endfacet
  facet normal 0 0 -1
    outer loop
      vertex 176.45 8.19237 0
      vertex 159.95 17.7187 0
      vertex 168.85 17.7187 0
    endloop
  endfacet
  facet normal 0 0 -1
    outer loop
      vertex 176.45 8.19237 0
      vertex 156.8 15.9 0
      vertex 159.95 17.7187 0
    endloop
  endfacet
  facet normal 0 0 -1
    outer loop
      vertex 176.45 8.19237 0
      vertex 152.35 8.19237 0
      vertex 156.8 15.9 0
    endloop
  endfacet
  facet normal 0 0 -1
    outer loop
      vertex 239.8 0 0
      vertex 152.35 8.19237 0
      vertex 176.45 8.19237 0
    endloop
  endfacet
  facet normal 0 0 -1
    outer loop
      vertex 239.8 0 0
      vertex 143.45 8.19237 0
      vertex 152.35 8.19237 0
    endloop
  endfacet
  facet normal 0 0 -1
    outer loop
      vertex 143.45 8.19237 0
      vertex 135.85 17.7187 0
      vertex 139 15.9 0
    endloop
  endfacet
  facet normal 0 0 -1
    outer loop
      vertex 143.45 8.19237 0
      vertex 126.95 17.7187 0
      vertex 135.85 17.7187 0
    endloop
  endfacet
  facet normal 0 0 -1
    outer loop
      vertex 143.45 8.19237 0
      vertex 123.8 15.9 0
      vertex 126.95 17.7187 0
    endloop
  endfacet
  facet normal 0 0 -1
    outer loop
      vertex 143.45 8.19237 0
      vertex 119.35 8.19237 0
      vertex 123.8 15.9 0
    endloop
  endfacet
  facet normal 0 0 -1
    outer loop
      vertex 239.8 0 0
      vertex 119.35 8.19237 0
      vertex 143.45 8.19237 0
    endloop
  endfacet
  facet normal 0 0 -1
    outer loop
      vertex 239.8 0 0
      vertex 110.45 8.19237 0
      vertex 119.35 8.19237 0
    endloop
  endfacet
  facet normal 0 0 -1
    outer loop
      vertex 110.45 8.19237 0
      vertex 102.85 17.7187 0
      vertex 106 15.9 0
    endloop
  endfacet
  facet normal 0 0 -1
    outer loop
      vertex 110.45 8.19237 0
      vertex 93.95 17.7187 0
      vertex 102.85 17.7187 0
    endloop
  endfacet
  facet normal 0 0 -1
    outer loop
      vertex 110.45 8.19237 0
      vertex 90.8 15.9 0
      vertex 93.95 17.7187 0
    endloop
  endfacet
  facet normal 0 0 -1
    outer loop
      vertex 110.45 8.19237 0
      vertex 86.35 8.19237 0
      vertex 90.8 15.9 0
    endloop
  endfacet
  facet normal 0 0 -1
    outer loop
      vertex 1.5 0 0
      vertex 110.45 8.19237 0
      vertex 239.8 0 0
    endloop
  endfacet
  facet normal -0 0 -1
    outer loop
      vertex 110.45 8.19237 0
      vertex 1.5 0 0
      vertex 86.35 8.19237 0
    endloop
  endfacet
  facet normal 0 0 -1
    outer loop
      vertex 77.45 8.19237 0
      vertex 69.85 17.7187 0
      vertex 73 15.9 0
    endloop
  endfacet
  facet normal 0 0 -1
    outer loop
      vertex 77.45 8.19237 0
      vertex 60.95 17.7187 0
      vertex 69.85 17.7187 0
    endloop
  endfacet
  facet normal 0 0 -1
    outer loop
      vertex 77.45 8.19237 0
      vertex 57.8 15.9 0
      vertex 60.95 17.7187 0
    endloop
  endfacet
  facet normal 0 0 -1
    outer loop
      vertex 77.45 8.19237 0
      vertex 53.35 8.19237 0
      vertex 57.8 15.9 0
    endloop
  endfacet
  facet normal -0 0 -1
    outer loop
      vertex 86.35 8.19237 0
      vertex 1.5 0 0
      vertex 77.45 8.19237 0
    endloop
  endfacet
  facet normal -0 0 -1
    outer loop
      vertex 77.45 8.19237 0
      vertex 1.5 0 0
      vertex 53.35 8.19237 0
    endloop
  endfacet
  facet normal 0 0 -1
    outer loop
      vertex 44.45 8.19237 0
      vertex 36.85 17.7187 0
      vertex 40 15.9 0
    endloop
  endfacet
  facet normal 0 0 -1
    outer loop
      vertex 44.45 8.19237 0
      vertex 27.95 17.7187 0
      vertex 36.85 17.7187 0
    endloop
  endfacet
  facet normal 0 0 -1
    outer loop
      vertex 44.45 8.19237 0
      vertex 24.8 15.9 0
      vertex 27.95 17.7187 0
    endloop
  endfacet
  facet normal 0 0 -1
    outer loop
      vertex 44.45 8.19237 0
      vertex 20.35 8.19237 0
      vertex 24.8 15.9 0
    endloop
  endfacet
  facet normal -0 0 -1
    outer loop
      vertex 53.35 8.19237 0
      vertex 1.5 0 0
      vertex 44.45 8.19237 0
    endloop
  endfacet
  facet normal -0 0 -1
    outer loop
      vertex 44.45 8.19237 0
      vertex 1.5 0 0
      vertex 20.35 8.19237 0
    endloop
  endfacet
  facet normal 0 0 -1
    outer loop
      vertex 16 8.19237 0
      vertex 10.0414 16 0
      vertex 16 16 0
    endloop
  endfacet
  facet normal 0 0 -1
    outer loop
      vertex 10.25 16.1029 0
      vertex 9.5625 17.2937 0
      vertex 9.90238 17.5208 0
    endloop
  endfacet
  facet normal 0 0 -1
    outer loop
      vertex 10.0414 16 0
      vertex 9.19589 17.1129 0
      vertex 9.5625 17.2937 0
    endloop
  endfacet
  facet normal 0 0 -1
    outer loop
      vertex 10.0414 16 0
      vertex 8.80881 16.9815 0
      vertex 9.19589 17.1129 0
    endloop
  endfacet
  facet normal 0 0 -1
    outer loop
      vertex 0 1.5 0
      vertex 16 8.19237 0
      vertex 1.5 0 0
    endloop
  endfacet
  facet normal 0 0 -1
    outer loop
      vertex 10.0414 16 0
      vertex 8.40789 16.9017 0
      vertex 8.80881 16.9815 0
    endloop
  endfacet
  facet normal 0 0 -1
    outer loop
      vertex 10.0414 16 0
      vertex 8 16.875 0
      vertex 8.40789 16.9017 0
    endloop
  endfacet
  facet normal 0 0 -1
    outer loop
      vertex 10.0414 16 0
      vertex 7.5921 16.9017 0
      vertex 8 16.875 0
    endloop
  endfacet
  facet normal -0 0 -1
    outer loop
      vertex 16 8.19237 0
      vertex 0 1.5 0
      vertex 10.0414 16 0
    endloop
  endfacet
  facet normal -0 0 -1
    outer loop
      vertex 10.0414 16 0
      vertex 0 1.5 0
      vertex 7.5921 16.9017 0
    endloop
  endfacet
  facet normal -0 0 -1
    outer loop
      vertex 7.5921 16.9017 0
      vertex 0 1.5 0
      vertex 7.19119 16.9815 0
    endloop
  endfacet
  facet normal -0 0 -1
    outer loop
      vertex 7.19119 16.9815 0
      vertex 0 1.5 0
      vertex 6.80411 17.1129 0
    endloop
  endfacet
  facet normal -0 0 -1
    outer loop
      vertex 6.80411 17.1129 0
      vertex 0 1.5 0
      vertex 6.4375 17.2937 0
    endloop
  endfacet
  facet normal 0 0 -1
    outer loop
      vertex 4.98148 141.191 0
      vertex 1.5 150 0
      vertex 4.90173 141.592 0
    endloop
  endfacet
  facet normal -0 0 -1
    outer loop
      vertex 4.98148 19.1912 0
      vertex 0 1.5 0
      vertex 4.90173 19.5921 0
    endloop
  endfacet
  facet normal -0 0 -1
    outer loop
      vertex 5.11288 18.8041 0
      vertex 0 1.5 0
      vertex 4.98148 19.1912 0
    endloop
  endfacet
  facet normal -0 0 -1
    outer loop
      vertex 5.29367 18.4375 0
      vertex 0 1.5 0
      vertex 5.11288 18.8041 0
    endloop
  endfacet
  facet normal -0 0 -1
    outer loop
      vertex 5.52077 18.0976 0
      vertex 0 1.5 0
      vertex 5.29367 18.4375 0
    endloop
  endfacet
  facet normal -0 0 -1
    outer loop
      vertex 5.79029 17.7903 0
      vertex 0 1.5 0
      vertex 5.52077 18.0976 0
    endloop
  endfacet
  facet normal -0 0 -1
    outer loop
      vertex 6.09762 17.5208 0
      vertex 0 1.5 0
      vertex 5.79029 17.7903 0
    endloop
  endfacet
  facet normal -0 0 -1
    outer loop
      vertex 6.4375 17.2937 0
      vertex 0 1.5 0
      vertex 6.09762 17.5208 0
    endloop
  endfacet
  facet normal -0 0 -1
    outer loop
      vertex 20.35 8.19237 0
      vertex 1.5 0 0
      vertex 16 8.19237 0
    endloop
  endfacet
  facet normal 0 0 -1
    outer loop
      vertex 236.398 142.408 0
      vertex 241.3 148.5 0
      vertex 236.425 142 0
    endloop
  endfacet
  facet normal 0 0 -1
    outer loop
      vertex 236.319 142.809 0
      vertex 241.3 148.5 0
      vertex 236.398 142.408 0
    endloop
  endfacet
  facet normal 0 0 -1
    outer loop
      vertex 236.187 143.196 0
      vertex 241.3 148.5 0
      vertex 236.319 142.809 0
    endloop
  endfacet
  facet normal 0 0 -1
    outer loop
      vertex 236.006 143.562 0
      vertex 241.3 148.5 0
      vertex 236.187 143.196 0
    endloop
  endfacet
  facet normal 0 0 -1
    outer loop
      vertex 235.779 143.902 0
      vertex 241.3 148.5 0
      vertex 236.006 143.562 0
    endloop
  endfacet
  facet normal 0 0 -1
    outer loop
      vertex 235.51 144.21 0
      vertex 241.3 148.5 0
      vertex 235.779 143.902 0
    endloop
  endfacet
  facet normal -0 0 -1
    outer loop
      vertex 241.3 148.5 0
      vertex 235.51 144.21 0
      vertex 239.8 150 0
    endloop
  endfacet
  facet normal 0 0 -1
    outer loop
      vertex 235.202 144.479 0
      vertex 239.8 150 0
      vertex 235.51 144.21 0
    endloop
  endfacet
  facet normal 0 0 -1
    outer loop
      vertex 234.863 144.706 0
      vertex 239.8 150 0
      vertex 235.202 144.479 0
    endloop
  endfacet
  facet normal 0 0 -1
    outer loop
      vertex 234.496 144.887 0
      vertex 239.8 150 0
      vertex 234.863 144.706 0
    endloop
  endfacet
  facet normal 0 0 -1
    outer loop
      vertex 234.109 145.019 0
      vertex 239.8 150 0
      vertex 234.496 144.887 0
    endloop
  endfacet
  facet normal 0 0 -1
    outer loop
      vertex 233.708 145.098 0
      vertex 239.8 150 0
      vertex 234.109 145.019 0
    endloop
  endfacet
  facet normal 0 0 -1
    outer loop
      vertex 233.3 145.125 0
      vertex 239.8 150 0
      vertex 233.708 145.098 0
    endloop
  endfacet
  facet normal 0 0 -1
    outer loop
      vertex 232.892 145.098 0
      vertex 239.8 150 0
      vertex 233.3 145.125 0
    endloop
  endfacet
  facet normal 0 0 -1
    outer loop
      vertex 232.491 145.019 0
      vertex 239.8 150 0
      vertex 232.892 145.098 0
    endloop
  endfacet
  facet normal 0 0 -1
    outer loop
      vertex 232.104 144.887 0
      vertex 239.8 150 0
      vertex 232.491 145.019 0
    endloop
  endfacet
  facet normal 0 0 -1
    outer loop
      vertex 231.738 144.706 0
      vertex 239.8 150 0
      vertex 232.104 144.887 0
    endloop
  endfacet
  facet normal 0 0 -1
    outer loop
      vertex 228.986 139.56 0
      vertex 230.413 140.804 0
      vertex 229.314 139.448 0
    endloop
  endfacet
  facet normal -0 0 -1
    outer loop
      vertex 230.413 140.804 0
      vertex 228.986 139.56 0
      vertex 230.281 141.191 0
    endloop
  endfacet
  facet normal 0 0 -1
    outer loop
      vertex 228.646 139.627 0
      vertex 230.281 141.191 0
      vertex 228.986 139.56 0
    endloop
  endfacet
  facet normal -0 0 -1
    outer loop
      vertex 230.281 141.191 0
      vertex 228.646 139.627 0
      vertex 230.202 141.592 0
    endloop
  endfacet
  facet normal 0 0 -1
    outer loop
      vertex 228.3 139.65 0
      vertex 230.202 141.592 0
      vertex 228.646 139.627 0
    endloop
  endfacet
  facet normal -0 0 -1
    outer loop
      vertex 230.202 141.592 0
      vertex 228.3 139.65 0
      vertex 230.175 142 0
    endloop
  endfacet
  facet normal 0 0 -1
    outer loop
      vertex 227.954 139.627 0
      vertex 230.175 142 0
      vertex 228.3 139.65 0
    endloop
  endfacet
  facet normal -0 0 -1
    outer loop
      vertex 230.175 142 0
      vertex 227.954 139.627 0
      vertex 230.202 142.408 0
    endloop
  endfacet
  facet normal 0 0 -1
    outer loop
      vertex 227.614 139.56 0
      vertex 230.202 142.408 0
      vertex 227.954 139.627 0
    endloop
  endfacet
  facet normal -0 0 -1
    outer loop
      vertex 230.202 142.408 0
      vertex 227.614 139.56 0
      vertex 230.281 142.809 0
    endloop
  endfacet
  facet normal 0 0 -1
    outer loop
      vertex 227.286 139.448 0
      vertex 230.281 142.809 0
      vertex 227.614 139.56 0
    endloop
  endfacet
  facet normal -0 0 -1
    outer loop
      vertex 230.281 142.809 0
      vertex 227.286 139.448 0
      vertex 230.413 143.196 0
    endloop
  endfacet
  facet normal 0 0 -1
    outer loop
      vertex 226.975 139.295 0
      vertex 230.413 143.196 0
      vertex 227.286 139.448 0
    endloop
  endfacet
  facet normal -0 0 -1
    outer loop
      vertex 230.413 143.196 0
      vertex 226.975 139.295 0
      vertex 230.594 143.562 0
    endloop
  endfacet
  facet normal 0 0 -1
    outer loop
      vertex 218.35 137.923 0
      vertex 230.594 143.562 0
      vertex 226.975 139.295 0
    endloop
  endfacet
  facet normal 0 0 -1
    outer loop
      vertex 218.35 137.923 0
      vertex 226.975 139.295 0
      vertex 226.687 139.102 0
    endloop
  endfacet
  facet normal 0 0 -1
    outer loop
      vertex 218.35 137.923 0
      vertex 226.687 139.102 0
      vertex 226.426 138.874 0
    endloop
  endfacet
  facet normal 0 0 -1
    outer loop
      vertex 218.35 137.923 0
      vertex 226.426 138.874 0
      vertex 226.198 138.613 0
    endloop
  endfacet
  facet normal 0 0 -1
    outer loop
      vertex 229.625 27.295 0
      vertex 222.8 34.9526 0
      vertex 222.8 54.0051 0
    endloop
  endfacet
  facet normal 0 0 -1
    outer loop
      vertex 230.748 26.0141 0
      vertex 222.8 54.0051 0
      vertex 222.8 73.0577 0
    endloop
  endfacet
  facet normal -0 0 -1
    outer loop
      vertex 226.005 135.675 0
      vertex 222.8 130.215 0
      vertex 225.852 135.986 0
    endloop
  endfacet
  facet normal 0 0 -1
    outer loop
      vertex 218.35 137.923 0
      vertex 225.852 135.986 0
      vertex 222.8 130.215 0
    endloop
  endfacet
  facet normal 0 0 -1
    outer loop
      vertex 225.852 135.986 0
      vertex 218.35 137.923 0
      vertex 225.74 136.314 0
    endloop
  endfacet
  facet normal 0 0 -1
    outer loop
      vertex 225.74 136.314 0
      vertex 218.35 137.923 0
      vertex 225.673 136.654 0
    endloop
  endfacet
  facet normal 0 0 -1
    outer loop
      vertex 225.673 136.654 0
      vertex 218.35 137.923 0
      vertex 225.65 137 0
    endloop
  endfacet
  facet normal 0 0 -1
    outer loop
      vertex 225.65 137 0
      vertex 218.35 137.923 0
      vertex 225.673 137.346 0
    endloop
  endfacet
  facet normal 0 0 -1
    outer loop
      vertex 225.673 137.346 0
      vertex 218.35 137.923 0
      vertex 225.74 137.686 0
    endloop
  endfacet
  facet normal 0 0 -1
    outer loop
      vertex 225.74 137.686 0
      vertex 218.35 137.923 0
      vertex 225.852 138.014 0
    endloop
  endfacet
  facet normal 0 0 -1
    outer loop
      vertex 218.35 137.923 0
      vertex 226.005 138.325 0
      vertex 225.852 138.014 0
    endloop
  endfacet
  facet normal 0 0 -1
    outer loop
      vertex 218.35 137.923 0
      vertex 226.198 138.613 0
      vertex 226.005 138.325 0
    endloop
  endfacet
  facet normal -0 0 -1
    outer loop
      vertex 230.594 143.562 0
      vertex 218.35 137.923 0
      vertex 230.821 143.902 0
    endloop
  endfacet
  facet normal 0 0 -1
    outer loop
      vertex 218.35 137.923 0
      vertex 231.09 144.21 0
      vertex 230.821 143.902 0
    endloop
  endfacet
  facet normal 0 0 -1
    outer loop
      vertex 209.45 137.923 0
      vertex 231.09 144.21 0
      vertex 218.35 137.923 0
    endloop
  endfacet
  facet normal -0 0 -1
    outer loop
      vertex 231.09 144.21 0
      vertex 209.45 137.923 0
      vertex 231.398 144.479 0
    endloop
  endfacet
  facet normal -0 0 -1
    outer loop
      vertex 231.398 144.479 0
      vertex 209.45 137.923 0
      vertex 231.738 144.706 0
    endloop
  endfacet
  facet normal -0 0 -1
    outer loop
      vertex 231.738 144.706 0
      vertex 209.45 137.923 0
      vertex 239.8 150 0
    endloop
  endfacet
  facet normal 0 0 -1
    outer loop
      vertex 201.85 128.397 0
      vertex 209.45 137.923 0
      vertex 205 130.215 0
    endloop
  endfacet
  facet normal 0 0 -1
    outer loop
      vertex 192.95 128.397 0
      vertex 209.45 137.923 0
      vertex 201.85 128.397 0
    endloop
  endfacet
  facet normal 0 0 -1
    outer loop
      vertex 189.8 130.215 0
      vertex 209.45 137.923 0
      vertex 192.95 128.397 0
    endloop
  endfacet
  facet normal 0 0 -1
    outer loop
      vertex 185.35 137.923 0
      vertex 209.45 137.923 0
      vertex 189.8 130.215 0
    endloop
  endfacet
  facet normal 0 0 -1
    outer loop
      vertex 209.45 137.923 0
      vertex 185.35 137.923 0
      vertex 239.8 150 0
    endloop
  endfacet
  facet normal 0 0 -1
    outer loop
      vertex 142.65 150 0
      vertex 185.35 137.923 0
      vertex 176.45 137.923 0
    endloop
  endfacet
  facet normal 0 0 -1
    outer loop
      vertex 168.85 128.397 0
      vertex 176.45 137.923 0
      vertex 172 130.215 0
    endloop
  endfacet
  facet normal 0 0 -1
    outer loop
      vertex 159.95 128.397 0
      vertex 176.45 137.923 0
      vertex 168.85 128.397 0
    endloop
  endfacet
  facet normal 0 0 -1
    outer loop
      vertex 156.8 130.215 0
      vertex 176.45 137.923 0
      vertex 159.95 128.397 0
    endloop
  endfacet
  facet normal 0 0 -1
    outer loop
      vertex 152.35 137.923 0
      vertex 176.45 137.923 0
      vertex 156.8 130.215 0
    endloop
  endfacet
  facet normal 0 0 -1
    outer loop
      vertex 142.65 150 0
      vertex 176.45 137.923 0
      vertex 152.35 137.923 0
    endloop
  endfacet
  facet normal 0 0 -1
    outer loop
      vertex 142.65 150 0
      vertex 152.35 137.923 0
      vertex 143.45 137.923 0
    endloop
  endfacet
  facet normal 0 0 -1
    outer loop
      vertex 185.35 137.923 0
      vertex 142.65 150 0
      vertex 239.8 150 0
    endloop
  endfacet
  facet normal 0 0 -1
    outer loop
      vertex 142.65 150 0
      vertex 143.45 137.923 0
      vertex 142.65 136.537 0
    endloop
  endfacet
  facet normal 0 0 -1
    outer loop
      vertex 230.748 138.014 0
      vertex 232.104 139.113 0
      vertex 230.86 137.686 0
    endloop
  endfacet
  facet normal -0 0 -1
    outer loop
      vertex 232.104 139.113 0
      vertex 230.748 138.014 0
      vertex 231.738 139.294 0
    endloop
  endfacet
  facet normal 0 0 -1
    outer loop
      vertex 230.595 138.325 0
      vertex 231.738 139.294 0
      vertex 230.748 138.014 0
    endloop
  endfacet
  facet normal -0 0 -1
    outer loop
      vertex 231.738 139.294 0
      vertex 230.595 138.325 0
      vertex 231.398 139.521 0
    endloop
  endfacet
  facet normal 0 0 -1
    outer loop
      vertex 230.402 138.613 0
      vertex 231.398 139.521 0
      vertex 230.595 138.325 0
    endloop
  endfacet
  facet normal -0 0 -1
    outer loop
      vertex 231.398 139.521 0
      vertex 230.402 138.613 0
      vertex 231.09 139.79 0
    endloop
  endfacet
  facet normal 0 0 -1
    outer loop
      vertex 230.174 138.874 0
      vertex 231.09 139.79 0
      vertex 230.402 138.613 0
    endloop
  endfacet
  facet normal 0 0 -1
    outer loop
      vertex 229.913 139.102 0
      vertex 231.09 139.79 0
      vertex 230.174 138.874 0
    endloop
  endfacet
  facet normal -0 0 -1
    outer loop
      vertex 231.09 139.79 0
      vertex 229.913 139.102 0
      vertex 230.821 140.098 0
    endloop
  endfacet
  facet normal 0 0 -1
    outer loop
      vertex 229.625 139.295 0
      vertex 230.821 140.098 0
      vertex 229.913 139.102 0
    endloop
  endfacet
  facet normal -0 0 -1
    outer loop
      vertex 230.821 140.098 0
      vertex 229.625 139.295 0
      vertex 230.594 140.438 0
    endloop
  endfacet
  facet normal -0 0 -1
    outer loop
      vertex 230.594 140.438 0
      vertex 229.314 139.448 0
      vertex 230.413 140.804 0
    endloop
  endfacet
  facet normal 0 0 -1
    outer loop
      vertex 229.314 139.448 0
      vertex 230.594 140.438 0
      vertex 229.625 139.295 0
    endloop
  endfacet
  facet normal 0 -1 0
    outer loop
      vertex 1.5 0 4
      vertex 16 0 1.8
      vertex 16 0 4
    endloop
  endfacet
  facet normal 0 -1 -0
    outer loop
      vertex 16 0 1.8
      vertex 1.5 0 0
      vertex 225.3 0 1.8
    endloop
  endfacet
  facet normal 0 -1 0
    outer loop
      vertex 1.5 0 0
      vertex 16 0 1.8
      vertex 1.5 0 4
    endloop
  endfacet
  facet normal 0 -1 0
    outer loop
      vertex 225.3 0 1.8
      vertex 239.8 0 4
      vertex 225.3 0 4
    endloop
  endfacet
  facet normal 0 -1 0
    outer loop
      vertex 225.3 0 1.8
      vertex 239.8 0 0
      vertex 239.8 0 4
    endloop
  endfacet
  facet normal 0 -1 0
    outer loop
      vertex 239.8 0 0
      vertex 225.3 0 1.8
      vertex 1.5 0 0
    endloop
  endfacet
  facet normal 1 -0 0
    outer loop
      vertex 59.55 49.7616 1.8
      vertex 59.55 58.2486 0
      vertex 59.55 58.2486 1.8
    endloop
  endfacet
  facet normal 1 0 0
    outer loop
      vertex 59.55 58.2486 0
      vertex 59.55 49.7616 1.8
      vertex 59.55 49.7616 0
    endloop
  endfacet
  facet normal 1 -0 0
    outer loop
      vertex 59.55 68.8141 1.8
      vertex 59.55 77.3012 0
      vertex 59.55 77.3012 1.8
    endloop
  endfacet
  facet normal 1 0 0
    outer loop
      vertex 59.55 77.3012 0
      vertex 59.55 68.8141 1.8
      vertex 59.55 68.8141 0
    endloop
  endfacet
  facet normal 1 -0 0
    outer loop
      vertex 59.55 87.8667 1.8
      vertex 59.55 96.3538 0
      vertex 59.55 96.3538 1.8
    endloop
  endfacet
  facet normal 1 0 0
    outer loop
      vertex 59.55 96.3538 0
      vertex 59.55 87.8667 1.8
      vertex 59.55 87.8667 0
    endloop
  endfacet
  facet normal 1 -0 0
    outer loop
      vertex 59.55 106.919 1.8
      vertex 59.55 109.6 0
      vertex 59.55 109.6 1.8
    endloop
  endfacet
  facet normal 1 0 0
    outer loop
      vertex 59.55 109.6 0
      vertex 59.55 106.919 1.8
      vertex 59.55 106.919 0
    endloop
  endfacet
  facet normal -1 0 0
    outer loop
      vertex 181.75 99.8179 0
      vertex 181.75 103.455 1.8
      vertex 181.75 103.455 0
    endloop
  endfacet
  facet normal -1 -0 0
    outer loop
      vertex 181.75 103.455 1.8
      vertex 181.75 99.8179 0
      vertex 181.75 99.8179 1.8
    endloop
  endfacet
  facet normal -1 0 0
    outer loop
      vertex 181.75 80.7653 0
      vertex 181.75 84.4026 1.8
      vertex 181.75 84.4026 0
    endloop
  endfacet
  facet normal -1 -0 0
    outer loop
      vertex 181.75 84.4026 1.8
      vertex 181.75 80.7653 0
      vertex 181.75 80.7653 1.8
    endloop
  endfacet
  facet normal -1 0 0
    outer loop
      vertex 181.75 61.7127 0
      vertex 181.75 65.3501 1.8
      vertex 181.75 65.3501 0
    endloop
  endfacet
  facet normal -1 -0 0
    outer loop
      vertex 181.75 65.3501 1.8
      vertex 181.75 61.7127 0
      vertex 181.75 61.7127 1.8
    endloop
  endfacet
  facet normal -1 0 0
    outer loop
      vertex 181.75 42.6602 0
      vertex 181.75 46.2975 1.8
      vertex 181.75 46.2975 0
    endloop
  endfacet
  facet normal -1 -0 0
    outer loop
      vertex 181.75 46.2975 1.8
      vertex 181.75 42.6602 0
      vertex 181.75 42.6602 1.8
    endloop
  endfacet
  facet normal 0 -1 0
    outer loop
      vertex 59.55 109.6 0
      vertex 73.9023 109.6 1.8
      vertex 59.55 109.6 1.8
    endloop
  endfacet
  facet normal 0 -1 -0
    outer loop
      vertex 73.9023 109.6 1.8
      vertex 59.55 109.6 0
      vertex 73.9023 109.6 0
    endloop
  endfacet
  facet normal 0 -1 0
    outer loop
      vertex 89.8977 109.6 0
      vertex 98.65 109.6 1.8
      vertex 89.8977 109.6 1.8
    endloop
  endfacet
  facet normal 0 -1 -0
    outer loop
      vertex 98.65 109.6 1.8
      vertex 89.8977 109.6 0
      vertex 98.65 109.6 0
    endloop
  endfacet
  facet normal 0 -1 0
    outer loop
      vertex 155.898 109.6 0
      vertex 172.902 109.6 1.8
      vertex 155.898 109.6 1.8
    endloop
  endfacet
  facet normal 0 -1 -0
    outer loop
      vertex 172.902 109.6 1.8
      vertex 155.898 109.6 0
      vertex 172.902 109.6 0
    endloop
  endfacet
  facet normal 0 1 -0
    outer loop
      vertex 76.1451 40.4 0
      vertex 71.9451 40.4 1.8
      vertex 76.1451 40.4 1.8
    endloop
  endfacet
  facet normal 0 1 0
    outer loop
      vertex 71.9451 40.4 1.8
      vertex 76.1451 40.4 0
      vertex 71.9451 40.4 0
    endloop
  endfacet
  facet normal 0 1 -0
    outer loop
      vertex 91.8549 40.4 0
      vertex 87.6549 40.4 1.8
      vertex 91.8549 40.4 1.8
    endloop
  endfacet
  facet normal 0 1 0
    outer loop
      vertex 87.6549 40.4 1.8
      vertex 91.8549 40.4 0
      vertex 87.6549 40.4 0
    endloop
  endfacet
  facet normal 0 1 -0
    outer loop
      vertex 109.145 40.4 0
      vertex 104.945 40.4 1.8
      vertex 109.145 40.4 1.8
    endloop
  endfacet
  facet normal 0 1 0
    outer loop
      vertex 104.945 40.4 1.8
      vertex 109.145 40.4 0
      vertex 104.945 40.4 0
    endloop
  endfacet
  facet normal 0 1 -0
    outer loop
      vertex 124.855 40.4 0
      vertex 120.655 40.4 1.8
      vertex 124.855 40.4 1.8
    endloop
  endfacet
  facet normal 0 1 0
    outer loop
      vertex 120.655 40.4 1.8
      vertex 124.855 40.4 0
      vertex 120.655 40.4 0
    endloop
  endfacet
  facet normal 0 1 -0
    outer loop
      vertex 142.145 40.4 0
      vertex 137.945 40.4 1.8
      vertex 142.145 40.4 1.8
    endloop
  endfacet
  facet normal 0 1 0
    outer loop
      vertex 137.945 40.4 1.8
      vertex 142.145 40.4 0
      vertex 137.945 40.4 0
    endloop
  endfacet
  facet normal 0 1 -0
    outer loop
      vertex 157.855 40.4 0
      vertex 153.655 40.4 1.8
      vertex 157.855 40.4 1.8
    endloop
  endfacet
  facet normal 0 1 0
    outer loop
      vertex 153.655 40.4 1.8
      vertex 157.855 40.4 0
      vertex 153.655 40.4 0
    endloop
  endfacet
  facet normal 0 1 -0
    outer loop
      vertex 175.145 40.4 0
      vertex 170.945 40.4 1.8
      vertex 175.145 40.4 1.8
    endloop
  endfacet
  facet normal 0 1 0
    outer loop
      vertex 170.945 40.4 1.8
      vertex 175.145 40.4 0
      vertex 170.945 40.4 0
    endloop
  endfacet
  facet normal 1 -0 0
    outer loop
      vertex 98.65 109.6 1.8
      vertex 98.65 112.981 0
      vertex 98.65 112.981 1.8
    endloop
  endfacet
  facet normal 1 0 0
    outer loop
      vertex 98.65 112.981 0
      vertex 98.65 109.6 1.8
      vertex 98.65 109.6 0
    endloop
  endfacet
  facet normal 1 -0 0
    outer loop
      vertex 98.65 128.397 1.8
      vertex 98.65 150 0
      vertex 98.65 150 1.8
    endloop
  endfacet
  facet normal 1 0 0
    outer loop
      vertex 98.65 150 0
      vertex 98.65 128.397 1.8
      vertex 98.65 128.397 0
    endloop
  endfacet
  facet normal -1 0 0
    outer loop
      vertex 142.65 136.537 0
      vertex 142.65 150 1.8
      vertex 142.65 150 0
    endloop
  endfacet
  facet normal -1 -0 0
    outer loop
      vertex 142.65 150 1.8
      vertex 142.65 136.537 0
      vertex 142.65 136.537 1.8
    endloop
  endfacet
  facet normal -1 0 0
    outer loop
      vertex 142.65 117.6 0
      vertex 142.65 123.893 1.8
      vertex 142.65 123.893 0
    endloop
  endfacet
  facet normal -1 -0 0
    outer loop
      vertex 142.65 123.893 1.8
      vertex 142.65 117.6 0
      vertex 142.65 117.6 1.8
    endloop
  endfacet
  facet normal 0 0 1
    outer loop
      vertex 17.4615 25.5874 4
      vertex 17.4615 24.4126 4
      vertex 17.5 25 4
    endloop
  endfacet
  facet normal 0 0 1
    outer loop
      vertex 17.3467 26.1647 4
      vertex 17.4615 24.4126 4
      vertex 17.4615 25.5874 4
    endloop
  endfacet
  facet normal 0 0 1
    outer loop
      vertex 17.3467 26.1647 4
      vertex 17.3467 23.8353 4
      vertex 17.4615 24.4126 4
    endloop
  endfacet
  facet normal 0 0 1
    outer loop
      vertex 17.1575 26.7221 4
      vertex 17.3467 23.8353 4
      vertex 17.3467 26.1647 4
    endloop
  endfacet
  facet normal 0 0 1
    outer loop
      vertex 17.1575 26.7221 4
      vertex 17.1575 23.2779 4
      vertex 17.3467 23.8353 4
    endloop
  endfacet
  facet normal 0 0 1
    outer loop
      vertex 16.8971 27.25 4
      vertex 17.1575 23.2779 4
      vertex 17.1575 26.7221 4
    endloop
  endfacet
  facet normal 0 0 1
    outer loop
      vertex 16.8971 27.25 4
      vertex 16.8971 22.75 4
      vertex 17.1575 23.2779 4
    endloop
  endfacet
  facet normal 0 0 1
    outer loop
      vertex 16.5701 27.7394 4
      vertex 16.8971 22.75 4
      vertex 16.8971 27.25 4
    endloop
  endfacet
  facet normal 0 0 1
    outer loop
      vertex 16.5701 27.7394 4
      vertex 16.5701 22.2606 4
      vertex 16.8971 22.75 4
    endloop
  endfacet
  facet normal 0 0 1
    outer loop
      vertex 16.182 28.182 4
      vertex 16.5701 22.2606 4
      vertex 16.5701 27.7394 4
    endloop
  endfacet
  facet normal 0 0 1
    outer loop
      vertex 16.182 28.182 4
      vertex 16.182 21.818 4
      vertex 16.5701 22.2606 4
    endloop
  endfacet
  facet normal 0 0 1
    outer loop
      vertex 15.7394 28.5701 4
      vertex 16.182 21.818 4
      vertex 16.182 28.182 4
    endloop
  endfacet
  facet normal 0 0 1
    outer loop
      vertex 15.25 28.8971 4
      vertex 16.182 21.818 4
      vertex 15.7394 28.5701 4
    endloop
  endfacet
  facet normal 0 0 1
    outer loop
      vertex 14.7221 29.1575 4
      vertex 16.182 21.818 4
      vertex 15.25 28.8971 4
    endloop
  endfacet
  facet normal 0 0 1
    outer loop
      vertex 14.1647 29.3467 4
      vertex 16.182 21.818 4
      vertex 14.7221 29.1575 4
    endloop
  endfacet
  facet normal 0 0 1
    outer loop
      vertex 13.5874 29.4615 4
      vertex 16.182 21.818 4
      vertex 14.1647 29.3467 4
    endloop
  endfacet
  facet normal 0 0 1
    outer loop
      vertex 13 29.5 4
      vertex 16.182 21.818 4
      vertex 13.5874 29.4615 4
    endloop
  endfacet
  facet normal -0 0 1
    outer loop
      vertex 12.4126 29.4615 4
      vertex 16.182 21.818 4
      vertex 13 29.5 4
    endloop
  endfacet
  facet normal -0 0 1
    outer loop
      vertex 11.8353 29.3467 4
      vertex 16.182 21.818 4
      vertex 12.4126 29.4615 4
    endloop
  endfacet
  facet normal -0 0 1
    outer loop
      vertex 11.2779 29.1575 4
      vertex 16.182 21.818 4
      vertex 11.8353 29.3467 4
    endloop
  endfacet
  facet normal -0 0 1
    outer loop
      vertex 9.81802 28.182 4
      vertex 16.182 21.818 4
      vertex 11.2779 29.1575 4
    endloop
  endfacet
  facet normal 0 0 1
    outer loop
      vertex 9.81802 28.182 4
      vertex 11.2779 29.1575 4
      vertex 10.75 28.8971 4
    endloop
  endfacet
  facet normal 0 0 1
    outer loop
      vertex 16.182 21.818 4
      vertex 9.81802 28.182 4
      vertex 11.182 16.818 4
    endloop
  endfacet
  facet normal 0 0 1
    outer loop
      vertex 9.81802 28.182 4
      vertex 10.75 28.8971 4
      vertex 10.2606 28.5701 4
    endloop
  endfacet
  facet normal -0 0 1
    outer loop
      vertex 4.81802 23.182 4
      vertex 11.182 16.818 4
      vertex 9.81802 28.182 4
    endloop
  endfacet
  facet normal 0 -0 1
    outer loop
      vertex 10.0414 16 4
      vertex 11.182 16.818 4
      vertex 4.81802 23.182 4
    endloop
  endfacet
  facet normal 0 0 1
    outer loop
      vertex 11.182 16.818 4
      vertex 10.0414 16 4
      vertex 10.7394 16.4299 4
    endloop
  endfacet
  facet normal -0 0 1
    outer loop
      vertex 10.0414 16 4
      vertex 16 0 4
      vertex 16 16 4
    endloop
  endfacet
  facet normal 0 0 1
    outer loop
      vertex 10.7394 16.4299 4
      vertex 10.0414 16 4
      vertex 10.25 16.1029 4
    endloop
  endfacet
  facet normal 0 0 1
    outer loop
      vertex 1.5 0 4
      vertex 10.0414 16 4
      vertex 5.95863 16 4
    endloop
  endfacet
  facet normal 0 0 1
    outer loop
      vertex 10.0414 16 4
      vertex 1.5 0 4
      vertex 16 0 4
    endloop
  endfacet
  facet normal 0 0 1
    outer loop
      vertex 0 1.5 4
      vertex 5.95863 16 4
      vertex 0 16 4
    endloop
  endfacet
  facet normal 0 0 1
    outer loop
      vertex 5.95863 16 4
      vertex 0 1.5 4
      vertex 1.5 0 4
    endloop
  endfacet
  facet normal 0 0 1
    outer loop
      vertex 10.0414 16 4
      vertex 4.81802 23.182 4
      vertex 5.95863 16 4
    endloop
  endfacet
  facet normal -0 0 1
    outer loop
      vertex 4.81802 16.818 4
      vertex 5.95863 16 4
      vertex 4.81802 23.182 4
    endloop
  endfacet
  facet normal 0 0 1
    outer loop
      vertex 5.95863 16 4
      vertex 5.26057 16.4299 4
      vertex 5.75 16.1029 4
    endloop
  endfacet
  facet normal 0 0 1
    outer loop
      vertex 5.95863 16 4
      vertex 4.81802 16.818 4
      vertex 5.26057 16.4299 4
    endloop
  endfacet
  facet normal -0 0 1
    outer loop
      vertex 4.42991 22.7394 4
      vertex 4.81802 16.818 4
      vertex 4.81802 23.182 4
    endloop
  endfacet
  facet normal 0 0 1
    outer loop
      vertex 4.42991 22.7394 4
      vertex 4.42991 17.2606 4
      vertex 4.81802 16.818 4
    endloop
  endfacet
  facet normal -0 0 1
    outer loop
      vertex 4.10289 22.25 4
      vertex 4.42991 17.2606 4
      vertex 4.42991 22.7394 4
    endloop
  endfacet
  facet normal 0 0 1
    outer loop
      vertex 4.10289 22.25 4
      vertex 4.10289 17.75 4
      vertex 4.42991 17.2606 4
    endloop
  endfacet
  facet normal -0 0 1
    outer loop
      vertex 3.84254 21.7221 4
      vertex 4.10289 17.75 4
      vertex 4.10289 22.25 4
    endloop
  endfacet
  facet normal 0 0 1
    outer loop
      vertex 3.84254 21.7221 4
      vertex 3.84254 18.2779 4
      vertex 4.10289 17.75 4
    endloop
  endfacet
  facet normal -0 0 1
    outer loop
      vertex 3.65333 21.1647 4
      vertex 3.84254 18.2779 4
      vertex 3.84254 21.7221 4
    endloop
  endfacet
  facet normal 0 0 1
    outer loop
      vertex 3.65333 21.1647 4
      vertex 3.65333 18.8353 4
      vertex 3.84254 18.2779 4
    endloop
  endfacet
  facet normal -0 0 1
    outer loop
      vertex 3.5385 20.5874 4
      vertex 3.65333 18.8353 4
      vertex 3.65333 21.1647 4
    endloop
  endfacet
  facet normal 0 0 1
    outer loop
      vertex 3.5385 20.5874 4
      vertex 3.5385 19.4126 4
      vertex 3.65333 18.8353 4
    endloop
  endfacet
  facet normal 0 -0 1
    outer loop
      vertex 3.5385 19.4126 4
      vertex 3.5385 20.5874 4
      vertex 3.5 20 4
    endloop
  endfacet
  facet normal 1 0 0
    outer loop
      vertex 16 16 4
      vertex 16 8.19237 1.8
      vertex 16 16 0
    endloop
  endfacet
  facet normal 1 -0 0
    outer loop
      vertex 16 0 4
      vertex 16 8.19237 1.8
      vertex 16 16 4
    endloop
  endfacet
  facet normal 1 0 0
    outer loop
      vertex 16 8.19237 1.8
      vertex 16 0 4
      vertex 16 0 1.8
    endloop
  endfacet
  facet normal 1 0 0
    outer loop
      vertex 16 16 0
      vertex 16 8.19237 1.8
      vertex 16 8.19237 0
    endloop
  endfacet
  facet normal 0 1 -0
    outer loop
      vertex 16 16 0
      vertex 10.0414 16 4
      vertex 16 16 4
    endloop
  endfacet
  facet normal 0 1 0
    outer loop
      vertex 10.0414 16 4
      vertex 16 16 0
      vertex 10.0414 16 0
    endloop
  endfacet
  facet normal 0 1 -0
    outer loop
      vertex 5.95863 16 1.8
      vertex 0 16 4
      vertex 5.95863 16 4
    endloop
  endfacet
  facet normal 0 1 0
    outer loop
      vertex 0 16 4
      vertex 5.95863 16 1.8
      vertex 0 16 1.8
    endloop
  endfacet
  facet normal -0 0 1
    outer loop
      vertex 1.5 150 4
      vertex 16 134 4
      vertex 16 150 4
    endloop
  endfacet
  facet normal -0 0 1
    outer loop
      vertex 0 148.5 4
      vertex 16 134 4
      vertex 1.5 150 4
    endloop
  endfacet
  facet normal 0 0 1
    outer loop
      vertex 16 134 4
      vertex 0 148.5 4
      vertex 0 134 4
    endloop
  endfacet
  facet normal 1 0 0
    outer loop
      vertex 16 150 4
      vertex 16 137.923 1.8
      vertex 16 150 1.8
    endloop
  endfacet
  facet normal 1 -0 0
    outer loop
      vertex 16 134 4
      vertex 16 137.923 1.8
      vertex 16 150 4
    endloop
  endfacet
  facet normal 1 0 0
    outer loop
      vertex 16 134 0
      vertex 16 137.923 1.8
      vertex 16 134 4
    endloop
  endfacet
  facet normal 1 0 0
    outer loop
      vertex 16 137.923 1.8
      vertex 16 134 0
      vertex 16 137.923 0
    endloop
  endfacet
  facet normal 0 -1 0
    outer loop
      vertex 9.18507 134 1.8
      vertex 0 134 4
      vertex 0 134 1.8
    endloop
  endfacet
  facet normal 0 -1 0
    outer loop
      vertex 0 134 4
      vertex 9.18507 134 1.8
      vertex 16 134 4
    endloop
  endfacet
  facet normal 0 -1 0
    outer loop
      vertex 16 134 0
      vertex 9.18507 134 1.8
      vertex 9.18507 134 0
    endloop
  endfacet
  facet normal 0 -1 0
    outer loop
      vertex 9.18507 134 1.8
      vertex 16 134 0
      vertex 16 134 4
    endloop
  endfacet
  facet normal -1 0 0
    outer loop
      vertex 225.3 0 1.8
      vertex 225.3 16 4
      vertex 225.3 16 1.8
    endloop
  endfacet
  facet normal -1 -0 0
    outer loop
      vertex 225.3 16 4
      vertex 225.3 0 1.8
      vertex 225.3 0 4
    endloop
  endfacet
  facet normal 0 0 1
    outer loop
      vertex 237.762 20.5874 4
      vertex 237.762 19.4126 4
      vertex 237.8 20 4
    endloop
  endfacet
  facet normal 0 0 1
    outer loop
      vertex 237.647 21.1647 4
      vertex 237.762 19.4126 4
      vertex 237.762 20.5874 4
    endloop
  endfacet
  facet normal 0 0 1
    outer loop
      vertex 237.647 21.1647 4
      vertex 237.647 18.8353 4
      vertex 237.762 19.4126 4
    endloop
  endfacet
  facet normal 0 0 1
    outer loop
      vertex 237.457 21.7221 4
      vertex 237.647 18.8353 4
      vertex 237.647 21.1647 4
    endloop
  endfacet
  facet normal 0 0 1
    outer loop
      vertex 237.457 21.7221 4
      vertex 237.457 18.2779 4
      vertex 237.647 18.8353 4
    endloop
  endfacet
  facet normal 0 0 1
    outer loop
      vertex 237.197 22.25 4
      vertex 237.457 18.2779 4
      vertex 237.457 21.7221 4
    endloop
  endfacet
  facet normal 0 0 1
    outer loop
      vertex 237.197 22.25 4
      vertex 237.197 17.75 4
      vertex 237.457 18.2779 4
    endloop
  endfacet
  facet normal 0 0 1
    outer loop
      vertex 236.87 22.7394 4
      vertex 237.197 17.75 4
      vertex 237.197 22.25 4
    endloop
  endfacet
  facet normal 0 0 1
    outer loop
      vertex 236.87 22.7394 4
      vertex 236.87 17.2606 4
      vertex 237.197 17.75 4
    endloop
  endfacet
  facet normal 0 0 1
    outer loop
      vertex 236.482 23.182 4
      vertex 236.87 17.2606 4
      vertex 236.87 22.7394 4
    endloop
  endfacet
  facet normal 0 0 1
    outer loop
      vertex 236.482 23.182 4
      vertex 236.482 16.818 4
      vertex 236.87 17.2606 4
    endloop
  endfacet
  facet normal 0 0 1
    outer loop
      vertex 235.341 16 4
      vertex 236.482 16.818 4
      vertex 236.482 23.182 4
    endloop
  endfacet
  facet normal 0 0 1
    outer loop
      vertex 236.482 16.818 4
      vertex 235.341 16 4
      vertex 236.039 16.4299 4
    endloop
  endfacet
  facet normal 0 0 1
    outer loop
      vertex 236.039 16.4299 4
      vertex 235.341 16 4
      vertex 235.55 16.1029 4
    endloop
  endfacet
  facet normal 0 0 1
    outer loop
      vertex 230.118 16.818 4
      vertex 236.482 23.182 4
      vertex 231.482 28.182 4
    endloop
  endfacet
  facet normal -0 0 1
    outer loop
      vertex 235.341 16 4
      vertex 241.3 1.5 4
      vertex 241.3 16 4
    endloop
  endfacet
  facet normal 0 0 1
    outer loop
      vertex 241.3 1.5 4
      vertex 235.341 16 4
      vertex 239.8 0 4
    endloop
  endfacet
  facet normal 0 0 1
    outer loop
      vertex 236.482 23.182 4
      vertex 230.118 16.818 4
      vertex 235.341 16 4
    endloop
  endfacet
  facet normal 0 0 1
    outer loop
      vertex 235.341 16 4
      vertex 231.259 16 4
      vertex 239.8 0 4
    endloop
  endfacet
  facet normal 0 0 1
    outer loop
      vertex 225.3 0 4
      vertex 231.259 16 4
      vertex 225.3 16 4
    endloop
  endfacet
  facet normal 0 0 1
    outer loop
      vertex 231.259 16 4
      vertex 225.3 0 4
      vertex 239.8 0 4
    endloop
  endfacet
  facet normal 0 0 1
    outer loop
      vertex 235.341 16 4
      vertex 230.118 16.818 4
      vertex 231.259 16 4
    endloop
  endfacet
  facet normal 0 0 1
    outer loop
      vertex 225.118 21.818 4
      vertex 231.482 28.182 4
      vertex 231.039 28.5701 4
    endloop
  endfacet
  facet normal -0 -0 1
    outer loop
      vertex 230.561 16.4299 4
      vertex 231.259 16 4
      vertex 230.118 16.818 4
    endloop
  endfacet
  facet normal 0 0 1
    outer loop
      vertex 225.118 21.818 4
      vertex 231.039 28.5701 4
      vertex 230.55 28.8971 4
    endloop
  endfacet
  facet normal 0 0 1
    outer loop
      vertex 231.259 16 4
      vertex 230.561 16.4299 4
      vertex 231.05 16.1029 4
    endloop
  endfacet
  facet normal 0 0 1
    outer loop
      vertex 225.118 21.818 4
      vertex 230.55 28.8971 4
      vertex 230.022 29.1575 4
    endloop
  endfacet
  facet normal 0 0 1
    outer loop
      vertex 225.118 21.818 4
      vertex 230.022 29.1575 4
      vertex 229.465 29.3467 4
    endloop
  endfacet
  facet normal 0 0 1
    outer loop
      vertex 225.118 21.818 4
      vertex 229.465 29.3467 4
      vertex 228.887 29.4615 4
    endloop
  endfacet
  facet normal 0 0 1
    outer loop
      vertex 225.118 21.818 4
      vertex 228.887 29.4615 4
      vertex 228.3 29.5 4
    endloop
  endfacet
  facet normal 0 0 1
    outer loop
      vertex 225.118 21.818 4
      vertex 228.3 29.5 4
      vertex 227.713 29.4615 4
    endloop
  endfacet
  facet normal 0 0 1
    outer loop
      vertex 225.118 21.818 4
      vertex 227.713 29.4615 4
      vertex 227.135 29.3467 4
    endloop
  endfacet
  facet normal 0 0 1
    outer loop
      vertex 225.118 21.818 4
      vertex 227.135 29.3467 4
      vertex 226.578 29.1575 4
    endloop
  endfacet
  facet normal 0 0 1
    outer loop
      vertex 225.118 21.818 4
      vertex 226.578 29.1575 4
      vertex 226.05 28.8971 4
    endloop
  endfacet
  facet normal 0 0 1
    outer loop
      vertex 225.118 21.818 4
      vertex 226.05 28.8971 4
      vertex 225.561 28.5701 4
    endloop
  endfacet
  facet normal 0 0 1
    outer loop
      vertex 225.118 21.818 4
      vertex 225.561 28.5701 4
      vertex 225.118 28.182 4
    endloop
  endfacet
  facet normal 0 0 1
    outer loop
      vertex 231.482 28.182 4
      vertex 225.118 21.818 4
      vertex 230.118 16.818 4
    endloop
  endfacet
  facet normal -0 0 1
    outer loop
      vertex 224.73 27.7394 4
      vertex 225.118 21.818 4
      vertex 225.118 28.182 4
    endloop
  endfacet
  facet normal 0 0 1
    outer loop
      vertex 224.73 27.7394 4
      vertex 224.73 22.2606 4
      vertex 225.118 21.818 4
    endloop
  endfacet
  facet normal -0 0 1
    outer loop
      vertex 224.403 27.25 4
      vertex 224.73 22.2606 4
      vertex 224.73 27.7394 4
    endloop
  endfacet
  facet normal 0 0 1
    outer loop
      vertex 224.403 27.25 4
      vertex 224.403 22.75 4
      vertex 224.73 22.2606 4
    endloop
  endfacet
  facet normal -0 0 1
    outer loop
      vertex 224.143 26.7221 4
      vertex 224.403 22.75 4
      vertex 224.403 27.25 4
    endloop
  endfacet
  facet normal 0 0 1
    outer loop
      vertex 224.143 26.7221 4
      vertex 224.143 23.2779 4
      vertex 224.403 22.75 4
    endloop
  endfacet
  facet normal -0 0 1
    outer loop
      vertex 223.953 26.1647 4
      vertex 224.143 23.2779 4
      vertex 224.143 26.7221 4
    endloop
  endfacet
  facet normal 0 0 1
    outer loop
      vertex 223.953 26.1647 4
      vertex 223.953 23.8353 4
      vertex 224.143 23.2779 4
    endloop
  endfacet
  facet normal -0 0 1
    outer loop
      vertex 223.839 25.5874 4
      vertex 223.953 23.8353 4
      vertex 223.953 26.1647 4
    endloop
  endfacet
  facet normal 0 0 1
    outer loop
      vertex 223.839 25.5874 4
      vertex 223.839 24.4126 4
      vertex 223.953 23.8353 4
    endloop
  endfacet
  facet normal 0 -0 1
    outer loop
      vertex 223.839 24.4126 4
      vertex 223.839 25.5874 4
      vertex 223.8 25 4
    endloop
  endfacet
  facet normal 0 1 -0
    outer loop
      vertex 241.3 16 1.8
      vertex 235.341 16 4
      vertex 241.3 16 4
    endloop
  endfacet
  facet normal 0 1 0
    outer loop
      vertex 235.341 16 4
      vertex 241.3 16 1.8
      vertex 235.341 16 1.8
    endloop
  endfacet
  facet normal 0 1 -0
    outer loop
      vertex 231.259 16 1.8
      vertex 225.3 16 4
      vertex 231.259 16 4
    endloop
  endfacet
  facet normal 0 1 0
    outer loop
      vertex 225.3 16 4
      vertex 231.259 16 1.8
      vertex 225.3 16 1.8
    endloop
  endfacet
  facet normal -1 0 0
    outer loop
      vertex 225.3 134 1.8
      vertex 225.3 150 4
      vertex 225.3 150 1.8
    endloop
  endfacet
  facet normal -1 -0 0
    outer loop
      vertex 225.3 150 4
      vertex 225.3 134 1.8
      vertex 225.3 134 4
    endloop
  endfacet
  facet normal 0 0 1
    outer loop
      vertex 225.3 134 4
      vertex 241.3 148.5 4
      vertex 239.8 150 4
    endloop
  endfacet
  facet normal 0 0 1
    outer loop
      vertex 225.3 134 4
      vertex 239.8 150 4
      vertex 225.3 150 4
    endloop
  endfacet
  facet normal 0 0 1
    outer loop
      vertex 241.3 148.5 4
      vertex 225.3 134 4
      vertex 241.3 134 4
    endloop
  endfacet
  facet normal 0 -1 0
    outer loop
      vertex 225.3 134 1.8
      vertex 241.3 134 4
      vertex 225.3 134 4
    endloop
  endfacet
  facet normal 0 -1 -0
    outer loop
      vertex 241.3 134 4
      vertex 225.3 134 1.8
      vertex 241.3 134 1.8
    endloop
  endfacet
  facet normal 0.751882 -0.659298 0
    outer loop
      vertex 16.182 21.818 4
      vertex 16.5701 22.2606 0
      vertex 16.5701 22.2606 4
    endloop
  endfacet
  facet normal 0.751882 -0.659298 0
    outer loop
      vertex 16.5701 22.2606 0
      vertex 16.182 21.818 4
      vertex 16.182 21.818 0
    endloop
  endfacet
  facet normal -0.751873 0.659308 0
    outer loop
      vertex 4.42991 22.7394 1.8
      vertex 4.81802 23.182 4
      vertex 4.81802 23.182 1.8
    endloop
  endfacet
  facet normal -0.751873 0.659308 0
    outer loop
      vertex 4.81802 23.182 4
      vertex 4.42991 22.7394 1.8
      vertex 4.42991 22.7394 4
    endloop
  endfacet
  facet normal 0.980796 -0.195038 0
    outer loop
      vertex 17.3467 23.8353 4
      vertex 17.4615 24.4126 1.8
      vertex 17.4615 24.4126 4
    endloop
  endfacet
  facet normal 0.980796 -0.195038 0
    outer loop
      vertex 17.4615 24.4126 1.8
      vertex 17.3467 23.8353 4
      vertex 17.3467 23.8353 1.8
    endloop
  endfacet
  facet normal 0.897921 0.440157 0
    outer loop
      vertex 16.8971 27.25 4
      vertex 16.8996 27.2449 1.8
      vertex 16.8971 27.25 0
    endloop
  endfacet
  facet normal 0.896827 0.442382 -6.4016e-06
    outer loop
      vertex 17.1575 26.7221 4
      vertex 16.8996 27.2449 1.8
      vertex 16.8971 27.25 4
    endloop
  endfacet
  facet normal 0.896816 0.442404 0
    outer loop
      vertex 16.8996 27.2449 1.8
      vertex 17.1575 26.7221 4
      vertex 17.1575 26.7221 1.8
    endloop
  endfacet
  facet normal 0.897921 0.440157 0
    outer loop
      vertex 16.8971 27.25 0
      vertex 16.8996 27.2449 1.8
      vertex 16.8996 27.2449 0
    endloop
  endfacet
  facet normal 0.555562 0.831475 -0
    outer loop
      vertex 15.7394 28.5701 0
      vertex 15.25 28.8971 4
      vertex 15.7394 28.5701 4
    endloop
  endfacet
  facet normal 0.555562 0.831475 0
    outer loop
      vertex 15.25 28.8971 4
      vertex 15.7394 28.5701 0
      vertex 15.25 28.8971 0
    endloop
  endfacet
  facet normal -0.831459 0.555586 0
    outer loop
      vertex 4.10289 22.25 1.8
      vertex 4.42991 22.7394 4
      vertex 4.42991 22.7394 1.8
    endloop
  endfacet
  facet normal -0.831459 0.555586 0
    outer loop
      vertex 4.42991 22.7394 4
      vertex 4.10289 22.25 1.8
      vertex 4.10289 22.25 4
    endloop
  endfacet
  facet normal -0.980786 -0.195087 0
    outer loop
      vertex 3.65333 18.8353 1.8
      vertex 3.5385 19.4126 4
      vertex 3.5385 19.4126 1.8
    endloop
  endfacet
  facet normal -0.980786 -0.195087 0
    outer loop
      vertex 3.5385 19.4126 4
      vertex 3.65333 18.8353 1.8
      vertex 3.65333 18.8353 4
    endloop
  endfacet
  facet normal 0.980796 0.195038 0
    outer loop
      vertex 17.4615 25.5874 4
      vertex 17.3467 26.1647 1.8
      vertex 17.3467 26.1647 4
    endloop
  endfacet
  facet normal 0.980796 0.195038 0
    outer loop
      vertex 17.3467 26.1647 1.8
      vertex 17.4615 25.5874 4
      vertex 17.4615 25.5874 1.8
    endloop
  endfacet
  facet normal 0.751882 0.659298 0
    outer loop
      vertex 16.5701 27.7394 4
      vertex 16.182 28.182 0
      vertex 16.182 28.182 4
    endloop
  endfacet
  facet normal 0.751882 0.659298 0
    outer loop
      vertex 16.182 28.182 0
      vertex 16.5701 27.7394 4
      vertex 16.5701 27.7394 0
    endloop
  endfacet
  facet normal -0.997859 0.0654027 0
    outer loop
      vertex 3.5 20 1.8
      vertex 3.5385 20.5874 4
      vertex 3.5385 20.5874 1.8
    endloop
  endfacet
  facet normal -0.997859 0.0654027 0
    outer loop
      vertex 3.5385 20.5874 4
      vertex 3.5 20 1.8
      vertex 3.5 20 4
    endloop
  endfacet
  facet normal -0.321421 0.946936 0
    outer loop
      vertex 11.8353 29.3467 0
      vertex 11.2779 29.1575 4
      vertex 11.8353 29.3467 4
    endloop
  endfacet
  facet normal -0.321421 0.946936 0
    outer loop
      vertex 11.2779 29.1575 4
      vertex 11.8353 29.3467 0
      vertex 11.2779 29.1575 0
    endloop
  endfacet
  facet normal -0.89686 0.442314 0
    outer loop
      vertex 3.84254 21.7221 1.8
      vertex 4.10289 22.25 4
      vertex 4.10289 22.25 1.8
    endloop
  endfacet
  facet normal -0.89686 0.442314 0
    outer loop
      vertex 4.10289 22.25 4
      vertex 3.84254 21.7221 1.8
      vertex 3.84254 21.7221 4
    endloop
  endfacet
  facet normal -0.89686 -0.442314 0
    outer loop
      vertex 4.10289 17.75 1.8
      vertex 3.84254 18.2779 4
      vertex 3.84254 18.2779 1.8
    endloop
  endfacet
  facet normal -0.89686 -0.442314 0
    outer loop
      vertex 3.84254 18.2779 4
      vertex 4.10289 17.75 1.8
      vertex 4.10289 17.75 4
    endloop
  endfacet
  facet normal -0.442341 -0.896847 0
    outer loop
      vertex 5.75 16.1029 1.8
      vertex 5.95863 16 4
      vertex 5.75 16.1029 4
    endloop
  endfacet
  facet normal -0.442341 -0.896847 -0
    outer loop
      vertex 5.95863 16 4
      vertex 5.75 16.1029 1.8
      vertex 5.95863 16 1.8
    endloop
  endfacet
  facet normal 0.997859 -0.0654027 0
    outer loop
      vertex 17.4615 24.4126 4
      vertex 17.5 25 1.8
      vertex 17.5 25 4
    endloop
  endfacet
  facet normal 0.997859 -0.0654027 0
    outer loop
      vertex 17.5 25 1.8
      vertex 17.4615 24.4126 4
      vertex 17.4615 24.4126 1.8
    endloop
  endfacet
  facet normal 0.831475 -0.555562 0
    outer loop
      vertex 16.5701 22.2606 4
      vertex 16.8971 22.75 0
      vertex 16.8971 22.75 4
    endloop
  endfacet
  facet normal 0.831475 -0.555562 0
    outer loop
      vertex 16.8971 22.75 0
      vertex 16.5701 22.2606 4
      vertex 16.5701 22.2606 0
    endloop
  endfacet
  facet normal 0.946922 -0.321463 0
    outer loop
      vertex 17.3467 23.8353 4
      vertex 17.2694 23.6076 1.8
      vertex 17.3467 23.8353 1.8
    endloop
  endfacet
  facet normal 0.946936 -0.321421 -4.77221e-06
    outer loop
      vertex 17.1575 23.2779 4
      vertex 17.2694 23.6076 1.8
      vertex 17.3467 23.8353 4
    endloop
  endfacet
  facet normal 0.946946 -0.321393 0
    outer loop
      vertex 17.1575 23.2779 0
      vertex 17.2694 23.6076 1.8
      vertex 17.1575 23.2779 4
    endloop
  endfacet
  facet normal 0.946946 -0.321393 0
    outer loop
      vertex 17.2694 23.6076 1.8
      vertex 17.1575 23.2779 0
      vertex 17.2694 23.6076 0
    endloop
  endfacet
  facet normal 0.707107 -0.707107 0
    outer loop
      vertex 11.182 16.818 4
      vertex 16.182 21.818 0
      vertex 16.182 21.818 4
    endloop
  endfacet
  facet normal 0.707107 -0.707107 0
    outer loop
      vertex 16.182 21.818 0
      vertex 11.182 16.818 4
      vertex 11.182 16.818 0
    endloop
  endfacet
  facet normal 0.555562 -0.831475 0
    outer loop
      vertex 10.25 16.1029 0
      vertex 10.7394 16.4299 4
      vertex 10.25 16.1029 4
    endloop
  endfacet
  facet normal 0.555562 -0.831475 0
    outer loop
      vertex 10.7394 16.4299 4
      vertex 10.25 16.1029 0
      vertex 10.7394 16.4299 0
    endloop
  endfacet
  facet normal 0.997859 0.0654027 0
    outer loop
      vertex 17.5 25 4
      vertex 17.4615 25.5874 1.8
      vertex 17.4615 25.5874 4
    endloop
  endfacet
  facet normal 0.997859 0.0654027 0
    outer loop
      vertex 17.4615 25.5874 1.8
      vertex 17.5 25 4
      vertex 17.5 25 1.8
    endloop
  endfacet
  facet normal 0.946936 0.321421 0
    outer loop
      vertex 17.3467 26.1647 4
      vertex 17.1575 26.7221 1.8
      vertex 17.1575 26.7221 4
    endloop
  endfacet
  facet normal 0.946936 0.321421 0
    outer loop
      vertex 17.1575 26.7221 1.8
      vertex 17.3467 26.1647 4
      vertex 17.3467 26.1647 1.8
    endloop
  endfacet
  facet normal 0.0654027 0.997859 -0
    outer loop
      vertex 13.5874 29.4615 0
      vertex 13 29.5 4
      vertex 13.5874 29.4615 4
    endloop
  endfacet
  facet normal 0.0654027 0.997859 0
    outer loop
      vertex 13 29.5 4
      vertex 13.5874 29.4615 0
      vertex 13 29.5 0
    endloop
  endfacet
  facet normal 0.659298 0.751882 -0
    outer loop
      vertex 16.182 28.182 0
      vertex 15.7394 28.5701 4
      vertex 16.182 28.182 4
    endloop
  endfacet
  facet normal 0.659298 0.751882 0
    outer loop
      vertex 15.7394 28.5701 4
      vertex 16.182 28.182 0
      vertex 15.7394 28.5701 0
    endloop
  endfacet
  facet normal -0.555562 0.831475 2.96547e-06
    outer loop
      vertex 10.75 28.8971 4
      vertex 10.5668 28.7747 1.8
      vertex 10.2606 28.5701 4
    endloop
  endfacet
  facet normal -0.555538 0.831491 0
    outer loop
      vertex 10.75 28.8971 0
      vertex 10.5668 28.7747 1.8
      vertex 10.75 28.8971 4
    endloop
  endfacet
  facet normal -0.555538 0.831491 0
    outer loop
      vertex 10.5668 28.7747 1.8
      vertex 10.75 28.8971 0
      vertex 10.5668 28.7747 0
    endloop
  endfacet
  facet normal -0.555577 0.831465 0
    outer loop
      vertex 10.2606 28.5701 4
      vertex 10.5668 28.7747 1.8
      vertex 10.2606 28.5701 1.8
    endloop
  endfacet
  facet normal -0.659315 0.751867 0
    outer loop
      vertex 10.2606 28.5701 1.8
      vertex 9.81802 28.182 4
      vertex 10.2606 28.5701 4
    endloop
  endfacet
  facet normal -0.659315 0.751867 0
    outer loop
      vertex 9.81802 28.182 4
      vertex 10.2606 28.5701 1.8
      vertex 9.81802 28.182 1.8
    endloop
  endfacet
  facet normal -0.980786 0.195087 0
    outer loop
      vertex 3.5385 20.5874 1.8
      vertex 3.65333 21.1647 4
      vertex 3.65333 21.1647 1.8
    endloop
  endfacet
  facet normal -0.980786 0.195087 0
    outer loop
      vertex 3.65333 21.1647 4
      vertex 3.5385 20.5874 1.8
      vertex 3.5385 20.5874 4
    endloop
  endfacet
  facet normal -0.946931 0.321437 0
    outer loop
      vertex 3.65333 21.1647 1.8
      vertex 3.84254 21.7221 4
      vertex 3.84254 21.7221 1.8
    endloop
  endfacet
  facet normal -0.946931 0.321437 0
    outer loop
      vertex 3.84254 21.7221 4
      vertex 3.65333 21.1647 1.8
      vertex 3.65333 21.1647 4
    endloop
  endfacet
  facet normal -0.997859 -0.0654027 0
    outer loop
      vertex 3.5385 19.4126 1.8
      vertex 3.5 20 4
      vertex 3.5 20 1.8
    endloop
  endfacet
  facet normal -0.997859 -0.0654027 0
    outer loop
      vertex 3.5 20 4
      vertex 3.5385 19.4126 1.8
      vertex 3.5385 19.4126 4
    endloop
  endfacet
  facet normal -0.65934 -0.751845 0
    outer loop
      vertex 4.81802 16.818 1.8
      vertex 5.26057 16.4299 4
      vertex 4.81802 16.818 4
    endloop
  endfacet
  facet normal -0.65934 -0.751845 -0
    outer loop
      vertex 5.26057 16.4299 4
      vertex 4.81802 16.818 1.8
      vertex 5.26057 16.4299 1.8
    endloop
  endfacet
  facet normal -0.831459 -0.555586 0
    outer loop
      vertex 4.42991 17.2606 1.8
      vertex 4.10289 17.75 4
      vertex 4.10289 17.75 1.8
    endloop
  endfacet
  facet normal -0.831459 -0.555586 0
    outer loop
      vertex 4.10289 17.75 4
      vertex 4.42991 17.2606 1.8
      vertex 4.42991 17.2606 4
    endloop
  endfacet
  facet normal 0.442392 -0.896822 0
    outer loop
      vertex 10.0414 16 0
      vertex 10.25 16.1029 4
      vertex 10.0414 16 4
    endloop
  endfacet
  facet normal 0.442392 -0.896822 0
    outer loop
      vertex 10.25 16.1029 4
      vertex 10.0414 16 0
      vertex 10.25 16.1029 0
    endloop
  endfacet
  facet normal 0.896827 -0.442382 0
    outer loop
      vertex 16.8971 22.75 4
      vertex 17.1575 23.2779 0
      vertex 17.1575 23.2779 4
    endloop
  endfacet
  facet normal 0.896827 -0.442382 0
    outer loop
      vertex 17.1575 23.2779 0
      vertex 16.8971 22.75 4
      vertex 16.8971 22.75 0
    endloop
  endfacet
  facet normal 0.659298 -0.751882 0
    outer loop
      vertex 10.7394 16.4299 0
      vertex 11.182 16.818 4
      vertex 10.7394 16.4299 4
    endloop
  endfacet
  facet normal 0.659298 -0.751882 0
    outer loop
      vertex 11.182 16.818 4
      vertex 10.7394 16.4299 0
      vertex 11.182 16.818 0
    endloop
  endfacet
  facet normal 0.831475 0.555562 0
    outer loop
      vertex 16.8971 27.25 4
      vertex 16.5701 27.7394 0
      vertex 16.5701 27.7394 4
    endloop
  endfacet
  facet normal 0.831475 0.555562 0
    outer loop
      vertex 16.5701 27.7394 0
      vertex 16.8971 27.25 4
      vertex 16.8971 27.25 0
    endloop
  endfacet
  facet normal 0.321421 0.946936 -0
    outer loop
      vertex 14.7221 29.1575 0
      vertex 14.1647 29.3467 4
      vertex 14.7221 29.1575 4
    endloop
  endfacet
  facet normal 0.321421 0.946936 0
    outer loop
      vertex 14.1647 29.3467 4
      vertex 14.7221 29.1575 0
      vertex 14.1647 29.3467 0
    endloop
  endfacet
  facet normal 0.442382 0.896827 -0
    outer loop
      vertex 15.25 28.8971 0
      vertex 14.7221 29.1575 4
      vertex 15.25 28.8971 4
    endloop
  endfacet
  facet normal 0.442382 0.896827 0
    outer loop
      vertex 14.7221 29.1575 4
      vertex 15.25 28.8971 0
      vertex 14.7221 29.1575 0
    endloop
  endfacet
  facet normal 0.195038 0.980796 -0
    outer loop
      vertex 14.1647 29.3467 0
      vertex 13.5874 29.4615 4
      vertex 14.1647 29.3467 4
    endloop
  endfacet
  facet normal 0.195038 0.980796 0
    outer loop
      vertex 13.5874 29.4615 4
      vertex 14.1647 29.3467 0
      vertex 13.5874 29.4615 0
    endloop
  endfacet
  facet normal -0.195038 0.980796 0
    outer loop
      vertex 12.4126 29.4615 0
      vertex 11.8353 29.3467 4
      vertex 12.4126 29.4615 4
    endloop
  endfacet
  facet normal -0.195038 0.980796 0
    outer loop
      vertex 11.8353 29.3467 4
      vertex 12.4126 29.4615 0
      vertex 11.8353 29.3467 0
    endloop
  endfacet
  facet normal -0.0654027 0.997859 0
    outer loop
      vertex 13 29.5 0
      vertex 12.4126 29.4615 4
      vertex 13 29.5 4
    endloop
  endfacet
  facet normal -0.0654027 0.997859 0
    outer loop
      vertex 12.4126 29.4615 4
      vertex 13 29.5 0
      vertex 12.4126 29.4615 0
    endloop
  endfacet
  facet normal -0.442382 0.896827 0
    outer loop
      vertex 11.2779 29.1575 0
      vertex 10.75 28.8971 4
      vertex 11.2779 29.1575 4
    endloop
  endfacet
  facet normal -0.442382 0.896827 0
    outer loop
      vertex 10.75 28.8971 4
      vertex 11.2779 29.1575 0
      vertex 10.75 28.8971 0
    endloop
  endfacet
  facet normal -0.707107 0.707107 0
    outer loop
      vertex 4.81802 23.182 1.8
      vertex 9.81802 28.182 4
      vertex 9.81802 28.182 1.8
    endloop
  endfacet
  facet normal -0.707107 0.707107 0
    outer loop
      vertex 9.81802 28.182 4
      vertex 4.81802 23.182 1.8
      vertex 4.81802 23.182 4
    endloop
  endfacet
  facet normal -0.555539 -0.831491 0
    outer loop
      vertex 5.26057 16.4299 1.8
      vertex 5.75 16.1029 4
      vertex 5.26057 16.4299 4
    endloop
  endfacet
  facet normal -0.555539 -0.831491 -0
    outer loop
      vertex 5.75 16.1029 4
      vertex 5.26057 16.4299 1.8
      vertex 5.75 16.1029 1.8
    endloop
  endfacet
  facet normal -0.751873 -0.659308 0
    outer loop
      vertex 4.81802 16.818 1.8
      vertex 4.42991 17.2606 4
      vertex 4.42991 17.2606 1.8
    endloop
  endfacet
  facet normal -0.751873 -0.659308 0
    outer loop
      vertex 4.42991 17.2606 4
      vertex 4.81802 16.818 1.8
      vertex 4.81802 16.818 4
    endloop
  endfacet
  facet normal -0.946931 -0.321437 0
    outer loop
      vertex 3.84254 18.2779 1.8
      vertex 3.65333 18.8353 4
      vertex 3.65333 18.8353 1.8
    endloop
  endfacet
  facet normal -0.946931 -0.321437 0
    outer loop
      vertex 3.65333 18.8353 4
      vertex 3.84254 18.2779 1.8
      vertex 3.84254 18.2779 4
    endloop
  endfacet
  facet normal -0.442315 0.89686 0
    outer loop
      vertex 226.578 29.1575 1.8
      vertex 226.05 28.8971 4
      vertex 226.578 29.1575 4
    endloop
  endfacet
  facet normal -0.442315 0.89686 0
    outer loop
      vertex 226.05 28.8971 4
      vertex 226.578 29.1575 1.8
      vertex 226.05 28.8971 1.8
    endloop
  endfacet
  facet normal 0.831475 -0.555562 0
    outer loop
      vertex 236.87 17.2606 4
      vertex 237.197 17.75 1.8
      vertex 237.197 17.75 4
    endloop
  endfacet
  facet normal 0.831475 -0.555562 0
    outer loop
      vertex 237.197 17.75 1.8
      vertex 236.87 17.2606 4
      vertex 236.87 17.2606 1.8
    endloop
  endfacet
  facet normal 0.980731 -0.195365 0
    outer loop
      vertex 237.647 18.8353 4
      vertex 237.762 19.4126 1.8
      vertex 237.762 19.4126 4
    endloop
  endfacet
  facet normal 0.980731 -0.195365 0
    outer loop
      vertex 237.762 19.4126 1.8
      vertex 237.647 18.8353 4
      vertex 237.647 18.8353 1.8
    endloop
  endfacet
  facet normal 0.980731 0.195365 0
    outer loop
      vertex 237.762 20.5874 4
      vertex 237.647 21.1647 1.8
      vertex 237.647 21.1647 4
    endloop
  endfacet
  facet normal 0.980731 0.195365 0
    outer loop
      vertex 237.647 21.1647 1.8
      vertex 237.762 20.5874 4
      vertex 237.762 20.5874 1.8
    endloop
  endfacet
  facet normal 0.321628 0.946866 -0
    outer loop
      vertex 230.022 29.1575 1.8
      vertex 229.465 29.3467 4
      vertex 230.022 29.1575 4
    endloop
  endfacet
  facet normal 0.321628 0.946866 0
    outer loop
      vertex 229.465 29.3467 4
      vertex 230.022 29.1575 1.8
      vertex 229.465 29.3467 1.8
    endloop
  endfacet
  facet normal -0.751966 -0.659202 0
    outer loop
      vertex 225.118 21.818 1.8
      vertex 224.73 22.2606 4
      vertex 224.73 22.2606 1.8
    endloop
  endfacet
  facet normal -0.751966 -0.659202 0
    outer loop
      vertex 224.73 22.2606 4
      vertex 225.118 21.818 1.8
      vertex 225.118 21.818 4
    endloop
  endfacet
  facet normal -0.658961 -0.752177 0
    outer loop
      vertex 230.118 16.818 1.8
      vertex 230.561 16.4299 4
      vertex 230.118 16.818 4
    endloop
  endfacet
  facet normal -0.658961 -0.752177 -0
    outer loop
      vertex 230.561 16.4299 4
      vertex 230.118 16.818 1.8
      vertex 230.561 16.4299 1.8
    endloop
  endfacet
  facet normal 0.555877 -0.831265 0
    outer loop
      vertex 235.55 16.1029 1.8
      vertex 236.039 16.4299 4
      vertex 235.55 16.1029 4
    endloop
  endfacet
  facet normal 0.555877 -0.831265 0
    outer loop
      vertex 236.039 16.4299 4
      vertex 235.55 16.1029 1.8
      vertex 236.039 16.4299 1.8
    endloop
  endfacet
  facet normal 0.751966 -0.659202 0
    outer loop
      vertex 236.482 16.818 4
      vertex 236.87 17.2606 1.8
      vertex 236.87 17.2606 4
    endloop
  endfacet
  facet normal 0.751966 -0.659202 0
    outer loop
      vertex 236.87 17.2606 1.8
      vertex 236.482 16.818 4
      vertex 236.482 16.818 1.8
    endloop
  endfacet
  facet normal 0.946522 -0.322639 0
    outer loop
      vertex 237.457 18.2779 4
      vertex 237.647 18.8353 1.8
      vertex 237.647 18.8353 4
    endloop
  endfacet
  facet normal 0.946522 -0.322639 0
    outer loop
      vertex 237.647 18.8353 1.8
      vertex 237.457 18.2779 4
      vertex 237.457 18.2779 1.8
    endloop
  endfacet
  facet normal 0.997914 0.0645569 0
    outer loop
      vertex 237.8 20 4
      vertex 237.762 20.5874 1.8
      vertex 237.762 20.5874 4
    endloop
  endfacet
  facet normal 0.997914 0.0645569 0
    outer loop
      vertex 237.762 20.5874 1.8
      vertex 237.8 20 4
      vertex 237.8 20 1.8
    endloop
  endfacet
  facet normal 0.997914 -0.0645569 0
    outer loop
      vertex 237.762 19.4126 4
      vertex 237.8 20 1.8
      vertex 237.8 20 4
    endloop
  endfacet
  facet normal 0.997914 -0.0645569 0
    outer loop
      vertex 237.8 20 1.8
      vertex 237.762 19.4126 4
      vertex 237.762 19.4126 1.8
    endloop
  endfacet
  facet normal 0.707107 0.707107 0
    outer loop
      vertex 236.482 23.182 4
      vertex 231.482 28.182 1.8
      vertex 231.482 28.182 4
    endloop
  endfacet
  facet normal 0.707107 0.707107 0
    outer loop
      vertex 231.482 28.182 1.8
      vertex 236.482 23.182 4
      vertex 236.482 23.182 1.8
    endloop
  endfacet
  facet normal 0.751966 0.659202 0
    outer loop
      vertex 236.87 22.7394 4
      vertex 236.482 23.182 1.8
      vertex 236.482 23.182 4
    endloop
  endfacet
  facet normal 0.751966 0.659202 0
    outer loop
      vertex 236.482 23.182 1.8
      vertex 236.87 22.7394 4
      vertex 236.87 22.7394 1.8
    endloop
  endfacet
  facet normal -0.0654471 0.997856 0
    outer loop
      vertex 228.3 29.5 1.8
      vertex 227.713 29.4615 4
      vertex 228.3 29.5 4
    endloop
  endfacet
  facet normal -0.0654471 0.997856 0
    outer loop
      vertex 227.713 29.4615 4
      vertex 228.3 29.5 1.8
      vertex 227.713 29.4615 1.8
    endloop
  endfacet
  facet normal -0.946522 0.322639 0
    outer loop
      vertex 223.953 26.1647 1.8
      vertex 224.143 26.7221 4
      vertex 224.143 26.7221 1.8
    endloop
  endfacet
  facet normal -0.946522 0.322639 0
    outer loop
      vertex 224.143 26.7221 4
      vertex 223.953 26.1647 1.8
      vertex 223.953 26.1647 4
    endloop
  endfacet
  facet normal -0.981055 -0.19373 0
    outer loop
      vertex 223.953 23.8353 1.8
      vertex 223.839 24.4126 4
      vertex 223.839 24.4126 1.8
    endloop
  endfacet
  facet normal -0.981055 -0.19373 0
    outer loop
      vertex 223.839 24.4126 4
      vertex 223.953 23.8353 1.8
      vertex 223.953 23.8353 4
    endloop
  endfacet
  facet normal -0.707107 -0.707107 0
    outer loop
      vertex 230.118 16.818 1.8
      vertex 225.118 21.818 4
      vertex 225.118 21.818 1.8
    endloop
  endfacet
  facet normal -0.707107 -0.707107 0
    outer loop
      vertex 225.118 21.818 4
      vertex 230.118 16.818 1.8
      vertex 230.118 16.818 4
    endloop
  endfacet
  facet normal -0.555877 -0.831265 0
    outer loop
      vertex 230.561 16.4299 1.8
      vertex 231.05 16.1029 4
      vertex 230.561 16.4299 4
    endloop
  endfacet
  facet normal -0.555877 -0.831265 -0
    outer loop
      vertex 231.05 16.1029 4
      vertex 230.561 16.4299 1.8
      vertex 231.05 16.1029 1.8
    endloop
  endfacet
  facet normal 0.441711 -0.897158 0
    outer loop
      vertex 235.341 16 1.8
      vertex 235.55 16.1029 4
      vertex 235.341 16 4
    endloop
  endfacet
  facet normal 0.441711 -0.897158 0
    outer loop
      vertex 235.55 16.1029 4
      vertex 235.341 16 1.8
      vertex 235.55 16.1029 1.8
    endloop
  endfacet
  facet normal 0.831475 0.555562 0
    outer loop
      vertex 237.197 22.25 4
      vertex 236.87 22.7394 1.8
      vertex 236.87 22.7394 4
    endloop
  endfacet
  facet normal 0.831475 0.555562 0
    outer loop
      vertex 236.87 22.7394 1.8
      vertex 237.197 22.25 4
      vertex 237.197 22.25 1.8
    endloop
  endfacet
  facet normal 0.442315 0.89686 -0
    outer loop
      vertex 230.55 28.8971 1.8
      vertex 230.022 29.1575 4
      vertex 230.55 28.8971 4
    endloop
  endfacet
  facet normal 0.442315 0.89686 0
    outer loop
      vertex 230.022 29.1575 4
      vertex 230.55 28.8971 1.8
      vertex 230.022 29.1575 1.8
    endloop
  endfacet
  facet normal 0.555877 0.831265 -0
    outer loop
      vertex 231.039 28.5701 1.8
      vertex 230.55 28.8971 4
      vertex 231.039 28.5701 4
    endloop
  endfacet
  facet normal 0.555877 0.831265 0
    outer loop
      vertex 230.55 28.8971 4
      vertex 231.039 28.5701 1.8
      vertex 230.55 28.8971 1.8
    endloop
  endfacet
  facet normal 0.658961 0.752177 -0
    outer loop
      vertex 231.482 28.182 1.8
      vertex 231.039 28.5701 4
      vertex 231.482 28.182 4
    endloop
  endfacet
  facet normal 0.658961 0.752177 0
    outer loop
      vertex 231.039 28.5701 4
      vertex 231.482 28.182 1.8
      vertex 231.039 28.5701 1.8
    endloop
  endfacet
  facet normal -0.555877 0.831265 0
    outer loop
      vertex 226.05 28.8971 1.8
      vertex 225.561 28.5701 4
      vertex 226.05 28.8971 4
    endloop
  endfacet
  facet normal -0.555877 0.831265 0
    outer loop
      vertex 225.561 28.5701 4
      vertex 226.05 28.8971 1.8
      vertex 225.561 28.5701 1.8
    endloop
  endfacet
  facet normal -0.897096 0.441836 0
    outer loop
      vertex 224.143 26.7221 1.8
      vertex 224.403 27.25 4
      vertex 224.403 27.25 1.8
    endloop
  endfacet
  facet normal -0.897096 0.441836 0
    outer loop
      vertex 224.403 27.25 4
      vertex 224.143 26.7221 1.8
      vertex 224.143 26.7221 4
    endloop
  endfacet
  facet normal -0.997803 -0.0662484 0
    outer loop
      vertex 223.839 24.4126 1.8
      vertex 223.8 25 4
      vertex 223.8 25 1.8
    endloop
  endfacet
  facet normal -0.997803 -0.0662484 0
    outer loop
      vertex 223.8 25 4
      vertex 223.839 24.4126 1.8
      vertex 223.839 24.4126 4
    endloop
  endfacet
  facet normal -0.946522 -0.322639 0
    outer loop
      vertex 224.143 23.2779 1.8
      vertex 223.953 23.8353 4
      vertex 223.953 23.8353 1.8
    endloop
  endfacet
  facet normal -0.946522 -0.322639 0
    outer loop
      vertex 223.953 23.8353 4
      vertex 224.143 23.2779 1.8
      vertex 224.143 23.2779 4
    endloop
  endfacet
  facet normal -0.831475 -0.555562 0
    outer loop
      vertex 224.73 22.2606 1.8
      vertex 224.403 22.75 4
      vertex 224.403 22.75 1.8
    endloop
  endfacet
  facet normal -0.831475 -0.555562 0
    outer loop
      vertex 224.403 22.75 4
      vertex 224.73 22.2606 1.8
      vertex 224.73 22.2606 4
    endloop
  endfacet
  facet normal -0.441711 -0.897158 0
    outer loop
      vertex 231.05 16.1029 1.8
      vertex 231.259 16 4
      vertex 231.05 16.1029 4
    endloop
  endfacet
  facet normal -0.441711 -0.897158 -0
    outer loop
      vertex 231.259 16 4
      vertex 231.05 16.1029 1.8
      vertex 231.259 16 1.8
    endloop
  endfacet
  facet normal 0.658961 -0.752177 0
    outer loop
      vertex 236.039 16.4299 1.8
      vertex 236.482 16.818 4
      vertex 236.039 16.4299 4
    endloop
  endfacet
  facet normal 0.658961 -0.752177 0
    outer loop
      vertex 236.482 16.818 4
      vertex 236.039 16.4299 1.8
      vertex 236.482 16.818 1.8
    endloop
  endfacet
  facet normal 0.897096 -0.441836 0
    outer loop
      vertex 237.197 17.75 4
      vertex 237.457 18.2779 1.8
      vertex 237.457 18.2779 4
    endloop
  endfacet
  facet normal 0.897096 -0.441836 0
    outer loop
      vertex 237.457 18.2779 1.8
      vertex 237.197 17.75 4
      vertex 237.197 17.75 1.8
    endloop
  endfacet
  facet normal -0.321628 0.946866 0
    outer loop
      vertex 227.135 29.3467 1.8
      vertex 226.578 29.1575 4
      vertex 227.135 29.3467 4
    endloop
  endfacet
  facet normal -0.321628 0.946866 0
    outer loop
      vertex 226.578 29.1575 4
      vertex 227.135 29.3467 1.8
      vertex 226.578 29.1575 1.8
    endloop
  endfacet
  facet normal 0.0654471 0.997856 -0
    outer loop
      vertex 228.887 29.4615 1.8
      vertex 228.3 29.5 4
      vertex 228.887 29.4615 4
    endloop
  endfacet
  facet normal 0.0654471 0.997856 0
    outer loop
      vertex 228.3 29.5 4
      vertex 228.887 29.4615 1.8
      vertex 228.3 29.5 1.8
    endloop
  endfacet
  facet normal 0.194811 0.980841 -0
    outer loop
      vertex 229.465 29.3467 1.8
      vertex 228.887 29.4615 4
      vertex 229.465 29.3467 4
    endloop
  endfacet
  facet normal 0.194811 0.980841 0
    outer loop
      vertex 228.887 29.4615 4
      vertex 229.465 29.3467 1.8
      vertex 228.887 29.4615 1.8
    endloop
  endfacet
  facet normal -0.831475 0.555562 0
    outer loop
      vertex 224.403 27.25 1.8
      vertex 224.73 27.7394 4
      vertex 224.73 27.7394 1.8
    endloop
  endfacet
  facet normal -0.831475 0.555562 0
    outer loop
      vertex 224.73 27.7394 4
      vertex 224.403 27.25 1.8
      vertex 224.403 27.25 4
    endloop
  endfacet
  facet normal -0.751966 0.659202 0
    outer loop
      vertex 224.73 27.7394 1.8
      vertex 225.118 28.182 4
      vertex 225.118 28.182 1.8
    endloop
  endfacet
  facet normal -0.751966 0.659202 0
    outer loop
      vertex 225.118 28.182 4
      vertex 224.73 27.7394 1.8
      vertex 224.73 27.7394 4
    endloop
  endfacet
  facet normal -0.658961 0.752177 0
    outer loop
      vertex 225.561 28.5701 1.8
      vertex 225.118 28.182 4
      vertex 225.561 28.5701 4
    endloop
  endfacet
  facet normal -0.658961 0.752177 0
    outer loop
      vertex 225.118 28.182 4
      vertex 225.561 28.5701 1.8
      vertex 225.118 28.182 1.8
    endloop
  endfacet
  facet normal -0.981055 0.19373 0
    outer loop
      vertex 223.839 25.5874 1.8
      vertex 223.953 26.1647 4
      vertex 223.953 26.1647 1.8
    endloop
  endfacet
  facet normal -0.981055 0.19373 0
    outer loop
      vertex 223.953 26.1647 4
      vertex 223.839 25.5874 1.8
      vertex 223.839 25.5874 4
    endloop
  endfacet
  facet normal -0.997803 0.0662484 0
    outer loop
      vertex 223.8 25 1.8
      vertex 223.839 25.5874 4
      vertex 223.839 25.5874 1.8
    endloop
  endfacet
  facet normal -0.997803 0.0662484 0
    outer loop
      vertex 223.839 25.5874 4
      vertex 223.8 25 1.8
      vertex 223.8 25 4
    endloop
  endfacet
  facet normal 0.897096 0.441836 0
    outer loop
      vertex 237.457 21.7221 4
      vertex 237.197 22.25 1.8
      vertex 237.197 22.25 4
    endloop
  endfacet
  facet normal 0.897096 0.441836 0
    outer loop
      vertex 237.197 22.25 1.8
      vertex 237.457 21.7221 4
      vertex 237.457 21.7221 1.8
    endloop
  endfacet
  facet normal 0.946522 0.322639 0
    outer loop
      vertex 237.647 21.1647 4
      vertex 237.457 21.7221 1.8
      vertex 237.457 21.7221 4
    endloop
  endfacet
  facet normal 0.946522 0.322639 0
    outer loop
      vertex 237.457 21.7221 1.8
      vertex 237.647 21.1647 4
      vertex 237.647 21.1647 1.8
    endloop
  endfacet
  facet normal -0.194811 0.980841 0
    outer loop
      vertex 227.713 29.4615 1.8
      vertex 227.135 29.3467 4
      vertex 227.713 29.4615 4
    endloop
  endfacet
  facet normal -0.194811 0.980841 0
    outer loop
      vertex 227.135 29.3467 4
      vertex 227.713 29.4615 1.8
      vertex 227.135 29.3467 1.8
    endloop
  endfacet
  facet normal -0.897096 -0.441836 0
    outer loop
      vertex 224.403 22.75 1.8
      vertex 224.143 23.2779 4
      vertex 224.143 23.2779 1.8
    endloop
  endfacet
  facet normal -0.897096 -0.441836 0
    outer loop
      vertex 224.143 23.2779 4
      vertex 224.403 22.75 1.8
      vertex 224.403 22.75 4
    endloop
  endfacet
  facet normal -1 0 0
    outer loop
      vertex 49.35 42.6602 0
      vertex 49.35 37.4 4
      vertex 49.35 42.6602 1.8
    endloop
  endfacet
  facet normal -1 0 0
    outer loop
      vertex 49.35 32.4 0
      vertex 49.35 37.4 4
      vertex 49.35 42.6602 0
    endloop
  endfacet
  facet normal -1 -0 0
    outer loop
      vertex 49.35 37.4 4
      vertex 49.35 32.4 0
      vertex 49.35 32.4 4
    endloop
  endfacet
  facet normal -1 0 0
    outer loop
      vertex 49.35 80.7653 0
      vertex 49.35 65.3501 0
      vertex 49.35 80.7653 1.8
    endloop
  endfacet
  facet normal -1 0 0
    outer loop
      vertex 49.35 99.8179 0
      vertex 49.35 92.6 4
      vertex 49.35 99.8179 1.8
    endloop
  endfacet
  facet normal -1 0 0
    outer loop
      vertex 49.35 84.4026 0
      vertex 49.35 92.6 4
      vertex 49.35 99.8179 0
    endloop
  endfacet
  facet normal -1 0 0
    outer loop
      vertex 49.35 84.4026 1.8
      vertex 49.35 92.6 4
      vertex 49.35 84.4026 0
    endloop
  endfacet
  facet normal -1 0 0
    outer loop
      vertex 49.35 80.7653 1.8
      vertex 49.35 92.6 4
      vertex 49.35 84.4026 1.8
    endloop
  endfacet
  facet normal -1 0 0
    outer loop
      vertex 49.35 65.3501 1.8
      vertex 49.35 80.7653 1.8
      vertex 49.35 65.3501 0
    endloop
  endfacet
  facet normal -1 0 0
    outer loop
      vertex 49.35 57.4 4
      vertex 49.35 80.7653 1.8
      vertex 49.35 65.3501 1.8
    endloop
  endfacet
  facet normal -1 0 0
    outer loop
      vertex 49.35 57.4 4
      vertex 49.35 65.3501 1.8
      vertex 49.35 61.7127 1.8
    endloop
  endfacet
  facet normal -1 0 0
    outer loop
      vertex 49.35 80.7653 1.8
      vertex 49.35 57.4 4
      vertex 49.35 92.6 4
    endloop
  endfacet
  facet normal -1 0 0
    outer loop
      vertex 49.35 117.6 0
      vertex 49.35 112.6 4
      vertex 49.35 117.6 4
    endloop
  endfacet
  facet normal -1 0 0
    outer loop
      vertex 49.35 103.455 0
      vertex 49.35 112.6 4
      vertex 49.35 117.6 0
    endloop
  endfacet
  facet normal -1 0 0
    outer loop
      vertex 49.35 103.455 1.8
      vertex 49.35 112.6 4
      vertex 49.35 103.455 0
    endloop
  endfacet
  facet normal -1 -0 0
    outer loop
      vertex 49.35 112.6 4
      vertex 49.35 103.455 1.8
      vertex 49.35 112.6 14
    endloop
  endfacet
  facet normal -1 0 0
    outer loop
      vertex 49.35 92.6 14
      vertex 49.35 103.455 1.8
      vertex 49.35 99.8179 1.8
    endloop
  endfacet
  facet normal -1 0 0
    outer loop
      vertex 49.35 92.6 14
      vertex 49.35 99.8179 1.8
      vertex 49.35 92.6 4
    endloop
  endfacet
  facet normal -1 0 0
    outer loop
      vertex 49.35 103.455 1.8
      vertex 49.35 92.6 14
      vertex 49.35 112.6 14
    endloop
  endfacet
  facet normal -1 0 0
    outer loop
      vertex 49.35 61.7127 0
      vertex 49.35 57.4 4
      vertex 49.35 61.7127 1.8
    endloop
  endfacet
  facet normal -1 0 0
    outer loop
      vertex 49.35 46.2975 0
      vertex 49.35 57.4 4
      vertex 49.35 61.7127 0
    endloop
  endfacet
  facet normal -1 0 0
    outer loop
      vertex 49.35 46.2975 1.8
      vertex 49.35 57.4 4
      vertex 49.35 46.2975 0
    endloop
  endfacet
  facet normal -1 -0 0
    outer loop
      vertex 49.35 57.4 4
      vertex 49.35 46.2975 1.8
      vertex 49.35 57.4 14
    endloop
  endfacet
  facet normal -1 0 0
    outer loop
      vertex 49.35 37.4 14
      vertex 49.35 46.2975 1.8
      vertex 49.35 42.6602 1.8
    endloop
  endfacet
  facet normal -1 0 0
    outer loop
      vertex 49.35 37.4 14
      vertex 49.35 42.6602 1.8
      vertex 49.35 37.4 4
    endloop
  endfacet
  facet normal -1 0 0
    outer loop
      vertex 49.35 46.2975 1.8
      vertex 49.35 37.4 14
      vertex 49.35 57.4 14
    endloop
  endfacet
  facet normal -0 0 1
    outer loop
      vertex 49.35 37.4 4
      vertex 51.55 35.6 4
      vertex 51.55 37.4 4
    endloop
  endfacet
  facet normal 0 0 1
    outer loop
      vertex 49.35 32.4 4
      vertex 51.55 35.6 4
      vertex 49.35 37.4 4
    endloop
  endfacet
  facet normal 0 0 1
    outer loop
      vertex 51.55 35.6 4
      vertex 49.35 32.4 4
      vertex 51.55 32.4 4
    endloop
  endfacet
  facet normal 0 0 1
    outer loop
      vertex 189.75 35.6 4
      vertex 191.95 37.4 4
      vertex 189.75 37.4 4
    endloop
  endfacet
  facet normal 0 0 1
    outer loop
      vertex 191.95 37.4 4
      vertex 189.75 35.6 4
      vertex 191.95 32.4 4
    endloop
  endfacet
  facet normal 0 0 1
    outer loop
      vertex 189.75 35.6 4
      vertex 189.75 32.4 4
      vertex 191.95 32.4 4
    endloop
  endfacet
  facet normal 0 0 1
    outer loop
      vertex 189.75 35.6 4
      vertex 169.75 32.4 4
      vertex 189.75 32.4 4
    endloop
  endfacet
  facet normal 0 0 1
    outer loop
      vertex 189.75 35.6 4
      vertex 71.55 32.4 4
      vertex 169.75 32.4 4
    endloop
  endfacet
  facet normal -0 0 1
    outer loop
      vertex 51.55 35.6 4
      vertex 71.55 32.4 4
      vertex 189.75 35.6 4
    endloop
  endfacet
  facet normal 0 0 1
    outer loop
      vertex 71.55 32.4 4
      vertex 51.55 35.6 4
      vertex 51.55 32.4 4
    endloop
  endfacet
  facet normal -0 0 1
    outer loop
      vertex 169.75 117.6 4
      vertex 189.75 114.4 4
      vertex 189.75 117.6 4
    endloop
  endfacet
  facet normal -0 0 1
    outer loop
      vertex 71.55 117.6 4
      vertex 189.75 114.4 4
      vertex 169.75 117.6 4
    endloop
  endfacet
  facet normal 0 0 1
    outer loop
      vertex 51.55 114.4 4
      vertex 71.55 117.6 4
      vertex 51.55 117.6 4
    endloop
  endfacet
  facet normal 0 0 1
    outer loop
      vertex 71.55 117.6 4
      vertex 51.55 114.4 4
      vertex 189.75 114.4 4
    endloop
  endfacet
  facet normal -0 0 1
    outer loop
      vertex 49.35 117.6 4
      vertex 51.55 114.4 4
      vertex 51.55 117.6 4
    endloop
  endfacet
  facet normal 0 0 1
    outer loop
      vertex 49.35 112.6 4
      vertex 51.55 114.4 4
      vertex 49.35 117.6 4
    endloop
  endfacet
  facet normal 0 0 1
    outer loop
      vertex 51.55 114.4 4
      vertex 49.35 112.6 4
      vertex 51.55 112.6 4
    endloop
  endfacet
  facet normal 0 0 1
    outer loop
      vertex 189.75 114.4 4
      vertex 191.95 117.6 4
      vertex 189.75 117.6 4
    endloop
  endfacet
  facet normal 0 0 1
    outer loop
      vertex 191.95 117.6 4
      vertex 189.75 114.4 4
      vertex 191.95 112.6 4
    endloop
  endfacet
  facet normal 0 0 1
    outer loop
      vertex 191.95 112.6 4
      vertex 189.75 114.4 4
      vertex 189.75 112.6 4
    endloop
  endfacet
  facet normal -0 0 1
    outer loop
      vertex 49.35 92.6 4
      vertex 51.55 57.4 4
      vertex 51.55 92.6 4
    endloop
  endfacet
  facet normal 0 0 1
    outer loop
      vertex 51.55 57.4 4
      vertex 49.35 92.6 4
      vertex 49.35 57.4 4
    endloop
  endfacet
  facet normal -0 0 1
    outer loop
      vertex 189.75 92.6 4
      vertex 191.95 57.4 4
      vertex 191.95 92.6 4
    endloop
  endfacet
  facet normal 0 0 1
    outer loop
      vertex 191.95 57.4 4
      vertex 189.75 92.6 4
      vertex 189.75 57.4 4
    endloop
  endfacet
  facet normal 1 0 0
    outer loop
      vertex 51.55 57.4 14
      vertex 51.55 46.2975 1.8
      vertex 51.55 57.4 4
    endloop
  endfacet
  facet normal 1 -0 0
    outer loop
      vertex 51.55 37.4 14
      vertex 51.55 46.2975 1.8
      vertex 51.55 57.4 14
    endloop
  endfacet
  facet normal 1 0 0
    outer loop
      vertex 51.55 46.2975 1.8
      vertex 51.55 37.4 14
      vertex 51.55 42.6602 1.8
    endloop
  endfacet
  facet normal 1 -0 0
    outer loop
      vertex 51.55 37.4 4
      vertex 51.55 42.6602 1.8
      vertex 51.55 37.4 14
    endloop
  endfacet
  facet normal 1 0 0
    outer loop
      vertex 51.55 42.6602 1.8
      vertex 51.55 37.4 4
      vertex 51.55 42.6602 0
    endloop
  endfacet
  facet normal 1 0 0
    outer loop
      vertex 51.55 35.6 0
      vertex 51.55 37.4 4
      vertex 51.55 35.6 4
    endloop
  endfacet
  facet normal 1 0 0
    outer loop
      vertex 51.55 37.4 4
      vertex 51.55 35.6 0
      vertex 51.55 42.6602 0
    endloop
  endfacet
  facet normal 1 0 0
    outer loop
      vertex 51.55 92.6 4
      vertex 51.55 80.7653 1.8
      vertex 51.55 84.4026 1.8
    endloop
  endfacet
  facet normal 1 0 0
    outer loop
      vertex 51.55 80.7653 1.8
      vertex 51.55 65.3501 1.8
      vertex 51.55 80.7653 0
    endloop
  endfacet
  facet normal 1 -0 0
    outer loop
      vertex 51.55 57.4 4
      vertex 51.55 80.7653 1.8
      vertex 51.55 92.6 4
    endloop
  endfacet
  facet normal 1 0 0
    outer loop
      vertex 51.55 80.7653 1.8
      vertex 51.55 57.4 4
      vertex 51.55 65.3501 1.8
    endloop
  endfacet
  facet normal 1 0 0
    outer loop
      vertex 51.55 65.3501 1.8
      vertex 51.55 57.4 4
      vertex 51.55 61.7127 1.8
    endloop
  endfacet
  facet normal 1 0 0
    outer loop
      vertex 51.55 57.4 4
      vertex 51.55 61.7127 0
      vertex 51.55 61.7127 1.8
    endloop
  endfacet
  facet normal 1 0 0
    outer loop
      vertex 51.55 46.2975 0
      vertex 51.55 57.4 4
      vertex 51.55 46.2975 1.8
    endloop
  endfacet
  facet normal 1 0 0
    outer loop
      vertex 51.55 57.4 4
      vertex 51.55 46.2975 0
      vertex 51.55 61.7127 0
    endloop
  endfacet
  facet normal 1 0 0
    outer loop
      vertex 51.55 112.6 14
      vertex 51.55 103.455 1.8
      vertex 51.55 112.6 4
    endloop
  endfacet
  facet normal 1 -0 0
    outer loop
      vertex 51.55 92.6 14
      vertex 51.55 103.455 1.8
      vertex 51.55 112.6 14
    endloop
  endfacet
  facet normal 1 0 0
    outer loop
      vertex 51.55 103.455 1.8
      vertex 51.55 92.6 14
      vertex 51.55 99.8179 1.8
    endloop
  endfacet
  facet normal 1 -0 0
    outer loop
      vertex 51.55 92.6 4
      vertex 51.55 99.8179 1.8
      vertex 51.55 92.6 14
    endloop
  endfacet
  facet normal 1 0 0
    outer loop
      vertex 51.55 99.8179 1.8
      vertex 51.55 92.6 4
      vertex 51.55 99.8179 0
    endloop
  endfacet
  facet normal 1 0 0
    outer loop
      vertex 51.55 84.4026 0
      vertex 51.55 92.6 4
      vertex 51.55 84.4026 1.8
    endloop
  endfacet
  facet normal 1 0 0
    outer loop
      vertex 51.55 92.6 4
      vertex 51.55 84.4026 0
      vertex 51.55 99.8179 0
    endloop
  endfacet
  facet normal 1 -0 0
    outer loop
      vertex 51.55 112.6 4
      vertex 51.55 114.4 0
      vertex 51.55 114.4 4
    endloop
  endfacet
  facet normal 1 0 0
    outer loop
      vertex 51.55 103.455 0
      vertex 51.55 112.6 4
      vertex 51.55 103.455 1.8
    endloop
  endfacet
  facet normal 1 0 0
    outer loop
      vertex 51.55 112.6 4
      vertex 51.55 103.455 0
      vertex 51.55 114.4 0
    endloop
  endfacet
  facet normal 1 0 0
    outer loop
      vertex 51.55 80.7653 0
      vertex 51.55 65.3501 1.8
      vertex 51.55 65.3501 0
    endloop
  endfacet
  facet normal 0 1 -0
    outer loop
      vertex 51.55 117.6 0
      vertex 49.35 117.6 4
      vertex 51.55 117.6 4
    endloop
  endfacet
  facet normal 0 1 0
    outer loop
      vertex 49.35 117.6 4
      vertex 51.55 117.6 0
      vertex 49.35 117.6 0
    endloop
  endfacet
  facet normal 0 1 0
    outer loop
      vertex 191.95 117.6 4
      vertex 190.283 117.6 1.8
      vertex 189.75 117.6 4
    endloop
  endfacet
  facet normal 0 1 -0
    outer loop
      vertex 191.95 117.6 0
      vertex 190.283 117.6 1.8
      vertex 191.95 117.6 4
    endloop
  endfacet
  facet normal 0 1 0
    outer loop
      vertex 190.283 117.6 1.8
      vertex 191.95 117.6 0
      vertex 190.283 117.6 0
    endloop
  endfacet
  facet normal 0 1 0
    outer loop
      vertex 189.75 117.6 4
      vertex 190.283 117.6 1.8
      vertex 189.75 117.6 1.8
    endloop
  endfacet
  facet normal 0 1 -0
    outer loop
      vertex 87.0835 117.6 0
      vertex 76.7165 117.6 1.8
      vertex 87.0835 117.6 1.8
    endloop
  endfacet
  facet normal 0 1 0
    outer loop
      vertex 76.7165 117.6 1.8
      vertex 87.0835 117.6 0
      vertex 76.7165 117.6 0
    endloop
  endfacet
  facet normal 0 1 -0
    outer loop
      vertex 142.65 117.6 0
      vertex 91.2835 117.6 1.8
      vertex 142.65 117.6 1.8
    endloop
  endfacet
  facet normal 0 1 0
    outer loop
      vertex 91.2835 117.6 1.8
      vertex 142.65 117.6 0
      vertex 91.2835 117.6 0
    endloop
  endfacet
  facet normal 0 1 -0
    outer loop
      vertex 153.083 117.6 0
      vertex 142.717 117.6 1.8
      vertex 153.083 117.6 1.8
    endloop
  endfacet
  facet normal 0 1 0
    outer loop
      vertex 142.717 117.6 1.8
      vertex 153.083 117.6 0
      vertex 142.717 117.6 0
    endloop
  endfacet
  facet normal 0 1 0
    outer loop
      vertex 153.083 117.6 1.8
      vertex 169.75 117.6 4
      vertex 157.283 117.6 1.8
    endloop
  endfacet
  facet normal 0 1 -0
    outer loop
      vertex 169.75 117.6 0
      vertex 157.283 117.6 1.8
      vertex 169.75 117.6 4
    endloop
  endfacet
  facet normal 0 1 0
    outer loop
      vertex 157.283 117.6 1.8
      vertex 169.75 117.6 0
      vertex 157.283 117.6 0
    endloop
  endfacet
  facet normal 0 1 0
    outer loop
      vertex 142.717 117.6 1.8
      vertex 169.75 117.6 4
      vertex 153.083 117.6 1.8
    endloop
  endfacet
  facet normal 0 1 0
    outer loop
      vertex 142.65 117.6 1.8
      vertex 169.75 117.6 4
      vertex 142.717 117.6 1.8
    endloop
  endfacet
  facet normal 0 1 0
    outer loop
      vertex 169.75 117.6 4
      vertex 142.65 117.6 1.8
      vertex 71.55 117.6 4
    endloop
  endfacet
  facet normal 0 1 -0
    outer loop
      vertex 91.2835 117.6 1.8
      vertex 71.55 117.6 4
      vertex 142.65 117.6 1.8
    endloop
  endfacet
  facet normal 0 1 -0
    outer loop
      vertex 87.0835 117.6 1.8
      vertex 71.55 117.6 4
      vertex 91.2835 117.6 1.8
    endloop
  endfacet
  facet normal 0 1 -0
    outer loop
      vertex 76.7165 117.6 1.8
      vertex 71.55 117.6 4
      vertex 87.0835 117.6 1.8
    endloop
  endfacet
  facet normal 0 1 -0
    outer loop
      vertex 72.5165 117.6 1.8
      vertex 71.55 117.6 4
      vertex 76.7165 117.6 1.8
    endloop
  endfacet
  facet normal 0 1 0
    outer loop
      vertex 71.55 117.6 0
      vertex 72.5165 117.6 1.8
      vertex 72.5165 117.6 0
    endloop
  endfacet
  facet normal 0 1 0
    outer loop
      vertex 72.5165 117.6 1.8
      vertex 71.55 117.6 0
      vertex 71.55 117.6 4
    endloop
  endfacet
  facet normal 0 -1 0
    outer loop
      vertex 51.55 117.6 4
      vertex 71.55 117.6 11
      vertex 51.55 117.6 11
    endloop
  endfacet
  facet normal 0 -1 -0
    outer loop
      vertex 71.55 117.6 11
      vertex 51.55 117.6 4
      vertex 71.55 117.6 4
    endloop
  endfacet
  facet normal 0 -1 0
    outer loop
      vertex 169.75 117.6 4
      vertex 189.75 117.6 11
      vertex 169.75 117.6 11
    endloop
  endfacet
  facet normal 0 -1 -0
    outer loop
      vertex 189.75 117.6 11
      vertex 169.75 117.6 4
      vertex 189.75 117.6 4
    endloop
  endfacet
  facet normal 0 -1 0
    outer loop
      vertex 49.35 32.4 0
      vertex 51.55 32.4 4
      vertex 49.35 32.4 4
    endloop
  endfacet
  facet normal 0 -1 -0
    outer loop
      vertex 51.55 32.4 4
      vertex 49.35 32.4 0
      vertex 51.55 32.4 0
    endloop
  endfacet
  facet normal 0 -1 0
    outer loop
      vertex 189.75 32.4 1.8
      vertex 191.95 32.4 4
      vertex 189.75 32.4 4
    endloop
  endfacet
  facet normal 0 -1 -0
    outer loop
      vertex 191.95 32.4 4
      vertex 189.75 32.4 1.8
      vertex 191.95 32.4 1.8
    endloop
  endfacet
  facet normal 0 1 -0
    outer loop
      vertex 71.55 32.4 4
      vertex 51.55 32.4 11
      vertex 71.55 32.4 11
    endloop
  endfacet
  facet normal 0 1 0
    outer loop
      vertex 51.55 32.4 11
      vertex 71.55 32.4 4
      vertex 51.55 32.4 4
    endloop
  endfacet
  facet normal 0 1 -0
    outer loop
      vertex 189.75 32.4 4
      vertex 169.75 32.4 11
      vertex 189.75 32.4 11
    endloop
  endfacet
  facet normal 0 1 0
    outer loop
      vertex 169.75 32.4 11
      vertex 189.75 32.4 4
      vertex 169.75 32.4 4
    endloop
  endfacet
  facet normal 0 -1 0
    outer loop
      vertex 159.526 32.4 0
      vertex 169.274 32.4 1.8
      vertex 159.526 32.4 1.8
    endloop
  endfacet
  facet normal 0 -1 -0
    outer loop
      vertex 169.274 32.4 1.8
      vertex 159.526 32.4 0
      vertex 169.274 32.4 0
    endloop
  endfacet
  facet normal 0 -1 0
    outer loop
      vertex 140.474 32.4 0
      vertex 155.326 32.4 1.8
      vertex 140.474 32.4 1.8
    endloop
  endfacet
  facet normal 0 -1 -0
    outer loop
      vertex 155.326 32.4 1.8
      vertex 140.474 32.4 0
      vertex 155.326 32.4 0
    endloop
  endfacet
  facet normal 0 -1 0
    outer loop
      vertex 126.526 32.4 0
      vertex 136.274 32.4 1.8
      vertex 126.526 32.4 1.8
    endloop
  endfacet
  facet normal 0 -1 -0
    outer loop
      vertex 136.274 32.4 1.8
      vertex 126.526 32.4 0
      vertex 136.274 32.4 0
    endloop
  endfacet
  facet normal 0 -1 0
    outer loop
      vertex 107.474 32.4 0
      vertex 122.326 32.4 1.8
      vertex 107.474 32.4 1.8
    endloop
  endfacet
  facet normal 0 -1 -0
    outer loop
      vertex 122.326 32.4 1.8
      vertex 107.474 32.4 0
      vertex 122.326 32.4 0
    endloop
  endfacet
  facet normal 0 -1 0
    outer loop
      vertex 93.5263 32.4 0
      vertex 103.274 32.4 1.8
      vertex 93.5263 32.4 1.8
    endloop
  endfacet
  facet normal 0 -1 -0
    outer loop
      vertex 103.274 32.4 1.8
      vertex 93.5263 32.4 0
      vertex 103.274 32.4 0
    endloop
  endfacet
  facet normal 0 -1 0
    outer loop
      vertex 74.4737 32.4 0
      vertex 89.3263 32.4 1.8
      vertex 74.4737 32.4 1.8
    endloop
  endfacet
  facet normal 0 -1 -0
    outer loop
      vertex 89.3263 32.4 1.8
      vertex 74.4737 32.4 0
      vertex 89.3263 32.4 0
    endloop
  endfacet
  facet normal 0 -1 0
    outer loop
      vertex 74.4737 32.4 1.8
      vertex 71.55 32.4 4
      vertex 71.55 32.4 1.8
    endloop
  endfacet
  facet normal 0 -1 0
    outer loop
      vertex 89.3263 32.4 1.8
      vertex 71.55 32.4 4
      vertex 74.4737 32.4 1.8
    endloop
  endfacet
  facet normal 0 -1 0
    outer loop
      vertex 93.5263 32.4 1.8
      vertex 71.55 32.4 4
      vertex 89.3263 32.4 1.8
    endloop
  endfacet
  facet normal 0 -1 0
    outer loop
      vertex 103.274 32.4 1.8
      vertex 71.55 32.4 4
      vertex 93.5263 32.4 1.8
    endloop
  endfacet
  facet normal 0 -1 0
    outer loop
      vertex 107.474 32.4 1.8
      vertex 71.55 32.4 4
      vertex 103.274 32.4 1.8
    endloop
  endfacet
  facet normal 0 -1 0
    outer loop
      vertex 122.326 32.4 1.8
      vertex 71.55 32.4 4
      vertex 107.474 32.4 1.8
    endloop
  endfacet
  facet normal 0 -1 0
    outer loop
      vertex 71.55 32.4 4
      vertex 122.326 32.4 1.8
      vertex 169.75 32.4 4
    endloop
  endfacet
  facet normal 0 -1 0
    outer loop
      vertex 126.526 32.4 1.8
      vertex 169.75 32.4 4
      vertex 122.326 32.4 1.8
    endloop
  endfacet
  facet normal 0 -1 0
    outer loop
      vertex 136.274 32.4 1.8
      vertex 169.75 32.4 4
      vertex 126.526 32.4 1.8
    endloop
  endfacet
  facet normal 0 -1 0
    outer loop
      vertex 140.474 32.4 1.8
      vertex 169.75 32.4 4
      vertex 136.274 32.4 1.8
    endloop
  endfacet
  facet normal 0 -1 0
    outer loop
      vertex 155.326 32.4 1.8
      vertex 169.75 32.4 4
      vertex 140.474 32.4 1.8
    endloop
  endfacet
  facet normal 0 -1 0
    outer loop
      vertex 159.526 32.4 1.8
      vertex 169.75 32.4 4
      vertex 155.326 32.4 1.8
    endloop
  endfacet
  facet normal 0 -1 0
    outer loop
      vertex 169.274 32.4 1.8
      vertex 169.75 32.4 4
      vertex 159.526 32.4 1.8
    endloop
  endfacet
  facet normal 0 -1 -0
    outer loop
      vertex 169.75 32.4 4
      vertex 169.274 32.4 1.8
      vertex 169.75 32.4 1.8
    endloop
  endfacet
  facet normal -1 0 0
    outer loop
      vertex 189.75 46.6439 0
      vertex 189.75 42.3138 0
      vertex 189.75 46.6439 1.8
    endloop
  endfacet
  facet normal -1 0 0
    outer loop
      vertex 189.75 54.0917 0
      vertex 189.75 53.9185 0
      vertex 189.75 54.0917 1.8
    endloop
  endfacet
  facet normal -1 0 0
    outer loop
      vertex 189.75 65.6965 0
      vertex 189.75 61.3663 0
      vertex 189.75 65.6965 1.8
    endloop
  endfacet
  facet normal -1 0 0
    outer loop
      vertex 189.75 73.1443 0
      vertex 189.75 72.9711 0
      vertex 189.75 73.1443 1.8
    endloop
  endfacet
  facet normal -1 0 0
    outer loop
      vertex 189.75 84.749 0
      vertex 189.75 80.4189 0
      vertex 189.75 84.749 1.8
    endloop
  endfacet
  facet normal -1 0 0
    outer loop
      vertex 189.75 92.1968 0
      vertex 189.75 92.0236 0
      vertex 189.75 92.1968 1.8
    endloop
  endfacet
  facet normal -1 0 0
    outer loop
      vertex 189.75 103.802 0
      vertex 189.75 99.4715 0
      vertex 189.75 103.802 1.8
    endloop
  endfacet
  facet normal -1 0 0
    outer loop
      vertex 189.75 111.249 0
      vertex 189.75 111.076 0
      vertex 189.75 111.249 1.8
    endloop
  endfacet
  facet normal -1 0 0
    outer loop
      vertex 189.75 114.4 1.8
      vertex 189.75 112.6 4
      vertex 189.75 114.4 4
    endloop
  endfacet
  facet normal -1 0 0
    outer loop
      vertex 189.75 111.249 1.8
      vertex 189.75 112.6 4
      vertex 189.75 114.4 1.8
    endloop
  endfacet
  facet normal -1 0 0
    outer loop
      vertex 189.75 111.076 1.8
      vertex 189.75 112.6 4
      vertex 189.75 111.249 1.8
    endloop
  endfacet
  facet normal -1 0 0
    outer loop
      vertex 189.75 111.076 1.8
      vertex 189.75 111.249 1.8
      vertex 189.75 111.076 0
    endloop
  endfacet
  facet normal -1 0 0
    outer loop
      vertex 189.75 103.802 1.8
      vertex 189.75 112.6 4
      vertex 189.75 111.076 1.8
    endloop
  endfacet
  facet normal -1 -0 0
    outer loop
      vertex 189.75 112.6 4
      vertex 189.75 103.802 1.8
      vertex 189.75 112.6 14
    endloop
  endfacet
  facet normal -1 0 0
    outer loop
      vertex 189.75 99.4715 1.8
      vertex 189.75 103.802 1.8
      vertex 189.75 99.4715 0
    endloop
  endfacet
  facet normal -1 0 0
    outer loop
      vertex 189.75 92.6 14
      vertex 189.75 103.802 1.8
      vertex 189.75 99.4715 1.8
    endloop
  endfacet
  facet normal -1 0 0
    outer loop
      vertex 189.75 92.6 14
      vertex 189.75 99.4715 1.8
      vertex 189.75 92.6 4
    endloop
  endfacet
  facet normal -1 0 0
    outer loop
      vertex 189.75 103.802 1.8
      vertex 189.75 92.6 14
      vertex 189.75 112.6 14
    endloop
  endfacet
  facet normal -1 0 0
    outer loop
      vertex 189.75 92.1968 1.8
      vertex 189.75 92.6 4
      vertex 189.75 99.4715 1.8
    endloop
  endfacet
  facet normal -1 0 0
    outer loop
      vertex 189.75 92.0236 1.8
      vertex 189.75 92.1968 1.8
      vertex 189.75 92.0236 0
    endloop
  endfacet
  facet normal -1 0 0
    outer loop
      vertex 189.75 92.0236 1.8
      vertex 189.75 92.6 4
      vertex 189.75 92.1968 1.8
    endloop
  endfacet
  facet normal -1 0 0
    outer loop
      vertex 189.75 84.749 1.8
      vertex 189.75 92.6 4
      vertex 189.75 92.0236 1.8
    endloop
  endfacet
  facet normal -1 0 0
    outer loop
      vertex 189.75 80.4189 1.8
      vertex 189.75 84.749 1.8
      vertex 189.75 80.4189 0
    endloop
  endfacet
  facet normal -1 0 0
    outer loop
      vertex 189.75 80.4189 1.8
      vertex 189.75 92.6 4
      vertex 189.75 84.749 1.8
    endloop
  endfacet
  facet normal -1 0 0
    outer loop
      vertex 189.75 73.1443 1.8
      vertex 189.75 92.6 4
      vertex 189.75 80.4189 1.8
    endloop
  endfacet
  facet normal -1 0 0
    outer loop
      vertex 189.75 72.9711 1.8
      vertex 189.75 73.1443 1.8
      vertex 189.75 72.9711 0
    endloop
  endfacet
  facet normal -1 0 0
    outer loop
      vertex 189.75 57.4 4
      vertex 189.75 73.1443 1.8
      vertex 189.75 72.9711 1.8
    endloop
  endfacet
  facet normal -1 0 0
    outer loop
      vertex 189.75 57.4 4
      vertex 189.75 72.9711 1.8
      vertex 189.75 65.6965 1.8
    endloop
  endfacet
  facet normal -1 0 0
    outer loop
      vertex 189.75 61.3663 1.8
      vertex 189.75 65.6965 1.8
      vertex 189.75 61.3663 0
    endloop
  endfacet
  facet normal -1 0 0
    outer loop
      vertex 189.75 57.4 4
      vertex 189.75 65.6965 1.8
      vertex 189.75 61.3663 1.8
    endloop
  endfacet
  facet normal -1 0 0
    outer loop
      vertex 189.75 73.1443 1.8
      vertex 189.75 57.4 4
      vertex 189.75 92.6 4
    endloop
  endfacet
  facet normal -1 0 0
    outer loop
      vertex 189.75 54.0917 1.8
      vertex 189.75 57.4 4
      vertex 189.75 61.3663 1.8
    endloop
  endfacet
  facet normal -1 0 0
    outer loop
      vertex 189.75 53.9185 1.8
      vertex 189.75 57.4 4
      vertex 189.75 54.0917 1.8
    endloop
  endfacet
  facet normal -1 0 0
    outer loop
      vertex 189.75 53.9185 1.8
      vertex 189.75 54.0917 1.8
      vertex 189.75 53.9185 0
    endloop
  endfacet
  facet normal -1 -0 0
    outer loop
      vertex 189.75 57.4 4
      vertex 189.75 53.9185 1.8
      vertex 189.75 57.4 14
    endloop
  endfacet
  facet normal -1 0 0
    outer loop
      vertex 189.75 46.6439 1.8
      vertex 189.75 57.4 14
      vertex 189.75 53.9185 1.8
    endloop
  endfacet
  facet normal -1 0 0
    outer loop
      vertex 189.75 42.3138 1.8
      vertex 189.75 46.6439 1.8
      vertex 189.75 42.3138 0
    endloop
  endfacet
  facet normal -1 0 0
    outer loop
      vertex 189.75 37.4 14
      vertex 189.75 46.6439 1.8
      vertex 189.75 42.3138 1.8
    endloop
  endfacet
  facet normal -1 0 0
    outer loop
      vertex 189.75 37.4 14
      vertex 189.75 42.3138 1.8
      vertex 189.75 37.4 4
    endloop
  endfacet
  facet normal -1 0 0
    outer loop
      vertex 189.75 46.6439 1.8
      vertex 189.75 37.4 14
      vertex 189.75 57.4 14
    endloop
  endfacet
  facet normal -1 0 0
    outer loop
      vertex 189.75 35.6 1.8
      vertex 189.75 37.4 4
      vertex 189.75 42.3138 1.8
    endloop
  endfacet
  facet normal -1 -0 0
    outer loop
      vertex 189.75 37.4 4
      vertex 189.75 35.6 1.8
      vertex 189.75 35.6 4
    endloop
  endfacet
  facet normal 1 0 0
    outer loop
      vertex 191.95 57.4 14
      vertex 191.95 50.4544 1.8
      vertex 191.95 57.4 4
    endloop
  endfacet
  facet normal 1 0 0
    outer loop
      vertex 191.95 50.4544 1.8
      vertex 191.95 38.5033 1.8
      vertex 191.95 50.4544 0
    endloop
  endfacet
  facet normal 1 -0 0
    outer loop
      vertex 191.95 37.4 14
      vertex 191.95 50.4544 1.8
      vertex 191.95 57.4 14
    endloop
  endfacet
  facet normal 1 0 0
    outer loop
      vertex 191.95 50.4544 1.8
      vertex 191.95 37.4 14
      vertex 191.95 37.4 4
    endloop
  endfacet
  facet normal 1 0 0
    outer loop
      vertex 191.95 50.4544 1.8
      vertex 191.95 37.4 4
      vertex 191.95 38.5033 1.8
    endloop
  endfacet
  facet normal 1 0 0
    outer loop
      vertex 191.95 32.4 1.8
      vertex 191.95 37.4 4
      vertex 191.95 32.4 4
    endloop
  endfacet
  facet normal 1 0 0
    outer loop
      vertex 191.95 37.4 4
      vertex 191.95 32.4 1.8
      vertex 191.95 38.5033 1.8
    endloop
  endfacet
  facet normal 1 0 0
    outer loop
      vertex 191.95 112.6 14
      vertex 191.95 107.612 1.8
      vertex 191.95 112.6 4
    endloop
  endfacet
  facet normal 1 0 0
    outer loop
      vertex 191.95 107.612 1.8
      vertex 191.95 95.6609 1.8
      vertex 191.95 107.612 0
    endloop
  endfacet
  facet normal 1 -0 0
    outer loop
      vertex 191.95 92.6 14
      vertex 191.95 107.612 1.8
      vertex 191.95 112.6 14
    endloop
  endfacet
  facet normal 1 0 0
    outer loop
      vertex 191.95 107.612 1.8
      vertex 191.95 92.6 14
      vertex 191.95 95.6609 1.8
    endloop
  endfacet
  facet normal 1 -0 0
    outer loop
      vertex 191.95 92.6 4
      vertex 191.95 95.6609 1.8
      vertex 191.95 92.6 14
    endloop
  endfacet
  facet normal 1 0 0
    outer loop
      vertex 191.95 92.6 4
      vertex 191.95 88.5595 1.8
      vertex 191.95 95.6609 1.8
    endloop
  endfacet
  facet normal 1 0 0
    outer loop
      vertex 191.95 88.5595 1.8
      vertex 191.95 76.6084 1.8
      vertex 191.95 88.5595 0
    endloop
  endfacet
  facet normal 1 0 0
    outer loop
      vertex 191.95 92.6 4
      vertex 191.95 76.6084 1.8
      vertex 191.95 88.5595 1.8
    endloop
  endfacet
  facet normal 1 -0 0
    outer loop
      vertex 191.95 57.4 4
      vertex 191.95 76.6084 1.8
      vertex 191.95 92.6 4
    endloop
  endfacet
  facet normal 1 0 0
    outer loop
      vertex 191.95 69.507 1.8
      vertex 191.95 57.5558 1.8
      vertex 191.95 69.507 0
    endloop
  endfacet
  facet normal 1 0 0
    outer loop
      vertex 191.95 76.6084 1.8
      vertex 191.95 57.4 4
      vertex 191.95 69.507 1.8
    endloop
  endfacet
  facet normal 1 0 0
    outer loop
      vertex 191.95 69.507 1.8
      vertex 191.95 57.4 4
      vertex 191.95 57.5558 1.8
    endloop
  endfacet
  facet normal 1 0 0
    outer loop
      vertex 191.95 57.5558 1.8
      vertex 191.95 57.4 4
      vertex 191.95 50.4544 1.8
    endloop
  endfacet
  facet normal 1 0 0
    outer loop
      vertex 191.95 117.6 4
      vertex 191.95 114.714 1.8
      vertex 191.95 117.6 0
    endloop
  endfacet
  facet normal 1 -0 0
    outer loop
      vertex 191.95 112.6 4
      vertex 191.95 114.714 1.8
      vertex 191.95 117.6 4
    endloop
  endfacet
  facet normal 1 0 0
    outer loop
      vertex 191.95 114.714 1.8
      vertex 191.95 112.6 4
      vertex 191.95 107.612 1.8
    endloop
  endfacet
  facet normal 1 0 0
    outer loop
      vertex 191.95 117.6 0
      vertex 191.95 114.714 1.8
      vertex 191.95 114.714 0
    endloop
  endfacet
  facet normal 1 0 0
    outer loop
      vertex 191.95 107.612 0
      vertex 191.95 95.6609 1.8
      vertex 191.95 95.6609 0
    endloop
  endfacet
  facet normal 1 0 0
    outer loop
      vertex 191.95 88.5595 0
      vertex 191.95 76.6084 1.8
      vertex 191.95 76.6084 0
    endloop
  endfacet
  facet normal 1 0 0
    outer loop
      vertex 191.95 69.507 0
      vertex 191.95 57.5558 1.8
      vertex 191.95 57.5558 0
    endloop
  endfacet
  facet normal 1 0 0
    outer loop
      vertex 191.95 50.4544 0
      vertex 191.95 38.5033 1.8
      vertex 191.95 38.5033 0
    endloop
  endfacet
  facet normal 0 1 -0
    outer loop
      vertex 90.4262 35.6 0
      vertex 73.3738 35.6 1.8
      vertex 90.4262 35.6 1.8
    endloop
  endfacet
  facet normal 0 1 0
    outer loop
      vertex 73.3738 35.6 1.8
      vertex 90.4262 35.6 0
      vertex 73.3738 35.6 0
    endloop
  endfacet
  facet normal 0 1 -0
    outer loop
      vertex 123.426 35.6 0
      vertex 106.374 35.6 1.8
      vertex 123.426 35.6 1.8
    endloop
  endfacet
  facet normal 0 1 0
    outer loop
      vertex 106.374 35.6 1.8
      vertex 123.426 35.6 0
      vertex 106.374 35.6 0
    endloop
  endfacet
  facet normal 0 1 -0
    outer loop
      vertex 156.426 35.6 0
      vertex 139.374 35.6 1.8
      vertex 156.426 35.6 1.8
    endloop
  endfacet
  facet normal 0 1 0
    outer loop
      vertex 139.374 35.6 1.8
      vertex 156.426 35.6 0
      vertex 139.374 35.6 0
    endloop
  endfacet
  facet normal 0 1 -0
    outer loop
      vertex 189.426 35.6 0
      vertex 172.374 35.6 1.8
      vertex 189.426 35.6 1.8
    endloop
  endfacet
  facet normal 0 1 0
    outer loop
      vertex 172.374 35.6 1.8
      vertex 189.426 35.6 0
      vertex 172.374 35.6 0
    endloop
  endfacet
  facet normal 0 1 0
    outer loop
      vertex 189.426 35.6 1.8
      vertex 189.75 35.6 4
      vertex 189.75 35.6 1.8
    endloop
  endfacet
  facet normal 0 1 0
    outer loop
      vertex 172.374 35.6 1.8
      vertex 189.75 35.6 4
      vertex 189.426 35.6 1.8
    endloop
  endfacet
  facet normal 0 1 0
    outer loop
      vertex 156.426 35.6 1.8
      vertex 189.75 35.6 4
      vertex 172.374 35.6 1.8
    endloop
  endfacet
  facet normal 0 1 0
    outer loop
      vertex 139.374 35.6 1.8
      vertex 189.75 35.6 4
      vertex 156.426 35.6 1.8
    endloop
  endfacet
  facet normal 0 1 0
    outer loop
      vertex 123.426 35.6 1.8
      vertex 189.75 35.6 4
      vertex 139.374 35.6 1.8
    endloop
  endfacet
  facet normal 0 1 0
    outer loop
      vertex 189.75 35.6 4
      vertex 123.426 35.6 1.8
      vertex 51.55 35.6 4
    endloop
  endfacet
  facet normal 0 1 -0
    outer loop
      vertex 106.374 35.6 1.8
      vertex 51.55 35.6 4
      vertex 123.426 35.6 1.8
    endloop
  endfacet
  facet normal 0 1 -0
    outer loop
      vertex 90.4262 35.6 1.8
      vertex 51.55 35.6 4
      vertex 106.374 35.6 1.8
    endloop
  endfacet
  facet normal 0 1 -0
    outer loop
      vertex 73.3738 35.6 1.8
      vertex 51.55 35.6 4
      vertex 90.4262 35.6 1.8
    endloop
  endfacet
  facet normal 0 1 -0
    outer loop
      vertex 57.4262 35.6 1.8
      vertex 51.55 35.6 4
      vertex 73.3738 35.6 1.8
    endloop
  endfacet
  facet normal 0 1 0
    outer loop
      vertex 51.55 35.6 0
      vertex 57.4262 35.6 1.8
      vertex 57.4262 35.6 0
    endloop
  endfacet
  facet normal 0 1 0
    outer loop
      vertex 57.4262 35.6 1.8
      vertex 51.55 35.6 0
      vertex 51.55 35.6 4
    endloop
  endfacet
  facet normal 0 -1 0
    outer loop
      vertex 173.869 114.4 0
      vertex 187.931 114.4 1.8
      vertex 173.869 114.4 1.8
    endloop
  endfacet
  facet normal 0 -1 -0
    outer loop
      vertex 187.931 114.4 1.8
      vertex 173.869 114.4 0
      vertex 187.931 114.4 0
    endloop
  endfacet
  facet normal 0 -1 0
    outer loop
      vertex 159.131 114.4 0
      vertex 169.669 114.4 1.8
      vertex 159.131 114.4 1.8
    endloop
  endfacet
  facet normal 0 -1 -0
    outer loop
      vertex 169.669 114.4 1.8
      vertex 159.131 114.4 0
      vertex 169.669 114.4 0
    endloop
  endfacet
  facet normal 0 -1 0
    outer loop
      vertex 93.131 114.4 0
      vertex 154.931 114.4 1.8
      vertex 93.131 114.4 1.8
    endloop
  endfacet
  facet normal 0 -1 -0
    outer loop
      vertex 154.931 114.4 1.8
      vertex 93.131 114.4 0
      vertex 154.931 114.4 0
    endloop
  endfacet
  facet normal 0 -1 0
    outer loop
      vertex 74.869 114.4 0
      vertex 88.931 114.4 1.8
      vertex 74.869 114.4 1.8
    endloop
  endfacet
  facet normal 0 -1 -0
    outer loop
      vertex 88.931 114.4 1.8
      vertex 74.869 114.4 0
      vertex 88.931 114.4 0
    endloop
  endfacet
  facet normal 0 -1 0
    outer loop
      vertex 60.131 114.4 0
      vertex 70.669 114.4 1.8
      vertex 60.131 114.4 1.8
    endloop
  endfacet
  facet normal 0 -1 -0
    outer loop
      vertex 70.669 114.4 1.8
      vertex 60.131 114.4 0
      vertex 70.669 114.4 0
    endloop
  endfacet
  facet normal 0 -1 0
    outer loop
      vertex 60.131 114.4 1.8
      vertex 51.55 114.4 4
      vertex 55.931 114.4 1.8
    endloop
  endfacet
  facet normal 0 -1 0
    outer loop
      vertex 51.55 114.4 0
      vertex 55.931 114.4 1.8
      vertex 51.55 114.4 4
    endloop
  endfacet
  facet normal 0 -1 -0
    outer loop
      vertex 55.931 114.4 1.8
      vertex 51.55 114.4 0
      vertex 55.931 114.4 0
    endloop
  endfacet
  facet normal 0 -1 0
    outer loop
      vertex 70.669 114.4 1.8
      vertex 51.55 114.4 4
      vertex 60.131 114.4 1.8
    endloop
  endfacet
  facet normal 0 -1 0
    outer loop
      vertex 74.869 114.4 1.8
      vertex 51.55 114.4 4
      vertex 70.669 114.4 1.8
    endloop
  endfacet
  facet normal 0 -1 0
    outer loop
      vertex 88.931 114.4 1.8
      vertex 51.55 114.4 4
      vertex 74.869 114.4 1.8
    endloop
  endfacet
  facet normal 0 -1 0
    outer loop
      vertex 93.131 114.4 1.8
      vertex 51.55 114.4 4
      vertex 88.931 114.4 1.8
    endloop
  endfacet
  facet normal 0 -1 0
    outer loop
      vertex 51.55 114.4 4
      vertex 93.131 114.4 1.8
      vertex 189.75 114.4 4
    endloop
  endfacet
  facet normal 0 -1 0
    outer loop
      vertex 154.931 114.4 1.8
      vertex 189.75 114.4 4
      vertex 93.131 114.4 1.8
    endloop
  endfacet
  facet normal 0 -1 0
    outer loop
      vertex 159.131 114.4 1.8
      vertex 189.75 114.4 4
      vertex 154.931 114.4 1.8
    endloop
  endfacet
  facet normal 0 -1 0
    outer loop
      vertex 169.669 114.4 1.8
      vertex 189.75 114.4 4
      vertex 159.131 114.4 1.8
    endloop
  endfacet
  facet normal 0 -1 0
    outer loop
      vertex 173.869 114.4 1.8
      vertex 189.75 114.4 4
      vertex 169.669 114.4 1.8
    endloop
  endfacet
  facet normal 0 -1 0
    outer loop
      vertex 187.931 114.4 1.8
      vertex 189.75 114.4 4
      vertex 173.869 114.4 1.8
    endloop
  endfacet
  facet normal 0 -1 -0
    outer loop
      vertex 189.75 114.4 4
      vertex 187.931 114.4 1.8
      vertex 189.75 114.4 1.8
    endloop
  endfacet
  facet normal -0 0 1
    outer loop
      vertex 49.35 57.4 14
      vertex 51.55 37.4 14
      vertex 51.55 57.4 14
    endloop
  endfacet
  facet normal 0 0 1
    outer loop
      vertex 51.55 37.4 14
      vertex 49.35 57.4 14
      vertex 49.35 37.4 14
    endloop
  endfacet
  facet normal 0 -1 0
    outer loop
      vertex 49.35 37.4 4
      vertex 51.55 37.4 14
      vertex 49.35 37.4 14
    endloop
  endfacet
  facet normal 0 -1 -0
    outer loop
      vertex 51.55 37.4 14
      vertex 49.35 37.4 4
      vertex 51.55 37.4 4
    endloop
  endfacet
  facet normal 0 1 -0
    outer loop
      vertex 51.55 57.4 4
      vertex 49.35 57.4 14
      vertex 51.55 57.4 14
    endloop
  endfacet
  facet normal 0 1 0
    outer loop
      vertex 49.35 57.4 14
      vertex 51.55 57.4 4
      vertex 49.35 57.4 4
    endloop
  endfacet
  facet normal -0 0 1
    outer loop
      vertex 49.35 112.6 14
      vertex 51.55 92.6 14
      vertex 51.55 112.6 14
    endloop
  endfacet
  facet normal 0 0 1
    outer loop
      vertex 51.55 92.6 14
      vertex 49.35 112.6 14
      vertex 49.35 92.6 14
    endloop
  endfacet
  facet normal 0 1 -0
    outer loop
      vertex 51.55 112.6 4
      vertex 49.35 112.6 14
      vertex 51.55 112.6 14
    endloop
  endfacet
  facet normal 0 1 0
    outer loop
      vertex 49.35 112.6 14
      vertex 51.55 112.6 4
      vertex 49.35 112.6 4
    endloop
  endfacet
  facet normal 0 -1 0
    outer loop
      vertex 49.35 92.6 4
      vertex 51.55 92.6 14
      vertex 49.35 92.6 14
    endloop
  endfacet
  facet normal 0 -1 -0
    outer loop
      vertex 51.55 92.6 14
      vertex 49.35 92.6 4
      vertex 51.55 92.6 4
    endloop
  endfacet
  facet normal -0 0 1
    outer loop
      vertex 189.75 57.4 14
      vertex 191.95 37.4 14
      vertex 191.95 57.4 14
    endloop
  endfacet
  facet normal 0 0 1
    outer loop
      vertex 191.95 37.4 14
      vertex 189.75 57.4 14
      vertex 189.75 37.4 14
    endloop
  endfacet
  facet normal 0 -1 0
    outer loop
      vertex 189.75 37.4 4
      vertex 191.95 37.4 14
      vertex 189.75 37.4 14
    endloop
  endfacet
  facet normal 0 -1 -0
    outer loop
      vertex 191.95 37.4 14
      vertex 189.75 37.4 4
      vertex 191.95 37.4 4
    endloop
  endfacet
  facet normal 0 1 -0
    outer loop
      vertex 191.95 57.4 4
      vertex 189.75 57.4 14
      vertex 191.95 57.4 14
    endloop
  endfacet
  facet normal 0 1 0
    outer loop
      vertex 189.75 57.4 14
      vertex 191.95 57.4 4
      vertex 189.75 57.4 4
    endloop
  endfacet
  facet normal -0 0 1
    outer loop
      vertex 189.75 112.6 14
      vertex 191.95 92.6 14
      vertex 191.95 112.6 14
    endloop
  endfacet
  facet normal 0 0 1
    outer loop
      vertex 191.95 92.6 14
      vertex 189.75 112.6 14
      vertex 189.75 92.6 14
    endloop
  endfacet
  facet normal 0 1 -0
    outer loop
      vertex 191.95 112.6 4
      vertex 189.75 112.6 14
      vertex 191.95 112.6 14
    endloop
  endfacet
  facet normal 0 1 0
    outer loop
      vertex 189.75 112.6 14
      vertex 191.95 112.6 4
      vertex 189.75 112.6 4
    endloop
  endfacet
  facet normal 0 -1 0
    outer loop
      vertex 189.75 92.6 4
      vertex 191.95 92.6 14
      vertex 189.75 92.6 14
    endloop
  endfacet
  facet normal 0 -1 -0
    outer loop
      vertex 191.95 92.6 14
      vertex 189.75 92.6 4
      vertex 191.95 92.6 4
    endloop
  endfacet
  facet normal -1 0 0
    outer loop
      vertex 51.55 30.2 0
      vertex 51.55 32.4 4
      vertex 51.55 32.4 0
    endloop
  endfacet
  facet normal -1 0 0
    outer loop
      vertex 51.55 30.2 11
      vertex 51.55 32.4 4
      vertex 51.55 30.2 0
    endloop
  endfacet
  facet normal -1 0 0
    outer loop
      vertex 51.55 32.4 4
      vertex 51.55 30.2 11
      vertex 51.55 32.4 11
    endloop
  endfacet
  facet normal -0 0 1
    outer loop
      vertex 51.55 32.4 11
      vertex 71.55 30.2 11
      vertex 71.55 32.4 11
    endloop
  endfacet
  facet normal 0 0 1
    outer loop
      vertex 71.55 30.2 11
      vertex 51.55 32.4 11
      vertex 51.55 30.2 11
    endloop
  endfacet
  facet normal 1 -0 0
    outer loop
      vertex 71.55 30.2 11
      vertex 71.55 32.4 4
      vertex 71.55 32.4 11
    endloop
  endfacet
  facet normal 1 0 0
    outer loop
      vertex 71.55 30.2 1.8
      vertex 71.55 32.4 4
      vertex 71.55 30.2 11
    endloop
  endfacet
  facet normal 1 0 0
    outer loop
      vertex 71.55 32.4 4
      vertex 71.55 30.2 1.8
      vertex 71.55 32.4 1.8
    endloop
  endfacet
  facet normal 0 -1 0
    outer loop
      vertex 59.2561 30.2 0
      vertex 71.5439 30.2 1.8
      vertex 59.2561 30.2 1.8
    endloop
  endfacet
  facet normal 0 -1 -0
    outer loop
      vertex 71.5439 30.2 1.8
      vertex 59.2561 30.2 0
      vertex 71.5439 30.2 0
    endloop
  endfacet
  facet normal 0 -1 0
    outer loop
      vertex 59.2561 30.2 1.8
      vertex 51.55 30.2 11
      vertex 55.0561 30.2 1.8
    endloop
  endfacet
  facet normal 0 -1 0
    outer loop
      vertex 51.55 30.2 0
      vertex 55.0561 30.2 1.8
      vertex 51.55 30.2 11
    endloop
  endfacet
  facet normal 0 -1 -0
    outer loop
      vertex 55.0561 30.2 1.8
      vertex 51.55 30.2 0
      vertex 55.0561 30.2 0
    endloop
  endfacet
  facet normal 0 -1 0
    outer loop
      vertex 51.55 30.2 11
      vertex 59.2561 30.2 1.8
      vertex 71.55 30.2 11
    endloop
  endfacet
  facet normal 0 -1 0
    outer loop
      vertex 71.5439 30.2 1.8
      vertex 71.55 30.2 11
      vertex 59.2561 30.2 1.8
    endloop
  endfacet
  facet normal 0 -1 -0
    outer loop
      vertex 71.55 30.2 11
      vertex 71.5439 30.2 1.8
      vertex 71.55 30.2 1.8
    endloop
  endfacet
  facet normal -1 0 0
    outer loop
      vertex 51.55 118.87 0
      vertex 51.55 117.6 0
      vertex 51.55 118.87 1.8
    endloop
  endfacet
  facet normal -1 0 0
    outer loop
      vertex 51.55 117.6 4
      vertex 51.55 119.8 1.8
      vertex 51.55 118.87 1.8
    endloop
  endfacet
  facet normal -1 0 0
    outer loop
      vertex 51.55 117.6 4
      vertex 51.55 118.87 1.8
      vertex 51.55 117.6 0
    endloop
  endfacet
  facet normal -1 0 0
    outer loop
      vertex 51.55 119.8 1.8
      vertex 51.55 117.6 4
      vertex 51.55 119.8 11
    endloop
  endfacet
  facet normal -1 -0 0
    outer loop
      vertex 51.55 119.8 11
      vertex 51.55 117.6 4
      vertex 51.55 117.6 11
    endloop
  endfacet
  facet normal -0 0 1
    outer loop
      vertex 51.55 119.8 11
      vertex 71.55 117.6 11
      vertex 71.55 119.8 11
    endloop
  endfacet
  facet normal 0 0 1
    outer loop
      vertex 71.55 117.6 11
      vertex 51.55 119.8 11
      vertex 51.55 117.6 11
    endloop
  endfacet
  facet normal 1 0 0
    outer loop
      vertex 71.55 117.6 4
      vertex 71.55 119.8 11
      vertex 71.55 117.6 11
    endloop
  endfacet
  facet normal 1 0 0
    outer loop
      vertex 71.55 119.8 11
      vertex 71.55 117.6 4
      vertex 71.55 119.8 0
    endloop
  endfacet
  facet normal 1 0 0
    outer loop
      vertex 71.55 119.8 0
      vertex 71.55 117.6 4
      vertex 71.55 117.6 0
    endloop
  endfacet
  facet normal 0 1 0
    outer loop
      vertex 71.55 119.8 11
      vertex 57.0133 119.8 1.8
      vertex 51.55 119.8 11
    endloop
  endfacet
  facet normal 0 1 -0
    outer loop
      vertex 71.55 119.8 0
      vertex 57.0133 119.8 1.8
      vertex 71.55 119.8 11
    endloop
  endfacet
  facet normal 0 1 0
    outer loop
      vertex 57.0133 119.8 1.8
      vertex 71.55 119.8 0
      vertex 57.0133 119.8 0
    endloop
  endfacet
  facet normal 0 1 0
    outer loop
      vertex 51.55 119.8 11
      vertex 57.0133 119.8 1.8
      vertex 51.55 119.8 1.8
    endloop
  endfacet
  facet normal -1 0 0
    outer loop
      vertex 169.75 31.5751 0
      vertex 169.75 30.2 0
      vertex 169.75 31.5751 1.8
    endloop
  endfacet
  facet normal -1 0 0
    outer loop
      vertex 169.75 31.5751 1.8
      vertex 169.75 32.4 4
      vertex 169.75 32.4 1.8
    endloop
  endfacet
  facet normal -1 0 0
    outer loop
      vertex 169.75 30.2 11
      vertex 169.75 32.4 4
      vertex 169.75 31.5751 1.8
    endloop
  endfacet
  facet normal -1 0 0
    outer loop
      vertex 169.75 30.2 11
      vertex 169.75 31.5751 1.8
      vertex 169.75 30.2 0
    endloop
  endfacet
  facet normal -1 0 0
    outer loop
      vertex 169.75 32.4 4
      vertex 169.75 30.2 11
      vertex 169.75 32.4 11
    endloop
  endfacet
  facet normal -0 0 1
    outer loop
      vertex 169.75 32.4 11
      vertex 189.75 30.2 11
      vertex 189.75 32.4 11
    endloop
  endfacet
  facet normal 0 0 1
    outer loop
      vertex 189.75 30.2 11
      vertex 169.75 32.4 11
      vertex 169.75 30.2 11
    endloop
  endfacet
  facet normal 1 -0 0
    outer loop
      vertex 189.75 30.2 11
      vertex 189.75 32.4 4
      vertex 189.75 32.4 11
    endloop
  endfacet
  facet normal 1 0 0
    outer loop
      vertex 189.75 30.2 1.8
      vertex 189.75 32.4 4
      vertex 189.75 30.2 11
    endloop
  endfacet
  facet normal 1 0 0
    outer loop
      vertex 189.75 32.4 4
      vertex 189.75 30.2 1.8
      vertex 189.75 32.4 1.8
    endloop
  endfacet
  facet normal 0 -1 0
    outer loop
      vertex 174.744 30.2 0
      vertex 187.056 30.2 1.8
      vertex 174.744 30.2 1.8
    endloop
  endfacet
  facet normal 0 -1 -0
    outer loop
      vertex 187.056 30.2 1.8
      vertex 174.744 30.2 0
      vertex 187.056 30.2 0
    endloop
  endfacet
  facet normal 0 -1 0
    outer loop
      vertex 174.744 30.2 1.8
      vertex 169.75 30.2 11
      vertex 170.544 30.2 1.8
    endloop
  endfacet
  facet normal 0 -1 0
    outer loop
      vertex 169.75 30.2 0
      vertex 170.544 30.2 1.8
      vertex 169.75 30.2 11
    endloop
  endfacet
  facet normal 0 -1 -0
    outer loop
      vertex 170.544 30.2 1.8
      vertex 169.75 30.2 0
      vertex 170.544 30.2 0
    endloop
  endfacet
  facet normal 0 -1 0
    outer loop
      vertex 169.75 30.2 11
      vertex 174.744 30.2 1.8
      vertex 189.75 30.2 11
    endloop
  endfacet
  facet normal 0 -1 0
    outer loop
      vertex 187.056 30.2 1.8
      vertex 189.75 30.2 11
      vertex 174.744 30.2 1.8
    endloop
  endfacet
  facet normal 0 -1 -0
    outer loop
      vertex 189.75 30.2 11
      vertex 187.056 30.2 1.8
      vertex 189.75 30.2 1.8
    endloop
  endfacet
  facet normal -1 0 0
    outer loop
      vertex 169.75 117.6 4
      vertex 169.75 119.8 0
      vertex 169.75 117.6 0
    endloop
  endfacet
  facet normal -1 0 0
    outer loop
      vertex 169.75 119.8 0
      vertex 169.75 117.6 4
      vertex 169.75 119.8 11
    endloop
  endfacet
  facet normal -1 -0 0
    outer loop
      vertex 169.75 119.8 11
      vertex 169.75 117.6 4
      vertex 169.75 117.6 11
    endloop
  endfacet
  facet normal -0 0 1
    outer loop
      vertex 169.75 119.8 11
      vertex 189.75 117.6 11
      vertex 189.75 119.8 11
    endloop
  endfacet
  facet normal 0 0 1
    outer loop
      vertex 189.75 117.6 11
      vertex 169.75 119.8 11
      vertex 169.75 117.6 11
    endloop
  endfacet
  facet normal 1 0 0
    outer loop
      vertex 189.75 119.8 11
      vertex 189.75 118.524 1.8
      vertex 189.75 119.8 0
    endloop
  endfacet
  facet normal 1 0 0
    outer loop
      vertex 189.75 117.6 4
      vertex 189.75 119.8 11
      vertex 189.75 117.6 11
    endloop
  endfacet
  facet normal 1 0 0
    outer loop
      vertex 189.75 119.8 11
      vertex 189.75 117.6 4
      vertex 189.75 118.524 1.8
    endloop
  endfacet
  facet normal 1 0 0
    outer loop
      vertex 189.75 118.524 1.8
      vertex 189.75 117.6 4
      vertex 189.75 117.6 1.8
    endloop
  endfacet
  facet normal 1 0 0
    outer loop
      vertex 189.75 119.8 0
      vertex 189.75 118.524 1.8
      vertex 189.75 118.524 0
    endloop
  endfacet
  facet normal 0 1 0
    outer loop
      vertex 172.787 119.8 1.8
      vertex 189.75 119.8 11
      vertex 189.013 119.8 1.8
    endloop
  endfacet
  facet normal 0 1 -0
    outer loop
      vertex 189.75 119.8 0
      vertex 189.013 119.8 1.8
      vertex 189.75 119.8 11
    endloop
  endfacet
  facet normal 0 1 0
    outer loop
      vertex 189.013 119.8 1.8
      vertex 189.75 119.8 0
      vertex 189.013 119.8 0
    endloop
  endfacet
  facet normal 0 1 0
    outer loop
      vertex 189.75 119.8 11
      vertex 172.787 119.8 1.8
      vertex 169.75 119.8 11
    endloop
  endfacet
  facet normal 0 1 0
    outer loop
      vertex 169.75 119.8 0
      vertex 172.787 119.8 1.8
      vertex 172.787 119.8 0
    endloop
  endfacet
  facet normal 0 1 0
    outer loop
      vertex 172.787 119.8 1.8
      vertex 169.75 119.8 0
      vertex 169.75 119.8 11
    endloop
  endfacet
  facet normal -0.555632 -0.831428 0
    outer loop
      vertex 14.325 27.295 0
      vertex 14.6132 27.1024 3.4
      vertex 14.325 27.295 3.4
    endloop
  endfacet
  facet normal -0.555632 -0.831428 -0
    outer loop
      vertex 14.6132 27.1024 3.4
      vertex 14.325 27.295 0
      vertex 14.6132 27.1024 0
    endloop
  endfacet
  facet normal 0.980802 -0.195007 0
    outer loop
      vertex 10.3727 25.3459 3.4
      vertex 10.4403 25.6859 0
      vertex 10.4403 25.6859 3.4
    endloop
  endfacet
  facet normal 0.980802 -0.195007 0
    outer loop
      vertex 10.4403 25.6859 0
      vertex 10.3727 25.3459 3.4
      vertex 10.3727 25.3459 0
    endloop
  endfacet
  facet normal -0.980802 0.195007 0
    outer loop
      vertex 15.5597 24.3141 0
      vertex 15.6273 24.6541 3.4
      vertex 15.6273 24.6541 0
    endloop
  endfacet
  facet normal -0.980802 0.195007 0
    outer loop
      vertex 15.6273 24.6541 3.4
      vertex 15.5597 24.3141 0
      vertex 15.5597 24.3141 3.4
    endloop
  endfacet
  facet normal 0.195007 0.980802 -0
    outer loop
      vertex 12.6541 22.3727 0
      vertex 12.3141 22.4403 3.4
      vertex 12.6541 22.3727 3.4
    endloop
  endfacet
  facet normal 0.195007 0.980802 0
    outer loop
      vertex 12.3141 22.4403 3.4
      vertex 12.6541 22.3727 0
      vertex 12.3141 22.4403 0
    endloop
  endfacet
  facet normal 0.442245 -0.896894 0
    outer loop
      vertex 11.675 27.295 0
      vertex 11.9859 27.4483 3.4
      vertex 11.675 27.295 3.4
    endloop
  endfacet
  facet normal 0.442245 -0.896894 0
    outer loop
      vertex 11.9859 27.4483 3.4
      vertex 11.675 27.295 0
      vertex 11.9859 27.4483 0
    endloop
  endfacet
  facet normal 0.946938 -0.321416 0
    outer loop
      vertex 10.4403 25.6859 3.4
      vertex 10.5517 26.0141 0
      vertex 10.5517 26.0141 3.4
    endloop
  endfacet
  facet normal 0.946938 -0.321416 0
    outer loop
      vertex 10.5517 26.0141 0
      vertex 10.4403 25.6859 3.4
      vertex 10.4403 25.6859 0
    endloop
  endfacet
  facet normal -0.751754 0.659444 0
    outer loop
      vertex 14.8738 23.1262 0
      vertex 15.1024 23.3868 3.4
      vertex 15.1024 23.3868 0
    endloop
  endfacet
  facet normal -0.751754 0.659444 0
    outer loop
      vertex 15.1024 23.3868 3.4
      vertex 14.8738 23.1262 0
      vertex 14.8738 23.1262 3.4
    endloop
  endfacet
  facet normal 0.831428 0.555632 0
    outer loop
      vertex 10.8976 23.3868 3.4
      vertex 10.705 23.675 0
      vertex 10.705 23.675 3.4
    endloop
  endfacet
  facet normal 0.831428 0.555632 0
    outer loop
      vertex 10.705 23.675 0
      vertex 10.8976 23.3868 3.4
      vertex 10.8976 23.3868 0
    endloop
  endfacet
  facet normal -0.946938 -0.321416 0
    outer loop
      vertex 15.5597 25.6859 0
      vertex 15.4483 26.0141 3.4
      vertex 15.4483 26.0141 0
    endloop
  endfacet
  facet normal -0.946938 -0.321416 0
    outer loop
      vertex 15.4483 26.0141 3.4
      vertex 15.5597 25.6859 0
      vertex 15.5597 25.6859 3.4
    endloop
  endfacet
  facet normal -0.896894 -0.442245 0
    outer loop
      vertex 15.4483 26.0141 0
      vertex 15.295 26.325 3.4
      vertex 15.295 26.325 0
    endloop
  endfacet
  facet normal -0.896894 -0.442245 0
    outer loop
      vertex 15.295 26.325 3.4
      vertex 15.4483 26.0141 0
      vertex 15.4483 26.0141 3.4
    endloop
  endfacet
  facet normal -0.659444 -0.751754 0
    outer loop
      vertex 14.6132 27.1024 0
      vertex 14.8738 26.8738 3.4
      vertex 14.6132 27.1024 3.4
    endloop
  endfacet
  facet normal -0.659444 -0.751754 -0
    outer loop
      vertex 14.8738 26.8738 3.4
      vertex 14.6132 27.1024 0
      vertex 14.8738 26.8738 0
    endloop
  endfacet
  facet normal -0.442245 -0.896894 0
    outer loop
      vertex 14.0141 27.4483 0
      vertex 14.325 27.295 3.4
      vertex 14.0141 27.4483 3.4
    endloop
  endfacet
  facet normal -0.442245 -0.896894 -0
    outer loop
      vertex 14.325 27.295 3.4
      vertex 14.0141 27.4483 0
      vertex 14.325 27.295 0
    endloop
  endfacet
  facet normal -0.195007 -0.980802 0
    outer loop
      vertex 13.3459 27.6273 0
      vertex 13.6859 27.5597 3.4
      vertex 13.3459 27.6273 3.4
    endloop
  endfacet
  facet normal -0.195007 -0.980802 -0
    outer loop
      vertex 13.6859 27.5597 3.4
      vertex 13.3459 27.6273 0
      vertex 13.6859 27.5597 0
    endloop
  endfacet
  facet normal 0.997854 0.065485 0
    outer loop
      vertex 10.3727 24.6541 3.4
      vertex 10.35 25 0
      vertex 10.35 25 3.4
    endloop
  endfacet
  facet normal 0.997854 0.065485 0
    outer loop
      vertex 10.35 25 0
      vertex 10.3727 24.6541 3.4
      vertex 10.3727 24.6541 0
    endloop
  endfacet
  facet normal 0.831428 -0.555632 0
    outer loop
      vertex 10.705 26.325 3.4
      vertex 10.8976 26.6132 0
      vertex 10.8976 26.6132 3.4
    endloop
  endfacet
  facet normal 0.831428 -0.555632 0
    outer loop
      vertex 10.8976 26.6132 0
      vertex 10.705 26.325 3.4
      vertex 10.705 26.325 0
    endloop
  endfacet
  facet normal 0.751754 -0.659444 0
    outer loop
      vertex 10.8976 26.6132 3.4
      vertex 11.1262 26.8738 0
      vertex 11.1262 26.8738 3.4
    endloop
  endfacet
  facet normal 0.751754 -0.659444 0
    outer loop
      vertex 11.1262 26.8738 0
      vertex 10.8976 26.6132 3.4
      vertex 10.8976 26.6132 0
    endloop
  endfacet
  facet normal -0.442245 0.896894 0
    outer loop
      vertex 14.325 22.705 0
      vertex 14.0141 22.5517 3.4
      vertex 14.325 22.705 3.4
    endloop
  endfacet
  facet normal -0.442245 0.896894 0
    outer loop
      vertex 14.0141 22.5517 3.4
      vertex 14.325 22.705 0
      vertex 14.0141 22.5517 0
    endloop
  endfacet
  facet normal -0.065485 0.997854 0
    outer loop
      vertex 13.3459 22.3727 0
      vertex 13 22.35 3.4
      vertex 13.3459 22.3727 3.4
    endloop
  endfacet
  facet normal -0.065485 0.997854 0
    outer loop
      vertex 13 22.35 3.4
      vertex 13.3459 22.3727 0
      vertex 13 22.35 0
    endloop
  endfacet
  facet normal 0.442245 0.896894 -0
    outer loop
      vertex 11.9859 22.5517 0
      vertex 11.675 22.705 3.4
      vertex 11.9859 22.5517 3.4
    endloop
  endfacet
  facet normal 0.442245 0.896894 0
    outer loop
      vertex 11.675 22.705 3.4
      vertex 11.9859 22.5517 0
      vertex 11.675 22.705 0
    endloop
  endfacet
  facet normal 0.555632 0.831428 -0
    outer loop
      vertex 11.675 22.705 0
      vertex 11.3868 22.8976 3.4
      vertex 11.675 22.705 3.4
    endloop
  endfacet
  facet normal 0.555632 0.831428 0
    outer loop
      vertex 11.3868 22.8976 3.4
      vertex 11.675 22.705 0
      vertex 11.3868 22.8976 0
    endloop
  endfacet
  facet normal -0.831428 -0.555632 0
    outer loop
      vertex 15.295 26.325 0
      vertex 15.1024 26.6132 3.4
      vertex 15.1024 26.6132 0
    endloop
  endfacet
  facet normal -0.831428 -0.555632 0
    outer loop
      vertex 15.1024 26.6132 3.4
      vertex 15.295 26.325 0
      vertex 15.295 26.325 3.4
    endloop
  endfacet
  facet normal -0.751754 -0.659444 0
    outer loop
      vertex 15.1024 26.6132 0
      vertex 14.8738 26.8738 3.4
      vertex 14.8738 26.8738 0
    endloop
  endfacet
  facet normal -0.751754 -0.659444 0
    outer loop
      vertex 14.8738 26.8738 3.4
      vertex 15.1024 26.6132 0
      vertex 15.1024 26.6132 3.4
    endloop
  endfacet
  facet normal 0.065485 -0.997854 0
    outer loop
      vertex 12.6541 27.6273 0
      vertex 13 27.65 3.4
      vertex 12.6541 27.6273 3.4
    endloop
  endfacet
  facet normal 0.065485 -0.997854 0
    outer loop
      vertex 13 27.65 3.4
      vertex 12.6541 27.6273 0
      vertex 13 27.65 0
    endloop
  endfacet
  facet normal -0.321416 -0.946938 0
    outer loop
      vertex 13.6859 27.5597 0
      vertex 14.0141 27.4483 3.4
      vertex 13.6859 27.5597 3.4
    endloop
  endfacet
  facet normal -0.321416 -0.946938 -0
    outer loop
      vertex 14.0141 27.4483 3.4
      vertex 13.6859 27.5597 0
      vertex 14.0141 27.4483 0
    endloop
  endfacet
  facet normal 0.195007 -0.980802 0
    outer loop
      vertex 12.3141 27.5597 0
      vertex 12.6541 27.6273 3.4
      vertex 12.3141 27.5597 3.4
    endloop
  endfacet
  facet normal 0.195007 -0.980802 0
    outer loop
      vertex 12.6541 27.6273 3.4
      vertex 12.3141 27.5597 0
      vertex 12.6541 27.6273 0
    endloop
  endfacet
  facet normal 0.321416 -0.946938 0
    outer loop
      vertex 11.9859 27.4483 0
      vertex 12.3141 27.5597 3.4
      vertex 11.9859 27.4483 3.4
    endloop
  endfacet
  facet normal 0.321416 -0.946938 0
    outer loop
      vertex 12.3141 27.5597 3.4
      vertex 11.9859 27.4483 0
      vertex 12.3141 27.5597 0
    endloop
  endfacet
  facet normal 0.555632 -0.831428 0
    outer loop
      vertex 11.3868 27.1024 0
      vertex 11.675 27.295 3.4
      vertex 11.3868 27.1024 3.4
    endloop
  endfacet
  facet normal 0.555632 -0.831428 0
    outer loop
      vertex 11.675 27.295 3.4
      vertex 11.3868 27.1024 0
      vertex 11.675 27.295 0
    endloop
  endfacet
  facet normal 0.659444 -0.751754 0
    outer loop
      vertex 11.1262 26.8738 0
      vertex 11.3868 27.1024 3.4
      vertex 11.1262 26.8738 3.4
    endloop
  endfacet
  facet normal 0.659444 -0.751754 0
    outer loop
      vertex 11.3868 27.1024 3.4
      vertex 11.1262 26.8738 0
      vertex 11.3868 27.1024 0
    endloop
  endfacet
  facet normal -0.997854 -0.065485 0
    outer loop
      vertex 15.65 25 0
      vertex 15.6273 25.3459 3.4
      vertex 15.6273 25.3459 0
    endloop
  endfacet
  facet normal -0.997854 -0.065485 0
    outer loop
      vertex 15.6273 25.3459 3.4
      vertex 15.65 25 0
      vertex 15.65 25 3.4
    endloop
  endfacet
  facet normal -0.195007 0.980802 0
    outer loop
      vertex 13.6859 22.4403 0
      vertex 13.3459 22.3727 3.4
      vertex 13.6859 22.4403 3.4
    endloop
  endfacet
  facet normal -0.195007 0.980802 0
    outer loop
      vertex 13.3459 22.3727 3.4
      vertex 13.6859 22.4403 0
      vertex 13.3459 22.3727 0
    endloop
  endfacet
  facet normal -0.831428 0.555632 0
    outer loop
      vertex 15.1024 23.3868 0
      vertex 15.295 23.675 3.4
      vertex 15.295 23.675 0
    endloop
  endfacet
  facet normal -0.831428 0.555632 0
    outer loop
      vertex 15.295 23.675 3.4
      vertex 15.1024 23.3868 0
      vertex 15.1024 23.3868 3.4
    endloop
  endfacet
  facet normal -0.321416 0.946938 0
    outer loop
      vertex 14.0141 22.5517 0
      vertex 13.6859 22.4403 3.4
      vertex 14.0141 22.5517 3.4
    endloop
  endfacet
  facet normal -0.321416 0.946938 0
    outer loop
      vertex 13.6859 22.4403 3.4
      vertex 14.0141 22.5517 0
      vertex 13.6859 22.4403 0
    endloop
  endfacet
  facet normal -0.555632 0.831428 0
    outer loop
      vertex 14.6132 22.8976 0
      vertex 14.325 22.705 3.4
      vertex 14.6132 22.8976 3.4
    endloop
  endfacet
  facet normal -0.555632 0.831428 0
    outer loop
      vertex 14.325 22.705 3.4
      vertex 14.6132 22.8976 0
      vertex 14.325 22.705 0
    endloop
  endfacet
  facet normal -0.659444 0.751754 0
    outer loop
      vertex 14.8738 23.1262 0
      vertex 14.6132 22.8976 3.4
      vertex 14.8738 23.1262 3.4
    endloop
  endfacet
  facet normal -0.659444 0.751754 0
    outer loop
      vertex 14.6132 22.8976 3.4
      vertex 14.8738 23.1262 0
      vertex 14.6132 22.8976 0
    endloop
  endfacet
  facet normal 0.065485 0.997854 -0
    outer loop
      vertex 13 22.35 0
      vertex 12.6541 22.3727 3.4
      vertex 13 22.35 3.4
    endloop
  endfacet
  facet normal 0.065485 0.997854 0
    outer loop
      vertex 12.6541 22.3727 3.4
      vertex 13 22.35 0
      vertex 12.6541 22.3727 0
    endloop
  endfacet
  facet normal 0.321416 0.946938 -0
    outer loop
      vertex 12.3141 22.4403 0
      vertex 11.9859 22.5517 3.4
      vertex 12.3141 22.4403 3.4
    endloop
  endfacet
  facet normal 0.321416 0.946938 0
    outer loop
      vertex 11.9859 22.5517 3.4
      vertex 12.3141 22.4403 0
      vertex 11.9859 22.5517 0
    endloop
  endfacet
  facet normal 0.896894 0.442245 0
    outer loop
      vertex 10.705 23.675 3.4
      vertex 10.5517 23.9859 0
      vertex 10.5517 23.9859 3.4
    endloop
  endfacet
  facet normal 0.896894 0.442245 0
    outer loop
      vertex 10.5517 23.9859 0
      vertex 10.705 23.675 3.4
      vertex 10.705 23.675 0
    endloop
  endfacet
  facet normal 0.980802 0.195007 0
    outer loop
      vertex 10.4403 24.3141 3.4
      vertex 10.3727 24.6541 0
      vertex 10.3727 24.6541 3.4
    endloop
  endfacet
  facet normal 0.980802 0.195007 0
    outer loop
      vertex 10.3727 24.6541 0
      vertex 10.4403 24.3141 3.4
      vertex 10.4403 24.3141 0
    endloop
  endfacet
  facet normal 0.659444 0.751754 -0
    outer loop
      vertex 11.3868 22.8976 0
      vertex 11.1262 23.1262 3.4
      vertex 11.3868 22.8976 3.4
    endloop
  endfacet
  facet normal 0.659444 0.751754 0
    outer loop
      vertex 11.1262 23.1262 3.4
      vertex 11.3868 22.8976 0
      vertex 11.1262 23.1262 0
    endloop
  endfacet
  facet normal -0.980802 -0.195007 0
    outer loop
      vertex 15.6273 25.3459 0
      vertex 15.5597 25.6859 3.4
      vertex 15.5597 25.6859 0
    endloop
  endfacet
  facet normal -0.980802 -0.195007 0
    outer loop
      vertex 15.5597 25.6859 3.4
      vertex 15.6273 25.3459 0
      vertex 15.6273 25.3459 3.4
    endloop
  endfacet
  facet normal -0.065485 -0.997854 0
    outer loop
      vertex 13 27.65 0
      vertex 13.3459 27.6273 3.4
      vertex 13 27.65 3.4
    endloop
  endfacet
  facet normal -0.065485 -0.997854 -0
    outer loop
      vertex 13.3459 27.6273 3.4
      vertex 13 27.65 0
      vertex 13.3459 27.6273 0
    endloop
  endfacet
  facet normal 0 0 -1
    outer loop
      vertex 15.6273 24.6541 3.4
      vertex 15.6273 25.3459 3.4
      vertex 15.65 25 3.4
    endloop
  endfacet
  facet normal 0 0 -1
    outer loop
      vertex 15.5597 24.3141 3.4
      vertex 15.6273 25.3459 3.4
      vertex 15.6273 24.6541 3.4
    endloop
  endfacet
  facet normal 0 0 -1
    outer loop
      vertex 15.5597 24.3141 3.4
      vertex 15.5597 25.6859 3.4
      vertex 15.6273 25.3459 3.4
    endloop
  endfacet
  facet normal 0 0 -1
    outer loop
      vertex 15.4483 23.9859 3.4
      vertex 15.5597 25.6859 3.4
      vertex 15.5597 24.3141 3.4
    endloop
  endfacet
  facet normal 0 0 -1
    outer loop
      vertex 15.4483 23.9859 3.4
      vertex 15.4483 26.0141 3.4
      vertex 15.5597 25.6859 3.4
    endloop
  endfacet
  facet normal 0 0 -1
    outer loop
      vertex 15.295 23.675 3.4
      vertex 15.4483 26.0141 3.4
      vertex 15.4483 23.9859 3.4
    endloop
  endfacet
  facet normal 0 0 -1
    outer loop
      vertex 15.295 23.675 3.4
      vertex 15.295 26.325 3.4
      vertex 15.4483 26.0141 3.4
    endloop
  endfacet
  facet normal 0 0 -1
    outer loop
      vertex 15.1024 23.3868 3.4
      vertex 15.295 26.325 3.4
      vertex 15.295 23.675 3.4
    endloop
  endfacet
  facet normal 0 0 -1
    outer loop
      vertex 15.1024 23.3868 3.4
      vertex 15.1024 26.6132 3.4
      vertex 15.295 26.325 3.4
    endloop
  endfacet
  facet normal 0 0 -1
    outer loop
      vertex 14.8738 23.1262 3.4
      vertex 15.1024 26.6132 3.4
      vertex 15.1024 23.3868 3.4
    endloop
  endfacet
  facet normal 0 0 -1
    outer loop
      vertex 14.8738 23.1262 3.4
      vertex 14.8738 26.8738 3.4
      vertex 15.1024 26.6132 3.4
    endloop
  endfacet
  facet normal 0 0 -1
    outer loop
      vertex 14.6132 22.8976 3.4
      vertex 14.8738 26.8738 3.4
      vertex 14.8738 23.1262 3.4
    endloop
  endfacet
  facet normal 0 0 -1
    outer loop
      vertex 14.6132 22.8976 3.4
      vertex 14.6132 27.1024 3.4
      vertex 14.8738 26.8738 3.4
    endloop
  endfacet
  facet normal 0 0 -1
    outer loop
      vertex 14.325 22.705 3.4
      vertex 14.6132 27.1024 3.4
      vertex 14.6132 22.8976 3.4
    endloop
  endfacet
  facet normal 0 0 -1
    outer loop
      vertex 14.325 22.705 3.4
      vertex 14.325 27.295 3.4
      vertex 14.6132 27.1024 3.4
    endloop
  endfacet
  facet normal 0 0 -1
    outer loop
      vertex 14.0141 22.5517 3.4
      vertex 14.325 27.295 3.4
      vertex 14.325 22.705 3.4
    endloop
  endfacet
  facet normal 0 0 -1
    outer loop
      vertex 14.0141 22.5517 3.4
      vertex 14.0141 27.4483 3.4
      vertex 14.325 27.295 3.4
    endloop
  endfacet
  facet normal 0 0 -1
    outer loop
      vertex 13.6859 22.4403 3.4
      vertex 14.0141 27.4483 3.4
      vertex 14.0141 22.5517 3.4
    endloop
  endfacet
  facet normal 0 0 -1
    outer loop
      vertex 13.6859 22.4403 3.4
      vertex 13.6859 27.5597 3.4
      vertex 14.0141 27.4483 3.4
    endloop
  endfacet
  facet normal 0 0 -1
    outer loop
      vertex 13.3459 22.3727 3.4
      vertex 13.6859 27.5597 3.4
      vertex 13.6859 22.4403 3.4
    endloop
  endfacet
  facet normal 0 0 -1
    outer loop
      vertex 13.3459 22.3727 3.4
      vertex 13.3459 27.6273 3.4
      vertex 13.6859 27.5597 3.4
    endloop
  endfacet
  facet normal 0 0 -1
    outer loop
      vertex 13 22.35 3.4
      vertex 13.3459 27.6273 3.4
      vertex 13.3459 22.3727 3.4
    endloop
  endfacet
  facet normal 0 0 -1
    outer loop
      vertex 13 22.35 3.4
      vertex 13 27.65 3.4
      vertex 13.3459 27.6273 3.4
    endloop
  endfacet
  facet normal 0 0 -1
    outer loop
      vertex 12.6541 22.3727 3.4
      vertex 13 27.65 3.4
      vertex 13 22.35 3.4
    endloop
  endfacet
  facet normal 0 0 -1
    outer loop
      vertex 12.6541 22.3727 3.4
      vertex 12.6541 27.6273 3.4
      vertex 13 27.65 3.4
    endloop
  endfacet
  facet normal 0 0 -1
    outer loop
      vertex 12.3141 22.4403 3.4
      vertex 12.6541 27.6273 3.4
      vertex 12.6541 22.3727 3.4
    endloop
  endfacet
  facet normal 0 0 -1
    outer loop
      vertex 12.3141 22.4403 3.4
      vertex 12.3141 27.5597 3.4
      vertex 12.6541 27.6273 3.4
    endloop
  endfacet
  facet normal 0 0 -1
    outer loop
      vertex 11.9859 22.5517 3.4
      vertex 12.3141 27.5597 3.4
      vertex 12.3141 22.4403 3.4
    endloop
  endfacet
  facet normal 0 0 -1
    outer loop
      vertex 11.9859 22.5517 3.4
      vertex 11.9859 27.4483 3.4
      vertex 12.3141 27.5597 3.4
    endloop
  endfacet
  facet normal 0 0 -1
    outer loop
      vertex 11.675 22.705 3.4
      vertex 11.9859 27.4483 3.4
      vertex 11.9859 22.5517 3.4
    endloop
  endfacet
  facet normal 0 0 -1
    outer loop
      vertex 11.675 22.705 3.4
      vertex 11.675 27.295 3.4
      vertex 11.9859 27.4483 3.4
    endloop
  endfacet
  facet normal 0 0 -1
    outer loop
      vertex 11.3868 22.8976 3.4
      vertex 11.675 27.295 3.4
      vertex 11.675 22.705 3.4
    endloop
  endfacet
  facet normal 0 0 -1
    outer loop
      vertex 11.3868 22.8976 3.4
      vertex 11.3868 27.1024 3.4
      vertex 11.675 27.295 3.4
    endloop
  endfacet
  facet normal 0 0 -1
    outer loop
      vertex 11.1262 23.1262 3.4
      vertex 11.3868 27.1024 3.4
      vertex 11.3868 22.8976 3.4
    endloop
  endfacet
  facet normal 0 0 -1
    outer loop
      vertex 11.1262 23.1262 3.4
      vertex 11.1262 26.8738 3.4
      vertex 11.3868 27.1024 3.4
    endloop
  endfacet
  facet normal 0 0 -1
    outer loop
      vertex 10.8976 23.3868 3.4
      vertex 11.1262 26.8738 3.4
      vertex 11.1262 23.1262 3.4
    endloop
  endfacet
  facet normal 0 0 -1
    outer loop
      vertex 10.8976 23.3868 3.4
      vertex 10.8976 26.6132 3.4
      vertex 11.1262 26.8738 3.4
    endloop
  endfacet
  facet normal 0 0 -1
    outer loop
      vertex 10.705 23.675 3.4
      vertex 10.8976 26.6132 3.4
      vertex 10.8976 23.3868 3.4
    endloop
  endfacet
  facet normal 0 0 -1
    outer loop
      vertex 10.705 23.675 3.4
      vertex 10.705 26.325 3.4
      vertex 10.8976 26.6132 3.4
    endloop
  endfacet
  facet normal 0 0 -1
    outer loop
      vertex 10.5517 23.9859 3.4
      vertex 10.705 26.325 3.4
      vertex 10.705 23.675 3.4
    endloop
  endfacet
  facet normal 0 0 -1
    outer loop
      vertex 10.5517 23.9859 3.4
      vertex 10.5517 26.0141 3.4
      vertex 10.705 26.325 3.4
    endloop
  endfacet
  facet normal 0 0 -1
    outer loop
      vertex 10.4403 24.3141 3.4
      vertex 10.5517 26.0141 3.4
      vertex 10.5517 23.9859 3.4
    endloop
  endfacet
  facet normal 0 0 -1
    outer loop
      vertex 10.4403 24.3141 3.4
      vertex 10.4403 25.6859 3.4
      vertex 10.5517 26.0141 3.4
    endloop
  endfacet
  facet normal 0 0 -1
    outer loop
      vertex 10.3727 24.6541 3.4
      vertex 10.4403 25.6859 3.4
      vertex 10.4403 24.3141 3.4
    endloop
  endfacet
  facet normal 0 0 -1
    outer loop
      vertex 10.3727 24.6541 3.4
      vertex 10.3727 25.3459 3.4
      vertex 10.4403 25.6859 3.4
    endloop
  endfacet
  facet normal 0 -0 -1
    outer loop
      vertex 10.3727 25.3459 3.4
      vertex 10.3727 24.6541 3.4
      vertex 10.35 25 3.4
    endloop
  endfacet
  facet normal 0.997854 -0.065485 0
    outer loop
      vertex 10.35 25 3.4
      vertex 10.3727 25.3459 0
      vertex 10.3727 25.3459 3.4
    endloop
  endfacet
  facet normal 0.997854 -0.065485 0
    outer loop
      vertex 10.3727 25.3459 0
      vertex 10.35 25 3.4
      vertex 10.35 25 0
    endloop
  endfacet
  facet normal 0.896894 -0.442245 0
    outer loop
      vertex 10.5517 26.0141 3.4
      vertex 10.705 26.325 0
      vertex 10.705 26.325 3.4
    endloop
  endfacet
  facet normal 0.896894 -0.442245 0
    outer loop
      vertex 10.705 26.325 0
      vertex 10.5517 26.0141 3.4
      vertex 10.5517 26.0141 0
    endloop
  endfacet
  facet normal -0.997854 0.065485 0
    outer loop
      vertex 15.6273 24.6541 0
      vertex 15.65 25 3.4
      vertex 15.65 25 0
    endloop
  endfacet
  facet normal -0.997854 0.065485 0
    outer loop
      vertex 15.65 25 3.4
      vertex 15.6273 24.6541 0
      vertex 15.6273 24.6541 3.4
    endloop
  endfacet
  facet normal 0.946938 0.321416 0
    outer loop
      vertex 10.5517 23.9859 3.4
      vertex 10.4403 24.3141 0
      vertex 10.4403 24.3141 3.4
    endloop
  endfacet
  facet normal 0.946938 0.321416 0
    outer loop
      vertex 10.4403 24.3141 0
      vertex 10.5517 23.9859 3.4
      vertex 10.5517 23.9859 0
    endloop
  endfacet
  facet normal 0.751754 0.659444 0
    outer loop
      vertex 11.1262 23.1262 3.4
      vertex 10.8976 23.3868 0
      vertex 10.8976 23.3868 3.4
    endloop
  endfacet
  facet normal 0.751754 0.659444 0
    outer loop
      vertex 10.8976 23.3868 0
      vertex 11.1262 23.1262 3.4
      vertex 11.1262 23.1262 0
    endloop
  endfacet
  facet normal -0.946938 0.321416 0
    outer loop
      vertex 15.4483 23.9859 0
      vertex 15.5597 24.3141 3.4
      vertex 15.5597 24.3141 0
    endloop
  endfacet
  facet normal -0.946938 0.321416 0
    outer loop
      vertex 15.5597 24.3141 3.4
      vertex 15.4483 23.9859 0
      vertex 15.4483 23.9859 3.4
    endloop
  endfacet
  facet normal -0.896894 0.442245 0
    outer loop
      vertex 15.295 23.675 0
      vertex 15.4483 23.9859 3.4
      vertex 15.4483 23.9859 0
    endloop
  endfacet
  facet normal -0.896894 0.442245 0
    outer loop
      vertex 15.4483 23.9859 3.4
      vertex 15.295 23.675 0
      vertex 15.295 23.675 3.4
    endloop
  endfacet
  facet normal -0.997797 -0.0663467 0
    outer loop
      vertex 230.95 25 0
      vertex 230.927 25.3459 3.4
      vertex 230.927 25.3459 0
    endloop
  endfacet
  facet normal -0.997797 -0.0663467 0
    outer loop
      vertex 230.927 25.3459 3.4
      vertex 230.95 25 0
      vertex 230.95 25 3.4
    endloop
  endfacet
  facet normal 0.0654662 -0.997855 0
    outer loop
      vertex 227.954 27.6273 0
      vertex 228.3 27.65 3.4
      vertex 227.954 27.6273 3.4
    endloop
  endfacet
  facet normal 0.0654662 -0.997855 0
    outer loop
      vertex 228.3 27.65 3.4
      vertex 227.954 27.6273 0
      vertex 228.3 27.65 0
    endloop
  endfacet
  facet normal -0.658872 -0.752255 0
    outer loop
      vertex 229.913 27.1024 0
      vertex 230.174 26.8738 3.4
      vertex 229.913 27.1024 3.4
    endloop
  endfacet
  facet normal -0.658872 -0.752255 -0
    outer loop
      vertex 230.174 26.8738 3.4
      vertex 229.913 27.1024 0
      vertex 230.174 26.8738 0
    endloop
  endfacet
  facet normal 0.752612 -0.658464 0
    outer loop
      vertex 226.198 26.6132 3.4
      vertex 226.426 26.8738 0
      vertex 226.426 26.8738 3.4
    endloop
  endfacet
  facet normal 0.752612 -0.658464 0
    outer loop
      vertex 226.426 26.8738 0
      vertex 226.198 26.6132 3.4
      vertex 226.198 26.6132 0
    endloop
  endfacet
  facet normal 0.44213 -0.896951 0
    outer loop
      vertex 226.975 27.295 0
      vertex 227.286 27.4483 3.4
      vertex 226.975 27.295 3.4
    endloop
  endfacet
  facet normal 0.44213 -0.896951 0
    outer loop
      vertex 227.286 27.4483 3.4
      vertex 226.975 27.295 0
      vertex 227.286 27.4483 0
    endloop
  endfacet
  facet normal -0.752612 0.658464 0
    outer loop
      vertex 230.174 23.1262 0
      vertex 230.402 23.3868 3.4
      vertex 230.402 23.3868 0
    endloop
  endfacet
  facet normal -0.752612 0.658464 0
    outer loop
      vertex 230.402 23.3868 3.4
      vertex 230.174 23.1262 0
      vertex 230.174 23.1262 3.4
    endloop
  endfacet
  facet normal 0.752612 0.658464 0
    outer loop
      vertex 226.426 23.1262 3.4
      vertex 226.198 23.3868 0
      vertex 226.198 23.3868 3.4
    endloop
  endfacet
  facet normal 0.752612 0.658464 0
    outer loop
      vertex 226.198 23.3868 0
      vertex 226.426 23.1262 3.4
      vertex 226.426 23.1262 0
    endloop
  endfacet
  facet normal -0.94641 -0.322967 0
    outer loop
      vertex 230.86 25.6859 0
      vertex 230.748 26.0141 3.4
      vertex 230.748 26.0141 0
    endloop
  endfacet
  facet normal -0.94641 -0.322967 0
    outer loop
      vertex 230.748 26.0141 3.4
      vertex 230.86 25.6859 0
      vertex 230.86 25.6859 3.4
    endloop
  endfacet
  facet normal -0.981132 -0.193341 0
    outer loop
      vertex 230.927 25.3459 0
      vertex 230.86 25.6859 3.4
      vertex 230.86 25.6859 0
    endloop
  endfacet
  facet normal -0.981132 -0.193341 0
    outer loop
      vertex 230.86 25.6859 3.4
      vertex 230.927 25.3459 0
      vertex 230.927 25.3459 3.4
    endloop
  endfacet
  facet normal -0.321592 -0.946878 0
    outer loop
      vertex 228.986 27.5597 0
      vertex 229.314 27.4483 3.4
      vertex 228.986 27.5597 3.4
    endloop
  endfacet
  facet normal -0.321592 -0.946878 -0
    outer loop
      vertex 229.314 27.4483 3.4
      vertex 228.986 27.5597 0
      vertex 229.314 27.4483 0
    endloop
  endfacet
  facet normal -0.195007 -0.980802 0
    outer loop
      vertex 228.646 27.6273 0
      vertex 228.986 27.5597 3.4
      vertex 228.646 27.6273 3.4
    endloop
  endfacet
  facet normal -0.195007 -0.980802 -0
    outer loop
      vertex 228.986 27.5597 3.4
      vertex 228.646 27.6273 0
      vertex 228.986 27.5597 0
    endloop
  endfacet
  facet normal -0.555899 -0.83125 0
    outer loop
      vertex 229.625 27.295 0
      vertex 229.913 27.1024 3.4
      vertex 229.625 27.295 3.4
    endloop
  endfacet
  facet normal -0.555899 -0.83125 -0
    outer loop
      vertex 229.913 27.1024 3.4
      vertex 229.625 27.295 0
      vertex 229.913 27.1024 0
    endloop
  endfacet
  facet normal 0.94641 -0.322967 0
    outer loop
      vertex 225.74 25.6859 3.4
      vertex 225.852 26.0141 0
      vertex 225.852 26.0141 3.4
    endloop
  endfacet
  facet normal 0.94641 -0.322967 0
    outer loop
      vertex 225.852 26.0141 0
      vertex 225.74 25.6859 3.4
      vertex 225.74 25.6859 0
    endloop
  endfacet
  facet normal 0.897238 -0.441548 0
    outer loop
      vertex 225.852 26.0141 3.4
      vertex 226.005 26.325 0
      vertex 226.005 26.325 3.4
    endloop
  endfacet
  facet normal 0.897238 -0.441548 0
    outer loop
      vertex 226.005 26.325 0
      vertex 225.852 26.0141 3.4
      vertex 225.852 26.0141 0
    endloop
  endfacet
  facet normal 0.981132 -0.193341 0
    outer loop
      vertex 225.673 25.3459 3.4
      vertex 225.74 25.6859 0
      vertex 225.74 25.6859 3.4
    endloop
  endfacet
  facet normal 0.981132 -0.193341 0
    outer loop
      vertex 225.74 25.6859 0
      vertex 225.673 25.3459 3.4
      vertex 225.673 25.3459 0
    endloop
  endfacet
  facet normal 0.997797 0.0663467 0
    outer loop
      vertex 225.673 24.6541 3.4
      vertex 225.65 25 0
      vertex 225.65 25 3.4
    endloop
  endfacet
  facet normal 0.997797 0.0663467 0
    outer loop
      vertex 225.65 25 0
      vertex 225.673 24.6541 3.4
      vertex 225.673 24.6541 0
    endloop
  endfacet
  facet normal 0.658872 -0.752255 0
    outer loop
      vertex 226.426 26.8738 0
      vertex 226.687 27.1024 3.4
      vertex 226.426 26.8738 3.4
    endloop
  endfacet
  facet normal 0.658872 -0.752255 0
    outer loop
      vertex 226.687 27.1024 3.4
      vertex 226.426 26.8738 0
      vertex 226.687 27.1024 0
    endloop
  endfacet
  facet normal 0.195007 -0.980802 0
    outer loop
      vertex 227.614 27.5597 0
      vertex 227.954 27.6273 3.4
      vertex 227.614 27.5597 3.4
    endloop
  endfacet
  facet normal 0.195007 -0.980802 0
    outer loop
      vertex 227.954 27.6273 3.4
      vertex 227.614 27.5597 0
      vertex 227.954 27.6273 0
    endloop
  endfacet
  facet normal -0.997797 0.0663467 0
    outer loop
      vertex 230.927 24.6541 0
      vertex 230.95 25 3.4
      vertex 230.95 25 0
    endloop
  endfacet
  facet normal -0.997797 0.0663467 0
    outer loop
      vertex 230.95 25 3.4
      vertex 230.927 24.6541 0
      vertex 230.927 24.6541 3.4
    endloop
  endfacet
  facet normal 0.555899 0.83125 -0
    outer loop
      vertex 226.975 22.705 0
      vertex 226.687 22.8976 3.4
      vertex 226.975 22.705 3.4
    endloop
  endfacet
  facet normal 0.555899 0.83125 0
    outer loop
      vertex 226.687 22.8976 3.4
      vertex 226.975 22.705 0
      vertex 226.687 22.8976 0
    endloop
  endfacet
  facet normal 0.195007 0.980802 -0
    outer loop
      vertex 227.954 22.3727 0
      vertex 227.614 22.4403 3.4
      vertex 227.954 22.3727 3.4
    endloop
  endfacet
  facet normal 0.195007 0.980802 0
    outer loop
      vertex 227.614 22.4403 3.4
      vertex 227.954 22.3727 0
      vertex 227.614 22.4403 0
    endloop
  endfacet
  facet normal 0.94641 0.322967 0
    outer loop
      vertex 225.852 23.9859 3.4
      vertex 225.74 24.3141 0
      vertex 225.74 24.3141 3.4
    endloop
  endfacet
  facet normal 0.94641 0.322967 0
    outer loop
      vertex 225.74 24.3141 0
      vertex 225.852 23.9859 3.4
      vertex 225.852 23.9859 0
    endloop
  endfacet
  facet normal 0.830895 0.556429 0
    outer loop
      vertex 226.198 23.3868 3.4
      vertex 226.005 23.675 0
      vertex 226.005 23.675 3.4
    endloop
  endfacet
  facet normal 0.830895 0.556429 0
    outer loop
      vertex 226.005 23.675 0
      vertex 226.198 23.3868 3.4
      vertex 226.198 23.3868 0
    endloop
  endfacet
  facet normal 0.897238 0.441548 0
    outer loop
      vertex 226.005 23.675 3.4
      vertex 225.852 23.9859 0
      vertex 225.852 23.9859 3.4
    endloop
  endfacet
  facet normal 0.897238 0.441548 0
    outer loop
      vertex 225.852 23.9859 0
      vertex 226.005 23.675 3.4
      vertex 226.005 23.675 0
    endloop
  endfacet
  facet normal -0.897238 -0.441548 0
    outer loop
      vertex 230.748 26.0141 0
      vertex 230.595 26.325 3.4
      vertex 230.595 26.325 0
    endloop
  endfacet
  facet normal -0.897238 -0.441548 0
    outer loop
      vertex 230.595 26.325 3.4
      vertex 230.748 26.0141 0
      vertex 230.748 26.0141 3.4
    endloop
  endfacet
  facet normal -0.830895 -0.556429 0
    outer loop
      vertex 230.595 26.325 0
      vertex 230.402 26.6132 3.4
      vertex 230.402 26.6132 0
    endloop
  endfacet
  facet normal -0.830895 -0.556429 0
    outer loop
      vertex 230.402 26.6132 3.4
      vertex 230.595 26.325 0
      vertex 230.595 26.325 3.4
    endloop
  endfacet
  facet normal -0.752612 -0.658464 0
    outer loop
      vertex 230.402 26.6132 0
      vertex 230.174 26.8738 3.4
      vertex 230.174 26.8738 0
    endloop
  endfacet
  facet normal -0.752612 -0.658464 0
    outer loop
      vertex 230.174 26.8738 3.4
      vertex 230.402 26.6132 0
      vertex 230.402 26.6132 3.4
    endloop
  endfacet
  facet normal 0.321592 -0.946878 0
    outer loop
      vertex 227.286 27.4483 0
      vertex 227.614 27.5597 3.4
      vertex 227.286 27.4483 3.4
    endloop
  endfacet
  facet normal 0.321592 -0.946878 0
    outer loop
      vertex 227.614 27.5597 3.4
      vertex 227.286 27.4483 0
      vertex 227.614 27.5597 0
    endloop
  endfacet
  facet normal -0.44213 0.896951 0
    outer loop
      vertex 229.625 22.705 0
      vertex 229.314 22.5517 3.4
      vertex 229.625 22.705 3.4
    endloop
  endfacet
  facet normal -0.44213 0.896951 0
    outer loop
      vertex 229.314 22.5517 3.4
      vertex 229.625 22.705 0
      vertex 229.314 22.5517 0
    endloop
  endfacet
  facet normal -0.195007 0.980802 0
    outer loop
      vertex 228.986 22.4403 0
      vertex 228.646 22.3727 3.4
      vertex 228.986 22.4403 3.4
    endloop
  endfacet
  facet normal -0.195007 0.980802 0
    outer loop
      vertex 228.646 22.3727 3.4
      vertex 228.986 22.4403 0
      vertex 228.646 22.3727 0
    endloop
  endfacet
  facet normal -0.321592 0.946878 0
    outer loop
      vertex 229.314 22.5517 0
      vertex 228.986 22.4403 3.4
      vertex 229.314 22.5517 3.4
    endloop
  endfacet
  facet normal -0.321592 0.946878 0
    outer loop
      vertex 228.986 22.4403 3.4
      vertex 229.314 22.5517 0
      vertex 228.986 22.4403 0
    endloop
  endfacet
  facet normal -0.555899 0.83125 0
    outer loop
      vertex 229.913 22.8976 0
      vertex 229.625 22.705 3.4
      vertex 229.913 22.8976 3.4
    endloop
  endfacet
  facet normal -0.555899 0.83125 0
    outer loop
      vertex 229.625 22.705 3.4
      vertex 229.913 22.8976 0
      vertex 229.625 22.705 0
    endloop
  endfacet
  facet normal -0.658872 0.752255 0
    outer loop
      vertex 230.174 23.1262 0
      vertex 229.913 22.8976 3.4
      vertex 230.174 23.1262 3.4
    endloop
  endfacet
  facet normal -0.658872 0.752255 0
    outer loop
      vertex 229.913 22.8976 3.4
      vertex 230.174 23.1262 0
      vertex 229.913 22.8976 0
    endloop
  endfacet
  facet normal -0.830895 0.556429 0
    outer loop
      vertex 230.402 23.3868 0
      vertex 230.595 23.675 3.4
      vertex 230.595 23.675 0
    endloop
  endfacet
  facet normal -0.830895 0.556429 0
    outer loop
      vertex 230.595 23.675 3.4
      vertex 230.402 23.3868 0
      vertex 230.402 23.3868 3.4
    endloop
  endfacet
  facet normal -0.94641 0.322967 0
    outer loop
      vertex 230.748 23.9859 0
      vertex 230.86 24.3141 3.4
      vertex 230.86 24.3141 0
    endloop
  endfacet
  facet normal -0.94641 0.322967 0
    outer loop
      vertex 230.86 24.3141 3.4
      vertex 230.748 23.9859 0
      vertex 230.748 23.9859 3.4
    endloop
  endfacet
  facet normal -0.981132 0.193341 0
    outer loop
      vertex 230.86 24.3141 0
      vertex 230.927 24.6541 3.4
      vertex 230.927 24.6541 0
    endloop
  endfacet
  facet normal -0.981132 0.193341 0
    outer loop
      vertex 230.927 24.6541 3.4
      vertex 230.86 24.3141 0
      vertex 230.86 24.3141 3.4
    endloop
  endfacet
  facet normal 0.0654662 0.997855 -0
    outer loop
      vertex 228.3 22.35 0
      vertex 227.954 22.3727 3.4
      vertex 228.3 22.35 3.4
    endloop
  endfacet
  facet normal 0.0654662 0.997855 0
    outer loop
      vertex 227.954 22.3727 3.4
      vertex 228.3 22.35 0
      vertex 227.954 22.3727 0
    endloop
  endfacet
  facet normal 0.44213 0.896951 -0
    outer loop
      vertex 227.286 22.5517 0
      vertex 226.975 22.705 3.4
      vertex 227.286 22.5517 3.4
    endloop
  endfacet
  facet normal 0.44213 0.896951 0
    outer loop
      vertex 226.975 22.705 3.4
      vertex 227.286 22.5517 0
      vertex 226.975 22.705 0
    endloop
  endfacet
  facet normal 0.321592 0.946878 -0
    outer loop
      vertex 227.614 22.4403 0
      vertex 227.286 22.5517 3.4
      vertex 227.614 22.4403 3.4
    endloop
  endfacet
  facet normal 0.321592 0.946878 0
    outer loop
      vertex 227.286 22.5517 3.4
      vertex 227.614 22.4403 0
      vertex 227.286 22.5517 0
    endloop
  endfacet
  facet normal -0.0654662 0.997855 0
    outer loop
      vertex 228.646 22.3727 0
      vertex 228.3 22.35 3.4
      vertex 228.646 22.3727 3.4
    endloop
  endfacet
  facet normal -0.0654662 0.997855 0
    outer loop
      vertex 228.3 22.35 3.4
      vertex 228.646 22.3727 0
      vertex 228.3 22.35 0
    endloop
  endfacet
  facet normal 0.658872 0.752255 -0
    outer loop
      vertex 226.687 22.8976 0
      vertex 226.426 23.1262 3.4
      vertex 226.687 22.8976 3.4
    endloop
  endfacet
  facet normal 0.658872 0.752255 0
    outer loop
      vertex 226.426 23.1262 3.4
      vertex 226.687 22.8976 0
      vertex 226.426 23.1262 0
    endloop
  endfacet
  facet normal 0.981132 0.193341 0
    outer loop
      vertex 225.74 24.3141 3.4
      vertex 225.673 24.6541 0
      vertex 225.673 24.6541 3.4
    endloop
  endfacet
  facet normal 0.981132 0.193341 0
    outer loop
      vertex 225.673 24.6541 0
      vertex 225.74 24.3141 3.4
      vertex 225.74 24.3141 0
    endloop
  endfacet
  facet normal -0.0654662 -0.997855 0
    outer loop
      vertex 228.3 27.65 0
      vertex 228.646 27.6273 3.4
      vertex 228.3 27.65 3.4
    endloop
  endfacet
  facet normal -0.0654662 -0.997855 -0
    outer loop
      vertex 228.646 27.6273 3.4
      vertex 228.3 27.65 0
      vertex 228.646 27.6273 0
    endloop
  endfacet
  facet normal -0.44213 -0.896951 0
    outer loop
      vertex 229.314 27.4483 0
      vertex 229.625 27.295 3.4
      vertex 229.314 27.4483 3.4
    endloop
  endfacet
  facet normal -0.44213 -0.896951 -0
    outer loop
      vertex 229.625 27.295 3.4
      vertex 229.314 27.4483 0
      vertex 229.625 27.295 0
    endloop
  endfacet
  facet normal 0.830895 -0.556429 0
    outer loop
      vertex 226.005 26.325 3.4
      vertex 226.198 26.6132 0
      vertex 226.198 26.6132 3.4
    endloop
  endfacet
  facet normal 0.830895 -0.556429 0
    outer loop
      vertex 226.198 26.6132 0
      vertex 226.005 26.325 3.4
      vertex 226.005 26.325 0
    endloop
  endfacet
  facet normal 0 0 -1
    outer loop
      vertex 230.927 24.6541 3.4
      vertex 230.927 25.3459 3.4
      vertex 230.95 25 3.4
    endloop
  endfacet
  facet normal 0 0 -1
    outer loop
      vertex 230.86 24.3141 3.4
      vertex 230.927 25.3459 3.4
      vertex 230.927 24.6541 3.4
    endloop
  endfacet
  facet normal 0 0 -1
    outer loop
      vertex 230.86 24.3141 3.4
      vertex 230.86 25.6859 3.4
      vertex 230.927 25.3459 3.4
    endloop
  endfacet
  facet normal 0 0 -1
    outer loop
      vertex 230.748 23.9859 3.4
      vertex 230.86 25.6859 3.4
      vertex 230.86 24.3141 3.4
    endloop
  endfacet
  facet normal 0 0 -1
    outer loop
      vertex 230.748 23.9859 3.4
      vertex 230.748 26.0141 3.4
      vertex 230.86 25.6859 3.4
    endloop
  endfacet
  facet normal 0 0 -1
    outer loop
      vertex 230.595 23.675 3.4
      vertex 230.748 26.0141 3.4
      vertex 230.748 23.9859 3.4
    endloop
  endfacet
  facet normal 0 0 -1
    outer loop
      vertex 230.595 23.675 3.4
      vertex 230.595 26.325 3.4
      vertex 230.748 26.0141 3.4
    endloop
  endfacet
  facet normal 0 0 -1
    outer loop
      vertex 230.402 23.3868 3.4
      vertex 230.595 26.325 3.4
      vertex 230.595 23.675 3.4
    endloop
  endfacet
  facet normal 0 0 -1
    outer loop
      vertex 230.402 23.3868 3.4
      vertex 230.402 26.6132 3.4
      vertex 230.595 26.325 3.4
    endloop
  endfacet
  facet normal 0 0 -1
    outer loop
      vertex 230.174 23.1262 3.4
      vertex 230.402 26.6132 3.4
      vertex 230.402 23.3868 3.4
    endloop
  endfacet
  facet normal 0 0 -1
    outer loop
      vertex 230.174 23.1262 3.4
      vertex 230.174 26.8738 3.4
      vertex 230.402 26.6132 3.4
    endloop
  endfacet
  facet normal 0 0 -1
    outer loop
      vertex 229.913 22.8976 3.4
      vertex 230.174 26.8738 3.4
      vertex 230.174 23.1262 3.4
    endloop
  endfacet
  facet normal 0 0 -1
    outer loop
      vertex 229.913 22.8976 3.4
      vertex 229.913 27.1024 3.4
      vertex 230.174 26.8738 3.4
    endloop
  endfacet
  facet normal 0 0 -1
    outer loop
      vertex 229.625 22.705 3.4
      vertex 229.913 27.1024 3.4
      vertex 229.913 22.8976 3.4
    endloop
  endfacet
  facet normal 0 0 -1
    outer loop
      vertex 229.625 22.705 3.4
      vertex 229.625 27.295 3.4
      vertex 229.913 27.1024 3.4
    endloop
  endfacet
  facet normal 0 0 -1
    outer loop
      vertex 229.314 22.5517 3.4
      vertex 229.625 27.295 3.4
      vertex 229.625 22.705 3.4
    endloop
  endfacet
  facet normal 0 0 -1
    outer loop
      vertex 229.314 22.5517 3.4
      vertex 229.314 27.4483 3.4
      vertex 229.625 27.295 3.4
    endloop
  endfacet
  facet normal 0 0 -1
    outer loop
      vertex 228.986 22.4403 3.4
      vertex 229.314 27.4483 3.4
      vertex 229.314 22.5517 3.4
    endloop
  endfacet
  facet normal 0 0 -1
    outer loop
      vertex 228.986 22.4403 3.4
      vertex 228.986 27.5597 3.4
      vertex 229.314 27.4483 3.4
    endloop
  endfacet
  facet normal 0 0 -1
    outer loop
      vertex 228.646 22.3727 3.4
      vertex 228.986 27.5597 3.4
      vertex 228.986 22.4403 3.4
    endloop
  endfacet
  facet normal 0 0 -1
    outer loop
      vertex 228.646 22.3727 3.4
      vertex 228.646 27.6273 3.4
      vertex 228.986 27.5597 3.4
    endloop
  endfacet
  facet normal 0 0 -1
    outer loop
      vertex 228.3 22.35 3.4
      vertex 228.646 27.6273 3.4
      vertex 228.646 22.3727 3.4
    endloop
  endfacet
  facet normal 0 0 -1
    outer loop
      vertex 228.3 22.35 3.4
      vertex 228.3 27.65 3.4
      vertex 228.646 27.6273 3.4
    endloop
  endfacet
  facet normal 0 0 -1
    outer loop
      vertex 227.954 22.3727 3.4
      vertex 228.3 27.65 3.4
      vertex 228.3 22.35 3.4
    endloop
  endfacet
  facet normal 0 0 -1
    outer loop
      vertex 227.954 22.3727 3.4
      vertex 227.954 27.6273 3.4
      vertex 228.3 27.65 3.4
    endloop
  endfacet
  facet normal 0 0 -1
    outer loop
      vertex 227.614 22.4403 3.4
      vertex 227.954 27.6273 3.4
      vertex 227.954 22.3727 3.4
    endloop
  endfacet
  facet normal 0 0 -1
    outer loop
      vertex 227.614 22.4403 3.4
      vertex 227.614 27.5597 3.4
      vertex 227.954 27.6273 3.4
    endloop
  endfacet
  facet normal 0 0 -1
    outer loop
      vertex 227.286 22.5517 3.4
      vertex 227.614 27.5597 3.4
      vertex 227.614 22.4403 3.4
    endloop
  endfacet
  facet normal 0 0 -1
    outer loop
      vertex 227.286 22.5517 3.4
      vertex 227.286 27.4483 3.4
      vertex 227.614 27.5597 3.4
    endloop
  endfacet
  facet normal 0 0 -1
    outer loop
      vertex 226.975 22.705 3.4
      vertex 227.286 27.4483 3.4
      vertex 227.286 22.5517 3.4
    endloop
  endfacet
  facet normal 0 0 -1
    outer loop
      vertex 226.975 22.705 3.4
      vertex 226.975 27.295 3.4
      vertex 227.286 27.4483 3.4
    endloop
  endfacet
  facet normal 0 0 -1
    outer loop
      vertex 226.687 22.8976 3.4
      vertex 226.975 27.295 3.4
      vertex 226.975 22.705 3.4
    endloop
  endfacet
  facet normal 0 0 -1
    outer loop
      vertex 226.687 22.8976 3.4
      vertex 226.687 27.1024 3.4
      vertex 226.975 27.295 3.4
    endloop
  endfacet
  facet normal 0 0 -1
    outer loop
      vertex 226.426 23.1262 3.4
      vertex 226.687 27.1024 3.4
      vertex 226.687 22.8976 3.4
    endloop
  endfacet
  facet normal 0 0 -1
    outer loop
      vertex 226.426 23.1262 3.4
      vertex 226.426 26.8738 3.4
      vertex 226.687 27.1024 3.4
    endloop
  endfacet
  facet normal 0 0 -1
    outer loop
      vertex 226.198 23.3868 3.4
      vertex 226.426 26.8738 3.4
      vertex 226.426 23.1262 3.4
    endloop
  endfacet
  facet normal 0 0 -1
    outer loop
      vertex 226.198 23.3868 3.4
      vertex 226.198 26.6132 3.4
      vertex 226.426 26.8738 3.4
    endloop
  endfacet
  facet normal 0 0 -1
    outer loop
      vertex 226.005 23.675 3.4
      vertex 226.198 26.6132 3.4
      vertex 226.198 23.3868 3.4
    endloop
  endfacet
  facet normal 0 0 -1
    outer loop
      vertex 226.005 23.675 3.4
      vertex 226.005 26.325 3.4
      vertex 226.198 26.6132 3.4
    endloop
  endfacet
  facet normal 0 0 -1
    outer loop
      vertex 225.852 23.9859 3.4
      vertex 226.005 26.325 3.4
      vertex 226.005 23.675 3.4
    endloop
  endfacet
  facet normal 0 0 -1
    outer loop
      vertex 225.852 23.9859 3.4
      vertex 225.852 26.0141 3.4
      vertex 226.005 26.325 3.4
    endloop
  endfacet
  facet normal 0 0 -1
    outer loop
      vertex 225.74 24.3141 3.4
      vertex 225.852 26.0141 3.4
      vertex 225.852 23.9859 3.4
    endloop
  endfacet
  facet normal 0 0 -1
    outer loop
      vertex 225.74 24.3141 3.4
      vertex 225.74 25.6859 3.4
      vertex 225.852 26.0141 3.4
    endloop
  endfacet
  facet normal 0 0 -1
    outer loop
      vertex 225.673 24.6541 3.4
      vertex 225.74 25.6859 3.4
      vertex 225.74 24.3141 3.4
    endloop
  endfacet
  facet normal 0 0 -1
    outer loop
      vertex 225.673 24.6541 3.4
      vertex 225.673 25.3459 3.4
      vertex 225.74 25.6859 3.4
    endloop
  endfacet
  facet normal 0 -0 -1
    outer loop
      vertex 225.673 25.3459 3.4
      vertex 225.673 24.6541 3.4
      vertex 225.65 25 3.4
    endloop
  endfacet
  facet normal 0.997797 -0.0663467 0
    outer loop
      vertex 225.65 25 3.4
      vertex 225.673 25.3459 0
      vertex 225.673 25.3459 3.4
    endloop
  endfacet
  facet normal 0.997797 -0.0663467 0
    outer loop
      vertex 225.673 25.3459 0
      vertex 225.65 25 3.4
      vertex 225.65 25 0
    endloop
  endfacet
  facet normal 0.555899 -0.83125 0
    outer loop
      vertex 226.687 27.1024 0
      vertex 226.975 27.295 3.4
      vertex 226.687 27.1024 3.4
    endloop
  endfacet
  facet normal 0.555899 -0.83125 0
    outer loop
      vertex 226.975 27.295 3.4
      vertex 226.687 27.1024 0
      vertex 226.975 27.295 0
    endloop
  endfacet
  facet normal -0.897238 0.441548 0
    outer loop
      vertex 230.595 23.675 0
      vertex 230.748 23.9859 3.4
      vertex 230.748 23.9859 0
    endloop
  endfacet
  facet normal -0.897238 0.441548 0
    outer loop
      vertex 230.748 23.9859 3.4
      vertex 230.595 23.675 0
      vertex 230.595 23.675 3.4
    endloop
  endfacet
  facet normal -0.997855 -0.0654662 0
    outer loop
      vertex 15.65 137 0
      vertex 15.6273 137.346 3.4
      vertex 15.6273 137.346 0
    endloop
  endfacet
  facet normal -0.997855 -0.0654662 0
    outer loop
      vertex 15.6273 137.346 3.4
      vertex 15.65 137 0
      vertex 15.65 137 3.4
    endloop
  endfacet
  facet normal 0.0663467 -0.997797 0
    outer loop
      vertex 12.6541 139.627 0
      vertex 13 139.65 3.4
      vertex 12.6541 139.627 3.4
    endloop
  endfacet
  facet normal 0.0663467 -0.997797 0
    outer loop
      vertex 13 139.65 3.4
      vertex 12.6541 139.627 0
      vertex 13 139.65 0
    endloop
  endfacet
  facet normal -0.658464 -0.752612 0
    outer loop
      vertex 14.6132 139.102 0
      vertex 14.8738 138.874 3.4
      vertex 14.6132 139.102 3.4
    endloop
  endfacet
  facet normal -0.658464 -0.752612 -0
    outer loop
      vertex 14.8738 138.874 3.4
      vertex 14.6132 139.102 0
      vertex 14.8738 138.874 0
    endloop
  endfacet
  facet normal 0.752255 -0.658872 0
    outer loop
      vertex 10.8976 138.613 3.4
      vertex 11.1262 138.874 0
      vertex 11.1262 138.874 3.4
    endloop
  endfacet
  facet normal 0.752255 -0.658872 0
    outer loop
      vertex 11.1262 138.874 0
      vertex 10.8976 138.613 3.4
      vertex 10.8976 138.613 0
    endloop
  endfacet
  facet normal 0.441548 -0.897238 0
    outer loop
      vertex 11.675 139.295 0
      vertex 11.9859 139.448 3.4
      vertex 11.675 139.295 3.4
    endloop
  endfacet
  facet normal 0.441548 -0.897238 0
    outer loop
      vertex 11.9859 139.448 3.4
      vertex 11.675 139.295 0
      vertex 11.9859 139.448 0
    endloop
  endfacet
  facet normal -0.896951 -0.44213 0
    outer loop
      vertex 15.4483 138.014 0
      vertex 15.295 138.325 3.4
      vertex 15.295 138.325 0
    endloop
  endfacet
  facet normal -0.896951 -0.44213 0
    outer loop
      vertex 15.295 138.325 3.4
      vertex 15.4483 138.014 0
      vertex 15.4483 138.014 3.4
    endloop
  endfacet
  facet normal -0.322967 -0.94641 0
    outer loop
      vertex 13.6859 139.56 0
      vertex 14.0141 139.448 3.4
      vertex 13.6859 139.56 3.4
    endloop
  endfacet
  facet normal -0.322967 -0.94641 -0
    outer loop
      vertex 14.0141 139.448 3.4
      vertex 13.6859 139.56 0
      vertex 14.0141 139.448 0
    endloop
  endfacet
  facet normal -0.193341 -0.981132 0
    outer loop
      vertex 13.3459 139.627 0
      vertex 13.6859 139.56 3.4
      vertex 13.3459 139.627 3.4
    endloop
  endfacet
  facet normal -0.193341 -0.981132 -0
    outer loop
      vertex 13.6859 139.56 3.4
      vertex 13.3459 139.627 0
      vertex 13.6859 139.56 0
    endloop
  endfacet
  facet normal -0.556429 -0.830895 0
    outer loop
      vertex 14.325 139.295 0
      vertex 14.6132 139.102 3.4
      vertex 14.325 139.295 3.4
    endloop
  endfacet
  facet normal -0.556429 -0.830895 -0
    outer loop
      vertex 14.6132 139.102 3.4
      vertex 14.325 139.295 0
      vertex 14.6132 139.102 0
    endloop
  endfacet
  facet normal 0.946878 -0.321592 0
    outer loop
      vertex 10.4403 137.686 3.4
      vertex 10.5517 138.014 0
      vertex 10.5517 138.014 3.4
    endloop
  endfacet
  facet normal 0.946878 -0.321592 0
    outer loop
      vertex 10.5517 138.014 0
      vertex 10.4403 137.686 3.4
      vertex 10.4403 137.686 0
    endloop
  endfacet
  facet normal 0.83125 -0.555899 0
    outer loop
      vertex 10.705 138.325 3.4
      vertex 10.8976 138.613 0
      vertex 10.8976 138.613 3.4
    endloop
  endfacet
  facet normal 0.83125 -0.555899 0
    outer loop
      vertex 10.8976 138.613 0
      vertex 10.705 138.325 3.4
      vertex 10.705 138.325 0
    endloop
  endfacet
  facet normal 0.980802 -0.195007 0
    outer loop
      vertex 10.3727 137.346 3.4
      vertex 10.4403 137.686 0
      vertex 10.4403 137.686 3.4
    endloop
  endfacet
  facet normal 0.980802 -0.195007 0
    outer loop
      vertex 10.4403 137.686 0
      vertex 10.3727 137.346 3.4
      vertex 10.3727 137.346 0
    endloop
  endfacet
  facet normal 0.322967 -0.94641 0
    outer loop
      vertex 11.9859 139.448 0
      vertex 12.3141 139.56 3.4
      vertex 11.9859 139.448 3.4
    endloop
  endfacet
  facet normal 0.322967 -0.94641 0
    outer loop
      vertex 12.3141 139.56 3.4
      vertex 11.9859 139.448 0
      vertex 12.3141 139.56 0
    endloop
  endfacet
  facet normal -0.946878 0.321592 0
    outer loop
      vertex 15.4483 135.986 0
      vertex 15.5597 136.314 3.4
      vertex 15.5597 136.314 0
    endloop
  endfacet
  facet normal -0.946878 0.321592 0
    outer loop
      vertex 15.5597 136.314 3.4
      vertex 15.4483 135.986 0
      vertex 15.4483 135.986 3.4
    endloop
  endfacet
  facet normal -0.83125 0.555899 0
    outer loop
      vertex 15.1024 135.387 0
      vertex 15.295 135.675 3.4
      vertex 15.295 135.675 0
    endloop
  endfacet
  facet normal -0.83125 0.555899 0
    outer loop
      vertex 15.295 135.675 3.4
      vertex 15.1024 135.387 0
      vertex 15.1024 135.387 3.4
    endloop
  endfacet
  facet normal -0.980802 0.195007 0
    outer loop
      vertex 15.5597 136.314 0
      vertex 15.6273 136.654 3.4
      vertex 15.6273 136.654 0
    endloop
  endfacet
  facet normal -0.980802 0.195007 0
    outer loop
      vertex 15.6273 136.654 3.4
      vertex 15.5597 136.314 0
      vertex 15.5597 136.314 3.4
    endloop
  endfacet
  facet normal 0.322967 0.94641 -0
    outer loop
      vertex 12.3141 134.44 0
      vertex 11.9859 134.552 3.4
      vertex 12.3141 134.44 3.4
    endloop
  endfacet
  facet normal 0.322967 0.94641 0
    outer loop
      vertex 11.9859 134.552 3.4
      vertex 12.3141 134.44 0
      vertex 11.9859 134.552 0
    endloop
  endfacet
  facet normal 0.556429 0.830895 -0
    outer loop
      vertex 11.675 134.705 0
      vertex 11.3868 134.898 3.4
      vertex 11.675 134.705 3.4
    endloop
  endfacet
  facet normal 0.556429 0.830895 0
    outer loop
      vertex 11.3868 134.898 3.4
      vertex 11.675 134.705 0
      vertex 11.3868 134.898 0
    endloop
  endfacet
  facet normal 0.193341 0.981132 -0
    outer loop
      vertex 12.6541 134.373 0
      vertex 12.3141 134.44 3.4
      vertex 12.6541 134.373 3.4
    endloop
  endfacet
  facet normal 0.193341 0.981132 0
    outer loop
      vertex 12.3141 134.44 3.4
      vertex 12.6541 134.373 0
      vertex 12.3141 134.44 0
    endloop
  endfacet
  facet normal -0.946878 -0.321592 0
    outer loop
      vertex 15.5597 137.686 0
      vertex 15.4483 138.014 3.4
      vertex 15.4483 138.014 0
    endloop
  endfacet
  facet normal -0.946878 -0.321592 0
    outer loop
      vertex 15.4483 138.014 3.4
      vertex 15.5597 137.686 0
      vertex 15.5597 137.686 3.4
    endloop
  endfacet
  facet normal -0.980802 -0.195007 0
    outer loop
      vertex 15.6273 137.346 0
      vertex 15.5597 137.686 3.4
      vertex 15.5597 137.686 0
    endloop
  endfacet
  facet normal -0.980802 -0.195007 0
    outer loop
      vertex 15.5597 137.686 3.4
      vertex 15.6273 137.346 0
      vertex 15.6273 137.346 3.4
    endloop
  endfacet
  facet normal -0.752255 -0.658872 0
    outer loop
      vertex 15.1024 138.613 0
      vertex 14.8738 138.874 3.4
      vertex 14.8738 138.874 0
    endloop
  endfacet
  facet normal -0.752255 -0.658872 0
    outer loop
      vertex 14.8738 138.874 3.4
      vertex 15.1024 138.613 0
      vertex 15.1024 138.613 3.4
    endloop
  endfacet
  facet normal -0.83125 -0.555899 0
    outer loop
      vertex 15.295 138.325 0
      vertex 15.1024 138.613 3.4
      vertex 15.1024 138.613 0
    endloop
  endfacet
  facet normal -0.83125 -0.555899 0
    outer loop
      vertex 15.1024 138.613 3.4
      vertex 15.295 138.325 0
      vertex 15.295 138.325 3.4
    endloop
  endfacet
  facet normal -0.0663467 -0.997797 0
    outer loop
      vertex 13 139.65 0
      vertex 13.3459 139.627 3.4
      vertex 13 139.65 3.4
    endloop
  endfacet
  facet normal -0.0663467 -0.997797 -0
    outer loop
      vertex 13.3459 139.627 3.4
      vertex 13 139.65 0
      vertex 13.3459 139.627 0
    endloop
  endfacet
  facet normal -0.441548 -0.897238 0
    outer loop
      vertex 14.0141 139.448 0
      vertex 14.325 139.295 3.4
      vertex 14.0141 139.448 3.4
    endloop
  endfacet
  facet normal -0.441548 -0.897238 -0
    outer loop
      vertex 14.325 139.295 3.4
      vertex 14.0141 139.448 0
      vertex 14.325 139.295 0
    endloop
  endfacet
  facet normal 0.896951 -0.44213 0
    outer loop
      vertex 10.5517 138.014 3.4
      vertex 10.705 138.325 0
      vertex 10.705 138.325 3.4
    endloop
  endfacet
  facet normal 0.896951 -0.44213 0
    outer loop
      vertex 10.705 138.325 0
      vertex 10.5517 138.014 3.4
      vertex 10.5517 138.014 0
    endloop
  endfacet
  facet normal 0.997855 -0.0654662 0
    outer loop
      vertex 10.35 137 3.4
      vertex 10.3727 137.346 0
      vertex 10.3727 137.346 3.4
    endloop
  endfacet
  facet normal 0.997855 -0.0654662 0
    outer loop
      vertex 10.3727 137.346 0
      vertex 10.35 137 3.4
      vertex 10.35 137 0
    endloop
  endfacet
  facet normal 0 0 -1
    outer loop
      vertex 15.6273 136.654 3.4
      vertex 15.6273 137.346 3.4
      vertex 15.65 137 3.4
    endloop
  endfacet
  facet normal 0 0 -1
    outer loop
      vertex 15.5597 136.314 3.4
      vertex 15.6273 137.346 3.4
      vertex 15.6273 136.654 3.4
    endloop
  endfacet
  facet normal 0 0 -1
    outer loop
      vertex 15.5597 136.314 3.4
      vertex 15.5597 137.686 3.4
      vertex 15.6273 137.346 3.4
    endloop
  endfacet
  facet normal 0 0 -1
    outer loop
      vertex 15.4483 135.986 3.4
      vertex 15.5597 137.686 3.4
      vertex 15.5597 136.314 3.4
    endloop
  endfacet
  facet normal 0 0 -1
    outer loop
      vertex 15.4483 135.986 3.4
      vertex 15.4483 138.014 3.4
      vertex 15.5597 137.686 3.4
    endloop
  endfacet
  facet normal 0 0 -1
    outer loop
      vertex 15.295 135.675 3.4
      vertex 15.4483 138.014 3.4
      vertex 15.4483 135.986 3.4
    endloop
  endfacet
  facet normal 0 0 -1
    outer loop
      vertex 15.295 135.675 3.4
      vertex 15.295 138.325 3.4
      vertex 15.4483 138.014 3.4
    endloop
  endfacet
  facet normal 0 0 -1
    outer loop
      vertex 15.1024 135.387 3.4
      vertex 15.295 138.325 3.4
      vertex 15.295 135.675 3.4
    endloop
  endfacet
  facet normal 0 0 -1
    outer loop
      vertex 15.1024 135.387 3.4
      vertex 15.1024 138.613 3.4
      vertex 15.295 138.325 3.4
    endloop
  endfacet
  facet normal 0 0 -1
    outer loop
      vertex 14.8738 135.126 3.4
      vertex 15.1024 138.613 3.4
      vertex 15.1024 135.387 3.4
    endloop
  endfacet
  facet normal 0 0 -1
    outer loop
      vertex 14.8738 135.126 3.4
      vertex 14.8738 138.874 3.4
      vertex 15.1024 138.613 3.4
    endloop
  endfacet
  facet normal 0 0 -1
    outer loop
      vertex 14.6132 134.898 3.4
      vertex 14.8738 138.874 3.4
      vertex 14.8738 135.126 3.4
    endloop
  endfacet
  facet normal 0 0 -1
    outer loop
      vertex 14.6132 134.898 3.4
      vertex 14.6132 139.102 3.4
      vertex 14.8738 138.874 3.4
    endloop
  endfacet
  facet normal 0 0 -1
    outer loop
      vertex 14.325 134.705 3.4
      vertex 14.6132 139.102 3.4
      vertex 14.6132 134.898 3.4
    endloop
  endfacet
  facet normal 0 0 -1
    outer loop
      vertex 14.325 134.705 3.4
      vertex 14.325 139.295 3.4
      vertex 14.6132 139.102 3.4
    endloop
  endfacet
  facet normal 0 0 -1
    outer loop
      vertex 14.0141 134.552 3.4
      vertex 14.325 139.295 3.4
      vertex 14.325 134.705 3.4
    endloop
  endfacet
  facet normal 0 0 -1
    outer loop
      vertex 14.0141 134.552 3.4
      vertex 14.0141 139.448 3.4
      vertex 14.325 139.295 3.4
    endloop
  endfacet
  facet normal 0 0 -1
    outer loop
      vertex 13.6859 134.44 3.4
      vertex 14.0141 139.448 3.4
      vertex 14.0141 134.552 3.4
    endloop
  endfacet
  facet normal 0 0 -1
    outer loop
      vertex 13.6859 134.44 3.4
      vertex 13.6859 139.56 3.4
      vertex 14.0141 139.448 3.4
    endloop
  endfacet
  facet normal 0 0 -1
    outer loop
      vertex 13.3459 134.373 3.4
      vertex 13.6859 139.56 3.4
      vertex 13.6859 134.44 3.4
    endloop
  endfacet
  facet normal 0 0 -1
    outer loop
      vertex 13.3459 134.373 3.4
      vertex 13.3459 139.627 3.4
      vertex 13.6859 139.56 3.4
    endloop
  endfacet
  facet normal 0 0 -1
    outer loop
      vertex 13 134.35 3.4
      vertex 13.3459 139.627 3.4
      vertex 13.3459 134.373 3.4
    endloop
  endfacet
  facet normal 0 0 -1
    outer loop
      vertex 13 134.35 3.4
      vertex 13 139.65 3.4
      vertex 13.3459 139.627 3.4
    endloop
  endfacet
  facet normal 0 0 -1
    outer loop
      vertex 12.6541 134.373 3.4
      vertex 13 139.65 3.4
      vertex 13 134.35 3.4
    endloop
  endfacet
  facet normal 0 0 -1
    outer loop
      vertex 12.6541 134.373 3.4
      vertex 12.6541 139.627 3.4
      vertex 13 139.65 3.4
    endloop
  endfacet
  facet normal 0 0 -1
    outer loop
      vertex 12.3141 134.44 3.4
      vertex 12.6541 139.627 3.4
      vertex 12.6541 134.373 3.4
    endloop
  endfacet
  facet normal 0 0 -1
    outer loop
      vertex 12.3141 134.44 3.4
      vertex 12.3141 139.56 3.4
      vertex 12.6541 139.627 3.4
    endloop
  endfacet
  facet normal 0 0 -1
    outer loop
      vertex 11.9859 134.552 3.4
      vertex 12.3141 139.56 3.4
      vertex 12.3141 134.44 3.4
    endloop
  endfacet
  facet normal 0 0 -1
    outer loop
      vertex 11.9859 134.552 3.4
      vertex 11.9859 139.448 3.4
      vertex 12.3141 139.56 3.4
    endloop
  endfacet
  facet normal 0 0 -1
    outer loop
      vertex 11.675 134.705 3.4
      vertex 11.9859 139.448 3.4
      vertex 11.9859 134.552 3.4
    endloop
  endfacet
  facet normal 0 0 -1
    outer loop
      vertex 11.675 134.705 3.4
      vertex 11.675 139.295 3.4
      vertex 11.9859 139.448 3.4
    endloop
  endfacet
  facet normal 0 0 -1
    outer loop
      vertex 11.3868 134.898 3.4
      vertex 11.675 139.295 3.4
      vertex 11.675 134.705 3.4
    endloop
  endfacet
  facet normal 0 0 -1
    outer loop
      vertex 11.3868 134.898 3.4
      vertex 11.3868 139.102 3.4
      vertex 11.675 139.295 3.4
    endloop
  endfacet
  facet normal 0 0 -1
    outer loop
      vertex 11.1262 135.126 3.4
      vertex 11.3868 139.102 3.4
      vertex 11.3868 134.898 3.4
    endloop
  endfacet
  facet normal 0 0 -1
    outer loop
      vertex 11.1262 135.126 3.4
      vertex 11.1262 138.874 3.4
      vertex 11.3868 139.102 3.4
    endloop
  endfacet
  facet normal 0 0 -1
    outer loop
      vertex 10.8976 135.387 3.4
      vertex 11.1262 138.874 3.4
      vertex 11.1262 135.126 3.4
    endloop
  endfacet
  facet normal 0 0 -1
    outer loop
      vertex 10.8976 135.387 3.4
      vertex 10.8976 138.613 3.4
      vertex 11.1262 138.874 3.4
    endloop
  endfacet
  facet normal 0 0 -1
    outer loop
      vertex 10.705 135.675 3.4
      vertex 10.8976 138.613 3.4
      vertex 10.8976 135.387 3.4
    endloop
  endfacet
  facet normal 0 0 -1
    outer loop
      vertex 10.705 135.675 3.4
      vertex 10.705 138.325 3.4
      vertex 10.8976 138.613 3.4
    endloop
  endfacet
  facet normal 0 0 -1
    outer loop
      vertex 10.5517 135.986 3.4
      vertex 10.705 138.325 3.4
      vertex 10.705 135.675 3.4
    endloop
  endfacet
  facet normal 0 0 -1
    outer loop
      vertex 10.5517 135.986 3.4
      vertex 10.5517 138.014 3.4
      vertex 10.705 138.325 3.4
    endloop
  endfacet
  facet normal 0 0 -1
    outer loop
      vertex 10.4403 136.314 3.4
      vertex 10.5517 138.014 3.4
      vertex 10.5517 135.986 3.4
    endloop
  endfacet
  facet normal 0 0 -1
    outer loop
      vertex 10.4403 136.314 3.4
      vertex 10.4403 137.686 3.4
      vertex 10.5517 138.014 3.4
    endloop
  endfacet
  facet normal 0 0 -1
    outer loop
      vertex 10.3727 136.654 3.4
      vertex 10.4403 137.686 3.4
      vertex 10.4403 136.314 3.4
    endloop
  endfacet
  facet normal 0 0 -1
    outer loop
      vertex 10.3727 136.654 3.4
      vertex 10.3727 137.346 3.4
      vertex 10.4403 137.686 3.4
    endloop
  endfacet
  facet normal 0 -0 -1
    outer loop
      vertex 10.3727 137.346 3.4
      vertex 10.3727 136.654 3.4
      vertex 10.35 137 3.4
    endloop
  endfacet
  facet normal 0.556429 -0.830895 0
    outer loop
      vertex 11.3868 139.102 0
      vertex 11.675 139.295 3.4
      vertex 11.3868 139.102 3.4
    endloop
  endfacet
  facet normal 0.556429 -0.830895 0
    outer loop
      vertex 11.675 139.295 3.4
      vertex 11.3868 139.102 0
      vertex 11.675 139.295 0
    endloop
  endfacet
  facet normal 0.658464 -0.752612 0
    outer loop
      vertex 11.1262 138.874 0
      vertex 11.3868 139.102 3.4
      vertex 11.1262 138.874 3.4
    endloop
  endfacet
  facet normal 0.658464 -0.752612 0
    outer loop
      vertex 11.3868 139.102 3.4
      vertex 11.1262 138.874 0
      vertex 11.3868 139.102 0
    endloop
  endfacet
  facet normal 0.193341 -0.981132 0
    outer loop
      vertex 12.3141 139.56 0
      vertex 12.6541 139.627 3.4
      vertex 12.3141 139.56 3.4
    endloop
  endfacet
  facet normal 0.193341 -0.981132 0
    outer loop
      vertex 12.6541 139.627 3.4
      vertex 12.3141 139.56 0
      vertex 12.6541 139.627 0
    endloop
  endfacet
  facet normal -0.193341 0.981132 0
    outer loop
      vertex 13.6859 134.44 0
      vertex 13.3459 134.373 3.4
      vertex 13.6859 134.44 3.4
    endloop
  endfacet
  facet normal -0.193341 0.981132 0
    outer loop
      vertex 13.3459 134.373 3.4
      vertex 13.6859 134.44 0
      vertex 13.3459 134.373 0
    endloop
  endfacet
  facet normal -0.441548 0.897238 0
    outer loop
      vertex 14.325 134.705 0
      vertex 14.0141 134.552 3.4
      vertex 14.325 134.705 3.4
    endloop
  endfacet
  facet normal -0.441548 0.897238 0
    outer loop
      vertex 14.0141 134.552 3.4
      vertex 14.325 134.705 0
      vertex 14.0141 134.552 0
    endloop
  endfacet
  facet normal -0.752255 0.658872 0
    outer loop
      vertex 14.8738 135.126 0
      vertex 15.1024 135.387 3.4
      vertex 15.1024 135.387 0
    endloop
  endfacet
  facet normal -0.752255 0.658872 0
    outer loop
      vertex 15.1024 135.387 3.4
      vertex 14.8738 135.126 0
      vertex 14.8738 135.126 3.4
    endloop
  endfacet
  facet normal -0.556429 0.830895 0
    outer loop
      vertex 14.6132 134.898 0
      vertex 14.325 134.705 3.4
      vertex 14.6132 134.898 3.4
    endloop
  endfacet
  facet normal -0.556429 0.830895 0
    outer loop
      vertex 14.325 134.705 3.4
      vertex 14.6132 134.898 0
      vertex 14.325 134.705 0
    endloop
  endfacet
  facet normal -0.896951 0.44213 0
    outer loop
      vertex 15.295 135.675 0
      vertex 15.4483 135.986 3.4
      vertex 15.4483 135.986 0
    endloop
  endfacet
  facet normal -0.896951 0.44213 0
    outer loop
      vertex 15.4483 135.986 3.4
      vertex 15.295 135.675 0
      vertex 15.295 135.675 3.4
    endloop
  endfacet
  facet normal -0.997855 0.0654662 0
    outer loop
      vertex 15.6273 136.654 0
      vertex 15.65 137 3.4
      vertex 15.65 137 0
    endloop
  endfacet
  facet normal -0.997855 0.0654662 0
    outer loop
      vertex 15.65 137 3.4
      vertex 15.6273 136.654 0
      vertex 15.6273 136.654 3.4
    endloop
  endfacet
  facet normal 0.441548 0.897238 -0
    outer loop
      vertex 11.9859 134.552 0
      vertex 11.675 134.705 3.4
      vertex 11.9859 134.552 3.4
    endloop
  endfacet
  facet normal 0.441548 0.897238 0
    outer loop
      vertex 11.675 134.705 3.4
      vertex 11.9859 134.552 0
      vertex 11.675 134.705 0
    endloop
  endfacet
  facet normal 0.0663467 0.997797 -0
    outer loop
      vertex 13 134.35 0
      vertex 12.6541 134.373 3.4
      vertex 13 134.35 3.4
    endloop
  endfacet
  facet normal 0.0663467 0.997797 0
    outer loop
      vertex 12.6541 134.373 3.4
      vertex 13 134.35 0
      vertex 12.6541 134.373 0
    endloop
  endfacet
  facet normal 0.83125 0.555899 0
    outer loop
      vertex 10.8976 135.387 3.4
      vertex 10.705 135.675 0
      vertex 10.705 135.675 3.4
    endloop
  endfacet
  facet normal 0.83125 0.555899 0
    outer loop
      vertex 10.705 135.675 0
      vertex 10.8976 135.387 3.4
      vertex 10.8976 135.387 0
    endloop
  endfacet
  facet normal 0.658464 0.752612 -0
    outer loop
      vertex 11.3868 134.898 0
      vertex 11.1262 135.126 3.4
      vertex 11.3868 134.898 3.4
    endloop
  endfacet
  facet normal 0.658464 0.752612 0
    outer loop
      vertex 11.1262 135.126 3.4
      vertex 11.3868 134.898 0
      vertex 11.1262 135.126 0
    endloop
  endfacet
  facet normal 0.896951 0.44213 0
    outer loop
      vertex 10.705 135.675 3.4
      vertex 10.5517 135.986 0
      vertex 10.5517 135.986 3.4
    endloop
  endfacet
  facet normal 0.896951 0.44213 0
    outer loop
      vertex 10.5517 135.986 0
      vertex 10.705 135.675 3.4
      vertex 10.705 135.675 0
    endloop
  endfacet
  facet normal 0.980802 0.195007 0
    outer loop
      vertex 10.4403 136.314 3.4
      vertex 10.3727 136.654 0
      vertex 10.3727 136.654 3.4
    endloop
  endfacet
  facet normal 0.980802 0.195007 0
    outer loop
      vertex 10.3727 136.654 0
      vertex 10.4403 136.314 3.4
      vertex 10.4403 136.314 0
    endloop
  endfacet
  facet normal 0.997855 0.0654662 0
    outer loop
      vertex 10.3727 136.654 3.4
      vertex 10.35 137 0
      vertex 10.35 137 3.4
    endloop
  endfacet
  facet normal 0.997855 0.0654662 0
    outer loop
      vertex 10.35 137 0
      vertex 10.3727 136.654 3.4
      vertex 10.3727 136.654 0
    endloop
  endfacet
  facet normal -0.322967 0.94641 0
    outer loop
      vertex 14.0141 134.552 0
      vertex 13.6859 134.44 3.4
      vertex 14.0141 134.552 3.4
    endloop
  endfacet
  facet normal -0.322967 0.94641 0
    outer loop
      vertex 13.6859 134.44 3.4
      vertex 14.0141 134.552 0
      vertex 13.6859 134.44 0
    endloop
  endfacet
  facet normal -0.658464 0.752612 0
    outer loop
      vertex 14.8738 135.126 0
      vertex 14.6132 134.898 3.4
      vertex 14.8738 135.126 3.4
    endloop
  endfacet
  facet normal -0.658464 0.752612 0
    outer loop
      vertex 14.6132 134.898 3.4
      vertex 14.8738 135.126 0
      vertex 14.6132 134.898 0
    endloop
  endfacet
  facet normal -0.0663467 0.997797 0
    outer loop
      vertex 13.3459 134.373 0
      vertex 13 134.35 3.4
      vertex 13.3459 134.373 3.4
    endloop
  endfacet
  facet normal -0.0663467 0.997797 0
    outer loop
      vertex 13 134.35 3.4
      vertex 13.3459 134.373 0
      vertex 13 134.35 0
    endloop
  endfacet
  facet normal 0.752255 0.658872 0
    outer loop
      vertex 11.1262 135.126 3.4
      vertex 10.8976 135.387 0
      vertex 10.8976 135.387 3.4
    endloop
  endfacet
  facet normal 0.752255 0.658872 0
    outer loop
      vertex 10.8976 135.387 0
      vertex 11.1262 135.126 3.4
      vertex 11.1262 135.126 0
    endloop
  endfacet
  facet normal 0.946878 0.321592 0
    outer loop
      vertex 10.5517 135.986 3.4
      vertex 10.4403 136.314 0
      vertex 10.4403 136.314 3.4
    endloop
  endfacet
  facet normal 0.946878 0.321592 0
    outer loop
      vertex 10.4403 136.314 0
      vertex 10.5517 135.986 3.4
      vertex 10.5517 135.986 0
    endloop
  endfacet
  facet normal -0.997798 -0.0663276 0
    outer loop
      vertex 230.95 137 0
      vertex 230.927 137.346 3.4
      vertex 230.927 137.346 0
    endloop
  endfacet
  facet normal -0.997798 -0.0663276 0
    outer loop
      vertex 230.927 137.346 3.4
      vertex 230.95 137 0
      vertex 230.95 137 3.4
    endloop
  endfacet
  facet normal 0.0663276 -0.997798 0
    outer loop
      vertex 227.954 139.627 0
      vertex 228.3 139.65 3.4
      vertex 227.954 139.627 3.4
    endloop
  endfacet
  facet normal 0.0663276 -0.997798 0
    outer loop
      vertex 228.3 139.65 3.4
      vertex 227.954 139.627 0
      vertex 228.3 139.65 0
    endloop
  endfacet
  facet normal -0.657892 -0.753113 0
    outer loop
      vertex 229.913 139.102 0
      vertex 230.174 138.874 3.4
      vertex 229.913 139.102 3.4
    endloop
  endfacet
  facet normal -0.657892 -0.753113 -0
    outer loop
      vertex 230.174 138.874 3.4
      vertex 229.913 139.102 0
      vertex 230.174 138.874 0
    endloop
  endfacet
  facet normal 0.753113 -0.657892 0
    outer loop
      vertex 226.198 138.613 3.4
      vertex 226.426 138.874 0
      vertex 226.426 138.874 3.4
    endloop
  endfacet
  facet normal 0.753113 -0.657892 0
    outer loop
      vertex 226.426 138.874 0
      vertex 226.198 138.613 3.4
      vertex 226.198 138.613 0
    endloop
  endfacet
  facet normal 0.441434 -0.897294 0
    outer loop
      vertex 226.975 139.295 0
      vertex 227.286 139.448 3.4
      vertex 226.975 139.295 3.4
    endloop
  endfacet
  facet normal 0.441434 -0.897294 0
    outer loop
      vertex 227.286 139.448 3.4
      vertex 226.975 139.295 0
      vertex 227.286 139.448 0
    endloop
  endfacet
  facet normal -0.753113 0.657892 0
    outer loop
      vertex 230.174 135.126 0
      vertex 230.402 135.387 3.4
      vertex 230.402 135.387 0
    endloop
  endfacet
  facet normal -0.753113 0.657892 0
    outer loop
      vertex 230.402 135.387 3.4
      vertex 230.174 135.126 0
      vertex 230.174 135.126 3.4
    endloop
  endfacet
  facet normal -0.830717 0.556696 0
    outer loop
      vertex 230.402 135.387 0
      vertex 230.595 135.675 3.4
      vertex 230.595 135.675 0
    endloop
  endfacet
  facet normal -0.830717 0.556696 0
    outer loop
      vertex 230.595 135.675 3.4
      vertex 230.402 135.387 0
      vertex 230.402 135.387 3.4
    endloop
  endfacet
  facet normal -0.897294 -0.441434 0
    outer loop
      vertex 230.748 138.014 0
      vertex 230.595 138.325 3.4
      vertex 230.595 138.325 0
    endloop
  endfacet
  facet normal -0.897294 -0.441434 0
    outer loop
      vertex 230.595 138.325 3.4
      vertex 230.748 138.014 0
      vertex 230.748 138.014 3.4
    endloop
  endfacet
  facet normal -0.981132 -0.193341 0
    outer loop
      vertex 230.927 137.346 0
      vertex 230.86 137.686 3.4
      vertex 230.86 137.686 0
    endloop
  endfacet
  facet normal -0.981132 -0.193341 0
    outer loop
      vertex 230.86 137.686 3.4
      vertex 230.927 137.346 0
      vertex 230.927 137.346 3.4
    endloop
  endfacet
  facet normal -0.323144 -0.94635 0
    outer loop
      vertex 228.986 139.56 0
      vertex 229.314 139.448 3.4
      vertex 228.986 139.56 3.4
    endloop
  endfacet
  facet normal -0.323144 -0.94635 -0
    outer loop
      vertex 229.314 139.448 3.4
      vertex 228.986 139.56 0
      vertex 229.314 139.448 0
    endloop
  endfacet
  facet normal -0.193341 -0.981132 0
    outer loop
      vertex 228.646 139.627 0
      vertex 228.986 139.56 3.4
      vertex 228.646 139.627 3.4
    endloop
  endfacet
  facet normal -0.193341 -0.981132 -0
    outer loop
      vertex 228.986 139.56 3.4
      vertex 228.646 139.627 0
      vertex 228.986 139.56 0
    endloop
  endfacet
  facet normal -0.556696 -0.830717 0
    outer loop
      vertex 229.625 139.295 0
      vertex 229.913 139.102 3.4
      vertex 229.625 139.295 3.4
    endloop
  endfacet
  facet normal -0.556696 -0.830717 -0
    outer loop
      vertex 229.913 139.102 3.4
      vertex 229.625 139.295 0
      vertex 229.913 139.102 0
    endloop
  endfacet
  facet normal 0.94635 -0.323144 0
    outer loop
      vertex 225.74 137.686 3.4
      vertex 225.852 138.014 0
      vertex 225.852 138.014 3.4
    endloop
  endfacet
  facet normal 0.94635 -0.323144 0
    outer loop
      vertex 225.852 138.014 0
      vertex 225.74 137.686 3.4
      vertex 225.74 137.686 0
    endloop
  endfacet
  facet normal 0.897294 -0.441434 0
    outer loop
      vertex 225.852 138.014 3.4
      vertex 226.005 138.325 0
      vertex 226.005 138.325 3.4
    endloop
  endfacet
  facet normal 0.897294 -0.441434 0
    outer loop
      vertex 226.005 138.325 0
      vertex 225.852 138.014 3.4
      vertex 225.852 138.014 0
    endloop
  endfacet
  facet normal 0.981132 -0.193341 0
    outer loop
      vertex 225.673 137.346 3.4
      vertex 225.74 137.686 0
      vertex 225.74 137.686 3.4
    endloop
  endfacet
  facet normal 0.981132 -0.193341 0
    outer loop
      vertex 225.74 137.686 0
      vertex 225.673 137.346 3.4
      vertex 225.673 137.346 0
    endloop
  endfacet
  facet normal 0.657892 -0.753113 0
    outer loop
      vertex 226.426 138.874 0
      vertex 226.687 139.102 3.4
      vertex 226.426 138.874 3.4
    endloop
  endfacet
  facet normal 0.657892 -0.753113 0
    outer loop
      vertex 226.687 139.102 3.4
      vertex 226.426 138.874 0
      vertex 226.687 139.102 0
    endloop
  endfacet
  facet normal 0.323144 -0.94635 0
    outer loop
      vertex 227.286 139.448 0
      vertex 227.614 139.56 3.4
      vertex 227.286 139.448 3.4
    endloop
  endfacet
  facet normal 0.323144 -0.94635 0
    outer loop
      vertex 227.614 139.56 3.4
      vertex 227.286 139.448 0
      vertex 227.614 139.56 0
    endloop
  endfacet
  facet normal 0.556696 0.830717 -0
    outer loop
      vertex 226.975 134.705 0
      vertex 226.687 134.898 3.4
      vertex 226.975 134.705 3.4
    endloop
  endfacet
  facet normal 0.556696 0.830717 0
    outer loop
      vertex 226.687 134.898 3.4
      vertex 226.975 134.705 0
      vertex 226.687 134.898 0
    endloop
  endfacet
  facet normal 0.193341 0.981132 -0
    outer loop
      vertex 227.954 134.373 0
      vertex 227.614 134.44 3.4
      vertex 227.954 134.373 3.4
    endloop
  endfacet
  facet normal 0.193341 0.981132 0
    outer loop
      vertex 227.614 134.44 3.4
      vertex 227.954 134.373 0
      vertex 227.614 134.44 0
    endloop
  endfacet
  facet normal 0.830717 0.556696 0
    outer loop
      vertex 226.198 135.387 3.4
      vertex 226.005 135.675 0
      vertex 226.005 135.675 3.4
    endloop
  endfacet
  facet normal 0.830717 0.556696 0
    outer loop
      vertex 226.005 135.675 0
      vertex 226.198 135.387 3.4
      vertex 226.198 135.387 0
    endloop
  endfacet
  facet normal 0.753113 0.657892 0
    outer loop
      vertex 226.426 135.126 3.4
      vertex 226.198 135.387 0
      vertex 226.198 135.387 3.4
    endloop
  endfacet
  facet normal 0.753113 0.657892 0
    outer loop
      vertex 226.198 135.387 0
      vertex 226.426 135.126 3.4
      vertex 226.426 135.126 0
    endloop
  endfacet
  facet normal -0.94635 -0.323144 0
    outer loop
      vertex 230.86 137.686 0
      vertex 230.748 138.014 3.4
      vertex 230.748 138.014 0
    endloop
  endfacet
  facet normal -0.94635 -0.323144 0
    outer loop
      vertex 230.748 138.014 3.4
      vertex 230.86 137.686 0
      vertex 230.86 137.686 3.4
    endloop
  endfacet
  facet normal -0.753113 -0.657892 0
    outer loop
      vertex 230.402 138.613 0
      vertex 230.174 138.874 3.4
      vertex 230.174 138.874 0
    endloop
  endfacet
  facet normal -0.753113 -0.657892 0
    outer loop
      vertex 230.174 138.874 3.4
      vertex 230.402 138.613 0
      vertex 230.402 138.613 3.4
    endloop
  endfacet
  facet normal -0.830717 -0.556696 0
    outer loop
      vertex 230.595 138.325 0
      vertex 230.402 138.613 3.4
      vertex 230.402 138.613 0
    endloop
  endfacet
  facet normal -0.830717 -0.556696 0
    outer loop
      vertex 230.402 138.613 3.4
      vertex 230.595 138.325 0
      vertex 230.595 138.325 3.4
    endloop
  endfacet
  facet normal -0.0663276 -0.997798 0
    outer loop
      vertex 228.3 139.65 0
      vertex 228.646 139.627 3.4
      vertex 228.3 139.65 3.4
    endloop
  endfacet
  facet normal -0.0663276 -0.997798 -0
    outer loop
      vertex 228.646 139.627 3.4
      vertex 228.3 139.65 0
      vertex 228.646 139.627 0
    endloop
  endfacet
  facet normal 0.997798 -0.0663276 0
    outer loop
      vertex 225.65 137 3.4
      vertex 225.673 137.346 0
      vertex 225.673 137.346 3.4
    endloop
  endfacet
  facet normal 0.997798 -0.0663276 0
    outer loop
      vertex 225.673 137.346 0
      vertex 225.65 137 3.4
      vertex 225.65 137 0
    endloop
  endfacet
  facet normal 0 0 -1
    outer loop
      vertex 230.927 136.654 3.4
      vertex 230.927 137.346 3.4
      vertex 230.95 137 3.4
    endloop
  endfacet
  facet normal 0 0 -1
    outer loop
      vertex 230.86 136.314 3.4
      vertex 230.927 137.346 3.4
      vertex 230.927 136.654 3.4
    endloop
  endfacet
  facet normal 0 0 -1
    outer loop
      vertex 230.86 136.314 3.4
      vertex 230.86 137.686 3.4
      vertex 230.927 137.346 3.4
    endloop
  endfacet
  facet normal 0 0 -1
    outer loop
      vertex 230.748 135.986 3.4
      vertex 230.86 137.686 3.4
      vertex 230.86 136.314 3.4
    endloop
  endfacet
  facet normal 0 0 -1
    outer loop
      vertex 230.748 135.986 3.4
      vertex 230.748 138.014 3.4
      vertex 230.86 137.686 3.4
    endloop
  endfacet
  facet normal 0 0 -1
    outer loop
      vertex 230.595 135.675 3.4
      vertex 230.748 138.014 3.4
      vertex 230.748 135.986 3.4
    endloop
  endfacet
  facet normal 0 0 -1
    outer loop
      vertex 230.595 135.675 3.4
      vertex 230.595 138.325 3.4
      vertex 230.748 138.014 3.4
    endloop
  endfacet
  facet normal 0 0 -1
    outer loop
      vertex 230.402 135.387 3.4
      vertex 230.595 138.325 3.4
      vertex 230.595 135.675 3.4
    endloop
  endfacet
  facet normal 0 0 -1
    outer loop
      vertex 230.402 135.387 3.4
      vertex 230.402 138.613 3.4
      vertex 230.595 138.325 3.4
    endloop
  endfacet
  facet normal 0 0 -1
    outer loop
      vertex 230.174 135.126 3.4
      vertex 230.402 138.613 3.4
      vertex 230.402 135.387 3.4
    endloop
  endfacet
  facet normal 0 0 -1
    outer loop
      vertex 230.174 135.126 3.4
      vertex 230.174 138.874 3.4
      vertex 230.402 138.613 3.4
    endloop
  endfacet
  facet normal 0 0 -1
    outer loop
      vertex 229.913 134.898 3.4
      vertex 230.174 138.874 3.4
      vertex 230.174 135.126 3.4
    endloop
  endfacet
  facet normal 0 0 -1
    outer loop
      vertex 229.913 134.898 3.4
      vertex 229.913 139.102 3.4
      vertex 230.174 138.874 3.4
    endloop
  endfacet
  facet normal 0 0 -1
    outer loop
      vertex 229.625 134.705 3.4
      vertex 229.913 139.102 3.4
      vertex 229.913 134.898 3.4
    endloop
  endfacet
  facet normal 0 0 -1
    outer loop
      vertex 229.625 134.705 3.4
      vertex 229.625 139.295 3.4
      vertex 229.913 139.102 3.4
    endloop
  endfacet
  facet normal 0 0 -1
    outer loop
      vertex 229.314 134.552 3.4
      vertex 229.625 139.295 3.4
      vertex 229.625 134.705 3.4
    endloop
  endfacet
  facet normal 0 0 -1
    outer loop
      vertex 229.314 134.552 3.4
      vertex 229.314 139.448 3.4
      vertex 229.625 139.295 3.4
    endloop
  endfacet
  facet normal 0 0 -1
    outer loop
      vertex 228.986 134.44 3.4
      vertex 229.314 139.448 3.4
      vertex 229.314 134.552 3.4
    endloop
  endfacet
  facet normal 0 0 -1
    outer loop
      vertex 228.986 134.44 3.4
      vertex 228.986 139.56 3.4
      vertex 229.314 139.448 3.4
    endloop
  endfacet
  facet normal 0 0 -1
    outer loop
      vertex 228.646 134.373 3.4
      vertex 228.986 139.56 3.4
      vertex 228.986 134.44 3.4
    endloop
  endfacet
  facet normal 0 0 -1
    outer loop
      vertex 228.646 134.373 3.4
      vertex 228.646 139.627 3.4
      vertex 228.986 139.56 3.4
    endloop
  endfacet
  facet normal 0 0 -1
    outer loop
      vertex 228.3 134.35 3.4
      vertex 228.646 139.627 3.4
      vertex 228.646 134.373 3.4
    endloop
  endfacet
  facet normal 0 0 -1
    outer loop
      vertex 228.3 134.35 3.4
      vertex 228.3 139.65 3.4
      vertex 228.646 139.627 3.4
    endloop
  endfacet
  facet normal 0 0 -1
    outer loop
      vertex 227.954 134.373 3.4
      vertex 228.3 139.65 3.4
      vertex 228.3 134.35 3.4
    endloop
  endfacet
  facet normal 0 0 -1
    outer loop
      vertex 227.954 134.373 3.4
      vertex 227.954 139.627 3.4
      vertex 228.3 139.65 3.4
    endloop
  endfacet
  facet normal 0 0 -1
    outer loop
      vertex 227.614 134.44 3.4
      vertex 227.954 139.627 3.4
      vertex 227.954 134.373 3.4
    endloop
  endfacet
  facet normal 0 0 -1
    outer loop
      vertex 227.614 134.44 3.4
      vertex 227.614 139.56 3.4
      vertex 227.954 139.627 3.4
    endloop
  endfacet
  facet normal 0 0 -1
    outer loop
      vertex 227.286 134.552 3.4
      vertex 227.614 139.56 3.4
      vertex 227.614 134.44 3.4
    endloop
  endfacet
  facet normal 0 0 -1
    outer loop
      vertex 227.286 134.552 3.4
      vertex 227.286 139.448 3.4
      vertex 227.614 139.56 3.4
    endloop
  endfacet
  facet normal 0 0 -1
    outer loop
      vertex 226.975 134.705 3.4
      vertex 227.286 139.448 3.4
      vertex 227.286 134.552 3.4
    endloop
  endfacet
  facet normal 0 0 -1
    outer loop
      vertex 226.975 134.705 3.4
      vertex 226.975 139.295 3.4
      vertex 227.286 139.448 3.4
    endloop
  endfacet
  facet normal 0 0 -1
    outer loop
      vertex 226.687 134.898 3.4
      vertex 226.975 139.295 3.4
      vertex 226.975 134.705 3.4
    endloop
  endfacet
  facet normal 0 0 -1
    outer loop
      vertex 226.687 134.898 3.4
      vertex 226.687 139.102 3.4
      vertex 226.975 139.295 3.4
    endloop
  endfacet
  facet normal 0 0 -1
    outer loop
      vertex 226.426 135.126 3.4
      vertex 226.687 139.102 3.4
      vertex 226.687 134.898 3.4
    endloop
  endfacet
  facet normal 0 0 -1
    outer loop
      vertex 226.426 135.126 3.4
      vertex 226.426 138.874 3.4
      vertex 226.687 139.102 3.4
    endloop
  endfacet
  facet normal 0 0 -1
    outer loop
      vertex 226.198 135.387 3.4
      vertex 226.426 138.874 3.4
      vertex 226.426 135.126 3.4
    endloop
  endfacet
  facet normal 0 0 -1
    outer loop
      vertex 226.198 135.387 3.4
      vertex 226.198 138.613 3.4
      vertex 226.426 138.874 3.4
    endloop
  endfacet
  facet normal 0 0 -1
    outer loop
      vertex 226.005 135.675 3.4
      vertex 226.198 138.613 3.4
      vertex 226.198 135.387 3.4
    endloop
  endfacet
  facet normal 0 0 -1
    outer loop
      vertex 226.005 135.675 3.4
      vertex 226.005 138.325 3.4
      vertex 226.198 138.613 3.4
    endloop
  endfacet
  facet normal 0 0 -1
    outer loop
      vertex 225.852 135.986 3.4
      vertex 226.005 138.325 3.4
      vertex 226.005 135.675 3.4
    endloop
  endfacet
  facet normal 0 0 -1
    outer loop
      vertex 225.852 135.986 3.4
      vertex 225.852 138.014 3.4
      vertex 226.005 138.325 3.4
    endloop
  endfacet
  facet normal 0 0 -1
    outer loop
      vertex 225.74 136.314 3.4
      vertex 225.852 138.014 3.4
      vertex 225.852 135.986 3.4
    endloop
  endfacet
  facet normal 0 0 -1
    outer loop
      vertex 225.74 136.314 3.4
      vertex 225.74 137.686 3.4
      vertex 225.852 138.014 3.4
    endloop
  endfacet
  facet normal 0 0 -1
    outer loop
      vertex 225.673 136.654 3.4
      vertex 225.74 137.686 3.4
      vertex 225.74 136.314 3.4
    endloop
  endfacet
  facet normal 0 0 -1
    outer loop
      vertex 225.673 136.654 3.4
      vertex 225.673 137.346 3.4
      vertex 225.74 137.686 3.4
    endloop
  endfacet
  facet normal 0 -0 -1
    outer loop
      vertex 225.673 137.346 3.4
      vertex 225.673 136.654 3.4
      vertex 225.65 137 3.4
    endloop
  endfacet
  facet normal 0.193341 -0.981132 0
    outer loop
      vertex 227.614 139.56 0
      vertex 227.954 139.627 3.4
      vertex 227.614 139.56 3.4
    endloop
  endfacet
  facet normal 0.193341 -0.981132 0
    outer loop
      vertex 227.954 139.627 3.4
      vertex 227.614 139.56 0
      vertex 227.954 139.627 0
    endloop
  endfacet
  facet normal -0.997798 0.0663276 0
    outer loop
      vertex 230.927 136.654 0
      vertex 230.95 137 3.4
      vertex 230.95 137 0
    endloop
  endfacet
  facet normal -0.997798 0.0663276 0
    outer loop
      vertex 230.95 137 3.4
      vertex 230.927 136.654 0
      vertex 230.927 136.654 3.4
    endloop
  endfacet
  facet normal -0.193341 0.981132 0
    outer loop
      vertex 228.986 134.44 0
      vertex 228.646 134.373 3.4
      vertex 228.986 134.44 3.4
    endloop
  endfacet
  facet normal -0.193341 0.981132 0
    outer loop
      vertex 228.646 134.373 3.4
      vertex 228.986 134.44 0
      vertex 228.646 134.373 0
    endloop
  endfacet
  facet normal -0.441434 0.897294 0
    outer loop
      vertex 229.625 134.705 0
      vertex 229.314 134.552 3.4
      vertex 229.625 134.705 3.4
    endloop
  endfacet
  facet normal -0.441434 0.897294 0
    outer loop
      vertex 229.314 134.552 3.4
      vertex 229.625 134.705 0
      vertex 229.314 134.552 0
    endloop
  endfacet
  facet normal -0.556696 0.830717 0
    outer loop
      vertex 229.913 134.898 0
      vertex 229.625 134.705 3.4
      vertex 229.913 134.898 3.4
    endloop
  endfacet
  facet normal -0.556696 0.830717 0
    outer loop
      vertex 229.625 134.705 3.4
      vertex 229.913 134.898 0
      vertex 229.625 134.705 0
    endloop
  endfacet
  facet normal -0.657892 0.753113 0
    outer loop
      vertex 230.174 135.126 0
      vertex 229.913 134.898 3.4
      vertex 230.174 135.126 3.4
    endloop
  endfacet
  facet normal -0.657892 0.753113 0
    outer loop
      vertex 229.913 134.898 3.4
      vertex 230.174 135.126 0
      vertex 229.913 134.898 0
    endloop
  endfacet
  facet normal -0.981132 0.193341 0
    outer loop
      vertex 230.86 136.314 0
      vertex 230.927 136.654 3.4
      vertex 230.927 136.654 0
    endloop
  endfacet
  facet normal -0.981132 0.193341 0
    outer loop
      vertex 230.927 136.654 3.4
      vertex 230.86 136.314 0
      vertex 230.86 136.314 3.4
    endloop
  endfacet
  facet normal 0.441434 0.897294 -0
    outer loop
      vertex 227.286 134.552 0
      vertex 226.975 134.705 3.4
      vertex 227.286 134.552 3.4
    endloop
  endfacet
  facet normal 0.441434 0.897294 0
    outer loop
      vertex 226.975 134.705 3.4
      vertex 227.286 134.552 0
      vertex 226.975 134.705 0
    endloop
  endfacet
  facet normal 0.323144 0.94635 -0
    outer loop
      vertex 227.614 134.44 0
      vertex 227.286 134.552 3.4
      vertex 227.614 134.44 3.4
    endloop
  endfacet
  facet normal 0.323144 0.94635 0
    outer loop
      vertex 227.286 134.552 3.4
      vertex 227.614 134.44 0
      vertex 227.286 134.552 0
    endloop
  endfacet
  facet normal 0.0663276 0.997798 -0
    outer loop
      vertex 228.3 134.35 0
      vertex 227.954 134.373 3.4
      vertex 228.3 134.35 3.4
    endloop
  endfacet
  facet normal 0.0663276 0.997798 0
    outer loop
      vertex 227.954 134.373 3.4
      vertex 228.3 134.35 0
      vertex 227.954 134.373 0
    endloop
  endfacet
  facet normal 0.657892 0.753113 -0
    outer loop
      vertex 226.687 134.898 0
      vertex 226.426 135.126 3.4
      vertex 226.687 134.898 3.4
    endloop
  endfacet
  facet normal 0.657892 0.753113 0
    outer loop
      vertex 226.426 135.126 3.4
      vertex 226.687 134.898 0
      vertex 226.426 135.126 0
    endloop
  endfacet
  facet normal 0.897294 0.441434 0
    outer loop
      vertex 226.005 135.675 3.4
      vertex 225.852 135.986 0
      vertex 225.852 135.986 3.4
    endloop
  endfacet
  facet normal 0.897294 0.441434 0
    outer loop
      vertex 225.852 135.986 0
      vertex 226.005 135.675 3.4
      vertex 226.005 135.675 0
    endloop
  endfacet
  facet normal 0.981132 0.193341 0
    outer loop
      vertex 225.74 136.314 3.4
      vertex 225.673 136.654 0
      vertex 225.673 136.654 3.4
    endloop
  endfacet
  facet normal 0.981132 0.193341 0
    outer loop
      vertex 225.673 136.654 0
      vertex 225.74 136.314 3.4
      vertex 225.74 136.314 0
    endloop
  endfacet
  facet normal -0.441434 -0.897294 0
    outer loop
      vertex 229.314 139.448 0
      vertex 229.625 139.295 3.4
      vertex 229.314 139.448 3.4
    endloop
  endfacet
  facet normal -0.441434 -0.897294 -0
    outer loop
      vertex 229.625 139.295 3.4
      vertex 229.314 139.448 0
      vertex 229.625 139.295 0
    endloop
  endfacet
  facet normal 0.830717 -0.556696 0
    outer loop
      vertex 226.005 138.325 3.4
      vertex 226.198 138.613 0
      vertex 226.198 138.613 3.4
    endloop
  endfacet
  facet normal 0.830717 -0.556696 0
    outer loop
      vertex 226.198 138.613 0
      vertex 226.005 138.325 3.4
      vertex 226.005 138.325 0
    endloop
  endfacet
  facet normal 0.997798 0.0663276 0
    outer loop
      vertex 225.673 136.654 3.4
      vertex 225.65 137 0
      vertex 225.65 137 3.4
    endloop
  endfacet
  facet normal 0.997798 0.0663276 0
    outer loop
      vertex 225.65 137 0
      vertex 225.673 136.654 3.4
      vertex 225.673 136.654 0
    endloop
  endfacet
  facet normal 0.556696 -0.830717 0
    outer loop
      vertex 226.687 139.102 0
      vertex 226.975 139.295 3.4
      vertex 226.687 139.102 3.4
    endloop
  endfacet
  facet normal 0.556696 -0.830717 0
    outer loop
      vertex 226.975 139.295 3.4
      vertex 226.687 139.102 0
      vertex 226.975 139.295 0
    endloop
  endfacet
  facet normal -0.323144 0.94635 0
    outer loop
      vertex 229.314 134.552 0
      vertex 228.986 134.44 3.4
      vertex 229.314 134.552 3.4
    endloop
  endfacet
  facet normal -0.323144 0.94635 0
    outer loop
      vertex 228.986 134.44 3.4
      vertex 229.314 134.552 0
      vertex 228.986 134.44 0
    endloop
  endfacet
  facet normal -0.897294 0.441434 0
    outer loop
      vertex 230.595 135.675 0
      vertex 230.748 135.986 3.4
      vertex 230.748 135.986 0
    endloop
  endfacet
  facet normal -0.897294 0.441434 0
    outer loop
      vertex 230.748 135.986 3.4
      vertex 230.595 135.675 0
      vertex 230.595 135.675 3.4
    endloop
  endfacet
  facet normal -0.0663276 0.997798 0
    outer loop
      vertex 228.646 134.373 0
      vertex 228.3 134.35 3.4
      vertex 228.646 134.373 3.4
    endloop
  endfacet
  facet normal -0.0663276 0.997798 0
    outer loop
      vertex 228.3 134.35 3.4
      vertex 228.646 134.373 0
      vertex 228.3 134.35 0
    endloop
  endfacet
  facet normal 0.94635 0.323144 0
    outer loop
      vertex 225.852 135.986 3.4
      vertex 225.74 136.314 0
      vertex 225.74 136.314 3.4
    endloop
  endfacet
  facet normal 0.94635 0.323144 0
    outer loop
      vertex 225.74 136.314 0
      vertex 225.852 135.986 3.4
      vertex 225.852 135.986 0
    endloop
  endfacet
  facet normal -0.94635 0.323144 0
    outer loop
      vertex 230.748 135.986 0
      vertex 230.86 136.314 3.4
      vertex 230.86 136.314 0
    endloop
  endfacet
  facet normal -0.94635 0.323144 0
    outer loop
      vertex 230.86 136.314 3.4
      vertex 230.748 135.986 0
      vertex 230.748 135.986 3.4
    endloop
  endfacet
  facet normal -0.997865 -0.0653174 0
    outer loop
      vertex 11.125 20 0
      vertex 11.0983 20.4079 2.05
      vertex 11.0983 20.4079 0
    endloop
  endfacet
  facet normal -0.997865 -0.0653174 0
    outer loop
      vertex 11.0983 20.4079 2.05
      vertex 11.125 20 0
      vertex 11.125 20 2.05
    endloop
  endfacet
  facet normal 0.0653174 -0.997865 0
    outer loop
      vertex 7.5921 23.0983 0
      vertex 8 23.125 2.05
      vertex 7.5921 23.0983 2.05
    endloop
  endfacet
  facet normal 0.0653174 -0.997865 0
    outer loop
      vertex 8 23.125 2.05
      vertex 7.5921 23.0983 0
      vertex 8 23.125 0
    endloop
  endfacet
  facet normal -0.659329 -0.751855 0
    outer loop
      vertex 9.90238 22.4792 0
      vertex 10.2097 22.2097 2.05
      vertex 9.90238 22.4792 2.05
    endloop
  endfacet
  facet normal -0.659329 -0.751855 -0
    outer loop
      vertex 10.2097 22.2097 2.05
      vertex 9.90238 22.4792 0
      vertex 10.2097 22.2097 0
    endloop
  endfacet
  facet normal 0.751809 -0.659381 0
    outer loop
      vertex 5.52077 21.9024 2.05
      vertex 5.79029 22.2097 0
      vertex 5.79029 22.2097 2.05
    endloop
  endfacet
  facet normal 0.751809 -0.659381 0
    outer loop
      vertex 5.79029 22.2097 0
      vertex 5.52077 21.9024 2.05
      vertex 5.52077 21.9024 0
    endloop
  endfacet
  facet normal 0.442304 -0.896865 0
    outer loop
      vertex 6.4375 22.7063 0
      vertex 6.80411 22.8871 2.05
      vertex 6.4375 22.7063 2.05
    endloop
  endfacet
  facet normal 0.442304 -0.896865 0
    outer loop
      vertex 6.80411 22.8871 2.05
      vertex 6.4375 22.7063 0
      vertex 6.80411 22.8871 0
    endloop
  endfacet
  facet normal -0.89686 -0.442314 0
    outer loop
      vertex 10.8871 21.1959 0
      vertex 10.7063 21.5625 2.05
      vertex 10.7063 21.5625 0
    endloop
  endfacet
  facet normal -0.89686 -0.442314 0
    outer loop
      vertex 10.7063 21.5625 2.05
      vertex 10.8871 21.1959 0
      vertex 10.8871 21.1959 2.05
    endloop
  endfacet
  facet normal -0.831485 -0.555547 0
    outer loop
      vertex 10.7063 21.5625 0
      vertex 10.4792 21.9024 2.05
      vertex 10.4792 21.9024 0
    endloop
  endfacet
  facet normal -0.831485 -0.555547 0
    outer loop
      vertex 10.4792 21.9024 2.05
      vertex 10.7063 21.5625 0
      vertex 10.7063 21.5625 2.05
    endloop
  endfacet
  facet normal -0.321448 -0.946927 0
    outer loop
      vertex 8.80881 23.0185 0
      vertex 9.19589 22.8871 2.05
      vertex 8.80881 23.0185 2.05
    endloop
  endfacet
  facet normal -0.321448 -0.946927 -0
    outer loop
      vertex 9.19589 22.8871 2.05
      vertex 8.80881 23.0185 0
      vertex 9.19589 22.8871 0
    endloop
  endfacet
  facet normal -0.555569 -0.83147 0
    outer loop
      vertex 9.5625 22.7063 0
      vertex 9.90238 22.4792 2.05
      vertex 9.5625 22.7063 2.05
    endloop
  endfacet
  facet normal -0.555569 -0.83147 -0
    outer loop
      vertex 9.90238 22.4792 2.05
      vertex 9.5625 22.7063 0
      vertex 9.90238 22.4792 0
    endloop
  endfacet
  facet normal 0.946932 -0.321433 0
    outer loop
      vertex 4.98148 20.8088 2.05
      vertex 5.11288 21.1959 0
      vertex 5.11288 21.1959 2.05
    endloop
  endfacet
  facet normal 0.946932 -0.321433 0
    outer loop
      vertex 5.11288 21.1959 0
      vertex 4.98148 20.8088 2.05
      vertex 4.98148 20.8088 0
    endloop
  endfacet
  facet normal 0.831485 -0.555547 0
    outer loop
      vertex 5.29367 21.5625 2.05
      vertex 5.52077 21.9024 0
      vertex 5.52077 21.9024 2.05
    endloop
  endfacet
  facet normal 0.831485 -0.555547 0
    outer loop
      vertex 5.52077 21.9024 0
      vertex 5.29367 21.5625 2.05
      vertex 5.29367 21.5625 0
    endloop
  endfacet
  facet normal 0.980782 -0.195105 0
    outer loop
      vertex 4.90173 20.4079 2.05
      vertex 4.98148 20.8088 0
      vertex 4.98148 20.8088 2.05
    endloop
  endfacet
  facet normal 0.980782 -0.195105 0
    outer loop
      vertex 4.98148 20.8088 0
      vertex 4.90173 20.4079 2.05
      vertex 4.90173 20.4079 0
    endloop
  endfacet
  facet normal 0.555569 -0.83147 0
    outer loop
      vertex 6.09762 22.4792 0
      vertex 6.4375 22.7063 2.05
      vertex 6.09762 22.4792 2.05
    endloop
  endfacet
  facet normal 0.555569 -0.83147 0
    outer loop
      vertex 6.4375 22.7063 2.05
      vertex 6.09762 22.4792 0
      vertex 6.4375 22.7063 0
    endloop
  endfacet
  facet normal 0.321448 -0.946927 0
    outer loop
      vertex 6.80411 22.8871 0
      vertex 7.19119 23.0185 2.05
      vertex 6.80411 22.8871 2.05
    endloop
  endfacet
  facet normal 0.321448 -0.946927 0
    outer loop
      vertex 7.19119 23.0185 2.05
      vertex 6.80411 22.8871 0
      vertex 7.19119 23.0185 0
    endloop
  endfacet
  facet normal -0.946932 0.321433 0
    outer loop
      vertex 10.8871 18.8041 0
      vertex 11.0185 19.1912 2.05
      vertex 11.0185 19.1912 0
    endloop
  endfacet
  facet normal -0.946932 0.321433 0
    outer loop
      vertex 11.0185 19.1912 2.05
      vertex 10.8871 18.8041 0
      vertex 10.8871 18.8041 2.05
    endloop
  endfacet
  facet normal -0.555569 0.83147 0
    outer loop
      vertex 9.90238 17.5208 0
      vertex 9.5625 17.2937 2.05
      vertex 9.90238 17.5208 2.05
    endloop
  endfacet
  facet normal -0.555569 0.83147 0
    outer loop
      vertex 9.5625 17.2937 2.05
      vertex 9.90238 17.5208 0
      vertex 9.5625 17.2937 0
    endloop
  endfacet
  facet normal 0.195217 0.98076 -0
    outer loop
      vertex 7.5921 16.9017 0
      vertex 7.19119 16.9815 2.05
      vertex 7.5921 16.9017 2.05
    endloop
  endfacet
  facet normal 0.195217 0.98076 0
    outer loop
      vertex 7.19119 16.9815 2.05
      vertex 7.5921 16.9017 0
      vertex 7.19119 16.9815 0
    endloop
  endfacet
  facet normal 0.831485 0.555547 0
    outer loop
      vertex 5.52077 18.0976 2.05
      vertex 5.29367 18.4375 0
      vertex 5.29367 18.4375 2.05
    endloop
  endfacet
  facet normal 0.831485 0.555547 0
    outer loop
      vertex 5.29367 18.4375 0
      vertex 5.52077 18.0976 2.05
      vertex 5.52077 18.0976 0
    endloop
  endfacet
  facet normal -0.946932 -0.321433 0
    outer loop
      vertex 11.0185 20.8088 0
      vertex 10.8871 21.1959 2.05
      vertex 10.8871 21.1959 0
    endloop
  endfacet
  facet normal -0.946932 -0.321433 0
    outer loop
      vertex 10.8871 21.1959 2.05
      vertex 11.0185 20.8088 0
      vertex 11.0185 20.8088 2.05
    endloop
  endfacet
  facet normal -0.980759 -0.195222 0
    outer loop
      vertex 11.0983 20.4079 0
      vertex 11.0185 20.8088 2.05
      vertex 11.0185 20.8088 0
    endloop
  endfacet
  facet normal -0.980759 -0.195222 0
    outer loop
      vertex 11.0185 20.8088 2.05
      vertex 11.0983 20.4079 0
      vertex 11.0983 20.4079 2.05
    endloop
  endfacet
  facet normal -0.751834 -0.659353 0
    outer loop
      vertex 10.4792 21.9024 0
      vertex 10.2097 22.2097 2.05
      vertex 10.2097 22.2097 0
    endloop
  endfacet
  facet normal -0.751834 -0.659353 0
    outer loop
      vertex 10.2097 22.2097 2.05
      vertex 10.4792 21.9024 0
      vertex 10.4792 21.9024 2.05
    endloop
  endfacet
  facet normal -0.195213 -0.980761 0
    outer loop
      vertex 8.40789 23.0983 0
      vertex 8.80881 23.0185 2.05
      vertex 8.40789 23.0983 2.05
    endloop
  endfacet
  facet normal -0.195213 -0.980761 -0
    outer loop
      vertex 8.80881 23.0185 2.05
      vertex 8.40789 23.0983 0
      vertex 8.80881 23.0185 0
    endloop
  endfacet
  facet normal -0.065319 -0.997864 0
    outer loop
      vertex 8 23.125 0
      vertex 8.40789 23.0983 2.05
      vertex 8 23.125 2.05
    endloop
  endfacet
  facet normal -0.065319 -0.997864 -0
    outer loop
      vertex 8.40789 23.0983 2.05
      vertex 8 23.125 0
      vertex 8.40789 23.0983 0
    endloop
  endfacet
  facet normal -0.442304 -0.896865 0
    outer loop
      vertex 9.19589 22.8871 0
      vertex 9.5625 22.7063 2.05
      vertex 9.19589 22.8871 2.05
    endloop
  endfacet
  facet normal -0.442304 -0.896865 -0
    outer loop
      vertex 9.5625 22.7063 2.05
      vertex 9.19589 22.8871 0
      vertex 9.5625 22.7063 0
    endloop
  endfacet
  facet normal 0.89687 -0.442294 0
    outer loop
      vertex 5.11288 21.1959 2.05
      vertex 5.29367 21.5625 0
      vertex 5.29367 21.5625 2.05
    endloop
  endfacet
  facet normal 0.89687 -0.442294 0
    outer loop
      vertex 5.29367 21.5625 0
      vertex 5.11288 21.1959 2.05
      vertex 5.11288 21.1959 0
    endloop
  endfacet
  facet normal 0.99786 -0.0653905 0
    outer loop
      vertex 4.875 20 2.05
      vertex 4.90173 20.4079 0
      vertex 4.90173 20.4079 2.05
    endloop
  endfacet
  facet normal 0.99786 -0.0653905 0
    outer loop
      vertex 4.90173 20.4079 0
      vertex 4.875 20 2.05
      vertex 4.875 20 0
    endloop
  endfacet
  facet normal 0 0 -1
    outer loop
      vertex 11.0983 19.5921 2.05
      vertex 11.0983 20.4079 2.05
      vertex 11.125 20 2.05
    endloop
  endfacet
  facet normal 0 0 -1
    outer loop
      vertex 11.0185 19.1912 2.05
      vertex 11.0983 20.4079 2.05
      vertex 11.0983 19.5921 2.05
    endloop
  endfacet
  facet normal 0 0 -1
    outer loop
      vertex 11.0185 19.1912 2.05
      vertex 11.0185 20.8088 2.05
      vertex 11.0983 20.4079 2.05
    endloop
  endfacet
  facet normal 0 0 -1
    outer loop
      vertex 10.8871 18.8041 2.05
      vertex 11.0185 20.8088 2.05
      vertex 11.0185 19.1912 2.05
    endloop
  endfacet
  facet normal 0 0 -1
    outer loop
      vertex 10.8871 18.8041 2.05
      vertex 10.8871 21.1959 2.05
      vertex 11.0185 20.8088 2.05
    endloop
  endfacet
  facet normal 0 0 -1
    outer loop
      vertex 10.7063 18.4375 2.05
      vertex 10.8871 21.1959 2.05
      vertex 10.8871 18.8041 2.05
    endloop
  endfacet
  facet normal 0 0 -1
    outer loop
      vertex 10.7063 18.4375 2.05
      vertex 10.7063 21.5625 2.05
      vertex 10.8871 21.1959 2.05
    endloop
  endfacet
  facet normal 0 0 -1
    outer loop
      vertex 10.4792 18.0976 2.05
      vertex 10.7063 21.5625 2.05
      vertex 10.7063 18.4375 2.05
    endloop
  endfacet
  facet normal 0 0 -1
    outer loop
      vertex 10.4792 18.0976 2.05
      vertex 10.4792 21.9024 2.05
      vertex 10.7063 21.5625 2.05
    endloop
  endfacet
  facet normal 0 0 -1
    outer loop
      vertex 10.2097 17.7903 2.05
      vertex 10.4792 21.9024 2.05
      vertex 10.4792 18.0976 2.05
    endloop
  endfacet
  facet normal 0 0 -1
    outer loop
      vertex 10.2097 17.7903 2.05
      vertex 10.2097 22.2097 2.05
      vertex 10.4792 21.9024 2.05
    endloop
  endfacet
  facet normal 0 0 -1
    outer loop
      vertex 9.90238 17.5208 2.05
      vertex 10.2097 22.2097 2.05
      vertex 10.2097 17.7903 2.05
    endloop
  endfacet
  facet normal 0 0 -1
    outer loop
      vertex 9.90238 17.5208 2.05
      vertex 9.90238 22.4792 2.05
      vertex 10.2097 22.2097 2.05
    endloop
  endfacet
  facet normal 0 0 -1
    outer loop
      vertex 9.5625 17.2937 2.05
      vertex 9.90238 22.4792 2.05
      vertex 9.90238 17.5208 2.05
    endloop
  endfacet
  facet normal 0 0 -1
    outer loop
      vertex 9.5625 17.2937 2.05
      vertex 9.5625 22.7063 2.05
      vertex 9.90238 22.4792 2.05
    endloop
  endfacet
  facet normal 0 0 -1
    outer loop
      vertex 9.19589 17.1129 2.05
      vertex 9.5625 22.7063 2.05
      vertex 9.5625 17.2937 2.05
    endloop
  endfacet
  facet normal 0 0 -1
    outer loop
      vertex 9.19589 17.1129 2.05
      vertex 9.19589 22.8871 2.05
      vertex 9.5625 22.7063 2.05
    endloop
  endfacet
  facet normal 0 0 -1
    outer loop
      vertex 8.80881 16.9815 2.05
      vertex 9.19589 22.8871 2.05
      vertex 9.19589 17.1129 2.05
    endloop
  endfacet
  facet normal 0 0 -1
    outer loop
      vertex 8.80881 16.9815 2.05
      vertex 8.80881 23.0185 2.05
      vertex 9.19589 22.8871 2.05
    endloop
  endfacet
  facet normal 0 0 -1
    outer loop
      vertex 8.40789 16.9017 2.05
      vertex 8.80881 23.0185 2.05
      vertex 8.80881 16.9815 2.05
    endloop
  endfacet
  facet normal 0 0 -1
    outer loop
      vertex 8.40789 16.9017 2.05
      vertex 8.40789 23.0983 2.05
      vertex 8.80881 23.0185 2.05
    endloop
  endfacet
  facet normal 0 0 -1
    outer loop
      vertex 8 16.875 2.05
      vertex 8.40789 23.0983 2.05
      vertex 8.40789 16.9017 2.05
    endloop
  endfacet
  facet normal 0 0 -1
    outer loop
      vertex 8 16.875 2.05
      vertex 8 23.125 2.05
      vertex 8.40789 23.0983 2.05
    endloop
  endfacet
  facet normal 0 0 -1
    outer loop
      vertex 7.5921 16.9017 2.05
      vertex 8 23.125 2.05
      vertex 8 16.875 2.05
    endloop
  endfacet
  facet normal 0 0 -1
    outer loop
      vertex 7.5921 16.9017 2.05
      vertex 7.5921 23.0983 2.05
      vertex 8 23.125 2.05
    endloop
  endfacet
  facet normal 0 0 -1
    outer loop
      vertex 7.19119 16.9815 2.05
      vertex 7.5921 23.0983 2.05
      vertex 7.5921 16.9017 2.05
    endloop
  endfacet
  facet normal 0 0 -1
    outer loop
      vertex 7.19119 16.9815 2.05
      vertex 7.19119 23.0185 2.05
      vertex 7.5921 23.0983 2.05
    endloop
  endfacet
  facet normal 0 0 -1
    outer loop
      vertex 6.80411 17.1129 2.05
      vertex 7.19119 23.0185 2.05
      vertex 7.19119 16.9815 2.05
    endloop
  endfacet
  facet normal 0 0 -1
    outer loop
      vertex 6.80411 17.1129 2.05
      vertex 6.80411 22.8871 2.05
      vertex 7.19119 23.0185 2.05
    endloop
  endfacet
  facet normal 0 0 -1
    outer loop
      vertex 6.4375 17.2937 2.05
      vertex 6.80411 22.8871 2.05
      vertex 6.80411 17.1129 2.05
    endloop
  endfacet
  facet normal 0 0 -1
    outer loop
      vertex 6.4375 17.2937 2.05
      vertex 6.4375 22.7063 2.05
      vertex 6.80411 22.8871 2.05
    endloop
  endfacet
  facet normal 0 0 -1
    outer loop
      vertex 6.09762 17.5208 2.05
      vertex 6.4375 22.7063 2.05
      vertex 6.4375 17.2937 2.05
    endloop
  endfacet
  facet normal 0 0 -1
    outer loop
      vertex 6.09762 17.5208 2.05
      vertex 6.09762 22.4792 2.05
      vertex 6.4375 22.7063 2.05
    endloop
  endfacet
  facet normal 0 0 -1
    outer loop
      vertex 5.79029 17.7903 2.05
      vertex 6.09762 22.4792 2.05
      vertex 6.09762 17.5208 2.05
    endloop
  endfacet
  facet normal 0 0 -1
    outer loop
      vertex 5.79029 17.7903 2.05
      vertex 5.79029 22.2097 2.05
      vertex 6.09762 22.4792 2.05
    endloop
  endfacet
  facet normal 0 0 -1
    outer loop
      vertex 5.52077 18.0976 2.05
      vertex 5.79029 22.2097 2.05
      vertex 5.79029 17.7903 2.05
    endloop
  endfacet
  facet normal 0 0 -1
    outer loop
      vertex 5.52077 18.0976 2.05
      vertex 5.52077 21.9024 2.05
      vertex 5.79029 22.2097 2.05
    endloop
  endfacet
  facet normal 0 0 -1
    outer loop
      vertex 5.29367 18.4375 2.05
      vertex 5.52077 21.9024 2.05
      vertex 5.52077 18.0976 2.05
    endloop
  endfacet
  facet normal 0 0 -1
    outer loop
      vertex 5.29367 18.4375 2.05
      vertex 5.29367 21.5625 2.05
      vertex 5.52077 21.9024 2.05
    endloop
  endfacet
  facet normal 0 0 -1
    outer loop
      vertex 5.11288 18.8041 2.05
      vertex 5.29367 21.5625 2.05
      vertex 5.29367 18.4375 2.05
    endloop
  endfacet
  facet normal 0 0 -1
    outer loop
      vertex 5.11288 18.8041 2.05
      vertex 5.11288 21.1959 2.05
      vertex 5.29367 21.5625 2.05
    endloop
  endfacet
  facet normal 0 0 -1
    outer loop
      vertex 4.98148 19.1912 2.05
      vertex 5.11288 21.1959 2.05
      vertex 5.11288 18.8041 2.05
    endloop
  endfacet
  facet normal 0 0 -1
    outer loop
      vertex 4.98148 19.1912 2.05
      vertex 4.98148 20.8088 2.05
      vertex 5.11288 21.1959 2.05
    endloop
  endfacet
  facet normal 0 0 -1
    outer loop
      vertex 4.90173 19.5921 2.05
      vertex 4.98148 20.8088 2.05
      vertex 4.98148 19.1912 2.05
    endloop
  endfacet
  facet normal 0 0 -1
    outer loop
      vertex 4.90173 19.5921 2.05
      vertex 4.90173 20.4079 2.05
      vertex 4.98148 20.8088 2.05
    endloop
  endfacet
  facet normal 0 -0 -1
    outer loop
      vertex 4.90173 20.4079 2.05
      vertex 4.90173 19.5921 2.05
      vertex 4.875 20 2.05
    endloop
  endfacet
  facet normal 0.659317 -0.751865 0
    outer loop
      vertex 5.79029 22.2097 0
      vertex 6.09762 22.4792 2.05
      vertex 5.79029 22.2097 2.05
    endloop
  endfacet
  facet normal 0.659317 -0.751865 0
    outer loop
      vertex 6.09762 22.4792 2.05
      vertex 5.79029 22.2097 0
      vertex 6.09762 22.4792 0
    endloop
  endfacet
  facet normal 0.195217 -0.98076 0
    outer loop
      vertex 7.19119 23.0185 0
      vertex 7.5921 23.0983 2.05
      vertex 7.19119 23.0185 2.05
    endloop
  endfacet
  facet normal 0.195217 -0.98076 0
    outer loop
      vertex 7.5921 23.0983 2.05
      vertex 7.19119 23.0185 0
      vertex 7.5921 23.0983 0
    endloop
  endfacet
  facet normal -0.195213 0.980761 0
    outer loop
      vertex 8.80881 16.9815 0
      vertex 8.40789 16.9017 2.05
      vertex 8.80881 16.9815 2.05
    endloop
  endfacet
  facet normal -0.195213 0.980761 0
    outer loop
      vertex 8.40789 16.9017 2.05
      vertex 8.80881 16.9815 0
      vertex 8.40789 16.9017 0
    endloop
  endfacet
  facet normal -0.442304 0.896865 0
    outer loop
      vertex 9.5625 17.2937 0
      vertex 9.19589 17.1129 2.05
      vertex 9.5625 17.2937 2.05
    endloop
  endfacet
  facet normal -0.442304 0.896865 0
    outer loop
      vertex 9.19589 17.1129 2.05
      vertex 9.5625 17.2937 0
      vertex 9.19589 17.1129 0
    endloop
  endfacet
  facet normal -0.659329 0.751855 0
    outer loop
      vertex 10.2097 17.7903 0
      vertex 9.90238 17.5208 2.05
      vertex 10.2097 17.7903 2.05
    endloop
  endfacet
  facet normal -0.659329 0.751855 0
    outer loop
      vertex 9.90238 17.5208 2.05
      vertex 10.2097 17.7903 0
      vertex 9.90238 17.5208 0
    endloop
  endfacet
  facet normal -0.831485 0.555547 0
    outer loop
      vertex 10.4792 18.0976 0
      vertex 10.7063 18.4375 2.05
      vertex 10.7063 18.4375 0
    endloop
  endfacet
  facet normal -0.831485 0.555547 0
    outer loop
      vertex 10.7063 18.4375 2.05
      vertex 10.4792 18.0976 0
      vertex 10.4792 18.0976 2.05
    endloop
  endfacet
  facet normal 0.555569 0.83147 -0
    outer loop
      vertex 6.4375 17.2937 0
      vertex 6.09762 17.5208 2.05
      vertex 6.4375 17.2937 2.05
    endloop
  endfacet
  facet normal 0.555569 0.83147 0
    outer loop
      vertex 6.09762 17.5208 2.05
      vertex 6.4375 17.2937 0
      vertex 6.09762 17.5208 0
    endloop
  endfacet
  facet normal 0.321448 0.946927 -0
    outer loop
      vertex 7.19119 16.9815 0
      vertex 6.80411 17.1129 2.05
      vertex 7.19119 16.9815 2.05
    endloop
  endfacet
  facet normal 0.321448 0.946927 0
    outer loop
      vertex 6.80411 17.1129 2.05
      vertex 7.19119 16.9815 0
      vertex 6.80411 17.1129 0
    endloop
  endfacet
  facet normal 0.0653174 0.997865 -0
    outer loop
      vertex 8 16.875 0
      vertex 7.5921 16.9017 2.05
      vertex 8 16.875 2.05
    endloop
  endfacet
  facet normal 0.0653174 0.997865 0
    outer loop
      vertex 7.5921 16.9017 2.05
      vertex 8 16.875 0
      vertex 7.5921 16.9017 0
    endloop
  endfacet
  facet normal 0.751809 0.659381 0
    outer loop
      vertex 5.79029 17.7903 2.05
      vertex 5.52077 18.0976 0
      vertex 5.52077 18.0976 2.05
    endloop
  endfacet
  facet normal 0.751809 0.659381 0
    outer loop
      vertex 5.52077 18.0976 0
      vertex 5.79029 17.7903 2.05
      vertex 5.79029 17.7903 0
    endloop
  endfacet
  facet normal 0.89687 0.442294 0
    outer loop
      vertex 5.29367 18.4375 2.05
      vertex 5.11288 18.8041 0
      vertex 5.11288 18.8041 2.05
    endloop
  endfacet
  facet normal 0.89687 0.442294 0
    outer loop
      vertex 5.11288 18.8041 0
      vertex 5.29367 18.4375 2.05
      vertex 5.29367 18.4375 0
    endloop
  endfacet
  facet normal 0.980782 0.195105 0
    outer loop
      vertex 4.98148 19.1912 2.05
      vertex 4.90173 19.5921 0
      vertex 4.90173 19.5921 2.05
    endloop
  endfacet
  facet normal 0.980782 0.195105 0
    outer loop
      vertex 4.90173 19.5921 0
      vertex 4.98148 19.1912 2.05
      vertex 4.98148 19.1912 0
    endloop
  endfacet
  facet normal 0.99786 0.0653905 0
    outer loop
      vertex 4.90173 19.5921 2.05
      vertex 4.875 20 0
      vertex 4.875 20 2.05
    endloop
  endfacet
  facet normal 0.99786 0.0653905 0
    outer loop
      vertex 4.875 20 0
      vertex 4.90173 19.5921 2.05
      vertex 4.90173 19.5921 0
    endloop
  endfacet
  facet normal -0.321448 0.946927 0
    outer loop
      vertex 9.19589 17.1129 0
      vertex 8.80881 16.9815 2.05
      vertex 9.19589 17.1129 2.05
    endloop
  endfacet
  facet normal -0.321448 0.946927 0
    outer loop
      vertex 8.80881 16.9815 2.05
      vertex 9.19589 17.1129 0
      vertex 8.80881 16.9815 0
    endloop
  endfacet
  facet normal -0.751834 0.659353 0
    outer loop
      vertex 10.2097 17.7903 0
      vertex 10.4792 18.0976 2.05
      vertex 10.4792 18.0976 0
    endloop
  endfacet
  facet normal -0.751834 0.659353 0
    outer loop
      vertex 10.4792 18.0976 2.05
      vertex 10.2097 17.7903 0
      vertex 10.2097 17.7903 2.05
    endloop
  endfacet
  facet normal -0.980759 0.195222 0
    outer loop
      vertex 11.0185 19.1912 0
      vertex 11.0983 19.5921 2.05
      vertex 11.0983 19.5921 0
    endloop
  endfacet
  facet normal -0.980759 0.195222 0
    outer loop
      vertex 11.0983 19.5921 2.05
      vertex 11.0185 19.1912 0
      vertex 11.0185 19.1912 2.05
    endloop
  endfacet
  facet normal -0.89686 0.442314 0
    outer loop
      vertex 10.7063 18.4375 0
      vertex 10.8871 18.8041 2.05
      vertex 10.8871 18.8041 0
    endloop
  endfacet
  facet normal -0.89686 0.442314 0
    outer loop
      vertex 10.8871 18.8041 2.05
      vertex 10.7063 18.4375 0
      vertex 10.7063 18.4375 2.05
    endloop
  endfacet
  facet normal 0.442304 0.896865 -0
    outer loop
      vertex 6.80411 17.1129 0
      vertex 6.4375 17.2937 2.05
      vertex 6.80411 17.1129 2.05
    endloop
  endfacet
  facet normal 0.442304 0.896865 0
    outer loop
      vertex 6.4375 17.2937 2.05
      vertex 6.80411 17.1129 0
      vertex 6.4375 17.2937 0
    endloop
  endfacet
  facet normal -0.065319 0.997864 0
    outer loop
      vertex 8.40789 16.9017 0
      vertex 8 16.875 2.05
      vertex 8.40789 16.9017 2.05
    endloop
  endfacet
  facet normal -0.065319 0.997864 0
    outer loop
      vertex 8 16.875 2.05
      vertex 8.40789 16.9017 0
      vertex 8 16.875 0
    endloop
  endfacet
  facet normal 0.659317 0.751865 -0
    outer loop
      vertex 6.09762 17.5208 0
      vertex 5.79029 17.7903 2.05
      vertex 6.09762 17.5208 2.05
    endloop
  endfacet
  facet normal 0.659317 0.751865 0
    outer loop
      vertex 5.79029 17.7903 2.05
      vertex 6.09762 17.5208 0
      vertex 5.79029 17.7903 0
    endloop
  endfacet
  facet normal 0.946932 0.321433 0
    outer loop
      vertex 5.11288 18.8041 2.05
      vertex 4.98148 19.1912 0
      vertex 4.98148 19.1912 2.05
    endloop
  endfacet
  facet normal 0.946932 0.321433 0
    outer loop
      vertex 4.98148 19.1912 0
      vertex 5.11288 18.8041 2.05
      vertex 5.11288 18.8041 0
    endloop
  endfacet
  facet normal -0.997865 0.0653174 0
    outer loop
      vertex 11.0983 19.5921 0
      vertex 11.125 20 2.05
      vertex 11.125 20 0
    endloop
  endfacet
  facet normal -0.997865 0.0653174 0
    outer loop
      vertex 11.125 20 2.05
      vertex 11.0983 19.5921 0
      vertex 11.0983 19.5921 2.05
    endloop
  endfacet
  facet normal -0.997816 -0.0660482 0
    outer loop
      vertex 236.425 20 0
      vertex 236.398 20.4079 2.05
      vertex 236.398 20.4079 0
    endloop
  endfacet
  facet normal -0.997816 -0.0660482 0
    outer loop
      vertex 236.398 20.4079 2.05
      vertex 236.425 20 0
      vertex 236.425 20 2.05
    endloop
  endfacet
  facet normal 0.997816 -0.0660482 0
    outer loop
      vertex 230.175 20 2.05
      vertex 230.202 20.4079 0
      vertex 230.202 20.4079 2.05
    endloop
  endfacet
  facet normal 0.997816 -0.0660482 0
    outer loop
      vertex 230.202 20.4079 0
      vertex 230.175 20 2.05
      vertex 230.175 20 0
    endloop
  endfacet
  facet normal -0.0653015 -0.997866 0
    outer loop
      vertex 233.3 23.125 0
      vertex 233.708 23.0983 2.05
      vertex 233.3 23.125 2.05
    endloop
  endfacet
  facet normal -0.0653015 -0.997866 -0
    outer loop
      vertex 233.708 23.0983 2.05
      vertex 233.3 23.125 0
      vertex 233.708 23.0983 0
    endloop
  endfacet
  facet normal -0.658505 -0.752577 0
    outer loop
      vertex 235.202 22.4792 0
      vertex 235.51 22.2097 2.05
      vertex 235.202 22.4792 2.05
    endloop
  endfacet
  facet normal -0.658505 -0.752577 -0
    outer loop
      vertex 235.51 22.2097 2.05
      vertex 235.202 22.4792 0
      vertex 235.51 22.2097 0
    endloop
  endfacet
  facet normal 0.658505 -0.752577 0
    outer loop
      vertex 231.09 22.2097 0
      vertex 231.398 22.4792 2.05
      vertex 231.09 22.2097 2.05
    endloop
  endfacet
  facet normal 0.658505 -0.752577 0
    outer loop
      vertex 231.398 22.4792 2.05
      vertex 231.09 22.2097 0
      vertex 231.398 22.4792 0
    endloop
  endfacet
  facet normal 0.321508 -0.946907 0
    outer loop
      vertex 232.104 22.8871 0
      vertex 232.491 23.0185 2.05
      vertex 232.104 22.8871 2.05
    endloop
  endfacet
  facet normal 0.321508 -0.946907 0
    outer loop
      vertex 232.491 23.0185 2.05
      vertex 232.104 22.8871 0
      vertex 232.491 23.0185 0
    endloop
  endfacet
  facet normal -0.896666 -0.442707 0
    outer loop
      vertex 236.187 21.1959 0
      vertex 236.006 21.5625 2.05
      vertex 236.006 21.5625 0
    endloop
  endfacet
  facet normal -0.896666 -0.442707 0
    outer loop
      vertex 236.006 21.5625 2.05
      vertex 236.187 21.1959 0
      vertex 236.187 21.1959 2.05
    endloop
  endfacet
  facet normal -0.831598 -0.555378 0
    outer loop
      vertex 236.006 21.5625 0
      vertex 235.779 21.9024 2.05
      vertex 235.779 21.9024 0
    endloop
  endfacet
  facet normal -0.831598 -0.555378 0
    outer loop
      vertex 235.779 21.9024 2.05
      vertex 236.006 21.5625 0
      vertex 236.006 21.5625 2.05
    endloop
  endfacet
  facet normal -0.441926 -0.897051 0
    outer loop
      vertex 234.496 22.8871 0
      vertex 234.863 22.7063 2.05
      vertex 234.496 22.8871 2.05
    endloop
  endfacet
  facet normal -0.441926 -0.897051 -0
    outer loop
      vertex 234.863 22.7063 2.05
      vertex 234.496 22.8871 0
      vertex 234.863 22.7063 0
    endloop
  endfacet
  facet normal -0.556565 -0.830804 0
    outer loop
      vertex 234.863 22.7063 0
      vertex 235.202 22.4792 2.05
      vertex 234.863 22.7063 2.05
    endloop
  endfacet
  facet normal -0.556565 -0.830804 -0
    outer loop
      vertex 235.202 22.4792 2.05
      vertex 234.863 22.7063 0
      vertex 235.202 22.4792 0
    endloop
  endfacet
  facet normal 0.896666 -0.442707 0
    outer loop
      vertex 230.413 21.1959 2.05
      vertex 230.594 21.5625 0
      vertex 230.594 21.5625 2.05
    endloop
  endfacet
  facet normal 0.896666 -0.442707 0
    outer loop
      vertex 230.594 21.5625 0
      vertex 230.413 21.1959 2.05
      vertex 230.413 21.1959 0
    endloop
  endfacet
  facet normal 0.831598 -0.555378 0
    outer loop
      vertex 230.594 21.5625 2.05
      vertex 230.821 21.9024 0
      vertex 230.821 21.9024 2.05
    endloop
  endfacet
  facet normal 0.831598 -0.555378 0
    outer loop
      vertex 230.821 21.9024 0
      vertex 230.594 21.5625 2.05
      vertex 230.594 21.5625 0
    endloop
  endfacet
  facet normal 0.981132 -0.193339 0
    outer loop
      vertex 230.202 20.4079 2.05
      vertex 230.281 20.8088 0
      vertex 230.281 20.8088 2.05
    endloop
  endfacet
  facet normal 0.981132 -0.193339 0
    outer loop
      vertex 230.281 20.8088 0
      vertex 230.202 20.4079 2.05
      vertex 230.202 20.4079 0
    endloop
  endfacet
  facet normal 0.442897 -0.896572 0
    outer loop
      vertex 231.738 22.7063 0
      vertex 232.104 22.8871 2.05
      vertex 231.738 22.7063 2.05
    endloop
  endfacet
  facet normal 0.442897 -0.896572 0
    outer loop
      vertex 232.104 22.8871 2.05
      vertex 231.738 22.7063 0
      vertex 232.104 22.8871 0
    endloop
  endfacet
  facet normal 0.0653015 -0.997866 0
    outer loop
      vertex 232.892 23.0983 0
      vertex 233.3 23.125 2.05
      vertex 232.892 23.0983 2.05
    endloop
  endfacet
  facet normal 0.0653015 -0.997866 0
    outer loop
      vertex 233.3 23.125 2.05
      vertex 232.892 23.0983 0
      vertex 233.3 23.125 0
    endloop
  endfacet
  facet normal -0.831598 0.555378 0
    outer loop
      vertex 235.779 18.0976 0
      vertex 236.006 18.4375 2.05
      vertex 236.006 18.4375 0
    endloop
  endfacet
  facet normal -0.831598 0.555378 0
    outer loop
      vertex 236.006 18.4375 2.05
      vertex 235.779 18.0976 0
      vertex 235.779 18.0976 2.05
    endloop
  endfacet
  facet normal 0.195175 0.980768 -0
    outer loop
      vertex 232.892 16.9017 0
      vertex 232.491 16.9815 2.05
      vertex 232.892 16.9017 2.05
    endloop
  endfacet
  facet normal 0.195175 0.980768 0
    outer loop
      vertex 232.491 16.9815 2.05
      vertex 232.892 16.9017 0
      vertex 232.491 16.9815 0
    endloop
  endfacet
  facet normal -0.195175 0.980768 0
    outer loop
      vertex 234.109 16.9815 0
      vertex 233.708 16.9017 2.05
      vertex 234.109 16.9815 2.05
    endloop
  endfacet
  facet normal -0.195175 0.980768 0
    outer loop
      vertex 233.708 16.9017 2.05
      vertex 234.109 16.9815 0
      vertex 233.708 16.9017 0
    endloop
  endfacet
  facet normal -0.946485 -0.322749 0
    outer loop
      vertex 236.319 20.8088 0
      vertex 236.187 21.1959 2.05
      vertex 236.187 21.1959 0
    endloop
  endfacet
  facet normal -0.946485 -0.322749 0
    outer loop
      vertex 236.187 21.1959 2.05
      vertex 236.319 20.8088 0
      vertex 236.319 20.8088 2.05
    endloop
  endfacet
  facet normal -0.981132 -0.193339 0
    outer loop
      vertex 236.398 20.4079 0
      vertex 236.319 20.8088 2.05
      vertex 236.319 20.8088 0
    endloop
  endfacet
  facet normal -0.981132 -0.193339 0
    outer loop
      vertex 236.319 20.8088 2.05
      vertex 236.398 20.4079 0
      vertex 236.398 20.4079 2.05
    endloop
  endfacet
  facet normal -0.75244 -0.658661 0
    outer loop
      vertex 235.779 21.9024 0
      vertex 235.51 22.2097 2.05
      vertex 235.51 22.2097 0
    endloop
  endfacet
  facet normal -0.75244 -0.658661 0
    outer loop
      vertex 235.51 22.2097 2.05
      vertex 235.779 21.9024 0
      vertex 235.779 21.9024 2.05
    endloop
  endfacet
  facet normal -0.321508 -0.946907 0
    outer loop
      vertex 234.109 23.0185 0
      vertex 234.496 22.8871 2.05
      vertex 234.109 23.0185 2.05
    endloop
  endfacet
  facet normal -0.321508 -0.946907 -0
    outer loop
      vertex 234.496 22.8871 2.05
      vertex 234.109 23.0185 0
      vertex 234.496 22.8871 0
    endloop
  endfacet
  facet normal -0.195175 -0.980768 0
    outer loop
      vertex 233.708 23.0983 0
      vertex 234.109 23.0185 2.05
      vertex 233.708 23.0983 2.05
    endloop
  endfacet
  facet normal -0.195175 -0.980768 -0
    outer loop
      vertex 234.109 23.0185 2.05
      vertex 233.708 23.0983 0
      vertex 234.109 23.0185 0
    endloop
  endfacet
  facet normal 0 0 -1
    outer loop
      vertex 236.398 19.5921 2.05
      vertex 236.398 20.4079 2.05
      vertex 236.425 20 2.05
    endloop
  endfacet
  facet normal 0 0 -1
    outer loop
      vertex 236.319 19.1912 2.05
      vertex 236.398 20.4079 2.05
      vertex 236.398 19.5921 2.05
    endloop
  endfacet
  facet normal 0 0 -1
    outer loop
      vertex 236.319 19.1912 2.05
      vertex 236.319 20.8088 2.05
      vertex 236.398 20.4079 2.05
    endloop
  endfacet
  facet normal 0 0 -1
    outer loop
      vertex 236.187 18.8041 2.05
      vertex 236.319 20.8088 2.05
      vertex 236.319 19.1912 2.05
    endloop
  endfacet
  facet normal 0 0 -1
    outer loop
      vertex 236.187 18.8041 2.05
      vertex 236.187 21.1959 2.05
      vertex 236.319 20.8088 2.05
    endloop
  endfacet
  facet normal 0 0 -1
    outer loop
      vertex 236.006 18.4375 2.05
      vertex 236.187 21.1959 2.05
      vertex 236.187 18.8041 2.05
    endloop
  endfacet
  facet normal 0 0 -1
    outer loop
      vertex 236.006 18.4375 2.05
      vertex 236.006 21.5625 2.05
      vertex 236.187 21.1959 2.05
    endloop
  endfacet
  facet normal 0 0 -1
    outer loop
      vertex 235.779 18.0976 2.05
      vertex 236.006 21.5625 2.05
      vertex 236.006 18.4375 2.05
    endloop
  endfacet
  facet normal 0 0 -1
    outer loop
      vertex 235.779 18.0976 2.05
      vertex 235.779 21.9024 2.05
      vertex 236.006 21.5625 2.05
    endloop
  endfacet
  facet normal 0 0 -1
    outer loop
      vertex 235.51 17.7903 2.05
      vertex 235.779 21.9024 2.05
      vertex 235.779 18.0976 2.05
    endloop
  endfacet
  facet normal 0 0 -1
    outer loop
      vertex 235.51 17.7903 2.05
      vertex 235.51 22.2097 2.05
      vertex 235.779 21.9024 2.05
    endloop
  endfacet
  facet normal 0 0 -1
    outer loop
      vertex 235.202 17.5208 2.05
      vertex 235.51 22.2097 2.05
      vertex 235.51 17.7903 2.05
    endloop
  endfacet
  facet normal 0 0 -1
    outer loop
      vertex 235.202 17.5208 2.05
      vertex 235.202 22.4792 2.05
      vertex 235.51 22.2097 2.05
    endloop
  endfacet
  facet normal 0 0 -1
    outer loop
      vertex 234.863 17.2937 2.05
      vertex 235.202 22.4792 2.05
      vertex 235.202 17.5208 2.05
    endloop
  endfacet
  facet normal 0 0 -1
    outer loop
      vertex 234.863 17.2937 2.05
      vertex 234.863 22.7063 2.05
      vertex 235.202 22.4792 2.05
    endloop
  endfacet
  facet normal 0 0 -1
    outer loop
      vertex 234.496 17.1129 2.05
      vertex 234.863 22.7063 2.05
      vertex 234.863 17.2937 2.05
    endloop
  endfacet
  facet normal 0 0 -1
    outer loop
      vertex 234.496 17.1129 2.05
      vertex 234.496 22.8871 2.05
      vertex 234.863 22.7063 2.05
    endloop
  endfacet
  facet normal 0 0 -1
    outer loop
      vertex 234.109 16.9815 2.05
      vertex 234.496 22.8871 2.05
      vertex 234.496 17.1129 2.05
    endloop
  endfacet
  facet normal 0 0 -1
    outer loop
      vertex 234.109 16.9815 2.05
      vertex 234.109 23.0185 2.05
      vertex 234.496 22.8871 2.05
    endloop
  endfacet
  facet normal 0 0 -1
    outer loop
      vertex 233.708 16.9017 2.05
      vertex 234.109 23.0185 2.05
      vertex 234.109 16.9815 2.05
    endloop
  endfacet
  facet normal 0 0 -1
    outer loop
      vertex 233.708 16.9017 2.05
      vertex 233.708 23.0983 2.05
      vertex 234.109 23.0185 2.05
    endloop
  endfacet
  facet normal 0 0 -1
    outer loop
      vertex 233.3 16.875 2.05
      vertex 233.708 23.0983 2.05
      vertex 233.708 16.9017 2.05
    endloop
  endfacet
  facet normal 0 0 -1
    outer loop
      vertex 233.3 16.875 2.05
      vertex 233.3 23.125 2.05
      vertex 233.708 23.0983 2.05
    endloop
  endfacet
  facet normal 0 0 -1
    outer loop
      vertex 232.892 16.9017 2.05
      vertex 233.3 23.125 2.05
      vertex 233.3 16.875 2.05
    endloop
  endfacet
  facet normal 0 0 -1
    outer loop
      vertex 232.892 16.9017 2.05
      vertex 232.892 23.0983 2.05
      vertex 233.3 23.125 2.05
    endloop
  endfacet
  facet normal 0 0 -1
    outer loop
      vertex 232.491 16.9815 2.05
      vertex 232.892 23.0983 2.05
      vertex 232.892 16.9017 2.05
    endloop
  endfacet
  facet normal 0 0 -1
    outer loop
      vertex 232.491 16.9815 2.05
      vertex 232.491 23.0185 2.05
      vertex 232.892 23.0983 2.05
    endloop
  endfacet
  facet normal 0 0 -1
    outer loop
      vertex 232.104 17.1129 2.05
      vertex 232.491 23.0185 2.05
      vertex 232.491 16.9815 2.05
    endloop
  endfacet
  facet normal 0 0 -1
    outer loop
      vertex 232.104 17.1129 2.05
      vertex 232.104 22.8871 2.05
      vertex 232.491 23.0185 2.05
    endloop
  endfacet
  facet normal 0 0 -1
    outer loop
      vertex 231.738 17.2937 2.05
      vertex 232.104 22.8871 2.05
      vertex 232.104 17.1129 2.05
    endloop
  endfacet
  facet normal 0 0 -1
    outer loop
      vertex 231.738 17.2937 2.05
      vertex 231.738 22.7063 2.05
      vertex 232.104 22.8871 2.05
    endloop
  endfacet
  facet normal 0 0 -1
    outer loop
      vertex 231.398 17.5208 2.05
      vertex 231.738 22.7063 2.05
      vertex 231.738 17.2937 2.05
    endloop
  endfacet
  facet normal 0 0 -1
    outer loop
      vertex 231.398 17.5208 2.05
      vertex 231.398 22.4792 2.05
      vertex 231.738 22.7063 2.05
    endloop
  endfacet
  facet normal 0 0 -1
    outer loop
      vertex 231.09 17.7903 2.05
      vertex 231.398 22.4792 2.05
      vertex 231.398 17.5208 2.05
    endloop
  endfacet
  facet normal 0 0 -1
    outer loop
      vertex 231.09 17.7903 2.05
      vertex 231.09 22.2097 2.05
      vertex 231.398 22.4792 2.05
    endloop
  endfacet
  facet normal 0 0 -1
    outer loop
      vertex 230.821 18.0976 2.05
      vertex 231.09 22.2097 2.05
      vertex 231.09 17.7903 2.05
    endloop
  endfacet
  facet normal 0 0 -1
    outer loop
      vertex 230.821 18.0976 2.05
      vertex 230.821 21.9024 2.05
      vertex 231.09 22.2097 2.05
    endloop
  endfacet
  facet normal 0 0 -1
    outer loop
      vertex 230.594 18.4375 2.05
      vertex 230.821 21.9024 2.05
      vertex 230.821 18.0976 2.05
    endloop
  endfacet
  facet normal 0 0 -1
    outer loop
      vertex 230.594 18.4375 2.05
      vertex 230.594 21.5625 2.05
      vertex 230.821 21.9024 2.05
    endloop
  endfacet
  facet normal 0 0 -1
    outer loop
      vertex 230.413 18.8041 2.05
      vertex 230.594 21.5625 2.05
      vertex 230.594 18.4375 2.05
    endloop
  endfacet
  facet normal 0 0 -1
    outer loop
      vertex 230.413 18.8041 2.05
      vertex 230.413 21.1959 2.05
      vertex 230.594 21.5625 2.05
    endloop
  endfacet
  facet normal 0 0 -1
    outer loop
      vertex 230.281 19.1912 2.05
      vertex 230.413 21.1959 2.05
      vertex 230.413 18.8041 2.05
    endloop
  endfacet
  facet normal 0 0 -1
    outer loop
      vertex 230.281 19.1912 2.05
      vertex 230.281 20.8088 2.05
      vertex 230.413 21.1959 2.05
    endloop
  endfacet
  facet normal 0 0 -1
    outer loop
      vertex 230.202 19.5921 2.05
      vertex 230.281 20.8088 2.05
      vertex 230.281 19.1912 2.05
    endloop
  endfacet
  facet normal 0 0 -1
    outer loop
      vertex 230.202 19.5921 2.05
      vertex 230.202 20.4079 2.05
      vertex 230.281 20.8088 2.05
    endloop
  endfacet
  facet normal 0 -0 -1
    outer loop
      vertex 230.202 20.4079 2.05
      vertex 230.202 19.5921 2.05
      vertex 230.175 20 2.05
    endloop
  endfacet
  facet normal -0.556565 0.830804 0
    outer loop
      vertex 235.202 17.5208 0
      vertex 234.863 17.2937 2.05
      vertex 235.202 17.5208 2.05
    endloop
  endfacet
  facet normal -0.556565 0.830804 0
    outer loop
      vertex 234.863 17.2937 2.05
      vertex 235.202 17.5208 0
      vertex 234.863 17.2937 0
    endloop
  endfacet
  facet normal -0.946485 0.322749 0
    outer loop
      vertex 236.187 18.8041 0
      vertex 236.319 19.1912 2.05
      vertex 236.319 19.1912 0
    endloop
  endfacet
  facet normal -0.946485 0.322749 0
    outer loop
      vertex 236.319 19.1912 2.05
      vertex 236.187 18.8041 0
      vertex 236.187 18.8041 2.05
    endloop
  endfacet
  facet normal -0.896666 0.442707 0
    outer loop
      vertex 236.006 18.4375 0
      vertex 236.187 18.8041 2.05
      vertex 236.187 18.8041 0
    endloop
  endfacet
  facet normal -0.896666 0.442707 0
    outer loop
      vertex 236.187 18.8041 2.05
      vertex 236.006 18.4375 0
      vertex 236.006 18.4375 2.05
    endloop
  endfacet
  facet normal -0.981132 0.193339 0
    outer loop
      vertex 236.319 19.1912 0
      vertex 236.398 19.5921 2.05
      vertex 236.398 19.5921 0
    endloop
  endfacet
  facet normal -0.981132 0.193339 0
    outer loop
      vertex 236.398 19.5921 2.05
      vertex 236.319 19.1912 0
      vertex 236.319 19.1912 2.05
    endloop
  endfacet
  facet normal 0.0653015 0.997866 -0
    outer loop
      vertex 233.3 16.875 0
      vertex 232.892 16.9017 2.05
      vertex 233.3 16.875 2.05
    endloop
  endfacet
  facet normal 0.0653015 0.997866 0
    outer loop
      vertex 232.892 16.9017 2.05
      vertex 233.3 16.875 0
      vertex 232.892 16.9017 0
    endloop
  endfacet
  facet normal 0.997816 0.0660482 0
    outer loop
      vertex 230.202 19.5921 2.05
      vertex 230.175 20 0
      vertex 230.175 20 2.05
    endloop
  endfacet
  facet normal 0.997816 0.0660482 0
    outer loop
      vertex 230.175 20 0
      vertex 230.202 19.5921 2.05
      vertex 230.202 19.5921 0
    endloop
  endfacet
  facet normal 0.946485 0.322749 0
    outer loop
      vertex 230.413 18.8041 2.05
      vertex 230.281 19.1912 0
      vertex 230.281 19.1912 2.05
    endloop
  endfacet
  facet normal 0.946485 0.322749 0
    outer loop
      vertex 230.281 19.1912 0
      vertex 230.413 18.8041 2.05
      vertex 230.413 18.8041 0
    endloop
  endfacet
  facet normal -0.441926 0.897051 0
    outer loop
      vertex 234.863 17.2937 0
      vertex 234.496 17.1129 2.05
      vertex 234.863 17.2937 2.05
    endloop
  endfacet
  facet normal -0.441926 0.897051 0
    outer loop
      vertex 234.496 17.1129 2.05
      vertex 234.863 17.2937 0
      vertex 234.496 17.1129 0
    endloop
  endfacet
  facet normal -0.321508 0.946907 0
    outer loop
      vertex 234.496 17.1129 0
      vertex 234.109 16.9815 2.05
      vertex 234.496 17.1129 2.05
    endloop
  endfacet
  facet normal -0.321508 0.946907 0
    outer loop
      vertex 234.109 16.9815 2.05
      vertex 234.496 17.1129 0
      vertex 234.109 16.9815 0
    endloop
  endfacet
  facet normal 0.75244 -0.658661 0
    outer loop
      vertex 230.821 21.9024 2.05
      vertex 231.09 22.2097 0
      vertex 231.09 22.2097 2.05
    endloop
  endfacet
  facet normal 0.75244 -0.658661 0
    outer loop
      vertex 231.09 22.2097 0
      vertex 230.821 21.9024 2.05
      vertex 230.821 21.9024 0
    endloop
  endfacet
  facet normal 0.946485 -0.322749 0
    outer loop
      vertex 230.281 20.8088 2.05
      vertex 230.413 21.1959 0
      vertex 230.413 21.1959 2.05
    endloop
  endfacet
  facet normal 0.946485 -0.322749 0
    outer loop
      vertex 230.413 21.1959 0
      vertex 230.281 20.8088 2.05
      vertex 230.281 20.8088 0
    endloop
  endfacet
  facet normal 0.555434 -0.831561 0
    outer loop
      vertex 231.398 22.4792 0
      vertex 231.738 22.7063 2.05
      vertex 231.398 22.4792 2.05
    endloop
  endfacet
  facet normal 0.555434 -0.831561 0
    outer loop
      vertex 231.738 22.7063 2.05
      vertex 231.398 22.4792 0
      vertex 231.738 22.7063 0
    endloop
  endfacet
  facet normal 0.195175 -0.980768 0
    outer loop
      vertex 232.491 23.0185 0
      vertex 232.892 23.0983 2.05
      vertex 232.491 23.0185 2.05
    endloop
  endfacet
  facet normal 0.195175 -0.980768 0
    outer loop
      vertex 232.892 23.0983 2.05
      vertex 232.491 23.0185 0
      vertex 232.892 23.0983 0
    endloop
  endfacet
  facet normal -0.997816 0.0660482 0
    outer loop
      vertex 236.398 19.5921 0
      vertex 236.425 20 2.05
      vertex 236.425 20 0
    endloop
  endfacet
  facet normal -0.997816 0.0660482 0
    outer loop
      vertex 236.425 20 2.05
      vertex 236.398 19.5921 0
      vertex 236.398 19.5921 2.05
    endloop
  endfacet
  facet normal 0.321508 0.946907 -0
    outer loop
      vertex 232.491 16.9815 0
      vertex 232.104 17.1129 2.05
      vertex 232.491 16.9815 2.05
    endloop
  endfacet
  facet normal 0.321508 0.946907 0
    outer loop
      vertex 232.104 17.1129 2.05
      vertex 232.491 16.9815 0
      vertex 232.104 17.1129 0
    endloop
  endfacet
  facet normal 0.75244 0.658661 0
    outer loop
      vertex 231.09 17.7903 2.05
      vertex 230.821 18.0976 0
      vertex 230.821 18.0976 2.05
    endloop
  endfacet
  facet normal 0.75244 0.658661 0
    outer loop
      vertex 230.821 18.0976 0
      vertex 231.09 17.7903 2.05
      vertex 231.09 17.7903 0
    endloop
  endfacet
  facet normal 0.981132 0.193339 0
    outer loop
      vertex 230.281 19.1912 2.05
      vertex 230.202 19.5921 0
      vertex 230.202 19.5921 2.05
    endloop
  endfacet
  facet normal 0.981132 0.193339 0
    outer loop
      vertex 230.202 19.5921 0
      vertex 230.281 19.1912 2.05
      vertex 230.281 19.1912 0
    endloop
  endfacet
  facet normal -0.658505 0.752577 0
    outer loop
      vertex 235.51 17.7903 0
      vertex 235.202 17.5208 2.05
      vertex 235.51 17.7903 2.05
    endloop
  endfacet
  facet normal -0.658505 0.752577 0
    outer loop
      vertex 235.202 17.5208 2.05
      vertex 235.51 17.7903 0
      vertex 235.202 17.5208 0
    endloop
  endfacet
  facet normal -0.75244 0.658661 0
    outer loop
      vertex 235.51 17.7903 0
      vertex 235.779 18.0976 2.05
      vertex 235.779 18.0976 0
    endloop
  endfacet
  facet normal -0.75244 0.658661 0
    outer loop
      vertex 235.779 18.0976 2.05
      vertex 235.51 17.7903 0
      vertex 235.51 17.7903 2.05
    endloop
  endfacet
  facet normal -0.0653015 0.997866 0
    outer loop
      vertex 233.708 16.9017 0
      vertex 233.3 16.875 2.05
      vertex 233.708 16.9017 2.05
    endloop
  endfacet
  facet normal -0.0653015 0.997866 0
    outer loop
      vertex 233.3 16.875 2.05
      vertex 233.708 16.9017 0
      vertex 233.3 16.875 0
    endloop
  endfacet
  facet normal 0.442897 0.896572 -0
    outer loop
      vertex 232.104 17.1129 0
      vertex 231.738 17.2937 2.05
      vertex 232.104 17.1129 2.05
    endloop
  endfacet
  facet normal 0.442897 0.896572 0
    outer loop
      vertex 231.738 17.2937 2.05
      vertex 232.104 17.1129 0
      vertex 231.738 17.2937 0
    endloop
  endfacet
  facet normal 0.658505 0.752577 -0
    outer loop
      vertex 231.398 17.5208 0
      vertex 231.09 17.7903 2.05
      vertex 231.398 17.5208 2.05
    endloop
  endfacet
  facet normal 0.658505 0.752577 0
    outer loop
      vertex 231.09 17.7903 2.05
      vertex 231.398 17.5208 0
      vertex 231.09 17.7903 0
    endloop
  endfacet
  facet normal 0.831598 0.555378 0
    outer loop
      vertex 230.821 18.0976 2.05
      vertex 230.594 18.4375 0
      vertex 230.594 18.4375 2.05
    endloop
  endfacet
  facet normal 0.831598 0.555378 0
    outer loop
      vertex 230.594 18.4375 0
      vertex 230.821 18.0976 2.05
      vertex 230.821 18.0976 0
    endloop
  endfacet
  facet normal 0.896666 0.442707 0
    outer loop
      vertex 230.594 18.4375 2.05
      vertex 230.413 18.8041 0
      vertex 230.413 18.8041 2.05
    endloop
  endfacet
  facet normal 0.896666 0.442707 0
    outer loop
      vertex 230.413 18.8041 0
      vertex 230.594 18.4375 2.05
      vertex 230.594 18.4375 0
    endloop
  endfacet
  facet normal 0.555434 0.831561 -0
    outer loop
      vertex 231.738 17.2937 0
      vertex 231.398 17.5208 2.05
      vertex 231.738 17.2937 2.05
    endloop
  endfacet
  facet normal 0.555434 0.831561 0
    outer loop
      vertex 231.398 17.5208 2.05
      vertex 231.738 17.2937 0
      vertex 231.398 17.5208 0
    endloop
  endfacet
  facet normal -0.997866 -0.0653015 0
    outer loop
      vertex 11.125 142 0
      vertex 11.0983 142.408 2.05
      vertex 11.0983 142.408 0
    endloop
  endfacet
  facet normal -0.997866 -0.0653015 0
    outer loop
      vertex 11.0983 142.408 2.05
      vertex 11.125 142 0
      vertex 11.125 142 2.05
    endloop
  endfacet
  facet normal 0.0660482 -0.997816 0
    outer loop
      vertex 7.5921 145.098 0
      vertex 8 145.125 2.05
      vertex 7.5921 145.098 2.05
    endloop
  endfacet
  facet normal 0.0660482 -0.997816 0
    outer loop
      vertex 8 145.125 2.05
      vertex 7.5921 145.098 0
      vertex 8 145.125 0
    endloop
  endfacet
  facet normal -0.658636 -0.752461 0
    outer loop
      vertex 9.90238 144.479 0
      vertex 10.2097 144.21 2.05
      vertex 9.90238 144.479 2.05
    endloop
  endfacet
  facet normal -0.658636 -0.752461 -0
    outer loop
      vertex 10.2097 144.21 2.05
      vertex 9.90238 144.479 0
      vertex 10.2097 144.21 0
    endloop
  endfacet
  facet normal 0.752552 -0.658532 0
    outer loop
      vertex 5.52077 143.902 2.05
      vertex 5.79029 144.21 0
      vertex 5.79029 144.21 2.05
    endloop
  endfacet
  facet normal 0.752552 -0.658532 0
    outer loop
      vertex 5.79029 144.21 0
      vertex 5.52077 143.902 2.05
      vertex 5.52077 143.902 0
    endloop
  endfacet
  facet normal 0.442698 -0.896671 0
    outer loop
      vertex 6.4375 144.706 0
      vertex 6.80411 144.887 2.05
      vertex 6.4375 144.706 2.05
    endloop
  endfacet
  facet normal 0.442698 -0.896671 0
    outer loop
      vertex 6.80411 144.887 2.05
      vertex 6.4375 144.706 0
      vertex 6.80411 144.887 0
    endloop
  endfacet
  facet normal -0.896572 -0.442897 0
    outer loop
      vertex 10.8871 143.196 0
      vertex 10.7063 143.562 2.05
      vertex 10.7063 143.562 0
    endloop
  endfacet
  facet normal -0.896572 -0.442897 0
    outer loop
      vertex 10.7063 143.562 2.05
      vertex 10.8871 143.196 0
      vertex 10.8871 143.196 2.05
    endloop
  endfacet
  facet normal -0.831561 -0.555434 0
    outer loop
      vertex 10.7063 143.562 0
      vertex 10.4792 143.902 2.05
      vertex 10.4792 143.902 0
    endloop
  endfacet
  facet normal -0.831561 -0.555434 0
    outer loop
      vertex 10.4792 143.902 2.05
      vertex 10.7063 143.562 0
      vertex 10.7063 143.562 2.05
    endloop
  endfacet
  facet normal -0.322764 -0.94648 0
    outer loop
      vertex 8.80881 145.019 0
      vertex 9.19589 144.887 2.05
      vertex 8.80881 145.019 2.05
    endloop
  endfacet
  facet normal -0.322764 -0.94648 -0
    outer loop
      vertex 9.19589 144.887 2.05
      vertex 8.80881 145.019 0
      vertex 9.19589 144.887 0
    endloop
  endfacet
  facet normal -0.5554 -0.831583 0
    outer loop
      vertex 9.5625 144.706 0
      vertex 9.90238 144.479 2.05
      vertex 9.5625 144.706 2.05
    endloop
  endfacet
  facet normal -0.5554 -0.831583 -0
    outer loop
      vertex 9.90238 144.479 2.05
      vertex 9.5625 144.706 0
      vertex 9.90238 144.479 0
    endloop
  endfacet
  facet normal 0.946907 -0.321508 0
    outer loop
      vertex 4.98148 142.809 2.05
      vertex 5.11288 143.196 0
      vertex 5.11288 143.196 2.05
    endloop
  endfacet
  facet normal 0.946907 -0.321508 0
    outer loop
      vertex 5.11288 143.196 0
      vertex 4.98148 142.809 2.05
      vertex 4.98148 142.809 0
    endloop
  endfacet
  facet normal 0.831561 -0.555434 0
    outer loop
      vertex 5.29367 143.562 2.05
      vertex 5.52077 143.902 0
      vertex 5.52077 143.902 2.05
    endloop
  endfacet
  facet normal 0.831561 -0.555434 0
    outer loop
      vertex 5.52077 143.902 0
      vertex 5.29367 143.562 2.05
      vertex 5.29367 143.562 0
    endloop
  endfacet
  facet normal 0.980792 -0.195058 0
    outer loop
      vertex 4.90173 142.408 2.05
      vertex 4.98148 142.809 0
      vertex 4.98148 142.809 2.05
    endloop
  endfacet
  facet normal 0.980792 -0.195058 0
    outer loop
      vertex 4.98148 142.809 0
      vertex 4.90173 142.408 2.05
      vertex 4.90173 142.408 0
    endloop
  endfacet
  facet normal 0.5554 -0.831583 0
    outer loop
      vertex 6.09762 144.479 0
      vertex 6.4375 144.706 2.05
      vertex 6.09762 144.479 2.05
    endloop
  endfacet
  facet normal 0.5554 -0.831583 0
    outer loop
      vertex 6.4375 144.706 2.05
      vertex 6.09762 144.479 0
      vertex 6.4375 144.706 0
    endloop
  endfacet
  facet normal 0.322764 -0.94648 0
    outer loop
      vertex 6.80411 144.887 0
      vertex 7.19119 145.019 2.05
      vertex 6.80411 144.887 2.05
    endloop
  endfacet
  facet normal 0.322764 -0.94648 0
    outer loop
      vertex 7.19119 145.019 2.05
      vertex 6.80411 144.887 0
      vertex 7.19119 145.019 0
    endloop
  endfacet
  facet normal -0.946907 0.321508 0
    outer loop
      vertex 10.8871 140.804 0
      vertex 11.0185 141.191 2.05
      vertex 11.0185 141.191 0
    endloop
  endfacet
  facet normal -0.946907 0.321508 0
    outer loop
      vertex 11.0185 141.191 2.05
      vertex 10.8871 140.804 0
      vertex 10.8871 140.804 2.05
    endloop
  endfacet
  facet normal -0.5554 0.831583 0
    outer loop
      vertex 9.90238 139.521 0
      vertex 9.5625 139.294 2.05
      vertex 9.90238 139.521 2.05
    endloop
  endfacet
  facet normal -0.5554 0.831583 0
    outer loop
      vertex 9.5625 139.294 2.05
      vertex 9.90238 139.521 0
      vertex 9.5625 139.294 0
    endloop
  endfacet
  facet normal 0.193334 0.981133 -0
    outer loop
      vertex 7.5921 138.902 0
      vertex 7.19119 138.981 2.05
      vertex 7.5921 138.902 2.05
    endloop
  endfacet
  facet normal 0.193334 0.981133 0
    outer loop
      vertex 7.19119 138.981 2.05
      vertex 7.5921 138.902 0
      vertex 7.19119 138.981 0
    endloop
  endfacet
  facet normal 0.831561 0.555434 0
    outer loop
      vertex 5.52077 140.098 2.05
      vertex 5.29367 140.438 0
      vertex 5.29367 140.438 2.05
    endloop
  endfacet
  facet normal 0.831561 0.555434 0
    outer loop
      vertex 5.29367 140.438 0
      vertex 5.52077 140.098 2.05
      vertex 5.52077 140.098 0
    endloop
  endfacet
  facet normal -0.946907 -0.321508 0
    outer loop
      vertex 11.0185 142.809 0
      vertex 10.8871 143.196 2.05
      vertex 10.8871 143.196 0
    endloop
  endfacet
  facet normal -0.946907 -0.321508 0
    outer loop
      vertex 10.8871 143.196 2.05
      vertex 11.0185 142.809 0
      vertex 11.0185 142.809 2.05
    endloop
  endfacet
  facet normal -0.980768 -0.195175 0
    outer loop
      vertex 11.0983 142.408 0
      vertex 11.0185 142.809 2.05
      vertex 11.0185 142.809 0
    endloop
  endfacet
  facet normal -0.980768 -0.195175 0
    outer loop
      vertex 11.0185 142.809 2.05
      vertex 11.0983 142.408 0
      vertex 11.0983 142.408 2.05
    endloop
  endfacet
  facet normal -0.752577 -0.658505 0
    outer loop
      vertex 10.4792 143.902 0
      vertex 10.2097 144.21 2.05
      vertex 10.2097 144.21 0
    endloop
  endfacet
  facet normal -0.752577 -0.658505 0
    outer loop
      vertex 10.2097 144.21 2.05
      vertex 10.4792 143.902 0
      vertex 10.4792 143.902 2.05
    endloop
  endfacet
  facet normal -0.193329 -0.981134 0
    outer loop
      vertex 8.40789 145.098 0
      vertex 8.80881 145.019 2.05
      vertex 8.40789 145.098 2.05
    endloop
  endfacet
  facet normal -0.193329 -0.981134 -0
    outer loop
      vertex 8.80881 145.019 2.05
      vertex 8.40789 145.098 0
      vertex 8.80881 145.019 0
    endloop
  endfacet
  facet normal -0.0660498 -0.997816 0
    outer loop
      vertex 8 145.125 0
      vertex 8.40789 145.098 2.05
      vertex 8 145.125 2.05
    endloop
  endfacet
  facet normal -0.0660498 -0.997816 -0
    outer loop
      vertex 8.40789 145.098 2.05
      vertex 8 145.125 0
      vertex 8.40789 145.098 0
    endloop
  endfacet
  facet normal -0.442698 -0.896671 0
    outer loop
      vertex 9.19589 144.887 0
      vertex 9.5625 144.706 2.05
      vertex 9.19589 144.887 2.05
    endloop
  endfacet
  facet normal -0.442698 -0.896671 -0
    outer loop
      vertex 9.5625 144.706 2.05
      vertex 9.19589 144.887 0
      vertex 9.5625 144.706 0
    endloop
  endfacet
  facet normal 0.896582 -0.442877 0
    outer loop
      vertex 5.11288 143.196 2.05
      vertex 5.29367 143.562 0
      vertex 5.29367 143.562 2.05
    endloop
  endfacet
  facet normal 0.896582 -0.442877 0
    outer loop
      vertex 5.29367 143.562 0
      vertex 5.11288 143.196 2.05
      vertex 5.11288 143.196 0
    endloop
  endfacet
  facet normal 0.997861 -0.0653746 0
    outer loop
      vertex 4.875 142 2.05
      vertex 4.90173 142.408 0
      vertex 4.90173 142.408 2.05
    endloop
  endfacet
  facet normal 0.997861 -0.0653746 0
    outer loop
      vertex 4.90173 142.408 0
      vertex 4.875 142 2.05
      vertex 4.875 142 0
    endloop
  endfacet
  facet normal 0 0 -1
    outer loop
      vertex 11.0983 141.592 2.05
      vertex 11.0983 142.408 2.05
      vertex 11.125 142 2.05
    endloop
  endfacet
  facet normal 0 0 -1
    outer loop
      vertex 11.0185 141.191 2.05
      vertex 11.0983 142.408 2.05
      vertex 11.0983 141.592 2.05
    endloop
  endfacet
  facet normal 0 0 -1
    outer loop
      vertex 11.0185 141.191 2.05
      vertex 11.0185 142.809 2.05
      vertex 11.0983 142.408 2.05
    endloop
  endfacet
  facet normal 0 0 -1
    outer loop
      vertex 10.8871 140.804 2.05
      vertex 11.0185 142.809 2.05
      vertex 11.0185 141.191 2.05
    endloop
  endfacet
  facet normal 0 0 -1
    outer loop
      vertex 10.8871 140.804 2.05
      vertex 10.8871 143.196 2.05
      vertex 11.0185 142.809 2.05
    endloop
  endfacet
  facet normal 0 0 -1
    outer loop
      vertex 10.7063 140.438 2.05
      vertex 10.8871 143.196 2.05
      vertex 10.8871 140.804 2.05
    endloop
  endfacet
  facet normal 0 0 -1
    outer loop
      vertex 10.7063 140.438 2.05
      vertex 10.7063 143.562 2.05
      vertex 10.8871 143.196 2.05
    endloop
  endfacet
  facet normal 0 0 -1
    outer loop
      vertex 10.4792 140.098 2.05
      vertex 10.7063 143.562 2.05
      vertex 10.7063 140.438 2.05
    endloop
  endfacet
  facet normal 0 0 -1
    outer loop
      vertex 10.4792 140.098 2.05
      vertex 10.4792 143.902 2.05
      vertex 10.7063 143.562 2.05
    endloop
  endfacet
  facet normal 0 0 -1
    outer loop
      vertex 10.2097 139.79 2.05
      vertex 10.4792 143.902 2.05
      vertex 10.4792 140.098 2.05
    endloop
  endfacet
  facet normal 0 0 -1
    outer loop
      vertex 10.2097 139.79 2.05
      vertex 10.2097 144.21 2.05
      vertex 10.4792 143.902 2.05
    endloop
  endfacet
  facet normal 0 0 -1
    outer loop
      vertex 9.90238 139.521 2.05
      vertex 10.2097 144.21 2.05
      vertex 10.2097 139.79 2.05
    endloop
  endfacet
  facet normal 0 0 -1
    outer loop
      vertex 9.90238 139.521 2.05
      vertex 9.90238 144.479 2.05
      vertex 10.2097 144.21 2.05
    endloop
  endfacet
  facet normal 0 0 -1
    outer loop
      vertex 9.5625 139.294 2.05
      vertex 9.90238 144.479 2.05
      vertex 9.90238 139.521 2.05
    endloop
  endfacet
  facet normal 0 0 -1
    outer loop
      vertex 9.5625 139.294 2.05
      vertex 9.5625 144.706 2.05
      vertex 9.90238 144.479 2.05
    endloop
  endfacet
  facet normal 0 0 -1
    outer loop
      vertex 9.19589 139.113 2.05
      vertex 9.5625 144.706 2.05
      vertex 9.5625 139.294 2.05
    endloop
  endfacet
  facet normal 0 0 -1
    outer loop
      vertex 9.19589 139.113 2.05
      vertex 9.19589 144.887 2.05
      vertex 9.5625 144.706 2.05
    endloop
  endfacet
  facet normal 0 0 -1
    outer loop
      vertex 8.80881 138.981 2.05
      vertex 9.19589 144.887 2.05
      vertex 9.19589 139.113 2.05
    endloop
  endfacet
  facet normal 0 0 -1
    outer loop
      vertex 8.80881 138.981 2.05
      vertex 8.80881 145.019 2.05
      vertex 9.19589 144.887 2.05
    endloop
  endfacet
  facet normal 0 0 -1
    outer loop
      vertex 8.40789 138.902 2.05
      vertex 8.80881 145.019 2.05
      vertex 8.80881 138.981 2.05
    endloop
  endfacet
  facet normal 0 0 -1
    outer loop
      vertex 8.40789 138.902 2.05
      vertex 8.40789 145.098 2.05
      vertex 8.80881 145.019 2.05
    endloop
  endfacet
  facet normal 0 0 -1
    outer loop
      vertex 8 138.875 2.05
      vertex 8.40789 145.098 2.05
      vertex 8.40789 138.902 2.05
    endloop
  endfacet
  facet normal 0 0 -1
    outer loop
      vertex 8 138.875 2.05
      vertex 8 145.125 2.05
      vertex 8.40789 145.098 2.05
    endloop
  endfacet
  facet normal 0 0 -1
    outer loop
      vertex 7.5921 138.902 2.05
      vertex 8 145.125 2.05
      vertex 8 138.875 2.05
    endloop
  endfacet
  facet normal 0 0 -1
    outer loop
      vertex 7.5921 138.902 2.05
      vertex 7.5921 145.098 2.05
      vertex 8 145.125 2.05
    endloop
  endfacet
  facet normal 0 0 -1
    outer loop
      vertex 7.19119 138.981 2.05
      vertex 7.5921 145.098 2.05
      vertex 7.5921 138.902 2.05
    endloop
  endfacet
  facet normal 0 0 -1
    outer loop
      vertex 7.19119 138.981 2.05
      vertex 7.19119 145.019 2.05
      vertex 7.5921 145.098 2.05
    endloop
  endfacet
  facet normal 0 0 -1
    outer loop
      vertex 6.80411 139.113 2.05
      vertex 7.19119 145.019 2.05
      vertex 7.19119 138.981 2.05
    endloop
  endfacet
  facet normal 0 0 -1
    outer loop
      vertex 6.80411 139.113 2.05
      vertex 6.80411 144.887 2.05
      vertex 7.19119 145.019 2.05
    endloop
  endfacet
  facet normal 0 0 -1
    outer loop
      vertex 6.4375 139.294 2.05
      vertex 6.80411 144.887 2.05
      vertex 6.80411 139.113 2.05
    endloop
  endfacet
  facet normal 0 0 -1
    outer loop
      vertex 6.4375 139.294 2.05
      vertex 6.4375 144.706 2.05
      vertex 6.80411 144.887 2.05
    endloop
  endfacet
  facet normal 0 0 -1
    outer loop
      vertex 6.09762 139.521 2.05
      vertex 6.4375 144.706 2.05
      vertex 6.4375 139.294 2.05
    endloop
  endfacet
  facet normal 0 0 -1
    outer loop
      vertex 6.09762 139.521 2.05
      vertex 6.09762 144.479 2.05
      vertex 6.4375 144.706 2.05
    endloop
  endfacet
  facet normal 0 0 -1
    outer loop
      vertex 5.79029 139.79 2.05
      vertex 6.09762 144.479 2.05
      vertex 6.09762 139.521 2.05
    endloop
  endfacet
  facet normal 0 0 -1
    outer loop
      vertex 5.79029 139.79 2.05
      vertex 5.79029 144.21 2.05
      vertex 6.09762 144.479 2.05
    endloop
  endfacet
  facet normal 0 0 -1
    outer loop
      vertex 5.52077 140.098 2.05
      vertex 5.79029 144.21 2.05
      vertex 5.79029 139.79 2.05
    endloop
  endfacet
  facet normal 0 0 -1
    outer loop
      vertex 5.52077 140.098 2.05
      vertex 5.52077 143.902 2.05
      vertex 5.79029 144.21 2.05
    endloop
  endfacet
  facet normal 0 0 -1
    outer loop
      vertex 5.29367 140.438 2.05
      vertex 5.52077 143.902 2.05
      vertex 5.52077 140.098 2.05
    endloop
  endfacet
  facet normal 0 0 -1
    outer loop
      vertex 5.29367 140.438 2.05
      vertex 5.29367 143.562 2.05
      vertex 5.52077 143.902 2.05
    endloop
  endfacet
  facet normal 0 0 -1
    outer loop
      vertex 5.11288 140.804 2.05
      vertex 5.29367 143.562 2.05
      vertex 5.29367 140.438 2.05
    endloop
  endfacet
  facet normal 0 0 -1
    outer loop
      vertex 5.11288 140.804 2.05
      vertex 5.11288 143.196 2.05
      vertex 5.29367 143.562 2.05
    endloop
  endfacet
  facet normal 0 0 -1
    outer loop
      vertex 4.98148 141.191 2.05
      vertex 5.11288 143.196 2.05
      vertex 5.11288 140.804 2.05
    endloop
  endfacet
  facet normal 0 0 -1
    outer loop
      vertex 4.98148 141.191 2.05
      vertex 4.98148 142.809 2.05
      vertex 5.11288 143.196 2.05
    endloop
  endfacet
  facet normal 0 0 -1
    outer loop
      vertex 4.90173 141.592 2.05
      vertex 4.98148 142.809 2.05
      vertex 4.98148 141.191 2.05
    endloop
  endfacet
  facet normal 0 0 -1
    outer loop
      vertex 4.90173 141.592 2.05
      vertex 4.90173 142.408 2.05
      vertex 4.98148 142.809 2.05
    endloop
  endfacet
  facet normal 0 -0 -1
    outer loop
      vertex 4.90173 142.408 2.05
      vertex 4.90173 141.592 2.05
      vertex 4.875 142 2.05
    endloop
  endfacet
  facet normal 0.658624 -0.752472 0
    outer loop
      vertex 5.79029 144.21 0
      vertex 6.09762 144.479 2.05
      vertex 5.79029 144.21 2.05
    endloop
  endfacet
  facet normal 0.658624 -0.752472 0
    outer loop
      vertex 6.09762 144.479 2.05
      vertex 5.79029 144.21 0
      vertex 6.09762 144.479 0
    endloop
  endfacet
  facet normal 0.193334 -0.981133 0
    outer loop
      vertex 7.19119 145.019 0
      vertex 7.5921 145.098 2.05
      vertex 7.19119 145.019 2.05
    endloop
  endfacet
  facet normal 0.193334 -0.981133 0
    outer loop
      vertex 7.5921 145.098 2.05
      vertex 7.19119 145.019 0
      vertex 7.5921 145.098 0
    endloop
  endfacet
  facet normal -0.193329 0.981134 0
    outer loop
      vertex 8.80881 138.981 0
      vertex 8.40789 138.902 2.05
      vertex 8.80881 138.981 2.05
    endloop
  endfacet
  facet normal -0.193329 0.981134 0
    outer loop
      vertex 8.40789 138.902 2.05
      vertex 8.80881 138.981 0
      vertex 8.40789 138.902 0
    endloop
  endfacet
  facet normal -0.442698 0.896671 0
    outer loop
      vertex 9.5625 139.294 0
      vertex 9.19589 139.113 2.05
      vertex 9.5625 139.294 2.05
    endloop
  endfacet
  facet normal -0.442698 0.896671 0
    outer loop
      vertex 9.19589 139.113 2.05
      vertex 9.5625 139.294 0
      vertex 9.19589 139.113 0
    endloop
  endfacet
  facet normal -0.658636 0.752461 0
    outer loop
      vertex 10.2097 139.79 0
      vertex 9.90238 139.521 2.05
      vertex 10.2097 139.79 2.05
    endloop
  endfacet
  facet normal -0.658636 0.752461 0
    outer loop
      vertex 9.90238 139.521 2.05
      vertex 10.2097 139.79 0
      vertex 9.90238 139.521 0
    endloop
  endfacet
  facet normal -0.831561 0.555434 0
    outer loop
      vertex 10.4792 140.098 0
      vertex 10.7063 140.438 2.05
      vertex 10.7063 140.438 0
    endloop
  endfacet
  facet normal -0.831561 0.555434 0
    outer loop
      vertex 10.7063 140.438 2.05
      vertex 10.4792 140.098 0
      vertex 10.4792 140.098 2.05
    endloop
  endfacet
  facet normal 0.5554 0.831583 -0
    outer loop
      vertex 6.4375 139.294 0
      vertex 6.09762 139.521 2.05
      vertex 6.4375 139.294 2.05
    endloop
  endfacet
  facet normal 0.5554 0.831583 0
    outer loop
      vertex 6.09762 139.521 2.05
      vertex 6.4375 139.294 0
      vertex 6.09762 139.521 0
    endloop
  endfacet
  facet normal 0.322764 0.94648 -0
    outer loop
      vertex 7.19119 138.981 0
      vertex 6.80411 139.113 2.05
      vertex 7.19119 138.981 2.05
    endloop
  endfacet
  facet normal 0.322764 0.94648 0
    outer loop
      vertex 6.80411 139.113 2.05
      vertex 7.19119 138.981 0
      vertex 6.80411 139.113 0
    endloop
  endfacet
  facet normal 0.0660482 0.997816 -0
    outer loop
      vertex 8 138.875 0
      vertex 7.5921 138.902 2.05
      vertex 8 138.875 2.05
    endloop
  endfacet
  facet normal 0.0660482 0.997816 0
    outer loop
      vertex 7.5921 138.902 2.05
      vertex 8 138.875 0
      vertex 7.5921 138.902 0
    endloop
  endfacet
  facet normal 0.752552 0.658532 0
    outer loop
      vertex 5.79029 139.79 2.05
      vertex 5.52077 140.098 0
      vertex 5.52077 140.098 2.05
    endloop
  endfacet
  facet normal 0.752552 0.658532 0
    outer loop
      vertex 5.52077 140.098 0
      vertex 5.79029 139.79 2.05
      vertex 5.79029 139.79 0
    endloop
  endfacet
  facet normal 0.896582 0.442877 0
    outer loop
      vertex 5.29367 140.438 2.05
      vertex 5.11288 140.804 0
      vertex 5.11288 140.804 2.05
    endloop
  endfacet
  facet normal 0.896582 0.442877 0
    outer loop
      vertex 5.11288 140.804 0
      vertex 5.29367 140.438 2.05
      vertex 5.29367 140.438 0
    endloop
  endfacet
  facet normal 0.980792 0.195058 0
    outer loop
      vertex 4.98148 141.191 2.05
      vertex 4.90173 141.592 0
      vertex 4.90173 141.592 2.05
    endloop
  endfacet
  facet normal 0.980792 0.195058 0
    outer loop
      vertex 4.90173 141.592 0
      vertex 4.98148 141.191 2.05
      vertex 4.98148 141.191 0
    endloop
  endfacet
  facet normal 0.997861 0.0653746 0
    outer loop
      vertex 4.90173 141.592 2.05
      vertex 4.875 142 0
      vertex 4.875 142 2.05
    endloop
  endfacet
  facet normal 0.997861 0.0653746 0
    outer loop
      vertex 4.875 142 0
      vertex 4.90173 141.592 2.05
      vertex 4.90173 141.592 0
    endloop
  endfacet
  facet normal -0.322764 0.94648 0
    outer loop
      vertex 9.19589 139.113 0
      vertex 8.80881 138.981 2.05
      vertex 9.19589 139.113 2.05
    endloop
  endfacet
  facet normal -0.322764 0.94648 0
    outer loop
      vertex 8.80881 138.981 2.05
      vertex 9.19589 139.113 0
      vertex 8.80881 138.981 0
    endloop
  endfacet
  facet normal -0.752577 0.658505 0
    outer loop
      vertex 10.2097 139.79 0
      vertex 10.4792 140.098 2.05
      vertex 10.4792 140.098 0
    endloop
  endfacet
  facet normal -0.752577 0.658505 0
    outer loop
      vertex 10.4792 140.098 2.05
      vertex 10.2097 139.79 0
      vertex 10.2097 139.79 2.05
    endloop
  endfacet
  facet normal -0.980768 0.195175 0
    outer loop
      vertex 11.0185 141.191 0
      vertex 11.0983 141.592 2.05
      vertex 11.0983 141.592 0
    endloop
  endfacet
  facet normal -0.980768 0.195175 0
    outer loop
      vertex 11.0983 141.592 2.05
      vertex 11.0185 141.191 0
      vertex 11.0185 141.191 2.05
    endloop
  endfacet
  facet normal -0.896572 0.442897 0
    outer loop
      vertex 10.7063 140.438 0
      vertex 10.8871 140.804 2.05
      vertex 10.8871 140.804 0
    endloop
  endfacet
  facet normal -0.896572 0.442897 0
    outer loop
      vertex 10.8871 140.804 2.05
      vertex 10.7063 140.438 0
      vertex 10.7063 140.438 2.05
    endloop
  endfacet
  facet normal 0.442698 0.896671 -0
    outer loop
      vertex 6.80411 139.113 0
      vertex 6.4375 139.294 2.05
      vertex 6.80411 139.113 2.05
    endloop
  endfacet
  facet normal 0.442698 0.896671 0
    outer loop
      vertex 6.4375 139.294 2.05
      vertex 6.80411 139.113 0
      vertex 6.4375 139.294 0
    endloop
  endfacet
  facet normal -0.0660498 0.997816 0
    outer loop
      vertex 8.40789 138.902 0
      vertex 8 138.875 2.05
      vertex 8.40789 138.902 2.05
    endloop
  endfacet
  facet normal -0.0660498 0.997816 0
    outer loop
      vertex 8 138.875 2.05
      vertex 8.40789 138.902 0
      vertex 8 138.875 0
    endloop
  endfacet
  facet normal 0.658624 0.752472 -0
    outer loop
      vertex 6.09762 139.521 0
      vertex 5.79029 139.79 2.05
      vertex 6.09762 139.521 2.05
    endloop
  endfacet
  facet normal 0.658624 0.752472 0
    outer loop
      vertex 5.79029 139.79 2.05
      vertex 6.09762 139.521 0
      vertex 5.79029 139.79 0
    endloop
  endfacet
  facet normal 0.946907 0.321508 0
    outer loop
      vertex 5.11288 140.804 2.05
      vertex 4.98148 141.191 0
      vertex 4.98148 141.191 2.05
    endloop
  endfacet
  facet normal 0.946907 0.321508 0
    outer loop
      vertex 4.98148 141.191 0
      vertex 5.11288 140.804 2.05
      vertex 5.11288 140.804 0
    endloop
  endfacet
  facet normal -0.997866 0.0653015 0
    outer loop
      vertex 11.0983 141.592 0
      vertex 11.125 142 2.05
      vertex 11.125 142 0
    endloop
  endfacet
  facet normal -0.997866 0.0653015 0
    outer loop
      vertex 11.125 142 2.05
      vertex 11.0983 141.592 0
      vertex 11.0983 141.592 2.05
    endloop
  endfacet
  facet normal -0.997818 -0.066032 0
    outer loop
      vertex 236.425 142 0
      vertex 236.398 142.408 2.05
      vertex 236.398 142.408 0
    endloop
  endfacet
  facet normal -0.997818 -0.066032 0
    outer loop
      vertex 236.398 142.408 2.05
      vertex 236.425 142 0
      vertex 236.425 142 2.05
    endloop
  endfacet
  facet normal 0.997818 -0.066032 0
    outer loop
      vertex 230.175 142 2.05
      vertex 230.202 142.408 0
      vertex 230.202 142.408 2.05
    endloop
  endfacet
  facet normal 0.997818 -0.066032 0
    outer loop
      vertex 230.202 142.408 0
      vertex 230.175 142 2.05
      vertex 230.175 142 0
    endloop
  endfacet
  facet normal -0.066032 -0.997818 0
    outer loop
      vertex 233.3 145.125 0
      vertex 233.708 145.098 2.05
      vertex 233.3 145.125 2.05
    endloop
  endfacet
  facet normal -0.066032 -0.997818 -0
    outer loop
      vertex 233.708 145.098 2.05
      vertex 233.3 145.125 0
      vertex 233.708 145.098 0
    endloop
  endfacet
  facet normal -0.657812 -0.753182 0
    outer loop
      vertex 235.202 144.479 0
      vertex 235.51 144.21 2.05
      vertex 235.202 144.479 2.05
    endloop
  endfacet
  facet normal -0.657812 -0.753182 -0
    outer loop
      vertex 235.51 144.21 2.05
      vertex 235.202 144.479 0
      vertex 235.51 144.21 0
    endloop
  endfacet
  facet normal 0.657812 -0.753182 0
    outer loop
      vertex 231.09 144.21 0
      vertex 231.398 144.479 2.05
      vertex 231.09 144.21 2.05
    endloop
  endfacet
  facet normal 0.657812 -0.753182 0
    outer loop
      vertex 231.398 144.479 2.05
      vertex 231.09 144.21 0
      vertex 231.398 144.479 0
    endloop
  endfacet
  facet normal 0.322823 -0.946459 0
    outer loop
      vertex 232.104 144.887 0
      vertex 232.491 145.019 2.05
      vertex 232.104 144.887 2.05
    endloop
  endfacet
  facet normal 0.322823 -0.946459 0
    outer loop
      vertex 232.491 145.019 2.05
      vertex 232.104 144.887 0
      vertex 232.491 145.019 0
    endloop
  endfacet
  facet normal -0.896378 -0.443291 0
    outer loop
      vertex 236.187 143.196 0
      vertex 236.006 143.562 2.05
      vertex 236.006 143.562 0
    endloop
  endfacet
  facet normal -0.896378 -0.443291 0
    outer loop
      vertex 236.006 143.562 2.05
      vertex 236.187 143.196 0
      vertex 236.187 143.196 2.05
    endloop
  endfacet
  facet normal -0.831674 -0.555265 0
    outer loop
      vertex 236.006 143.562 0
      vertex 235.779 143.902 2.05
      vertex 235.779 143.902 0
    endloop
  endfacet
  facet normal -0.831674 -0.555265 0
    outer loop
      vertex 235.779 143.902 2.05
      vertex 236.006 143.562 0
      vertex 236.006 143.562 2.05
    endloop
  endfacet
  facet normal -0.442319 -0.896858 0
    outer loop
      vertex 234.496 144.887 0
      vertex 234.863 144.706 2.05
      vertex 234.496 144.887 2.05
    endloop
  endfacet
  facet normal -0.442319 -0.896858 -0
    outer loop
      vertex 234.863 144.706 2.05
      vertex 234.496 144.887 0
      vertex 234.863 144.706 0
    endloop
  endfacet
  facet normal -0.556396 -0.830917 0
    outer loop
      vertex 234.863 144.706 0
      vertex 235.202 144.479 2.05
      vertex 234.863 144.706 2.05
    endloop
  endfacet
  facet normal -0.556396 -0.830917 -0
    outer loop
      vertex 235.202 144.479 2.05
      vertex 234.863 144.706 0
      vertex 235.202 144.479 0
    endloop
  endfacet
  facet normal 0.896378 -0.443291 0
    outer loop
      vertex 230.413 143.196 2.05
      vertex 230.594 143.562 0
      vertex 230.594 143.562 2.05
    endloop
  endfacet
  facet normal 0.896378 -0.443291 0
    outer loop
      vertex 230.594 143.562 0
      vertex 230.413 143.196 2.05
      vertex 230.413 143.196 0
    endloop
  endfacet
  facet normal 0.831674 -0.555265 0
    outer loop
      vertex 230.594 143.562 2.05
      vertex 230.821 143.902 0
      vertex 230.821 143.902 2.05
    endloop
  endfacet
  facet normal 0.831674 -0.555265 0
    outer loop
      vertex 230.821 143.902 0
      vertex 230.594 143.562 2.05
      vertex 230.594 143.562 0
    endloop
  endfacet
  facet normal 0.981141 -0.193292 0
    outer loop
      vertex 230.202 142.408 2.05
      vertex 230.281 142.809 0
      vertex 230.281 142.809 2.05
    endloop
  endfacet
  facet normal 0.981141 -0.193292 0
    outer loop
      vertex 230.281 142.809 0
      vertex 230.202 142.408 2.05
      vertex 230.202 142.408 0
    endloop
  endfacet
  facet normal 0.443291 -0.896378 0
    outer loop
      vertex 231.738 144.706 0
      vertex 232.104 144.887 2.05
      vertex 231.738 144.706 2.05
    endloop
  endfacet
  facet normal 0.443291 -0.896378 0
    outer loop
      vertex 232.104 144.887 2.05
      vertex 231.738 144.706 0
      vertex 232.104 144.887 0
    endloop
  endfacet
  facet normal 0.066032 -0.997818 0
    outer loop
      vertex 232.892 145.098 0
      vertex 233.3 145.125 2.05
      vertex 232.892 145.098 2.05
    endloop
  endfacet
  facet normal 0.066032 -0.997818 0
    outer loop
      vertex 233.3 145.125 2.05
      vertex 232.892 145.098 0
      vertex 233.3 145.125 0
    endloop
  endfacet
  facet normal -0.831674 0.555265 0
    outer loop
      vertex 235.779 140.098 0
      vertex 236.006 140.438 2.05
      vertex 236.006 140.438 0
    endloop
  endfacet
  facet normal -0.831674 0.555265 0
    outer loop
      vertex 236.006 140.438 2.05
      vertex 235.779 140.098 0
      vertex 235.779 140.098 2.05
    endloop
  endfacet
  facet normal 0.193292 0.981141 -0
    outer loop
      vertex 232.892 138.902 0
      vertex 232.491 138.981 2.05
      vertex 232.892 138.902 2.05
    endloop
  endfacet
  facet normal 0.193292 0.981141 0
    outer loop
      vertex 232.491 138.981 2.05
      vertex 232.892 138.902 0
      vertex 232.491 138.981 0
    endloop
  endfacet
  facet normal -0.193292 0.981141 0
    outer loop
      vertex 234.109 138.981 0
      vertex 233.708 138.902 2.05
      vertex 234.109 138.981 2.05
    endloop
  endfacet
  facet normal -0.193292 0.981141 0
    outer loop
      vertex 233.708 138.902 2.05
      vertex 234.109 138.981 0
      vertex 233.708 138.902 0
    endloop
  endfacet
  facet normal -0.946459 -0.322823 0
    outer loop
      vertex 236.319 142.809 0
      vertex 236.187 143.196 2.05
      vertex 236.187 143.196 0
    endloop
  endfacet
  facet normal -0.946459 -0.322823 0
    outer loop
      vertex 236.187 143.196 2.05
      vertex 236.319 142.809 0
      vertex 236.319 142.809 2.05
    endloop
  endfacet
  facet normal -0.981141 -0.193292 0
    outer loop
      vertex 236.398 142.408 0
      vertex 236.319 142.809 2.05
      vertex 236.319 142.809 0
    endloop
  endfacet
  facet normal -0.981141 -0.193292 0
    outer loop
      vertex 236.319 142.809 2.05
      vertex 236.398 142.408 0
      vertex 236.398 142.408 2.05
    endloop
  endfacet
  facet normal -0.753182 -0.657812 0
    outer loop
      vertex 235.779 143.902 0
      vertex 235.51 144.21 2.05
      vertex 235.51 144.21 0
    endloop
  endfacet
  facet normal -0.753182 -0.657812 0
    outer loop
      vertex 235.51 144.21 2.05
      vertex 235.779 143.902 0
      vertex 235.779 143.902 2.05
    endloop
  endfacet
  facet normal -0.322823 -0.946459 0
    outer loop
      vertex 234.109 145.019 0
      vertex 234.496 144.887 2.05
      vertex 234.109 145.019 2.05
    endloop
  endfacet
  facet normal -0.322823 -0.946459 -0
    outer loop
      vertex 234.496 144.887 2.05
      vertex 234.109 145.019 0
      vertex 234.496 144.887 0
    endloop
  endfacet
  facet normal -0.193292 -0.981141 0
    outer loop
      vertex 233.708 145.098 0
      vertex 234.109 145.019 2.05
      vertex 233.708 145.098 2.05
    endloop
  endfacet
  facet normal -0.193292 -0.981141 -0
    outer loop
      vertex 234.109 145.019 2.05
      vertex 233.708 145.098 0
      vertex 234.109 145.019 0
    endloop
  endfacet
  facet normal 0.753182 -0.657812 0
    outer loop
      vertex 230.821 143.902 2.05
      vertex 231.09 144.21 0
      vertex 231.09 144.21 2.05
    endloop
  endfacet
  facet normal 0.753182 -0.657812 0
    outer loop
      vertex 231.09 144.21 0
      vertex 230.821 143.902 2.05
      vertex 230.821 143.902 0
    endloop
  endfacet
  facet normal 0.946459 -0.322823 0
    outer loop
      vertex 230.281 142.809 2.05
      vertex 230.413 143.196 0
      vertex 230.413 143.196 2.05
    endloop
  endfacet
  facet normal 0.946459 -0.322823 0
    outer loop
      vertex 230.413 143.196 0
      vertex 230.281 142.809 2.05
      vertex 230.281 142.809 0
    endloop
  endfacet
  facet normal 0 0 -1
    outer loop
      vertex 236.398 141.592 2.05
      vertex 236.398 142.408 2.05
      vertex 236.425 142 2.05
    endloop
  endfacet
  facet normal 0 0 -1
    outer loop
      vertex 236.319 141.191 2.05
      vertex 236.398 142.408 2.05
      vertex 236.398 141.592 2.05
    endloop
  endfacet
  facet normal 0 0 -1
    outer loop
      vertex 236.319 141.191 2.05
      vertex 236.319 142.809 2.05
      vertex 236.398 142.408 2.05
    endloop
  endfacet
  facet normal 0 0 -1
    outer loop
      vertex 236.187 140.804 2.05
      vertex 236.319 142.809 2.05
      vertex 236.319 141.191 2.05
    endloop
  endfacet
  facet normal 0 0 -1
    outer loop
      vertex 236.187 140.804 2.05
      vertex 236.187 143.196 2.05
      vertex 236.319 142.809 2.05
    endloop
  endfacet
  facet normal 0 0 -1
    outer loop
      vertex 236.006 140.438 2.05
      vertex 236.187 143.196 2.05
      vertex 236.187 140.804 2.05
    endloop
  endfacet
  facet normal 0 0 -1
    outer loop
      vertex 236.006 140.438 2.05
      vertex 236.006 143.562 2.05
      vertex 236.187 143.196 2.05
    endloop
  endfacet
  facet normal 0 0 -1
    outer loop
      vertex 235.779 140.098 2.05
      vertex 236.006 143.562 2.05
      vertex 236.006 140.438 2.05
    endloop
  endfacet
  facet normal 0 0 -1
    outer loop
      vertex 235.779 140.098 2.05
      vertex 235.779 143.902 2.05
      vertex 236.006 143.562 2.05
    endloop
  endfacet
  facet normal 0 0 -1
    outer loop
      vertex 235.51 139.79 2.05
      vertex 235.779 143.902 2.05
      vertex 235.779 140.098 2.05
    endloop
  endfacet
  facet normal 0 0 -1
    outer loop
      vertex 235.51 139.79 2.05
      vertex 235.51 144.21 2.05
      vertex 235.779 143.902 2.05
    endloop
  endfacet
  facet normal 0 0 -1
    outer loop
      vertex 235.202 139.521 2.05
      vertex 235.51 144.21 2.05
      vertex 235.51 139.79 2.05
    endloop
  endfacet
  facet normal 0 0 -1
    outer loop
      vertex 235.202 139.521 2.05
      vertex 235.202 144.479 2.05
      vertex 235.51 144.21 2.05
    endloop
  endfacet
  facet normal 0 0 -1
    outer loop
      vertex 234.863 139.294 2.05
      vertex 235.202 144.479 2.05
      vertex 235.202 139.521 2.05
    endloop
  endfacet
  facet normal 0 0 -1
    outer loop
      vertex 234.863 139.294 2.05
      vertex 234.863 144.706 2.05
      vertex 235.202 144.479 2.05
    endloop
  endfacet
  facet normal 0 0 -1
    outer loop
      vertex 234.496 139.113 2.05
      vertex 234.863 144.706 2.05
      vertex 234.863 139.294 2.05
    endloop
  endfacet
  facet normal 0 0 -1
    outer loop
      vertex 234.496 139.113 2.05
      vertex 234.496 144.887 2.05
      vertex 234.863 144.706 2.05
    endloop
  endfacet
  facet normal 0 0 -1
    outer loop
      vertex 234.109 138.981 2.05
      vertex 234.496 144.887 2.05
      vertex 234.496 139.113 2.05
    endloop
  endfacet
  facet normal 0 0 -1
    outer loop
      vertex 234.109 138.981 2.05
      vertex 234.109 145.019 2.05
      vertex 234.496 144.887 2.05
    endloop
  endfacet
  facet normal 0 0 -1
    outer loop
      vertex 233.708 138.902 2.05
      vertex 234.109 145.019 2.05
      vertex 234.109 138.981 2.05
    endloop
  endfacet
  facet normal 0 0 -1
    outer loop
      vertex 233.708 138.902 2.05
      vertex 233.708 145.098 2.05
      vertex 234.109 145.019 2.05
    endloop
  endfacet
  facet normal 0 0 -1
    outer loop
      vertex 233.3 138.875 2.05
      vertex 233.708 145.098 2.05
      vertex 233.708 138.902 2.05
    endloop
  endfacet
  facet normal 0 0 -1
    outer loop
      vertex 233.3 138.875 2.05
      vertex 233.3 145.125 2.05
      vertex 233.708 145.098 2.05
    endloop
  endfacet
  facet normal 0 0 -1
    outer loop
      vertex 232.892 138.902 2.05
      vertex 233.3 145.125 2.05
      vertex 233.3 138.875 2.05
    endloop
  endfacet
  facet normal 0 0 -1
    outer loop
      vertex 232.892 138.902 2.05
      vertex 232.892 145.098 2.05
      vertex 233.3 145.125 2.05
    endloop
  endfacet
  facet normal 0 0 -1
    outer loop
      vertex 232.491 138.981 2.05
      vertex 232.892 145.098 2.05
      vertex 232.892 138.902 2.05
    endloop
  endfacet
  facet normal 0 0 -1
    outer loop
      vertex 232.491 138.981 2.05
      vertex 232.491 145.019 2.05
      vertex 232.892 145.098 2.05
    endloop
  endfacet
  facet normal 0 0 -1
    outer loop
      vertex 232.104 139.113 2.05
      vertex 232.491 145.019 2.05
      vertex 232.491 138.981 2.05
    endloop
  endfacet
  facet normal 0 0 -1
    outer loop
      vertex 232.104 139.113 2.05
      vertex 232.104 144.887 2.05
      vertex 232.491 145.019 2.05
    endloop
  endfacet
  facet normal 0 0 -1
    outer loop
      vertex 231.738 139.294 2.05
      vertex 232.104 144.887 2.05
      vertex 232.104 139.113 2.05
    endloop
  endfacet
  facet normal 0 0 -1
    outer loop
      vertex 231.738 139.294 2.05
      vertex 231.738 144.706 2.05
      vertex 232.104 144.887 2.05
    endloop
  endfacet
  facet normal 0 0 -1
    outer loop
      vertex 231.398 139.521 2.05
      vertex 231.738 144.706 2.05
      vertex 231.738 139.294 2.05
    endloop
  endfacet
  facet normal 0 0 -1
    outer loop
      vertex 231.398 139.521 2.05
      vertex 231.398 144.479 2.05
      vertex 231.738 144.706 2.05
    endloop
  endfacet
  facet normal 0 0 -1
    outer loop
      vertex 231.09 139.79 2.05
      vertex 231.398 144.479 2.05
      vertex 231.398 139.521 2.05
    endloop
  endfacet
  facet normal 0 0 -1
    outer loop
      vertex 231.09 139.79 2.05
      vertex 231.09 144.21 2.05
      vertex 231.398 144.479 2.05
    endloop
  endfacet
  facet normal 0 0 -1
    outer loop
      vertex 230.821 140.098 2.05
      vertex 231.09 144.21 2.05
      vertex 231.09 139.79 2.05
    endloop
  endfacet
  facet normal 0 0 -1
    outer loop
      vertex 230.821 140.098 2.05
      vertex 230.821 143.902 2.05
      vertex 231.09 144.21 2.05
    endloop
  endfacet
  facet normal 0 0 -1
    outer loop
      vertex 230.594 140.438 2.05
      vertex 230.821 143.902 2.05
      vertex 230.821 140.098 2.05
    endloop
  endfacet
  facet normal 0 0 -1
    outer loop
      vertex 230.594 140.438 2.05
      vertex 230.594 143.562 2.05
      vertex 230.821 143.902 2.05
    endloop
  endfacet
  facet normal 0 0 -1
    outer loop
      vertex 230.413 140.804 2.05
      vertex 230.594 143.562 2.05
      vertex 230.594 140.438 2.05
    endloop
  endfacet
  facet normal 0 0 -1
    outer loop
      vertex 230.413 140.804 2.05
      vertex 230.413 143.196 2.05
      vertex 230.594 143.562 2.05
    endloop
  endfacet
  facet normal 0 0 -1
    outer loop
      vertex 230.281 141.191 2.05
      vertex 230.413 143.196 2.05
      vertex 230.413 140.804 2.05
    endloop
  endfacet
  facet normal 0 0 -1
    outer loop
      vertex 230.281 141.191 2.05
      vertex 230.281 142.809 2.05
      vertex 230.413 143.196 2.05
    endloop
  endfacet
  facet normal 0 0 -1
    outer loop
      vertex 230.202 141.592 2.05
      vertex 230.281 142.809 2.05
      vertex 230.281 141.191 2.05
    endloop
  endfacet
  facet normal 0 0 -1
    outer loop
      vertex 230.202 141.592 2.05
      vertex 230.202 142.408 2.05
      vertex 230.281 142.809 2.05
    endloop
  endfacet
  facet normal 0 -0 -1
    outer loop
      vertex 230.202 142.408 2.05
      vertex 230.202 141.592 2.05
      vertex 230.175 142 2.05
    endloop
  endfacet
  facet normal 0.555265 -0.831674 0
    outer loop
      vertex 231.398 144.479 0
      vertex 231.738 144.706 2.05
      vertex 231.398 144.479 2.05
    endloop
  endfacet
  facet normal 0.555265 -0.831674 0
    outer loop
      vertex 231.738 144.706 2.05
      vertex 231.398 144.479 0
      vertex 231.738 144.706 0
    endloop
  endfacet
  facet normal 0.193292 -0.981141 0
    outer loop
      vertex 232.491 145.019 0
      vertex 232.892 145.098 2.05
      vertex 232.491 145.019 2.05
    endloop
  endfacet
  facet normal 0.193292 -0.981141 0
    outer loop
      vertex 232.892 145.098 2.05
      vertex 232.491 145.019 0
      vertex 232.892 145.098 0
    endloop
  endfacet
  facet normal -0.556396 0.830917 0
    outer loop
      vertex 235.202 139.521 0
      vertex 234.863 139.294 2.05
      vertex 235.202 139.521 2.05
    endloop
  endfacet
  facet normal -0.556396 0.830917 0
    outer loop
      vertex 234.863 139.294 2.05
      vertex 235.202 139.521 0
      vertex 234.863 139.294 0
    endloop
  endfacet
  facet normal -0.946459 0.322823 0
    outer loop
      vertex 236.187 140.804 0
      vertex 236.319 141.191 2.05
      vertex 236.319 141.191 0
    endloop
  endfacet
  facet normal -0.946459 0.322823 0
    outer loop
      vertex 236.319 141.191 2.05
      vertex 236.187 140.804 0
      vertex 236.187 140.804 2.05
    endloop
  endfacet
  facet normal -0.896378 0.443291 0
    outer loop
      vertex 236.006 140.438 0
      vertex 236.187 140.804 2.05
      vertex 236.187 140.804 0
    endloop
  endfacet
  facet normal -0.896378 0.443291 0
    outer loop
      vertex 236.187 140.804 2.05
      vertex 236.006 140.438 0
      vertex 236.006 140.438 2.05
    endloop
  endfacet
  facet normal -0.981141 0.193292 0
    outer loop
      vertex 236.319 141.191 0
      vertex 236.398 141.592 2.05
      vertex 236.398 141.592 0
    endloop
  endfacet
  facet normal -0.981141 0.193292 0
    outer loop
      vertex 236.398 141.592 2.05
      vertex 236.319 141.191 0
      vertex 236.319 141.191 2.05
    endloop
  endfacet
  facet normal 0.066032 0.997818 -0
    outer loop
      vertex 233.3 138.875 0
      vertex 232.892 138.902 2.05
      vertex 233.3 138.875 2.05
    endloop
  endfacet
  facet normal 0.066032 0.997818 0
    outer loop
      vertex 232.892 138.902 2.05
      vertex 233.3 138.875 0
      vertex 232.892 138.902 0
    endloop
  endfacet
  facet normal 0.997818 0.066032 0
    outer loop
      vertex 230.202 141.592 2.05
      vertex 230.175 142 0
      vertex 230.175 142 2.05
    endloop
  endfacet
  facet normal 0.997818 0.066032 0
    outer loop
      vertex 230.175 142 0
      vertex 230.202 141.592 2.05
      vertex 230.202 141.592 0
    endloop
  endfacet
  facet normal 0.946459 0.322823 0
    outer loop
      vertex 230.413 140.804 2.05
      vertex 230.281 141.191 0
      vertex 230.281 141.191 2.05
    endloop
  endfacet
  facet normal 0.946459 0.322823 0
    outer loop
      vertex 230.281 141.191 0
      vertex 230.413 140.804 2.05
      vertex 230.413 140.804 0
    endloop
  endfacet
  facet normal -0.442319 0.896858 0
    outer loop
      vertex 234.863 139.294 0
      vertex 234.496 139.113 2.05
      vertex 234.863 139.294 2.05
    endloop
  endfacet
  facet normal -0.442319 0.896858 0
    outer loop
      vertex 234.496 139.113 2.05
      vertex 234.863 139.294 0
      vertex 234.496 139.113 0
    endloop
  endfacet
  facet normal -0.322823 0.946459 0
    outer loop
      vertex 234.496 139.113 0
      vertex 234.109 138.981 2.05
      vertex 234.496 139.113 2.05
    endloop
  endfacet
  facet normal -0.322823 0.946459 0
    outer loop
      vertex 234.109 138.981 2.05
      vertex 234.496 139.113 0
      vertex 234.109 138.981 0
    endloop
  endfacet
  facet normal -0.997818 0.066032 0
    outer loop
      vertex 236.398 141.592 0
      vertex 236.425 142 2.05
      vertex 236.425 142 0
    endloop
  endfacet
  facet normal -0.997818 0.066032 0
    outer loop
      vertex 236.425 142 2.05
      vertex 236.398 141.592 0
      vertex 236.398 141.592 2.05
    endloop
  endfacet
  facet normal 0.322823 0.946459 -0
    outer loop
      vertex 232.491 138.981 0
      vertex 232.104 139.113 2.05
      vertex 232.491 138.981 2.05
    endloop
  endfacet
  facet normal 0.322823 0.946459 0
    outer loop
      vertex 232.104 139.113 2.05
      vertex 232.491 138.981 0
      vertex 232.104 139.113 0
    endloop
  endfacet
  facet normal 0.753182 0.657812 0
    outer loop
      vertex 231.09 139.79 2.05
      vertex 230.821 140.098 0
      vertex 230.821 140.098 2.05
    endloop
  endfacet
  facet normal 0.753182 0.657812 0
    outer loop
      vertex 230.821 140.098 0
      vertex 231.09 139.79 2.05
      vertex 231.09 139.79 0
    endloop
  endfacet
  facet normal 0.981141 0.193292 0
    outer loop
      vertex 230.281 141.191 2.05
      vertex 230.202 141.592 0
      vertex 230.202 141.592 2.05
    endloop
  endfacet
  facet normal 0.981141 0.193292 0
    outer loop
      vertex 230.202 141.592 0
      vertex 230.281 141.191 2.05
      vertex 230.281 141.191 0
    endloop
  endfacet
  facet normal -0.657812 0.753182 0
    outer loop
      vertex 235.51 139.79 0
      vertex 235.202 139.521 2.05
      vertex 235.51 139.79 2.05
    endloop
  endfacet
  facet normal -0.657812 0.753182 0
    outer loop
      vertex 235.202 139.521 2.05
      vertex 235.51 139.79 0
      vertex 235.202 139.521 0
    endloop
  endfacet
  facet normal -0.066032 0.997818 0
    outer loop
      vertex 233.708 138.902 0
      vertex 233.3 138.875 2.05
      vertex 233.708 138.902 2.05
    endloop
  endfacet
  facet normal -0.066032 0.997818 0
    outer loop
      vertex 233.3 138.875 2.05
      vertex 233.708 138.902 0
      vertex 233.3 138.875 0
    endloop
  endfacet
  facet normal 0.443291 0.896378 -0
    outer loop
      vertex 232.104 139.113 0
      vertex 231.738 139.294 2.05
      vertex 232.104 139.113 2.05
    endloop
  endfacet
  facet normal 0.443291 0.896378 0
    outer loop
      vertex 231.738 139.294 2.05
      vertex 232.104 139.113 0
      vertex 231.738 139.294 0
    endloop
  endfacet
  facet normal 0.657812 0.753182 -0
    outer loop
      vertex 231.398 139.521 0
      vertex 231.09 139.79 2.05
      vertex 231.398 139.521 2.05
    endloop
  endfacet
  facet normal 0.657812 0.753182 0
    outer loop
      vertex 231.09 139.79 2.05
      vertex 231.398 139.521 0
      vertex 231.09 139.79 0
    endloop
  endfacet
  facet normal 0.896378 0.443291 0
    outer loop
      vertex 230.594 140.438 2.05
      vertex 230.413 140.804 0
      vertex 230.413 140.804 2.05
    endloop
  endfacet
  facet normal 0.896378 0.443291 0
    outer loop
      vertex 230.413 140.804 0
      vertex 230.594 140.438 2.05
      vertex 230.594 140.438 0
    endloop
  endfacet
  facet normal -0.753182 0.657812 0
    outer loop
      vertex 235.51 139.79 0
      vertex 235.779 140.098 2.05
      vertex 235.779 140.098 0
    endloop
  endfacet
  facet normal -0.753182 0.657812 0
    outer loop
      vertex 235.779 140.098 2.05
      vertex 235.51 139.79 0
      vertex 235.51 139.79 2.05
    endloop
  endfacet
  facet normal 0.555265 0.831674 -0
    outer loop
      vertex 231.738 139.294 0
      vertex 231.398 139.521 2.05
      vertex 231.738 139.294 2.05
    endloop
  endfacet
  facet normal 0.555265 0.831674 0
    outer loop
      vertex 231.398 139.521 2.05
      vertex 231.738 139.294 0
      vertex 231.398 139.521 0
    endloop
  endfacet
  facet normal 0.831674 0.555265 0
    outer loop
      vertex 230.821 140.098 2.05
      vertex 230.594 140.438 0
      vertex 230.594 140.438 2.05
    endloop
  endfacet
  facet normal 0.831674 0.555265 0
    outer loop
      vertex 230.594 140.438 0
      vertex 230.821 140.098 2.05
      vertex 230.821 140.098 0
    endloop
  endfacet
  facet normal -0.707107 -0.707107 0
    outer loop
      vertex 1.5 0 0
      vertex 0 1.5 4
      vertex 0 1.5 0
    endloop
  endfacet
  facet normal -0.707107 -0.707107 0
    outer loop
      vertex 0 1.5 4
      vertex 1.5 0 0
      vertex 1.5 0 4
    endloop
  endfacet
  facet normal -0.707107 0.707107 0
    outer loop
      vertex 0 148.5 0
      vertex 1.5 150 4
      vertex 1.5 150 0
    endloop
  endfacet
  facet normal -0.707107 0.707107 0
    outer loop
      vertex 1.5 150 4
      vertex 0 148.5 0
      vertex 0 148.5 4
    endloop
  endfacet
  facet normal 0.707107 -0.707107 0
    outer loop
      vertex 239.8 0 4
      vertex 241.3 1.5 0
      vertex 241.3 1.5 4
    endloop
  endfacet
  facet normal 0.707107 -0.707107 0
    outer loop
      vertex 241.3 1.5 0
      vertex 239.8 0 4
      vertex 239.8 0 0
    endloop
  endfacet
  facet normal 0.707107 0.707107 0
    outer loop
      vertex 241.3 148.5 4
      vertex 239.8 150 0
      vertex 239.8 150 4
    endloop
  endfacet
  facet normal 0.707107 0.707107 0
    outer loop
      vertex 239.8 150 0
      vertex 241.3 148.5 4
      vertex 241.3 148.5 0
    endloop
  endfacet
endsolid OpenSCAD_Model
