solid OpenSCAD_Model
  facet normal 0.995932 -0.0651594 0.0622457
    outer loop
      vertex 9.3 22 8
      vertex 9.48627 21.9812 5
      vertex 9.4875 22 5
    endloop
  endfacet
  facet normal 0.995923 -0.065289 0.062246
    outer loop
      vertex 9.48627 21.9812 5
      vertex 9.3 22 8
      vertex 9.28032 21.6998 8
    endloop
  endfacet
  facet normal -0.995924 0.0652771 0.0622452
    outer loop
      vertex 4.53255 22.3059 5
      vertex 4.5125 22 5
      vertex 4.7 22 8
    endloop
  endfacet
  facet normal -0.065435 -0.995914 0.0622446
    outer loop
      vertex 7 19.7 8
      vertex 6.69408 19.5326 5
      vertex 7 19.5125 5
    endloop
  endfacet
  facet normal 0.995924 0.0652771 0.0622472
    outer loop
      vertex 9.46622 22.3247 5
      vertex 9.28032 22.3002 8
      vertex 9.48627 22.0188 5
    endloop
  endfacet
  facet normal 0.0653529 0.995918 0.0622552
    outer loop
      vertex 7.01876 24.4863 5
      vertex 7 24.3 8
      vertex 7.30021 24.2803 8
    endloop
  endfacet
  facet normal 0.0637116 0.996025 0.0622516
    outer loop
      vertex 7 24.3 8
      vertex 7.01876 24.4863 5
      vertex 7 24.4875 5
    endloop
  endfacet
  facet normal -0.995923 -0.065289 0.0622464
    outer loop
      vertex 4.53255 21.6941 5
      vertex 4.71968 21.6998 8
      vertex 4.7 22 8
    endloop
  endfacet
  facet normal -0.995932 -0.0651593 0.0622467
    outer loop
      vertex 4.71968 21.6998 8
      vertex 4.53255 21.6941 5
      vertex 4.53378 21.6753 5
    endloop
  endfacet
  facet normal 0.945088 0.320835 0.0622405
    outer loop
      vertex 9.29815 22.9519 5
      vertex 9.12492 22.8802 8
      vertex 9.3967 22.6616 5
    endloop
  endfacet
  facet normal -0.658119 0.750336 0.0622488
    outer loop
      vertex 5.25521 23.7713 5
      vertex 5.37365 23.6263 8
      vertex 5.59985 23.8247 8
    endloop
  endfacet
  facet normal -0.658054 0.750393 0.062249
    outer loop
      vertex 5.37365 23.6263 8
      vertex 5.25521 23.7713 5
      vertex 5.24107 23.7589 5
    endloop
  endfacet
  facet normal -0.978781 -0.195224 0.0622461
    outer loop
      vertex 4.53745 21.6569 5
      vertex 4.71968 21.6998 8
      vertex 4.53378 21.6753 5
    endloop
  endfacet
  facet normal -0.978889 -0.194683 0.062245
    outer loop
      vertex 4.71968 21.6998 8
      vertex 4.53745 21.6569 5
      vertex 4.77837 21.4047 8
    endloop
  endfacet
  facet normal 0.658136 -0.750321 0.0622509
    outer loop
      vertex 8.74479 20.2287 5
      vertex 8.62634 20.3737 8
      vertex 8.40015 20.1753 8
    endloop
  endfacet
  facet normal 0.658054 -0.750393 0.0622512
    outer loop
      vertex 8.62634 20.3737 8
      vertex 8.74479 20.2287 5
      vertex 8.75893 20.2411 5
    endloop
  endfacet
  facet normal 0.995924 -0.0652771 0.0622472
    outer loop
      vertex 9.48627 21.9812 5
      vertex 9.28032 21.6998 8
      vertex 9.46622 21.6753 5
    endloop
  endfacet
  facet normal 0.749468 0.659107 0.0622565
    outer loop
      vertex 8.62634 23.6263 8
      vertex 8.77133 23.7448 5
      vertex 8.75893 23.7589 5
    endloop
  endfacet
  facet normal 0.75024 0.658227 0.0622591
    outer loop
      vertex 8.77133 23.7448 5
      vertex 8.62634 23.6263 8
      vertex 8.82471 23.4002 8
    endloop
  endfacet
  facet normal 0.978885 0.194703 0.062243
    outer loop
      vertex 9.40274 22.6438 5
      vertex 9.22163 22.5953 8
      vertex 9.46255 22.3431 5
    endloop
  endfacet
  facet normal -0.750387 0.658062 0.0622375
    outer loop
      vertex 5.22867 23.7448 5
      vertex 5.02653 23.5143 5
      vertex 5.17529 23.4002 8
    endloop
  endfacet
  facet normal -0.750257 -0.658209 0.0622567
    outer loop
      vertex 5.22867 20.2552 5
      vertex 5.37365 20.3737 8
      vertex 5.17529 20.5998 8
    endloop
  endfacet
  facet normal -0.749468 -0.659107 0.062254
    outer loop
      vertex 5.37365 20.3737 8
      vertex 5.22867 20.2552 5
      vertex 5.24107 20.2411 5
    endloop
  endfacet
  facet normal -0.995924 -0.0652771 0.0622452
    outer loop
      vertex 4.7 22 8
      vertex 4.5125 22 5
      vertex 4.53255 21.6941 5
    endloop
  endfacet
  facet normal 0.065353 -0.995919 0.0622366
    outer loop
      vertex 7.30592 19.5326 5
      vertex 7.30021 19.7197 8
      vertex 7 19.7 8
    endloop
  endfacet
  facet normal 0.0637117 -0.996026 0.0622401
    outer loop
      vertex 7.30021 19.7197 8
      vertex 7.30592 19.5326 5
      vertex 7.32468 19.5338 5
    endloop
  endfacet
  facet normal 0.065435 -0.995914 0.0622446
    outer loop
      vertex 7.30592 19.5326 5
      vertex 7 19.7 8
      vertex 7 19.5125 5
    endloop
  endfacet
  facet normal 0.191139 -0.979586 0.0622608
    outer loop
      vertex 7.34313 19.5374 5
      vertex 7.30021 19.7197 8
      vertex 7.32468 19.5338 5
    endloop
  endfacet
  facet normal 0.194734 -0.978878 0.0622691
    outer loop
      vertex 7.30021 19.7197 8
      vertex 7.34313 19.5374 5
      vertex 7.59528 19.7784 8
    endloop
  endfacet
  facet normal 0.945088 -0.320835 0.0622405
    outer loop
      vertex 9.3967 21.3384 5
      vertex 9.12492 21.1198 8
      vertex 9.29815 21.0481 5
    endloop
  endfacet
  facet normal 0.829901 -0.554428 0.0622438
    outer loop
      vertex 8.82471 20.5998 8
      vertex 8.98391 20.5013 5
      vertex 8.99186 20.85 8
    endloop
  endfacet
  facet normal 0.829454 -0.555096 0.062242
    outer loop
      vertex 8.98391 20.5013 5
      vertex 8.82471 20.5998 8
      vertex 8.97347 20.4857 5
    endloop
  endfacet
  facet normal 0.978781 -0.195224 0.0622461
    outer loop
      vertex 9.28032 21.6998 8
      vertex 9.46255 21.6569 5
      vertex 9.46622 21.6753 5
    endloop
  endfacet
  facet normal 0.978889 -0.194683 0.062245
    outer loop
      vertex 9.46255 21.6569 5
      vertex 9.28032 21.6998 8
      vertex 9.22163 21.4047 8
    endloop
  endfacet
  facet normal 0.995923 0.065289 0.062246
    outer loop
      vertex 9.3 22 8
      vertex 9.48627 22.0188 5
      vertex 9.28032 22.3002 8
    endloop
  endfacet
  facet normal 0.995932 0.0651594 0.0622457
    outer loop
      vertex 9.48627 22.0188 5
      vertex 9.3 22 8
      vertex 9.4875 22 5
    endloop
  endfacet
  facet normal 0.945095 0.320815 0.0622426
    outer loop
      vertex 9.22163 22.5953 8
      vertex 9.3967 22.6616 5
      vertex 9.12492 22.8802 8
    endloop
  endfacet
  facet normal 0.945131 0.320707 0.0622423
    outer loop
      vertex 9.3967 22.6616 5
      vertex 9.22163 22.5953 8
      vertex 9.40274 22.6438 5
    endloop
  endfacet
  facet normal 0.895153 0.441392 0.0622384
    outer loop
      vertex 9.16255 23.2269 5
      vertex 9.12492 22.8802 8
      vertex 9.29815 22.9519 5
    endloop
  endfacet
  facet normal 0.445075 0.893328 0.0622376
    outer loop
      vertex 8.22689 24.1626 5
      vertex 8.15 23.9919 8
      vertex 8.24375 24.1542 5
    endloop
  endfacet
  facet normal 0.441256 0.89522 0.0622474
    outer loop
      vertex 8.15 23.9919 8
      vertex 8.22689 24.1626 5
      vertex 7.88017 24.1249 8
    endloop
  endfacet
  facet normal 0.065435 0.995913 0.0622472
    outer loop
      vertex 7.32468 24.4662 5
      vertex 7.01876 24.4863 5
      vertex 7.30021 24.2803 8
    endloop
  endfacet
  facet normal 0.441169 0.895263 0.0622378
    outer loop
      vertex 7.95192 24.2981 5
      vertex 7.88017 24.1249 8
      vertex 8.22689 24.1626 5
    endloop
  endfacet
  facet normal 0.55462 0.829773 0.0622356
    outer loop
      vertex 8.25938 24.1438 5
      vertex 8.15 23.9919 8
      vertex 8.40015 23.8247 8
    endloop
  endfacet
  facet normal 0.552889 0.830928 0.062231
    outer loop
      vertex 8.15 23.9919 8
      vertex 8.25938 24.1438 5
      vertex 8.24375 24.1542 5
    endloop
  endfacet
  facet normal 0.658054 0.750393 0.0622512
    outer loop
      vertex 8.74479 23.7713 5
      vertex 8.62634 23.6263 8
      vertex 8.75893 23.7589 5
    endloop
  endfacet
  facet normal 0.658136 0.750321 0.0622509
    outer loop
      vertex 8.62634 23.6263 8
      vertex 8.74479 23.7713 5
      vertex 8.40015 23.8247 8
    endloop
  endfacet
  facet normal -0.895166 0.441366 0.0622385
    outer loop
      vertex 4.83744 23.2269 5
      vertex 4.70185 22.9519 5
      vertex 4.87508 22.8802 8
    endloop
  endfacet
  facet normal 0 0 1
    outer loop
      vertex 9.28032 22.3002 8
      vertex 9.28032 21.6998 8
      vertex 9.3 22 8
    endloop
  endfacet
  facet normal 0 0 1
    outer loop
      vertex 9.22163 22.5953 8
      vertex 9.28032 21.6998 8
      vertex 9.28032 22.3002 8
    endloop
  endfacet
  facet normal 0 0 1
    outer loop
      vertex 9.22163 22.5953 8
      vertex 9.22163 21.4047 8
      vertex 9.28032 21.6998 8
    endloop
  endfacet
  facet normal 0 0 1
    outer loop
      vertex 9.12492 22.8802 8
      vertex 9.22163 21.4047 8
      vertex 9.22163 22.5953 8
    endloop
  endfacet
  facet normal 0 0 1
    outer loop
      vertex 9.12492 22.8802 8
      vertex 9.12492 21.1198 8
      vertex 9.22163 21.4047 8
    endloop
  endfacet
  facet normal 0 0 1
    outer loop
      vertex 8.99186 23.15 8
      vertex 9.12492 21.1198 8
      vertex 9.12492 22.8802 8
    endloop
  endfacet
  facet normal 0 0 1
    outer loop
      vertex 8.99186 23.15 8
      vertex 8.99186 20.85 8
      vertex 9.12492 21.1198 8
    endloop
  endfacet
  facet normal 0 0 1
    outer loop
      vertex 8.82471 23.4002 8
      vertex 8.99186 20.85 8
      vertex 8.99186 23.15 8
    endloop
  endfacet
  facet normal 0 0 1
    outer loop
      vertex 8.82471 23.4002 8
      vertex 8.82471 20.5998 8
      vertex 8.99186 20.85 8
    endloop
  endfacet
  facet normal 0 0 1
    outer loop
      vertex 8.62634 23.6263 8
      vertex 8.82471 20.5998 8
      vertex 8.82471 23.4002 8
    endloop
  endfacet
  facet normal 0 0 1
    outer loop
      vertex 8.62634 23.6263 8
      vertex 8.62634 20.3737 8
      vertex 8.82471 20.5998 8
    endloop
  endfacet
  facet normal 0 0 1
    outer loop
      vertex 8.40015 23.8247 8
      vertex 8.62634 20.3737 8
      vertex 8.62634 23.6263 8
    endloop
  endfacet
  facet normal 0 0 1
    outer loop
      vertex 8.40015 23.8247 8
      vertex 8.40015 20.1753 8
      vertex 8.62634 20.3737 8
    endloop
  endfacet
  facet normal 0 0 1
    outer loop
      vertex 8.15 23.9919 8
      vertex 8.40015 20.1753 8
      vertex 8.40015 23.8247 8
    endloop
  endfacet
  facet normal 0 0 1
    outer loop
      vertex 8.15 23.9919 8
      vertex 8.15 20.0081 8
      vertex 8.40015 20.1753 8
    endloop
  endfacet
  facet normal 0 0 1
    outer loop
      vertex 7.88017 24.1249 8
      vertex 8.15 20.0081 8
      vertex 8.15 23.9919 8
    endloop
  endfacet
  facet normal 0 0 1
    outer loop
      vertex 7.88017 24.1249 8
      vertex 7.88017 19.8751 8
      vertex 8.15 20.0081 8
    endloop
  endfacet
  facet normal 0 0 1
    outer loop
      vertex 7.59528 24.2216 8
      vertex 7.88017 19.8751 8
      vertex 7.88017 24.1249 8
    endloop
  endfacet
  facet normal 0 0 1
    outer loop
      vertex 7.59528 24.2216 8
      vertex 7.59528 19.7784 8
      vertex 7.88017 19.8751 8
    endloop
  endfacet
  facet normal 0 0 1
    outer loop
      vertex 7.30021 24.2803 8
      vertex 7.59528 19.7784 8
      vertex 7.59528 24.2216 8
    endloop
  endfacet
  facet normal 0 0 1
    outer loop
      vertex 7.30021 24.2803 8
      vertex 7.30021 19.7197 8
      vertex 7.59528 19.7784 8
    endloop
  endfacet
  facet normal 0 0 1
    outer loop
      vertex 7 24.3 8
      vertex 7.30021 19.7197 8
      vertex 7.30021 24.2803 8
    endloop
  endfacet
  facet normal 0 0 1
    outer loop
      vertex 7 24.3 8
      vertex 7 19.7 8
      vertex 7.30021 19.7197 8
    endloop
  endfacet
  facet normal -0 0 1
    outer loop
      vertex 6.69979 24.2803 8
      vertex 7 19.7 8
      vertex 7 24.3 8
    endloop
  endfacet
  facet normal 0 0 1
    outer loop
      vertex 6.69979 24.2803 8
      vertex 6.69979 19.7197 8
      vertex 7 19.7 8
    endloop
  endfacet
  facet normal -0 0 1
    outer loop
      vertex 6.40472 24.2216 8
      vertex 6.69979 19.7197 8
      vertex 6.69979 24.2803 8
    endloop
  endfacet
  facet normal 0 0 1
    outer loop
      vertex 6.40472 24.2216 8
      vertex 6.40472 19.7784 8
      vertex 6.69979 19.7197 8
    endloop
  endfacet
  facet normal -0 0 1
    outer loop
      vertex 6.11983 24.1249 8
      vertex 6.40472 19.7784 8
      vertex 6.40472 24.2216 8
    endloop
  endfacet
  facet normal 0 0 1
    outer loop
      vertex 6.11983 24.1249 8
      vertex 6.11983 19.8751 8
      vertex 6.40472 19.7784 8
    endloop
  endfacet
  facet normal -0 0 1
    outer loop
      vertex 5.85 23.9919 8
      vertex 6.11983 19.8751 8
      vertex 6.11983 24.1249 8
    endloop
  endfacet
  facet normal 0 0 1
    outer loop
      vertex 5.85 23.9919 8
      vertex 5.85 20.0081 8
      vertex 6.11983 19.8751 8
    endloop
  endfacet
  facet normal -0 0 1
    outer loop
      vertex 5.59985 23.8247 8
      vertex 5.85 20.0081 8
      vertex 5.85 23.9919 8
    endloop
  endfacet
  facet normal 0 0 1
    outer loop
      vertex 5.59985 23.8247 8
      vertex 5.59985 20.1753 8
      vertex 5.85 20.0081 8
    endloop
  endfacet
  facet normal -0 0 1
    outer loop
      vertex 5.37365 23.6263 8
      vertex 5.59985 20.1753 8
      vertex 5.59985 23.8247 8
    endloop
  endfacet
  facet normal 0 0 1
    outer loop
      vertex 5.37365 23.6263 8
      vertex 5.37365 20.3737 8
      vertex 5.59985 20.1753 8
    endloop
  endfacet
  facet normal -0 0 1
    outer loop
      vertex 5.17529 23.4002 8
      vertex 5.37365 20.3737 8
      vertex 5.37365 23.6263 8
    endloop
  endfacet
  facet normal 0 0 1
    outer loop
      vertex 5.17529 23.4002 8
      vertex 5.17529 20.5998 8
      vertex 5.37365 20.3737 8
    endloop
  endfacet
  facet normal -0 0 1
    outer loop
      vertex 5.00814 23.15 8
      vertex 5.17529 20.5998 8
      vertex 5.17529 23.4002 8
    endloop
  endfacet
  facet normal 0 0 1
    outer loop
      vertex 5.00814 23.15 8
      vertex 5.00814 20.85 8
      vertex 5.17529 20.5998 8
    endloop
  endfacet
  facet normal -0 0 1
    outer loop
      vertex 4.87508 22.8802 8
      vertex 5.00814 20.85 8
      vertex 5.00814 23.15 8
    endloop
  endfacet
  facet normal 0 0 1
    outer loop
      vertex 4.87508 22.8802 8
      vertex 4.87508 21.1198 8
      vertex 5.00814 20.85 8
    endloop
  endfacet
  facet normal -0 0 1
    outer loop
      vertex 4.77837 22.5953 8
      vertex 4.87508 21.1198 8
      vertex 4.87508 22.8802 8
    endloop
  endfacet
  facet normal 0 0 1
    outer loop
      vertex 4.77837 22.5953 8
      vertex 4.77837 21.4047 8
      vertex 4.87508 21.1198 8
    endloop
  endfacet
  facet normal -0 0 1
    outer loop
      vertex 4.71968 22.3002 8
      vertex 4.77837 21.4047 8
      vertex 4.77837 22.5953 8
    endloop
  endfacet
  facet normal 0 0 1
    outer loop
      vertex 4.71968 22.3002 8
      vertex 4.71968 21.6998 8
      vertex 4.77837 21.4047 8
    endloop
  endfacet
  facet normal 0 -0 1
    outer loop
      vertex 4.71968 21.6998 8
      vertex 4.71968 22.3002 8
      vertex 4.7 22 8
    endloop
  endfacet
  facet normal -0.829856 0.554496 0.0622391
    outer loop
      vertex 5.02653 23.5143 5
      vertex 4.85621 23.2594 5
      vertex 5.17529 23.4002 8
    endloop
  endfacet
  facet normal -0.830844 0.553014 0.0622433
    outer loop
      vertex 5.00814 23.15 8
      vertex 4.85621 23.2594 5
      vertex 4.84576 23.2437 5
    endloop
  endfacet
  facet normal -0.829901 0.554428 0.0622471
    outer loop
      vertex 4.85621 23.2594 5
      vertex 5.00814 23.15 8
      vertex 5.17529 23.4002 8
    endloop
  endfacet
  facet normal -0.320971 0.945042 0.062238
    outer loop
      vertex 6.33838 24.3967 5
      vertex 6.04807 24.2981 5
      vertex 6.11983 24.1249 8
    endloop
  endfacet
  facet normal -0.658172 0.75029 0.0622556
    outer loop
      vertex 5.48571 23.9735 5
      vertex 5.25521 23.7713 5
      vertex 5.59985 23.8247 8
    endloop
  endfacet
  facet normal -0.065435 0.995913 0.0622472
    outer loop
      vertex 6.98124 24.4863 5
      vertex 6.67532 24.4662 5
      vertex 6.69979 24.2803 8
    endloop
  endfacet
  facet normal -0.191139 0.979586 0.0622608
    outer loop
      vertex 6.65687 24.4626 5
      vertex 6.69979 24.2803 8
      vertex 6.67532 24.4662 5
    endloop
  endfacet
  facet normal -0.194734 0.978878 0.0622691
    outer loop
      vertex 6.69979 24.2803 8
      vertex 6.65687 24.4626 5
      vertex 6.40472 24.2216 8
    endloop
  endfacet
  facet normal -0.945088 -0.320835 0.0622405
    outer loop
      vertex 4.87508 21.1198 8
      vertex 4.6033 21.3384 5
      vertex 4.70185 21.0481 5
    endloop
  endfacet
  facet normal -0.978885 -0.194703 0.062243
    outer loop
      vertex 4.77837 21.4047 8
      vertex 4.53745 21.6569 5
      vertex 4.59726 21.3562 5
    endloop
  endfacet
  facet normal -0.829901 -0.554428 0.0622438
    outer loop
      vertex 5.01609 20.5013 5
      vertex 5.17529 20.5998 8
      vertex 5.00814 20.85 8
    endloop
  endfacet
  facet normal -0.829454 -0.555096 0.062242
    outer loop
      vertex 5.17529 20.5998 8
      vertex 5.01609 20.5013 5
      vertex 5.02653 20.4857 5
    endloop
  endfacet
  facet normal -0.658172 -0.75029 0.0622556
    outer loop
      vertex 5.59985 20.1753 8
      vertex 5.25521 20.2287 5
      vertex 5.48571 20.0265 5
    endloop
  endfacet
  facet normal -0.552888 -0.830927 0.0622495
    outer loop
      vertex 5.50134 20.0161 5
      vertex 5.59985 20.1753 8
      vertex 5.48571 20.0265 5
    endloop
  endfacet
  facet normal -0.554619 -0.829773 0.0622451
    outer loop
      vertex 5.59985 20.1753 8
      vertex 5.50134 20.0161 5
      vertex 5.85 20.0081 8
    endloop
  endfacet
  facet normal -0.320795 -0.9451 0.0622562
    outer loop
      vertex 6.33838 19.6033 5
      vertex 6.40472 19.7784 8
      vertex 6.11983 19.8751 8
    endloop
  endfacet
  facet normal -0.31864 -0.945829 0.0622511
    outer loop
      vertex 6.40472 19.7784 8
      vertex 6.33838 19.6033 5
      vertex 6.35619 19.5973 5
    endloop
  endfacet
  facet normal 0.554435 -0.829895 0.0622572
    outer loop
      vertex 8.40015 20.1753 8
      vertex 8.25938 19.8562 5
      vertex 8.51429 20.0265 5
    endloop
  endfacet
  facet normal 0.320689 -0.945136 0.0622671
    outer loop
      vertex 7.88017 19.8751 8
      vertex 7.66162 19.6033 5
      vertex 7.95192 19.7018 5
    endloop
  endfacet
  facet normal 0.194997 -0.978827 0.0622429
    outer loop
      vertex 7.59528 19.7784 8
      vertex 7.34313 19.5374 5
      vertex 7.64381 19.5973 5
    endloop
  endfacet
  facet normal 0.750387 -0.658062 0.0622375
    outer loop
      vertex 8.82471 20.5998 8
      vertex 8.77133 20.2552 5
      vertex 8.97347 20.4857 5
    endloop
  endfacet
  facet normal 0.895153 -0.441392 0.0622384
    outer loop
      vertex 9.29815 21.0481 5
      vertex 9.12492 21.1198 8
      vertex 9.16255 20.7731 5
    endloop
  endfacet
  facet normal 0.978885 -0.194703 0.062243
    outer loop
      vertex 9.46255 21.6569 5
      vertex 9.22163 21.4047 8
      vertex 9.40274 21.3562 5
    endloop
  endfacet
  facet normal 0.945131 -0.320707 0.0622423
    outer loop
      vertex 9.22163 21.4047 8
      vertex 9.3967 21.3384 5
      vertex 9.40274 21.3562 5
    endloop
  endfacet
  facet normal 0.945095 -0.320815 0.0622426
    outer loop
      vertex 9.3967 21.3384 5
      vertex 9.22163 21.4047 8
      vertex 9.12492 21.1198 8
    endloop
  endfacet
  facet normal 0.978889 0.194683 0.062245
    outer loop
      vertex 9.28032 22.3002 8
      vertex 9.46255 22.3431 5
      vertex 9.22163 22.5953 8
    endloop
  endfacet
  facet normal 0.978781 0.195224 0.0622461
    outer loop
      vertex 9.46255 22.3431 5
      vertex 9.28032 22.3002 8
      vertex 9.46622 22.3247 5
    endloop
  endfacet
  facet normal 0.829901 0.554428 0.0622471
    outer loop
      vertex 8.99186 23.15 8
      vertex 9.14379 23.2594 5
      vertex 8.82471 23.4002 8
    endloop
  endfacet
  facet normal 0.830844 0.553014 0.0622433
    outer loop
      vertex 9.14379 23.2594 5
      vertex 8.99186 23.15 8
      vertex 9.15424 23.2437 5
    endloop
  endfacet
  facet normal 0.320981 0.945038 0.062237
    outer loop
      vertex 7.95192 24.2981 5
      vertex 7.66162 24.3967 5
      vertex 7.88017 24.1249 8
    endloop
  endfacet
  facet normal 0.554435 0.829895 0.0622572
    outer loop
      vertex 8.51429 23.9735 5
      vertex 8.25938 24.1438 5
      vertex 8.40015 23.8247 8
    endloop
  endfacet
  facet normal 0.658172 0.75029 0.0622556
    outer loop
      vertex 8.51429 23.9735 5
      vertex 8.40015 23.8247 8
      vertex 8.74479 23.7713 5
    endloop
  endfacet
  facet normal -0.89439 0.442936 0.0622447
    outer loop
      vertex 4.83744 23.2269 5
      vertex 5.00814 23.15 8
      vertex 4.84576 23.2437 5
    endloop
  endfacet
  facet normal -0.895121 0.441456 0.0622484
    outer loop
      vertex 5.00814 23.15 8
      vertex 4.83744 23.2269 5
      vertex 4.87508 22.8802 8
    endloop
  endfacet
  facet normal -0.978885 0.194703 0.062243
    outer loop
      vertex 4.59726 22.6438 5
      vertex 4.53745 22.3431 5
      vertex 4.77837 22.5953 8
    endloop
  endfacet
  facet normal -0.978781 0.195224 0.0622461
    outer loop
      vertex 4.71968 22.3002 8
      vertex 4.53745 22.3431 5
      vertex 4.53378 22.3247 5
    endloop
  endfacet
  facet normal -0.978889 0.194683 0.062245
    outer loop
      vertex 4.53745 22.3431 5
      vertex 4.71968 22.3002 8
      vertex 4.77837 22.5953 8
    endloop
  endfacet
  facet normal -0.995932 0.0651593 0.0622467
    outer loop
      vertex 4.53255 22.3059 5
      vertex 4.71968 22.3002 8
      vertex 4.53378 22.3247 5
    endloop
  endfacet
  facet normal -0.995923 0.065289 0.0622464
    outer loop
      vertex 4.71968 22.3002 8
      vertex 4.53255 22.3059 5
      vertex 4.7 22 8
    endloop
  endfacet
  facet normal -0.441182 0.895257 0.0622392
    outer loop
      vertex 6.04807 24.2981 5
      vertex 5.77311 24.1626 5
      vertex 6.11983 24.1249 8
    endloop
  endfacet
  facet normal -0.31864 0.945829 0.0622511
    outer loop
      vertex 6.33838 24.3967 5
      vertex 6.40472 24.2216 8
      vertex 6.35619 24.4027 5
    endloop
  endfacet
  facet normal -0.320795 0.9451 0.0622562
    outer loop
      vertex 6.40472 24.2216 8
      vertex 6.33838 24.3967 5
      vertex 6.11983 24.1249 8
    endloop
  endfacet
  facet normal -0.194997 0.978827 0.0622429
    outer loop
      vertex 6.65687 24.4626 5
      vertex 6.35619 24.4027 5
      vertex 6.40472 24.2216 8
    endloop
  endfacet
  facet normal -0.0637116 0.996025 0.0622516
    outer loop
      vertex 6.98124 24.4863 5
      vertex 7 24.3 8
      vertex 7 24.4875 5
    endloop
  endfacet
  facet normal -0.0653529 0.995918 0.0622552
    outer loop
      vertex 7 24.3 8
      vertex 6.98124 24.4863 5
      vertex 6.69979 24.2803 8
    endloop
  endfacet
  facet normal -0.945131 -0.320707 0.0622423
    outer loop
      vertex 4.6033 21.3384 5
      vertex 4.77837 21.4047 8
      vertex 4.59726 21.3562 5
    endloop
  endfacet
  facet normal -0.945095 -0.320815 0.0622426
    outer loop
      vertex 4.77837 21.4047 8
      vertex 4.6033 21.3384 5
      vertex 4.87508 21.1198 8
    endloop
  endfacet
  facet normal -0.750387 -0.658062 0.0622375
    outer loop
      vertex 5.17529 20.5998 8
      vertex 5.02653 20.4857 5
      vertex 5.22867 20.2552 5
    endloop
  endfacet
  facet normal -0.895166 -0.441366 0.0622385
    outer loop
      vertex 4.87508 21.1198 8
      vertex 4.70185 21.0481 5
      vertex 4.83744 20.7731 5
    endloop
  endfacet
  facet normal -0.445075 -0.893328 0.0622376
    outer loop
      vertex 5.77311 19.8374 5
      vertex 5.85 20.0081 8
      vertex 5.75625 19.8458 5
    endloop
  endfacet
  facet normal -0.441256 -0.89522 0.0622474
    outer loop
      vertex 5.85 20.0081 8
      vertex 5.77311 19.8374 5
      vertex 6.11983 19.8751 8
    endloop
  endfacet
  facet normal -0.554436 -0.829897 0.0622235
    outer loop
      vertex 5.85 20.0081 8
      vertex 5.50134 20.0161 5
      vertex 5.75625 19.8458 5
    endloop
  endfacet
  facet normal -0.658054 -0.750393 0.062249
    outer loop
      vertex 5.25521 20.2287 5
      vertex 5.37365 20.3737 8
      vertex 5.24107 20.2411 5
    endloop
  endfacet
  facet normal -0.658119 -0.750336 0.0622488
    outer loop
      vertex 5.37365 20.3737 8
      vertex 5.25521 20.2287 5
      vertex 5.59985 20.1753 8
    endloop
  endfacet
  facet normal -0.441443 -0.895126 0.0622678
    outer loop
      vertex 6.11983 19.8751 8
      vertex 5.77311 19.8374 5
      vertex 6.04807 19.7018 5
    endloop
  endfacet
  facet normal -0.320679 -0.945139 0.0622682
    outer loop
      vertex 6.11983 19.8751 8
      vertex 6.04807 19.7018 5
      vertex 6.33838 19.6033 5
    endloop
  endfacet
  facet normal -0.194997 -0.978827 0.0622429
    outer loop
      vertex 6.40472 19.7784 8
      vertex 6.35619 19.5973 5
      vertex 6.65687 19.5374 5
    endloop
  endfacet
  facet normal -0.194734 -0.978878 0.0622691
    outer loop
      vertex 6.65687 19.5374 5
      vertex 6.69979 19.7197 8
      vertex 6.40472 19.7784 8
    endloop
  endfacet
  facet normal -0.191139 -0.979586 0.0622608
    outer loop
      vertex 6.69979 19.7197 8
      vertex 6.65687 19.5374 5
      vertex 6.67532 19.5338 5
    endloop
  endfacet
  facet normal -0.0637117 -0.996026 0.0622401
    outer loop
      vertex 6.69408 19.5326 5
      vertex 6.69979 19.7197 8
      vertex 6.67532 19.5338 5
    endloop
  endfacet
  facet normal -0.065353 -0.995919 0.0622366
    outer loop
      vertex 6.69979 19.7197 8
      vertex 6.69408 19.5326 5
      vertex 7 19.7 8
    endloop
  endfacet
  facet normal 0.658172 -0.75029 0.0622556
    outer loop
      vertex 8.74479 20.2287 5
      vertex 8.40015 20.1753 8
      vertex 8.51429 20.0265 5
    endloop
  endfacet
  facet normal 0.44143 -0.895133 0.0622664
    outer loop
      vertex 8.22689 19.8374 5
      vertex 7.88017 19.8751 8
      vertex 7.95192 19.7018 5
    endloop
  endfacet
  facet normal 0.31864 -0.945829 0.0622511
    outer loop
      vertex 7.66162 19.6033 5
      vertex 7.59528 19.7784 8
      vertex 7.64381 19.5973 5
    endloop
  endfacet
  facet normal 0.320795 -0.9451 0.0622562
    outer loop
      vertex 7.59528 19.7784 8
      vertex 7.66162 19.6033 5
      vertex 7.88017 19.8751 8
    endloop
  endfacet
  facet normal 0.895121 -0.441456 0.0622454
    outer loop
      vertex 8.99186 20.85 8
      vertex 9.16255 20.7731 5
      vertex 9.12492 21.1198 8
    endloop
  endfacet
  facet normal 0.894602 -0.442508 0.0622428
    outer loop
      vertex 9.16255 20.7731 5
      vertex 8.99186 20.85 8
      vertex 9.15424 20.7563 5
    endloop
  endfacet
  facet normal 0.75024 -0.658227 0.0622591
    outer loop
      vertex 8.62634 20.3737 8
      vertex 8.77133 20.2552 5
      vertex 8.82471 20.5998 8
    endloop
  endfacet
  facet normal 0.749468 -0.659107 0.0622565
    outer loop
      vertex 8.77133 20.2552 5
      vertex 8.62634 20.3737 8
      vertex 8.75893 20.2411 5
    endloop
  endfacet
  facet normal 0.829941 -0.554368 0.0622367
    outer loop
      vertex 8.99186 20.85 8
      vertex 8.98391 20.5013 5
      vertex 9.15424 20.7563 5
    endloop
  endfacet
  facet normal 0.829856 0.554496 0.0622391
    outer loop
      vertex 8.97347 23.5143 5
      vertex 8.82471 23.4002 8
      vertex 9.14379 23.2594 5
    endloop
  endfacet
  facet normal 0.750387 0.658062 0.0622375
    outer loop
      vertex 8.97347 23.5143 5
      vertex 8.77133 23.7448 5
      vertex 8.82471 23.4002 8
    endloop
  endfacet
  facet normal 0.320795 0.9451 0.0622562
    outer loop
      vertex 7.66162 24.3967 5
      vertex 7.59528 24.2216 8
      vertex 7.88017 24.1249 8
    endloop
  endfacet
  facet normal 0.31864 0.945829 0.0622511
    outer loop
      vertex 7.59528 24.2216 8
      vertex 7.66162 24.3967 5
      vertex 7.64381 24.4027 5
    endloop
  endfacet
  facet normal -0.749468 0.659107 0.062254
    outer loop
      vertex 5.22867 23.7448 5
      vertex 5.37365 23.6263 8
      vertex 5.24107 23.7589 5
    endloop
  endfacet
  facet normal -0.750257 0.658209 0.0622567
    outer loop
      vertex 5.37365 23.6263 8
      vertex 5.22867 23.7448 5
      vertex 5.17529 23.4002 8
    endloop
  endfacet
  facet normal -0.945088 0.320835 0.0622405
    outer loop
      vertex 4.70185 22.9519 5
      vertex 4.6033 22.6616 5
      vertex 4.87508 22.8802 8
    endloop
  endfacet
  facet normal -0.945131 0.320707 0.0622423
    outer loop
      vertex 4.77837 22.5953 8
      vertex 4.6033 22.6616 5
      vertex 4.59726 22.6438 5
    endloop
  endfacet
  facet normal -0.945095 0.320815 0.0622426
    outer loop
      vertex 4.6033 22.6616 5
      vertex 4.77837 22.5953 8
      vertex 4.87508 22.8802 8
    endloop
  endfacet
  facet normal -0.441256 0.89522 0.0622474
    outer loop
      vertex 5.77311 24.1626 5
      vertex 5.85 23.9919 8
      vertex 6.11983 24.1249 8
    endloop
  endfacet
  facet normal -0.445075 0.893328 0.0622376
    outer loop
      vertex 5.85 23.9919 8
      vertex 5.77311 24.1626 5
      vertex 5.75625 24.1542 5
    endloop
  endfacet
  facet normal -0.895121 -0.441456 0.0622484
    outer loop
      vertex 4.83744 20.7731 5
      vertex 5.00814 20.85 8
      vertex 4.87508 21.1198 8
    endloop
  endfacet
  facet normal -0.89439 -0.442936 0.0622447
    outer loop
      vertex 5.00814 20.85 8
      vertex 4.83744 20.7731 5
      vertex 4.84576 20.7563 5
    endloop
  endfacet
  facet normal -0.829941 -0.554368 0.0622367
    outer loop
      vertex 5.00814 20.85 8
      vertex 4.84576 20.7563 5
      vertex 5.01609 20.5013 5
    endloop
  endfacet
  facet normal 0.441256 -0.89522 0.0622474
    outer loop
      vertex 8.22689 19.8374 5
      vertex 8.15 20.0081 8
      vertex 7.88017 19.8751 8
    endloop
  endfacet
  facet normal 0.445075 -0.893328 0.0622376
    outer loop
      vertex 8.15 20.0081 8
      vertex 8.22689 19.8374 5
      vertex 8.24375 19.8458 5
    endloop
  endfacet
  facet normal 0.552889 -0.830928 0.062231
    outer loop
      vertex 8.25938 19.8562 5
      vertex 8.15 20.0081 8
      vertex 8.24375 19.8458 5
    endloop
  endfacet
  facet normal 0.55462 -0.829773 0.0622356
    outer loop
      vertex 8.15 20.0081 8
      vertex 8.25938 19.8562 5
      vertex 8.40015 20.1753 8
    endloop
  endfacet
  facet normal 0.894602 0.442508 0.0622428
    outer loop
      vertex 8.99186 23.15 8
      vertex 9.16255 23.2269 5
      vertex 9.15424 23.2437 5
    endloop
  endfacet
  facet normal 0.895121 0.441456 0.0622454
    outer loop
      vertex 9.16255 23.2269 5
      vertex 8.99186 23.15 8
      vertex 9.12492 22.8802 8
    endloop
  endfacet
  facet normal 0.194997 0.978827 0.0622429
    outer loop
      vertex 7.64381 24.4027 5
      vertex 7.34313 24.4626 5
      vertex 7.59528 24.2216 8
    endloop
  endfacet
  facet normal 0.194734 0.978878 0.0622691
    outer loop
      vertex 7.34313 24.4626 5
      vertex 7.30021 24.2803 8
      vertex 7.59528 24.2216 8
    endloop
  endfacet
  facet normal 0.191139 0.979586 0.0622608
    outer loop
      vertex 7.30021 24.2803 8
      vertex 7.34313 24.4626 5
      vertex 7.32468 24.4662 5
    endloop
  endfacet
  facet normal -0.554436 0.829897 0.0622235
    outer loop
      vertex 5.75625 24.1542 5
      vertex 5.50134 23.9839 5
      vertex 5.85 23.9919 8
    endloop
  endfacet
  facet normal -0.554619 0.829773 0.0622451
    outer loop
      vertex 5.50134 23.9839 5
      vertex 5.59985 23.8247 8
      vertex 5.85 23.9919 8
    endloop
  endfacet
  facet normal -0.552888 0.830927 0.0622495
    outer loop
      vertex 5.59985 23.8247 8
      vertex 5.50134 23.9839 5
      vertex 5.48571 23.9735 5
    endloop
  endfacet
  facet normal 0.995932 -0.0651594 0.0622457
    outer loop
      vertex 9.3 66.45 8
      vertex 9.48627 66.4312 5
      vertex 9.4875 66.45 5
    endloop
  endfacet
  facet normal 0.995923 -0.065289 0.062246
    outer loop
      vertex 9.48627 66.4312 5
      vertex 9.3 66.45 8
      vertex 9.28032 66.1498 8
    endloop
  endfacet
  facet normal -0.995924 0.0652771 0.0622452
    outer loop
      vertex 4.53255 66.7559 5
      vertex 4.5125 66.45 5
      vertex 4.7 66.45 8
    endloop
  endfacet
  facet normal -0.065435 -0.995914 0.0622446
    outer loop
      vertex 7 64.15 8
      vertex 6.69408 63.9826 5
      vertex 7 63.9625 5
    endloop
  endfacet
  facet normal 0.995924 0.0652771 0.0622472
    outer loop
      vertex 9.46622 66.7747 5
      vertex 9.28032 66.7502 8
      vertex 9.48627 66.4688 5
    endloop
  endfacet
  facet normal 0.065435 0.995914 0.0622446
    outer loop
      vertex 7 68.9375 5
      vertex 7 68.75 8
      vertex 7.30592 68.9174 5
    endloop
  endfacet
  facet normal -0.995923 -0.065289 0.0622464
    outer loop
      vertex 4.53255 66.1441 5
      vertex 4.71968 66.1498 8
      vertex 4.7 66.45 8
    endloop
  endfacet
  facet normal -0.995932 -0.0651593 0.0622467
    outer loop
      vertex 4.71968 66.1498 8
      vertex 4.53255 66.1441 5
      vertex 4.53378 66.1253 5
    endloop
  endfacet
  facet normal 0.945088 0.320835 0.0622405
    outer loop
      vertex 9.29815 67.4019 5
      vertex 9.12492 67.3302 8
      vertex 9.3967 67.1116 5
    endloop
  endfacet
  facet normal -0.658119 0.750336 0.0622488
    outer loop
      vertex 5.25521 68.2213 5
      vertex 5.37365 68.0763 8
      vertex 5.59985 68.2747 8
    endloop
  endfacet
  facet normal -0.658054 0.750393 0.062249
    outer loop
      vertex 5.37365 68.0763 8
      vertex 5.25521 68.2213 5
      vertex 5.24107 68.2089 5
    endloop
  endfacet
  facet normal -0.978781 -0.195224 0.0622461
    outer loop
      vertex 4.53745 66.1069 5
      vertex 4.71968 66.1498 8
      vertex 4.53378 66.1253 5
    endloop
  endfacet
  facet normal -0.978889 -0.194683 0.062245
    outer loop
      vertex 4.71968 66.1498 8
      vertex 4.53745 66.1069 5
      vertex 4.77837 65.8547 8
    endloop
  endfacet
  facet normal 0.995924 -0.0652771 0.0622472
    outer loop
      vertex 9.48627 66.4312 5
      vertex 9.28032 66.1498 8
      vertex 9.46622 66.1253 5
    endloop
  endfacet
  facet normal 0.978885 0.194703 0.062243
    outer loop
      vertex 9.40274 67.0938 5
      vertex 9.22163 67.0453 8
      vertex 9.46255 66.7931 5
    endloop
  endfacet
  facet normal 0.829856 0.554496 0.0622391
    outer loop
      vertex 8.97347 67.9643 5
      vertex 8.82471 67.8502 8
      vertex 9.14379 67.7094 5
    endloop
  endfacet
  facet normal 0.441169 0.895263 0.0622378
    outer loop
      vertex 7.95192 68.7481 5
      vertex 7.88017 68.5749 8
      vertex 8.22689 68.6126 5
    endloop
  endfacet
  facet normal 0.55462 0.829773 0.0622356
    outer loop
      vertex 8.25938 68.5938 5
      vertex 8.15 68.4419 8
      vertex 8.40015 68.2747 8
    endloop
  endfacet
  facet normal 0.552889 0.830928 0.062231
    outer loop
      vertex 8.15 68.4419 8
      vertex 8.25938 68.5938 5
      vertex 8.24375 68.6042 5
    endloop
  endfacet
  facet normal -0.829856 0.554496 0.0622391
    outer loop
      vertex 5.02653 67.9643 5
      vertex 4.85621 67.7094 5
      vertex 5.17529 67.8502 8
    endloop
  endfacet
  facet normal -0.750387 -0.658061 0.0622484
    outer loop
      vertex 5.37365 64.8237 8
      vertex 5.03893 64.9216 5
      vertex 5.24107 64.6911 5
    endloop
  endfacet
  facet normal -0.995924 -0.0652771 0.0622452
    outer loop
      vertex 4.7 66.45 8
      vertex 4.5125 66.45 5
      vertex 4.53255 66.1441 5
    endloop
  endfacet
  facet normal -0.749468 -0.659107 0.0622536
    outer loop
      vertex 5.03893 64.9216 5
      vertex 5.17529 65.0499 8
      vertex 5.02653 64.9357 5
    endloop
  endfacet
  facet normal -0.750402 -0.658044 0.0622506
    outer loop
      vertex 5.17529 65.0499 8
      vertex 5.03893 64.9216 5
      vertex 5.37365 64.8237 8
    endloop
  endfacet
  facet normal -0.194997 -0.978827 0.0622429
    outer loop
      vertex 6.40472 64.2284 8
      vertex 6.35619 64.0473 5
      vertex 6.65687 63.9874 5
    endloop
  endfacet
  facet normal -0.441444 -0.895129 0.0622216
    outer loop
      vertex 5.85 64.4581 8
      vertex 5.75625 64.2958 5
      vertex 6.03121 64.1602 5
    endloop
  endfacet
  facet normal 0.065435 -0.995914 0.0622446
    outer loop
      vertex 7.30592 63.9826 5
      vertex 7 64.15 8
      vertex 7 63.9625 5
    endloop
  endfacet
  facet normal 0.194997 -0.978827 0.0622429
    outer loop
      vertex 7.59528 64.2284 8
      vertex 7.34313 63.9874 5
      vertex 7.64381 64.0473 5
    endloop
  endfacet
  facet normal 0.658136 -0.750321 0.0622509
    outer loop
      vertex 8.74479 64.6787 5
      vertex 8.62634 64.8237 8
      vertex 8.40015 64.6253 8
    endloop
  endfacet
  facet normal 0.658054 -0.750393 0.0622512
    outer loop
      vertex 8.62634 64.8237 8
      vertex 8.74479 64.6787 5
      vertex 8.75893 64.6911 5
    endloop
  endfacet
  facet normal 0.750387 -0.658061 0.0622509
    outer loop
      vertex 8.96107 64.9216 5
      vertex 8.62634 64.8237 8
      vertex 8.75893 64.6911 5
    endloop
  endfacet
  facet normal 0.978781 -0.195224 0.0622461
    outer loop
      vertex 9.28032 66.1498 8
      vertex 9.46255 66.1069 5
      vertex 9.46622 66.1253 5
    endloop
  endfacet
  facet normal 0.978889 -0.194683 0.062245
    outer loop
      vertex 9.46255 66.1069 5
      vertex 9.28032 66.1498 8
      vertex 9.22163 65.8547 8
    endloop
  endfacet
  facet normal 0.995923 0.065289 0.062246
    outer loop
      vertex 9.3 66.45 8
      vertex 9.48627 66.4688 5
      vertex 9.28032 66.7502 8
    endloop
  endfacet
  facet normal 0.995932 0.0651594 0.0622457
    outer loop
      vertex 9.48627 66.4688 5
      vertex 9.3 66.45 8
      vertex 9.4875 66.45 5
    endloop
  endfacet
  facet normal 0.945095 0.320815 0.0622426
    outer loop
      vertex 9.22163 67.0453 8
      vertex 9.3967 67.1116 5
      vertex 9.12492 67.3302 8
    endloop
  endfacet
  facet normal 0.945131 0.320707 0.0622423
    outer loop
      vertex 9.3967 67.1116 5
      vertex 9.22163 67.0453 8
      vertex 9.40274 67.0938 5
    endloop
  endfacet
  facet normal 0.895153 0.441392 0.0622384
    outer loop
      vertex 9.16255 67.6769 5
      vertex 9.12492 67.3302 8
      vertex 9.29815 67.4019 5
    endloop
  endfacet
  facet normal 0.320981 0.945038 0.062237
    outer loop
      vertex 7.95192 68.7481 5
      vertex 7.66162 68.8467 5
      vertex 7.88017 68.5749 8
    endloop
  endfacet
  facet normal 0.320795 0.9451 0.0622562
    outer loop
      vertex 7.66162 68.8467 5
      vertex 7.59528 68.6716 8
      vertex 7.88017 68.5749 8
    endloop
  endfacet
  facet normal 0.31864 0.945829 0.0622511
    outer loop
      vertex 7.59528 68.6716 8
      vertex 7.66162 68.8467 5
      vertex 7.64381 68.8527 5
    endloop
  endfacet
  facet normal 0.194734 0.978878 0.0622691
    outer loop
      vertex 7.34313 68.9126 5
      vertex 7.30021 68.7303 8
      vertex 7.59528 68.6716 8
    endloop
  endfacet
  facet normal 0.191139 0.979586 0.0622608
    outer loop
      vertex 7.30021 68.7303 8
      vertex 7.34313 68.9126 5
      vertex 7.32468 68.9162 5
    endloop
  endfacet
  facet normal 0.658054 0.750393 0.0622512
    outer loop
      vertex 8.74479 68.2213 5
      vertex 8.62634 68.0763 8
      vertex 8.75893 68.2089 5
    endloop
  endfacet
  facet normal 0.658136 0.750321 0.0622509
    outer loop
      vertex 8.62634 68.0763 8
      vertex 8.74479 68.2213 5
      vertex 8.40015 68.2747 8
    endloop
  endfacet
  facet normal 0.554435 0.829895 0.0622572
    outer loop
      vertex 8.51429 68.4235 5
      vertex 8.25938 68.5938 5
      vertex 8.40015 68.2747 8
    endloop
  endfacet
  facet normal -0.895166 0.441366 0.0622385
    outer loop
      vertex 4.83744 67.6769 5
      vertex 4.70185 67.4019 5
      vertex 4.87508 67.3302 8
    endloop
  endfacet
  facet normal -0.978781 0.195224 0.0622461
    outer loop
      vertex 4.71968 66.7502 8
      vertex 4.53745 66.7931 5
      vertex 4.53378 66.7747 5
    endloop
  endfacet
  facet normal -0.978889 0.194683 0.062245
    outer loop
      vertex 4.53745 66.7931 5
      vertex 4.71968 66.7502 8
      vertex 4.77837 67.0453 8
    endloop
  endfacet
  facet normal -0.830844 0.553014 0.0622433
    outer loop
      vertex 5.00814 67.6 8
      vertex 4.85621 67.7094 5
      vertex 4.84576 67.6937 5
    endloop
  endfacet
  facet normal -0.829901 0.554428 0.0622471
    outer loop
      vertex 4.85621 67.7094 5
      vertex 5.00814 67.6 8
      vertex 5.17529 67.8502 8
    endloop
  endfacet
  facet normal -0.320971 0.945042 0.062238
    outer loop
      vertex 6.33838 68.8467 5
      vertex 6.04807 68.7481 5
      vertex 6.11983 68.5749 8
    endloop
  endfacet
  facet normal -0.658172 0.75029 0.0622556
    outer loop
      vertex 5.48571 68.4235 5
      vertex 5.25521 68.2213 5
      vertex 5.59985 68.2747 8
    endloop
  endfacet
  facet normal -0.191139 0.979586 0.0622608
    outer loop
      vertex 6.65687 68.9126 5
      vertex 6.69979 68.7303 8
      vertex 6.67532 68.9162 5
    endloop
  endfacet
  facet normal -0.194734 0.978878 0.0622691
    outer loop
      vertex 6.69979 68.7303 8
      vertex 6.65687 68.9126 5
      vertex 6.40472 68.6716 8
    endloop
  endfacet
  facet normal -0.065435 0.995914 0.0622446
    outer loop
      vertex 7 68.9375 5
      vertex 6.69408 68.9174 5
      vertex 7 68.75 8
    endloop
  endfacet
  facet normal -0.945088 -0.320835 0.0622418
    outer loop
      vertex 4.77837 65.8547 8
      vertex 4.59726 65.8062 5
      vertex 4.69581 65.5159 5
    endloop
  endfacet
  facet normal -0.978885 -0.194703 0.062243
    outer loop
      vertex 4.77837 65.8547 8
      vertex 4.53745 66.1069 5
      vertex 4.59726 65.8062 5
    endloop
  endfacet
  facet normal -0.441257 -0.89522 0.062242
    outer loop
      vertex 6.03121 64.1602 5
      vertex 6.11983 64.3251 8
      vertex 5.85 64.4581 8
    endloop
  endfacet
  facet normal -0.445074 -0.893327 0.0622507
    outer loop
      vertex 6.11983 64.3251 8
      vertex 6.03121 64.1602 5
      vertex 6.04807 64.1518 5
    endloop
  endfacet
  facet normal -0.0637117 -0.996026 0.0622401
    outer loop
      vertex 6.69408 63.9826 5
      vertex 6.69979 64.1697 8
      vertex 6.67532 63.9838 5
    endloop
  endfacet
  facet normal -0.065353 -0.995919 0.0622366
    outer loop
      vertex 6.69979 64.1697 8
      vertex 6.69408 63.9826 5
      vertex 7 64.15 8
    endloop
  endfacet
  facet normal -0.194734 -0.978878 0.0622691
    outer loop
      vertex 6.65687 63.9874 5
      vertex 6.69979 64.1697 8
      vertex 6.40472 64.2284 8
    endloop
  endfacet
  facet normal -0.191139 -0.979586 0.0622608
    outer loop
      vertex 6.69979 64.1697 8
      vertex 6.65687 63.9874 5
      vertex 6.67532 63.9838 5
    endloop
  endfacet
  facet normal 0.44143 -0.895133 0.0622664
    outer loop
      vertex 8.22689 64.2874 5
      vertex 7.88017 64.3251 8
      vertex 7.95192 64.1518 5
    endloop
  endfacet
  facet normal 0.320795 -0.945101 0.0622545
    outer loop
      vertex 7.93412 64.1458 5
      vertex 7.88017 64.3251 8
      vertex 7.59528 64.2284 8
    endloop
  endfacet
  facet normal 0.318801 -0.945775 0.0622589
    outer loop
      vertex 7.88017 64.3251 8
      vertex 7.93412 64.1458 5
      vertex 7.95192 64.1518 5
    endloop
  endfacet
  facet normal 0.829941 -0.554368 0.0622367
    outer loop
      vertex 8.99186 65.3 8
      vertex 8.98391 64.9513 5
      vertex 9.15424 65.2063 5
    endloop
  endfacet
  facet normal 0.978885 -0.194703 0.062243
    outer loop
      vertex 9.46255 66.1069 5
      vertex 9.22163 65.8547 8
      vertex 9.40274 65.8062 5
    endloop
  endfacet
  facet normal 0.945088 -0.320835 0.0622418
    outer loop
      vertex 9.40274 65.8062 5
      vertex 9.22163 65.8547 8
      vertex 9.30419 65.5159 5
    endloop
  endfacet
  facet normal 0.978889 0.194683 0.062245
    outer loop
      vertex 9.28032 66.7502 8
      vertex 9.46255 66.7931 5
      vertex 9.22163 67.0453 8
    endloop
  endfacet
  facet normal 0.978781 0.195224 0.0622461
    outer loop
      vertex 9.46255 66.7931 5
      vertex 9.28032 66.7502 8
      vertex 9.46622 66.7747 5
    endloop
  endfacet
  facet normal 0.750387 0.658062 0.0622375
    outer loop
      vertex 8.97347 67.9643 5
      vertex 8.77133 68.1948 5
      vertex 8.82471 67.8502 8
    endloop
  endfacet
  facet normal 0.749468 0.659107 0.0622565
    outer loop
      vertex 8.62634 68.0763 8
      vertex 8.77133 68.1948 5
      vertex 8.75893 68.2089 5
    endloop
  endfacet
  facet normal 0.75024 0.658227 0.0622591
    outer loop
      vertex 8.77133 68.1948 5
      vertex 8.62634 68.0763 8
      vertex 8.82471 67.8502 8
    endloop
  endfacet
  facet normal 0.445075 0.893328 0.0622376
    outer loop
      vertex 8.22689 68.6126 5
      vertex 8.15 68.4419 8
      vertex 8.24375 68.6042 5
    endloop
  endfacet
  facet normal 0.441256 0.89522 0.0622474
    outer loop
      vertex 8.15 68.4419 8
      vertex 8.22689 68.6126 5
      vertex 7.88017 68.5749 8
    endloop
  endfacet
  facet normal 0.194997 0.978827 0.0622429
    outer loop
      vertex 7.64381 68.8527 5
      vertex 7.34313 68.9126 5
      vertex 7.59528 68.6716 8
    endloop
  endfacet
  facet normal 0.0637117 0.996026 0.0622401
    outer loop
      vertex 7.30592 68.9174 5
      vertex 7.30021 68.7303 8
      vertex 7.32468 68.9162 5
    endloop
  endfacet
  facet normal 0.065353 0.995919 0.0622366
    outer loop
      vertex 7.30021 68.7303 8
      vertex 7.30592 68.9174 5
      vertex 7 68.75 8
    endloop
  endfacet
  facet normal 0.658172 0.75029 0.0622556
    outer loop
      vertex 8.51429 68.4235 5
      vertex 8.40015 68.2747 8
      vertex 8.74479 68.2213 5
    endloop
  endfacet
  facet normal -0.89439 0.442936 0.0622447
    outer loop
      vertex 4.83744 67.6769 5
      vertex 5.00814 67.6 8
      vertex 4.84576 67.6937 5
    endloop
  endfacet
  facet normal -0.895121 0.441456 0.0622484
    outer loop
      vertex 5.00814 67.6 8
      vertex 4.83744 67.6769 5
      vertex 4.87508 67.3302 8
    endloop
  endfacet
  facet normal -0.978885 0.194703 0.062243
    outer loop
      vertex 4.59726 67.0938 5
      vertex 4.53745 66.7931 5
      vertex 4.77837 67.0453 8
    endloop
  endfacet
  facet normal -0.995932 0.0651593 0.0622467
    outer loop
      vertex 4.53255 66.7559 5
      vertex 4.71968 66.7502 8
      vertex 4.53378 66.7747 5
    endloop
  endfacet
  facet normal -0.995923 0.065289 0.0622464
    outer loop
      vertex 4.71968 66.7502 8
      vertex 4.53255 66.7559 5
      vertex 4.7 66.45 8
    endloop
  endfacet
  facet normal 0 0 1
    outer loop
      vertex 9.28032 66.7502 8
      vertex 9.28032 66.1498 8
      vertex 9.3 66.45 8
    endloop
  endfacet
  facet normal 0 0 1
    outer loop
      vertex 9.22163 67.0453 8
      vertex 9.28032 66.1498 8
      vertex 9.28032 66.7502 8
    endloop
  endfacet
  facet normal 0 0 1
    outer loop
      vertex 9.22163 67.0453 8
      vertex 9.22163 65.8547 8
      vertex 9.28032 66.1498 8
    endloop
  endfacet
  facet normal 0 0 1
    outer loop
      vertex 9.12492 67.3302 8
      vertex 9.22163 65.8547 8
      vertex 9.22163 67.0453 8
    endloop
  endfacet
  facet normal 0 0 1
    outer loop
      vertex 9.12492 67.3302 8
      vertex 9.12492 65.5698 8
      vertex 9.22163 65.8547 8
    endloop
  endfacet
  facet normal 0 0 1
    outer loop
      vertex 8.99186 67.6 8
      vertex 9.12492 65.5698 8
      vertex 9.12492 67.3302 8
    endloop
  endfacet
  facet normal 0 0 1
    outer loop
      vertex 8.99186 67.6 8
      vertex 8.99186 65.3 8
      vertex 9.12492 65.5698 8
    endloop
  endfacet
  facet normal 0 0 1
    outer loop
      vertex 8.82471 67.8502 8
      vertex 8.99186 65.3 8
      vertex 8.99186 67.6 8
    endloop
  endfacet
  facet normal 0 0 1
    outer loop
      vertex 8.82471 67.8502 8
      vertex 8.82471 65.0499 8
      vertex 8.99186 65.3 8
    endloop
  endfacet
  facet normal 0 0 1
    outer loop
      vertex 8.62634 68.0763 8
      vertex 8.82471 65.0499 8
      vertex 8.82471 67.8502 8
    endloop
  endfacet
  facet normal 0 0 1
    outer loop
      vertex 8.62634 68.0763 8
      vertex 8.62634 64.8237 8
      vertex 8.82471 65.0499 8
    endloop
  endfacet
  facet normal 0 0 1
    outer loop
      vertex 8.40015 68.2747 8
      vertex 8.62634 64.8237 8
      vertex 8.62634 68.0763 8
    endloop
  endfacet
  facet normal 0 0 1
    outer loop
      vertex 8.40015 68.2747 8
      vertex 8.40015 64.6253 8
      vertex 8.62634 64.8237 8
    endloop
  endfacet
  facet normal 0 0 1
    outer loop
      vertex 8.15 68.4419 8
      vertex 8.40015 64.6253 8
      vertex 8.40015 68.2747 8
    endloop
  endfacet
  facet normal 0 0 1
    outer loop
      vertex 8.15 68.4419 8
      vertex 8.15 64.4581 8
      vertex 8.40015 64.6253 8
    endloop
  endfacet
  facet normal 0 0 1
    outer loop
      vertex 7.88017 68.5749 8
      vertex 8.15 64.4581 8
      vertex 8.15 68.4419 8
    endloop
  endfacet
  facet normal 0 0 1
    outer loop
      vertex 7.88017 68.5749 8
      vertex 7.88017 64.3251 8
      vertex 8.15 64.4581 8
    endloop
  endfacet
  facet normal 0 0 1
    outer loop
      vertex 7.59528 68.6716 8
      vertex 7.88017 64.3251 8
      vertex 7.88017 68.5749 8
    endloop
  endfacet
  facet normal 0 0 1
    outer loop
      vertex 7.59528 68.6716 8
      vertex 7.59528 64.2284 8
      vertex 7.88017 64.3251 8
    endloop
  endfacet
  facet normal 0 0 1
    outer loop
      vertex 7.30021 68.7303 8
      vertex 7.59528 64.2284 8
      vertex 7.59528 68.6716 8
    endloop
  endfacet
  facet normal 0 0 1
    outer loop
      vertex 7.30021 68.7303 8
      vertex 7.30021 64.1697 8
      vertex 7.59528 64.2284 8
    endloop
  endfacet
  facet normal 0 0 1
    outer loop
      vertex 7 68.75 8
      vertex 7.30021 64.1697 8
      vertex 7.30021 68.7303 8
    endloop
  endfacet
  facet normal 0 0 1
    outer loop
      vertex 7 68.75 8
      vertex 7 64.15 8
      vertex 7.30021 64.1697 8
    endloop
  endfacet
  facet normal -0 0 1
    outer loop
      vertex 6.69979 68.7303 8
      vertex 7 64.15 8
      vertex 7 68.75 8
    endloop
  endfacet
  facet normal 0 0 1
    outer loop
      vertex 6.69979 68.7303 8
      vertex 6.69979 64.1697 8
      vertex 7 64.15 8
    endloop
  endfacet
  facet normal -0 0 1
    outer loop
      vertex 6.40472 68.6716 8
      vertex 6.69979 64.1697 8
      vertex 6.69979 68.7303 8
    endloop
  endfacet
  facet normal 0 0 1
    outer loop
      vertex 6.40472 68.6716 8
      vertex 6.40472 64.2284 8
      vertex 6.69979 64.1697 8
    endloop
  endfacet
  facet normal -0 0 1
    outer loop
      vertex 6.11983 68.5749 8
      vertex 6.40472 64.2284 8
      vertex 6.40472 68.6716 8
    endloop
  endfacet
  facet normal 0 0 1
    outer loop
      vertex 6.11983 68.5749 8
      vertex 6.11983 64.3251 8
      vertex 6.40472 64.2284 8
    endloop
  endfacet
  facet normal -0 0 1
    outer loop
      vertex 5.85 68.4419 8
      vertex 6.11983 64.3251 8
      vertex 6.11983 68.5749 8
    endloop
  endfacet
  facet normal 0 0 1
    outer loop
      vertex 5.85 68.4419 8
      vertex 5.85 64.4581 8
      vertex 6.11983 64.3251 8
    endloop
  endfacet
  facet normal -0 0 1
    outer loop
      vertex 5.59985 68.2747 8
      vertex 5.85 64.4581 8
      vertex 5.85 68.4419 8
    endloop
  endfacet
  facet normal 0 0 1
    outer loop
      vertex 5.59985 68.2747 8
      vertex 5.59985 64.6253 8
      vertex 5.85 64.4581 8
    endloop
  endfacet
  facet normal -0 0 1
    outer loop
      vertex 5.37365 68.0763 8
      vertex 5.59985 64.6253 8
      vertex 5.59985 68.2747 8
    endloop
  endfacet
  facet normal 0 0 1
    outer loop
      vertex 5.37365 68.0763 8
      vertex 5.37365 64.8237 8
      vertex 5.59985 64.6253 8
    endloop
  endfacet
  facet normal -0 0 1
    outer loop
      vertex 5.17529 67.8502 8
      vertex 5.37365 64.8237 8
      vertex 5.37365 68.0763 8
    endloop
  endfacet
  facet normal 0 0 1
    outer loop
      vertex 5.17529 67.8502 8
      vertex 5.17529 65.0499 8
      vertex 5.37365 64.8237 8
    endloop
  endfacet
  facet normal -0 0 1
    outer loop
      vertex 5.00814 67.6 8
      vertex 5.17529 65.0499 8
      vertex 5.17529 67.8502 8
    endloop
  endfacet
  facet normal 0 0 1
    outer loop
      vertex 5.00814 67.6 8
      vertex 5.00814 65.3 8
      vertex 5.17529 65.0499 8
    endloop
  endfacet
  facet normal -0 0 1
    outer loop
      vertex 4.87508 67.3302 8
      vertex 5.00814 65.3 8
      vertex 5.00814 67.6 8
    endloop
  endfacet
  facet normal 0 0 1
    outer loop
      vertex 4.87508 67.3302 8
      vertex 4.87508 65.5698 8
      vertex 5.00814 65.3 8
    endloop
  endfacet
  facet normal -0 0 1
    outer loop
      vertex 4.77837 67.0453 8
      vertex 4.87508 65.5698 8
      vertex 4.87508 67.3302 8
    endloop
  endfacet
  facet normal 0 0 1
    outer loop
      vertex 4.77837 67.0453 8
      vertex 4.77837 65.8547 8
      vertex 4.87508 65.5698 8
    endloop
  endfacet
  facet normal -0 0 1
    outer loop
      vertex 4.71968 66.7502 8
      vertex 4.77837 65.8547 8
      vertex 4.77837 67.0453 8
    endloop
  endfacet
  facet normal 0 0 1
    outer loop
      vertex 4.71968 66.7502 8
      vertex 4.71968 66.1498 8
      vertex 4.77837 65.8547 8
    endloop
  endfacet
  facet normal 0 -0 1
    outer loop
      vertex 4.71968 66.1498 8
      vertex 4.71968 66.7502 8
      vertex 4.7 66.45 8
    endloop
  endfacet
  facet normal -0.440815 0.895438 0.0622409
    outer loop
      vertex 6.03121 68.7398 5
      vertex 6.11983 68.5749 8
      vertex 6.04807 68.7481 5
    endloop
  endfacet
  facet normal -0.441257 0.89522 0.062242
    outer loop
      vertex 6.11983 68.5749 8
      vertex 6.03121 68.7398 5
      vertex 5.85 68.4419 8
    endloop
  endfacet
  facet normal -0.31864 0.945829 0.0622511
    outer loop
      vertex 6.33838 68.8467 5
      vertex 6.40472 68.6716 8
      vertex 6.35619 68.8527 5
    endloop
  endfacet
  facet normal -0.320795 0.9451 0.0622562
    outer loop
      vertex 6.40472 68.6716 8
      vertex 6.33838 68.8467 5
      vertex 6.11983 68.5749 8
    endloop
  endfacet
  facet normal -0.194997 0.978827 0.0622429
    outer loop
      vertex 6.65687 68.9126 5
      vertex 6.35619 68.8527 5
      vertex 6.40472 68.6716 8
    endloop
  endfacet
  facet normal -0.065353 0.995919 0.0622366
    outer loop
      vertex 6.69408 68.9174 5
      vertex 6.69979 68.7303 8
      vertex 7 68.75 8
    endloop
  endfacet
  facet normal -0.0637117 0.996026 0.0622401
    outer loop
      vertex 6.69979 68.7303 8
      vertex 6.69408 68.9174 5
      vertex 6.67532 68.9162 5
    endloop
  endfacet
  facet normal -0.945095 -0.320815 0.0622397
    outer loop
      vertex 4.69581 65.5159 5
      vertex 4.87508 65.5698 8
      vertex 4.77837 65.8547 8
    endloop
  endfacet
  facet normal -0.945131 -0.320707 0.0622399
    outer loop
      vertex 4.87508 65.5698 8
      vertex 4.69581 65.5159 5
      vertex 4.70185 65.4981 5
    endloop
  endfacet
  facet normal -0.829941 -0.554368 0.0622367
    outer loop
      vertex 5.00814 65.3 8
      vertex 4.84576 65.2063 5
      vertex 5.01609 64.9513 5
    endloop
  endfacet
  facet normal -0.895121 -0.441456 0.0622484
    outer loop
      vertex 4.83744 65.2231 5
      vertex 5.00814 65.3 8
      vertex 4.87508 65.5698 8
    endloop
  endfacet
  facet normal -0.89439 -0.442936 0.0622447
    outer loop
      vertex 5.00814 65.3 8
      vertex 4.83744 65.2231 5
      vertex 4.84576 65.2063 5
    endloop
  endfacet
  facet normal -0.55462 -0.829773 0.0622356
    outer loop
      vertex 5.74062 64.3062 5
      vertex 5.85 64.4581 8
      vertex 5.59985 64.6253 8
    endloop
  endfacet
  facet normal -0.552889 -0.830928 0.062231
    outer loop
      vertex 5.85 64.4581 8
      vertex 5.74062 64.3062 5
      vertex 5.75625 64.2958 5
    endloop
  endfacet
  facet normal -0.31864 -0.945829 0.0622593
    outer loop
      vertex 6.06588 64.1458 5
      vertex 6.11983 64.3251 8
      vertex 6.04807 64.1518 5
    endloop
  endfacet
  facet normal -0.320795 -0.945101 0.0622545
    outer loop
      vertex 6.11983 64.3251 8
      vertex 6.06588 64.1458 5
      vertex 6.40472 64.2284 8
    endloop
  endfacet
  facet normal -0.320679 -0.945141 0.0622425
    outer loop
      vertex 6.40472 64.2284 8
      vertex 6.06588 64.1458 5
      vertex 6.35619 64.0473 5
    endloop
  endfacet
  facet normal 0.554435 -0.829895 0.0622572
    outer loop
      vertex 8.40015 64.6253 8
      vertex 8.25938 64.3062 5
      vertex 8.51429 64.4765 5
    endloop
  endfacet
  facet normal 0.658172 -0.75029 0.0622556
    outer loop
      vertex 8.74479 64.6787 5
      vertex 8.40015 64.6253 8
      vertex 8.51429 64.4765 5
    endloop
  endfacet
  facet normal 0.065353 -0.995919 0.0622366
    outer loop
      vertex 7.30592 63.9826 5
      vertex 7.30021 64.1697 8
      vertex 7 64.15 8
    endloop
  endfacet
  facet normal 0.0637117 -0.996026 0.0622401
    outer loop
      vertex 7.30021 64.1697 8
      vertex 7.30592 63.9826 5
      vertex 7.32468 63.9838 5
    endloop
  endfacet
  facet normal 0.191139 -0.979586 0.0622608
    outer loop
      vertex 7.34313 63.9874 5
      vertex 7.30021 64.1697 8
      vertex 7.32468 63.9838 5
    endloop
  endfacet
  facet normal 0.194734 -0.978878 0.0622691
    outer loop
      vertex 7.30021 64.1697 8
      vertex 7.34313 63.9874 5
      vertex 7.59528 64.2284 8
    endloop
  endfacet
  facet normal 0.320679 -0.945141 0.0622425
    outer loop
      vertex 7.93412 64.1458 5
      vertex 7.59528 64.2284 8
      vertex 7.64381 64.0473 5
    endloop
  endfacet
  facet normal 0.945095 -0.320815 0.0622397
    outer loop
      vertex 9.12492 65.5698 8
      vertex 9.30419 65.5159 5
      vertex 9.22163 65.8547 8
    endloop
  endfacet
  facet normal 0.945131 -0.320707 0.0622399
    outer loop
      vertex 9.30419 65.5159 5
      vertex 9.12492 65.5698 8
      vertex 9.29815 65.4981 5
    endloop
  endfacet
  facet normal 0.749468 -0.659107 0.0622536
    outer loop
      vertex 8.82471 65.0499 8
      vertex 8.96107 64.9216 5
      vertex 8.97347 64.9357 5
    endloop
  endfacet
  facet normal 0.750385 -0.658063 0.0622507
    outer loop
      vertex 8.96107 64.9216 5
      vertex 8.82471 65.0499 8
      vertex 8.62634 64.8237 8
    endloop
  endfacet
  facet normal 0.829797 -0.554581 0.0622618
    outer loop
      vertex 8.82471 65.0499 8
      vertex 8.98391 64.9513 5
      vertex 8.99186 65.3 8
    endloop
  endfacet
  facet normal 0.829453 -0.555096 0.0622605
    outer loop
      vertex 8.98391 64.9513 5
      vertex 8.82471 65.0499 8
      vertex 8.97347 64.9357 5
    endloop
  endfacet
  facet normal 0.895153 -0.441392 0.0622384
    outer loop
      vertex 9.29815 65.4981 5
      vertex 9.12492 65.5698 8
      vertex 9.16255 65.2231 5
    endloop
  endfacet
  facet normal 0.895121 -0.441456 0.0622454
    outer loop
      vertex 8.99186 65.3 8
      vertex 9.16255 65.2231 5
      vertex 9.12492 65.5698 8
    endloop
  endfacet
  facet normal 0.894602 -0.442508 0.0622428
    outer loop
      vertex 9.16255 65.2231 5
      vertex 8.99186 65.3 8
      vertex 9.15424 65.2063 5
    endloop
  endfacet
  facet normal 0.829901 0.554428 0.0622471
    outer loop
      vertex 8.99186 67.6 8
      vertex 9.14379 67.7094 5
      vertex 8.82471 67.8502 8
    endloop
  endfacet
  facet normal 0.830844 0.553014 0.0622433
    outer loop
      vertex 9.14379 67.7094 5
      vertex 8.99186 67.6 8
      vertex 9.15424 67.6937 5
    endloop
  endfacet
  facet normal -0.749468 0.659107 0.062254
    outer loop
      vertex 5.22867 68.1948 5
      vertex 5.37365 68.0763 8
      vertex 5.24107 68.2089 5
    endloop
  endfacet
  facet normal -0.750257 0.658209 0.0622567
    outer loop
      vertex 5.37365 68.0763 8
      vertex 5.22867 68.1948 5
      vertex 5.17529 67.8502 8
    endloop
  endfacet
  facet normal -0.750387 0.658062 0.0622375
    outer loop
      vertex 5.22867 68.1948 5
      vertex 5.02653 67.9643 5
      vertex 5.17529 67.8502 8
    endloop
  endfacet
  facet normal -0.945088 0.320835 0.0622405
    outer loop
      vertex 4.70185 67.4019 5
      vertex 4.6033 67.1116 5
      vertex 4.87508 67.3302 8
    endloop
  endfacet
  facet normal -0.945131 0.320707 0.0622423
    outer loop
      vertex 4.77837 67.0453 8
      vertex 4.6033 67.1116 5
      vertex 4.59726 67.0938 5
    endloop
  endfacet
  facet normal -0.945095 0.320815 0.0622426
    outer loop
      vertex 4.6033 67.1116 5
      vertex 4.77837 67.0453 8
      vertex 4.87508 67.3302 8
    endloop
  endfacet
  facet normal -0.441444 0.895129 0.0622216
    outer loop
      vertex 6.03121 68.7398 5
      vertex 5.75625 68.6042 5
      vertex 5.85 68.4419 8
    endloop
  endfacet
  facet normal -0.829797 -0.554581 0.0622618
    outer loop
      vertex 5.01609 64.9513 5
      vertex 5.17529 65.0499 8
      vertex 5.00814 65.3 8
    endloop
  endfacet
  facet normal -0.829453 -0.555096 0.0622605
    outer loop
      vertex 5.17529 65.0499 8
      vertex 5.01609 64.9513 5
      vertex 5.02653 64.9357 5
    endloop
  endfacet
  facet normal -0.895166 -0.441366 0.0622385
    outer loop
      vertex 4.87508 65.5698 8
      vertex 4.70185 65.4981 5
      vertex 4.83744 65.2231 5
    endloop
  endfacet
  facet normal -0.658054 -0.750393 0.062249
    outer loop
      vertex 5.25521 64.6787 5
      vertex 5.37365 64.8237 8
      vertex 5.24107 64.6911 5
    endloop
  endfacet
  facet normal -0.658119 -0.750336 0.0622488
    outer loop
      vertex 5.37365 64.8237 8
      vertex 5.25521 64.6787 5
      vertex 5.59985 64.6253 8
    endloop
  endfacet
  facet normal 0.552889 -0.830928 0.062231
    outer loop
      vertex 8.25938 64.3062 5
      vertex 8.15 64.4581 8
      vertex 8.24375 64.2958 5
    endloop
  endfacet
  facet normal 0.55462 -0.829773 0.0622356
    outer loop
      vertex 8.15 64.4581 8
      vertex 8.25938 64.3062 5
      vertex 8.40015 64.6253 8
    endloop
  endfacet
  facet normal 0.894602 0.442508 0.0622428
    outer loop
      vertex 8.99186 67.6 8
      vertex 9.16255 67.6769 5
      vertex 9.15424 67.6937 5
    endloop
  endfacet
  facet normal 0.895121 0.441456 0.0622454
    outer loop
      vertex 9.16255 67.6769 5
      vertex 8.99186 67.6 8
      vertex 9.12492 67.3302 8
    endloop
  endfacet
  facet normal -0.554436 0.829897 0.0622235
    outer loop
      vertex 5.75625 68.6042 5
      vertex 5.50134 68.4339 5
      vertex 5.85 68.4419 8
    endloop
  endfacet
  facet normal -0.554619 0.829773 0.0622451
    outer loop
      vertex 5.50134 68.4339 5
      vertex 5.59985 68.2747 8
      vertex 5.85 68.4419 8
    endloop
  endfacet
  facet normal -0.552888 0.830927 0.0622495
    outer loop
      vertex 5.59985 68.2747 8
      vertex 5.50134 68.4339 5
      vertex 5.48571 68.4235 5
    endloop
  endfacet
  facet normal -0.658172 -0.75029 0.0622556
    outer loop
      vertex 5.59985 64.6253 8
      vertex 5.25521 64.6787 5
      vertex 5.48571 64.4765 5
    endloop
  endfacet
  facet normal -0.554435 -0.829895 0.0622572
    outer loop
      vertex 5.59985 64.6253 8
      vertex 5.48571 64.4765 5
      vertex 5.74062 64.3062 5
    endloop
  endfacet
  facet normal 0.441256 -0.89522 0.0622474
    outer loop
      vertex 8.22689 64.2874 5
      vertex 8.15 64.4581 8
      vertex 7.88017 64.3251 8
    endloop
  endfacet
  facet normal 0.445075 -0.893328 0.0622376
    outer loop
      vertex 8.15 64.4581 8
      vertex 8.22689 64.2874 5
      vertex 8.24375 64.2958 5
    endloop
  endfacet
  facet normal 0.995976 -0.0644763 0.0622485
    outer loop
      vertex 9.3 110.9 8
      vertex 9.48627 110.881 5
      vertex 9.4875 110.9 5
    endloop
  endfacet
  facet normal 0.99592 -0.0653323 0.0622504
    outer loop
      vertex 9.48627 110.881 5
      vertex 9.3 110.9 8
      vertex 9.28032 110.6 8
    endloop
  endfacet
  facet normal 0.0651115 0.995945 0.0620806
    outer loop
      vertex 7 113.387 5
      vertex 7 113.2 8
      vertex 7.30592 113.367 5
    endloop
  endfacet
  facet normal 0.995925 0.0652558 0.0622579
    outer loop
      vertex 9.46622 111.225 5
      vertex 9.28032 111.2 8
      vertex 9.48627 110.919 5
    endloop
  endfacet
  facet normal -0.995975 0.0644763 0.0622546
    outer loop
      vertex 4.53255 111.206 5
      vertex 4.71968 111.2 8
      vertex 4.53378 111.225 5
    endloop
  endfacet
  facet normal -0.99592 0.0653323 0.0622528
    outer loop
      vertex 4.71968 111.2 8
      vertex 4.53255 111.206 5
      vertex 4.7 110.9 8
    endloop
  endfacet
  facet normal -0.0683508 -0.995708 0.0623977
    outer loop
      vertex 7 108.6 8
      vertex 6.69408 108.433 5
      vertex 7 108.412 5
    endloop
  endfacet
  facet normal 0.944985 0.321132 0.0622737
    outer loop
      vertex 9.29815 111.852 5
      vertex 9.12492 111.78 8
      vertex 9.3967 111.562 5
    endloop
  endfacet
  facet normal -0.99592 -0.0653323 0.0622528
    outer loop
      vertex 4.53255 110.594 5
      vertex 4.71968 110.6 8
      vertex 4.7 110.9 8
    endloop
  endfacet
  facet normal -0.995975 -0.0644763 0.0622546
    outer loop
      vertex 4.71968 110.6 8
      vertex 4.53255 110.594 5
      vertex 4.53378 110.575 5
    endloop
  endfacet
  facet normal -0.946207 -0.317505 0.0623084
    outer loop
      vertex 4.6033 110.238 5
      vertex 4.77837 110.305 8
      vertex 4.59726 110.256 5
    endloop
  endfacet
  facet normal -0.945124 -0.320712 0.0623169
    outer loop
      vertex 4.77837 110.305 8
      vertex 4.6033 110.238 5
      vertex 4.87508 110.02 8
    endloop
  endfacet
  facet normal 0.659259 -0.749335 0.0622476
    outer loop
      vertex 8.74479 109.129 5
      vertex 8.62634 109.274 8
      vertex 8.40015 109.075 8
    endloop
  endfacet
  facet normal 0.645797 -0.760965 0.0622782
    outer loop
      vertex 8.62634 109.274 8
      vertex 8.74479 109.129 5
      vertex 8.75893 109.141 5
    endloop
  endfacet
  facet normal 0.995925 -0.0652558 0.0622579
    outer loop
      vertex 9.48627 110.881 5
      vertex 9.28032 110.6 8
      vertex 9.46622 110.575 5
    endloop
  endfacet
  facet normal 0.747131 0.661745 0.0623581
    outer loop
      vertex 8.62634 112.526 8
      vertex 8.77133 112.645 5
      vertex 8.75893 112.659 5
    endloop
  endfacet
  facet normal 0.750091 0.658387 0.0623679
    outer loop
      vertex 8.77133 112.645 5
      vertex 8.62634 112.526 8
      vertex 8.82471 112.3 8
    endloop
  endfacet
  facet normal 0.978921 0.194516 0.0622745
    outer loop
      vertex 9.40274 111.544 5
      vertex 9.22163 111.495 8
      vertex 9.46255 111.243 5
    endloop
  endfacet
  facet normal 0.322138 0.944647 0.0622048
    outer loop
      vertex 7.64381 113.303 5
      vertex 7.59528 113.122 8
      vertex 7.93412 113.204 5
    endloop
  endfacet
  facet normal 0.439859 0.895911 0.0621842
    outer loop
      vertex 7.95192 113.198 5
      vertex 7.88017 113.025 8
      vertex 8.22689 113.063 5
    endloop
  endfacet
  facet normal -0.066344 0.995856 0.0622013
    outer loop
      vertex 6.69408 113.367 5
      vertex 6.69979 113.18 8
      vertex 7 113.2 8
    endloop
  endfacet
  facet normal -0.0531262 0.996647 0.0622255
    outer loop
      vertex 6.69979 113.18 8
      vertex 6.69408 113.367 5
      vertex 6.67532 113.366 5
    endloop
  endfacet
  facet normal -0.657812 0.750622 0.0620582
    outer loop
      vertex 5.48571 112.873 5
      vertex 5.25521 112.671 5
      vertex 5.59985 112.725 8
    endloop
  endfacet
  facet normal -0.829691 -0.554731 0.0623351
    outer loop
      vertex 5.01609 109.401 5
      vertex 5.17529 109.5 8
      vertex 5.00814 109.75 8
    endloop
  endfacet
  facet normal -0.819178 -0.570148 0.0622859
    outer loop
      vertex 5.17529 109.5 8
      vertex 5.01609 109.401 5
      vertex 5.02653 109.386 5
    endloop
  endfacet
  facet normal -0.747139 -0.661752 0.0621947
    outer loop
      vertex 5.03893 109.372 5
      vertex 5.17529 109.5 8
      vertex 5.02653 109.386 5
    endloop
  endfacet
  facet normal -0.750116 -0.658376 0.062186
    outer loop
      vertex 5.17529 109.5 8
      vertex 5.03893 109.372 5
      vertex 5.37365 109.274 8
    endloop
  endfacet
  facet normal 0.066344 -0.995856 0.0622013
    outer loop
      vertex 7.30592 108.433 5
      vertex 7.30021 108.62 8
      vertex 7 108.6 8
    endloop
  endfacet
  facet normal 0.0531262 -0.996647 0.0622255
    outer loop
      vertex 7.30021 108.62 8
      vertex 7.30592 108.433 5
      vertex 7.32468 108.434 5
    endloop
  endfacet
  facet normal 0.322149 -0.944645 0.0621792
    outer loop
      vertex 7.88017 108.775 8
      vertex 7.66162 108.503 5
      vertex 7.95192 108.602 5
    endloop
  endfacet
  facet normal 0.441254 -0.895215 0.0623366
    outer loop
      vertex 8.22689 108.737 5
      vertex 8.15 108.908 8
      vertex 7.88017 108.775 8
    endloop
  endfacet
  facet normal 0.470001 -0.880469 0.0622329
    outer loop
      vertex 8.15 108.908 8
      vertex 8.22689 108.737 5
      vertex 8.24375 108.746 5
    endloop
  endfacet
  facet normal 0.944985 -0.321132 0.0622737
    outer loop
      vertex 9.3967 110.238 5
      vertex 9.12492 110.02 8
      vertex 9.29815 109.948 5
    endloop
  endfacet
  facet normal 0.751089 -0.657252 0.0623338
    outer loop
      vertex 8.96107 109.372 5
      vertex 8.62634 109.274 8
      vertex 8.75893 109.141 5
    endloop
  endfacet
  facet normal 0.97794 -0.199391 0.0622613
    outer loop
      vertex 9.28032 110.6 8
      vertex 9.46255 110.557 5
      vertex 9.46622 110.575 5
    endloop
  endfacet
  facet normal 0.978876 -0.194747 0.0622516
    outer loop
      vertex 9.46255 110.557 5
      vertex 9.28032 110.6 8
      vertex 9.22163 110.305 8
    endloop
  endfacet
  facet normal 0.99592 0.0653323 0.0622504
    outer loop
      vertex 9.3 110.9 8
      vertex 9.48627 110.919 5
      vertex 9.28032 111.2 8
    endloop
  endfacet
  facet normal 0.995976 0.0644763 0.0622485
    outer loop
      vertex 9.48627 110.919 5
      vertex 9.3 110.9 8
      vertex 9.4875 110.9 5
    endloop
  endfacet
  facet normal 0.945124 0.320712 0.0623169
    outer loop
      vertex 9.22163 111.495 8
      vertex 9.3967 111.562 5
      vertex 9.12492 111.78 8
    endloop
  endfacet
  facet normal 0.946207 0.317505 0.0623084
    outer loop
      vertex 9.3967 111.562 5
      vertex 9.22163 111.495 8
      vertex 9.40274 111.544 5
    endloop
  endfacet
  facet normal 0.895151 0.441391 0.0622824
    outer loop
      vertex 9.16255 112.127 5
      vertex 9.12492 111.78 8
      vertex 9.29815 111.852 5
    endloop
  endfacet
  facet normal 0.318802 0.94578 0.0621647
    outer loop
      vertex 7.93412 113.204 5
      vertex 7.88017 113.025 8
      vertex 7.95192 113.198 5
    endloop
  endfacet
  facet normal 0.321689 0.944803 0.0621583
    outer loop
      vertex 7.88017 113.025 8
      vertex 7.93412 113.204 5
      vertex 7.59528 113.122 8
    endloop
  endfacet
  facet normal 0 0 1
    outer loop
      vertex 9.28032 111.2 8
      vertex 9.28032 110.6 8
      vertex 9.3 110.9 8
    endloop
  endfacet
  facet normal 0 0 1
    outer loop
      vertex 9.22163 111.495 8
      vertex 9.28032 110.6 8
      vertex 9.28032 111.2 8
    endloop
  endfacet
  facet normal 0 0 1
    outer loop
      vertex 9.22163 111.495 8
      vertex 9.22163 110.305 8
      vertex 9.28032 110.6 8
    endloop
  endfacet
  facet normal 0 0 1
    outer loop
      vertex 9.12492 111.78 8
      vertex 9.22163 110.305 8
      vertex 9.22163 111.495 8
    endloop
  endfacet
  facet normal 0 0 1
    outer loop
      vertex 9.12492 111.78 8
      vertex 9.12492 110.02 8
      vertex 9.22163 110.305 8
    endloop
  endfacet
  facet normal 0 0 1
    outer loop
      vertex 8.99186 112.05 8
      vertex 9.12492 110.02 8
      vertex 9.12492 111.78 8
    endloop
  endfacet
  facet normal 0 0 1
    outer loop
      vertex 8.99186 112.05 8
      vertex 8.99186 109.75 8
      vertex 9.12492 110.02 8
    endloop
  endfacet
  facet normal 0 0 1
    outer loop
      vertex 8.82471 112.3 8
      vertex 8.99186 109.75 8
      vertex 8.99186 112.05 8
    endloop
  endfacet
  facet normal 0 0 1
    outer loop
      vertex 8.82471 112.3 8
      vertex 8.82471 109.5 8
      vertex 8.99186 109.75 8
    endloop
  endfacet
  facet normal 0 0 1
    outer loop
      vertex 8.62634 112.526 8
      vertex 8.82471 109.5 8
      vertex 8.82471 112.3 8
    endloop
  endfacet
  facet normal 0 0 1
    outer loop
      vertex 8.62634 112.526 8
      vertex 8.62634 109.274 8
      vertex 8.82471 109.5 8
    endloop
  endfacet
  facet normal 0 0 1
    outer loop
      vertex 8.40015 112.725 8
      vertex 8.62634 109.274 8
      vertex 8.62634 112.526 8
    endloop
  endfacet
  facet normal 0 0 1
    outer loop
      vertex 8.40015 112.725 8
      vertex 8.40015 109.075 8
      vertex 8.62634 109.274 8
    endloop
  endfacet
  facet normal 0 0 1
    outer loop
      vertex 8.15 112.892 8
      vertex 8.40015 109.075 8
      vertex 8.40015 112.725 8
    endloop
  endfacet
  facet normal 0 0 1
    outer loop
      vertex 8.15 112.892 8
      vertex 8.15 108.908 8
      vertex 8.40015 109.075 8
    endloop
  endfacet
  facet normal 0 0 1
    outer loop
      vertex 7.88017 113.025 8
      vertex 8.15 108.908 8
      vertex 8.15 112.892 8
    endloop
  endfacet
  facet normal 0 0 1
    outer loop
      vertex 7.88017 113.025 8
      vertex 7.88017 108.775 8
      vertex 8.15 108.908 8
    endloop
  endfacet
  facet normal 0 0 1
    outer loop
      vertex 7.59528 113.122 8
      vertex 7.88017 108.775 8
      vertex 7.88017 113.025 8
    endloop
  endfacet
  facet normal 0 0 1
    outer loop
      vertex 7.59528 113.122 8
      vertex 7.59528 108.678 8
      vertex 7.88017 108.775 8
    endloop
  endfacet
  facet normal 0 0 1
    outer loop
      vertex 7.30021 113.18 8
      vertex 7.59528 108.678 8
      vertex 7.59528 113.122 8
    endloop
  endfacet
  facet normal 0 0 1
    outer loop
      vertex 7.30021 113.18 8
      vertex 7.30021 108.62 8
      vertex 7.59528 108.678 8
    endloop
  endfacet
  facet normal 0 0 1
    outer loop
      vertex 7 113.2 8
      vertex 7.30021 108.62 8
      vertex 7.30021 113.18 8
    endloop
  endfacet
  facet normal 0 0 1
    outer loop
      vertex 7 113.2 8
      vertex 7 108.6 8
      vertex 7.30021 108.62 8
    endloop
  endfacet
  facet normal -0 0 1
    outer loop
      vertex 6.69979 113.18 8
      vertex 7 108.6 8
      vertex 7 113.2 8
    endloop
  endfacet
  facet normal 0 0 1
    outer loop
      vertex 6.69979 113.18 8
      vertex 6.69979 108.62 8
      vertex 7 108.6 8
    endloop
  endfacet
  facet normal -0 0 1
    outer loop
      vertex 6.40472 113.122 8
      vertex 6.69979 108.62 8
      vertex 6.69979 113.18 8
    endloop
  endfacet
  facet normal 0 0 1
    outer loop
      vertex 6.40472 113.122 8
      vertex 6.40472 108.678 8
      vertex 6.69979 108.62 8
    endloop
  endfacet
  facet normal -0 0 1
    outer loop
      vertex 6.11983 113.025 8
      vertex 6.40472 108.678 8
      vertex 6.40472 113.122 8
    endloop
  endfacet
  facet normal 0 0 1
    outer loop
      vertex 6.11983 113.025 8
      vertex 6.11983 108.775 8
      vertex 6.40472 108.678 8
    endloop
  endfacet
  facet normal -0 0 1
    outer loop
      vertex 5.85 112.892 8
      vertex 6.11983 108.775 8
      vertex 6.11983 113.025 8
    endloop
  endfacet
  facet normal 0 0 1
    outer loop
      vertex 5.85 112.892 8
      vertex 5.85 108.908 8
      vertex 6.11983 108.775 8
    endloop
  endfacet
  facet normal -0 0 1
    outer loop
      vertex 5.59985 112.725 8
      vertex 5.85 108.908 8
      vertex 5.85 112.892 8
    endloop
  endfacet
  facet normal 0 0 1
    outer loop
      vertex 5.59985 112.725 8
      vertex 5.59985 109.075 8
      vertex 5.85 108.908 8
    endloop
  endfacet
  facet normal -0 0 1
    outer loop
      vertex 5.37365 112.526 8
      vertex 5.59985 109.075 8
      vertex 5.59985 112.725 8
    endloop
  endfacet
  facet normal 0 0 1
    outer loop
      vertex 5.37365 112.526 8
      vertex 5.37365 109.274 8
      vertex 5.59985 109.075 8
    endloop
  endfacet
  facet normal -0 0 1
    outer loop
      vertex 5.17529 112.3 8
      vertex 5.37365 109.274 8
      vertex 5.37365 112.526 8
    endloop
  endfacet
  facet normal 0 0 1
    outer loop
      vertex 5.17529 112.3 8
      vertex 5.17529 109.5 8
      vertex 5.37365 109.274 8
    endloop
  endfacet
  facet normal -0 0 1
    outer loop
      vertex 5.00814 112.05 8
      vertex 5.17529 109.5 8
      vertex 5.17529 112.3 8
    endloop
  endfacet
  facet normal 0 0 1
    outer loop
      vertex 5.00814 112.05 8
      vertex 5.00814 109.75 8
      vertex 5.17529 109.5 8
    endloop
  endfacet
  facet normal -0 0 1
    outer loop
      vertex 4.87508 111.78 8
      vertex 5.00814 109.75 8
      vertex 5.00814 112.05 8
    endloop
  endfacet
  facet normal 0 0 1
    outer loop
      vertex 4.87508 111.78 8
      vertex 4.87508 110.02 8
      vertex 5.00814 109.75 8
    endloop
  endfacet
  facet normal -0 0 1
    outer loop
      vertex 4.77837 111.495 8
      vertex 4.87508 110.02 8
      vertex 4.87508 111.78 8
    endloop
  endfacet
  facet normal 0 0 1
    outer loop
      vertex 4.77837 111.495 8
      vertex 4.77837 110.305 8
      vertex 4.87508 110.02 8
    endloop
  endfacet
  facet normal -0 0 1
    outer loop
      vertex 4.71968 111.2 8
      vertex 4.77837 110.305 8
      vertex 4.77837 111.495 8
    endloop
  endfacet
  facet normal 0 0 1
    outer loop
      vertex 4.71968 111.2 8
      vertex 4.71968 110.6 8
      vertex 4.77837 110.305 8
    endloop
  endfacet
  facet normal 0 -0 1
    outer loop
      vertex 4.71968 110.6 8
      vertex 4.71968 111.2 8
      vertex 4.7 110.9 8
    endloop
  endfacet
  facet normal -0.97794 0.199391 0.0622613
    outer loop
      vertex 4.71968 111.2 8
      vertex 4.53745 111.243 5
      vertex 4.53378 111.225 5
    endloop
  endfacet
  facet normal -0.978876 0.194747 0.0622516
    outer loop
      vertex 4.53745 111.243 5
      vertex 4.71968 111.2 8
      vertex 4.77837 111.495 8
    endloop
  endfacet
  facet normal -0.895164 0.441365 0.0622825
    outer loop
      vertex 4.83744 112.127 5
      vertex 4.70185 111.852 5
      vertex 4.87508 111.78 8
    endloop
  endfacet
  facet normal -0.321689 0.944803 0.0621583
    outer loop
      vertex 6.06588 113.204 5
      vertex 6.11983 113.025 8
      vertex 6.40472 113.122 8
    endloop
  endfacet
  facet normal -0.318642 0.945835 0.062165
    outer loop
      vertex 6.11983 113.025 8
      vertex 6.06588 113.204 5
      vertex 6.04807 113.198 5
    endloop
  endfacet
  facet normal -0.0651115 0.995945 0.0620806
    outer loop
      vertex 7 113.387 5
      vertex 6.69408 113.367 5
      vertex 7 113.2 8
    endloop
  endfacet
  facet normal -0.995925 -0.0652559 0.0622453
    outer loop
      vertex 4.7 110.9 8
      vertex 4.5125 110.9 5
      vertex 4.53255 110.594 5
    endloop
  endfacet
  facet normal -0.995925 0.0652559 0.0622453
    outer loop
      vertex 4.53255 111.206 5
      vertex 4.5125 110.9 5
      vertex 4.7 110.9 8
    endloop
  endfacet
  facet normal -0.645797 -0.760965 0.062276
    outer loop
      vertex 5.25521 109.129 5
      vertex 5.37365 109.274 8
      vertex 5.24107 109.141 5
    endloop
  endfacet
  facet normal -0.659242 -0.74935 0.0622455
    outer loop
      vertex 5.37365 109.274 8
      vertex 5.25521 109.129 5
      vertex 5.59985 109.075 8
    endloop
  endfacet
  facet normal -0.322139 -0.944648 0.0621803
    outer loop
      vertex 6.11983 108.775 8
      vertex 6.04807 108.602 5
      vertex 6.33838 108.503 5
    endloop
  endfacet
  facet normal -0.944985 -0.321132 0.0622737
    outer loop
      vertex 4.87508 110.02 8
      vertex 4.6033 110.238 5
      vertex 4.70185 109.948 5
    endloop
  endfacet
  facet normal 0.195304 -0.978764 0.0622764
    outer loop
      vertex 7.62537 108.494 5
      vertex 7.30021 108.62 8
      vertex 7.32468 108.434 5
    endloop
  endfacet
  facet normal 0.0683508 -0.995708 0.0623977
    outer loop
      vertex 7.30592 108.433 5
      vertex 7 108.6 8
      vertex 7 108.412 5
    endloop
  endfacet
  facet normal 0.439859 -0.895911 0.0621842
    outer loop
      vertex 8.22689 108.737 5
      vertex 7.88017 108.775 8
      vertex 7.95192 108.602 5
    endloop
  endfacet
  facet normal 0.318641 -0.945831 0.0622197
    outer loop
      vertex 7.66162 108.503 5
      vertex 7.59528 108.678 8
      vertex 7.64381 108.497 5
    endloop
  endfacet
  facet normal 0.321687 -0.944799 0.0622269
    outer loop
      vertex 7.59528 108.678 8
      vertex 7.66162 108.503 5
      vertex 7.88017 108.775 8
    endloop
  endfacet
  facet normal 0.747139 -0.661752 0.0621947
    outer loop
      vertex 8.82471 109.5 8
      vertex 8.96107 109.372 5
      vertex 8.97347 109.386 5
    endloop
  endfacet
  facet normal 0.750099 -0.658395 0.062186
    outer loop
      vertex 8.96107 109.372 5
      vertex 8.82471 109.5 8
      vertex 8.62634 109.274 8
    endloop
  endfacet
  facet normal 0.895151 -0.441391 0.0622824
    outer loop
      vertex 9.29815 109.948 5
      vertex 9.12492 110.02 8
      vertex 9.16255 109.673 5
    endloop
  endfacet
  facet normal 0.978921 -0.194516 0.0622745
    outer loop
      vertex 9.46255 110.557 5
      vertex 9.22163 110.305 8
      vertex 9.40274 110.256 5
    endloop
  endfacet
  facet normal 0.946207 -0.317505 0.0623084
    outer loop
      vertex 9.22163 110.305 8
      vertex 9.3967 110.238 5
      vertex 9.40274 110.256 5
    endloop
  endfacet
  facet normal 0.945124 -0.320712 0.0623169
    outer loop
      vertex 9.3967 110.238 5
      vertex 9.22163 110.305 8
      vertex 9.12492 110.02 8
    endloop
  endfacet
  facet normal 0.978876 0.194747 0.0622516
    outer loop
      vertex 9.28032 111.2 8
      vertex 9.46255 111.243 5
      vertex 9.22163 111.495 8
    endloop
  endfacet
  facet normal 0.97794 0.199391 0.0622613
    outer loop
      vertex 9.46255 111.243 5
      vertex 9.28032 111.2 8
      vertex 9.46622 111.225 5
    endloop
  endfacet
  facet normal 0.896664 0.438311 0.0622672
    outer loop
      vertex 8.99186 112.05 8
      vertex 9.16255 112.127 5
      vertex 9.15424 112.144 5
    endloop
  endfacet
  facet normal 0.89525 0.441193 0.0622607
    outer loop
      vertex 9.16255 112.127 5
      vertex 8.99186 112.05 8
      vertex 9.12492 111.78 8
    endloop
  endfacet
  facet normal 0.645797 0.760965 0.0622782
    outer loop
      vertex 8.74479 112.671 5
      vertex 8.62634 112.526 8
      vertex 8.75893 112.659 5
    endloop
  endfacet
  facet normal 0.659259 0.749335 0.0622476
    outer loop
      vertex 8.62634 112.526 8
      vertex 8.74479 112.671 5
      vertex 8.40015 112.725 8
    endloop
  endfacet
  facet normal 0.195311 0.978766 0.0622117
    outer loop
      vertex 7.64381 113.303 5
      vertex 7.34313 113.363 5
      vertex 7.59528 113.122 8
    endloop
  endfacet
  facet normal -0.978921 0.194516 0.0622745
    outer loop
      vertex 4.59726 111.544 5
      vertex 4.53745 111.243 5
      vertex 4.77837 111.495 8
    endloop
  endfacet
  facet normal -0.946207 0.317505 0.0623084
    outer loop
      vertex 4.77837 111.495 8
      vertex 4.6033 111.562 5
      vertex 4.59726 111.544 5
    endloop
  endfacet
  facet normal -0.945124 0.320712 0.0623169
    outer loop
      vertex 4.6033 111.562 5
      vertex 4.77837 111.495 8
      vertex 4.87508 111.78 8
    endloop
  endfacet
  facet normal -0.442493 0.894617 0.0621372
    outer loop
      vertex 6.03121 113.19 5
      vertex 5.75625 113.054 5
      vertex 5.85 112.892 8
    endloop
  endfacet
  facet normal -0.537888 0.840718 0.0622078
    outer loop
      vertex 5.74062 113.044 5
      vertex 5.85 112.892 8
      vertex 5.75625 113.054 5
    endloop
  endfacet
  facet normal -0.55416 0.830078 0.062262
    outer loop
      vertex 5.85 112.892 8
      vertex 5.74062 113.044 5
      vertex 5.59985 112.725 8
    endloop
  endfacet
  facet normal -0.747131 0.661745 0.0623556
    outer loop
      vertex 5.22867 112.645 5
      vertex 5.37365 112.526 8
      vertex 5.24107 112.659 5
    endloop
  endfacet
  facet normal -0.750107 0.658369 0.0623655
    outer loop
      vertex 5.37365 112.526 8
      vertex 5.22867 112.645 5
      vertex 5.17529 112.3 8
    endloop
  endfacet
  facet normal -0.321687 -0.944799 0.0622269
    outer loop
      vertex 6.33838 108.503 5
      vertex 6.40472 108.678 8
      vertex 6.11983 108.775 8
    endloop
  endfacet
  facet normal -0.318641 -0.945831 0.0622197
    outer loop
      vertex 6.40472 108.678 8
      vertex 6.33838 108.503 5
      vertex 6.35619 108.497 5
    endloop
  endfacet
  facet normal -0.160269 -0.985122 0.0620283
    outer loop
      vertex 6.37463 108.494 5
      vertex 6.40472 108.678 8
      vertex 6.35619 108.497 5
    endloop
  endfacet
  facet normal -0.192502 -0.979336 0.0619967
    outer loop
      vertex 6.40472 108.678 8
      vertex 6.37463 108.494 5
      vertex 6.69979 108.62 8
    endloop
  endfacet
  facet normal -0.657812 -0.750622 0.0620582
    outer loop
      vertex 5.59985 109.075 8
      vertex 5.25521 109.129 5
      vertex 5.48571 108.927 5
    endloop
  endfacet
  facet normal -0.556015 -0.828853 0.0620446
    outer loop
      vertex 5.59985 109.075 8
      vertex 5.48571 108.927 5
      vertex 5.74062 108.756 5
    endloop
  endfacet
  facet normal -0.751089 -0.657252 0.0623313
    outer loop
      vertex 5.37365 109.274 8
      vertex 5.03893 109.372 5
      vertex 5.24107 109.141 5
    endloop
  endfacet
  facet normal -0.97794 -0.199391 0.0622613
    outer loop
      vertex 4.53745 110.557 5
      vertex 4.71968 110.6 8
      vertex 4.53378 110.575 5
    endloop
  endfacet
  facet normal -0.978876 -0.194747 0.0622516
    outer loop
      vertex 4.71968 110.6 8
      vertex 4.53745 110.557 5
      vertex 4.77837 110.305 8
    endloop
  endfacet
  facet normal -0.978921 -0.194516 0.0622745
    outer loop
      vertex 4.77837 110.305 8
      vertex 4.53745 110.557 5
      vertex 4.59726 110.256 5
    endloop
  endfacet
  facet normal -0.895164 -0.441365 0.0622825
    outer loop
      vertex 4.87508 110.02 8
      vertex 4.70185 109.948 5
      vertex 4.83744 109.673 5
    endloop
  endfacet
  facet normal 0.192502 -0.979336 0.0619967
    outer loop
      vertex 7.62537 108.494 5
      vertex 7.59528 108.678 8
      vertex 7.30021 108.62 8
    endloop
  endfacet
  facet normal 0.160269 -0.985122 0.0620283
    outer loop
      vertex 7.59528 108.678 8
      vertex 7.62537 108.494 5
      vertex 7.64381 108.497 5
    endloop
  endfacet
  facet normal 0.89525 -0.441193 0.0622607
    outer loop
      vertex 8.99186 109.75 8
      vertex 9.16255 109.673 5
      vertex 9.12492 110.02 8
    endloop
  endfacet
  facet normal 0.896664 -0.438311 0.0622672
    outer loop
      vertex 9.16255 109.673 5
      vertex 8.99186 109.75 8
      vertex 9.15424 109.656 5
    endloop
  endfacet
  facet normal 0.829691 -0.554731 0.0623351
    outer loop
      vertex 8.82471 109.5 8
      vertex 8.98391 109.401 5
      vertex 8.99186 109.75 8
    endloop
  endfacet
  facet normal 0.819178 -0.570148 0.0622859
    outer loop
      vertex 8.98391 109.401 5
      vertex 8.82471 109.5 8
      vertex 8.97347 109.386 5
    endloop
  endfacet
  facet normal 0.829938 -0.554366 0.0622919
    outer loop
      vertex 8.99186 109.75 8
      vertex 8.98391 109.401 5
      vertex 9.15424 109.656 5
    endloop
  endfacet
  facet normal 0.829957 0.554346 0.06222
    outer loop
      vertex 8.97347 112.414 5
      vertex 8.82471 112.3 8
      vertex 9.14379 112.159 5
    endloop
  endfacet
  facet normal 0.751094 0.657256 0.06222
    outer loop
      vertex 8.97347 112.414 5
      vertex 8.77133 112.645 5
      vertex 8.82471 112.3 8
    endloop
  endfacet
  facet normal 0.556015 0.828853 0.0620446
    outer loop
      vertex 8.51429 112.873 5
      vertex 8.25938 113.044 5
      vertex 8.40015 112.725 8
    endloop
  endfacet
  facet normal 0.657812 0.750622 0.0620582
    outer loop
      vertex 8.51429 112.873 5
      vertex 8.40015 112.725 8
      vertex 8.74479 112.671 5
    endloop
  endfacet
  facet normal 0.55416 0.830078 0.062262
    outer loop
      vertex 8.25938 113.044 5
      vertex 8.15 112.892 8
      vertex 8.40015 112.725 8
    endloop
  endfacet
  facet normal 0.537888 0.840718 0.0622078
    outer loop
      vertex 8.15 112.892 8
      vertex 8.25938 113.044 5
      vertex 8.24375 113.054 5
    endloop
  endfacet
  facet normal 0.470001 0.880469 0.0622329
    outer loop
      vertex 8.22689 113.063 5
      vertex 8.15 112.892 8
      vertex 8.24375 113.054 5
    endloop
  endfacet
  facet normal 0.441254 0.895215 0.0623366
    outer loop
      vertex 8.15 112.892 8
      vertex 8.22689 113.063 5
      vertex 7.88017 113.025 8
    endloop
  endfacet
  facet normal 0.192496 0.979306 0.0624916
    outer loop
      vertex 7.34313 113.363 5
      vertex 7.30021 113.18 8
      vertex 7.59528 113.122 8
    endloop
  endfacet
  facet normal 0.160181 0.985114 0.0623836
    outer loop
      vertex 7.30021 113.18 8
      vertex 7.34313 113.363 5
      vertex 7.32468 113.366 5
    endloop
  endfacet
  facet normal 0.0531262 0.996647 0.0622255
    outer loop
      vertex 7.30592 113.367 5
      vertex 7.30021 113.18 8
      vertex 7.32468 113.366 5
    endloop
  endfacet
  facet normal 0.066344 0.995856 0.0622013
    outer loop
      vertex 7.30021 113.18 8
      vertex 7.30592 113.367 5
      vertex 7 113.2 8
    endloop
  endfacet
  facet normal -0.944985 0.321132 0.0622737
    outer loop
      vertex 4.70185 111.852 5
      vertex 4.6033 111.562 5
      vertex 4.87508 111.78 8
    endloop
  endfacet
  facet normal -0.556015 0.828853 0.0620446
    outer loop
      vertex 5.74062 113.044 5
      vertex 5.48571 112.873 5
      vertex 5.59985 112.725 8
    endloop
  endfacet
  facet normal -0.427854 0.901703 0.0622325
    outer loop
      vertex 6.03121 113.19 5
      vertex 6.11983 113.025 8
      vertex 6.04807 113.198 5
    endloop
  endfacet
  facet normal -0.441256 0.895218 0.0622717
    outer loop
      vertex 6.11983 113.025 8
      vertex 6.03121 113.19 5
      vertex 5.85 112.892 8
    endloop
  endfacet
  facet normal -0.659242 0.74935 0.0622455
    outer loop
      vertex 5.25521 112.671 5
      vertex 5.37365 112.526 8
      vertex 5.59985 112.725 8
    endloop
  endfacet
  facet normal -0.645797 0.760965 0.062276
    outer loop
      vertex 5.37365 112.526 8
      vertex 5.25521 112.671 5
      vertex 5.24107 112.659 5
    endloop
  endfacet
  facet normal -0.195304 -0.978764 0.0622764
    outer loop
      vertex 6.69979 108.62 8
      vertex 6.37463 108.494 5
      vertex 6.67532 108.434 5
    endloop
  endfacet
  facet normal -0.0531262 -0.996647 0.0622255
    outer loop
      vertex 6.69408 108.433 5
      vertex 6.69979 108.62 8
      vertex 6.67532 108.434 5
    endloop
  endfacet
  facet normal -0.066344 -0.995856 0.0622013
    outer loop
      vertex 6.69979 108.62 8
      vertex 6.69408 108.433 5
      vertex 7 108.6 8
    endloop
  endfacet
  facet normal -0.441256 -0.895218 0.0622717
    outer loop
      vertex 6.03121 108.61 5
      vertex 6.11983 108.775 8
      vertex 5.85 108.908 8
    endloop
  endfacet
  facet normal -0.427854 -0.901703 0.0622325
    outer loop
      vertex 6.11983 108.775 8
      vertex 6.03121 108.61 5
      vertex 6.04807 108.602 5
    endloop
  endfacet
  facet normal -0.89525 -0.441192 0.0622637
    outer loop
      vertex 4.83744 109.673 5
      vertex 5.00814 109.75 8
      vertex 4.87508 110.02 8
    endloop
  endfacet
  facet normal -0.896456 -0.438736 0.0622692
    outer loop
      vertex 5.00814 109.75 8
      vertex 4.83744 109.673 5
      vertex 4.84576 109.656 5
    endloop
  endfacet
  facet normal -0.829938 -0.554366 0.0622919
    outer loop
      vertex 5.00814 109.75 8
      vertex 4.84576 109.656 5
      vertex 5.01609 109.401 5
    endloop
  endfacet
  facet normal 0.556015 -0.828853 0.0620446
    outer loop
      vertex 8.40015 109.075 8
      vertex 8.25938 108.756 5
      vertex 8.51429 108.927 5
    endloop
  endfacet
  facet normal 0.657812 -0.750622 0.0620582
    outer loop
      vertex 8.74479 109.129 5
      vertex 8.40015 109.075 8
      vertex 8.51429 108.927 5
    endloop
  endfacet
  facet normal 0.829699 0.554737 0.0621742
    outer loop
      vertex 8.99186 112.05 8
      vertex 9.14379 112.159 5
      vertex 8.82471 112.3 8
    endloop
  endfacet
  facet normal 0.818926 0.570518 0.062202
    outer loop
      vertex 9.14379 112.159 5
      vertex 8.99186 112.05 8
      vertex 9.15424 112.144 5
    endloop
  endfacet
  facet normal -0.160181 0.985114 0.0623836
    outer loop
      vertex 6.65687 113.363 5
      vertex 6.69979 113.18 8
      vertex 6.67532 113.366 5
    endloop
  endfacet
  facet normal -0.192496 0.979306 0.0624916
    outer loop
      vertex 6.69979 113.18 8
      vertex 6.65687 113.363 5
      vertex 6.40472 113.122 8
    endloop
  endfacet
  facet normal -0.818926 0.570518 0.062202
    outer loop
      vertex 5.00814 112.05 8
      vertex 4.85621 112.159 5
      vertex 4.84576 112.144 5
    endloop
  endfacet
  facet normal -0.829699 0.554737 0.0621742
    outer loop
      vertex 4.85621 112.159 5
      vertex 5.00814 112.05 8
      vertex 5.17529 112.3 8
    endloop
  endfacet
  facet normal -0.896456 0.438736 0.0622692
    outer loop
      vertex 4.83744 112.127 5
      vertex 5.00814 112.05 8
      vertex 4.84576 112.144 5
    endloop
  endfacet
  facet normal -0.89525 0.441192 0.0622637
    outer loop
      vertex 5.00814 112.05 8
      vertex 4.83744 112.127 5
      vertex 4.87508 111.78 8
    endloop
  endfacet
  facet normal -0.829957 0.554346 0.06222
    outer loop
      vertex 5.02653 112.414 5
      vertex 4.85621 112.159 5
      vertex 5.17529 112.3 8
    endloop
  endfacet
  facet normal -0.751094 0.657256 0.06222
    outer loop
      vertex 5.22867 112.645 5
      vertex 5.02653 112.414 5
      vertex 5.17529 112.3 8
    endloop
  endfacet
  facet normal -0.55416 -0.830078 0.062262
    outer loop
      vertex 5.74062 108.756 5
      vertex 5.85 108.908 8
      vertex 5.59985 109.075 8
    endloop
  endfacet
  facet normal -0.537888 -0.840718 0.0622078
    outer loop
      vertex 5.85 108.908 8
      vertex 5.74062 108.756 5
      vertex 5.75625 108.746 5
    endloop
  endfacet
  facet normal -0.442493 -0.894617 0.0621372
    outer loop
      vertex 5.85 108.908 8
      vertex 5.75625 108.746 5
      vertex 6.03121 108.61 5
    endloop
  endfacet
  facet normal 0.537888 -0.840718 0.0622078
    outer loop
      vertex 8.25938 108.756 5
      vertex 8.15 108.908 8
      vertex 8.24375 108.746 5
    endloop
  endfacet
  facet normal 0.55416 -0.830078 0.062262
    outer loop
      vertex 8.15 108.908 8
      vertex 8.25938 108.756 5
      vertex 8.40015 109.075 8
    endloop
  endfacet
  facet normal -0.195311 0.978766 0.0622117
    outer loop
      vertex 6.65687 113.363 5
      vertex 6.35619 113.303 5
      vertex 6.40472 113.122 8
    endloop
  endfacet
  facet normal -0.322138 0.944647 0.0622048
    outer loop
      vertex 6.35619 113.303 5
      vertex 6.06588 113.204 5
      vertex 6.40472 113.122 8
    endloop
  endfacet
  facet normal 0.995976 -0.0644763 0.0622485
    outer loop
      vertex 9.3 155.35 8
      vertex 9.48627 155.331 5
      vertex 9.4875 155.35 5
    endloop
  endfacet
  facet normal 0.99592 -0.0653323 0.0622504
    outer loop
      vertex 9.48627 155.331 5
      vertex 9.3 155.35 8
      vertex 9.28032 155.05 8
    endloop
  endfacet
  facet normal 0.0651115 0.995945 0.0620806
    outer loop
      vertex 7 157.837 5
      vertex 7 157.65 8
      vertex 7.30592 157.817 5
    endloop
  endfacet
  facet normal -0.0651115 -0.995945 0.0620806
    outer loop
      vertex 7 153.05 8
      vertex 6.69408 152.883 5
      vertex 7 152.863 5
    endloop
  endfacet
  facet normal 0.995925 0.0652558 0.0622579
    outer loop
      vertex 9.46622 155.675 5
      vertex 9.28032 155.65 8
      vertex 9.48627 155.369 5
    endloop
  endfacet
  facet normal -0.896456 0.438736 0.0622692
    outer loop
      vertex 4.83744 156.577 5
      vertex 5.00814 156.5 8
      vertex 4.84576 156.594 5
    endloop
  endfacet
  facet normal -0.89525 0.441192 0.0622637
    outer loop
      vertex 5.00814 156.5 8
      vertex 4.83744 156.577 5
      vertex 4.87508 156.23 8
    endloop
  endfacet
  facet normal -0.995925 -0.0652559 0.0622453
    outer loop
      vertex 4.7 155.35 8
      vertex 4.5125 155.35 5
      vertex 4.53255 155.044 5
    endloop
  endfacet
  facet normal 0.895151 -0.441391 0.0622824
    outer loop
      vertex 9.29815 154.398 5
      vertex 9.12492 154.47 8
      vertex 9.16255 154.123 5
    endloop
  endfacet
  facet normal 0.944985 0.321132 0.0622737
    outer loop
      vertex 9.29815 156.302 5
      vertex 9.12492 156.23 8
      vertex 9.3967 156.012 5
    endloop
  endfacet
  facet normal 0.322149 0.944645 0.0621792
    outer loop
      vertex 7.95192 157.648 5
      vertex 7.66162 157.747 5
      vertex 7.88017 157.475 8
    endloop
  endfacet
  facet normal -0.97794 -0.199391 0.0622613
    outer loop
      vertex 4.53745 155.007 5
      vertex 4.71968 155.05 8
      vertex 4.53378 155.025 5
    endloop
  endfacet
  facet normal -0.978876 -0.194747 0.0622516
    outer loop
      vertex 4.71968 155.05 8
      vertex 4.53745 155.007 5
      vertex 4.77837 154.755 8
    endloop
  endfacet
  facet normal 0.995925 -0.0652558 0.0622579
    outer loop
      vertex 9.48627 155.331 5
      vertex 9.28032 155.05 8
      vertex 9.46622 155.025 5
    endloop
  endfacet
  facet normal 0.751089 0.657252 0.0623338
    outer loop
      vertex 8.75893 157.109 5
      vertex 8.62634 156.976 8
      vertex 8.96107 156.878 5
    endloop
  endfacet
  facet normal 0.978921 0.194516 0.0622745
    outer loop
      vertex 9.40274 155.994 5
      vertex 9.22163 155.945 8
      vertex 9.46255 155.693 5
    endloop
  endfacet
  facet normal 0.896664 0.438311 0.0622672
    outer loop
      vertex 8.99186 156.5 8
      vertex 9.16255 156.577 5
      vertex 9.15424 156.594 5
    endloop
  endfacet
  facet normal 0.89525 0.441193 0.0622607
    outer loop
      vertex 9.16255 156.577 5
      vertex 8.99186 156.5 8
      vertex 9.12492 156.23 8
    endloop
  endfacet
  facet normal 0.439859 0.895911 0.0621842
    outer loop
      vertex 7.95192 157.648 5
      vertex 7.88017 157.475 8
      vertex 8.22689 157.513 5
    endloop
  endfacet
  facet normal -0.829957 -0.554346 0.06222
    outer loop
      vertex 5.17529 153.95 8
      vertex 4.85621 154.091 5
      vertex 5.02653 153.836 5
    endloop
  endfacet
  facet normal -0.442493 -0.894617 0.0621372
    outer loop
      vertex 5.85 153.358 8
      vertex 5.75625 153.196 5
      vertex 6.03121 153.06 5
    endloop
  endfacet
  facet normal 0.0651115 -0.995945 0.0620806
    outer loop
      vertex 7.30592 152.883 5
      vertex 7 153.05 8
      vertex 7 152.863 5
    endloop
  endfacet
  facet normal 0.195311 -0.978766 0.0622117
    outer loop
      vertex 7.59528 153.128 8
      vertex 7.34313 152.887 5
      vertex 7.64381 152.947 5
    endloop
  endfacet
  facet normal 0.659259 -0.749335 0.0622476
    outer loop
      vertex 8.74479 153.579 5
      vertex 8.62634 153.724 8
      vertex 8.40015 153.525 8
    endloop
  endfacet
  facet normal 0.645797 -0.760965 0.0622782
    outer loop
      vertex 8.62634 153.724 8
      vertex 8.74479 153.579 5
      vertex 8.75893 153.591 5
    endloop
  endfacet
  facet normal 0.750091 -0.658387 0.0623679
    outer loop
      vertex 8.62634 153.724 8
      vertex 8.77133 153.605 5
      vertex 8.82471 153.95 8
    endloop
  endfacet
  facet normal 0.747131 -0.661745 0.0623581
    outer loop
      vertex 8.77133 153.605 5
      vertex 8.62634 153.724 8
      vertex 8.75893 153.591 5
    endloop
  endfacet
  facet normal 0.978921 -0.194516 0.0622745
    outer loop
      vertex 9.46255 155.007 5
      vertex 9.22163 154.755 8
      vertex 9.40274 154.706 5
    endloop
  endfacet
  facet normal 0.99592 0.0653323 0.0622504
    outer loop
      vertex 9.3 155.35 8
      vertex 9.48627 155.369 5
      vertex 9.28032 155.65 8
    endloop
  endfacet
  facet normal 0.995976 0.0644763 0.0622485
    outer loop
      vertex 9.48627 155.369 5
      vertex 9.3 155.35 8
      vertex 9.4875 155.35 5
    endloop
  endfacet
  facet normal 0.945124 0.320712 0.0623169
    outer loop
      vertex 9.22163 155.945 8
      vertex 9.3967 156.012 5
      vertex 9.12492 156.23 8
    endloop
  endfacet
  facet normal 0.946207 0.317505 0.0623084
    outer loop
      vertex 9.3967 156.012 5
      vertex 9.22163 155.945 8
      vertex 9.40274 155.994 5
    endloop
  endfacet
  facet normal 0.819178 0.570148 0.0622859
    outer loop
      vertex 8.82471 156.75 8
      vertex 8.98391 156.849 5
      vertex 8.97347 156.864 5
    endloop
  endfacet
  facet normal 0.829691 0.554731 0.0623351
    outer loop
      vertex 8.98391 156.849 5
      vertex 8.82471 156.75 8
      vertex 8.99186 156.5 8
    endloop
  endfacet
  facet normal 0.321687 0.944799 0.0622269
    outer loop
      vertex 7.66162 157.747 5
      vertex 7.59528 157.572 8
      vertex 7.88017 157.475 8
    endloop
  endfacet
  facet normal 0.318641 0.945831 0.0622197
    outer loop
      vertex 7.59528 157.572 8
      vertex 7.66162 157.747 5
      vertex 7.64381 157.753 5
    endloop
  endfacet
  facet normal 0.657812 0.750622 0.0620582
    outer loop
      vertex 8.51429 157.323 5
      vertex 8.40015 157.175 8
      vertex 8.74479 157.121 5
    endloop
  endfacet
  facet normal 0.55416 0.830078 0.062262
    outer loop
      vertex 8.25938 157.494 5
      vertex 8.15 157.342 8
      vertex 8.40015 157.175 8
    endloop
  endfacet
  facet normal 0.537888 0.840718 0.0622078
    outer loop
      vertex 8.15 157.342 8
      vertex 8.25938 157.494 5
      vertex 8.24375 157.504 5
    endloop
  endfacet
  facet normal 0.160269 0.985122 0.0620283
    outer loop
      vertex 7.62537 157.756 5
      vertex 7.59528 157.572 8
      vertex 7.64381 157.753 5
    endloop
  endfacet
  facet normal 0.192502 0.979336 0.0619967
    outer loop
      vertex 7.59528 157.572 8
      vertex 7.62537 157.756 5
      vertex 7.30021 157.63 8
    endloop
  endfacet
  facet normal -0.819178 0.570148 0.0622859
    outer loop
      vertex 5.01609 156.849 5
      vertex 5.17529 156.75 8
      vertex 5.02653 156.864 5
    endloop
  endfacet
  facet normal -0.829691 0.554731 0.0623351
    outer loop
      vertex 5.17529 156.75 8
      vertex 5.01609 156.849 5
      vertex 5.00814 156.5 8
    endloop
  endfacet
  facet normal -0.442493 0.894617 0.0621372
    outer loop
      vertex 6.03121 157.64 5
      vertex 5.75625 157.504 5
      vertex 5.85 157.342 8
    endloop
  endfacet
  facet normal -0.322139 0.944648 0.0621803
    outer loop
      vertex 6.33838 157.747 5
      vertex 6.04807 157.648 5
      vertex 6.11983 157.475 8
    endloop
  endfacet
  facet normal -0.978921 0.194516 0.0622745
    outer loop
      vertex 4.59726 155.994 5
      vertex 4.53745 155.693 5
      vertex 4.77837 155.945 8
    endloop
  endfacet
  facet normal -0.895164 0.441365 0.0622825
    outer loop
      vertex 4.83744 156.577 5
      vertex 4.70185 156.302 5
      vertex 4.87508 156.23 8
    endloop
  endfacet
  facet normal 0 0 1
    outer loop
      vertex 9.28032 155.65 8
      vertex 9.28032 155.05 8
      vertex 9.3 155.35 8
    endloop
  endfacet
  facet normal 0 0 1
    outer loop
      vertex 9.22163 155.945 8
      vertex 9.28032 155.05 8
      vertex 9.28032 155.65 8
    endloop
  endfacet
  facet normal 0 0 1
    outer loop
      vertex 9.22163 155.945 8
      vertex 9.22163 154.755 8
      vertex 9.28032 155.05 8
    endloop
  endfacet
  facet normal 0 0 1
    outer loop
      vertex 9.12492 156.23 8
      vertex 9.22163 154.755 8
      vertex 9.22163 155.945 8
    endloop
  endfacet
  facet normal 0 0 1
    outer loop
      vertex 9.12492 156.23 8
      vertex 9.12492 154.47 8
      vertex 9.22163 154.755 8
    endloop
  endfacet
  facet normal 0 0 1
    outer loop
      vertex 8.99186 156.5 8
      vertex 9.12492 154.47 8
      vertex 9.12492 156.23 8
    endloop
  endfacet
  facet normal 0 0 1
    outer loop
      vertex 8.99186 156.5 8
      vertex 8.99186 154.2 8
      vertex 9.12492 154.47 8
    endloop
  endfacet
  facet normal 0 0 1
    outer loop
      vertex 8.82471 156.75 8
      vertex 8.99186 154.2 8
      vertex 8.99186 156.5 8
    endloop
  endfacet
  facet normal 0 0 1
    outer loop
      vertex 8.82471 156.75 8
      vertex 8.82471 153.95 8
      vertex 8.99186 154.2 8
    endloop
  endfacet
  facet normal 0 0 1
    outer loop
      vertex 8.62634 156.976 8
      vertex 8.82471 153.95 8
      vertex 8.82471 156.75 8
    endloop
  endfacet
  facet normal 0 0 1
    outer loop
      vertex 8.62634 156.976 8
      vertex 8.62634 153.724 8
      vertex 8.82471 153.95 8
    endloop
  endfacet
  facet normal 0 0 1
    outer loop
      vertex 8.40015 157.175 8
      vertex 8.62634 153.724 8
      vertex 8.62634 156.976 8
    endloop
  endfacet
  facet normal 0 0 1
    outer loop
      vertex 8.40015 157.175 8
      vertex 8.40015 153.525 8
      vertex 8.62634 153.724 8
    endloop
  endfacet
  facet normal 0 0 1
    outer loop
      vertex 8.15 157.342 8
      vertex 8.40015 153.525 8
      vertex 8.40015 157.175 8
    endloop
  endfacet
  facet normal 0 0 1
    outer loop
      vertex 8.15 157.342 8
      vertex 8.15 153.358 8
      vertex 8.40015 153.525 8
    endloop
  endfacet
  facet normal 0 0 1
    outer loop
      vertex 7.88017 157.475 8
      vertex 8.15 153.358 8
      vertex 8.15 157.342 8
    endloop
  endfacet
  facet normal 0 0 1
    outer loop
      vertex 7.88017 157.475 8
      vertex 7.88017 153.225 8
      vertex 8.15 153.358 8
    endloop
  endfacet
  facet normal 0 0 1
    outer loop
      vertex 7.59528 157.572 8
      vertex 7.88017 153.225 8
      vertex 7.88017 157.475 8
    endloop
  endfacet
  facet normal 0 0 1
    outer loop
      vertex 7.59528 157.572 8
      vertex 7.59528 153.128 8
      vertex 7.88017 153.225 8
    endloop
  endfacet
  facet normal 0 0 1
    outer loop
      vertex 7.30021 157.63 8
      vertex 7.59528 153.128 8
      vertex 7.59528 157.572 8
    endloop
  endfacet
  facet normal 0 0 1
    outer loop
      vertex 7.30021 157.63 8
      vertex 7.30021 153.07 8
      vertex 7.59528 153.128 8
    endloop
  endfacet
  facet normal 0 0 1
    outer loop
      vertex 7 157.65 8
      vertex 7.30021 153.07 8
      vertex 7.30021 157.63 8
    endloop
  endfacet
  facet normal 0 0 1
    outer loop
      vertex 7 157.65 8
      vertex 7 153.05 8
      vertex 7.30021 153.07 8
    endloop
  endfacet
  facet normal -0 0 1
    outer loop
      vertex 6.69979 157.63 8
      vertex 7 153.05 8
      vertex 7 157.65 8
    endloop
  endfacet
  facet normal 0 0 1
    outer loop
      vertex 6.69979 157.63 8
      vertex 6.69979 153.07 8
      vertex 7 153.05 8
    endloop
  endfacet
  facet normal -0 0 1
    outer loop
      vertex 6.40472 157.572 8
      vertex 6.69979 153.07 8
      vertex 6.69979 157.63 8
    endloop
  endfacet
  facet normal 0 0 1
    outer loop
      vertex 6.40472 157.572 8
      vertex 6.40472 153.128 8
      vertex 6.69979 153.07 8
    endloop
  endfacet
  facet normal -0 0 1
    outer loop
      vertex 6.11983 157.475 8
      vertex 6.40472 153.128 8
      vertex 6.40472 157.572 8
    endloop
  endfacet
  facet normal 0 0 1
    outer loop
      vertex 6.11983 157.475 8
      vertex 6.11983 153.225 8
      vertex 6.40472 153.128 8
    endloop
  endfacet
  facet normal -0 0 1
    outer loop
      vertex 5.85 157.342 8
      vertex 6.11983 153.225 8
      vertex 6.11983 157.475 8
    endloop
  endfacet
  facet normal 0 0 1
    outer loop
      vertex 5.85 157.342 8
      vertex 5.85 153.358 8
      vertex 6.11983 153.225 8
    endloop
  endfacet
  facet normal -0 0 1
    outer loop
      vertex 5.59985 157.175 8
      vertex 5.85 153.358 8
      vertex 5.85 157.342 8
    endloop
  endfacet
  facet normal 0 0 1
    outer loop
      vertex 5.59985 157.175 8
      vertex 5.59985 153.525 8
      vertex 5.85 153.358 8
    endloop
  endfacet
  facet normal -0 0 1
    outer loop
      vertex 5.37365 156.976 8
      vertex 5.59985 153.525 8
      vertex 5.59985 157.175 8
    endloop
  endfacet
  facet normal 0 0 1
    outer loop
      vertex 5.37365 156.976 8
      vertex 5.37365 153.724 8
      vertex 5.59985 153.525 8
    endloop
  endfacet
  facet normal -0 0 1
    outer loop
      vertex 5.17529 156.75 8
      vertex 5.37365 153.724 8
      vertex 5.37365 156.976 8
    endloop
  endfacet
  facet normal 0 0 1
    outer loop
      vertex 5.17529 156.75 8
      vertex 5.17529 153.95 8
      vertex 5.37365 153.724 8
    endloop
  endfacet
  facet normal -0 0 1
    outer loop
      vertex 5.00814 156.5 8
      vertex 5.17529 153.95 8
      vertex 5.17529 156.75 8
    endloop
  endfacet
  facet normal 0 0 1
    outer loop
      vertex 5.00814 156.5 8
      vertex 5.00814 154.2 8
      vertex 5.17529 153.95 8
    endloop
  endfacet
  facet normal -0 0 1
    outer loop
      vertex 4.87508 156.23 8
      vertex 5.00814 154.2 8
      vertex 5.00814 156.5 8
    endloop
  endfacet
  facet normal 0 0 1
    outer loop
      vertex 4.87508 156.23 8
      vertex 4.87508 154.47 8
      vertex 5.00814 154.2 8
    endloop
  endfacet
  facet normal -0 0 1
    outer loop
      vertex 4.77837 155.945 8
      vertex 4.87508 154.47 8
      vertex 4.87508 156.23 8
    endloop
  endfacet
  facet normal 0 0 1
    outer loop
      vertex 4.77837 155.945 8
      vertex 4.77837 154.755 8
      vertex 4.87508 154.47 8
    endloop
  endfacet
  facet normal -0 0 1
    outer loop
      vertex 4.71968 155.65 8
      vertex 4.77837 154.755 8
      vertex 4.77837 155.945 8
    endloop
  endfacet
  facet normal 0 0 1
    outer loop
      vertex 4.71968 155.65 8
      vertex 4.71968 155.05 8
      vertex 4.77837 154.755 8
    endloop
  endfacet
  facet normal 0 -0 1
    outer loop
      vertex 4.71968 155.05 8
      vertex 4.71968 155.65 8
      vertex 4.7 155.35 8
    endloop
  endfacet
  facet normal -0.99592 -0.0653323 0.0622528
    outer loop
      vertex 4.53255 155.044 5
      vertex 4.71968 155.05 8
      vertex 4.7 155.35 8
    endloop
  endfacet
  facet normal -0.995975 -0.0644763 0.0622546
    outer loop
      vertex 4.71968 155.05 8
      vertex 4.53255 155.044 5
      vertex 4.53378 155.025 5
    endloop
  endfacet
  facet normal -0.944985 -0.321132 0.0622737
    outer loop
      vertex 4.87508 154.47 8
      vertex 4.6033 154.688 5
      vertex 4.70185 154.398 5
    endloop
  endfacet
  facet normal -0.978921 -0.194516 0.0622745
    outer loop
      vertex 4.77837 154.755 8
      vertex 4.53745 155.007 5
      vertex 4.59726 154.706 5
    endloop
  endfacet
  facet normal -0.895164 -0.441365 0.0622825
    outer loop
      vertex 4.87508 154.47 8
      vertex 4.70185 154.398 5
      vertex 4.83744 154.123 5
    endloop
  endfacet
  facet normal -0.441256 -0.895218 0.0622717
    outer loop
      vertex 6.03121 153.06 5
      vertex 6.11983 153.225 8
      vertex 5.85 153.358 8
    endloop
  endfacet
  facet normal -0.427854 -0.901703 0.0622325
    outer loop
      vertex 6.11983 153.225 8
      vertex 6.03121 153.06 5
      vertex 6.04807 153.052 5
    endloop
  endfacet
  facet normal -0.195311 -0.978766 0.0622117
    outer loop
      vertex 6.40472 153.128 8
      vertex 6.35619 152.947 5
      vertex 6.65687 152.887 5
    endloop
  endfacet
  facet normal -0.192496 -0.979306 0.0624916
    outer loop
      vertex 6.65687 152.887 5
      vertex 6.69979 153.07 8
      vertex 6.40472 153.128 8
    endloop
  endfacet
  facet normal -0.160181 -0.985114 0.0623836
    outer loop
      vertex 6.69979 153.07 8
      vertex 6.65687 152.887 5
      vertex 6.67532 152.884 5
    endloop
  endfacet
  facet normal 0.439859 -0.895911 0.0621842
    outer loop
      vertex 8.22689 153.187 5
      vertex 7.88017 153.225 8
      vertex 7.95192 153.052 5
    endloop
  endfacet
  facet normal 0.321689 -0.944803 0.0621583
    outer loop
      vertex 7.93412 153.046 5
      vertex 7.88017 153.225 8
      vertex 7.59528 153.128 8
    endloop
  endfacet
  facet normal 0.318802 -0.94578 0.0621647
    outer loop
      vertex 7.88017 153.225 8
      vertex 7.93412 153.046 5
      vertex 7.95192 153.052 5
    endloop
  endfacet
  facet normal 0.944985 -0.321132 0.0622737
    outer loop
      vertex 9.3967 154.688 5
      vertex 9.12492 154.47 8
      vertex 9.29815 154.398 5
    endloop
  endfacet
  facet normal 0.946207 -0.317505 0.0623084
    outer loop
      vertex 9.22163 154.755 8
      vertex 9.3967 154.688 5
      vertex 9.40274 154.706 5
    endloop
  endfacet
  facet normal 0.945124 -0.320712 0.0623169
    outer loop
      vertex 9.3967 154.688 5
      vertex 9.22163 154.755 8
      vertex 9.12492 154.47 8
    endloop
  endfacet
  facet normal 0.751094 -0.657256 0.06222
    outer loop
      vertex 8.82471 153.95 8
      vertex 8.77133 153.605 5
      vertex 8.97347 153.836 5
    endloop
  endfacet
  facet normal 0.978876 0.194747 0.0622516
    outer loop
      vertex 9.28032 155.65 8
      vertex 9.46255 155.693 5
      vertex 9.22163 155.945 8
    endloop
  endfacet
  facet normal 0.97794 0.199391 0.0622613
    outer loop
      vertex 9.46255 155.693 5
      vertex 9.28032 155.65 8
      vertex 9.46622 155.675 5
    endloop
  endfacet
  facet normal 0.895151 0.441391 0.0622824
    outer loop
      vertex 9.16255 156.577 5
      vertex 9.12492 156.23 8
      vertex 9.29815 156.302 5
    endloop
  endfacet
  facet normal 0.645797 0.760965 0.0622782
    outer loop
      vertex 8.74479 157.121 5
      vertex 8.62634 156.976 8
      vertex 8.75893 157.109 5
    endloop
  endfacet
  facet normal 0.659259 0.749335 0.0622476
    outer loop
      vertex 8.62634 156.976 8
      vertex 8.74479 157.121 5
      vertex 8.40015 157.175 8
    endloop
  endfacet
  facet normal 0.195304 0.978764 0.0622764
    outer loop
      vertex 7.32468 157.816 5
      vertex 7.30021 157.63 8
      vertex 7.62537 157.756 5
    endloop
  endfacet
  facet normal 0.0531262 0.996647 0.0622255
    outer loop
      vertex 7.30592 157.817 5
      vertex 7.30021 157.63 8
      vertex 7.32468 157.816 5
    endloop
  endfacet
  facet normal 0.066344 0.995856 0.0622013
    outer loop
      vertex 7.30021 157.63 8
      vertex 7.30592 157.817 5
      vertex 7 157.65 8
    endloop
  endfacet
  facet normal -0.97794 0.199391 0.0622613
    outer loop
      vertex 4.71968 155.65 8
      vertex 4.53745 155.693 5
      vertex 4.53378 155.675 5
    endloop
  endfacet
  facet normal -0.978876 0.194747 0.0622516
    outer loop
      vertex 4.53745 155.693 5
      vertex 4.71968 155.65 8
      vertex 4.77837 155.945 8
    endloop
  endfacet
  facet normal -0.537888 0.840718 0.0622078
    outer loop
      vertex 5.74062 157.494 5
      vertex 5.85 157.342 8
      vertex 5.75625 157.504 5
    endloop
  endfacet
  facet normal -0.55416 0.830078 0.062262
    outer loop
      vertex 5.85 157.342 8
      vertex 5.74062 157.494 5
      vertex 5.59985 157.175 8
    endloop
  endfacet
  facet normal -0.0651115 0.995945 0.0620806
    outer loop
      vertex 7 157.837 5
      vertex 6.69408 157.817 5
      vertex 7 157.65 8
    endloop
  endfacet
  facet normal -0.74716 0.66177 0.0617453
    outer loop
      vertex 5.02653 156.864 5
      vertex 5.37365 156.976 8
      vertex 5.03893 156.878 5
    endloop
  endfacet
  facet normal -0.750115 0.658375 0.0622139
    outer loop
      vertex 5.37365 156.976 8
      vertex 5.02653 156.864 5
      vertex 5.17529 156.75 8
    endloop
  endfacet
  facet normal -0.944985 0.321132 0.0622737
    outer loop
      vertex 4.70185 156.302 5
      vertex 4.6033 156.012 5
      vertex 4.87508 156.23 8
    endloop
  endfacet
  facet normal -0.995975 0.0644763 0.0622546
    outer loop
      vertex 4.53255 155.656 5
      vertex 4.71968 155.65 8
      vertex 4.53378 155.675 5
    endloop
  endfacet
  facet normal -0.99592 0.0653323 0.0622528
    outer loop
      vertex 4.71968 155.65 8
      vertex 4.53255 155.656 5
      vertex 4.7 155.35 8
    endloop
  endfacet
  facet normal -0.995925 0.0652559 0.0622453
    outer loop
      vertex 4.53255 155.656 5
      vertex 4.5125 155.35 5
      vertex 4.7 155.35 8
    endloop
  endfacet
  facet normal -0.946207 -0.317505 0.0623084
    outer loop
      vertex 4.6033 154.688 5
      vertex 4.77837 154.755 8
      vertex 4.59726 154.706 5
    endloop
  endfacet
  facet normal -0.945124 -0.320712 0.0623169
    outer loop
      vertex 4.77837 154.755 8
      vertex 4.6033 154.688 5
      vertex 4.87508 154.47 8
    endloop
  endfacet
  facet normal -0.751094 -0.657256 0.06222
    outer loop
      vertex 5.17529 153.95 8
      vertex 5.02653 153.836 5
      vertex 5.22867 153.605 5
    endloop
  endfacet
  facet normal -0.750107 -0.658369 0.0623655
    outer loop
      vertex 5.22867 153.605 5
      vertex 5.37365 153.724 8
      vertex 5.17529 153.95 8
    endloop
  endfacet
  facet normal -0.747131 -0.661745 0.0623556
    outer loop
      vertex 5.37365 153.724 8
      vertex 5.22867 153.605 5
      vertex 5.24107 153.591 5
    endloop
  endfacet
  facet normal -0.55416 -0.830078 0.062262
    outer loop
      vertex 5.74062 153.206 5
      vertex 5.85 153.358 8
      vertex 5.59985 153.525 8
    endloop
  endfacet
  facet normal -0.537888 -0.840718 0.0622078
    outer loop
      vertex 5.85 153.358 8
      vertex 5.74062 153.206 5
      vertex 5.75625 153.196 5
    endloop
  endfacet
  facet normal -0.318642 -0.945835 0.062165
    outer loop
      vertex 6.06588 153.046 5
      vertex 6.11983 153.225 8
      vertex 6.04807 153.052 5
    endloop
  endfacet
  facet normal -0.321689 -0.944803 0.0621583
    outer loop
      vertex 6.11983 153.225 8
      vertex 6.06588 153.046 5
      vertex 6.40472 153.128 8
    endloop
  endfacet
  facet normal -0.322138 -0.944647 0.0622048
    outer loop
      vertex 6.40472 153.128 8
      vertex 6.06588 153.046 5
      vertex 6.35619 152.947 5
    endloop
  endfacet
  facet normal 0.556015 -0.828853 0.0620446
    outer loop
      vertex 8.40015 153.525 8
      vertex 8.25938 153.206 5
      vertex 8.51429 153.377 5
    endloop
  endfacet
  facet normal 0.657812 -0.750622 0.0620582
    outer loop
      vertex 8.74479 153.579 5
      vertex 8.40015 153.525 8
      vertex 8.51429 153.377 5
    endloop
  endfacet
  facet normal 0.066344 -0.995856 0.0622013
    outer loop
      vertex 7.30592 152.883 5
      vertex 7.30021 153.07 8
      vertex 7 153.05 8
    endloop
  endfacet
  facet normal 0.0531262 -0.996647 0.0622255
    outer loop
      vertex 7.30021 153.07 8
      vertex 7.30592 152.883 5
      vertex 7.32468 152.884 5
    endloop
  endfacet
  facet normal 0.160181 -0.985114 0.0623836
    outer loop
      vertex 7.34313 152.887 5
      vertex 7.30021 153.07 8
      vertex 7.32468 152.884 5
    endloop
  endfacet
  facet normal 0.192496 -0.979306 0.0624916
    outer loop
      vertex 7.30021 153.07 8
      vertex 7.34313 152.887 5
      vertex 7.59528 153.128 8
    endloop
  endfacet
  facet normal 0.322138 -0.944647 0.0622048
    outer loop
      vertex 7.93412 153.046 5
      vertex 7.59528 153.128 8
      vertex 7.64381 152.947 5
    endloop
  endfacet
  facet normal 0.97794 -0.199391 0.0622613
    outer loop
      vertex 9.28032 155.05 8
      vertex 9.46255 155.007 5
      vertex 9.46622 155.025 5
    endloop
  endfacet
  facet normal 0.978876 -0.194747 0.0622516
    outer loop
      vertex 9.46255 155.007 5
      vertex 9.28032 155.05 8
      vertex 9.22163 154.755 8
    endloop
  endfacet
  facet normal 0.829957 -0.554346 0.06222
    outer loop
      vertex 9.14379 154.091 5
      vertex 8.82471 153.95 8
      vertex 8.97347 153.836 5
    endloop
  endfacet
  facet normal 0.829938 0.554366 0.0622919
    outer loop
      vertex 9.15424 156.594 5
      vertex 8.98391 156.849 5
      vertex 8.99186 156.5 8
    endloop
  endfacet
  facet normal 0.74716 0.66177 0.0617478
    outer loop
      vertex 8.62634 156.976 8
      vertex 8.97347 156.864 5
      vertex 8.96107 156.878 5
    endloop
  endfacet
  facet normal 0.750098 0.658394 0.0622138
    outer loop
      vertex 8.97347 156.864 5
      vertex 8.62634 156.976 8
      vertex 8.82471 156.75 8
    endloop
  endfacet
  facet normal 0.556015 0.828853 0.0620446
    outer loop
      vertex 8.51429 157.323 5
      vertex 8.25938 157.494 5
      vertex 8.40015 157.175 8
    endloop
  endfacet
  facet normal 0.470001 0.880469 0.0622329
    outer loop
      vertex 8.22689 157.513 5
      vertex 8.15 157.342 8
      vertex 8.24375 157.504 5
    endloop
  endfacet
  facet normal 0.441254 0.895215 0.0623366
    outer loop
      vertex 8.15 157.342 8
      vertex 8.22689 157.513 5
      vertex 7.88017 157.475 8
    endloop
  endfacet
  facet normal -0.946207 0.317505 0.0623084
    outer loop
      vertex 4.77837 155.945 8
      vertex 4.6033 156.012 5
      vertex 4.59726 155.994 5
    endloop
  endfacet
  facet normal -0.945124 0.320712 0.0623169
    outer loop
      vertex 4.6033 156.012 5
      vertex 4.77837 155.945 8
      vertex 4.87508 156.23 8
    endloop
  endfacet
  facet normal -0.657812 0.750622 0.0620582
    outer loop
      vertex 5.48571 157.323 5
      vertex 5.25521 157.121 5
      vertex 5.59985 157.175 8
    endloop
  endfacet
  facet normal -0.556015 0.828853 0.0620446
    outer loop
      vertex 5.74062 157.494 5
      vertex 5.48571 157.323 5
      vertex 5.59985 157.175 8
    endloop
  endfacet
  facet normal -0.427854 0.901703 0.0622325
    outer loop
      vertex 6.03121 157.64 5
      vertex 6.11983 157.475 8
      vertex 6.04807 157.648 5
    endloop
  endfacet
  facet normal -0.441256 0.895218 0.0622717
    outer loop
      vertex 6.11983 157.475 8
      vertex 6.03121 157.64 5
      vertex 5.85 157.342 8
    endloop
  endfacet
  facet normal -0.066344 0.995856 0.0622013
    outer loop
      vertex 6.69408 157.817 5
      vertex 6.69979 157.63 8
      vertex 7 157.65 8
    endloop
  endfacet
  facet normal -0.0531262 0.996647 0.0622255
    outer loop
      vertex 6.69979 157.63 8
      vertex 6.69408 157.817 5
      vertex 6.67532 157.816 5
    endloop
  endfacet
  facet normal -0.659242 0.74935 0.0622455
    outer loop
      vertex 5.25521 157.121 5
      vertex 5.37365 156.976 8
      vertex 5.59985 157.175 8
    endloop
  endfacet
  facet normal -0.645797 0.760965 0.062276
    outer loop
      vertex 5.37365 156.976 8
      vertex 5.25521 157.121 5
      vertex 5.24107 157.109 5
    endloop
  endfacet
  facet normal -0.751089 0.657252 0.0623313
    outer loop
      vertex 5.24107 157.109 5
      vertex 5.03893 156.878 5
      vertex 5.37365 156.976 8
    endloop
  endfacet
  facet normal -0.829938 0.554366 0.0622919
    outer loop
      vertex 5.01609 156.849 5
      vertex 4.84576 156.594 5
      vertex 5.00814 156.5 8
    endloop
  endfacet
  facet normal -0.818926 -0.570518 0.062202
    outer loop
      vertex 4.85621 154.091 5
      vertex 5.00814 154.2 8
      vertex 4.84576 154.106 5
    endloop
  endfacet
  facet normal -0.829699 -0.554737 0.0621742
    outer loop
      vertex 5.00814 154.2 8
      vertex 4.85621 154.091 5
      vertex 5.17529 153.95 8
    endloop
  endfacet
  facet normal -0.645797 -0.760965 0.062276
    outer loop
      vertex 5.25521 153.579 5
      vertex 5.37365 153.724 8
      vertex 5.24107 153.591 5
    endloop
  endfacet
  facet normal -0.659242 -0.74935 0.0622455
    outer loop
      vertex 5.37365 153.724 8
      vertex 5.25521 153.579 5
      vertex 5.59985 153.525 8
    endloop
  endfacet
  facet normal -0.0531262 -0.996647 0.0622255
    outer loop
      vertex 6.69408 152.883 5
      vertex 6.69979 153.07 8
      vertex 6.67532 152.884 5
    endloop
  endfacet
  facet normal -0.066344 -0.995856 0.0622013
    outer loop
      vertex 6.69979 153.07 8
      vertex 6.69408 152.883 5
      vertex 7 153.05 8
    endloop
  endfacet
  facet normal 0.537888 -0.840718 0.0622078
    outer loop
      vertex 8.25938 153.206 5
      vertex 8.15 153.358 8
      vertex 8.24375 153.196 5
    endloop
  endfacet
  facet normal 0.55416 -0.830078 0.062262
    outer loop
      vertex 8.15 153.358 8
      vertex 8.25938 153.206 5
      vertex 8.40015 153.525 8
    endloop
  endfacet
  facet normal 0.818926 -0.570518 0.062202
    outer loop
      vertex 8.99186 154.2 8
      vertex 9.14379 154.091 5
      vertex 9.15424 154.106 5
    endloop
  endfacet
  facet normal 0.829699 -0.554737 0.0621742
    outer loop
      vertex 9.14379 154.091 5
      vertex 8.99186 154.2 8
      vertex 8.82471 153.95 8
    endloop
  endfacet
  facet normal 0.89525 -0.441193 0.0622607
    outer loop
      vertex 8.99186 154.2 8
      vertex 9.16255 154.123 5
      vertex 9.12492 154.47 8
    endloop
  endfacet
  facet normal 0.896664 -0.438311 0.0622672
    outer loop
      vertex 9.16255 154.123 5
      vertex 8.99186 154.2 8
      vertex 9.15424 154.106 5
    endloop
  endfacet
  facet normal -0.195304 0.978764 0.0622764
    outer loop
      vertex 6.67532 157.816 5
      vertex 6.37463 157.756 5
      vertex 6.69979 157.63 8
    endloop
  endfacet
  facet normal -0.89525 -0.441192 0.0622637
    outer loop
      vertex 4.83744 154.123 5
      vertex 5.00814 154.2 8
      vertex 4.87508 154.47 8
    endloop
  endfacet
  facet normal -0.896456 -0.438736 0.0622692
    outer loop
      vertex 5.00814 154.2 8
      vertex 4.83744 154.123 5
      vertex 4.84576 154.106 5
    endloop
  endfacet
  facet normal -0.657812 -0.750622 0.0620582
    outer loop
      vertex 5.59985 153.525 8
      vertex 5.25521 153.579 5
      vertex 5.48571 153.377 5
    endloop
  endfacet
  facet normal -0.556015 -0.828853 0.0620446
    outer loop
      vertex 5.59985 153.525 8
      vertex 5.48571 153.377 5
      vertex 5.74062 153.206 5
    endloop
  endfacet
  facet normal 0.441254 -0.895215 0.0623366
    outer loop
      vertex 8.22689 153.187 5
      vertex 8.15 153.358 8
      vertex 7.88017 153.225 8
    endloop
  endfacet
  facet normal 0.470001 -0.880469 0.0622329
    outer loop
      vertex 8.15 153.358 8
      vertex 8.22689 153.187 5
      vertex 8.24375 153.196 5
    endloop
  endfacet
  facet normal -0.192502 0.979336 0.0619967
    outer loop
      vertex 6.37463 157.756 5
      vertex 6.40472 157.572 8
      vertex 6.69979 157.63 8
    endloop
  endfacet
  facet normal -0.160269 0.985122 0.0620283
    outer loop
      vertex 6.40472 157.572 8
      vertex 6.37463 157.756 5
      vertex 6.35619 157.753 5
    endloop
  endfacet
  facet normal -0.318641 0.945831 0.0622197
    outer loop
      vertex 6.33838 157.747 5
      vertex 6.40472 157.572 8
      vertex 6.35619 157.753 5
    endloop
  endfacet
  facet normal -0.321687 0.944799 0.0622269
    outer loop
      vertex 6.40472 157.572 8
      vertex 6.33838 157.747 5
      vertex 6.11983 157.475 8
    endloop
  endfacet
  facet normal -1 0 0
    outer loop
      vertex 0 0 0
      vertex 0 177.05 5
      vertex 0 177.05 0
    endloop
  endfacet
  facet normal -1 -0 0
    outer loop
      vertex 0 177.05 5
      vertex 0 0 0
      vertex 0 0 5
    endloop
  endfacet
  facet normal 0 1 0
    outer loop
      vertex 14 177.05 5
      vertex 11.6 177.05 2.6
      vertex 0 177.05 5
    endloop
  endfacet
  facet normal 0 1 -0
    outer loop
      vertex 14 177.05 0
      vertex 11.6 177.05 2.6
      vertex 14 177.05 5
    endloop
  endfacet
  facet normal 0 1 0
    outer loop
      vertex 11.6 177.05 2.6
      vertex 14 177.05 0
      vertex 11.6 177.05 0
    endloop
  endfacet
  facet normal 0 1 -0
    outer loop
      vertex 2.4 177.05 2.6
      vertex 0 177.05 5
      vertex 11.6 177.05 2.6
    endloop
  endfacet
  facet normal 0 1 0
    outer loop
      vertex 0 177.05 0
      vertex 2.4 177.05 2.6
      vertex 2.4 177.05 0
    endloop
  endfacet
  facet normal 0 1 0
    outer loop
      vertex 2.4 177.05 2.6
      vertex 0 177.05 0
      vertex 0 177.05 5
    endloop
  endfacet
  facet normal 1 -0 0
    outer loop
      vertex 14 0 5
      vertex 14 177.05 0
      vertex 14 177.05 5
    endloop
  endfacet
  facet normal 1 0 0
    outer loop
      vertex 14 177.05 0
      vertex 14 0 5
      vertex 14 0 0
    endloop
  endfacet
  facet normal 0 -1 0
    outer loop
      vertex 0 0 5
      vertex 2.4 0 2.6
      vertex 14 0 5
    endloop
  endfacet
  facet normal 0 -1 0
    outer loop
      vertex 0 0 0
      vertex 2.4 0 2.6
      vertex 0 0 5
    endloop
  endfacet
  facet normal 0 -1 -0
    outer loop
      vertex 2.4 0 2.6
      vertex 0 0 0
      vertex 2.4 0 0
    endloop
  endfacet
  facet normal 0 -1 0
    outer loop
      vertex 11.6 0 2.6
      vertex 14 0 5
      vertex 2.4 0 2.6
    endloop
  endfacet
  facet normal 0 -1 0
    outer loop
      vertex 14 0 0
      vertex 11.6 0 2.6
      vertex 11.6 0 0
    endloop
  endfacet
  facet normal 0 -1 0
    outer loop
      vertex 11.6 0 2.6
      vertex 14 0 0
      vertex 14 0 5
    endloop
  endfacet
  facet normal 0 0 1
    outer loop
      vertex 10.0983 32.5921 5
      vertex 9.48627 22.0188 5
      vertex 9.4875 22 5
    endloop
  endfacet
  facet normal 0 0 1
    outer loop
      vertex 9.15424 23.2437 5
      vertex 9.70633 31.4375 5
      vertex 9.47923 31.0976 5
    endloop
  endfacet
  facet normal 0 0 1
    outer loop
      vertex 9.88712 31.8041 5
      vertex 9.46622 22.3247 5
      vertex 9.48627 22.0188 5
    endloop
  endfacet
  facet normal 0 0 1
    outer loop
      vertex 9.88712 31.8041 5
      vertex 9.46255 22.3431 5
      vertex 9.46622 22.3247 5
    endloop
  endfacet
  facet normal 0 0 1
    outer loop
      vertex 9.88712 31.8041 5
      vertex 9.40274 22.6438 5
      vertex 9.46255 22.3431 5
    endloop
  endfacet
  facet normal 0 0 1
    outer loop
      vertex 9.88712 31.8041 5
      vertex 9.3967 22.6616 5
      vertex 9.40274 22.6438 5
    endloop
  endfacet
  facet normal 0 0 1
    outer loop
      vertex 9.88712 31.8041 5
      vertex 9.29815 22.9519 5
      vertex 9.3967 22.6616 5
    endloop
  endfacet
  facet normal 0 0 1
    outer loop
      vertex 8.97347 23.5143 5
      vertex 9.47923 31.0976 5
      vertex 9.20971 30.7903 5
    endloop
  endfacet
  facet normal 0 0 1
    outer loop
      vertex 9.70633 31.4375 5
      vertex 9.16255 23.2269 5
      vertex 9.29815 22.9519 5
    endloop
  endfacet
  facet normal 0 0 1
    outer loop
      vertex 9.70633 31.4375 5
      vertex 9.15424 23.2437 5
      vertex 9.16255 23.2269 5
    endloop
  endfacet
  facet normal 0 0 1
    outer loop
      vertex 9.47923 31.0976 5
      vertex 9.14379 23.2594 5
      vertex 9.15424 23.2437 5
    endloop
  endfacet
  facet normal 0 0 1
    outer loop
      vertex 9.47923 31.0976 5
      vertex 8.97347 23.5143 5
      vertex 9.14379 23.2594 5
    endloop
  endfacet
  facet normal 0 0 1
    outer loop
      vertex 8.75893 23.7589 5
      vertex 9.20971 30.7903 5
      vertex 8.90238 30.5208 5
    endloop
  endfacet
  facet normal 0 0 1
    outer loop
      vertex 9.20971 30.7903 5
      vertex 8.77133 23.7448 5
      vertex 8.97347 23.5143 5
    endloop
  endfacet
  facet normal 0 0 1
    outer loop
      vertex 9.20971 30.7903 5
      vertex 8.75893 23.7589 5
      vertex 8.77133 23.7448 5
    endloop
  endfacet
  facet normal 0 0 1
    outer loop
      vertex 8.90238 30.5208 5
      vertex 8.74479 23.7713 5
      vertex 8.75893 23.7589 5
    endloop
  endfacet
  facet normal 0 0 1
    outer loop
      vertex 8.51429 23.9735 5
      vertex 8.90238 30.5208 5
      vertex 8.5625 30.2937 5
    endloop
  endfacet
  facet normal 0 0 1
    outer loop
      vertex 8.90238 30.5208 5
      vertex 8.51429 23.9735 5
      vertex 8.74479 23.7713 5
    endloop
  endfacet
  facet normal 0 0 1
    outer loop
      vertex 8.5625 30.2937 5
      vertex 8.25938 24.1438 5
      vertex 8.51429 23.9735 5
    endloop
  endfacet
  facet normal 0 0 1
    outer loop
      vertex 8.5625 30.2937 5
      vertex 8.24375 24.1542 5
      vertex 8.25938 24.1438 5
    endloop
  endfacet
  facet normal -0 0 1
    outer loop
      vertex 8.19589 30.1129 5
      vertex 8.24375 24.1542 5
      vertex 8.5625 30.2937 5
    endloop
  endfacet
  facet normal 0 0 1
    outer loop
      vertex 8.24375 24.1542 5
      vertex 8.19589 30.1129 5
      vertex 8.22689 24.1626 5
    endloop
  endfacet
  facet normal 0 0 1
    outer loop
      vertex 8.19589 30.1129 5
      vertex 7.95192 24.2981 5
      vertex 8.22689 24.1626 5
    endloop
  endfacet
  facet normal -0 0 1
    outer loop
      vertex 7.80881 29.9815 5
      vertex 7.95192 24.2981 5
      vertex 8.19589 30.1129 5
    endloop
  endfacet
  facet normal 0 0 1
    outer loop
      vertex 7.80881 29.9815 5
      vertex 7.66162 24.3967 5
      vertex 7.95192 24.2981 5
    endloop
  endfacet
  facet normal 0 0 1
    outer loop
      vertex 7.80881 29.9815 5
      vertex 7.64381 24.4027 5
      vertex 7.66162 24.3967 5
    endloop
  endfacet
  facet normal -0 0 1
    outer loop
      vertex 7.40789 29.9017 5
      vertex 7.64381 24.4027 5
      vertex 7.80881 29.9815 5
    endloop
  endfacet
  facet normal 0 0 1
    outer loop
      vertex 7.40789 29.9017 5
      vertex 7.34313 24.4626 5
      vertex 7.64381 24.4027 5
    endloop
  endfacet
  facet normal 0 0 1
    outer loop
      vertex 7.40789 29.9017 5
      vertex 7.32468 24.4662 5
      vertex 7.34313 24.4626 5
    endloop
  endfacet
  facet normal -0 0 1
    outer loop
      vertex 7 29.875 5
      vertex 7.32468 24.4662 5
      vertex 7.40789 29.9017 5
    endloop
  endfacet
  facet normal 0 0 1
    outer loop
      vertex 7.32468 24.4662 5
      vertex 7 29.875 5
      vertex 7.01876 24.4863 5
    endloop
  endfacet
  facet normal 0 0 1
    outer loop
      vertex 7 29.875 5
      vertex 7 24.4875 5
      vertex 7.01876 24.4863 5
    endloop
  endfacet
  facet normal 0 0 1
    outer loop
      vertex 7 29.875 5
      vertex 6.98124 24.4863 5
      vertex 7 24.4875 5
    endloop
  endfacet
  facet normal 0 0 1
    outer loop
      vertex 7 29.875 5
      vertex 6.67532 24.4662 5
      vertex 6.98124 24.4863 5
    endloop
  endfacet
  facet normal 0 0 1
    outer loop
      vertex 6.5921 29.9017 5
      vertex 6.67532 24.4662 5
      vertex 7 29.875 5
    endloop
  endfacet
  facet normal 0 0 1
    outer loop
      vertex 6.67532 24.4662 5
      vertex 6.5921 29.9017 5
      vertex 6.65687 24.4626 5
    endloop
  endfacet
  facet normal 0 0 1
    outer loop
      vertex 6.5921 29.9017 5
      vertex 6.35619 24.4027 5
      vertex 6.65687 24.4626 5
    endloop
  endfacet
  facet normal 0 0 1
    outer loop
      vertex 6.19119 29.9815 5
      vertex 6.35619 24.4027 5
      vertex 6.5921 29.9017 5
    endloop
  endfacet
  facet normal 0 0 1
    outer loop
      vertex 6.35619 24.4027 5
      vertex 6.19119 29.9815 5
      vertex 6.33838 24.3967 5
    endloop
  endfacet
  facet normal 0 0 1
    outer loop
      vertex 6.19119 29.9815 5
      vertex 6.04807 24.2981 5
      vertex 6.33838 24.3967 5
    endloop
  endfacet
  facet normal 0 0 1
    outer loop
      vertex 5.80411 30.1129 5
      vertex 6.04807 24.2981 5
      vertex 6.19119 29.9815 5
    endloop
  endfacet
  facet normal 0 0 1
    outer loop
      vertex 5.80411 30.1129 5
      vertex 5.77311 24.1626 5
      vertex 6.04807 24.2981 5
    endloop
  endfacet
  facet normal 0 0 1
    outer loop
      vertex 5.80411 30.1129 5
      vertex 5.75625 24.1542 5
      vertex 5.77311 24.1626 5
    endloop
  endfacet
  facet normal 0 0 1
    outer loop
      vertex 5.4375 30.2937 5
      vertex 5.75625 24.1542 5
      vertex 5.80411 30.1129 5
    endloop
  endfacet
  facet normal 0 0 1
    outer loop
      vertex 5.75625 24.1542 5
      vertex 5.4375 30.2937 5
      vertex 5.50134 23.9839 5
    endloop
  endfacet
  facet normal 0 0 1
    outer loop
      vertex 5.50134 23.9839 5
      vertex 5.4375 30.2937 5
      vertex 5.48571 23.9735 5
    endloop
  endfacet
  facet normal 0 0 1
    outer loop
      vertex 5.09762 30.5208 5
      vertex 5.48571 23.9735 5
      vertex 5.4375 30.2937 5
    endloop
  endfacet
  facet normal 0 0 1
    outer loop
      vertex 5.48571 23.9735 5
      vertex 5.09762 30.5208 5
      vertex 5.25521 23.7713 5
    endloop
  endfacet
  facet normal 0 0 1
    outer loop
      vertex 5.25521 23.7713 5
      vertex 5.09762 30.5208 5
      vertex 5.24107 23.7589 5
    endloop
  endfacet
  facet normal 0 0 1
    outer loop
      vertex 4.79029 30.7903 5
      vertex 5.24107 23.7589 5
      vertex 5.09762 30.5208 5
    endloop
  endfacet
  facet normal 0 0 1
    outer loop
      vertex 5.24107 23.7589 5
      vertex 4.79029 30.7903 5
      vertex 5.22867 23.7448 5
    endloop
  endfacet
  facet normal 0 0 1
    outer loop
      vertex 5.22867 23.7448 5
      vertex 4.79029 30.7903 5
      vertex 5.02653 23.5143 5
    endloop
  endfacet
  facet normal 0 0 1
    outer loop
      vertex 4.52077 31.0976 5
      vertex 5.02653 23.5143 5
      vertex 4.79029 30.7903 5
    endloop
  endfacet
  facet normal 0 0 1
    outer loop
      vertex 5.02653 23.5143 5
      vertex 4.52077 31.0976 5
      vertex 4.85621 23.2594 5
    endloop
  endfacet
  facet normal 0 0 1
    outer loop
      vertex 4.85621 23.2594 5
      vertex 4.52077 31.0976 5
      vertex 4.84576 23.2437 5
    endloop
  endfacet
  facet normal 0 0 1
    outer loop
      vertex 4.29367 31.4375 5
      vertex 4.84576 23.2437 5
      vertex 4.52077 31.0976 5
    endloop
  endfacet
  facet normal 0 0 1
    outer loop
      vertex 4.84576 23.2437 5
      vertex 4.29367 31.4375 5
      vertex 4.83744 23.2269 5
    endloop
  endfacet
  facet normal 0 0 1
    outer loop
      vertex 4.83744 23.2269 5
      vertex 4.29367 31.4375 5
      vertex 4.70185 22.9519 5
    endloop
  endfacet
  facet normal 0 0 1
    outer loop
      vertex 4.11288 31.8041 5
      vertex 4.70185 22.9519 5
      vertex 4.29367 31.4375 5
    endloop
  endfacet
  facet normal 0 0 1
    outer loop
      vertex 4.70185 22.9519 5
      vertex 4.11288 31.8041 5
      vertex 4.6033 22.6616 5
    endloop
  endfacet
  facet normal 0 0 1
    outer loop
      vertex 4.6033 22.6616 5
      vertex 4.11288 31.8041 5
      vertex 4.59726 22.6438 5
    endloop
  endfacet
  facet normal 0 0 1
    outer loop
      vertex 3.98148 32.1912 5
      vertex 4.59726 22.6438 5
      vertex 4.11288 31.8041 5
    endloop
  endfacet
  facet normal 0 0 1
    outer loop
      vertex 4.59726 22.6438 5
      vertex 3.98148 32.1912 5
      vertex 4.53745 22.3431 5
    endloop
  endfacet
  facet normal 0 0 1
    outer loop
      vertex 4.53745 22.3431 5
      vertex 3.98148 32.1912 5
      vertex 4.53378 22.3247 5
    endloop
  endfacet
  facet normal -0 0 1
    outer loop
      vertex 10.0983 77.0421 5
      vertex 10.125 33 5
      vertex 10.125 77.45 5
    endloop
  endfacet
  facet normal 0 0 1
    outer loop
      vertex 10.0983 77.0421 5
      vertex 10.0983 33.4079 5
      vertex 10.125 33 5
    endloop
  endfacet
  facet normal 0 0 1
    outer loop
      vertex 9.46622 66.7747 5
      vertex 10.0983 77.0421 5
      vertex 10.0185 76.6412 5
    endloop
  endfacet
  facet normal 0 0 1
    outer loop
      vertex 10.0983 77.0421 5
      vertex 9.4875 66.45 5
      vertex 10.0983 33.4079 5
    endloop
  endfacet
  facet normal 0 0 1
    outer loop
      vertex 9.40274 67.0938 5
      vertex 10.0185 76.6412 5
      vertex 9.88712 76.2541 5
    endloop
  endfacet
  facet normal -0 0 1
    outer loop
      vertex 9.48627 66.4312 5
      vertex 10.0983 33.4079 5
      vertex 9.4875 66.45 5
    endloop
  endfacet
  facet normal 0 0 1
    outer loop
      vertex 9.29815 67.4019 5
      vertex 9.88712 76.2541 5
      vertex 9.70633 75.8875 5
    endloop
  endfacet
  facet normal -0 0 1
    outer loop
      vertex 9.46622 66.1253 5
      vertex 10.0983 33.4079 5
      vertex 9.48627 66.4312 5
    endloop
  endfacet
  facet normal 0 0 1
    outer loop
      vertex 10.0983 33.4079 5
      vertex 9.46622 66.1253 5
      vertex 10.0185 33.8088 5
    endloop
  endfacet
  facet normal 0 0 1
    outer loop
      vertex 10.0983 77.0421 5
      vertex 9.48627 66.4688 5
      vertex 9.4875 66.45 5
    endloop
  endfacet
  facet normal 0 0 1
    outer loop
      vertex 9.15424 67.6937 5
      vertex 9.70633 75.8875 5
      vertex 9.47923 75.5476 5
    endloop
  endfacet
  facet normal 0 0 1
    outer loop
      vertex 10.0983 77.0421 5
      vertex 9.46622 66.7747 5
      vertex 9.48627 66.4688 5
    endloop
  endfacet
  facet normal 0 0 1
    outer loop
      vertex 10.0185 76.6412 5
      vertex 9.46255 66.7931 5
      vertex 9.46622 66.7747 5
    endloop
  endfacet
  facet normal 0 0 1
    outer loop
      vertex 10.0185 76.6412 5
      vertex 9.40274 67.0938 5
      vertex 9.46255 66.7931 5
    endloop
  endfacet
  facet normal 0 0 1
    outer loop
      vertex 9.88712 76.2541 5
      vertex 9.3967 67.1116 5
      vertex 9.40274 67.0938 5
    endloop
  endfacet
  facet normal 0 0 1
    outer loop
      vertex 9.88712 76.2541 5
      vertex 9.29815 67.4019 5
      vertex 9.3967 67.1116 5
    endloop
  endfacet
  facet normal 0 0 1
    outer loop
      vertex 8.97347 67.9643 5
      vertex 9.47923 75.5476 5
      vertex 9.20971 75.2403 5
    endloop
  endfacet
  facet normal 0 0 1
    outer loop
      vertex 9.70633 75.8875 5
      vertex 9.16255 67.6769 5
      vertex 9.29815 67.4019 5
    endloop
  endfacet
  facet normal 0 0 1
    outer loop
      vertex 9.70633 75.8875 5
      vertex 9.15424 67.6937 5
      vertex 9.16255 67.6769 5
    endloop
  endfacet
  facet normal 0 0 1
    outer loop
      vertex 9.47923 75.5476 5
      vertex 9.14379 67.7094 5
      vertex 9.15424 67.6937 5
    endloop
  endfacet
  facet normal 0 0 1
    outer loop
      vertex 9.47923 75.5476 5
      vertex 8.97347 67.9643 5
      vertex 9.14379 67.7094 5
    endloop
  endfacet
  facet normal 0 0 1
    outer loop
      vertex 8.75893 68.2089 5
      vertex 9.20971 75.2403 5
      vertex 8.90238 74.9708 5
    endloop
  endfacet
  facet normal 0 0 1
    outer loop
      vertex 9.20971 75.2403 5
      vertex 8.77133 68.1948 5
      vertex 8.97347 67.9643 5
    endloop
  endfacet
  facet normal 0 0 1
    outer loop
      vertex 9.20971 75.2403 5
      vertex 8.75893 68.2089 5
      vertex 8.77133 68.1948 5
    endloop
  endfacet
  facet normal 0 0 1
    outer loop
      vertex 8.90238 74.9708 5
      vertex 8.74479 68.2213 5
      vertex 8.75893 68.2089 5
    endloop
  endfacet
  facet normal 0 0 1
    outer loop
      vertex 8.51429 68.4235 5
      vertex 8.90238 74.9708 5
      vertex 8.5625 74.7437 5
    endloop
  endfacet
  facet normal 0 0 1
    outer loop
      vertex 8.90238 74.9708 5
      vertex 8.51429 68.4235 5
      vertex 8.74479 68.2213 5
    endloop
  endfacet
  facet normal 0 0 1
    outer loop
      vertex 8.5625 74.7437 5
      vertex 8.25938 68.5938 5
      vertex 8.51429 68.4235 5
    endloop
  endfacet
  facet normal 0 0 1
    outer loop
      vertex 8.5625 74.7437 5
      vertex 8.24375 68.6042 5
      vertex 8.25938 68.5938 5
    endloop
  endfacet
  facet normal -0 0 1
    outer loop
      vertex 8.19589 74.5629 5
      vertex 8.24375 68.6042 5
      vertex 8.5625 74.7437 5
    endloop
  endfacet
  facet normal 0 0 1
    outer loop
      vertex 8.24375 68.6042 5
      vertex 8.19589 74.5629 5
      vertex 8.22689 68.6126 5
    endloop
  endfacet
  facet normal 0 0 1
    outer loop
      vertex 8.19589 74.5629 5
      vertex 7.95192 68.7481 5
      vertex 8.22689 68.6126 5
    endloop
  endfacet
  facet normal -0 0 1
    outer loop
      vertex 7.80881 74.4315 5
      vertex 7.95192 68.7481 5
      vertex 8.19589 74.5629 5
    endloop
  endfacet
  facet normal 0 0 1
    outer loop
      vertex 7.80881 74.4315 5
      vertex 7.66162 68.8467 5
      vertex 7.95192 68.7481 5
    endloop
  endfacet
  facet normal 0 0 1
    outer loop
      vertex 7.80881 74.4315 5
      vertex 7.64381 68.8527 5
      vertex 7.66162 68.8467 5
    endloop
  endfacet
  facet normal -0 0 1
    outer loop
      vertex 7.40789 74.3517 5
      vertex 7.64381 68.8527 5
      vertex 7.80881 74.4315 5
    endloop
  endfacet
  facet normal 0 0 1
    outer loop
      vertex 7.40789 74.3517 5
      vertex 7.34313 68.9126 5
      vertex 7.64381 68.8527 5
    endloop
  endfacet
  facet normal 0 0 1
    outer loop
      vertex 7.40789 74.3517 5
      vertex 7.32468 68.9162 5
      vertex 7.34313 68.9126 5
    endloop
  endfacet
  facet normal 0 0 1
    outer loop
      vertex 7.40789 74.3517 5
      vertex 7.30592 68.9174 5
      vertex 7.32468 68.9162 5
    endloop
  endfacet
  facet normal -0 0 1
    outer loop
      vertex 7 74.325 5
      vertex 7.30592 68.9174 5
      vertex 7.40789 74.3517 5
    endloop
  endfacet
  facet normal 0 0 1
    outer loop
      vertex 7 74.325 5
      vertex 7 68.9375 5
      vertex 7.30592 68.9174 5
    endloop
  endfacet
  facet normal 0 0 1
    outer loop
      vertex 7 74.325 5
      vertex 6.69408 68.9174 5
      vertex 7 68.9375 5
    endloop
  endfacet
  facet normal 0 0 1
    outer loop
      vertex 6.5921 74.3517 5
      vertex 6.69408 68.9174 5
      vertex 7 74.325 5
    endloop
  endfacet
  facet normal 0 0 1
    outer loop
      vertex 6.69408 68.9174 5
      vertex 6.5921 74.3517 5
      vertex 6.67532 68.9162 5
    endloop
  endfacet
  facet normal 0 0 1
    outer loop
      vertex 6.67532 68.9162 5
      vertex 6.5921 74.3517 5
      vertex 6.65687 68.9126 5
    endloop
  endfacet
  facet normal 0 0 1
    outer loop
      vertex 6.5921 74.3517 5
      vertex 6.35619 68.8527 5
      vertex 6.65687 68.9126 5
    endloop
  endfacet
  facet normal 0 0 1
    outer loop
      vertex 6.19119 74.4315 5
      vertex 6.35619 68.8527 5
      vertex 6.5921 74.3517 5
    endloop
  endfacet
  facet normal 0 0 1
    outer loop
      vertex 6.35619 68.8527 5
      vertex 6.19119 74.4315 5
      vertex 6.33838 68.8467 5
    endloop
  endfacet
  facet normal 0 0 1
    outer loop
      vertex 6.19119 74.4315 5
      vertex 6.04807 68.7481 5
      vertex 6.33838 68.8467 5
    endloop
  endfacet
  facet normal 0 0 1
    outer loop
      vertex 5.80411 74.5629 5
      vertex 6.04807 68.7481 5
      vertex 6.19119 74.4315 5
    endloop
  endfacet
  facet normal 0 0 1
    outer loop
      vertex 6.04807 68.7481 5
      vertex 5.80411 74.5629 5
      vertex 6.03121 68.7398 5
    endloop
  endfacet
  facet normal 0 0 1
    outer loop
      vertex 5.80411 74.5629 5
      vertex 5.75625 68.6042 5
      vertex 6.03121 68.7398 5
    endloop
  endfacet
  facet normal 0 0 1
    outer loop
      vertex 5.4375 74.7437 5
      vertex 5.75625 68.6042 5
      vertex 5.80411 74.5629 5
    endloop
  endfacet
  facet normal 0 0 1
    outer loop
      vertex 5.75625 68.6042 5
      vertex 5.4375 74.7437 5
      vertex 5.50134 68.4339 5
    endloop
  endfacet
  facet normal 0 0 1
    outer loop
      vertex 5.50134 68.4339 5
      vertex 5.4375 74.7437 5
      vertex 5.48571 68.4235 5
    endloop
  endfacet
  facet normal 0 0 1
    outer loop
      vertex 5.09762 74.9708 5
      vertex 5.48571 68.4235 5
      vertex 5.4375 74.7437 5
    endloop
  endfacet
  facet normal 0 0 1
    outer loop
      vertex 5.48571 68.4235 5
      vertex 5.09762 74.9708 5
      vertex 5.25521 68.2213 5
    endloop
  endfacet
  facet normal 0 0 1
    outer loop
      vertex 5.25521 68.2213 5
      vertex 5.09762 74.9708 5
      vertex 5.24107 68.2089 5
    endloop
  endfacet
  facet normal 0 0 1
    outer loop
      vertex 4.79029 75.2403 5
      vertex 5.24107 68.2089 5
      vertex 5.09762 74.9708 5
    endloop
  endfacet
  facet normal 0 0 1
    outer loop
      vertex 5.24107 68.2089 5
      vertex 4.79029 75.2403 5
      vertex 5.22867 68.1948 5
    endloop
  endfacet
  facet normal 0 0 1
    outer loop
      vertex 5.22867 68.1948 5
      vertex 4.79029 75.2403 5
      vertex 5.02653 67.9643 5
    endloop
  endfacet
  facet normal 0 0 1
    outer loop
      vertex 4.52077 75.5476 5
      vertex 5.02653 67.9643 5
      vertex 4.79029 75.2403 5
    endloop
  endfacet
  facet normal 0 0 1
    outer loop
      vertex 5.02653 67.9643 5
      vertex 4.52077 75.5476 5
      vertex 4.85621 67.7094 5
    endloop
  endfacet
  facet normal 0 0 1
    outer loop
      vertex 4.85621 67.7094 5
      vertex 4.52077 75.5476 5
      vertex 4.84576 67.6937 5
    endloop
  endfacet
  facet normal 0 0 1
    outer loop
      vertex 4.29367 75.8875 5
      vertex 4.84576 67.6937 5
      vertex 4.52077 75.5476 5
    endloop
  endfacet
  facet normal 0 0 1
    outer loop
      vertex 4.84576 67.6937 5
      vertex 4.29367 75.8875 5
      vertex 4.83744 67.6769 5
    endloop
  endfacet
  facet normal 0 0 1
    outer loop
      vertex 4.83744 67.6769 5
      vertex 4.29367 75.8875 5
      vertex 4.70185 67.4019 5
    endloop
  endfacet
  facet normal 0 0 1
    outer loop
      vertex 4.11288 76.2541 5
      vertex 4.70185 67.4019 5
      vertex 4.29367 75.8875 5
    endloop
  endfacet
  facet normal 0 0 1
    outer loop
      vertex 4.70185 67.4019 5
      vertex 4.11288 76.2541 5
      vertex 4.6033 67.1116 5
    endloop
  endfacet
  facet normal 0 0 1
    outer loop
      vertex 4.6033 67.1116 5
      vertex 4.11288 76.2541 5
      vertex 4.59726 67.0938 5
    endloop
  endfacet
  facet normal 0 0 1
    outer loop
      vertex 3.98148 76.6412 5
      vertex 4.59726 67.0938 5
      vertex 4.11288 76.2541 5
    endloop
  endfacet
  facet normal 0 0 1
    outer loop
      vertex 4.59726 67.0938 5
      vertex 3.98148 76.6412 5
      vertex 4.53745 66.7931 5
    endloop
  endfacet
  facet normal 0 0 1
    outer loop
      vertex 4.53745 66.7931 5
      vertex 3.98148 76.6412 5
      vertex 4.53378 66.7747 5
    endloop
  endfacet
  facet normal -0 0 1
    outer loop
      vertex 10.0983 121.492 5
      vertex 10.125 77.45 5
      vertex 10.125 121.9 5
    endloop
  endfacet
  facet normal 0 0 1
    outer loop
      vertex 10.0983 121.492 5
      vertex 10.0983 77.8579 5
      vertex 10.125 77.45 5
    endloop
  endfacet
  facet normal 0 0 1
    outer loop
      vertex 9.46622 111.225 5
      vertex 10.0983 121.492 5
      vertex 10.0185 121.091 5
    endloop
  endfacet
  facet normal 0 0 1
    outer loop
      vertex 10.0983 121.492 5
      vertex 9.4875 110.9 5
      vertex 10.0983 77.8579 5
    endloop
  endfacet
  facet normal 0 0 1
    outer loop
      vertex 9.40274 111.544 5
      vertex 10.0185 121.091 5
      vertex 9.88712 120.704 5
    endloop
  endfacet
  facet normal -0 0 1
    outer loop
      vertex 9.48627 110.881 5
      vertex 10.0983 77.8579 5
      vertex 9.4875 110.9 5
    endloop
  endfacet
  facet normal 0 0 1
    outer loop
      vertex 9.29815 111.852 5
      vertex 9.88712 120.704 5
      vertex 9.70633 120.338 5
    endloop
  endfacet
  facet normal -0 0 1
    outer loop
      vertex 9.46622 110.575 5
      vertex 10.0983 77.8579 5
      vertex 9.48627 110.881 5
    endloop
  endfacet
  facet normal 0 0 1
    outer loop
      vertex 10.0983 77.8579 5
      vertex 9.46622 110.575 5
      vertex 10.0185 78.2588 5
    endloop
  endfacet
  facet normal 0 0 1
    outer loop
      vertex 10.0983 121.492 5
      vertex 9.48627 110.919 5
      vertex 9.4875 110.9 5
    endloop
  endfacet
  facet normal 0 0 1
    outer loop
      vertex 9.15424 112.144 5
      vertex 9.70633 120.338 5
      vertex 9.47923 119.998 5
    endloop
  endfacet
  facet normal 0 0 1
    outer loop
      vertex 10.0983 121.492 5
      vertex 9.46622 111.225 5
      vertex 9.48627 110.919 5
    endloop
  endfacet
  facet normal 0 0 1
    outer loop
      vertex 10.0185 121.091 5
      vertex 9.46255 111.243 5
      vertex 9.46622 111.225 5
    endloop
  endfacet
  facet normal 0 0 1
    outer loop
      vertex 10.0185 121.091 5
      vertex 9.40274 111.544 5
      vertex 9.46255 111.243 5
    endloop
  endfacet
  facet normal 0 0 1
    outer loop
      vertex 9.88712 120.704 5
      vertex 9.3967 111.562 5
      vertex 9.40274 111.544 5
    endloop
  endfacet
  facet normal 0 0 1
    outer loop
      vertex 9.88712 120.704 5
      vertex 9.29815 111.852 5
      vertex 9.3967 111.562 5
    endloop
  endfacet
  facet normal 0 0 1
    outer loop
      vertex 8.97347 112.414 5
      vertex 9.47923 119.998 5
      vertex 9.20971 119.69 5
    endloop
  endfacet
  facet normal 0 0 1
    outer loop
      vertex 9.70633 120.338 5
      vertex 9.16255 112.127 5
      vertex 9.29815 111.852 5
    endloop
  endfacet
  facet normal 0 0 1
    outer loop
      vertex 9.70633 120.338 5
      vertex 9.15424 112.144 5
      vertex 9.16255 112.127 5
    endloop
  endfacet
  facet normal 0 0 1
    outer loop
      vertex 9.47923 119.998 5
      vertex 9.14379 112.159 5
      vertex 9.15424 112.144 5
    endloop
  endfacet
  facet normal 0 0 1
    outer loop
      vertex 9.47923 119.998 5
      vertex 8.97347 112.414 5
      vertex 9.14379 112.159 5
    endloop
  endfacet
  facet normal 0 0 1
    outer loop
      vertex 8.75893 112.659 5
      vertex 9.20971 119.69 5
      vertex 8.90238 119.421 5
    endloop
  endfacet
  facet normal 0 0 1
    outer loop
      vertex 9.20971 119.69 5
      vertex 8.77133 112.645 5
      vertex 8.97347 112.414 5
    endloop
  endfacet
  facet normal 0 0 1
    outer loop
      vertex 9.20971 119.69 5
      vertex 8.75893 112.659 5
      vertex 8.77133 112.645 5
    endloop
  endfacet
  facet normal 0 0 1
    outer loop
      vertex 8.90238 119.421 5
      vertex 8.74479 112.671 5
      vertex 8.75893 112.659 5
    endloop
  endfacet
  facet normal 0 0 1
    outer loop
      vertex 8.51429 112.873 5
      vertex 8.90238 119.421 5
      vertex 8.5625 119.194 5
    endloop
  endfacet
  facet normal 0 0 1
    outer loop
      vertex 8.90238 119.421 5
      vertex 8.51429 112.873 5
      vertex 8.74479 112.671 5
    endloop
  endfacet
  facet normal 0 0 1
    outer loop
      vertex 8.5625 119.194 5
      vertex 8.25938 113.044 5
      vertex 8.51429 112.873 5
    endloop
  endfacet
  facet normal 0 0 1
    outer loop
      vertex 8.5625 119.194 5
      vertex 8.24375 113.054 5
      vertex 8.25938 113.044 5
    endloop
  endfacet
  facet normal -0 0 1
    outer loop
      vertex 8.19589 119.013 5
      vertex 8.24375 113.054 5
      vertex 8.5625 119.194 5
    endloop
  endfacet
  facet normal 0 0 1
    outer loop
      vertex 8.24375 113.054 5
      vertex 8.19589 119.013 5
      vertex 8.22689 113.063 5
    endloop
  endfacet
  facet normal 0 0 1
    outer loop
      vertex 8.19589 119.013 5
      vertex 7.95192 113.198 5
      vertex 8.22689 113.063 5
    endloop
  endfacet
  facet normal -0 0 1
    outer loop
      vertex 7.80881 118.881 5
      vertex 7.95192 113.198 5
      vertex 8.19589 119.013 5
    endloop
  endfacet
  facet normal 0 0 1
    outer loop
      vertex 7.95192 113.198 5
      vertex 7.80881 118.881 5
      vertex 7.93412 113.204 5
    endloop
  endfacet
  facet normal 0 0 1
    outer loop
      vertex 7.80881 118.881 5
      vertex 7.64381 113.303 5
      vertex 7.93412 113.204 5
    endloop
  endfacet
  facet normal -0 0 1
    outer loop
      vertex 7.40789 118.802 5
      vertex 7.64381 113.303 5
      vertex 7.80881 118.881 5
    endloop
  endfacet
  facet normal 0 0 1
    outer loop
      vertex 7.40789 118.802 5
      vertex 7.34313 113.363 5
      vertex 7.64381 113.303 5
    endloop
  endfacet
  facet normal 0 0 1
    outer loop
      vertex 7.40789 118.802 5
      vertex 7.32468 113.366 5
      vertex 7.34313 113.363 5
    endloop
  endfacet
  facet normal 0 0 1
    outer loop
      vertex 7.40789 118.802 5
      vertex 7.30592 113.367 5
      vertex 7.32468 113.366 5
    endloop
  endfacet
  facet normal -0 0 1
    outer loop
      vertex 7 118.775 5
      vertex 7.30592 113.367 5
      vertex 7.40789 118.802 5
    endloop
  endfacet
  facet normal 0 0 1
    outer loop
      vertex 7 118.775 5
      vertex 7 113.387 5
      vertex 7.30592 113.367 5
    endloop
  endfacet
  facet normal 0 0 1
    outer loop
      vertex 7 118.775 5
      vertex 6.69408 113.367 5
      vertex 7 113.387 5
    endloop
  endfacet
  facet normal 0 0 1
    outer loop
      vertex 6.5921 118.802 5
      vertex 6.69408 113.367 5
      vertex 7 118.775 5
    endloop
  endfacet
  facet normal 0 0 1
    outer loop
      vertex 6.69408 113.367 5
      vertex 6.5921 118.802 5
      vertex 6.67532 113.366 5
    endloop
  endfacet
  facet normal 0 0 1
    outer loop
      vertex 6.67532 113.366 5
      vertex 6.5921 118.802 5
      vertex 6.65687 113.363 5
    endloop
  endfacet
  facet normal 0 0 1
    outer loop
      vertex 6.5921 118.802 5
      vertex 6.35619 113.303 5
      vertex 6.65687 113.363 5
    endloop
  endfacet
  facet normal 0 0 1
    outer loop
      vertex 6.19119 118.881 5
      vertex 6.35619 113.303 5
      vertex 6.5921 118.802 5
    endloop
  endfacet
  facet normal 0 0 1
    outer loop
      vertex 6.19119 118.881 5
      vertex 6.06588 113.204 5
      vertex 6.35619 113.303 5
    endloop
  endfacet
  facet normal 0 0 1
    outer loop
      vertex 6.19119 118.881 5
      vertex 6.04807 113.198 5
      vertex 6.06588 113.204 5
    endloop
  endfacet
  facet normal 0 0 1
    outer loop
      vertex 5.80411 119.013 5
      vertex 6.04807 113.198 5
      vertex 6.19119 118.881 5
    endloop
  endfacet
  facet normal 0 0 1
    outer loop
      vertex 6.04807 113.198 5
      vertex 5.80411 119.013 5
      vertex 6.03121 113.19 5
    endloop
  endfacet
  facet normal 0 0 1
    outer loop
      vertex 5.80411 119.013 5
      vertex 5.75625 113.054 5
      vertex 6.03121 113.19 5
    endloop
  endfacet
  facet normal 0 0 1
    outer loop
      vertex 5.4375 119.194 5
      vertex 5.75625 113.054 5
      vertex 5.80411 119.013 5
    endloop
  endfacet
  facet normal 0 0 1
    outer loop
      vertex 5.75625 113.054 5
      vertex 5.4375 119.194 5
      vertex 5.74062 113.044 5
    endloop
  endfacet
  facet normal 0 0 1
    outer loop
      vertex 5.74062 113.044 5
      vertex 5.4375 119.194 5
      vertex 5.48571 112.873 5
    endloop
  endfacet
  facet normal 0 0 1
    outer loop
      vertex 5.09762 119.421 5
      vertex 5.48571 112.873 5
      vertex 5.4375 119.194 5
    endloop
  endfacet
  facet normal 0 0 1
    outer loop
      vertex 5.48571 112.873 5
      vertex 5.09762 119.421 5
      vertex 5.25521 112.671 5
    endloop
  endfacet
  facet normal 0 0 1
    outer loop
      vertex 5.25521 112.671 5
      vertex 5.09762 119.421 5
      vertex 5.24107 112.659 5
    endloop
  endfacet
  facet normal 0 0 1
    outer loop
      vertex 4.79029 119.69 5
      vertex 5.24107 112.659 5
      vertex 5.09762 119.421 5
    endloop
  endfacet
  facet normal 0 0 1
    outer loop
      vertex 5.24107 112.659 5
      vertex 4.79029 119.69 5
      vertex 5.22867 112.645 5
    endloop
  endfacet
  facet normal 0 0 1
    outer loop
      vertex 5.22867 112.645 5
      vertex 4.79029 119.69 5
      vertex 5.02653 112.414 5
    endloop
  endfacet
  facet normal 0 0 1
    outer loop
      vertex 4.52077 119.998 5
      vertex 5.02653 112.414 5
      vertex 4.79029 119.69 5
    endloop
  endfacet
  facet normal 0 0 1
    outer loop
      vertex 5.02653 112.414 5
      vertex 4.52077 119.998 5
      vertex 4.85621 112.159 5
    endloop
  endfacet
  facet normal 0 0 1
    outer loop
      vertex 4.85621 112.159 5
      vertex 4.52077 119.998 5
      vertex 4.84576 112.144 5
    endloop
  endfacet
  facet normal 0 0 1
    outer loop
      vertex 4.29367 120.338 5
      vertex 4.84576 112.144 5
      vertex 4.52077 119.998 5
    endloop
  endfacet
  facet normal 0 0 1
    outer loop
      vertex 4.84576 112.144 5
      vertex 4.29367 120.338 5
      vertex 4.83744 112.127 5
    endloop
  endfacet
  facet normal 0 0 1
    outer loop
      vertex 4.83744 112.127 5
      vertex 4.29367 120.338 5
      vertex 4.70185 111.852 5
    endloop
  endfacet
  facet normal 0 0 1
    outer loop
      vertex 4.11288 120.704 5
      vertex 4.70185 111.852 5
      vertex 4.29367 120.338 5
    endloop
  endfacet
  facet normal 0 0 1
    outer loop
      vertex 4.70185 111.852 5
      vertex 4.11288 120.704 5
      vertex 4.6033 111.562 5
    endloop
  endfacet
  facet normal 0 0 1
    outer loop
      vertex 4.6033 111.562 5
      vertex 4.11288 120.704 5
      vertex 4.59726 111.544 5
    endloop
  endfacet
  facet normal 0 0 1
    outer loop
      vertex 3.98148 121.091 5
      vertex 4.59726 111.544 5
      vertex 4.11288 120.704 5
    endloop
  endfacet
  facet normal 0 0 1
    outer loop
      vertex 4.59726 111.544 5
      vertex 3.98148 121.091 5
      vertex 4.53745 111.243 5
    endloop
  endfacet
  facet normal 0 0 1
    outer loop
      vertex 4.53745 111.243 5
      vertex 3.98148 121.091 5
      vertex 4.53378 111.225 5
    endloop
  endfacet
  facet normal 0 0 1
    outer loop
      vertex 9.4875 155.35 5
      vertex 14 177.05 5
      vertex 10.0983 165.942 5
    endloop
  endfacet
  facet normal 0 0 1
    outer loop
      vertex 14 177.05 5
      vertex 10.0983 122.308 5
      vertex 10.125 121.9 5
    endloop
  endfacet
  facet normal 0 0 1
    outer loop
      vertex 9.46622 155.675 5
      vertex 10.0983 165.942 5
      vertex 10.0185 165.541 5
    endloop
  endfacet
  facet normal 0 0 1
    outer loop
      vertex 9.48627 155.331 5
      vertex 14 177.05 5
      vertex 9.4875 155.35 5
    endloop
  endfacet
  facet normal 0 0 1
    outer loop
      vertex 9.40274 155.994 5
      vertex 10.0185 165.541 5
      vertex 9.88712 165.154 5
    endloop
  endfacet
  facet normal 0 0 1
    outer loop
      vertex 9.46622 155.025 5
      vertex 14 177.05 5
      vertex 9.48627 155.331 5
    endloop
  endfacet
  facet normal 0 0 1
    outer loop
      vertex 9.29815 156.302 5
      vertex 9.88712 165.154 5
      vertex 9.70633 164.788 5
    endloop
  endfacet
  facet normal 0 0 1
    outer loop
      vertex 14 177.05 5
      vertex 9.46622 155.025 5
      vertex 10.0983 122.308 5
    endloop
  endfacet
  facet normal 0 0 1
    outer loop
      vertex 10.0983 122.308 5
      vertex 9.46622 155.025 5
      vertex 10.0185 122.709 5
    endloop
  endfacet
  facet normal 0 0 1
    outer loop
      vertex 10.0983 165.942 5
      vertex 9.48627 155.369 5
      vertex 9.4875 155.35 5
    endloop
  endfacet
  facet normal 0 0 1
    outer loop
      vertex 9.15424 156.594 5
      vertex 9.70633 164.788 5
      vertex 9.47923 164.448 5
    endloop
  endfacet
  facet normal 0 0 1
    outer loop
      vertex 10.0983 165.942 5
      vertex 9.46622 155.675 5
      vertex 9.48627 155.369 5
    endloop
  endfacet
  facet normal 0 0 1
    outer loop
      vertex 10.0185 165.541 5
      vertex 9.46255 155.693 5
      vertex 9.46622 155.675 5
    endloop
  endfacet
  facet normal 0 0 1
    outer loop
      vertex 10.0185 165.541 5
      vertex 9.40274 155.994 5
      vertex 9.46255 155.693 5
    endloop
  endfacet
  facet normal 0 0 1
    outer loop
      vertex 9.88712 165.154 5
      vertex 9.3967 156.012 5
      vertex 9.40274 155.994 5
    endloop
  endfacet
  facet normal 0 0 1
    outer loop
      vertex 9.88712 165.154 5
      vertex 9.29815 156.302 5
      vertex 9.3967 156.012 5
    endloop
  endfacet
  facet normal 0 0 1
    outer loop
      vertex 8.97347 156.864 5
      vertex 9.47923 164.448 5
      vertex 9.20971 164.14 5
    endloop
  endfacet
  facet normal 0 0 1
    outer loop
      vertex 9.70633 164.788 5
      vertex 9.16255 156.577 5
      vertex 9.29815 156.302 5
    endloop
  endfacet
  facet normal 0 0 1
    outer loop
      vertex 9.70633 164.788 5
      vertex 9.15424 156.594 5
      vertex 9.16255 156.577 5
    endloop
  endfacet
  facet normal 0 0 1
    outer loop
      vertex 9.47923 164.448 5
      vertex 8.98391 156.849 5
      vertex 9.15424 156.594 5
    endloop
  endfacet
  facet normal 0 0 1
    outer loop
      vertex 9.47923 164.448 5
      vertex 8.97347 156.864 5
      vertex 8.98391 156.849 5
    endloop
  endfacet
  facet normal 0 0 1
    outer loop
      vertex 9.20971 164.14 5
      vertex 8.96107 156.878 5
      vertex 8.97347 156.864 5
    endloop
  endfacet
  facet normal 0 0 1
    outer loop
      vertex 8.75893 157.109 5
      vertex 9.20971 164.14 5
      vertex 8.90238 163.871 5
    endloop
  endfacet
  facet normal 0 0 1
    outer loop
      vertex 9.20971 164.14 5
      vertex 8.75893 157.109 5
      vertex 8.96107 156.878 5
    endloop
  endfacet
  facet normal 0 0 1
    outer loop
      vertex 8.90238 163.871 5
      vertex 8.74479 157.121 5
      vertex 8.75893 157.109 5
    endloop
  endfacet
  facet normal 0 0 1
    outer loop
      vertex 8.51429 157.323 5
      vertex 8.90238 163.871 5
      vertex 8.5625 163.644 5
    endloop
  endfacet
  facet normal 0 0 1
    outer loop
      vertex 8.90238 163.871 5
      vertex 8.51429 157.323 5
      vertex 8.74479 157.121 5
    endloop
  endfacet
  facet normal 0 0 1
    outer loop
      vertex 8.5625 163.644 5
      vertex 8.25938 157.494 5
      vertex 8.51429 157.323 5
    endloop
  endfacet
  facet normal 0 0 1
    outer loop
      vertex 8.5625 163.644 5
      vertex 8.24375 157.504 5
      vertex 8.25938 157.494 5
    endloop
  endfacet
  facet normal -0 0 1
    outer loop
      vertex 8.19589 163.463 5
      vertex 8.24375 157.504 5
      vertex 8.5625 163.644 5
    endloop
  endfacet
  facet normal 0 0 1
    outer loop
      vertex 8.24375 157.504 5
      vertex 8.19589 163.463 5
      vertex 8.22689 157.513 5
    endloop
  endfacet
  facet normal 0 0 1
    outer loop
      vertex 8.19589 163.463 5
      vertex 7.95192 157.648 5
      vertex 8.22689 157.513 5
    endloop
  endfacet
  facet normal -0 0 1
    outer loop
      vertex 7.80881 163.331 5
      vertex 7.95192 157.648 5
      vertex 8.19589 163.463 5
    endloop
  endfacet
  facet normal 0 0 1
    outer loop
      vertex 7.80881 163.331 5
      vertex 7.66162 157.747 5
      vertex 7.95192 157.648 5
    endloop
  endfacet
  facet normal 0 0 1
    outer loop
      vertex 7.80881 163.331 5
      vertex 7.64381 157.753 5
      vertex 7.66162 157.747 5
    endloop
  endfacet
  facet normal 0 0 1
    outer loop
      vertex 7.80881 163.331 5
      vertex 7.62537 157.756 5
      vertex 7.64381 157.753 5
    endloop
  endfacet
  facet normal -0 0 1
    outer loop
      vertex 7.40789 163.252 5
      vertex 7.62537 157.756 5
      vertex 7.80881 163.331 5
    endloop
  endfacet
  facet normal 0 0 1
    outer loop
      vertex 7.40789 163.252 5
      vertex 7.32468 157.816 5
      vertex 7.62537 157.756 5
    endloop
  endfacet
  facet normal 0 0 1
    outer loop
      vertex 7.40789 163.252 5
      vertex 7.30592 157.817 5
      vertex 7.32468 157.816 5
    endloop
  endfacet
  facet normal -0 0 1
    outer loop
      vertex 7 163.225 5
      vertex 7.30592 157.817 5
      vertex 7.40789 163.252 5
    endloop
  endfacet
  facet normal 0 0 1
    outer loop
      vertex 7 163.225 5
      vertex 7 157.837 5
      vertex 7.30592 157.817 5
    endloop
  endfacet
  facet normal 0 0 1
    outer loop
      vertex 7 163.225 5
      vertex 6.69408 157.817 5
      vertex 7 157.837 5
    endloop
  endfacet
  facet normal 0 0 1
    outer loop
      vertex 6.5921 163.252 5
      vertex 6.69408 157.817 5
      vertex 7 163.225 5
    endloop
  endfacet
  facet normal 0 0 1
    outer loop
      vertex 6.69408 157.817 5
      vertex 6.5921 163.252 5
      vertex 6.67532 157.816 5
    endloop
  endfacet
  facet normal 0 0 1
    outer loop
      vertex 6.5921 163.252 5
      vertex 6.37463 157.756 5
      vertex 6.67532 157.816 5
    endloop
  endfacet
  facet normal 0 0 1
    outer loop
      vertex 6.5921 163.252 5
      vertex 6.35619 157.753 5
      vertex 6.37463 157.756 5
    endloop
  endfacet
  facet normal 0 0 1
    outer loop
      vertex 6.19119 163.331 5
      vertex 6.35619 157.753 5
      vertex 6.5921 163.252 5
    endloop
  endfacet
  facet normal 0 0 1
    outer loop
      vertex 6.35619 157.753 5
      vertex 6.19119 163.331 5
      vertex 6.33838 157.747 5
    endloop
  endfacet
  facet normal 0 0 1
    outer loop
      vertex 6.19119 163.331 5
      vertex 6.04807 157.648 5
      vertex 6.33838 157.747 5
    endloop
  endfacet
  facet normal 0 0 1
    outer loop
      vertex 5.80411 163.463 5
      vertex 6.04807 157.648 5
      vertex 6.19119 163.331 5
    endloop
  endfacet
  facet normal 0 0 1
    outer loop
      vertex 6.04807 157.648 5
      vertex 5.80411 163.463 5
      vertex 6.03121 157.64 5
    endloop
  endfacet
  facet normal 0 0 1
    outer loop
      vertex 5.80411 163.463 5
      vertex 5.75625 157.504 5
      vertex 6.03121 157.64 5
    endloop
  endfacet
  facet normal 0 0 1
    outer loop
      vertex 5.4375 163.644 5
      vertex 5.75625 157.504 5
      vertex 5.80411 163.463 5
    endloop
  endfacet
  facet normal 0 0 1
    outer loop
      vertex 5.75625 157.504 5
      vertex 5.4375 163.644 5
      vertex 5.74062 157.494 5
    endloop
  endfacet
  facet normal 0 0 1
    outer loop
      vertex 5.74062 157.494 5
      vertex 5.4375 163.644 5
      vertex 5.48571 157.323 5
    endloop
  endfacet
  facet normal 0 0 1
    outer loop
      vertex 5.09762 163.871 5
      vertex 5.48571 157.323 5
      vertex 5.4375 163.644 5
    endloop
  endfacet
  facet normal 0 0 1
    outer loop
      vertex 5.48571 157.323 5
      vertex 5.09762 163.871 5
      vertex 5.25521 157.121 5
    endloop
  endfacet
  facet normal 0 0 1
    outer loop
      vertex 5.25521 157.121 5
      vertex 5.09762 163.871 5
      vertex 5.24107 157.109 5
    endloop
  endfacet
  facet normal 0 0 1
    outer loop
      vertex 4.79029 164.14 5
      vertex 5.24107 157.109 5
      vertex 5.09762 163.871 5
    endloop
  endfacet
  facet normal 0 0 1
    outer loop
      vertex 5.24107 157.109 5
      vertex 4.79029 164.14 5
      vertex 5.03893 156.878 5
    endloop
  endfacet
  facet normal 0 0 1
    outer loop
      vertex 5.03893 156.878 5
      vertex 4.79029 164.14 5
      vertex 5.02653 156.864 5
    endloop
  endfacet
  facet normal 0 0 1
    outer loop
      vertex 4.52077 164.448 5
      vertex 5.02653 156.864 5
      vertex 4.79029 164.14 5
    endloop
  endfacet
  facet normal 0 0 1
    outer loop
      vertex 5.02653 156.864 5
      vertex 4.52077 164.448 5
      vertex 5.01609 156.849 5
    endloop
  endfacet
  facet normal 0 0 1
    outer loop
      vertex 5.01609 156.849 5
      vertex 4.52077 164.448 5
      vertex 4.84576 156.594 5
    endloop
  endfacet
  facet normal 0 0 1
    outer loop
      vertex 4.29367 164.788 5
      vertex 4.84576 156.594 5
      vertex 4.52077 164.448 5
    endloop
  endfacet
  facet normal 0 0 1
    outer loop
      vertex 4.84576 156.594 5
      vertex 4.29367 164.788 5
      vertex 4.83744 156.577 5
    endloop
  endfacet
  facet normal 0 0 1
    outer loop
      vertex 4.83744 156.577 5
      vertex 4.29367 164.788 5
      vertex 4.70185 156.302 5
    endloop
  endfacet
  facet normal 0 0 1
    outer loop
      vertex 4.11288 165.154 5
      vertex 4.70185 156.302 5
      vertex 4.29367 164.788 5
    endloop
  endfacet
  facet normal 0 0 1
    outer loop
      vertex 4.70185 156.302 5
      vertex 4.11288 165.154 5
      vertex 4.6033 156.012 5
    endloop
  endfacet
  facet normal 0 0 1
    outer loop
      vertex 4.6033 156.012 5
      vertex 4.11288 165.154 5
      vertex 4.59726 155.994 5
    endloop
  endfacet
  facet normal 0 0 1
    outer loop
      vertex 3.98148 165.541 5
      vertex 4.59726 155.994 5
      vertex 4.11288 165.154 5
    endloop
  endfacet
  facet normal 0 0 1
    outer loop
      vertex 4.59726 155.994 5
      vertex 3.98148 165.541 5
      vertex 4.53745 155.693 5
    endloop
  endfacet
  facet normal 0 0 1
    outer loop
      vertex 4.53745 155.693 5
      vertex 3.98148 165.541 5
      vertex 4.53378 155.675 5
    endloop
  endfacet
  facet normal 0 0 1
    outer loop
      vertex 10.0983 165.942 5
      vertex 14 177.05 5
      vertex 10.125 166.35 5
    endloop
  endfacet
  facet normal 0 0 1
    outer loop
      vertex 14 177.05 5
      vertex 10.0983 166.758 5
      vertex 10.125 166.35 5
    endloop
  endfacet
  facet normal 0 0 1
    outer loop
      vertex 14 177.05 5
      vertex 10.0185 167.159 5
      vertex 10.0983 166.758 5
    endloop
  endfacet
  facet normal 0 0 1
    outer loop
      vertex 14 177.05 5
      vertex 9.88712 167.546 5
      vertex 10.0185 167.159 5
    endloop
  endfacet
  facet normal 0 0 1
    outer loop
      vertex 14 177.05 5
      vertex 9.70633 167.913 5
      vertex 9.88712 167.546 5
    endloop
  endfacet
  facet normal 0 0 1
    outer loop
      vertex 14 177.05 5
      vertex 9.47923 168.252 5
      vertex 9.70633 167.913 5
    endloop
  endfacet
  facet normal 0 0 1
    outer loop
      vertex 14 177.05 5
      vertex 9.20971 168.56 5
      vertex 9.47923 168.252 5
    endloop
  endfacet
  facet normal 0 0 1
    outer loop
      vertex 14 177.05 5
      vertex 8.90238 168.829 5
      vertex 9.20971 168.56 5
    endloop
  endfacet
  facet normal 0 0 1
    outer loop
      vertex 14 177.05 5
      vertex 8.5625 169.056 5
      vertex 8.90238 168.829 5
    endloop
  endfacet
  facet normal 0 0 1
    outer loop
      vertex 14 177.05 5
      vertex 8.19589 169.237 5
      vertex 8.5625 169.056 5
    endloop
  endfacet
  facet normal 0 0 1
    outer loop
      vertex 14 177.05 5
      vertex 7.80881 169.369 5
      vertex 8.19589 169.237 5
    endloop
  endfacet
  facet normal 0 0 1
    outer loop
      vertex 14 177.05 5
      vertex 7.40789 169.448 5
      vertex 7.80881 169.369 5
    endloop
  endfacet
  facet normal 0 0 1
    outer loop
      vertex 14 177.05 5
      vertex 7 169.475 5
      vertex 7.40789 169.448 5
    endloop
  endfacet
  facet normal -0 0 1
    outer loop
      vertex 0 177.05 5
      vertex 7 169.475 5
      vertex 14 177.05 5
    endloop
  endfacet
  facet normal 0 0 1
    outer loop
      vertex 7 169.475 5
      vertex 0 177.05 5
      vertex 6.5921 169.448 5
    endloop
  endfacet
  facet normal 0 0 1
    outer loop
      vertex 6.5921 169.448 5
      vertex 0 177.05 5
      vertex 6.19119 169.369 5
    endloop
  endfacet
  facet normal 0 0 1
    outer loop
      vertex 6.19119 169.369 5
      vertex 0 177.05 5
      vertex 5.80411 169.237 5
    endloop
  endfacet
  facet normal 0 0 1
    outer loop
      vertex 5.80411 169.237 5
      vertex 0 177.05 5
      vertex 5.4375 169.056 5
    endloop
  endfacet
  facet normal 0 0 1
    outer loop
      vertex 5.4375 169.056 5
      vertex 0 177.05 5
      vertex 5.09762 168.829 5
    endloop
  endfacet
  facet normal 0 0 1
    outer loop
      vertex 3.90173 122.308 5
      vertex 0 177.05 5
      vertex 3.875 121.9 5
    endloop
  endfacet
  facet normal 0 0 1
    outer loop
      vertex 3.875 121.9 5
      vertex 0 177.05 5
      vertex 3.875 77.45 5
    endloop
  endfacet
  facet normal 0 0 1
    outer loop
      vertex 0 0 5
      vertex 3.875 77.45 5
      vertex 0 177.05 5
    endloop
  endfacet
  facet normal 0 0 1
    outer loop
      vertex 3.90173 166.758 5
      vertex 0 177.05 5
      vertex 3.875 166.35 5
    endloop
  endfacet
  facet normal 0 0 1
    outer loop
      vertex 3.98148 167.159 5
      vertex 0 177.05 5
      vertex 3.90173 166.758 5
    endloop
  endfacet
  facet normal 0 0 1
    outer loop
      vertex 4.11288 167.546 5
      vertex 0 177.05 5
      vertex 3.98148 167.159 5
    endloop
  endfacet
  facet normal 0 0 1
    outer loop
      vertex 4.29367 167.913 5
      vertex 0 177.05 5
      vertex 4.11288 167.546 5
    endloop
  endfacet
  facet normal 0 0 1
    outer loop
      vertex 4.52077 168.252 5
      vertex 0 177.05 5
      vertex 4.29367 167.913 5
    endloop
  endfacet
  facet normal 0 0 1
    outer loop
      vertex 4.79029 168.56 5
      vertex 0 177.05 5
      vertex 4.52077 168.252 5
    endloop
  endfacet
  facet normal 0 0 1
    outer loop
      vertex 5.09762 168.829 5
      vertex 0 177.05 5
      vertex 4.79029 168.56 5
    endloop
  endfacet
  facet normal 0 0 1
    outer loop
      vertex 10.125 77.45 5
      vertex 14 177.05 5
      vertex 10.125 121.9 5
    endloop
  endfacet
  facet normal 0 0 1
    outer loop
      vertex 14 177.05 5
      vertex 10.125 77.45 5
      vertex 14 0 5
    endloop
  endfacet
  facet normal -0 0 1
    outer loop
      vertex 10.125 33 5
      vertex 14 0 5
      vertex 10.125 77.45 5
    endloop
  endfacet
  facet normal -0 0 1
    outer loop
      vertex 10.0983 32.5921 5
      vertex 14 0 5
      vertex 10.125 33 5
    endloop
  endfacet
  facet normal 0 0 1
    outer loop
      vertex 9.48627 22.0188 5
      vertex 10.0983 32.5921 5
      vertex 10.0185 32.1912 5
    endloop
  endfacet
  facet normal 0 0 1
    outer loop
      vertex 9.48627 22.0188 5
      vertex 10.0185 32.1912 5
      vertex 9.88712 31.8041 5
    endloop
  endfacet
  facet normal 0 0 1
    outer loop
      vertex 9.29815 22.9519 5
      vertex 9.88712 31.8041 5
      vertex 9.70633 31.4375 5
    endloop
  endfacet
  facet normal 0 0 1
    outer loop
      vertex 10.0983 32.5921 5
      vertex 9.4875 22 5
      vertex 14 0 5
    endloop
  endfacet
  facet normal -0 0 1
    outer loop
      vertex 9.48627 21.9812 5
      vertex 14 0 5
      vertex 9.4875 22 5
    endloop
  endfacet
  facet normal -0 0 1
    outer loop
      vertex 9.46622 21.6753 5
      vertex 14 0 5
      vertex 9.48627 21.9812 5
    endloop
  endfacet
  facet normal -0 0 1
    outer loop
      vertex 9.46255 21.6569 5
      vertex 14 0 5
      vertex 9.46622 21.6753 5
    endloop
  endfacet
  facet normal -0 0 1
    outer loop
      vertex 9.40274 21.3562 5
      vertex 14 0 5
      vertex 9.46255 21.6569 5
    endloop
  endfacet
  facet normal -0 0 1
    outer loop
      vertex 9.3967 21.3384 5
      vertex 14 0 5
      vertex 9.40274 21.3562 5
    endloop
  endfacet
  facet normal -0 0 1
    outer loop
      vertex 9.29815 21.0481 5
      vertex 14 0 5
      vertex 9.3967 21.3384 5
    endloop
  endfacet
  facet normal -0 0 1
    outer loop
      vertex 9.16255 20.7731 5
      vertex 14 0 5
      vertex 9.29815 21.0481 5
    endloop
  endfacet
  facet normal -0 0 1
    outer loop
      vertex 9.15424 20.7563 5
      vertex 14 0 5
      vertex 9.16255 20.7731 5
    endloop
  endfacet
  facet normal -0 0 1
    outer loop
      vertex 8.98391 20.5013 5
      vertex 14 0 5
      vertex 9.15424 20.7563 5
    endloop
  endfacet
  facet normal -0 0 1
    outer loop
      vertex 8.97347 20.4857 5
      vertex 14 0 5
      vertex 8.98391 20.5013 5
    endloop
  endfacet
  facet normal -0 0 1
    outer loop
      vertex 8.77133 20.2552 5
      vertex 14 0 5
      vertex 8.97347 20.4857 5
    endloop
  endfacet
  facet normal -0 0 1
    outer loop
      vertex 8.75893 20.2411 5
      vertex 14 0 5
      vertex 8.77133 20.2552 5
    endloop
  endfacet
  facet normal -0 0 1
    outer loop
      vertex 8.74479 20.2287 5
      vertex 14 0 5
      vertex 8.75893 20.2411 5
    endloop
  endfacet
  facet normal -0 0 1
    outer loop
      vertex 8.51429 20.0265 5
      vertex 14 0 5
      vertex 8.74479 20.2287 5
    endloop
  endfacet
  facet normal -0 0 1
    outer loop
      vertex 8.25938 19.8562 5
      vertex 14 0 5
      vertex 8.51429 20.0265 5
    endloop
  endfacet
  facet normal -0 0 1
    outer loop
      vertex 8.24375 19.8458 5
      vertex 14 0 5
      vertex 8.25938 19.8562 5
    endloop
  endfacet
  facet normal -0 0 1
    outer loop
      vertex 8.22689 19.8374 5
      vertex 14 0 5
      vertex 8.24375 19.8458 5
    endloop
  endfacet
  facet normal -0 0 1
    outer loop
      vertex 7.95192 19.7018 5
      vertex 14 0 5
      vertex 8.22689 19.8374 5
    endloop
  endfacet
  facet normal -0 0 1
    outer loop
      vertex 7.66162 19.6033 5
      vertex 14 0 5
      vertex 7.95192 19.7018 5
    endloop
  endfacet
  facet normal -0 0 1
    outer loop
      vertex 7.64381 19.5973 5
      vertex 14 0 5
      vertex 7.66162 19.6033 5
    endloop
  endfacet
  facet normal -0 0 1
    outer loop
      vertex 7.34313 19.5374 5
      vertex 14 0 5
      vertex 7.64381 19.5973 5
    endloop
  endfacet
  facet normal -0 0 1
    outer loop
      vertex 7.32468 19.5338 5
      vertex 14 0 5
      vertex 7.34313 19.5374 5
    endloop
  endfacet
  facet normal -0 0 1
    outer loop
      vertex 7.30592 19.5326 5
      vertex 14 0 5
      vertex 7.32468 19.5338 5
    endloop
  endfacet
  facet normal -0 0 1
    outer loop
      vertex 7 19.5125 5
      vertex 14 0 5
      vertex 7.30592 19.5326 5
    endloop
  endfacet
  facet normal 0 0 1
    outer loop
      vertex 0 0 5
      vertex 7 19.5125 5
      vertex 6.69408 19.5326 5
    endloop
  endfacet
  facet normal 0 0 1
    outer loop
      vertex 0 0 5
      vertex 6.69408 19.5326 5
      vertex 6.67532 19.5338 5
    endloop
  endfacet
  facet normal 0 0 1
    outer loop
      vertex 0 0 5
      vertex 6.67532 19.5338 5
      vertex 6.65687 19.5374 5
    endloop
  endfacet
  facet normal 0 0 1
    outer loop
      vertex 0 0 5
      vertex 6.65687 19.5374 5
      vertex 6.35619 19.5973 5
    endloop
  endfacet
  facet normal 0 0 1
    outer loop
      vertex 0 0 5
      vertex 6.35619 19.5973 5
      vertex 6.33838 19.6033 5
    endloop
  endfacet
  facet normal 0 0 1
    outer loop
      vertex 0 0 5
      vertex 6.33838 19.6033 5
      vertex 6.04807 19.7018 5
    endloop
  endfacet
  facet normal 0 0 1
    outer loop
      vertex 0 0 5
      vertex 6.04807 19.7018 5
      vertex 5.77311 19.8374 5
    endloop
  endfacet
  facet normal 0 0 1
    outer loop
      vertex 0 0 5
      vertex 5.77311 19.8374 5
      vertex 5.75625 19.8458 5
    endloop
  endfacet
  facet normal 0 0 1
    outer loop
      vertex 0 0 5
      vertex 5.75625 19.8458 5
      vertex 5.50134 20.0161 5
    endloop
  endfacet
  facet normal 0 0 1
    outer loop
      vertex 0 0 5
      vertex 5.50134 20.0161 5
      vertex 5.48571 20.0265 5
    endloop
  endfacet
  facet normal 0 0 1
    outer loop
      vertex 0 0 5
      vertex 5.48571 20.0265 5
      vertex 5.25521 20.2287 5
    endloop
  endfacet
  facet normal 0 0 1
    outer loop
      vertex 0 0 5
      vertex 5.25521 20.2287 5
      vertex 5.24107 20.2411 5
    endloop
  endfacet
  facet normal 0 0 1
    outer loop
      vertex 0 0 5
      vertex 5.24107 20.2411 5
      vertex 5.22867 20.2552 5
    endloop
  endfacet
  facet normal 0 0 1
    outer loop
      vertex 0 0 5
      vertex 5.22867 20.2552 5
      vertex 5.02653 20.4857 5
    endloop
  endfacet
  facet normal 0 0 1
    outer loop
      vertex 0 0 5
      vertex 5.02653 20.4857 5
      vertex 5.01609 20.5013 5
    endloop
  endfacet
  facet normal 0 0 1
    outer loop
      vertex 0 0 5
      vertex 5.01609 20.5013 5
      vertex 4.84576 20.7563 5
    endloop
  endfacet
  facet normal 0 0 1
    outer loop
      vertex 0 0 5
      vertex 4.84576 20.7563 5
      vertex 4.83744 20.7731 5
    endloop
  endfacet
  facet normal 0 0 1
    outer loop
      vertex 0 0 5
      vertex 4.83744 20.7731 5
      vertex 4.70185 21.0481 5
    endloop
  endfacet
  facet normal 0 0 1
    outer loop
      vertex 3.90173 32.5921 5
      vertex 4.53378 22.3247 5
      vertex 3.98148 32.1912 5
    endloop
  endfacet
  facet normal 0 0 1
    outer loop
      vertex 4.53378 22.3247 5
      vertex 3.90173 32.5921 5
      vertex 4.53255 22.3059 5
    endloop
  endfacet
  facet normal 0 0 1
    outer loop
      vertex 4.53255 22.3059 5
      vertex 3.90173 32.5921 5
      vertex 4.5125 22 5
    endloop
  endfacet
  facet normal 0 0 1
    outer loop
      vertex 0 0 5
      vertex 3.90173 32.5921 5
      vertex 3.875 33 5
    endloop
  endfacet
  facet normal 0 0 1
    outer loop
      vertex 7 19.5125 5
      vertex 0 0 5
      vertex 14 0 5
    endloop
  endfacet
  facet normal 0 0 1
    outer loop
      vertex 4.6033 21.3384 5
      vertex 0 0 5
      vertex 4.70185 21.0481 5
    endloop
  endfacet
  facet normal 0 0 1
    outer loop
      vertex 4.59726 21.3562 5
      vertex 0 0 5
      vertex 4.6033 21.3384 5
    endloop
  endfacet
  facet normal 0 0 1
    outer loop
      vertex 4.53745 21.6569 5
      vertex 0 0 5
      vertex 4.59726 21.3562 5
    endloop
  endfacet
  facet normal 0 0 1
    outer loop
      vertex 4.53378 21.6753 5
      vertex 0 0 5
      vertex 4.53745 21.6569 5
    endloop
  endfacet
  facet normal 0 0 1
    outer loop
      vertex 4.53255 21.6941 5
      vertex 0 0 5
      vertex 4.53378 21.6753 5
    endloop
  endfacet
  facet normal 0 0 1
    outer loop
      vertex 4.5125 22 5
      vertex 0 0 5
      vertex 4.53255 21.6941 5
    endloop
  endfacet
  facet normal 0 0 1
    outer loop
      vertex 3.90173 32.5921 5
      vertex 0 0 5
      vertex 4.5125 22 5
    endloop
  endfacet
  facet normal 0 0 1
    outer loop
      vertex 3.875 77.45 5
      vertex 0 0 5
      vertex 3.875 33 5
    endloop
  endfacet
  facet normal -0 0 1
    outer loop
      vertex 9.46255 155.007 5
      vertex 10.0185 122.709 5
      vertex 9.46622 155.025 5
    endloop
  endfacet
  facet normal -0 0 1
    outer loop
      vertex 9.40274 154.706 5
      vertex 10.0185 122.709 5
      vertex 9.46255 155.007 5
    endloop
  endfacet
  facet normal 0 0 1
    outer loop
      vertex 10.0185 122.709 5
      vertex 9.40274 154.706 5
      vertex 9.88712 123.096 5
    endloop
  endfacet
  facet normal -0 0 1
    outer loop
      vertex 9.3967 154.688 5
      vertex 9.88712 123.096 5
      vertex 9.40274 154.706 5
    endloop
  endfacet
  facet normal -0 0 1
    outer loop
      vertex 9.29815 154.398 5
      vertex 9.88712 123.096 5
      vertex 9.3967 154.688 5
    endloop
  endfacet
  facet normal 0 0 1
    outer loop
      vertex 9.88712 123.096 5
      vertex 9.29815 154.398 5
      vertex 9.70633 123.463 5
    endloop
  endfacet
  facet normal -0 0 1
    outer loop
      vertex 9.16255 154.123 5
      vertex 9.70633 123.463 5
      vertex 9.29815 154.398 5
    endloop
  endfacet
  facet normal -0 0 1
    outer loop
      vertex 9.15424 154.106 5
      vertex 9.70633 123.463 5
      vertex 9.16255 154.123 5
    endloop
  endfacet
  facet normal 0 0 1
    outer loop
      vertex 9.70633 123.463 5
      vertex 9.15424 154.106 5
      vertex 9.47923 123.802 5
    endloop
  endfacet
  facet normal -0 0 1
    outer loop
      vertex 9.14379 154.091 5
      vertex 9.47923 123.802 5
      vertex 9.15424 154.106 5
    endloop
  endfacet
  facet normal -0 0 1
    outer loop
      vertex 8.97347 153.836 5
      vertex 9.47923 123.802 5
      vertex 9.14379 154.091 5
    endloop
  endfacet
  facet normal 0 0 1
    outer loop
      vertex 9.47923 123.802 5
      vertex 8.97347 153.836 5
      vertex 9.20971 124.11 5
    endloop
  endfacet
  facet normal -0 0 1
    outer loop
      vertex 8.77133 153.605 5
      vertex 9.20971 124.11 5
      vertex 8.97347 153.836 5
    endloop
  endfacet
  facet normal -0 0 1
    outer loop
      vertex 8.75893 153.591 5
      vertex 9.20971 124.11 5
      vertex 8.77133 153.605 5
    endloop
  endfacet
  facet normal 0 0 1
    outer loop
      vertex 9.20971 124.11 5
      vertex 8.75893 153.591 5
      vertex 8.90238 124.379 5
    endloop
  endfacet
  facet normal -0 0 1
    outer loop
      vertex 8.74479 153.579 5
      vertex 8.90238 124.379 5
      vertex 8.75893 153.591 5
    endloop
  endfacet
  facet normal -0 0 1
    outer loop
      vertex 8.51429 153.377 5
      vertex 8.90238 124.379 5
      vertex 8.74479 153.579 5
    endloop
  endfacet
  facet normal 0 0 1
    outer loop
      vertex 8.90238 124.379 5
      vertex 8.51429 153.377 5
      vertex 8.5625 124.606 5
    endloop
  endfacet
  facet normal -0 0 1
    outer loop
      vertex 8.25938 153.206 5
      vertex 8.5625 124.606 5
      vertex 8.51429 153.377 5
    endloop
  endfacet
  facet normal -0 0 1
    outer loop
      vertex 8.24375 153.196 5
      vertex 8.5625 124.606 5
      vertex 8.25938 153.206 5
    endloop
  endfacet
  facet normal 0 0 1
    outer loop
      vertex 8.19589 124.787 5
      vertex 8.24375 153.196 5
      vertex 8.22689 153.187 5
    endloop
  endfacet
  facet normal 0 0 1
    outer loop
      vertex 8.24375 153.196 5
      vertex 8.19589 124.787 5
      vertex 8.5625 124.606 5
    endloop
  endfacet
  facet normal -0 0 1
    outer loop
      vertex 7.95192 153.052 5
      vertex 8.19589 124.787 5
      vertex 8.22689 153.187 5
    endloop
  endfacet
  facet normal -0 0 1
    outer loop
      vertex 7.93412 153.046 5
      vertex 8.19589 124.787 5
      vertex 7.95192 153.052 5
    endloop
  endfacet
  facet normal 0 0 1
    outer loop
      vertex 7.93412 153.046 5
      vertex 7.80881 124.919 5
      vertex 8.19589 124.787 5
    endloop
  endfacet
  facet normal -0 0 1
    outer loop
      vertex 7.64381 152.947 5
      vertex 7.80881 124.919 5
      vertex 7.93412 153.046 5
    endloop
  endfacet
  facet normal 0 0 1
    outer loop
      vertex 7.64381 152.947 5
      vertex 7.40789 124.998 5
      vertex 7.80881 124.919 5
    endloop
  endfacet
  facet normal -0 0 1
    outer loop
      vertex 7.34313 152.887 5
      vertex 7.40789 124.998 5
      vertex 7.64381 152.947 5
    endloop
  endfacet
  facet normal -0 0 1
    outer loop
      vertex 7.32468 152.884 5
      vertex 7.40789 124.998 5
      vertex 7.34313 152.887 5
    endloop
  endfacet
  facet normal -0 0 1
    outer loop
      vertex 7.30592 152.883 5
      vertex 7.40789 124.998 5
      vertex 7.32468 152.884 5
    endloop
  endfacet
  facet normal -0 0 1
    outer loop
      vertex 7 152.863 5
      vertex 7.40789 124.998 5
      vertex 7.30592 152.883 5
    endloop
  endfacet
  facet normal 0 0 1
    outer loop
      vertex 7 152.863 5
      vertex 7 125.025 5
      vertex 7.40789 124.998 5
    endloop
  endfacet
  facet normal 0 0 1
    outer loop
      vertex 6.69408 152.883 5
      vertex 7 125.025 5
      vertex 7 152.863 5
    endloop
  endfacet
  facet normal 0 0 1
    outer loop
      vertex 6.67532 152.884 5
      vertex 7 125.025 5
      vertex 6.69408 152.883 5
    endloop
  endfacet
  facet normal 0 0 1
    outer loop
      vertex 6.5921 124.998 5
      vertex 6.67532 152.884 5
      vertex 6.65687 152.887 5
    endloop
  endfacet
  facet normal 0 0 1
    outer loop
      vertex 6.67532 152.884 5
      vertex 6.5921 124.998 5
      vertex 7 125.025 5
    endloop
  endfacet
  facet normal 0 0 1
    outer loop
      vertex 6.35619 152.947 5
      vertex 6.5921 124.998 5
      vertex 6.65687 152.887 5
    endloop
  endfacet
  facet normal 0 0 1
    outer loop
      vertex 6.35619 152.947 5
      vertex 6.19119 124.919 5
      vertex 6.5921 124.998 5
    endloop
  endfacet
  facet normal 0 0 1
    outer loop
      vertex 6.06588 153.046 5
      vertex 6.19119 124.919 5
      vertex 6.35619 152.947 5
    endloop
  endfacet
  facet normal 0 0 1
    outer loop
      vertex 6.04807 153.052 5
      vertex 6.19119 124.919 5
      vertex 6.06588 153.046 5
    endloop
  endfacet
  facet normal 0 0 1
    outer loop
      vertex 5.80411 124.787 5
      vertex 6.04807 153.052 5
      vertex 6.03121 153.06 5
    endloop
  endfacet
  facet normal 0 0 1
    outer loop
      vertex 6.04807 153.052 5
      vertex 5.80411 124.787 5
      vertex 6.19119 124.919 5
    endloop
  endfacet
  facet normal 0 0 1
    outer loop
      vertex 5.75625 153.196 5
      vertex 5.80411 124.787 5
      vertex 6.03121 153.06 5
    endloop
  endfacet
  facet normal 0 0 1
    outer loop
      vertex 5.4375 124.606 5
      vertex 5.75625 153.196 5
      vertex 5.74062 153.206 5
    endloop
  endfacet
  facet normal 0 0 1
    outer loop
      vertex 5.4375 124.606 5
      vertex 5.74062 153.206 5
      vertex 5.48571 153.377 5
    endloop
  endfacet
  facet normal 0 0 1
    outer loop
      vertex 5.75625 153.196 5
      vertex 5.4375 124.606 5
      vertex 5.80411 124.787 5
    endloop
  endfacet
  facet normal 0 0 1
    outer loop
      vertex 5.09762 124.379 5
      vertex 5.48571 153.377 5
      vertex 5.25521 153.579 5
    endloop
  endfacet
  facet normal 0 0 1
    outer loop
      vertex 5.09762 124.379 5
      vertex 5.25521 153.579 5
      vertex 5.24107 153.591 5
    endloop
  endfacet
  facet normal 0 0 1
    outer loop
      vertex 4.79029 124.11 5
      vertex 5.24107 153.591 5
      vertex 5.22867 153.605 5
    endloop
  endfacet
  facet normal 0 0 1
    outer loop
      vertex 5.48571 153.377 5
      vertex 5.09762 124.379 5
      vertex 5.4375 124.606 5
    endloop
  endfacet
  facet normal 0 0 1
    outer loop
      vertex 4.79029 124.11 5
      vertex 5.22867 153.605 5
      vertex 5.02653 153.836 5
    endloop
  endfacet
  facet normal 0 0 1
    outer loop
      vertex 4.52077 123.802 5
      vertex 5.02653 153.836 5
      vertex 4.85621 154.091 5
    endloop
  endfacet
  facet normal 0 0 1
    outer loop
      vertex 4.52077 123.802 5
      vertex 4.85621 154.091 5
      vertex 4.84576 154.106 5
    endloop
  endfacet
  facet normal 0 0 1
    outer loop
      vertex 4.29367 123.463 5
      vertex 4.84576 154.106 5
      vertex 4.83744 154.123 5
    endloop
  endfacet
  facet normal 0 0 1
    outer loop
      vertex 5.24107 153.591 5
      vertex 4.79029 124.11 5
      vertex 5.09762 124.379 5
    endloop
  endfacet
  facet normal 0 0 1
    outer loop
      vertex 4.29367 123.463 5
      vertex 4.83744 154.123 5
      vertex 4.70185 154.398 5
    endloop
  endfacet
  facet normal 0 0 1
    outer loop
      vertex 4.11288 123.096 5
      vertex 4.70185 154.398 5
      vertex 4.6033 154.688 5
    endloop
  endfacet
  facet normal 0 0 1
    outer loop
      vertex 4.11288 123.096 5
      vertex 4.6033 154.688 5
      vertex 4.59726 154.706 5
    endloop
  endfacet
  facet normal 0 0 1
    outer loop
      vertex 3.98148 122.709 5
      vertex 4.59726 154.706 5
      vertex 4.53745 155.007 5
    endloop
  endfacet
  facet normal 0 0 1
    outer loop
      vertex 3.98148 122.709 5
      vertex 4.53745 155.007 5
      vertex 4.53378 155.025 5
    endloop
  endfacet
  facet normal 0 0 1
    outer loop
      vertex 0 177.05 5
      vertex 4.53378 155.025 5
      vertex 4.53255 155.044 5
    endloop
  endfacet
  facet normal 0 0 1
    outer loop
      vertex 5.02653 153.836 5
      vertex 4.52077 123.802 5
      vertex 4.79029 124.11 5
    endloop
  endfacet
  facet normal 0 0 1
    outer loop
      vertex 0 177.05 5
      vertex 4.53255 155.044 5
      vertex 4.5125 155.35 5
    endloop
  endfacet
  facet normal 0 0 1
    outer loop
      vertex 3.90173 165.942 5
      vertex 4.53378 155.675 5
      vertex 3.98148 165.541 5
    endloop
  endfacet
  facet normal 0 0 1
    outer loop
      vertex 4.84576 154.106 5
      vertex 4.29367 123.463 5
      vertex 4.52077 123.802 5
    endloop
  endfacet
  facet normal 0 0 1
    outer loop
      vertex 4.53378 155.675 5
      vertex 3.90173 165.942 5
      vertex 4.53255 155.656 5
    endloop
  endfacet
  facet normal 0 0 1
    outer loop
      vertex 4.70185 154.398 5
      vertex 4.11288 123.096 5
      vertex 4.29367 123.463 5
    endloop
  endfacet
  facet normal 0 0 1
    outer loop
      vertex 4.53255 155.656 5
      vertex 3.90173 165.942 5
      vertex 4.5125 155.35 5
    endloop
  endfacet
  facet normal 0 0 1
    outer loop
      vertex 4.59726 154.706 5
      vertex 3.98148 122.709 5
      vertex 4.11288 123.096 5
    endloop
  endfacet
  facet normal 0 0 1
    outer loop
      vertex 0 177.05 5
      vertex 4.5125 155.35 5
      vertex 3.90173 165.942 5
    endloop
  endfacet
  facet normal 0 0 1
    outer loop
      vertex 4.53378 155.025 5
      vertex 3.90173 122.308 5
      vertex 3.98148 122.709 5
    endloop
  endfacet
  facet normal 0 0 1
    outer loop
      vertex 0 177.05 5
      vertex 3.90173 165.942 5
      vertex 3.875 166.35 5
    endloop
  endfacet
  facet normal 0 0 1
    outer loop
      vertex 4.53378 155.025 5
      vertex 0 177.05 5
      vertex 3.90173 122.308 5
    endloop
  endfacet
  facet normal -0 0 1
    outer loop
      vertex 9.46255 110.557 5
      vertex 10.0185 78.2588 5
      vertex 9.46622 110.575 5
    endloop
  endfacet
  facet normal -0 0 1
    outer loop
      vertex 9.40274 110.256 5
      vertex 10.0185 78.2588 5
      vertex 9.46255 110.557 5
    endloop
  endfacet
  facet normal 0 0 1
    outer loop
      vertex 10.0185 78.2588 5
      vertex 9.40274 110.256 5
      vertex 9.88712 78.6459 5
    endloop
  endfacet
  facet normal -0 0 1
    outer loop
      vertex 9.3967 110.238 5
      vertex 9.88712 78.6459 5
      vertex 9.40274 110.256 5
    endloop
  endfacet
  facet normal -0 0 1
    outer loop
      vertex 9.29815 109.948 5
      vertex 9.88712 78.6459 5
      vertex 9.3967 110.238 5
    endloop
  endfacet
  facet normal 0 0 1
    outer loop
      vertex 9.88712 78.6459 5
      vertex 9.29815 109.948 5
      vertex 9.70633 79.0125 5
    endloop
  endfacet
  facet normal -0 0 1
    outer loop
      vertex 9.16255 109.673 5
      vertex 9.70633 79.0125 5
      vertex 9.29815 109.948 5
    endloop
  endfacet
  facet normal -0 0 1
    outer loop
      vertex 9.15424 109.656 5
      vertex 9.70633 79.0125 5
      vertex 9.16255 109.673 5
    endloop
  endfacet
  facet normal 0 0 1
    outer loop
      vertex 9.70633 79.0125 5
      vertex 9.15424 109.656 5
      vertex 9.47923 79.3524 5
    endloop
  endfacet
  facet normal -0 0 1
    outer loop
      vertex 8.98391 109.401 5
      vertex 9.47923 79.3524 5
      vertex 9.15424 109.656 5
    endloop
  endfacet
  facet normal -0 0 1
    outer loop
      vertex 8.97347 109.386 5
      vertex 9.47923 79.3524 5
      vertex 8.98391 109.401 5
    endloop
  endfacet
  facet normal 0 0 1
    outer loop
      vertex 9.47923 79.3524 5
      vertex 8.97347 109.386 5
      vertex 9.20971 79.6597 5
    endloop
  endfacet
  facet normal -0 0 1
    outer loop
      vertex 8.96107 109.372 5
      vertex 9.20971 79.6597 5
      vertex 8.97347 109.386 5
    endloop
  endfacet
  facet normal -0 0 1
    outer loop
      vertex 8.75893 109.141 5
      vertex 9.20971 79.6597 5
      vertex 8.96107 109.372 5
    endloop
  endfacet
  facet normal 0 0 1
    outer loop
      vertex 9.20971 79.6597 5
      vertex 8.75893 109.141 5
      vertex 8.90238 79.9292 5
    endloop
  endfacet
  facet normal -0 0 1
    outer loop
      vertex 8.74479 109.129 5
      vertex 8.90238 79.9292 5
      vertex 8.75893 109.141 5
    endloop
  endfacet
  facet normal -0 0 1
    outer loop
      vertex 8.51429 108.927 5
      vertex 8.90238 79.9292 5
      vertex 8.74479 109.129 5
    endloop
  endfacet
  facet normal 0 0 1
    outer loop
      vertex 8.90238 79.9292 5
      vertex 8.51429 108.927 5
      vertex 8.5625 80.1563 5
    endloop
  endfacet
  facet normal -0 0 1
    outer loop
      vertex 8.25938 108.756 5
      vertex 8.5625 80.1563 5
      vertex 8.51429 108.927 5
    endloop
  endfacet
  facet normal -0 0 1
    outer loop
      vertex 8.24375 108.746 5
      vertex 8.5625 80.1563 5
      vertex 8.25938 108.756 5
    endloop
  endfacet
  facet normal 0 0 1
    outer loop
      vertex 8.19589 80.3371 5
      vertex 8.24375 108.746 5
      vertex 8.22689 108.737 5
    endloop
  endfacet
  facet normal 0 0 1
    outer loop
      vertex 8.24375 108.746 5
      vertex 8.19589 80.3371 5
      vertex 8.5625 80.1563 5
    endloop
  endfacet
  facet normal -0 0 1
    outer loop
      vertex 7.95192 108.602 5
      vertex 8.19589 80.3371 5
      vertex 8.22689 108.737 5
    endloop
  endfacet
  facet normal 0 0 1
    outer loop
      vertex 7.95192 108.602 5
      vertex 7.80881 80.4685 5
      vertex 8.19589 80.3371 5
    endloop
  endfacet
  facet normal -0 0 1
    outer loop
      vertex 7.66162 108.503 5
      vertex 7.80881 80.4685 5
      vertex 7.95192 108.602 5
    endloop
  endfacet
  facet normal -0 0 1
    outer loop
      vertex 7.64381 108.497 5
      vertex 7.80881 80.4685 5
      vertex 7.66162 108.503 5
    endloop
  endfacet
  facet normal -0 0 1
    outer loop
      vertex 7.62537 108.494 5
      vertex 7.80881 80.4685 5
      vertex 7.64381 108.497 5
    endloop
  endfacet
  facet normal 0 0 1
    outer loop
      vertex 7.62537 108.494 5
      vertex 7.40789 80.5483 5
      vertex 7.80881 80.4685 5
    endloop
  endfacet
  facet normal -0 0 1
    outer loop
      vertex 7.32468 108.434 5
      vertex 7.40789 80.5483 5
      vertex 7.62537 108.494 5
    endloop
  endfacet
  facet normal -0 0 1
    outer loop
      vertex 7.30592 108.433 5
      vertex 7.40789 80.5483 5
      vertex 7.32468 108.434 5
    endloop
  endfacet
  facet normal -0 0 1
    outer loop
      vertex 7 108.412 5
      vertex 7.40789 80.5483 5
      vertex 7.30592 108.433 5
    endloop
  endfacet
  facet normal 0 0 1
    outer loop
      vertex 7 108.412 5
      vertex 7 80.575 5
      vertex 7.40789 80.5483 5
    endloop
  endfacet
  facet normal 0 0 1
    outer loop
      vertex 6.69408 108.433 5
      vertex 7 80.575 5
      vertex 7 108.412 5
    endloop
  endfacet
  facet normal 0 0 1
    outer loop
      vertex 6.67532 108.434 5
      vertex 7 80.575 5
      vertex 6.69408 108.433 5
    endloop
  endfacet
  facet normal 0 0 1
    outer loop
      vertex 6.67532 108.434 5
      vertex 6.5921 80.5483 5
      vertex 7 80.575 5
    endloop
  endfacet
  facet normal 0 0 1
    outer loop
      vertex 6.37463 108.494 5
      vertex 6.5921 80.5483 5
      vertex 6.67532 108.434 5
    endloop
  endfacet
  facet normal 0 0 1
    outer loop
      vertex 6.35619 108.497 5
      vertex 6.5921 80.5483 5
      vertex 6.37463 108.494 5
    endloop
  endfacet
  facet normal 0 0 1
    outer loop
      vertex 6.19119 80.4685 5
      vertex 6.35619 108.497 5
      vertex 6.33838 108.503 5
    endloop
  endfacet
  facet normal 0 0 1
    outer loop
      vertex 6.35619 108.497 5
      vertex 6.19119 80.4685 5
      vertex 6.5921 80.5483 5
    endloop
  endfacet
  facet normal 0 0 1
    outer loop
      vertex 6.04807 108.602 5
      vertex 6.19119 80.4685 5
      vertex 6.33838 108.503 5
    endloop
  endfacet
  facet normal 0 0 1
    outer loop
      vertex 5.80411 80.3371 5
      vertex 6.04807 108.602 5
      vertex 6.03121 108.61 5
    endloop
  endfacet
  facet normal 0 0 1
    outer loop
      vertex 6.04807 108.602 5
      vertex 5.80411 80.3371 5
      vertex 6.19119 80.4685 5
    endloop
  endfacet
  facet normal 0 0 1
    outer loop
      vertex 5.75625 108.746 5
      vertex 5.80411 80.3371 5
      vertex 6.03121 108.61 5
    endloop
  endfacet
  facet normal 0 0 1
    outer loop
      vertex 5.4375 80.1563 5
      vertex 5.75625 108.746 5
      vertex 5.74062 108.756 5
    endloop
  endfacet
  facet normal 0 0 1
    outer loop
      vertex 5.4375 80.1563 5
      vertex 5.74062 108.756 5
      vertex 5.48571 108.927 5
    endloop
  endfacet
  facet normal 0 0 1
    outer loop
      vertex 5.75625 108.746 5
      vertex 5.4375 80.1563 5
      vertex 5.80411 80.3371 5
    endloop
  endfacet
  facet normal 0 0 1
    outer loop
      vertex 5.09762 79.9292 5
      vertex 5.48571 108.927 5
      vertex 5.25521 109.129 5
    endloop
  endfacet
  facet normal 0 0 1
    outer loop
      vertex 5.09762 79.9292 5
      vertex 5.25521 109.129 5
      vertex 5.24107 109.141 5
    endloop
  endfacet
  facet normal 0 0 1
    outer loop
      vertex 5.48571 108.927 5
      vertex 5.09762 79.9292 5
      vertex 5.4375 80.1563 5
    endloop
  endfacet
  facet normal 0 0 1
    outer loop
      vertex 4.79029 79.6597 5
      vertex 5.24107 109.141 5
      vertex 5.03893 109.372 5
    endloop
  endfacet
  facet normal 0 0 1
    outer loop
      vertex 4.79029 79.6597 5
      vertex 5.03893 109.372 5
      vertex 5.02653 109.386 5
    endloop
  endfacet
  facet normal 0 0 1
    outer loop
      vertex 4.52077 79.3524 5
      vertex 5.02653 109.386 5
      vertex 5.01609 109.401 5
    endloop
  endfacet
  facet normal 0 0 1
    outer loop
      vertex 4.52077 79.3524 5
      vertex 5.01609 109.401 5
      vertex 4.84576 109.656 5
    endloop
  endfacet
  facet normal 0 0 1
    outer loop
      vertex 4.29367 79.0125 5
      vertex 4.84576 109.656 5
      vertex 4.83744 109.673 5
    endloop
  endfacet
  facet normal 0 0 1
    outer loop
      vertex 5.24107 109.141 5
      vertex 4.79029 79.6597 5
      vertex 5.09762 79.9292 5
    endloop
  endfacet
  facet normal 0 0 1
    outer loop
      vertex 4.29367 79.0125 5
      vertex 4.83744 109.673 5
      vertex 4.70185 109.948 5
    endloop
  endfacet
  facet normal 0 0 1
    outer loop
      vertex 4.11288 78.6459 5
      vertex 4.70185 109.948 5
      vertex 4.6033 110.238 5
    endloop
  endfacet
  facet normal 0 0 1
    outer loop
      vertex 4.11288 78.6459 5
      vertex 4.6033 110.238 5
      vertex 4.59726 110.256 5
    endloop
  endfacet
  facet normal 0 0 1
    outer loop
      vertex 3.98148 78.2588 5
      vertex 4.59726 110.256 5
      vertex 4.53745 110.557 5
    endloop
  endfacet
  facet normal 0 0 1
    outer loop
      vertex 3.98148 78.2588 5
      vertex 4.53745 110.557 5
      vertex 4.53378 110.575 5
    endloop
  endfacet
  facet normal 0 0 1
    outer loop
      vertex 3.90173 77.8579 5
      vertex 4.53378 110.575 5
      vertex 4.53255 110.594 5
    endloop
  endfacet
  facet normal 0 0 1
    outer loop
      vertex 5.02653 109.386 5
      vertex 4.52077 79.3524 5
      vertex 4.79029 79.6597 5
    endloop
  endfacet
  facet normal 0 0 1
    outer loop
      vertex 3.90173 77.8579 5
      vertex 4.53255 110.594 5
      vertex 4.5125 110.9 5
    endloop
  endfacet
  facet normal 0 0 1
    outer loop
      vertex 3.90173 121.492 5
      vertex 4.53378 111.225 5
      vertex 3.98148 121.091 5
    endloop
  endfacet
  facet normal 0 0 1
    outer loop
      vertex 4.84576 109.656 5
      vertex 4.29367 79.0125 5
      vertex 4.52077 79.3524 5
    endloop
  endfacet
  facet normal 0 0 1
    outer loop
      vertex 4.53378 111.225 5
      vertex 3.90173 121.492 5
      vertex 4.53255 111.206 5
    endloop
  endfacet
  facet normal 0 0 1
    outer loop
      vertex 4.70185 109.948 5
      vertex 4.11288 78.6459 5
      vertex 4.29367 79.0125 5
    endloop
  endfacet
  facet normal 0 0 1
    outer loop
      vertex 4.53255 111.206 5
      vertex 3.90173 121.492 5
      vertex 4.5125 110.9 5
    endloop
  endfacet
  facet normal 0 0 1
    outer loop
      vertex 4.59726 110.256 5
      vertex 3.98148 78.2588 5
      vertex 4.11288 78.6459 5
    endloop
  endfacet
  facet normal 0 0 1
    outer loop
      vertex 3.90173 77.8579 5
      vertex 4.5125 110.9 5
      vertex 3.90173 121.492 5
    endloop
  endfacet
  facet normal 0 0 1
    outer loop
      vertex 4.53378 110.575 5
      vertex 3.90173 77.8579 5
      vertex 3.98148 78.2588 5
    endloop
  endfacet
  facet normal 0 0 1
    outer loop
      vertex 3.875 121.9 5
      vertex 3.90173 77.8579 5
      vertex 3.90173 121.492 5
    endloop
  endfacet
  facet normal 0 0 1
    outer loop
      vertex 3.90173 77.8579 5
      vertex 3.875 121.9 5
      vertex 3.875 77.45 5
    endloop
  endfacet
  facet normal -0 0 1
    outer loop
      vertex 9.46255 66.1069 5
      vertex 10.0185 33.8088 5
      vertex 9.46622 66.1253 5
    endloop
  endfacet
  facet normal -0 0 1
    outer loop
      vertex 9.40274 65.8062 5
      vertex 10.0185 33.8088 5
      vertex 9.46255 66.1069 5
    endloop
  endfacet
  facet normal 0 0 1
    outer loop
      vertex 10.0185 33.8088 5
      vertex 9.40274 65.8062 5
      vertex 9.88712 34.1959 5
    endloop
  endfacet
  facet normal -0 0 1
    outer loop
      vertex 9.30419 65.5159 5
      vertex 9.88712 34.1959 5
      vertex 9.40274 65.8062 5
    endloop
  endfacet
  facet normal -0 0 1
    outer loop
      vertex 9.29815 65.4981 5
      vertex 9.88712 34.1959 5
      vertex 9.30419 65.5159 5
    endloop
  endfacet
  facet normal 0 0 1
    outer loop
      vertex 9.88712 34.1959 5
      vertex 9.29815 65.4981 5
      vertex 9.70633 34.5625 5
    endloop
  endfacet
  facet normal -0 0 1
    outer loop
      vertex 9.16255 65.2231 5
      vertex 9.70633 34.5625 5
      vertex 9.29815 65.4981 5
    endloop
  endfacet
  facet normal -0 0 1
    outer loop
      vertex 9.15424 65.2063 5
      vertex 9.70633 34.5625 5
      vertex 9.16255 65.2231 5
    endloop
  endfacet
  facet normal 0 0 1
    outer loop
      vertex 9.70633 34.5625 5
      vertex 9.15424 65.2063 5
      vertex 9.47923 34.9024 5
    endloop
  endfacet
  facet normal -0 0 1
    outer loop
      vertex 8.98391 64.9513 5
      vertex 9.47923 34.9024 5
      vertex 9.15424 65.2063 5
    endloop
  endfacet
  facet normal -0 0 1
    outer loop
      vertex 8.97347 64.9357 5
      vertex 9.47923 34.9024 5
      vertex 8.98391 64.9513 5
    endloop
  endfacet
  facet normal 0 0 1
    outer loop
      vertex 9.47923 34.9024 5
      vertex 8.97347 64.9357 5
      vertex 9.20971 35.2097 5
    endloop
  endfacet
  facet normal -0 0 1
    outer loop
      vertex 8.96107 64.9216 5
      vertex 9.20971 35.2097 5
      vertex 8.97347 64.9357 5
    endloop
  endfacet
  facet normal -0 0 1
    outer loop
      vertex 8.75893 64.6911 5
      vertex 9.20971 35.2097 5
      vertex 8.96107 64.9216 5
    endloop
  endfacet
  facet normal 0 0 1
    outer loop
      vertex 9.20971 35.2097 5
      vertex 8.75893 64.6911 5
      vertex 8.90238 35.4792 5
    endloop
  endfacet
  facet normal -0 0 1
    outer loop
      vertex 8.74479 64.6787 5
      vertex 8.90238 35.4792 5
      vertex 8.75893 64.6911 5
    endloop
  endfacet
  facet normal -0 0 1
    outer loop
      vertex 8.51429 64.4765 5
      vertex 8.90238 35.4792 5
      vertex 8.74479 64.6787 5
    endloop
  endfacet
  facet normal 0 0 1
    outer loop
      vertex 8.90238 35.4792 5
      vertex 8.51429 64.4765 5
      vertex 8.5625 35.7063 5
    endloop
  endfacet
  facet normal -0 0 1
    outer loop
      vertex 8.25938 64.3062 5
      vertex 8.5625 35.7063 5
      vertex 8.51429 64.4765 5
    endloop
  endfacet
  facet normal -0 0 1
    outer loop
      vertex 8.24375 64.2958 5
      vertex 8.5625 35.7063 5
      vertex 8.25938 64.3062 5
    endloop
  endfacet
  facet normal 0 0 1
    outer loop
      vertex 8.19589 35.8871 5
      vertex 8.24375 64.2958 5
      vertex 8.22689 64.2874 5
    endloop
  endfacet
  facet normal 0 0 1
    outer loop
      vertex 8.24375 64.2958 5
      vertex 8.19589 35.8871 5
      vertex 8.5625 35.7063 5
    endloop
  endfacet
  facet normal -0 0 1
    outer loop
      vertex 7.95192 64.1518 5
      vertex 8.19589 35.8871 5
      vertex 8.22689 64.2874 5
    endloop
  endfacet
  facet normal -0 0 1
    outer loop
      vertex 7.93412 64.1458 5
      vertex 8.19589 35.8871 5
      vertex 7.95192 64.1518 5
    endloop
  endfacet
  facet normal 0 0 1
    outer loop
      vertex 7.93412 64.1458 5
      vertex 7.80881 36.0185 5
      vertex 8.19589 35.8871 5
    endloop
  endfacet
  facet normal -0 0 1
    outer loop
      vertex 7.64381 64.0473 5
      vertex 7.80881 36.0185 5
      vertex 7.93412 64.1458 5
    endloop
  endfacet
  facet normal 0 0 1
    outer loop
      vertex 7.64381 64.0473 5
      vertex 7.40789 36.0983 5
      vertex 7.80881 36.0185 5
    endloop
  endfacet
  facet normal -0 0 1
    outer loop
      vertex 7.34313 63.9874 5
      vertex 7.40789 36.0983 5
      vertex 7.64381 64.0473 5
    endloop
  endfacet
  facet normal -0 0 1
    outer loop
      vertex 7.32468 63.9838 5
      vertex 7.40789 36.0983 5
      vertex 7.34313 63.9874 5
    endloop
  endfacet
  facet normal -0 0 1
    outer loop
      vertex 7.30592 63.9826 5
      vertex 7.40789 36.0983 5
      vertex 7.32468 63.9838 5
    endloop
  endfacet
  facet normal -0 0 1
    outer loop
      vertex 7 63.9625 5
      vertex 7.40789 36.0983 5
      vertex 7.30592 63.9826 5
    endloop
  endfacet
  facet normal 0 0 1
    outer loop
      vertex 7 63.9625 5
      vertex 7 36.125 5
      vertex 7.40789 36.0983 5
    endloop
  endfacet
  facet normal 0 0 1
    outer loop
      vertex 6.69408 63.9826 5
      vertex 7 36.125 5
      vertex 7 63.9625 5
    endloop
  endfacet
  facet normal 0 0 1
    outer loop
      vertex 6.67532 63.9838 5
      vertex 7 36.125 5
      vertex 6.69408 63.9826 5
    endloop
  endfacet
  facet normal 0 0 1
    outer loop
      vertex 6.5921 36.0983 5
      vertex 6.67532 63.9838 5
      vertex 6.65687 63.9874 5
    endloop
  endfacet
  facet normal 0 0 1
    outer loop
      vertex 6.67532 63.9838 5
      vertex 6.5921 36.0983 5
      vertex 7 36.125 5
    endloop
  endfacet
  facet normal 0 0 1
    outer loop
      vertex 6.35619 64.0473 5
      vertex 6.5921 36.0983 5
      vertex 6.65687 63.9874 5
    endloop
  endfacet
  facet normal 0 0 1
    outer loop
      vertex 6.35619 64.0473 5
      vertex 6.19119 36.0185 5
      vertex 6.5921 36.0983 5
    endloop
  endfacet
  facet normal 0 0 1
    outer loop
      vertex 6.06588 64.1458 5
      vertex 6.19119 36.0185 5
      vertex 6.35619 64.0473 5
    endloop
  endfacet
  facet normal 0 0 1
    outer loop
      vertex 6.04807 64.1518 5
      vertex 6.19119 36.0185 5
      vertex 6.06588 64.1458 5
    endloop
  endfacet
  facet normal 0 0 1
    outer loop
      vertex 5.80411 35.8871 5
      vertex 6.04807 64.1518 5
      vertex 6.03121 64.1602 5
    endloop
  endfacet
  facet normal 0 0 1
    outer loop
      vertex 6.04807 64.1518 5
      vertex 5.80411 35.8871 5
      vertex 6.19119 36.0185 5
    endloop
  endfacet
  facet normal 0 0 1
    outer loop
      vertex 5.75625 64.2958 5
      vertex 5.80411 35.8871 5
      vertex 6.03121 64.1602 5
    endloop
  endfacet
  facet normal 0 0 1
    outer loop
      vertex 5.4375 35.7063 5
      vertex 5.75625 64.2958 5
      vertex 5.74062 64.3062 5
    endloop
  endfacet
  facet normal 0 0 1
    outer loop
      vertex 5.4375 35.7063 5
      vertex 5.74062 64.3062 5
      vertex 5.48571 64.4765 5
    endloop
  endfacet
  facet normal 0 0 1
    outer loop
      vertex 5.75625 64.2958 5
      vertex 5.4375 35.7063 5
      vertex 5.80411 35.8871 5
    endloop
  endfacet
  facet normal 0 0 1
    outer loop
      vertex 5.09762 35.4792 5
      vertex 5.48571 64.4765 5
      vertex 5.25521 64.6787 5
    endloop
  endfacet
  facet normal 0 0 1
    outer loop
      vertex 5.09762 35.4792 5
      vertex 5.25521 64.6787 5
      vertex 5.24107 64.6911 5
    endloop
  endfacet
  facet normal 0 0 1
    outer loop
      vertex 5.48571 64.4765 5
      vertex 5.09762 35.4792 5
      vertex 5.4375 35.7063 5
    endloop
  endfacet
  facet normal 0 0 1
    outer loop
      vertex 4.79029 35.2097 5
      vertex 5.24107 64.6911 5
      vertex 5.03893 64.9216 5
    endloop
  endfacet
  facet normal 0 0 1
    outer loop
      vertex 4.79029 35.2097 5
      vertex 5.03893 64.9216 5
      vertex 5.02653 64.9357 5
    endloop
  endfacet
  facet normal 0 0 1
    outer loop
      vertex 4.52077 34.9024 5
      vertex 5.02653 64.9357 5
      vertex 5.01609 64.9513 5
    endloop
  endfacet
  facet normal 0 0 1
    outer loop
      vertex 4.52077 34.9024 5
      vertex 5.01609 64.9513 5
      vertex 4.84576 65.2063 5
    endloop
  endfacet
  facet normal 0 0 1
    outer loop
      vertex 4.29367 34.5625 5
      vertex 4.84576 65.2063 5
      vertex 4.83744 65.2231 5
    endloop
  endfacet
  facet normal 0 0 1
    outer loop
      vertex 5.24107 64.6911 5
      vertex 4.79029 35.2097 5
      vertex 5.09762 35.4792 5
    endloop
  endfacet
  facet normal 0 0 1
    outer loop
      vertex 4.29367 34.5625 5
      vertex 4.83744 65.2231 5
      vertex 4.70185 65.4981 5
    endloop
  endfacet
  facet normal 0 0 1
    outer loop
      vertex 4.11288 34.1959 5
      vertex 4.70185 65.4981 5
      vertex 4.69581 65.5159 5
    endloop
  endfacet
  facet normal 0 0 1
    outer loop
      vertex 4.11288 34.1959 5
      vertex 4.69581 65.5159 5
      vertex 4.59726 65.8062 5
    endloop
  endfacet
  facet normal 0 0 1
    outer loop
      vertex 3.98148 33.8088 5
      vertex 4.59726 65.8062 5
      vertex 4.53745 66.1069 5
    endloop
  endfacet
  facet normal 0 0 1
    outer loop
      vertex 3.98148 33.8088 5
      vertex 4.53745 66.1069 5
      vertex 4.53378 66.1253 5
    endloop
  endfacet
  facet normal 0 0 1
    outer loop
      vertex 3.90173 33.4079 5
      vertex 4.53378 66.1253 5
      vertex 4.53255 66.1441 5
    endloop
  endfacet
  facet normal 0 0 1
    outer loop
      vertex 5.02653 64.9357 5
      vertex 4.52077 34.9024 5
      vertex 4.79029 35.2097 5
    endloop
  endfacet
  facet normal 0 0 1
    outer loop
      vertex 3.90173 33.4079 5
      vertex 4.53255 66.1441 5
      vertex 4.5125 66.45 5
    endloop
  endfacet
  facet normal 0 0 1
    outer loop
      vertex 3.90173 77.0421 5
      vertex 4.53378 66.7747 5
      vertex 3.98148 76.6412 5
    endloop
  endfacet
  facet normal 0 0 1
    outer loop
      vertex 4.84576 65.2063 5
      vertex 4.29367 34.5625 5
      vertex 4.52077 34.9024 5
    endloop
  endfacet
  facet normal 0 0 1
    outer loop
      vertex 4.53378 66.7747 5
      vertex 3.90173 77.0421 5
      vertex 4.53255 66.7559 5
    endloop
  endfacet
  facet normal 0 0 1
    outer loop
      vertex 4.70185 65.4981 5
      vertex 4.11288 34.1959 5
      vertex 4.29367 34.5625 5
    endloop
  endfacet
  facet normal 0 0 1
    outer loop
      vertex 4.53255 66.7559 5
      vertex 3.90173 77.0421 5
      vertex 4.5125 66.45 5
    endloop
  endfacet
  facet normal 0 0 1
    outer loop
      vertex 4.59726 65.8062 5
      vertex 3.98148 33.8088 5
      vertex 4.11288 34.1959 5
    endloop
  endfacet
  facet normal 0 0 1
    outer loop
      vertex 3.90173 33.4079 5
      vertex 4.5125 66.45 5
      vertex 3.90173 77.0421 5
    endloop
  endfacet
  facet normal 0 0 1
    outer loop
      vertex 4.53378 66.1253 5
      vertex 3.90173 33.4079 5
      vertex 3.98148 33.8088 5
    endloop
  endfacet
  facet normal 0 0 1
    outer loop
      vertex 3.875 77.45 5
      vertex 3.90173 33.4079 5
      vertex 3.90173 77.0421 5
    endloop
  endfacet
  facet normal 0 0 1
    outer loop
      vertex 3.90173 33.4079 5
      vertex 3.875 77.45 5
      vertex 3.875 33 5
    endloop
  endfacet
  facet normal 0 0 -1
    outer loop
      vertex 2.4 0 2.6
      vertex 11.6 177.05 2.6
      vertex 11.6 0 2.6
    endloop
  endfacet
  facet normal -0 0 -1
    outer loop
      vertex 11.6 177.05 2.6
      vertex 2.4 0 2.6
      vertex 2.4 177.05 2.6
    endloop
  endfacet
  facet normal 1 -0 0
    outer loop
      vertex 2.4 0 2.6
      vertex 2.4 177.05 0
      vertex 2.4 177.05 2.6
    endloop
  endfacet
  facet normal 1 0 0
    outer loop
      vertex 2.4 177.05 0
      vertex 2.4 0 2.6
      vertex 2.4 0 0
    endloop
  endfacet
  facet normal 0 0 -1
    outer loop
      vertex 0 0 0
      vertex 2.4 177.05 0
      vertex 2.4 0 0
    endloop
  endfacet
  facet normal -0 0 -1
    outer loop
      vertex 2.4 177.05 0
      vertex 0 0 0
      vertex 0 177.05 0
    endloop
  endfacet
  facet normal -1 0 0
    outer loop
      vertex 11.6 0 0
      vertex 11.6 177.05 2.6
      vertex 11.6 177.05 0
    endloop
  endfacet
  facet normal -1 -0 0
    outer loop
      vertex 11.6 177.05 2.6
      vertex 11.6 0 0
      vertex 11.6 0 2.6
    endloop
  endfacet
  facet normal 0 0 -1
    outer loop
      vertex 11.6 0 0
      vertex 14 177.05 0
      vertex 14 0 0
    endloop
  endfacet
  facet normal -0 0 -1
    outer loop
      vertex 14 177.05 0
      vertex 11.6 0 0
      vertex 11.6 177.05 0
    endloop
  endfacet
  facet normal -0.997865 0.0653174 0
    outer loop
      vertex 10.0983 32.5921 2.95
      vertex 10.125 33 5
      vertex 10.125 33 2.95
    endloop
  endfacet
  facet normal -0.997865 0.0653174 0
    outer loop
      vertex 10.125 33 5
      vertex 10.0983 32.5921 2.95
      vertex 10.0983 32.5921 5
    endloop
  endfacet
  facet normal 0.0653174 0.997865 -0
    outer loop
      vertex 7 29.875 2.95
      vertex 6.5921 29.9017 5
      vertex 7 29.875 5
    endloop
  endfacet
  facet normal 0.0653174 0.997865 0
    outer loop
      vertex 6.5921 29.9017 5
      vertex 7 29.875 2.95
      vertex 6.5921 29.9017 2.95
    endloop
  endfacet
  facet normal -0.065319 -0.997864 0
    outer loop
      vertex 7 36.125 2.95
      vertex 7.40789 36.0983 5
      vertex 7 36.125 5
    endloop
  endfacet
  facet normal -0.065319 -0.997864 -0
    outer loop
      vertex 7.40789 36.0983 5
      vertex 7 36.125 2.95
      vertex 7.40789 36.0983 2.95
    endloop
  endfacet
  facet normal -0.751809 -0.659381 0
    outer loop
      vertex 9.47923 34.9024 2.95
      vertex 9.20971 35.2097 5
      vertex 9.20971 35.2097 2.95
    endloop
  endfacet
  facet normal -0.751809 -0.659381 0
    outer loop
      vertex 9.20971 35.2097 5
      vertex 9.47923 34.9024 2.95
      vertex 9.47923 34.9024 5
    endloop
  endfacet
  facet normal -0.659317 0.751865 0
    outer loop
      vertex 9.20971 30.7903 2.95
      vertex 8.90238 30.5208 5
      vertex 9.20971 30.7903 5
    endloop
  endfacet
  facet normal -0.659317 0.751865 0
    outer loop
      vertex 8.90238 30.5208 5
      vertex 9.20971 30.7903 2.95
      vertex 8.90238 30.5208 2.95
    endloop
  endfacet
  facet normal 0.751809 0.659381 0
    outer loop
      vertex 4.79029 30.7903 5
      vertex 4.52077 31.0976 2.95
      vertex 4.52077 31.0976 5
    endloop
  endfacet
  facet normal 0.751809 0.659381 0
    outer loop
      vertex 4.52077 31.0976 2.95
      vertex 4.79029 30.7903 5
      vertex 4.79029 30.7903 2.95
    endloop
  endfacet
  facet normal 0.442304 0.896865 -0
    outer loop
      vertex 5.80411 30.1129 2.95
      vertex 5.4375 30.2937 5
      vertex 5.80411 30.1129 5
    endloop
  endfacet
  facet normal 0.442304 0.896865 0
    outer loop
      vertex 5.4375 30.2937 5
      vertex 5.80411 30.1129 2.95
      vertex 5.4375 30.2937 2.95
    endloop
  endfacet
  facet normal -0.89687 0.442294 0
    outer loop
      vertex 9.70633 31.4375 2.95
      vertex 9.88712 31.8041 5
      vertex 9.88712 31.8041 2.95
    endloop
  endfacet
  facet normal -0.89687 0.442294 0
    outer loop
      vertex 9.88712 31.8041 5
      vertex 9.70633 31.4375 2.95
      vertex 9.70633 31.4375 5
    endloop
  endfacet
  facet normal -0.831485 0.555547 0
    outer loop
      vertex 9.47923 31.0976 2.95
      vertex 9.70633 31.4375 5
      vertex 9.70633 31.4375 2.95
    endloop
  endfacet
  facet normal -0.831485 0.555547 0
    outer loop
      vertex 9.70633 31.4375 5
      vertex 9.47923 31.0976 2.95
      vertex 9.47923 31.0976 5
    endloop
  endfacet
  facet normal -0.321448 0.946927 0
    outer loop
      vertex 8.19589 30.1129 2.95
      vertex 7.80881 29.9815 5
      vertex 8.19589 30.1129 5
    endloop
  endfacet
  facet normal -0.321448 0.946927 0
    outer loop
      vertex 7.80881 29.9815 5
      vertex 8.19589 30.1129 2.95
      vertex 7.80881 29.9815 2.95
    endloop
  endfacet
  facet normal -0.195213 0.980761 0
    outer loop
      vertex 7.80881 29.9815 2.95
      vertex 7.40789 29.9017 5
      vertex 7.80881 29.9815 5
    endloop
  endfacet
  facet normal -0.195213 0.980761 0
    outer loop
      vertex 7.40789 29.9017 5
      vertex 7.80881 29.9815 2.95
      vertex 7.40789 29.9017 2.95
    endloop
  endfacet
  facet normal -0.555569 0.83147 0
    outer loop
      vertex 8.90238 30.5208 2.95
      vertex 8.5625 30.2937 5
      vertex 8.90238 30.5208 5
    endloop
  endfacet
  facet normal -0.555569 0.83147 0
    outer loop
      vertex 8.5625 30.2937 5
      vertex 8.90238 30.5208 2.95
      vertex 8.5625 30.2937 2.95
    endloop
  endfacet
  facet normal 0.946932 0.321433 0
    outer loop
      vertex 4.11288 31.8041 5
      vertex 3.98148 32.1912 2.95
      vertex 3.98148 32.1912 5
    endloop
  endfacet
  facet normal 0.946932 0.321433 0
    outer loop
      vertex 3.98148 32.1912 2.95
      vertex 4.11288 31.8041 5
      vertex 4.11288 31.8041 2.95
    endloop
  endfacet
  facet normal 0.89687 0.442294 0
    outer loop
      vertex 4.29367 31.4375 5
      vertex 4.11288 31.8041 2.95
      vertex 4.11288 31.8041 5
    endloop
  endfacet
  facet normal 0.89687 0.442294 0
    outer loop
      vertex 4.11288 31.8041 2.95
      vertex 4.29367 31.4375 5
      vertex 4.29367 31.4375 2.95
    endloop
  endfacet
  facet normal 0.980782 0.195105 0
    outer loop
      vertex 3.98148 32.1912 5
      vertex 3.90173 32.5921 2.95
      vertex 3.90173 32.5921 5
    endloop
  endfacet
  facet normal 0.980782 0.195105 0
    outer loop
      vertex 3.90173 32.5921 2.95
      vertex 3.98148 32.1912 5
      vertex 3.98148 32.1912 2.95
    endloop
  endfacet
  facet normal 0.555569 0.83147 -0
    outer loop
      vertex 5.4375 30.2937 2.95
      vertex 5.09762 30.5208 5
      vertex 5.4375 30.2937 5
    endloop
  endfacet
  facet normal 0.555569 0.83147 0
    outer loop
      vertex 5.09762 30.5208 5
      vertex 5.4375 30.2937 2.95
      vertex 5.09762 30.5208 2.95
    endloop
  endfacet
  facet normal 0.321448 0.946927 -0
    outer loop
      vertex 6.19119 29.9815 2.95
      vertex 5.80411 30.1129 5
      vertex 6.19119 29.9815 5
    endloop
  endfacet
  facet normal 0.321448 0.946927 0
    outer loop
      vertex 5.80411 30.1129 5
      vertex 6.19119 29.9815 2.95
      vertex 5.80411 30.1129 2.95
    endloop
  endfacet
  facet normal -0.195213 -0.980761 0
    outer loop
      vertex 7.40789 36.0983 2.95
      vertex 7.80881 36.0185 5
      vertex 7.40789 36.0983 5
    endloop
  endfacet
  facet normal -0.195213 -0.980761 -0
    outer loop
      vertex 7.80881 36.0185 5
      vertex 7.40789 36.0983 2.95
      vertex 7.80881 36.0185 2.95
    endloop
  endfacet
  facet normal -0.946947 0.32139 0
    outer loop
      vertex 9.88712 31.8041 2.95
      vertex 10.0185 32.1912 5
      vertex 10.0185 32.1912 2.95
    endloop
  endfacet
  facet normal -0.946947 0.32139 0
    outer loop
      vertex 10.0185 32.1912 5
      vertex 9.88712 31.8041 2.95
      vertex 9.88712 31.8041 5
    endloop
  endfacet
  facet normal -0.980759 0.195222 0
    outer loop
      vertex 10.0185 32.1912 2.95
      vertex 10.0983 32.5921 5
      vertex 10.0983 32.5921 2.95
    endloop
  endfacet
  facet normal -0.980759 0.195222 0
    outer loop
      vertex 10.0983 32.5921 5
      vertex 10.0185 32.1912 2.95
      vertex 10.0185 32.1912 5
    endloop
  endfacet
  facet normal -0.751809 0.659381 0
    outer loop
      vertex 9.20971 30.7903 2.95
      vertex 9.47923 31.0976 5
      vertex 9.47923 31.0976 2.95
    endloop
  endfacet
  facet normal -0.751809 0.659381 0
    outer loop
      vertex 9.47923 31.0976 5
      vertex 9.20971 30.7903 2.95
      vertex 9.20971 30.7903 5
    endloop
  endfacet
  facet normal -0.065319 0.997864 0
    outer loop
      vertex 7.40789 29.9017 2.95
      vertex 7 29.875 5
      vertex 7.40789 29.9017 5
    endloop
  endfacet
  facet normal -0.065319 0.997864 0
    outer loop
      vertex 7 29.875 5
      vertex 7.40789 29.9017 2.95
      vertex 7 29.875 2.95
    endloop
  endfacet
  facet normal 0.99786 0.0653905 0
    outer loop
      vertex 3.90173 32.5921 5
      vertex 3.875 33 2.95
      vertex 3.875 33 5
    endloop
  endfacet
  facet normal 0.99786 0.0653905 0
    outer loop
      vertex 3.875 33 2.95
      vertex 3.90173 32.5921 5
      vertex 3.90173 32.5921 2.95
    endloop
  endfacet
  facet normal 0 0 1
    outer loop
      vertex 10.0983 33.4079 2.95
      vertex 10.0983 32.5921 2.95
      vertex 10.125 33 2.95
    endloop
  endfacet
  facet normal 0 0 1
    outer loop
      vertex 10.0185 33.8088 2.95
      vertex 10.0983 32.5921 2.95
      vertex 10.0983 33.4079 2.95
    endloop
  endfacet
  facet normal 0 0 1
    outer loop
      vertex 10.0185 33.8088 2.95
      vertex 10.0185 32.1912 2.95
      vertex 10.0983 32.5921 2.95
    endloop
  endfacet
  facet normal 0 0 1
    outer loop
      vertex 9.88712 34.1959 2.95
      vertex 10.0185 32.1912 2.95
      vertex 10.0185 33.8088 2.95
    endloop
  endfacet
  facet normal 0 0 1
    outer loop
      vertex 9.88712 34.1959 2.95
      vertex 9.88712 31.8041 2.95
      vertex 10.0185 32.1912 2.95
    endloop
  endfacet
  facet normal 0 0 1
    outer loop
      vertex 9.70633 34.5625 2.95
      vertex 9.88712 31.8041 2.95
      vertex 9.88712 34.1959 2.95
    endloop
  endfacet
  facet normal 0 0 1
    outer loop
      vertex 9.70633 34.5625 2.95
      vertex 9.70633 31.4375 2.95
      vertex 9.88712 31.8041 2.95
    endloop
  endfacet
  facet normal 0 0 1
    outer loop
      vertex 9.47923 34.9024 2.95
      vertex 9.70633 31.4375 2.95
      vertex 9.70633 34.5625 2.95
    endloop
  endfacet
  facet normal 0 0 1
    outer loop
      vertex 9.47923 34.9024 2.95
      vertex 9.47923 31.0976 2.95
      vertex 9.70633 31.4375 2.95
    endloop
  endfacet
  facet normal 0 0 1
    outer loop
      vertex 9.20971 35.2097 2.95
      vertex 9.47923 31.0976 2.95
      vertex 9.47923 34.9024 2.95
    endloop
  endfacet
  facet normal 0 0 1
    outer loop
      vertex 9.20971 35.2097 2.95
      vertex 9.20971 30.7903 2.95
      vertex 9.47923 31.0976 2.95
    endloop
  endfacet
  facet normal 0 0 1
    outer loop
      vertex 8.90238 35.4792 2.95
      vertex 9.20971 30.7903 2.95
      vertex 9.20971 35.2097 2.95
    endloop
  endfacet
  facet normal 0 0 1
    outer loop
      vertex 8.90238 35.4792 2.95
      vertex 8.90238 30.5208 2.95
      vertex 9.20971 30.7903 2.95
    endloop
  endfacet
  facet normal 0 0 1
    outer loop
      vertex 8.5625 35.7063 2.95
      vertex 8.90238 30.5208 2.95
      vertex 8.90238 35.4792 2.95
    endloop
  endfacet
  facet normal 0 0 1
    outer loop
      vertex 8.5625 35.7063 2.95
      vertex 8.5625 30.2937 2.95
      vertex 8.90238 30.5208 2.95
    endloop
  endfacet
  facet normal 0 0 1
    outer loop
      vertex 8.19589 35.8871 2.95
      vertex 8.5625 30.2937 2.95
      vertex 8.5625 35.7063 2.95
    endloop
  endfacet
  facet normal 0 0 1
    outer loop
      vertex 8.19589 35.8871 2.95
      vertex 8.19589 30.1129 2.95
      vertex 8.5625 30.2937 2.95
    endloop
  endfacet
  facet normal 0 0 1
    outer loop
      vertex 7.80881 36.0185 2.95
      vertex 8.19589 30.1129 2.95
      vertex 8.19589 35.8871 2.95
    endloop
  endfacet
  facet normal 0 0 1
    outer loop
      vertex 7.80881 36.0185 2.95
      vertex 7.80881 29.9815 2.95
      vertex 8.19589 30.1129 2.95
    endloop
  endfacet
  facet normal 0 0 1
    outer loop
      vertex 7.40789 36.0983 2.95
      vertex 7.80881 29.9815 2.95
      vertex 7.80881 36.0185 2.95
    endloop
  endfacet
  facet normal 0 0 1
    outer loop
      vertex 7.40789 36.0983 2.95
      vertex 7.40789 29.9017 2.95
      vertex 7.80881 29.9815 2.95
    endloop
  endfacet
  facet normal 0 0 1
    outer loop
      vertex 7 36.125 2.95
      vertex 7.40789 29.9017 2.95
      vertex 7.40789 36.0983 2.95
    endloop
  endfacet
  facet normal 0 0 1
    outer loop
      vertex 7 36.125 2.95
      vertex 7 29.875 2.95
      vertex 7.40789 29.9017 2.95
    endloop
  endfacet
  facet normal -0 0 1
    outer loop
      vertex 6.5921 36.0983 2.95
      vertex 7 29.875 2.95
      vertex 7 36.125 2.95
    endloop
  endfacet
  facet normal 0 0 1
    outer loop
      vertex 6.5921 36.0983 2.95
      vertex 6.5921 29.9017 2.95
      vertex 7 29.875 2.95
    endloop
  endfacet
  facet normal -0 0 1
    outer loop
      vertex 6.19119 36.0185 2.95
      vertex 6.5921 29.9017 2.95
      vertex 6.5921 36.0983 2.95
    endloop
  endfacet
  facet normal 0 0 1
    outer loop
      vertex 6.19119 36.0185 2.95
      vertex 6.19119 29.9815 2.95
      vertex 6.5921 29.9017 2.95
    endloop
  endfacet
  facet normal -0 0 1
    outer loop
      vertex 5.80411 35.8871 2.95
      vertex 6.19119 29.9815 2.95
      vertex 6.19119 36.0185 2.95
    endloop
  endfacet
  facet normal 0 0 1
    outer loop
      vertex 5.80411 35.8871 2.95
      vertex 5.80411 30.1129 2.95
      vertex 6.19119 29.9815 2.95
    endloop
  endfacet
  facet normal -0 0 1
    outer loop
      vertex 5.4375 35.7063 2.95
      vertex 5.80411 30.1129 2.95
      vertex 5.80411 35.8871 2.95
    endloop
  endfacet
  facet normal 0 0 1
    outer loop
      vertex 5.4375 35.7063 2.95
      vertex 5.4375 30.2937 2.95
      vertex 5.80411 30.1129 2.95
    endloop
  endfacet
  facet normal -0 0 1
    outer loop
      vertex 5.09762 35.4792 2.95
      vertex 5.4375 30.2937 2.95
      vertex 5.4375 35.7063 2.95
    endloop
  endfacet
  facet normal 0 0 1
    outer loop
      vertex 5.09762 35.4792 2.95
      vertex 5.09762 30.5208 2.95
      vertex 5.4375 30.2937 2.95
    endloop
  endfacet
  facet normal -0 0 1
    outer loop
      vertex 4.79029 35.2097 2.95
      vertex 5.09762 30.5208 2.95
      vertex 5.09762 35.4792 2.95
    endloop
  endfacet
  facet normal 0 0 1
    outer loop
      vertex 4.79029 35.2097 2.95
      vertex 4.79029 30.7903 2.95
      vertex 5.09762 30.5208 2.95
    endloop
  endfacet
  facet normal -0 0 1
    outer loop
      vertex 4.52077 34.9024 2.95
      vertex 4.79029 30.7903 2.95
      vertex 4.79029 35.2097 2.95
    endloop
  endfacet
  facet normal 0 0 1
    outer loop
      vertex 4.52077 34.9024 2.95
      vertex 4.52077 31.0976 2.95
      vertex 4.79029 30.7903 2.95
    endloop
  endfacet
  facet normal -0 0 1
    outer loop
      vertex 4.29367 34.5625 2.95
      vertex 4.52077 31.0976 2.95
      vertex 4.52077 34.9024 2.95
    endloop
  endfacet
  facet normal 0 0 1
    outer loop
      vertex 4.29367 34.5625 2.95
      vertex 4.29367 31.4375 2.95
      vertex 4.52077 31.0976 2.95
    endloop
  endfacet
  facet normal -0 0 1
    outer loop
      vertex 4.11288 34.1959 2.95
      vertex 4.29367 31.4375 2.95
      vertex 4.29367 34.5625 2.95
    endloop
  endfacet
  facet normal 0 0 1
    outer loop
      vertex 4.11288 34.1959 2.95
      vertex 4.11288 31.8041 2.95
      vertex 4.29367 31.4375 2.95
    endloop
  endfacet
  facet normal -0 0 1
    outer loop
      vertex 3.98148 33.8088 2.95
      vertex 4.11288 31.8041 2.95
      vertex 4.11288 34.1959 2.95
    endloop
  endfacet
  facet normal 0 0 1
    outer loop
      vertex 3.98148 33.8088 2.95
      vertex 3.98148 32.1912 2.95
      vertex 4.11288 31.8041 2.95
    endloop
  endfacet
  facet normal -0 0 1
    outer loop
      vertex 3.90173 33.4079 2.95
      vertex 3.98148 32.1912 2.95
      vertex 3.98148 33.8088 2.95
    endloop
  endfacet
  facet normal 0 0 1
    outer loop
      vertex 3.90173 33.4079 2.95
      vertex 3.90173 32.5921 2.95
      vertex 3.98148 32.1912 2.95
    endloop
  endfacet
  facet normal 0 -0 1
    outer loop
      vertex 3.90173 32.5921 2.95
      vertex 3.90173 33.4079 2.95
      vertex 3.875 33 2.95
    endloop
  endfacet
  facet normal 0.659317 0.751865 -0
    outer loop
      vertex 5.09762 30.5208 2.95
      vertex 4.79029 30.7903 5
      vertex 5.09762 30.5208 5
    endloop
  endfacet
  facet normal 0.659317 0.751865 0
    outer loop
      vertex 4.79029 30.7903 5
      vertex 5.09762 30.5208 2.95
      vertex 4.79029 30.7903 2.95
    endloop
  endfacet
  facet normal 0.195217 0.98076 -0
    outer loop
      vertex 6.5921 29.9017 2.95
      vertex 6.19119 29.9815 5
      vertex 6.5921 29.9017 5
    endloop
  endfacet
  facet normal 0.195217 0.98076 0
    outer loop
      vertex 6.19119 29.9815 5
      vertex 6.5921 29.9017 2.95
      vertex 6.19119 29.9815 2.95
    endloop
  endfacet
  facet normal -0.831485 -0.555547 0
    outer loop
      vertex 9.70633 34.5625 2.95
      vertex 9.47923 34.9024 5
      vertex 9.47923 34.9024 2.95
    endloop
  endfacet
  facet normal -0.831485 -0.555547 0
    outer loop
      vertex 9.47923 34.9024 5
      vertex 9.70633 34.5625 2.95
      vertex 9.70633 34.5625 5
    endloop
  endfacet
  facet normal 0.831485 -0.555547 0
    outer loop
      vertex 4.29367 34.5625 5
      vertex 4.52077 34.9024 2.95
      vertex 4.52077 34.9024 5
    endloop
  endfacet
  facet normal 0.831485 -0.555547 0
    outer loop
      vertex 4.52077 34.9024 2.95
      vertex 4.29367 34.5625 5
      vertex 4.29367 34.5625 2.95
    endloop
  endfacet
  facet normal -0.555569 -0.83147 0
    outer loop
      vertex 8.5625 35.7063 2.95
      vertex 8.90238 35.4792 5
      vertex 8.5625 35.7063 5
    endloop
  endfacet
  facet normal -0.555569 -0.83147 -0
    outer loop
      vertex 8.90238 35.4792 5
      vertex 8.5625 35.7063 2.95
      vertex 8.90238 35.4792 2.95
    endloop
  endfacet
  facet normal -0.442304 -0.896865 0
    outer loop
      vertex 8.19589 35.8871 2.95
      vertex 8.5625 35.7063 5
      vertex 8.19589 35.8871 5
    endloop
  endfacet
  facet normal -0.442304 -0.896865 -0
    outer loop
      vertex 8.5625 35.7063 5
      vertex 8.19589 35.8871 2.95
      vertex 8.5625 35.7063 2.95
    endloop
  endfacet
  facet normal -0.442304 0.896865 0
    outer loop
      vertex 8.5625 30.2937 2.95
      vertex 8.19589 30.1129 5
      vertex 8.5625 30.2937 5
    endloop
  endfacet
  facet normal -0.442304 0.896865 0
    outer loop
      vertex 8.19589 30.1129 5
      vertex 8.5625 30.2937 2.95
      vertex 8.19589 30.1129 2.95
    endloop
  endfacet
  facet normal 0.831485 0.555547 0
    outer loop
      vertex 4.52077 31.0976 5
      vertex 4.29367 31.4375 2.95
      vertex 4.29367 31.4375 5
    endloop
  endfacet
  facet normal 0.831485 0.555547 0
    outer loop
      vertex 4.29367 31.4375 2.95
      vertex 4.52077 31.0976 5
      vertex 4.52077 31.0976 2.95
    endloop
  endfacet
  facet normal 0.99786 -0.0653905 0
    outer loop
      vertex 3.875 33 5
      vertex 3.90173 33.4079 2.95
      vertex 3.90173 33.4079 5
    endloop
  endfacet
  facet normal 0.99786 -0.0653905 0
    outer loop
      vertex 3.90173 33.4079 2.95
      vertex 3.875 33 5
      vertex 3.875 33 2.95
    endloop
  endfacet
  facet normal -0.997865 -0.0653174 0
    outer loop
      vertex 10.125 33 2.95
      vertex 10.0983 33.4079 5
      vertex 10.0983 33.4079 2.95
    endloop
  endfacet
  facet normal -0.997865 -0.0653174 0
    outer loop
      vertex 10.0983 33.4079 5
      vertex 10.125 33 2.95
      vertex 10.125 33 5
    endloop
  endfacet
  facet normal -0.946947 -0.32139 0
    outer loop
      vertex 10.0185 33.8088 2.95
      vertex 9.88712 34.1959 5
      vertex 9.88712 34.1959 2.95
    endloop
  endfacet
  facet normal -0.946947 -0.32139 0
    outer loop
      vertex 9.88712 34.1959 5
      vertex 10.0185 33.8088 2.95
      vertex 10.0185 33.8088 5
    endloop
  endfacet
  facet normal -0.89687 -0.442294 0
    outer loop
      vertex 9.88712 34.1959 2.95
      vertex 9.70633 34.5625 5
      vertex 9.70633 34.5625 2.95
    endloop
  endfacet
  facet normal -0.89687 -0.442294 0
    outer loop
      vertex 9.70633 34.5625 5
      vertex 9.88712 34.1959 2.95
      vertex 9.88712 34.1959 5
    endloop
  endfacet
  facet normal 0.321448 -0.946927 0
    outer loop
      vertex 5.80411 35.8871 2.95
      vertex 6.19119 36.0185 5
      vertex 5.80411 35.8871 5
    endloop
  endfacet
  facet normal 0.321448 -0.946927 0
    outer loop
      vertex 6.19119 36.0185 5
      vertex 5.80411 35.8871 2.95
      vertex 6.19119 36.0185 2.95
    endloop
  endfacet
  facet normal 0.89687 -0.442294 0
    outer loop
      vertex 4.11288 34.1959 5
      vertex 4.29367 34.5625 2.95
      vertex 4.29367 34.5625 5
    endloop
  endfacet
  facet normal 0.89687 -0.442294 0
    outer loop
      vertex 4.29367 34.5625 2.95
      vertex 4.11288 34.1959 5
      vertex 4.11288 34.1959 2.95
    endloop
  endfacet
  facet normal 0.980782 -0.195105 0
    outer loop
      vertex 3.90173 33.4079 5
      vertex 3.98148 33.8088 2.95
      vertex 3.98148 33.8088 5
    endloop
  endfacet
  facet normal 0.980782 -0.195105 0
    outer loop
      vertex 3.98148 33.8088 2.95
      vertex 3.90173 33.4079 5
      vertex 3.90173 33.4079 2.95
    endloop
  endfacet
  facet normal -0.659317 -0.751865 0
    outer loop
      vertex 8.90238 35.4792 2.95
      vertex 9.20971 35.2097 5
      vertex 8.90238 35.4792 5
    endloop
  endfacet
  facet normal -0.659317 -0.751865 -0
    outer loop
      vertex 9.20971 35.2097 5
      vertex 8.90238 35.4792 2.95
      vertex 9.20971 35.2097 2.95
    endloop
  endfacet
  facet normal -0.321448 -0.946927 0
    outer loop
      vertex 7.80881 36.0185 2.95
      vertex 8.19589 35.8871 5
      vertex 7.80881 36.0185 5
    endloop
  endfacet
  facet normal -0.321448 -0.946927 -0
    outer loop
      vertex 8.19589 35.8871 5
      vertex 7.80881 36.0185 2.95
      vertex 8.19589 35.8871 2.95
    endloop
  endfacet
  facet normal -0.980759 -0.195222 0
    outer loop
      vertex 10.0983 33.4079 2.95
      vertex 10.0185 33.8088 5
      vertex 10.0185 33.8088 2.95
    endloop
  endfacet
  facet normal -0.980759 -0.195222 0
    outer loop
      vertex 10.0185 33.8088 5
      vertex 10.0983 33.4079 2.95
      vertex 10.0983 33.4079 5
    endloop
  endfacet
  facet normal 0.555569 -0.83147 0
    outer loop
      vertex 5.09762 35.4792 2.95
      vertex 5.4375 35.7063 5
      vertex 5.09762 35.4792 5
    endloop
  endfacet
  facet normal 0.555569 -0.83147 0
    outer loop
      vertex 5.4375 35.7063 5
      vertex 5.09762 35.4792 2.95
      vertex 5.4375 35.7063 2.95
    endloop
  endfacet
  facet normal 0.659317 -0.751865 0
    outer loop
      vertex 4.79029 35.2097 2.95
      vertex 5.09762 35.4792 5
      vertex 4.79029 35.2097 5
    endloop
  endfacet
  facet normal 0.659317 -0.751865 0
    outer loop
      vertex 5.09762 35.4792 5
      vertex 4.79029 35.2097 2.95
      vertex 5.09762 35.4792 2.95
    endloop
  endfacet
  facet normal 0.751809 -0.659381 0
    outer loop
      vertex 4.52077 34.9024 5
      vertex 4.79029 35.2097 2.95
      vertex 4.79029 35.2097 5
    endloop
  endfacet
  facet normal 0.751809 -0.659381 0
    outer loop
      vertex 4.79029 35.2097 2.95
      vertex 4.52077 34.9024 5
      vertex 4.52077 34.9024 2.95
    endloop
  endfacet
  facet normal 0.946932 -0.321433 0
    outer loop
      vertex 3.98148 33.8088 5
      vertex 4.11288 34.1959 2.95
      vertex 4.11288 34.1959 5
    endloop
  endfacet
  facet normal 0.946932 -0.321433 0
    outer loop
      vertex 4.11288 34.1959 2.95
      vertex 3.98148 33.8088 5
      vertex 3.98148 33.8088 2.95
    endloop
  endfacet
  facet normal 0.195217 -0.98076 0
    outer loop
      vertex 6.19119 36.0185 2.95
      vertex 6.5921 36.0983 5
      vertex 6.19119 36.0185 5
    endloop
  endfacet
  facet normal 0.195217 -0.98076 0
    outer loop
      vertex 6.5921 36.0983 5
      vertex 6.19119 36.0185 2.95
      vertex 6.5921 36.0983 2.95
    endloop
  endfacet
  facet normal 0.0653174 -0.997865 0
    outer loop
      vertex 6.5921 36.0983 2.95
      vertex 7 36.125 5
      vertex 6.5921 36.0983 5
    endloop
  endfacet
  facet normal 0.0653174 -0.997865 0
    outer loop
      vertex 7 36.125 5
      vertex 6.5921 36.0983 2.95
      vertex 7 36.125 2.95
    endloop
  endfacet
  facet normal 0.442304 -0.896865 0
    outer loop
      vertex 5.4375 35.7063 2.95
      vertex 5.80411 35.8871 5
      vertex 5.4375 35.7063 5
    endloop
  endfacet
  facet normal 0.442304 -0.896865 0
    outer loop
      vertex 5.80411 35.8871 5
      vertex 5.4375 35.7063 2.95
      vertex 5.80411 35.8871 2.95
    endloop
  endfacet
  facet normal -0.997865 0.0653174 0
    outer loop
      vertex 10.0983 77.0421 2.95
      vertex 10.125 77.45 5
      vertex 10.125 77.45 2.95
    endloop
  endfacet
  facet normal -0.997865 0.0653174 0
    outer loop
      vertex 10.125 77.45 5
      vertex 10.0983 77.0421 2.95
      vertex 10.0983 77.0421 5
    endloop
  endfacet
  facet normal 0.0653174 0.997865 -0
    outer loop
      vertex 7 74.325 2.95
      vertex 6.5921 74.3517 5
      vertex 7 74.325 5
    endloop
  endfacet
  facet normal 0.0653174 0.997865 0
    outer loop
      vertex 6.5921 74.3517 5
      vertex 7 74.325 2.95
      vertex 6.5921 74.3517 2.95
    endloop
  endfacet
  facet normal -0.065319 -0.997864 0
    outer loop
      vertex 7 80.575 2.95
      vertex 7.40789 80.5483 5
      vertex 7 80.575 5
    endloop
  endfacet
  facet normal -0.065319 -0.997864 -0
    outer loop
      vertex 7.40789 80.5483 5
      vertex 7 80.575 2.95
      vertex 7.40789 80.5483 2.95
    endloop
  endfacet
  facet normal -0.751809 -0.659381 0
    outer loop
      vertex 9.47923 79.3524 2.95
      vertex 9.20971 79.6597 5
      vertex 9.20971 79.6597 2.95
    endloop
  endfacet
  facet normal -0.751809 -0.659381 0
    outer loop
      vertex 9.20971 79.6597 5
      vertex 9.47923 79.3524 2.95
      vertex 9.47923 79.3524 5
    endloop
  endfacet
  facet normal -0.659317 0.751865 0
    outer loop
      vertex 9.20971 75.2403 2.95
      vertex 8.90238 74.9708 5
      vertex 9.20971 75.2403 5
    endloop
  endfacet
  facet normal -0.659317 0.751865 0
    outer loop
      vertex 8.90238 74.9708 5
      vertex 9.20971 75.2403 2.95
      vertex 8.90238 74.9708 2.95
    endloop
  endfacet
  facet normal 0.751809 0.659381 0
    outer loop
      vertex 4.79029 75.2403 5
      vertex 4.52077 75.5476 2.95
      vertex 4.52077 75.5476 5
    endloop
  endfacet
  facet normal 0.751809 0.659381 0
    outer loop
      vertex 4.52077 75.5476 2.95
      vertex 4.79029 75.2403 5
      vertex 4.79029 75.2403 2.95
    endloop
  endfacet
  facet normal 0.442304 0.896865 -0
    outer loop
      vertex 5.80411 74.5629 2.95
      vertex 5.4375 74.7437 5
      vertex 5.80411 74.5629 5
    endloop
  endfacet
  facet normal 0.442304 0.896865 0
    outer loop
      vertex 5.4375 74.7437 5
      vertex 5.80411 74.5629 2.95
      vertex 5.4375 74.7437 2.95
    endloop
  endfacet
  facet normal -0.89687 0.442294 0
    outer loop
      vertex 9.70633 75.8875 2.95
      vertex 9.88712 76.2541 5
      vertex 9.88712 76.2541 2.95
    endloop
  endfacet
  facet normal -0.89687 0.442294 0
    outer loop
      vertex 9.88712 76.2541 5
      vertex 9.70633 75.8875 2.95
      vertex 9.70633 75.8875 5
    endloop
  endfacet
  facet normal -0.980759 0.195222 0
    outer loop
      vertex 10.0185 76.6412 2.95
      vertex 10.0983 77.0421 5
      vertex 10.0983 77.0421 2.95
    endloop
  endfacet
  facet normal -0.980759 0.195222 0
    outer loop
      vertex 10.0983 77.0421 5
      vertex 10.0185 76.6412 2.95
      vertex 10.0185 76.6412 5
    endloop
  endfacet
  facet normal -0.831485 0.555547 0
    outer loop
      vertex 9.47923 75.5476 2.95
      vertex 9.70633 75.8875 5
      vertex 9.70633 75.8875 2.95
    endloop
  endfacet
  facet normal -0.831485 0.555547 0
    outer loop
      vertex 9.70633 75.8875 5
      vertex 9.47923 75.5476 2.95
      vertex 9.47923 75.5476 5
    endloop
  endfacet
  facet normal -0.321448 0.946927 0
    outer loop
      vertex 8.19589 74.5629 2.95
      vertex 7.80881 74.4315 5
      vertex 8.19589 74.5629 5
    endloop
  endfacet
  facet normal -0.321448 0.946927 0
    outer loop
      vertex 7.80881 74.4315 5
      vertex 8.19589 74.5629 2.95
      vertex 7.80881 74.4315 2.95
    endloop
  endfacet
  facet normal -0.195213 0.980761 0
    outer loop
      vertex 7.80881 74.4315 2.95
      vertex 7.40789 74.3517 5
      vertex 7.80881 74.4315 5
    endloop
  endfacet
  facet normal -0.195213 0.980761 0
    outer loop
      vertex 7.40789 74.3517 5
      vertex 7.80881 74.4315 2.95
      vertex 7.40789 74.3517 2.95
    endloop
  endfacet
  facet normal -0.442304 0.896865 0
    outer loop
      vertex 8.5625 74.7437 2.95
      vertex 8.19589 74.5629 5
      vertex 8.5625 74.7437 5
    endloop
  endfacet
  facet normal -0.442304 0.896865 0
    outer loop
      vertex 8.19589 74.5629 5
      vertex 8.5625 74.7437 2.95
      vertex 8.19589 74.5629 2.95
    endloop
  endfacet
  facet normal 0.89687 0.442294 0
    outer loop
      vertex 4.29367 75.8875 5
      vertex 4.11288 76.2541 2.95
      vertex 4.11288 76.2541 5
    endloop
  endfacet
  facet normal 0.89687 0.442294 0
    outer loop
      vertex 4.11288 76.2541 2.95
      vertex 4.29367 75.8875 5
      vertex 4.29367 75.8875 2.95
    endloop
  endfacet
  facet normal 0.831485 0.555547 0
    outer loop
      vertex 4.52077 75.5476 5
      vertex 4.29367 75.8875 2.95
      vertex 4.29367 75.8875 5
    endloop
  endfacet
  facet normal 0.831485 0.555547 0
    outer loop
      vertex 4.29367 75.8875 2.95
      vertex 4.52077 75.5476 5
      vertex 4.52077 75.5476 2.95
    endloop
  endfacet
  facet normal 0.980782 0.195105 0
    outer loop
      vertex 3.98148 76.6412 5
      vertex 3.90173 77.0421 2.95
      vertex 3.90173 77.0421 5
    endloop
  endfacet
  facet normal 0.980782 0.195105 0
    outer loop
      vertex 3.90173 77.0421 2.95
      vertex 3.98148 76.6412 5
      vertex 3.98148 76.6412 2.95
    endloop
  endfacet
  facet normal 0.555569 0.83147 -0
    outer loop
      vertex 5.4375 74.7437 2.95
      vertex 5.09762 74.9708 5
      vertex 5.4375 74.7437 5
    endloop
  endfacet
  facet normal 0.555569 0.83147 0
    outer loop
      vertex 5.09762 74.9708 5
      vertex 5.4375 74.7437 2.95
      vertex 5.09762 74.9708 2.95
    endloop
  endfacet
  facet normal 0.321448 0.946927 -0
    outer loop
      vertex 6.19119 74.4315 2.95
      vertex 5.80411 74.5629 5
      vertex 6.19119 74.4315 5
    endloop
  endfacet
  facet normal 0.321448 0.946927 0
    outer loop
      vertex 5.80411 74.5629 5
      vertex 6.19119 74.4315 2.95
      vertex 5.80411 74.5629 2.95
    endloop
  endfacet
  facet normal -0.946947 0.32139 0
    outer loop
      vertex 9.88712 76.2541 2.95
      vertex 10.0185 76.6412 5
      vertex 10.0185 76.6412 2.95
    endloop
  endfacet
  facet normal -0.946947 0.32139 0
    outer loop
      vertex 10.0185 76.6412 5
      vertex 9.88712 76.2541 2.95
      vertex 9.88712 76.2541 5
    endloop
  endfacet
  facet normal -0.751809 0.659381 0
    outer loop
      vertex 9.20971 75.2403 2.95
      vertex 9.47923 75.5476 5
      vertex 9.47923 75.5476 2.95
    endloop
  endfacet
  facet normal -0.751809 0.659381 0
    outer loop
      vertex 9.47923 75.5476 5
      vertex 9.20971 75.2403 2.95
      vertex 9.20971 75.2403 5
    endloop
  endfacet
  facet normal -0.065319 0.997864 0
    outer loop
      vertex 7.40789 74.3517 2.95
      vertex 7 74.325 5
      vertex 7.40789 74.3517 5
    endloop
  endfacet
  facet normal -0.065319 0.997864 0
    outer loop
      vertex 7 74.325 5
      vertex 7.40789 74.3517 2.95
      vertex 7 74.325 2.95
    endloop
  endfacet
  facet normal -0.555569 0.83147 0
    outer loop
      vertex 8.90238 74.9708 2.95
      vertex 8.5625 74.7437 5
      vertex 8.90238 74.9708 5
    endloop
  endfacet
  facet normal -0.555569 0.83147 0
    outer loop
      vertex 8.5625 74.7437 5
      vertex 8.90238 74.9708 2.95
      vertex 8.5625 74.7437 2.95
    endloop
  endfacet
  facet normal 0.946932 0.321433 0
    outer loop
      vertex 4.11288 76.2541 5
      vertex 3.98148 76.6412 2.95
      vertex 3.98148 76.6412 5
    endloop
  endfacet
  facet normal 0.946932 0.321433 0
    outer loop
      vertex 3.98148 76.6412 2.95
      vertex 4.11288 76.2541 5
      vertex 4.11288 76.2541 2.95
    endloop
  endfacet
  facet normal 0.99786 0.0653905 0
    outer loop
      vertex 3.90173 77.0421 5
      vertex 3.875 77.45 2.95
      vertex 3.875 77.45 5
    endloop
  endfacet
  facet normal 0.99786 0.0653905 0
    outer loop
      vertex 3.875 77.45 2.95
      vertex 3.90173 77.0421 5
      vertex 3.90173 77.0421 2.95
    endloop
  endfacet
  facet normal 0 0 1
    outer loop
      vertex 10.0983 77.8579 2.95
      vertex 10.0983 77.0421 2.95
      vertex 10.125 77.45 2.95
    endloop
  endfacet
  facet normal 0 0 1
    outer loop
      vertex 10.0185 78.2588 2.95
      vertex 10.0983 77.0421 2.95
      vertex 10.0983 77.8579 2.95
    endloop
  endfacet
  facet normal 0 0 1
    outer loop
      vertex 10.0185 78.2588 2.95
      vertex 10.0185 76.6412 2.95
      vertex 10.0983 77.0421 2.95
    endloop
  endfacet
  facet normal 0 0 1
    outer loop
      vertex 9.88712 78.6459 2.95
      vertex 10.0185 76.6412 2.95
      vertex 10.0185 78.2588 2.95
    endloop
  endfacet
  facet normal 0 0 1
    outer loop
      vertex 9.88712 78.6459 2.95
      vertex 9.88712 76.2541 2.95
      vertex 10.0185 76.6412 2.95
    endloop
  endfacet
  facet normal 0 0 1
    outer loop
      vertex 9.70633 79.0125 2.95
      vertex 9.88712 76.2541 2.95
      vertex 9.88712 78.6459 2.95
    endloop
  endfacet
  facet normal 0 0 1
    outer loop
      vertex 9.70633 79.0125 2.95
      vertex 9.70633 75.8875 2.95
      vertex 9.88712 76.2541 2.95
    endloop
  endfacet
  facet normal 0 0 1
    outer loop
      vertex 9.47923 79.3524 2.95
      vertex 9.70633 75.8875 2.95
      vertex 9.70633 79.0125 2.95
    endloop
  endfacet
  facet normal 0 0 1
    outer loop
      vertex 9.47923 79.3524 2.95
      vertex 9.47923 75.5476 2.95
      vertex 9.70633 75.8875 2.95
    endloop
  endfacet
  facet normal 0 0 1
    outer loop
      vertex 9.20971 79.6597 2.95
      vertex 9.47923 75.5476 2.95
      vertex 9.47923 79.3524 2.95
    endloop
  endfacet
  facet normal 0 0 1
    outer loop
      vertex 9.20971 79.6597 2.95
      vertex 9.20971 75.2403 2.95
      vertex 9.47923 75.5476 2.95
    endloop
  endfacet
  facet normal 0 0 1
    outer loop
      vertex 8.90238 79.9292 2.95
      vertex 9.20971 75.2403 2.95
      vertex 9.20971 79.6597 2.95
    endloop
  endfacet
  facet normal 0 0 1
    outer loop
      vertex 8.90238 79.9292 2.95
      vertex 8.90238 74.9708 2.95
      vertex 9.20971 75.2403 2.95
    endloop
  endfacet
  facet normal 0 0 1
    outer loop
      vertex 8.5625 80.1563 2.95
      vertex 8.90238 74.9708 2.95
      vertex 8.90238 79.9292 2.95
    endloop
  endfacet
  facet normal 0 0 1
    outer loop
      vertex 8.5625 80.1563 2.95
      vertex 8.5625 74.7437 2.95
      vertex 8.90238 74.9708 2.95
    endloop
  endfacet
  facet normal 0 0 1
    outer loop
      vertex 8.19589 80.3371 2.95
      vertex 8.5625 74.7437 2.95
      vertex 8.5625 80.1563 2.95
    endloop
  endfacet
  facet normal 0 0 1
    outer loop
      vertex 8.19589 80.3371 2.95
      vertex 8.19589 74.5629 2.95
      vertex 8.5625 74.7437 2.95
    endloop
  endfacet
  facet normal 0 0 1
    outer loop
      vertex 7.80881 80.4685 2.95
      vertex 8.19589 74.5629 2.95
      vertex 8.19589 80.3371 2.95
    endloop
  endfacet
  facet normal 0 0 1
    outer loop
      vertex 7.80881 80.4685 2.95
      vertex 7.80881 74.4315 2.95
      vertex 8.19589 74.5629 2.95
    endloop
  endfacet
  facet normal 0 0 1
    outer loop
      vertex 7.40789 80.5483 2.95
      vertex 7.80881 74.4315 2.95
      vertex 7.80881 80.4685 2.95
    endloop
  endfacet
  facet normal 0 0 1
    outer loop
      vertex 7.40789 80.5483 2.95
      vertex 7.40789 74.3517 2.95
      vertex 7.80881 74.4315 2.95
    endloop
  endfacet
  facet normal 0 0 1
    outer loop
      vertex 7 80.575 2.95
      vertex 7.40789 74.3517 2.95
      vertex 7.40789 80.5483 2.95
    endloop
  endfacet
  facet normal 0 0 1
    outer loop
      vertex 7 80.575 2.95
      vertex 7 74.325 2.95
      vertex 7.40789 74.3517 2.95
    endloop
  endfacet
  facet normal -0 0 1
    outer loop
      vertex 6.5921 80.5483 2.95
      vertex 7 74.325 2.95
      vertex 7 80.575 2.95
    endloop
  endfacet
  facet normal 0 0 1
    outer loop
      vertex 6.5921 80.5483 2.95
      vertex 6.5921 74.3517 2.95
      vertex 7 74.325 2.95
    endloop
  endfacet
  facet normal -0 0 1
    outer loop
      vertex 6.19119 80.4685 2.95
      vertex 6.5921 74.3517 2.95
      vertex 6.5921 80.5483 2.95
    endloop
  endfacet
  facet normal 0 0 1
    outer loop
      vertex 6.19119 80.4685 2.95
      vertex 6.19119 74.4315 2.95
      vertex 6.5921 74.3517 2.95
    endloop
  endfacet
  facet normal -0 0 1
    outer loop
      vertex 5.80411 80.3371 2.95
      vertex 6.19119 74.4315 2.95
      vertex 6.19119 80.4685 2.95
    endloop
  endfacet
  facet normal 0 0 1
    outer loop
      vertex 5.80411 80.3371 2.95
      vertex 5.80411 74.5629 2.95
      vertex 6.19119 74.4315 2.95
    endloop
  endfacet
  facet normal -0 0 1
    outer loop
      vertex 5.4375 80.1563 2.95
      vertex 5.80411 74.5629 2.95
      vertex 5.80411 80.3371 2.95
    endloop
  endfacet
  facet normal 0 0 1
    outer loop
      vertex 5.4375 80.1563 2.95
      vertex 5.4375 74.7437 2.95
      vertex 5.80411 74.5629 2.95
    endloop
  endfacet
  facet normal -0 0 1
    outer loop
      vertex 5.09762 79.9292 2.95
      vertex 5.4375 74.7437 2.95
      vertex 5.4375 80.1563 2.95
    endloop
  endfacet
  facet normal 0 0 1
    outer loop
      vertex 5.09762 79.9292 2.95
      vertex 5.09762 74.9708 2.95
      vertex 5.4375 74.7437 2.95
    endloop
  endfacet
  facet normal -0 0 1
    outer loop
      vertex 4.79029 79.6597 2.95
      vertex 5.09762 74.9708 2.95
      vertex 5.09762 79.9292 2.95
    endloop
  endfacet
  facet normal 0 0 1
    outer loop
      vertex 4.79029 79.6597 2.95
      vertex 4.79029 75.2403 2.95
      vertex 5.09762 74.9708 2.95
    endloop
  endfacet
  facet normal -0 0 1
    outer loop
      vertex 4.52077 79.3524 2.95
      vertex 4.79029 75.2403 2.95
      vertex 4.79029 79.6597 2.95
    endloop
  endfacet
  facet normal 0 0 1
    outer loop
      vertex 4.52077 79.3524 2.95
      vertex 4.52077 75.5476 2.95
      vertex 4.79029 75.2403 2.95
    endloop
  endfacet
  facet normal -0 0 1
    outer loop
      vertex 4.29367 79.0125 2.95
      vertex 4.52077 75.5476 2.95
      vertex 4.52077 79.3524 2.95
    endloop
  endfacet
  facet normal 0 0 1
    outer loop
      vertex 4.29367 79.0125 2.95
      vertex 4.29367 75.8875 2.95
      vertex 4.52077 75.5476 2.95
    endloop
  endfacet
  facet normal -0 0 1
    outer loop
      vertex 4.11288 78.6459 2.95
      vertex 4.29367 75.8875 2.95
      vertex 4.29367 79.0125 2.95
    endloop
  endfacet
  facet normal 0 0 1
    outer loop
      vertex 4.11288 78.6459 2.95
      vertex 4.11288 76.2541 2.95
      vertex 4.29367 75.8875 2.95
    endloop
  endfacet
  facet normal -0 0 1
    outer loop
      vertex 3.98148 78.2588 2.95
      vertex 4.11288 76.2541 2.95
      vertex 4.11288 78.6459 2.95
    endloop
  endfacet
  facet normal 0 0 1
    outer loop
      vertex 3.98148 78.2588 2.95
      vertex 3.98148 76.6412 2.95
      vertex 4.11288 76.2541 2.95
    endloop
  endfacet
  facet normal -0 0 1
    outer loop
      vertex 3.90173 77.8579 2.95
      vertex 3.98148 76.6412 2.95
      vertex 3.98148 78.2588 2.95
    endloop
  endfacet
  facet normal 0 0 1
    outer loop
      vertex 3.90173 77.8579 2.95
      vertex 3.90173 77.0421 2.95
      vertex 3.98148 76.6412 2.95
    endloop
  endfacet
  facet normal 0 -0 1
    outer loop
      vertex 3.90173 77.0421 2.95
      vertex 3.90173 77.8579 2.95
      vertex 3.875 77.45 2.95
    endloop
  endfacet
  facet normal 0.659317 0.751865 -0
    outer loop
      vertex 5.09762 74.9708 2.95
      vertex 4.79029 75.2403 5
      vertex 5.09762 74.9708 5
    endloop
  endfacet
  facet normal 0.659317 0.751865 0
    outer loop
      vertex 4.79029 75.2403 5
      vertex 5.09762 74.9708 2.95
      vertex 4.79029 75.2403 2.95
    endloop
  endfacet
  facet normal 0.195217 0.98076 -0
    outer loop
      vertex 6.5921 74.3517 2.95
      vertex 6.19119 74.4315 5
      vertex 6.5921 74.3517 5
    endloop
  endfacet
  facet normal 0.195217 0.98076 0
    outer loop
      vertex 6.19119 74.4315 5
      vertex 6.5921 74.3517 2.95
      vertex 6.19119 74.4315 2.95
    endloop
  endfacet
  facet normal -0.831485 -0.555547 0
    outer loop
      vertex 9.70633 79.0125 2.95
      vertex 9.47923 79.3524 5
      vertex 9.47923 79.3524 2.95
    endloop
  endfacet
  facet normal -0.831485 -0.555547 0
    outer loop
      vertex 9.47923 79.3524 5
      vertex 9.70633 79.0125 2.95
      vertex 9.70633 79.0125 5
    endloop
  endfacet
  facet normal 0.751809 -0.659381 0
    outer loop
      vertex 4.52077 79.3524 5
      vertex 4.79029 79.6597 2.95
      vertex 4.79029 79.6597 5
    endloop
  endfacet
  facet normal 0.751809 -0.659381 0
    outer loop
      vertex 4.79029 79.6597 2.95
      vertex 4.52077 79.3524 5
      vertex 4.52077 79.3524 2.95
    endloop
  endfacet
  facet normal 0.831485 -0.555547 0
    outer loop
      vertex 4.29367 79.0125 5
      vertex 4.52077 79.3524 2.95
      vertex 4.52077 79.3524 5
    endloop
  endfacet
  facet normal 0.831485 -0.555547 0
    outer loop
      vertex 4.52077 79.3524 2.95
      vertex 4.29367 79.0125 5
      vertex 4.29367 79.0125 2.95
    endloop
  endfacet
  facet normal -0.555569 -0.83147 0
    outer loop
      vertex 8.5625 80.1563 2.95
      vertex 8.90238 79.9292 5
      vertex 8.5625 80.1563 5
    endloop
  endfacet
  facet normal -0.555569 -0.83147 -0
    outer loop
      vertex 8.90238 79.9292 5
      vertex 8.5625 80.1563 2.95
      vertex 8.90238 79.9292 2.95
    endloop
  endfacet
  facet normal -0.442304 -0.896865 0
    outer loop
      vertex 8.19589 80.3371 2.95
      vertex 8.5625 80.1563 5
      vertex 8.19589 80.3371 5
    endloop
  endfacet
  facet normal -0.442304 -0.896865 -0
    outer loop
      vertex 8.5625 80.1563 5
      vertex 8.19589 80.3371 2.95
      vertex 8.5625 80.1563 2.95
    endloop
  endfacet
  facet normal 0.99786 -0.0653905 0
    outer loop
      vertex 3.875 77.45 5
      vertex 3.90173 77.8579 2.95
      vertex 3.90173 77.8579 5
    endloop
  endfacet
  facet normal 0.99786 -0.0653905 0
    outer loop
      vertex 3.90173 77.8579 2.95
      vertex 3.875 77.45 5
      vertex 3.875 77.45 2.95
    endloop
  endfacet
  facet normal -0.997865 -0.0653174 0
    outer loop
      vertex 10.125 77.45 2.95
      vertex 10.0983 77.8579 5
      vertex 10.0983 77.8579 2.95
    endloop
  endfacet
  facet normal -0.997865 -0.0653174 0
    outer loop
      vertex 10.0983 77.8579 5
      vertex 10.125 77.45 2.95
      vertex 10.125 77.45 5
    endloop
  endfacet
  facet normal -0.946947 -0.32139 0
    outer loop
      vertex 10.0185 78.2588 2.95
      vertex 9.88712 78.6459 5
      vertex 9.88712 78.6459 2.95
    endloop
  endfacet
  facet normal -0.946947 -0.32139 0
    outer loop
      vertex 9.88712 78.6459 5
      vertex 10.0185 78.2588 2.95
      vertex 10.0185 78.2588 5
    endloop
  endfacet
  facet normal -0.89687 -0.442294 0
    outer loop
      vertex 9.88712 78.6459 2.95
      vertex 9.70633 79.0125 5
      vertex 9.70633 79.0125 2.95
    endloop
  endfacet
  facet normal -0.89687 -0.442294 0
    outer loop
      vertex 9.70633 79.0125 5
      vertex 9.88712 78.6459 2.95
      vertex 9.88712 78.6459 5
    endloop
  endfacet
  facet normal 0.321448 -0.946927 0
    outer loop
      vertex 5.80411 80.3371 2.95
      vertex 6.19119 80.4685 5
      vertex 5.80411 80.3371 5
    endloop
  endfacet
  facet normal 0.321448 -0.946927 0
    outer loop
      vertex 6.19119 80.4685 5
      vertex 5.80411 80.3371 2.95
      vertex 6.19119 80.4685 2.95
    endloop
  endfacet
  facet normal 0.89687 -0.442294 0
    outer loop
      vertex 4.11288 78.6459 5
      vertex 4.29367 79.0125 2.95
      vertex 4.29367 79.0125 5
    endloop
  endfacet
  facet normal 0.89687 -0.442294 0
    outer loop
      vertex 4.29367 79.0125 2.95
      vertex 4.11288 78.6459 5
      vertex 4.11288 78.6459 2.95
    endloop
  endfacet
  facet normal 0.980782 -0.195105 0
    outer loop
      vertex 3.90173 77.8579 5
      vertex 3.98148 78.2588 2.95
      vertex 3.98148 78.2588 5
    endloop
  endfacet
  facet normal 0.980782 -0.195105 0
    outer loop
      vertex 3.98148 78.2588 2.95
      vertex 3.90173 77.8579 5
      vertex 3.90173 77.8579 2.95
    endloop
  endfacet
  facet normal -0.659317 -0.751865 0
    outer loop
      vertex 8.90238 79.9292 2.95
      vertex 9.20971 79.6597 5
      vertex 8.90238 79.9292 5
    endloop
  endfacet
  facet normal -0.659317 -0.751865 -0
    outer loop
      vertex 9.20971 79.6597 5
      vertex 8.90238 79.9292 2.95
      vertex 9.20971 79.6597 2.95
    endloop
  endfacet
  facet normal -0.321448 -0.946927 0
    outer loop
      vertex 7.80881 80.4685 2.95
      vertex 8.19589 80.3371 5
      vertex 7.80881 80.4685 5
    endloop
  endfacet
  facet normal -0.321448 -0.946927 -0
    outer loop
      vertex 8.19589 80.3371 5
      vertex 7.80881 80.4685 2.95
      vertex 8.19589 80.3371 2.95
    endloop
  endfacet
  facet normal -0.195213 -0.980761 0
    outer loop
      vertex 7.40789 80.5483 2.95
      vertex 7.80881 80.4685 5
      vertex 7.40789 80.5483 5
    endloop
  endfacet
  facet normal -0.195213 -0.980761 -0
    outer loop
      vertex 7.80881 80.4685 5
      vertex 7.40789 80.5483 2.95
      vertex 7.80881 80.4685 2.95
    endloop
  endfacet
  facet normal -0.980759 -0.195222 0
    outer loop
      vertex 10.0983 77.8579 2.95
      vertex 10.0185 78.2588 5
      vertex 10.0185 78.2588 2.95
    endloop
  endfacet
  facet normal -0.980759 -0.195222 0
    outer loop
      vertex 10.0185 78.2588 5
      vertex 10.0983 77.8579 2.95
      vertex 10.0983 77.8579 5
    endloop
  endfacet
  facet normal 0.555569 -0.83147 0
    outer loop
      vertex 5.09762 79.9292 2.95
      vertex 5.4375 80.1563 5
      vertex 5.09762 79.9292 5
    endloop
  endfacet
  facet normal 0.555569 -0.83147 0
    outer loop
      vertex 5.4375 80.1563 5
      vertex 5.09762 79.9292 2.95
      vertex 5.4375 80.1563 2.95
    endloop
  endfacet
  facet normal 0.659317 -0.751865 0
    outer loop
      vertex 4.79029 79.6597 2.95
      vertex 5.09762 79.9292 5
      vertex 4.79029 79.6597 5
    endloop
  endfacet
  facet normal 0.659317 -0.751865 0
    outer loop
      vertex 5.09762 79.9292 5
      vertex 4.79029 79.6597 2.95
      vertex 5.09762 79.9292 2.95
    endloop
  endfacet
  facet normal 0.946932 -0.321433 0
    outer loop
      vertex 3.98148 78.2588 5
      vertex 4.11288 78.6459 2.95
      vertex 4.11288 78.6459 5
    endloop
  endfacet
  facet normal 0.946932 -0.321433 0
    outer loop
      vertex 4.11288 78.6459 2.95
      vertex 3.98148 78.2588 5
      vertex 3.98148 78.2588 2.95
    endloop
  endfacet
  facet normal 0.195217 -0.98076 0
    outer loop
      vertex 6.19119 80.4685 2.95
      vertex 6.5921 80.5483 5
      vertex 6.19119 80.4685 5
    endloop
  endfacet
  facet normal 0.195217 -0.98076 0
    outer loop
      vertex 6.5921 80.5483 5
      vertex 6.19119 80.4685 2.95
      vertex 6.5921 80.5483 2.95
    endloop
  endfacet
  facet normal 0.0653174 -0.997865 0
    outer loop
      vertex 6.5921 80.5483 2.95
      vertex 7 80.575 5
      vertex 6.5921 80.5483 5
    endloop
  endfacet
  facet normal 0.0653174 -0.997865 0
    outer loop
      vertex 7 80.575 5
      vertex 6.5921 80.5483 2.95
      vertex 7 80.575 2.95
    endloop
  endfacet
  facet normal 0.442304 -0.896865 0
    outer loop
      vertex 5.4375 80.1563 2.95
      vertex 5.80411 80.3371 5
      vertex 5.4375 80.1563 5
    endloop
  endfacet
  facet normal 0.442304 -0.896865 0
    outer loop
      vertex 5.80411 80.3371 5
      vertex 5.4375 80.1563 2.95
      vertex 5.80411 80.3371 2.95
    endloop
  endfacet
  facet normal -0.997866 0.0653015 0
    outer loop
      vertex 10.0983 121.492 2.95
      vertex 10.125 121.9 5
      vertex 10.125 121.9 2.95
    endloop
  endfacet
  facet normal -0.997866 0.0653015 0
    outer loop
      vertex 10.125 121.9 5
      vertex 10.0983 121.492 2.95
      vertex 10.0983 121.492 5
    endloop
  endfacet
  facet normal 0.0660482 0.997816 -0
    outer loop
      vertex 7 118.775 2.95
      vertex 6.5921 118.802 5
      vertex 7 118.775 5
    endloop
  endfacet
  facet normal 0.0660482 0.997816 0
    outer loop
      vertex 6.5921 118.802 5
      vertex 7 118.775 2.95
      vertex 6.5921 118.802 2.95
    endloop
  endfacet
  facet normal -0.0660498 -0.997816 0
    outer loop
      vertex 7 125.025 2.95
      vertex 7.40789 124.998 5
      vertex 7 125.025 5
    endloop
  endfacet
  facet normal -0.0660498 -0.997816 -0
    outer loop
      vertex 7.40789 124.998 5
      vertex 7 125.025 2.95
      vertex 7.40789 124.998 2.95
    endloop
  endfacet
  facet normal -0.658624 0.752472 0
    outer loop
      vertex 9.20971 119.69 2.95
      vertex 8.90238 119.421 5
      vertex 9.20971 119.69 5
    endloop
  endfacet
  facet normal -0.658624 0.752472 0
    outer loop
      vertex 8.90238 119.421 5
      vertex 9.20971 119.69 2.95
      vertex 8.90238 119.421 2.95
    endloop
  endfacet
  facet normal 0.752552 0.658532 0
    outer loop
      vertex 4.79029 119.69 5
      vertex 4.52077 119.998 2.95
      vertex 4.52077 119.998 5
    endloop
  endfacet
  facet normal 0.752552 0.658532 0
    outer loop
      vertex 4.52077 119.998 2.95
      vertex 4.79029 119.69 5
      vertex 4.79029 119.69 2.95
    endloop
  endfacet
  facet normal 0.442698 0.896671 -0
    outer loop
      vertex 5.80411 119.013 2.95
      vertex 5.4375 119.194 5
      vertex 5.80411 119.013 5
    endloop
  endfacet
  facet normal 0.442698 0.896671 0
    outer loop
      vertex 5.4375 119.194 5
      vertex 5.80411 119.013 2.95
      vertex 5.4375 119.194 2.95
    endloop
  endfacet
  facet normal -0.946922 -0.321464 0
    outer loop
      vertex 10.0185 122.709 2.95
      vertex 9.88712 123.096 5
      vertex 9.88712 123.096 2.95
    endloop
  endfacet
  facet normal -0.946922 -0.321464 0
    outer loop
      vertex 9.88712 123.096 5
      vertex 10.0185 122.709 2.95
      vertex 10.0185 122.709 5
    endloop
  endfacet
  facet normal -0.896582 0.442877 0
    outer loop
      vertex 9.70633 120.338 2.95
      vertex 9.88712 120.704 5
      vertex 9.88712 120.704 2.95
    endloop
  endfacet
  facet normal -0.896582 0.442877 0
    outer loop
      vertex 9.88712 120.704 5
      vertex 9.70633 120.338 2.95
      vertex 9.70633 120.338 5
    endloop
  endfacet
  facet normal -0.831561 0.555434 0
    outer loop
      vertex 9.47923 119.998 2.95
      vertex 9.70633 120.338 5
      vertex 9.70633 120.338 2.95
    endloop
  endfacet
  facet normal -0.831561 0.555434 0
    outer loop
      vertex 9.70633 120.338 5
      vertex 9.47923 119.998 2.95
      vertex 9.47923 119.998 5
    endloop
  endfacet
  facet normal -0.322764 0.94648 0
    outer loop
      vertex 8.19589 119.013 2.95
      vertex 7.80881 118.881 5
      vertex 8.19589 119.013 5
    endloop
  endfacet
  facet normal -0.322764 0.94648 0
    outer loop
      vertex 7.80881 118.881 5
      vertex 8.19589 119.013 2.95
      vertex 7.80881 118.881 2.95
    endloop
  endfacet
  facet normal -0.193329 0.981134 0
    outer loop
      vertex 7.80881 118.881 2.95
      vertex 7.40789 118.802 5
      vertex 7.80881 118.881 5
    endloop
  endfacet
  facet normal -0.193329 0.981134 0
    outer loop
      vertex 7.40789 118.802 5
      vertex 7.80881 118.881 2.95
      vertex 7.40789 118.802 2.95
    endloop
  endfacet
  facet normal -0.442698 0.896671 0
    outer loop
      vertex 8.5625 119.194 2.95
      vertex 8.19589 119.013 5
      vertex 8.5625 119.194 5
    endloop
  endfacet
  facet normal -0.442698 0.896671 0
    outer loop
      vertex 8.19589 119.013 5
      vertex 8.5625 119.194 2.95
      vertex 8.19589 119.013 2.95
    endloop
  endfacet
  facet normal 0.946907 0.321508 0
    outer loop
      vertex 4.11288 120.704 5
      vertex 3.98148 121.091 2.95
      vertex 3.98148 121.091 5
    endloop
  endfacet
  facet normal 0.946907 0.321508 0
    outer loop
      vertex 3.98148 121.091 2.95
      vertex 4.11288 120.704 5
      vertex 4.11288 120.704 2.95
    endloop
  endfacet
  facet normal 0.831561 0.555434 0
    outer loop
      vertex 4.52077 119.998 5
      vertex 4.29367 120.338 2.95
      vertex 4.29367 120.338 5
    endloop
  endfacet
  facet normal 0.831561 0.555434 0
    outer loop
      vertex 4.29367 120.338 2.95
      vertex 4.52077 119.998 5
      vertex 4.52077 119.998 2.95
    endloop
  endfacet
  facet normal 0.980792 0.195058 0
    outer loop
      vertex 3.98148 121.091 5
      vertex 3.90173 121.492 2.95
      vertex 3.90173 121.492 5
    endloop
  endfacet
  facet normal 0.980792 0.195058 0
    outer loop
      vertex 3.90173 121.492 2.95
      vertex 3.98148 121.091 5
      vertex 3.98148 121.091 2.95
    endloop
  endfacet
  facet normal 0.322764 0.94648 -0
    outer loop
      vertex 6.19119 118.881 2.95
      vertex 5.80411 119.013 5
      vertex 6.19119 118.881 5
    endloop
  endfacet
  facet normal 0.322764 0.94648 0
    outer loop
      vertex 5.80411 119.013 5
      vertex 6.19119 118.881 2.95
      vertex 5.80411 119.013 2.95
    endloop
  endfacet
  facet normal -0.980768 -0.195175 0
    outer loop
      vertex 10.0983 122.308 2.95
      vertex 10.0185 122.709 5
      vertex 10.0185 122.709 2.95
    endloop
  endfacet
  facet normal -0.980768 -0.195175 0
    outer loop
      vertex 10.0185 122.709 5
      vertex 10.0983 122.308 2.95
      vertex 10.0983 122.308 5
    endloop
  endfacet
  facet normal -0.193329 -0.981134 0
    outer loop
      vertex 7.40789 124.998 2.95
      vertex 7.80881 124.919 5
      vertex 7.40789 124.998 5
    endloop
  endfacet
  facet normal -0.193329 -0.981134 -0
    outer loop
      vertex 7.80881 124.919 5
      vertex 7.40789 124.998 2.95
      vertex 7.80881 124.919 2.95
    endloop
  endfacet
  facet normal -0.946922 0.321464 0
    outer loop
      vertex 9.88712 120.704 2.95
      vertex 10.0185 121.091 5
      vertex 10.0185 121.091 2.95
    endloop
  endfacet
  facet normal -0.946922 0.321464 0
    outer loop
      vertex 10.0185 121.091 5
      vertex 9.88712 120.704 2.95
      vertex 9.88712 120.704 5
    endloop
  endfacet
  facet normal -0.980768 0.195175 0
    outer loop
      vertex 10.0185 121.091 2.95
      vertex 10.0983 121.492 5
      vertex 10.0983 121.492 2.95
    endloop
  endfacet
  facet normal -0.980768 0.195175 0
    outer loop
      vertex 10.0983 121.492 5
      vertex 10.0185 121.091 2.95
      vertex 10.0185 121.091 5
    endloop
  endfacet
  facet normal -0.752552 0.658532 0
    outer loop
      vertex 9.20971 119.69 2.95
      vertex 9.47923 119.998 5
      vertex 9.47923 119.998 2.95
    endloop
  endfacet
  facet normal -0.752552 0.658532 0
    outer loop
      vertex 9.47923 119.998 5
      vertex 9.20971 119.69 2.95
      vertex 9.20971 119.69 5
    endloop
  endfacet
  facet normal -0.0660498 0.997816 0
    outer loop
      vertex 7.40789 118.802 2.95
      vertex 7 118.775 5
      vertex 7.40789 118.802 5
    endloop
  endfacet
  facet normal -0.0660498 0.997816 0
    outer loop
      vertex 7 118.775 5
      vertex 7.40789 118.802 2.95
      vertex 7 118.775 2.95
    endloop
  endfacet
  facet normal -0.5554 0.831583 0
    outer loop
      vertex 8.90238 119.421 2.95
      vertex 8.5625 119.194 5
      vertex 8.90238 119.421 5
    endloop
  endfacet
  facet normal -0.5554 0.831583 0
    outer loop
      vertex 8.5625 119.194 5
      vertex 8.90238 119.421 2.95
      vertex 8.5625 119.194 2.95
    endloop
  endfacet
  facet normal 0.896582 0.442877 0
    outer loop
      vertex 4.29367 120.338 5
      vertex 4.11288 120.704 2.95
      vertex 4.11288 120.704 5
    endloop
  endfacet
  facet normal 0.896582 0.442877 0
    outer loop
      vertex 4.11288 120.704 2.95
      vertex 4.29367 120.338 5
      vertex 4.29367 120.338 2.95
    endloop
  endfacet
  facet normal 0.997861 0.0653746 0
    outer loop
      vertex 3.90173 121.492 5
      vertex 3.875 121.9 2.95
      vertex 3.875 121.9 5
    endloop
  endfacet
  facet normal 0.997861 0.0653746 0
    outer loop
      vertex 3.875 121.9 2.95
      vertex 3.90173 121.492 5
      vertex 3.90173 121.492 2.95
    endloop
  endfacet
  facet normal 0 0 1
    outer loop
      vertex 10.0983 122.308 2.95
      vertex 10.0983 121.492 2.95
      vertex 10.125 121.9 2.95
    endloop
  endfacet
  facet normal 0 0 1
    outer loop
      vertex 10.0185 122.709 2.95
      vertex 10.0983 121.492 2.95
      vertex 10.0983 122.308 2.95
    endloop
  endfacet
  facet normal 0 0 1
    outer loop
      vertex 10.0185 122.709 2.95
      vertex 10.0185 121.091 2.95
      vertex 10.0983 121.492 2.95
    endloop
  endfacet
  facet normal 0 0 1
    outer loop
      vertex 9.88712 123.096 2.95
      vertex 10.0185 121.091 2.95
      vertex 10.0185 122.709 2.95
    endloop
  endfacet
  facet normal 0 0 1
    outer loop
      vertex 9.88712 123.096 2.95
      vertex 9.88712 120.704 2.95
      vertex 10.0185 121.091 2.95
    endloop
  endfacet
  facet normal 0 0 1
    outer loop
      vertex 9.70633 123.463 2.95
      vertex 9.88712 120.704 2.95
      vertex 9.88712 123.096 2.95
    endloop
  endfacet
  facet normal 0 0 1
    outer loop
      vertex 9.70633 123.463 2.95
      vertex 9.70633 120.338 2.95
      vertex 9.88712 120.704 2.95
    endloop
  endfacet
  facet normal 0 0 1
    outer loop
      vertex 9.47923 123.802 2.95
      vertex 9.70633 120.338 2.95
      vertex 9.70633 123.463 2.95
    endloop
  endfacet
  facet normal 0 0 1
    outer loop
      vertex 9.47923 123.802 2.95
      vertex 9.47923 119.998 2.95
      vertex 9.70633 120.338 2.95
    endloop
  endfacet
  facet normal 0 0 1
    outer loop
      vertex 9.20971 124.11 2.95
      vertex 9.47923 119.998 2.95
      vertex 9.47923 123.802 2.95
    endloop
  endfacet
  facet normal 0 0 1
    outer loop
      vertex 9.20971 124.11 2.95
      vertex 9.20971 119.69 2.95
      vertex 9.47923 119.998 2.95
    endloop
  endfacet
  facet normal 0 0 1
    outer loop
      vertex 8.90238 124.379 2.95
      vertex 9.20971 119.69 2.95
      vertex 9.20971 124.11 2.95
    endloop
  endfacet
  facet normal 0 0 1
    outer loop
      vertex 8.90238 124.379 2.95
      vertex 8.90238 119.421 2.95
      vertex 9.20971 119.69 2.95
    endloop
  endfacet
  facet normal 0 0 1
    outer loop
      vertex 8.5625 124.606 2.95
      vertex 8.90238 119.421 2.95
      vertex 8.90238 124.379 2.95
    endloop
  endfacet
  facet normal 0 0 1
    outer loop
      vertex 8.5625 124.606 2.95
      vertex 8.5625 119.194 2.95
      vertex 8.90238 119.421 2.95
    endloop
  endfacet
  facet normal 0 0 1
    outer loop
      vertex 8.19589 124.787 2.95
      vertex 8.5625 119.194 2.95
      vertex 8.5625 124.606 2.95
    endloop
  endfacet
  facet normal 0 0 1
    outer loop
      vertex 8.19589 124.787 2.95
      vertex 8.19589 119.013 2.95
      vertex 8.5625 119.194 2.95
    endloop
  endfacet
  facet normal 0 0 1
    outer loop
      vertex 7.80881 124.919 2.95
      vertex 8.19589 119.013 2.95
      vertex 8.19589 124.787 2.95
    endloop
  endfacet
  facet normal 0 0 1
    outer loop
      vertex 7.80881 124.919 2.95
      vertex 7.80881 118.881 2.95
      vertex 8.19589 119.013 2.95
    endloop
  endfacet
  facet normal 0 0 1
    outer loop
      vertex 7.40789 124.998 2.95
      vertex 7.80881 118.881 2.95
      vertex 7.80881 124.919 2.95
    endloop
  endfacet
  facet normal 0 0 1
    outer loop
      vertex 7.40789 124.998 2.95
      vertex 7.40789 118.802 2.95
      vertex 7.80881 118.881 2.95
    endloop
  endfacet
  facet normal 0 0 1
    outer loop
      vertex 7 125.025 2.95
      vertex 7.40789 118.802 2.95
      vertex 7.40789 124.998 2.95
    endloop
  endfacet
  facet normal 0 0 1
    outer loop
      vertex 7 125.025 2.95
      vertex 7 118.775 2.95
      vertex 7.40789 118.802 2.95
    endloop
  endfacet
  facet normal -0 0 1
    outer loop
      vertex 6.5921 124.998 2.95
      vertex 7 118.775 2.95
      vertex 7 125.025 2.95
    endloop
  endfacet
  facet normal 0 0 1
    outer loop
      vertex 6.5921 124.998 2.95
      vertex 6.5921 118.802 2.95
      vertex 7 118.775 2.95
    endloop
  endfacet
  facet normal -0 0 1
    outer loop
      vertex 6.19119 124.919 2.95
      vertex 6.5921 118.802 2.95
      vertex 6.5921 124.998 2.95
    endloop
  endfacet
  facet normal 0 0 1
    outer loop
      vertex 6.19119 124.919 2.95
      vertex 6.19119 118.881 2.95
      vertex 6.5921 118.802 2.95
    endloop
  endfacet
  facet normal -0 0 1
    outer loop
      vertex 5.80411 124.787 2.95
      vertex 6.19119 118.881 2.95
      vertex 6.19119 124.919 2.95
    endloop
  endfacet
  facet normal 0 0 1
    outer loop
      vertex 5.80411 124.787 2.95
      vertex 5.80411 119.013 2.95
      vertex 6.19119 118.881 2.95
    endloop
  endfacet
  facet normal -0 0 1
    outer loop
      vertex 5.4375 124.606 2.95
      vertex 5.80411 119.013 2.95
      vertex 5.80411 124.787 2.95
    endloop
  endfacet
  facet normal 0 0 1
    outer loop
      vertex 5.4375 124.606 2.95
      vertex 5.4375 119.194 2.95
      vertex 5.80411 119.013 2.95
    endloop
  endfacet
  facet normal -0 0 1
    outer loop
      vertex 5.09762 124.379 2.95
      vertex 5.4375 119.194 2.95
      vertex 5.4375 124.606 2.95
    endloop
  endfacet
  facet normal 0 0 1
    outer loop
      vertex 5.09762 124.379 2.95
      vertex 5.09762 119.421 2.95
      vertex 5.4375 119.194 2.95
    endloop
  endfacet
  facet normal -0 0 1
    outer loop
      vertex 4.79029 124.11 2.95
      vertex 5.09762 119.421 2.95
      vertex 5.09762 124.379 2.95
    endloop
  endfacet
  facet normal 0 0 1
    outer loop
      vertex 4.79029 124.11 2.95
      vertex 4.79029 119.69 2.95
      vertex 5.09762 119.421 2.95
    endloop
  endfacet
  facet normal -0 0 1
    outer loop
      vertex 4.52077 123.802 2.95
      vertex 4.79029 119.69 2.95
      vertex 4.79029 124.11 2.95
    endloop
  endfacet
  facet normal 0 0 1
    outer loop
      vertex 4.52077 123.802 2.95
      vertex 4.52077 119.998 2.95
      vertex 4.79029 119.69 2.95
    endloop
  endfacet
  facet normal -0 0 1
    outer loop
      vertex 4.29367 123.463 2.95
      vertex 4.52077 119.998 2.95
      vertex 4.52077 123.802 2.95
    endloop
  endfacet
  facet normal 0 0 1
    outer loop
      vertex 4.29367 123.463 2.95
      vertex 4.29367 120.338 2.95
      vertex 4.52077 119.998 2.95
    endloop
  endfacet
  facet normal -0 0 1
    outer loop
      vertex 4.11288 123.096 2.95
      vertex 4.29367 120.338 2.95
      vertex 4.29367 123.463 2.95
    endloop
  endfacet
  facet normal 0 0 1
    outer loop
      vertex 4.11288 123.096 2.95
      vertex 4.11288 120.704 2.95
      vertex 4.29367 120.338 2.95
    endloop
  endfacet
  facet normal -0 0 1
    outer loop
      vertex 3.98148 122.709 2.95
      vertex 4.11288 120.704 2.95
      vertex 4.11288 123.096 2.95
    endloop
  endfacet
  facet normal 0 0 1
    outer loop
      vertex 3.98148 122.709 2.95
      vertex 3.98148 121.091 2.95
      vertex 4.11288 120.704 2.95
    endloop
  endfacet
  facet normal -0 0 1
    outer loop
      vertex 3.90173 122.308 2.95
      vertex 3.98148 121.091 2.95
      vertex 3.98148 122.709 2.95
    endloop
  endfacet
  facet normal 0 0 1
    outer loop
      vertex 3.90173 122.308 2.95
      vertex 3.90173 121.492 2.95
      vertex 3.98148 121.091 2.95
    endloop
  endfacet
  facet normal 0 -0 1
    outer loop
      vertex 3.90173 121.492 2.95
      vertex 3.90173 122.308 2.95
      vertex 3.875 121.9 2.95
    endloop
  endfacet
  facet normal 0.5554 0.831583 -0
    outer loop
      vertex 5.4375 119.194 2.95
      vertex 5.09762 119.421 5
      vertex 5.4375 119.194 5
    endloop
  endfacet
  facet normal 0.5554 0.831583 0
    outer loop
      vertex 5.09762 119.421 5
      vertex 5.4375 119.194 2.95
      vertex 5.09762 119.421 2.95
    endloop
  endfacet
  facet normal 0.658624 0.752472 -0
    outer loop
      vertex 5.09762 119.421 2.95
      vertex 4.79029 119.69 5
      vertex 5.09762 119.421 5
    endloop
  endfacet
  facet normal 0.658624 0.752472 0
    outer loop
      vertex 4.79029 119.69 5
      vertex 5.09762 119.421 2.95
      vertex 4.79029 119.69 2.95
    endloop
  endfacet
  facet normal 0.193334 0.981133 -0
    outer loop
      vertex 6.5921 118.802 2.95
      vertex 6.19119 118.881 5
      vertex 6.5921 118.802 5
    endloop
  endfacet
  facet normal 0.193334 0.981133 0
    outer loop
      vertex 6.19119 118.881 5
      vertex 6.5921 118.802 2.95
      vertex 6.19119 118.881 2.95
    endloop
  endfacet
  facet normal -0.830804 -0.556565 0
    outer loop
      vertex 9.70633 123.463 2.95
      vertex 9.47923 123.802 5
      vertex 9.47923 123.802 2.95
    endloop
  endfacet
  facet normal -0.830804 -0.556565 0
    outer loop
      vertex 9.47923 123.802 5
      vertex 9.70633 123.463 2.95
      vertex 9.70633 123.463 5
    endloop
  endfacet
  facet normal 0.5554 -0.831583 0
    outer loop
      vertex 5.09762 124.379 2.95
      vertex 5.4375 124.606 5
      vertex 5.09762 124.379 5
    endloop
  endfacet
  facet normal 0.5554 -0.831583 0
    outer loop
      vertex 5.4375 124.606 5
      vertex 5.09762 124.379 2.95
      vertex 5.4375 124.606 2.95
    endloop
  endfacet
  facet normal 0.830804 -0.556565 0
    outer loop
      vertex 4.29367 123.463 5
      vertex 4.52077 123.802 2.95
      vertex 4.52077 123.802 5
    endloop
  endfacet
  facet normal 0.830804 -0.556565 0
    outer loop
      vertex 4.52077 123.802 2.95
      vertex 4.29367 123.463 5
      vertex 4.29367 123.463 2.95
    endloop
  endfacet
  facet normal 0.752552 -0.658532 0
    outer loop
      vertex 4.52077 123.802 5
      vertex 4.79029 124.11 2.95
      vertex 4.79029 124.11 5
    endloop
  endfacet
  facet normal 0.752552 -0.658532 0
    outer loop
      vertex 4.79029 124.11 2.95
      vertex 4.52077 123.802 5
      vertex 4.52077 123.802 2.95
    endloop
  endfacet
  facet normal -0.5554 -0.831583 0
    outer loop
      vertex 8.5625 124.606 2.95
      vertex 8.90238 124.379 5
      vertex 8.5625 124.606 5
    endloop
  endfacet
  facet normal -0.5554 -0.831583 -0
    outer loop
      vertex 8.90238 124.379 5
      vertex 8.5625 124.606 2.95
      vertex 8.90238 124.379 2.95
    endloop
  endfacet
  facet normal 0.997861 -0.0653746 0
    outer loop
      vertex 3.875 121.9 5
      vertex 3.90173 122.308 2.95
      vertex 3.90173 122.308 5
    endloop
  endfacet
  facet normal 0.997861 -0.0653746 0
    outer loop
      vertex 3.90173 122.308 2.95
      vertex 3.875 121.9 5
      vertex 3.875 121.9 2.95
    endloop
  endfacet
  facet normal -0.997866 -0.0653015 0
    outer loop
      vertex 10.125 121.9 2.95
      vertex 10.0983 122.308 5
      vertex 10.0983 122.308 2.95
    endloop
  endfacet
  facet normal -0.997866 -0.0653015 0
    outer loop
      vertex 10.0983 122.308 5
      vertex 10.125 121.9 2.95
      vertex 10.125 121.9 5
    endloop
  endfacet
  facet normal -0.897061 -0.441906 0
    outer loop
      vertex 9.88712 123.096 2.95
      vertex 9.70633 123.463 5
      vertex 9.70633 123.463 2.95
    endloop
  endfacet
  facet normal -0.897061 -0.441906 0
    outer loop
      vertex 9.70633 123.463 5
      vertex 9.88712 123.096 2.95
      vertex 9.88712 123.096 5
    endloop
  endfacet
  facet normal 0.193334 -0.981133 0
    outer loop
      vertex 6.19119 124.919 2.95
      vertex 6.5921 124.998 5
      vertex 6.19119 124.919 5
    endloop
  endfacet
  facet normal 0.193334 -0.981133 0
    outer loop
      vertex 6.5921 124.998 5
      vertex 6.19119 124.919 2.95
      vertex 6.5921 124.998 2.95
    endloop
  endfacet
  facet normal 0.658624 -0.752472 0
    outer loop
      vertex 4.79029 124.11 2.95
      vertex 5.09762 124.379 5
      vertex 4.79029 124.11 5
    endloop
  endfacet
  facet normal 0.658624 -0.752472 0
    outer loop
      vertex 5.09762 124.379 5
      vertex 4.79029 124.11 2.95
      vertex 5.09762 124.379 2.95
    endloop
  endfacet
  facet normal 0.897061 -0.441906 0
    outer loop
      vertex 4.11288 123.096 5
      vertex 4.29367 123.463 2.95
      vertex 4.29367 123.463 5
    endloop
  endfacet
  facet normal 0.897061 -0.441906 0
    outer loop
      vertex 4.29367 123.463 2.95
      vertex 4.11288 123.096 5
      vertex 4.11288 123.096 2.95
    endloop
  endfacet
  facet normal 0.980792 -0.195058 0
    outer loop
      vertex 3.90173 122.308 5
      vertex 3.98148 122.709 2.95
      vertex 3.98148 122.709 5
    endloop
  endfacet
  facet normal 0.980792 -0.195058 0
    outer loop
      vertex 3.98148 122.709 2.95
      vertex 3.90173 122.308 5
      vertex 3.90173 122.308 2.95
    endloop
  endfacet
  facet normal -0.658624 -0.752472 0
    outer loop
      vertex 8.90238 124.379 2.95
      vertex 9.20971 124.11 5
      vertex 8.90238 124.379 5
    endloop
  endfacet
  facet normal -0.658624 -0.752472 -0
    outer loop
      vertex 9.20971 124.11 5
      vertex 8.90238 124.379 2.95
      vertex 9.20971 124.11 2.95
    endloop
  endfacet
  facet normal -0.442698 -0.896671 0
    outer loop
      vertex 8.19589 124.787 2.95
      vertex 8.5625 124.606 5
      vertex 8.19589 124.787 5
    endloop
  endfacet
  facet normal -0.442698 -0.896671 -0
    outer loop
      vertex 8.5625 124.606 5
      vertex 8.19589 124.787 2.95
      vertex 8.5625 124.606 2.95
    endloop
  endfacet
  facet normal -0.322764 -0.94648 0
    outer loop
      vertex 7.80881 124.919 2.95
      vertex 8.19589 124.787 5
      vertex 7.80881 124.919 5
    endloop
  endfacet
  facet normal -0.322764 -0.94648 -0
    outer loop
      vertex 8.19589 124.787 5
      vertex 7.80881 124.919 2.95
      vertex 8.19589 124.787 2.95
    endloop
  endfacet
  facet normal 0.442698 -0.896671 0
    outer loop
      vertex 5.4375 124.606 2.95
      vertex 5.80411 124.787 5
      vertex 5.4375 124.606 5
    endloop
  endfacet
  facet normal 0.442698 -0.896671 0
    outer loop
      vertex 5.80411 124.787 5
      vertex 5.4375 124.606 2.95
      vertex 5.80411 124.787 2.95
    endloop
  endfacet
  facet normal 0.946907 -0.321508 0
    outer loop
      vertex 3.98148 122.709 5
      vertex 4.11288 123.096 2.95
      vertex 4.11288 123.096 5
    endloop
  endfacet
  facet normal 0.946907 -0.321508 0
    outer loop
      vertex 4.11288 123.096 2.95
      vertex 3.98148 122.709 5
      vertex 3.98148 122.709 2.95
    endloop
  endfacet
  facet normal -0.752552 -0.658532 0
    outer loop
      vertex 9.47923 123.802 2.95
      vertex 9.20971 124.11 5
      vertex 9.20971 124.11 2.95
    endloop
  endfacet
  facet normal -0.752552 -0.658532 0
    outer loop
      vertex 9.20971 124.11 5
      vertex 9.47923 123.802 2.95
      vertex 9.47923 123.802 5
    endloop
  endfacet
  facet normal 0.0660482 -0.997816 0
    outer loop
      vertex 6.5921 124.998 2.95
      vertex 7 125.025 5
      vertex 6.5921 124.998 5
    endloop
  endfacet
  facet normal 0.0660482 -0.997816 0
    outer loop
      vertex 7 125.025 5
      vertex 6.5921 124.998 2.95
      vertex 7 125.025 2.95
    endloop
  endfacet
  facet normal 0.322764 -0.94648 0
    outer loop
      vertex 5.80411 124.787 2.95
      vertex 6.19119 124.919 5
      vertex 5.80411 124.787 5
    endloop
  endfacet
  facet normal 0.322764 -0.94648 0
    outer loop
      vertex 6.19119 124.919 5
      vertex 5.80411 124.787 2.95
      vertex 6.19119 124.919 2.95
    endloop
  endfacet
  facet normal -0.997866 0.0653015 0
    outer loop
      vertex 10.0983 165.942 2.95
      vertex 10.125 166.35 5
      vertex 10.125 166.35 2.95
    endloop
  endfacet
  facet normal -0.997866 0.0653015 0
    outer loop
      vertex 10.125 166.35 5
      vertex 10.0983 165.942 2.95
      vertex 10.0983 165.942 5
    endloop
  endfacet
  facet normal 0.0660482 0.997816 -0
    outer loop
      vertex 7 163.225 2.95
      vertex 6.5921 163.252 5
      vertex 7 163.225 5
    endloop
  endfacet
  facet normal 0.0660482 0.997816 0
    outer loop
      vertex 6.5921 163.252 5
      vertex 7 163.225 2.95
      vertex 6.5921 163.252 2.95
    endloop
  endfacet
  facet normal -0.658624 0.752472 0
    outer loop
      vertex 9.20971 164.14 2.95
      vertex 8.90238 163.871 5
      vertex 9.20971 164.14 5
    endloop
  endfacet
  facet normal -0.658624 0.752472 0
    outer loop
      vertex 8.90238 163.871 5
      vertex 9.20971 164.14 2.95
      vertex 8.90238 163.871 2.95
    endloop
  endfacet
  facet normal 0.752552 0.658532 0
    outer loop
      vertex 4.79029 164.14 5
      vertex 4.52077 164.448 2.95
      vertex 4.52077 164.448 5
    endloop
  endfacet
  facet normal 0.752552 0.658532 0
    outer loop
      vertex 4.52077 164.448 2.95
      vertex 4.79029 164.14 5
      vertex 4.79029 164.14 2.95
    endloop
  endfacet
  facet normal 0.442698 0.896671 -0
    outer loop
      vertex 5.80411 163.463 2.95
      vertex 5.4375 163.644 5
      vertex 5.80411 163.463 5
    endloop
  endfacet
  facet normal 0.442698 0.896671 0
    outer loop
      vertex 5.4375 163.644 5
      vertex 5.80411 163.463 2.95
      vertex 5.4375 163.644 2.95
    endloop
  endfacet
  facet normal -0.752552 -0.658532 0
    outer loop
      vertex 9.47923 168.252 2.95
      vertex 9.20971 168.56 5
      vertex 9.20971 168.56 2.95
    endloop
  endfacet
  facet normal -0.752552 -0.658532 0
    outer loop
      vertex 9.20971 168.56 5
      vertex 9.47923 168.252 2.95
      vertex 9.47923 168.252 5
    endloop
  endfacet
  facet normal -0.896582 0.442877 0
    outer loop
      vertex 9.70633 164.788 2.95
      vertex 9.88712 165.154 5
      vertex 9.88712 165.154 2.95
    endloop
  endfacet
  facet normal -0.896582 0.442877 0
    outer loop
      vertex 9.88712 165.154 5
      vertex 9.70633 164.788 2.95
      vertex 9.70633 164.788 5
    endloop
  endfacet
  facet normal -0.831561 0.555434 0
    outer loop
      vertex 9.47923 164.448 2.95
      vertex 9.70633 164.788 5
      vertex 9.70633 164.788 2.95
    endloop
  endfacet
  facet normal -0.831561 0.555434 0
    outer loop
      vertex 9.70633 164.788 5
      vertex 9.47923 164.448 2.95
      vertex 9.47923 164.448 5
    endloop
  endfacet
  facet normal -0.322764 0.94648 0
    outer loop
      vertex 8.19589 163.463 2.95
      vertex 7.80881 163.331 5
      vertex 8.19589 163.463 5
    endloop
  endfacet
  facet normal -0.322764 0.94648 0
    outer loop
      vertex 7.80881 163.331 5
      vertex 8.19589 163.463 2.95
      vertex 7.80881 163.331 2.95
    endloop
  endfacet
  facet normal -0.5554 0.831583 0
    outer loop
      vertex 8.90238 163.871 2.95
      vertex 8.5625 163.644 5
      vertex 8.90238 163.871 5
    endloop
  endfacet
  facet normal -0.5554 0.831583 0
    outer loop
      vertex 8.5625 163.644 5
      vertex 8.90238 163.871 2.95
      vertex 8.5625 163.644 2.95
    endloop
  endfacet
  facet normal 0.946907 0.321508 0
    outer loop
      vertex 4.11288 165.154 5
      vertex 3.98148 165.541 2.95
      vertex 3.98148 165.541 5
    endloop
  endfacet
  facet normal 0.946907 0.321508 0
    outer loop
      vertex 3.98148 165.541 2.95
      vertex 4.11288 165.154 5
      vertex 4.11288 165.154 2.95
    endloop
  endfacet
  facet normal 0.831561 0.555434 0
    outer loop
      vertex 4.52077 164.448 5
      vertex 4.29367 164.788 2.95
      vertex 4.29367 164.788 5
    endloop
  endfacet
  facet normal 0.831561 0.555434 0
    outer loop
      vertex 4.29367 164.788 2.95
      vertex 4.52077 164.448 5
      vertex 4.52077 164.448 2.95
    endloop
  endfacet
  facet normal 0.980792 0.195058 0
    outer loop
      vertex 3.98148 165.541 5
      vertex 3.90173 165.942 2.95
      vertex 3.90173 165.942 5
    endloop
  endfacet
  facet normal 0.980792 0.195058 0
    outer loop
      vertex 3.90173 165.942 2.95
      vertex 3.98148 165.541 5
      vertex 3.98148 165.541 2.95
    endloop
  endfacet
  facet normal 0.5554 0.831583 -0
    outer loop
      vertex 5.4375 163.644 2.95
      vertex 5.09762 163.871 5
      vertex 5.4375 163.644 5
    endloop
  endfacet
  facet normal 0.5554 0.831583 0
    outer loop
      vertex 5.09762 163.871 5
      vertex 5.4375 163.644 2.95
      vertex 5.09762 163.871 2.95
    endloop
  endfacet
  facet normal 0.193334 0.981133 -0
    outer loop
      vertex 6.5921 163.252 2.95
      vertex 6.19119 163.331 5
      vertex 6.5921 163.252 5
    endloop
  endfacet
  facet normal 0.193334 0.981133 0
    outer loop
      vertex 6.19119 163.331 5
      vertex 6.5921 163.252 2.95
      vertex 6.19119 163.331 2.95
    endloop
  endfacet
  facet normal 0.193334 -0.981133 0
    outer loop
      vertex 6.19119 169.369 2.95
      vertex 6.5921 169.448 5
      vertex 6.19119 169.369 5
    endloop
  endfacet
  facet normal 0.193334 -0.981133 0
    outer loop
      vertex 6.5921 169.448 5
      vertex 6.19119 169.369 2.95
      vertex 6.5921 169.448 2.95
    endloop
  endfacet
  facet normal 0.830804 -0.556565 0
    outer loop
      vertex 4.29367 167.913 5
      vertex 4.52077 168.252 2.95
      vertex 4.52077 168.252 5
    endloop
  endfacet
  facet normal 0.830804 -0.556565 0
    outer loop
      vertex 4.52077 168.252 2.95
      vertex 4.29367 167.913 5
      vertex 4.29367 167.913 2.95
    endloop
  endfacet
  facet normal -0.946922 0.321464 0
    outer loop
      vertex 9.88712 165.154 2.95
      vertex 10.0185 165.541 5
      vertex 10.0185 165.541 2.95
    endloop
  endfacet
  facet normal -0.946922 0.321464 0
    outer loop
      vertex 10.0185 165.541 5
      vertex 9.88712 165.154 2.95
      vertex 9.88712 165.154 5
    endloop
  endfacet
  facet normal -0.980768 0.195175 0
    outer loop
      vertex 10.0185 165.541 2.95
      vertex 10.0983 165.942 5
      vertex 10.0983 165.942 2.95
    endloop
  endfacet
  facet normal -0.980768 0.195175 0
    outer loop
      vertex 10.0983 165.942 5
      vertex 10.0185 165.541 2.95
      vertex 10.0185 165.541 5
    endloop
  endfacet
  facet normal -0.752552 0.658532 0
    outer loop
      vertex 9.20971 164.14 2.95
      vertex 9.47923 164.448 5
      vertex 9.47923 164.448 2.95
    endloop
  endfacet
  facet normal -0.752552 0.658532 0
    outer loop
      vertex 9.47923 164.448 5
      vertex 9.20971 164.14 2.95
      vertex 9.20971 164.14 5
    endloop
  endfacet
  facet normal -0.193329 0.981134 0
    outer loop
      vertex 7.80881 163.331 2.95
      vertex 7.40789 163.252 5
      vertex 7.80881 163.331 5
    endloop
  endfacet
  facet normal -0.193329 0.981134 0
    outer loop
      vertex 7.40789 163.252 5
      vertex 7.80881 163.331 2.95
      vertex 7.40789 163.252 2.95
    endloop
  endfacet
  facet normal -0.0660498 0.997816 0
    outer loop
      vertex 7.40789 163.252 2.95
      vertex 7 163.225 5
      vertex 7.40789 163.252 5
    endloop
  endfacet
  facet normal -0.0660498 0.997816 0
    outer loop
      vertex 7 163.225 5
      vertex 7.40789 163.252 2.95
      vertex 7 163.225 2.95
    endloop
  endfacet
  facet normal -0.442698 0.896671 0
    outer loop
      vertex 8.5625 163.644 2.95
      vertex 8.19589 163.463 5
      vertex 8.5625 163.644 5
    endloop
  endfacet
  facet normal -0.442698 0.896671 0
    outer loop
      vertex 8.19589 163.463 5
      vertex 8.5625 163.644 2.95
      vertex 8.19589 163.463 2.95
    endloop
  endfacet
  facet normal 0.896582 0.442877 0
    outer loop
      vertex 4.29367 164.788 5
      vertex 4.11288 165.154 2.95
      vertex 4.11288 165.154 5
    endloop
  endfacet
  facet normal 0.896582 0.442877 0
    outer loop
      vertex 4.11288 165.154 2.95
      vertex 4.29367 164.788 5
      vertex 4.29367 164.788 2.95
    endloop
  endfacet
  facet normal 0.997861 0.0653746 0
    outer loop
      vertex 3.90173 165.942 5
      vertex 3.875 166.35 2.95
      vertex 3.875 166.35 5
    endloop
  endfacet
  facet normal 0.997861 0.0653746 0
    outer loop
      vertex 3.875 166.35 2.95
      vertex 3.90173 165.942 5
      vertex 3.90173 165.942 2.95
    endloop
  endfacet
  facet normal 0 0 1
    outer loop
      vertex 10.0983 166.758 2.95
      vertex 10.0983 165.942 2.95
      vertex 10.125 166.35 2.95
    endloop
  endfacet
  facet normal 0 0 1
    outer loop
      vertex 10.0185 167.159 2.95
      vertex 10.0983 165.942 2.95
      vertex 10.0983 166.758 2.95
    endloop
  endfacet
  facet normal 0 0 1
    outer loop
      vertex 10.0185 167.159 2.95
      vertex 10.0185 165.541 2.95
      vertex 10.0983 165.942 2.95
    endloop
  endfacet
  facet normal 0 0 1
    outer loop
      vertex 9.88712 167.546 2.95
      vertex 10.0185 165.541 2.95
      vertex 10.0185 167.159 2.95
    endloop
  endfacet
  facet normal 0 0 1
    outer loop
      vertex 9.88712 167.546 2.95
      vertex 9.88712 165.154 2.95
      vertex 10.0185 165.541 2.95
    endloop
  endfacet
  facet normal 0 0 1
    outer loop
      vertex 9.70633 167.913 2.95
      vertex 9.88712 165.154 2.95
      vertex 9.88712 167.546 2.95
    endloop
  endfacet
  facet normal 0 0 1
    outer loop
      vertex 9.70633 167.913 2.95
      vertex 9.70633 164.788 2.95
      vertex 9.88712 165.154 2.95
    endloop
  endfacet
  facet normal 0 0 1
    outer loop
      vertex 9.47923 168.252 2.95
      vertex 9.70633 164.788 2.95
      vertex 9.70633 167.913 2.95
    endloop
  endfacet
  facet normal 0 0 1
    outer loop
      vertex 9.47923 168.252 2.95
      vertex 9.47923 164.448 2.95
      vertex 9.70633 164.788 2.95
    endloop
  endfacet
  facet normal 0 0 1
    outer loop
      vertex 9.20971 168.56 2.95
      vertex 9.47923 164.448 2.95
      vertex 9.47923 168.252 2.95
    endloop
  endfacet
  facet normal 0 0 1
    outer loop
      vertex 9.20971 168.56 2.95
      vertex 9.20971 164.14 2.95
      vertex 9.47923 164.448 2.95
    endloop
  endfacet
  facet normal 0 0 1
    outer loop
      vertex 8.90238 168.829 2.95
      vertex 9.20971 164.14 2.95
      vertex 9.20971 168.56 2.95
    endloop
  endfacet
  facet normal 0 0 1
    outer loop
      vertex 8.90238 168.829 2.95
      vertex 8.90238 163.871 2.95
      vertex 9.20971 164.14 2.95
    endloop
  endfacet
  facet normal 0 0 1
    outer loop
      vertex 8.5625 169.056 2.95
      vertex 8.90238 163.871 2.95
      vertex 8.90238 168.829 2.95
    endloop
  endfacet
  facet normal 0 0 1
    outer loop
      vertex 8.5625 169.056 2.95
      vertex 8.5625 163.644 2.95
      vertex 8.90238 163.871 2.95
    endloop
  endfacet
  facet normal 0 0 1
    outer loop
      vertex 8.19589 169.237 2.95
      vertex 8.5625 163.644 2.95
      vertex 8.5625 169.056 2.95
    endloop
  endfacet
  facet normal 0 0 1
    outer loop
      vertex 8.19589 169.237 2.95
      vertex 8.19589 163.463 2.95
      vertex 8.5625 163.644 2.95
    endloop
  endfacet
  facet normal 0 0 1
    outer loop
      vertex 7.80881 169.369 2.95
      vertex 8.19589 163.463 2.95
      vertex 8.19589 169.237 2.95
    endloop
  endfacet
  facet normal 0 0 1
    outer loop
      vertex 7.80881 169.369 2.95
      vertex 7.80881 163.331 2.95
      vertex 8.19589 163.463 2.95
    endloop
  endfacet
  facet normal 0 0 1
    outer loop
      vertex 7.40789 169.448 2.95
      vertex 7.80881 163.331 2.95
      vertex 7.80881 169.369 2.95
    endloop
  endfacet
  facet normal 0 0 1
    outer loop
      vertex 7.40789 169.448 2.95
      vertex 7.40789 163.252 2.95
      vertex 7.80881 163.331 2.95
    endloop
  endfacet
  facet normal 0 0 1
    outer loop
      vertex 7 169.475 2.95
      vertex 7.40789 163.252 2.95
      vertex 7.40789 169.448 2.95
    endloop
  endfacet
  facet normal 0 0 1
    outer loop
      vertex 7 169.475 2.95
      vertex 7 163.225 2.95
      vertex 7.40789 163.252 2.95
    endloop
  endfacet
  facet normal -0 0 1
    outer loop
      vertex 6.5921 169.448 2.95
      vertex 7 163.225 2.95
      vertex 7 169.475 2.95
    endloop
  endfacet
  facet normal 0 0 1
    outer loop
      vertex 6.5921 169.448 2.95
      vertex 6.5921 163.252 2.95
      vertex 7 163.225 2.95
    endloop
  endfacet
  facet normal -0 0 1
    outer loop
      vertex 6.19119 169.369 2.95
      vertex 6.5921 163.252 2.95
      vertex 6.5921 169.448 2.95
    endloop
  endfacet
  facet normal 0 0 1
    outer loop
      vertex 6.19119 169.369 2.95
      vertex 6.19119 163.331 2.95
      vertex 6.5921 163.252 2.95
    endloop
  endfacet
  facet normal -0 0 1
    outer loop
      vertex 5.80411 169.237 2.95
      vertex 6.19119 163.331 2.95
      vertex 6.19119 169.369 2.95
    endloop
  endfacet
  facet normal 0 0 1
    outer loop
      vertex 5.80411 169.237 2.95
      vertex 5.80411 163.463 2.95
      vertex 6.19119 163.331 2.95
    endloop
  endfacet
  facet normal -0 0 1
    outer loop
      vertex 5.4375 169.056 2.95
      vertex 5.80411 163.463 2.95
      vertex 5.80411 169.237 2.95
    endloop
  endfacet
  facet normal 0 0 1
    outer loop
      vertex 5.4375 169.056 2.95
      vertex 5.4375 163.644 2.95
      vertex 5.80411 163.463 2.95
    endloop
  endfacet
  facet normal -0 0 1
    outer loop
      vertex 5.09762 168.829 2.95
      vertex 5.4375 163.644 2.95
      vertex 5.4375 169.056 2.95
    endloop
  endfacet
  facet normal 0 0 1
    outer loop
      vertex 5.09762 168.829 2.95
      vertex 5.09762 163.871 2.95
      vertex 5.4375 163.644 2.95
    endloop
  endfacet
  facet normal -0 0 1
    outer loop
      vertex 4.79029 168.56 2.95
      vertex 5.09762 163.871 2.95
      vertex 5.09762 168.829 2.95
    endloop
  endfacet
  facet normal 0 0 1
    outer loop
      vertex 4.79029 168.56 2.95
      vertex 4.79029 164.14 2.95
      vertex 5.09762 163.871 2.95
    endloop
  endfacet
  facet normal -0 0 1
    outer loop
      vertex 4.52077 168.252 2.95
      vertex 4.79029 164.14 2.95
      vertex 4.79029 168.56 2.95
    endloop
  endfacet
  facet normal 0 0 1
    outer loop
      vertex 4.52077 168.252 2.95
      vertex 4.52077 164.448 2.95
      vertex 4.79029 164.14 2.95
    endloop
  endfacet
  facet normal -0 0 1
    outer loop
      vertex 4.29367 167.913 2.95
      vertex 4.52077 164.448 2.95
      vertex 4.52077 168.252 2.95
    endloop
  endfacet
  facet normal 0 0 1
    outer loop
      vertex 4.29367 167.913 2.95
      vertex 4.29367 164.788 2.95
      vertex 4.52077 164.448 2.95
    endloop
  endfacet
  facet normal -0 0 1
    outer loop
      vertex 4.11288 167.546 2.95
      vertex 4.29367 164.788 2.95
      vertex 4.29367 167.913 2.95
    endloop
  endfacet
  facet normal 0 0 1
    outer loop
      vertex 4.11288 167.546 2.95
      vertex 4.11288 165.154 2.95
      vertex 4.29367 164.788 2.95
    endloop
  endfacet
  facet normal -0 0 1
    outer loop
      vertex 3.98148 167.159 2.95
      vertex 4.11288 165.154 2.95
      vertex 4.11288 167.546 2.95
    endloop
  endfacet
  facet normal 0 0 1
    outer loop
      vertex 3.98148 167.159 2.95
      vertex 3.98148 165.541 2.95
      vertex 4.11288 165.154 2.95
    endloop
  endfacet
  facet normal -0 0 1
    outer loop
      vertex 3.90173 166.758 2.95
      vertex 3.98148 165.541 2.95
      vertex 3.98148 167.159 2.95
    endloop
  endfacet
  facet normal 0 0 1
    outer loop
      vertex 3.90173 166.758 2.95
      vertex 3.90173 165.942 2.95
      vertex 3.98148 165.541 2.95
    endloop
  endfacet
  facet normal 0 -0 1
    outer loop
      vertex 3.90173 165.942 2.95
      vertex 3.90173 166.758 2.95
      vertex 3.875 166.35 2.95
    endloop
  endfacet
  facet normal 0.658624 0.752472 -0
    outer loop
      vertex 5.09762 163.871 2.95
      vertex 4.79029 164.14 5
      vertex 5.09762 163.871 5
    endloop
  endfacet
  facet normal 0.658624 0.752472 0
    outer loop
      vertex 4.79029 164.14 5
      vertex 5.09762 163.871 2.95
      vertex 4.79029 164.14 2.95
    endloop
  endfacet
  facet normal 0.322764 0.94648 -0
    outer loop
      vertex 6.19119 163.331 2.95
      vertex 5.80411 163.463 5
      vertex 6.19119 163.331 5
    endloop
  endfacet
  facet normal 0.322764 0.94648 0
    outer loop
      vertex 5.80411 163.463 5
      vertex 6.19119 163.331 2.95
      vertex 5.80411 163.463 2.95
    endloop
  endfacet
  facet normal -0.193329 -0.981134 0
    outer loop
      vertex 7.40789 169.448 2.95
      vertex 7.80881 169.369 5
      vertex 7.40789 169.448 5
    endloop
  endfacet
  facet normal -0.193329 -0.981134 -0
    outer loop
      vertex 7.80881 169.369 5
      vertex 7.40789 169.448 2.95
      vertex 7.80881 169.369 2.95
    endloop
  endfacet
  facet normal -0.442698 -0.896671 0
    outer loop
      vertex 8.19589 169.237 2.95
      vertex 8.5625 169.056 5
      vertex 8.19589 169.237 5
    endloop
  endfacet
  facet normal -0.442698 -0.896671 -0
    outer loop
      vertex 8.5625 169.056 5
      vertex 8.19589 169.237 2.95
      vertex 8.5625 169.056 2.95
    endloop
  endfacet
  facet normal -0.5554 -0.831583 0
    outer loop
      vertex 8.5625 169.056 2.95
      vertex 8.90238 168.829 5
      vertex 8.5625 169.056 5
    endloop
  endfacet
  facet normal -0.5554 -0.831583 -0
    outer loop
      vertex 8.90238 168.829 5
      vertex 8.5625 169.056 2.95
      vertex 8.90238 168.829 2.95
    endloop
  endfacet
  facet normal -0.830804 -0.556565 0
    outer loop
      vertex 9.70633 167.913 2.95
      vertex 9.47923 168.252 5
      vertex 9.47923 168.252 2.95
    endloop
  endfacet
  facet normal -0.830804 -0.556565 0
    outer loop
      vertex 9.47923 168.252 5
      vertex 9.70633 167.913 2.95
      vertex 9.70633 167.913 5
    endloop
  endfacet
  facet normal -0.980768 -0.195175 0
    outer loop
      vertex 10.0983 166.758 2.95
      vertex 10.0185 167.159 5
      vertex 10.0185 167.159 2.95
    endloop
  endfacet
  facet normal -0.980768 -0.195175 0
    outer loop
      vertex 10.0185 167.159 5
      vertex 10.0983 166.758 2.95
      vertex 10.0983 166.758 5
    endloop
  endfacet
  facet normal 0.5554 -0.831583 0
    outer loop
      vertex 5.09762 168.829 2.95
      vertex 5.4375 169.056 5
      vertex 5.09762 168.829 5
    endloop
  endfacet
  facet normal 0.5554 -0.831583 0
    outer loop
      vertex 5.4375 169.056 5
      vertex 5.09762 168.829 2.95
      vertex 5.4375 169.056 2.95
    endloop
  endfacet
  facet normal 0.322764 -0.94648 0
    outer loop
      vertex 5.80411 169.237 2.95
      vertex 6.19119 169.369 5
      vertex 5.80411 169.237 5
    endloop
  endfacet
  facet normal 0.322764 -0.94648 0
    outer loop
      vertex 6.19119 169.369 5
      vertex 5.80411 169.237 2.95
      vertex 6.19119 169.369 2.95
    endloop
  endfacet
  facet normal 0.0660482 -0.997816 0
    outer loop
      vertex 6.5921 169.448 2.95
      vertex 7 169.475 5
      vertex 6.5921 169.448 5
    endloop
  endfacet
  facet normal 0.0660482 -0.997816 0
    outer loop
      vertex 7 169.475 5
      vertex 6.5921 169.448 2.95
      vertex 7 169.475 2.95
    endloop
  endfacet
  facet normal 0.752552 -0.658532 0
    outer loop
      vertex 4.52077 168.252 5
      vertex 4.79029 168.56 2.95
      vertex 4.79029 168.56 5
    endloop
  endfacet
  facet normal 0.752552 -0.658532 0
    outer loop
      vertex 4.79029 168.56 2.95
      vertex 4.52077 168.252 5
      vertex 4.52077 168.252 2.95
    endloop
  endfacet
  facet normal 0.897061 -0.441906 0
    outer loop
      vertex 4.11288 167.546 5
      vertex 4.29367 167.913 2.95
      vertex 4.29367 167.913 5
    endloop
  endfacet
  facet normal 0.897061 -0.441906 0
    outer loop
      vertex 4.29367 167.913 2.95
      vertex 4.11288 167.546 5
      vertex 4.11288 167.546 2.95
    endloop
  endfacet
  facet normal 0.980792 -0.195058 0
    outer loop
      vertex 3.90173 166.758 5
      vertex 3.98148 167.159 2.95
      vertex 3.98148 167.159 5
    endloop
  endfacet
  facet normal 0.980792 -0.195058 0
    outer loop
      vertex 3.98148 167.159 2.95
      vertex 3.90173 166.758 5
      vertex 3.90173 166.758 2.95
    endloop
  endfacet
  facet normal 0.997861 -0.0653746 0
    outer loop
      vertex 3.875 166.35 5
      vertex 3.90173 166.758 2.95
      vertex 3.90173 166.758 5
    endloop
  endfacet
  facet normal 0.997861 -0.0653746 0
    outer loop
      vertex 3.90173 166.758 2.95
      vertex 3.875 166.35 5
      vertex 3.875 166.35 2.95
    endloop
  endfacet
  facet normal -0.322764 -0.94648 0
    outer loop
      vertex 7.80881 169.369 2.95
      vertex 8.19589 169.237 5
      vertex 7.80881 169.369 5
    endloop
  endfacet
  facet normal -0.322764 -0.94648 -0
    outer loop
      vertex 8.19589 169.237 5
      vertex 7.80881 169.369 2.95
      vertex 8.19589 169.237 2.95
    endloop
  endfacet
  facet normal -0.658624 -0.752472 0
    outer loop
      vertex 8.90238 168.829 2.95
      vertex 9.20971 168.56 5
      vertex 8.90238 168.829 5
    endloop
  endfacet
  facet normal -0.658624 -0.752472 -0
    outer loop
      vertex 9.20971 168.56 5
      vertex 8.90238 168.829 2.95
      vertex 9.20971 168.56 2.95
    endloop
  endfacet
  facet normal -0.897061 -0.441906 0
    outer loop
      vertex 9.88712 167.546 2.95
      vertex 9.70633 167.913 5
      vertex 9.70633 167.913 2.95
    endloop
  endfacet
  facet normal -0.897061 -0.441906 0
    outer loop
      vertex 9.70633 167.913 5
      vertex 9.88712 167.546 2.95
      vertex 9.88712 167.546 5
    endloop
  endfacet
  facet normal -0.997866 -0.0653015 0
    outer loop
      vertex 10.125 166.35 2.95
      vertex 10.0983 166.758 5
      vertex 10.0983 166.758 2.95
    endloop
  endfacet
  facet normal -0.997866 -0.0653015 0
    outer loop
      vertex 10.0983 166.758 5
      vertex 10.125 166.35 2.95
      vertex 10.125 166.35 5
    endloop
  endfacet
  facet normal 0.442698 -0.896671 0
    outer loop
      vertex 5.4375 169.056 2.95
      vertex 5.80411 169.237 5
      vertex 5.4375 169.056 5
    endloop
  endfacet
  facet normal 0.442698 -0.896671 0
    outer loop
      vertex 5.80411 169.237 5
      vertex 5.4375 169.056 2.95
      vertex 5.80411 169.237 2.95
    endloop
  endfacet
  facet normal -0.0660498 -0.997816 0
    outer loop
      vertex 7 169.475 2.95
      vertex 7.40789 169.448 5
      vertex 7 169.475 5
    endloop
  endfacet
  facet normal -0.0660498 -0.997816 -0
    outer loop
      vertex 7.40789 169.448 5
      vertex 7 169.475 2.95
      vertex 7.40789 169.448 2.95
    endloop
  endfacet
  facet normal 0.658624 -0.752472 0
    outer loop
      vertex 4.79029 168.56 2.95
      vertex 5.09762 168.829 5
      vertex 4.79029 168.56 5
    endloop
  endfacet
  facet normal 0.658624 -0.752472 0
    outer loop
      vertex 5.09762 168.829 5
      vertex 4.79029 168.56 2.95
      vertex 5.09762 168.829 2.95
    endloop
  endfacet
  facet normal 0.946907 -0.321508 0
    outer loop
      vertex 3.98148 167.159 5
      vertex 4.11288 167.546 2.95
      vertex 4.11288 167.546 5
    endloop
  endfacet
  facet normal 0.946907 -0.321508 0
    outer loop
      vertex 4.11288 167.546 2.95
      vertex 3.98148 167.159 5
      vertex 3.98148 167.159 2.95
    endloop
  endfacet
  facet normal -0.946922 -0.321464 0
    outer loop
      vertex 10.0185 167.159 2.95
      vertex 9.88712 167.546 5
      vertex 9.88712 167.546 2.95
    endloop
  endfacet
  facet normal -0.946922 -0.321464 0
    outer loop
      vertex 9.88712 167.546 5
      vertex 10.0185 167.159 2.95
      vertex 10.0185 167.159 5
    endloop
  endfacet
endsolid OpenSCAD_Model
