solid OpenSCAD_Model
  facet normal -0.866024 -0.500003 0
    outer loop
      vertex 17.25 11.8 0
      vertex 14.55 16.4765 1.8
      vertex 14.55 16.4765 0
    endloop
  endfacet
  facet normal -0.866024 -0.500003 0
    outer loop
      vertex 14.55 16.4765 1.8
      vertex 17.25 11.8 0
      vertex 17.25 11.8 1.8
    endloop
  endfacet
  facet normal 0.866024 -0.500003 0
    outer loop
      vertex 6.45 11.8 1.8
      vertex 9.15 16.4765 0
      vertex 9.15 16.4765 1.8
    endloop
  endfacet
  facet normal 0.866024 -0.500003 0
    outer loop
      vertex 9.15 16.4765 0
      vertex 6.45 11.8 1.8
      vertex 6.45 11.8 0
    endloop
  endfacet
  facet normal 0 -1 0
    outer loop
      vertex 9.15 16.4765 0
      vertex 14.55 16.4765 1.8
      vertex 9.15 16.4765 1.8
    endloop
  endfacet
  facet normal 0 -1 -0
    outer loop
      vertex 14.55 16.4765 1.8
      vertex 9.15 16.4765 0
      vertex 14.55 16.4765 0
    endloop
  endfacet
  facet normal 0 1 -0
    outer loop
      vertex 14.55 7.12346 0
      vertex 9.15 7.12346 1.8
      vertex 14.55 7.12346 1.8
    endloop
  endfacet
  facet normal 0 1 0
    outer loop
      vertex 9.15 7.12346 1.8
      vertex 14.55 7.12346 0
      vertex 9.15 7.12346 0
    endloop
  endfacet
  facet normal 0.866026 0.5 0
    outer loop
      vertex 9.15 7.12346 1.8
      vertex 6.45 11.8 0
      vertex 6.45 11.8 1.8
    endloop
  endfacet
  facet normal 0.866026 0.5 0
    outer loop
      vertex 6.45 11.8 0
      vertex 9.15 7.12346 1.8
      vertex 9.15 7.12346 0
    endloop
  endfacet
  facet normal -0.866026 0.5 0
    outer loop
      vertex 14.55 7.12346 0
      vertex 17.25 11.8 1.8
      vertex 17.25 11.8 0
    endloop
  endfacet
  facet normal -0.866026 0.5 0
    outer loop
      vertex 17.25 11.8 1.8
      vertex 14.55 7.12346 0
      vertex 14.55 7.12346 1.8
    endloop
  endfacet
  facet normal -0.866025 0.500001 0
    outer loop
      vertex 14.55 20.9799 0
      vertex 16.5246 24.4 1.8
      vertex 16.5246 24.4 0
    endloop
  endfacet
  facet normal -0.866025 0.500001 0
    outer loop
      vertex 16.5246 24.4 1.8
      vertex 14.55 20.9799 0
      vertex 14.55 20.9799 1.8
    endloop
  endfacet
  facet normal 0 1 -0
    outer loop
      vertex 14.55 20.9799 0
      vertex 9.15 20.9799 1.8
      vertex 14.55 20.9799 1.8
    endloop
  endfacet
  facet normal 0 1 0
    outer loop
      vertex 9.15 20.9799 1.8
      vertex 14.55 20.9799 0
      vertex 9.15 20.9799 0
    endloop
  endfacet
  facet normal 0.866024 0.500003 0
    outer loop
      vertex 9.15 20.9799 1.8
      vertex 7.17539 24.4 0
      vertex 7.17539 24.4 1.8
    endloop
  endfacet
  facet normal 0.866024 0.500003 0
    outer loop
      vertex 7.17539 24.4 0
      vertex 9.15 20.9799 1.8
      vertex 9.15 20.9799 0
    endloop
  endfacet
  facet normal -0.866028 -0.499995 0
    outer loop
      vertex 17.25 39.5128 0
      vertex 14.55 44.1894 1.8
      vertex 14.55 44.1894 0
    endloop
  endfacet
  facet normal -0.866028 -0.499995 0
    outer loop
      vertex 14.55 44.1894 1.8
      vertex 17.25 39.5128 0
      vertex 17.25 39.5128 1.8
    endloop
  endfacet
  facet normal 0.866028 -0.499995 0
    outer loop
      vertex 6.45 39.5128 1.8
      vertex 9.15 44.1894 0
      vertex 9.15 44.1894 1.8
    endloop
  endfacet
  facet normal 0.866028 -0.499995 0
    outer loop
      vertex 9.15 44.1894 0
      vertex 6.45 39.5128 1.8
      vertex 6.45 39.5128 0
    endloop
  endfacet
  facet normal 0 -1 0
    outer loop
      vertex 9.15 44.1894 0
      vertex 14.55 44.1894 1.8
      vertex 9.15 44.1894 1.8
    endloop
  endfacet
  facet normal 0 -1 -0
    outer loop
      vertex 14.55 44.1894 1.8
      vertex 9.15 44.1894 0
      vertex 14.55 44.1894 0
    endloop
  endfacet
  facet normal -0.866024 0.500003 0
    outer loop
      vertex 14.55 34.8363 0
      vertex 17.25 39.5128 1.8
      vertex 17.25 39.5128 0
    endloop
  endfacet
  facet normal -0.866024 0.500003 0
    outer loop
      vertex 17.25 39.5128 1.8
      vertex 14.55 34.8363 0
      vertex 14.55 34.8363 1.8
    endloop
  endfacet
  facet normal 0 1 -0
    outer loop
      vertex 14.55 34.8363 0
      vertex 9.15 34.8363 1.8
      vertex 14.55 34.8363 1.8
    endloop
  endfacet
  facet normal 0 1 0
    outer loop
      vertex 9.15 34.8363 1.8
      vertex 14.55 34.8363 0
      vertex 9.15 34.8363 0
    endloop
  endfacet
  facet normal 0.866024 0.500003 0
    outer loop
      vertex 9.15 34.8363 1.8
      vertex 6.45 39.5128 0
      vertex 6.45 39.5128 1.8
    endloop
  endfacet
  facet normal 0.866024 0.500003 0
    outer loop
      vertex 6.45 39.5128 0
      vertex 9.15 34.8363 1.8
      vertex 9.15 34.8363 0
    endloop
  endfacet
  facet normal -0.866028 -0.499995 0
    outer loop
      vertex 17.25 53.3692 0
      vertex 14.55 58.0458 1.8
      vertex 14.55 58.0458 0
    endloop
  endfacet
  facet normal -0.866028 -0.499995 0
    outer loop
      vertex 14.55 58.0458 1.8
      vertex 17.25 53.3692 0
      vertex 17.25 53.3692 1.8
    endloop
  endfacet
  facet normal 0 1 -0
    outer loop
      vertex 14.55 48.6927 0
      vertex 9.15 48.6927 1.8
      vertex 14.55 48.6927 1.8
    endloop
  endfacet
  facet normal 0 1 0
    outer loop
      vertex 9.15 48.6927 1.8
      vertex 14.55 48.6927 0
      vertex 9.15 48.6927 0
    endloop
  endfacet
  facet normal 0.866028 -0.499995 0
    outer loop
      vertex 6.45 53.3692 1.8
      vertex 9.15 58.0458 0
      vertex 9.15 58.0458 1.8
    endloop
  endfacet
  facet normal 0.866028 -0.499995 0
    outer loop
      vertex 9.15 58.0458 0
      vertex 6.45 53.3692 1.8
      vertex 6.45 53.3692 0
    endloop
  endfacet
  facet normal 0 -1 0
    outer loop
      vertex 9.15 58.0458 0
      vertex 14.55 58.0458 1.8
      vertex 9.15 58.0458 1.8
    endloop
  endfacet
  facet normal 0 -1 -0
    outer loop
      vertex 14.55 58.0458 1.8
      vertex 9.15 58.0458 0
      vertex 14.55 58.0458 0
    endloop
  endfacet
  facet normal 0.866024 0.500003 0
    outer loop
      vertex 9.15 48.6927 1.8
      vertex 6.45 53.3692 0
      vertex 6.45 53.3692 1.8
    endloop
  endfacet
  facet normal 0.866024 0.500003 0
    outer loop
      vertex 6.45 53.3692 0
      vertex 9.15 48.6927 1.8
      vertex 9.15 48.6927 0
    endloop
  endfacet
  facet normal -0.866024 0.500003 0
    outer loop
      vertex 14.55 48.6927 0
      vertex 17.25 53.3692 1.8
      vertex 17.25 53.3692 0
    endloop
  endfacet
  facet normal -0.866024 0.500003 0
    outer loop
      vertex 17.25 53.3692 1.8
      vertex 14.55 48.6927 0
      vertex 14.55 48.6927 1.8
    endloop
  endfacet
  facet normal -0.866028 -0.499995 0
    outer loop
      vertex 17.25 67.2256 0
      vertex 14.55 71.9022 1.8
      vertex 14.55 71.9022 0
    endloop
  endfacet
  facet normal -0.866028 -0.499995 0
    outer loop
      vertex 14.55 71.9022 1.8
      vertex 17.25 67.2256 0
      vertex 17.25 67.2256 1.8
    endloop
  endfacet
  facet normal 0.866028 -0.499995 0
    outer loop
      vertex 6.45 67.2256 1.8
      vertex 9.15 71.9022 0
      vertex 9.15 71.9022 1.8
    endloop
  endfacet
  facet normal 0.866028 -0.499995 0
    outer loop
      vertex 9.15 71.9022 0
      vertex 6.45 67.2256 1.8
      vertex 6.45 67.2256 0
    endloop
  endfacet
  facet normal 0 -1 0
    outer loop
      vertex 9.15 71.9022 0
      vertex 14.55 71.9022 1.8
      vertex 9.15 71.9022 1.8
    endloop
  endfacet
  facet normal 0 -1 -0
    outer loop
      vertex 14.55 71.9022 1.8
      vertex 9.15 71.9022 0
      vertex 14.55 71.9022 0
    endloop
  endfacet
  facet normal -0.866024 0.500003 0
    outer loop
      vertex 14.55 62.5491 0
      vertex 17.25 67.2256 1.8
      vertex 17.25 67.2256 0
    endloop
  endfacet
  facet normal -0.866024 0.500003 0
    outer loop
      vertex 17.25 67.2256 1.8
      vertex 14.55 62.5491 0
      vertex 14.55 62.5491 1.8
    endloop
  endfacet
  facet normal 0 1 -0
    outer loop
      vertex 14.55 62.5491 0
      vertex 9.15 62.5491 1.8
      vertex 14.55 62.5491 1.8
    endloop
  endfacet
  facet normal 0 1 0
    outer loop
      vertex 9.15 62.5491 1.8
      vertex 14.55 62.5491 0
      vertex 9.15 62.5491 0
    endloop
  endfacet
  facet normal 0.866024 0.500003 0
    outer loop
      vertex 9.15 62.5491 1.8
      vertex 6.45 67.2256 0
      vertex 6.45 67.2256 1.8
    endloop
  endfacet
  facet normal 0.866024 0.500003 0
    outer loop
      vertex 6.45 67.2256 0
      vertex 9.15 62.5491 1.8
      vertex 9.15 62.5491 0
    endloop
  endfacet
  facet normal -0.866039 -0.499977 0
    outer loop
      vertex 17.25 81.082 0
      vertex 16.4891 82.4 1.8
      vertex 16.4891 82.4 0
    endloop
  endfacet
  facet normal -0.866039 -0.499977 0
    outer loop
      vertex 16.4891 82.4 1.8
      vertex 17.25 81.082 0
      vertex 17.25 81.082 1.8
    endloop
  endfacet
  facet normal 0.86603 -0.499991 0
    outer loop
      vertex 6.45 81.082 1.8
      vertex 7.21093 82.4 0
      vertex 7.21093 82.4 1.8
    endloop
  endfacet
  facet normal 0.86603 -0.499991 0
    outer loop
      vertex 7.21093 82.4 0
      vertex 6.45 81.082 1.8
      vertex 6.45 81.082 0
    endloop
  endfacet
  facet normal 0.866024 0.500003 0
    outer loop
      vertex 9.15 76.4055 1.8
      vertex 6.45 81.082 0
      vertex 6.45 81.082 1.8
    endloop
  endfacet
  facet normal 0.866024 0.500003 0
    outer loop
      vertex 6.45 81.082 0
      vertex 9.15 76.4055 1.8
      vertex 9.15 76.4055 0
    endloop
  endfacet
  facet normal 0 1 -0
    outer loop
      vertex 14.55 76.4055 0
      vertex 9.15 76.4055 1.8
      vertex 14.55 76.4055 1.8
    endloop
  endfacet
  facet normal 0 1 0
    outer loop
      vertex 9.15 76.4055 1.8
      vertex 14.55 76.4055 0
      vertex 9.15 76.4055 0
    endloop
  endfacet
  facet normal -0.866024 0.500003 0
    outer loop
      vertex 14.55 76.4055 0
      vertex 17.25 81.082 1.8
      vertex 17.25 81.082 0
    endloop
  endfacet
  facet normal -0.866024 0.500003 0
    outer loop
      vertex 17.25 81.082 1.8
      vertex 14.55 76.4055 0
      vertex 14.55 76.4055 1.8
    endloop
  endfacet
  facet normal -0.866028 -0.499995 0
    outer loop
      vertex 17.25 94.9384 0
      vertex 14.55 99.615 1.8
      vertex 14.55 99.615 0
    endloop
  endfacet
  facet normal -0.866028 -0.499995 0
    outer loop
      vertex 14.55 99.615 1.8
      vertex 17.25 94.9384 0
      vertex 17.25 94.9384 1.8
    endloop
  endfacet
  facet normal 0.866028 -0.499995 0
    outer loop
      vertex 6.45 94.9384 1.8
      vertex 9.15 99.615 0
      vertex 9.15 99.615 1.8
    endloop
  endfacet
  facet normal 0.866028 -0.499995 0
    outer loop
      vertex 9.15 99.615 0
      vertex 6.45 94.9384 1.8
      vertex 6.45 94.9384 0
    endloop
  endfacet
  facet normal 0 -1 0
    outer loop
      vertex 9.15 99.615 0
      vertex 14.55 99.615 1.8
      vertex 9.15 99.615 1.8
    endloop
  endfacet
  facet normal 0 -1 -0
    outer loop
      vertex 14.55 99.615 1.8
      vertex 9.15 99.615 0
      vertex 14.55 99.615 0
    endloop
  endfacet
  facet normal 0.866025 0.500001 -0
    outer loop
      vertex 8.87857 90.732 1.6
      vertex 6.45 94.9384 1.8
      vertex 8.87857 90.732 1.8
    endloop
  endfacet
  facet normal 0.866025 0.500001 0
    outer loop
      vertex 6.45 94.9384 1.8
      vertex 8.87857 90.732 1.6
      vertex 6.45 94.9384 0
    endloop
  endfacet
  facet normal 0.866003 0.500039 -0
    outer loop
      vertex 9.07027 90.4 0
      vertex 8.87857 90.732 1.6
      vertex 9.07027 90.4 1.6
    endloop
  endfacet
  facet normal 0.866023 0.500003 9.73666e-06
    outer loop
      vertex 8.87857 90.732 1.6
      vertex 9.07027 90.4 0
      vertex 6.45 94.9384 0
    endloop
  endfacet
  facet normal -0.866021 0.500008 0
    outer loop
      vertex 14.6297 90.4 0
      vertex 17.25 94.9384 1.8
      vertex 17.25 94.9384 0
    endloop
  endfacet
  facet normal -0.866021 0.500008 0
    outer loop
      vertex 17.25 94.9384 1.8
      vertex 14.6297 90.4 0
      vertex 14.6297 90.4 1.8
    endloop
  endfacet
  facet normal -0.866024 -0.500003 0
    outer loop
      vertex 29.25 18.7282 0
      vertex 26.55 23.4047 1.8
      vertex 26.55 23.4047 0
    endloop
  endfacet
  facet normal -0.866024 -0.500003 0
    outer loop
      vertex 26.55 23.4047 1.8
      vertex 29.25 18.7282 0
      vertex 29.25 18.7282 1.8
    endloop
  endfacet
  facet normal 0.866024 -0.500003 0
    outer loop
      vertex 18.45 18.7282 1.8
      vertex 21.15 23.4047 0
      vertex 21.15 23.4047 1.8
    endloop
  endfacet
  facet normal 0.866024 -0.500003 0
    outer loop
      vertex 21.15 23.4047 0
      vertex 18.45 18.7282 1.8
      vertex 18.45 18.7282 0
    endloop
  endfacet
  facet normal 0 -1 0
    outer loop
      vertex 21.15 23.4047 0
      vertex 26.55 23.4047 1.8
      vertex 21.15 23.4047 1.8
    endloop
  endfacet
  facet normal 0 -1 -0
    outer loop
      vertex 26.55 23.4047 1.8
      vertex 21.15 23.4047 0
      vertex 26.55 23.4047 0
    endloop
  endfacet
  facet normal 0.866024 0.500003 0
    outer loop
      vertex 21.15 14.0517 1.8
      vertex 18.45 18.7282 0
      vertex 18.45 18.7282 1.8
    endloop
  endfacet
  facet normal 0.866024 0.500003 0
    outer loop
      vertex 18.45 18.7282 0
      vertex 21.15 14.0517 1.8
      vertex 21.15 14.0517 0
    endloop
  endfacet
  facet normal -0.866024 0.500003 0
    outer loop
      vertex 26.55 14.0517 0
      vertex 29.25 18.7282 1.8
      vertex 29.25 18.7282 0
    endloop
  endfacet
  facet normal -0.866024 0.500003 0
    outer loop
      vertex 29.25 18.7282 1.8
      vertex 26.55 14.0517 0
      vertex 26.55 14.0517 1.8
    endloop
  endfacet
  facet normal 0 1 -0
    outer loop
      vertex 26.55 14.0517 0
      vertex 21.15 14.0517 1.8
      vertex 26.55 14.0517 1.8
    endloop
  endfacet
  facet normal 0 1 0
    outer loop
      vertex 21.15 14.0517 1.8
      vertex 26.55 14.0517 0
      vertex 21.15 14.0517 0
    endloop
  endfacet
  facet normal -0.866024 -0.500003 0
    outer loop
      vertex 29.25 32.5846 0
      vertex 26.55 37.2611 1.8
      vertex 26.55 37.2611 0
    endloop
  endfacet
  facet normal -0.866024 -0.500003 0
    outer loop
      vertex 26.55 37.2611 1.8
      vertex 29.25 32.5846 0
      vertex 29.25 32.5846 1.8
    endloop
  endfacet
  facet normal 0.866024 -0.500003 0
    outer loop
      vertex 18.45 32.5846 1.8
      vertex 21.15 37.2611 0
      vertex 21.15 37.2611 1.8
    endloop
  endfacet
  facet normal 0.866024 -0.500003 0
    outer loop
      vertex 21.15 37.2611 0
      vertex 18.45 32.5846 1.8
      vertex 18.45 32.5846 0
    endloop
  endfacet
  facet normal 0 -1 0
    outer loop
      vertex 21.15 37.2611 0
      vertex 26.55 37.2611 1.8
      vertex 21.15 37.2611 1.8
    endloop
  endfacet
  facet normal 0 -1 -0
    outer loop
      vertex 26.55 37.2611 1.8
      vertex 21.15 37.2611 0
      vertex 26.55 37.2611 0
    endloop
  endfacet
  facet normal 0.865982 0.500074 0
    outer loop
      vertex 18.5566 32.4 1.8
      vertex 18.45 32.5846 0
      vertex 18.45 32.5846 1.8
    endloop
  endfacet
  facet normal 0.865982 0.500074 0
    outer loop
      vertex 18.45 32.5846 0
      vertex 18.5566 32.4 1.8
      vertex 18.5566 32.4 0
    endloop
  endfacet
  facet normal -0.865982 0.500074 0
    outer loop
      vertex 29.1434 32.4 0
      vertex 29.25 32.5846 1.8
      vertex 29.25 32.5846 0
    endloop
  endfacet
  facet normal -0.865982 0.500074 0
    outer loop
      vertex 29.25 32.5846 1.8
      vertex 29.1434 32.4 0
      vertex 29.1434 32.4 1.8
    endloop
  endfacet
  facet normal -0.866028 -0.499995 0
    outer loop
      vertex 29.25 46.441 0
      vertex 26.55 51.1176 1.8
      vertex 26.55 51.1176 0
    endloop
  endfacet
  facet normal -0.866028 -0.499995 0
    outer loop
      vertex 26.55 51.1176 1.8
      vertex 29.25 46.441 0
      vertex 29.25 46.441 1.8
    endloop
  endfacet
  facet normal 0.866028 -0.499995 0
    outer loop
      vertex 18.45 46.441 1.8
      vertex 21.15 51.1176 0
      vertex 21.15 51.1176 1.8
    endloop
  endfacet
  facet normal 0.866028 -0.499995 0
    outer loop
      vertex 21.15 51.1176 0
      vertex 18.45 46.441 1.8
      vertex 18.45 46.441 0
    endloop
  endfacet
  facet normal 0 -1 0
    outer loop
      vertex 21.15 51.1176 0
      vertex 26.55 51.1176 1.8
      vertex 21.15 51.1176 1.8
    endloop
  endfacet
  facet normal 0 -1 -0
    outer loop
      vertex 26.55 51.1176 1.8
      vertex 21.15 51.1176 0
      vertex 26.55 51.1176 0
    endloop
  endfacet
  facet normal -0.866024 0.500003 0
    outer loop
      vertex 26.55 41.7645 0
      vertex 29.25 46.441 1.8
      vertex 29.25 46.441 0
    endloop
  endfacet
  facet normal -0.866024 0.500003 0
    outer loop
      vertex 29.25 46.441 1.8
      vertex 26.55 41.7645 0
      vertex 26.55 41.7645 1.8
    endloop
  endfacet
  facet normal 0 1 -0
    outer loop
      vertex 26.55 41.7645 0
      vertex 21.15 41.7645 1.8
      vertex 26.55 41.7645 1.8
    endloop
  endfacet
  facet normal 0 1 0
    outer loop
      vertex 21.15 41.7645 1.8
      vertex 26.55 41.7645 0
      vertex 21.15 41.7645 0
    endloop
  endfacet
  facet normal 0.866024 0.500003 0
    outer loop
      vertex 21.15 41.7645 1.8
      vertex 18.45 46.441 0
      vertex 18.45 46.441 1.8
    endloop
  endfacet
  facet normal 0.866024 0.500003 0
    outer loop
      vertex 18.45 46.441 0
      vertex 21.15 41.7645 1.8
      vertex 21.15 41.7645 0
    endloop
  endfacet
  facet normal -0.866028 -0.499995 0
    outer loop
      vertex 29.25 60.2974 0
      vertex 26.55 64.974 1.8
      vertex 26.55 64.974 0
    endloop
  endfacet
  facet normal -0.866028 -0.499995 0
    outer loop
      vertex 26.55 64.974 1.8
      vertex 29.25 60.2974 0
      vertex 29.25 60.2974 1.8
    endloop
  endfacet
  facet normal 0.866028 -0.499995 0
    outer loop
      vertex 18.45 60.2974 1.8
      vertex 21.15 64.974 0
      vertex 21.15 64.974 1.8
    endloop
  endfacet
  facet normal 0.866028 -0.499995 0
    outer loop
      vertex 21.15 64.974 0
      vertex 18.45 60.2974 1.8
      vertex 18.45 60.2974 0
    endloop
  endfacet
  facet normal 0 -1 0
    outer loop
      vertex 21.15 64.974 0
      vertex 26.55 64.974 1.8
      vertex 21.15 64.974 1.8
    endloop
  endfacet
  facet normal 0 -1 -0
    outer loop
      vertex 26.55 64.974 1.8
      vertex 21.15 64.974 0
      vertex 26.55 64.974 0
    endloop
  endfacet
  facet normal -0.866024 0.500003 0
    outer loop
      vertex 26.55 55.6209 0
      vertex 29.25 60.2974 1.8
      vertex 29.25 60.2974 0
    endloop
  endfacet
  facet normal -0.866024 0.500003 0
    outer loop
      vertex 29.25 60.2974 1.8
      vertex 26.55 55.6209 0
      vertex 26.55 55.6209 1.8
    endloop
  endfacet
  facet normal 0 1 -0
    outer loop
      vertex 26.55 55.6209 0
      vertex 21.15 55.6209 1.8
      vertex 26.55 55.6209 1.8
    endloop
  endfacet
  facet normal 0 1 0
    outer loop
      vertex 21.15 55.6209 1.8
      vertex 26.55 55.6209 0
      vertex 21.15 55.6209 0
    endloop
  endfacet
  facet normal 0.866024 0.500003 0
    outer loop
      vertex 21.15 55.6209 1.8
      vertex 18.45 60.2974 0
      vertex 18.45 60.2974 1.8
    endloop
  endfacet
  facet normal 0.866024 0.500003 0
    outer loop
      vertex 18.45 60.2974 0
      vertex 21.15 55.6209 1.8
      vertex 21.15 55.6209 0
    endloop
  endfacet
  facet normal -0.866028 -0.499995 0
    outer loop
      vertex 29.25 74.1538 0
      vertex 26.55 78.8304 1.8
      vertex 26.55 78.8304 0
    endloop
  endfacet
  facet normal -0.866028 -0.499995 0
    outer loop
      vertex 26.55 78.8304 1.8
      vertex 29.25 74.1538 0
      vertex 29.25 74.1538 1.8
    endloop
  endfacet
  facet normal 0.866028 -0.499995 0
    outer loop
      vertex 18.45 74.1538 1.8
      vertex 21.15 78.8304 0
      vertex 21.15 78.8304 1.8
    endloop
  endfacet
  facet normal 0.866028 -0.499995 0
    outer loop
      vertex 21.15 78.8304 0
      vertex 18.45 74.1538 1.8
      vertex 18.45 74.1538 0
    endloop
  endfacet
  facet normal 0 -1 0
    outer loop
      vertex 21.15 78.8304 0
      vertex 26.55 78.8304 1.8
      vertex 21.15 78.8304 1.8
    endloop
  endfacet
  facet normal 0 -1 -0
    outer loop
      vertex 26.55 78.8304 1.8
      vertex 21.15 78.8304 0
      vertex 26.55 78.8304 0
    endloop
  endfacet
  facet normal 0 1 -0
    outer loop
      vertex 26.55 69.4773 0
      vertex 21.15 69.4773 1.8
      vertex 26.55 69.4773 1.8
    endloop
  endfacet
  facet normal 0 1 0
    outer loop
      vertex 21.15 69.4773 1.8
      vertex 26.55 69.4773 0
      vertex 21.15 69.4773 0
    endloop
  endfacet
  facet normal 0.866024 0.500003 0
    outer loop
      vertex 21.15 69.4773 1.8
      vertex 18.45 74.1538 0
      vertex 18.45 74.1538 1.8
    endloop
  endfacet
  facet normal 0.866024 0.500003 0
    outer loop
      vertex 18.45 74.1538 0
      vertex 21.15 69.4773 1.8
      vertex 21.15 69.4773 0
    endloop
  endfacet
  facet normal -0.866024 0.500003 0
    outer loop
      vertex 26.55 69.4773 0
      vertex 29.25 74.1538 1.8
      vertex 29.25 74.1538 0
    endloop
  endfacet
  facet normal -0.866024 0.500003 0
    outer loop
      vertex 29.25 74.1538 1.8
      vertex 26.55 69.4773 0
      vertex 26.55 69.4773 1.8
    endloop
  endfacet
  facet normal -0.866023 -0.500004 0
    outer loop
      vertex 27.8703 90.4 0
      vertex 26.55 92.6868 1.8
      vertex 26.55 92.6868 0
    endloop
  endfacet
  facet normal -0.866023 -0.500004 0
    outer loop
      vertex 26.55 92.6868 1.8
      vertex 27.8703 90.4 0
      vertex 27.8703 90.4 1.8
    endloop
  endfacet
  facet normal 0.866023 -0.500004 0
    outer loop
      vertex 19.8297 90.4 1.8
      vertex 21.15 92.6868 0
      vertex 21.15 92.6868 1.8
    endloop
  endfacet
  facet normal 0.866023 -0.500004 0
    outer loop
      vertex 21.15 92.6868 0
      vertex 19.8297 90.4 1.8
      vertex 19.8297 90.4 0
    endloop
  endfacet
  facet normal 0 -1 0
    outer loop
      vertex 21.15 92.6868 0
      vertex 26.55 92.6868 1.8
      vertex 21.15 92.6868 1.8
    endloop
  endfacet
  facet normal 0 -1 -0
    outer loop
      vertex 26.55 92.6868 1.8
      vertex 21.15 92.6868 0
      vertex 26.55 92.6868 0
    endloop
  endfacet
  facet normal -0.866001 -0.500043 0
    outer loop
      vertex 29.25 101.867 0
      vertex 26.55 106.543 1.8
      vertex 26.55 106.543 0
    endloop
  endfacet
  facet normal -0.866001 -0.500043 0
    outer loop
      vertex 26.55 106.543 1.8
      vertex 29.25 101.867 0
      vertex 29.25 101.867 1.8
    endloop
  endfacet
  facet normal 0.866001 -0.500043 0
    outer loop
      vertex 18.45 101.867 1.8
      vertex 21.15 106.543 0
      vertex 21.15 106.543 1.8
    endloop
  endfacet
  facet normal 0.866001 -0.500043 0
    outer loop
      vertex 21.15 106.543 0
      vertex 18.45 101.867 1.8
      vertex 18.45 101.867 0
    endloop
  endfacet
  facet normal 0 -1 0
    outer loop
      vertex 21.15 106.543 0
      vertex 26.55 106.543 1.8
      vertex 21.15 106.543 1.8
    endloop
  endfacet
  facet normal 0 -1 -0
    outer loop
      vertex 26.55 106.543 1.8
      vertex 21.15 106.543 0
      vertex 26.55 106.543 0
    endloop
  endfacet
  facet normal 0.866042 0.499971 0
    outer loop
      vertex 21.15 97.1901 1.8
      vertex 18.45 101.867 0
      vertex 18.45 101.867 1.8
    endloop
  endfacet
  facet normal 0.866042 0.499971 0
    outer loop
      vertex 18.45 101.867 0
      vertex 21.15 97.1901 1.8
      vertex 21.15 97.1901 0
    endloop
  endfacet
  facet normal 0 1 -0
    outer loop
      vertex 26.55 97.1901 0
      vertex 21.15 97.1901 1.8
      vertex 26.55 97.1901 1.8
    endloop
  endfacet
  facet normal 0 1 0
    outer loop
      vertex 21.15 97.1901 1.8
      vertex 26.55 97.1901 0
      vertex 21.15 97.1901 0
    endloop
  endfacet
  facet normal -0.866042 0.499971 0
    outer loop
      vertex 26.55 97.1901 0
      vertex 29.25 101.867 1.8
      vertex 29.25 101.867 0
    endloop
  endfacet
  facet normal -0.866042 0.499971 0
    outer loop
      vertex 29.25 101.867 1.8
      vertex 26.55 97.1901 0
      vertex 26.55 97.1901 1.8
    endloop
  endfacet
  facet normal -0.866024 -0.500003 0
    outer loop
      vertex 41.25 11.8 0
      vertex 38.55 16.4765 1.8
      vertex 38.55 16.4765 0
    endloop
  endfacet
  facet normal -0.866024 -0.500003 0
    outer loop
      vertex 38.55 16.4765 1.8
      vertex 41.25 11.8 0
      vertex 41.25 11.8 1.8
    endloop
  endfacet
  facet normal 0.866024 -0.500003 0
    outer loop
      vertex 30.45 11.8 1.8
      vertex 33.15 16.4765 0
      vertex 33.15 16.4765 1.8
    endloop
  endfacet
  facet normal 0.866024 -0.500003 0
    outer loop
      vertex 33.15 16.4765 0
      vertex 30.45 11.8 1.8
      vertex 30.45 11.8 0
    endloop
  endfacet
  facet normal 0 -1 0
    outer loop
      vertex 33.15 16.4765 0
      vertex 38.55 16.4765 1.8
      vertex 33.15 16.4765 1.8
    endloop
  endfacet
  facet normal 0 -1 -0
    outer loop
      vertex 38.55 16.4765 1.8
      vertex 33.15 16.4765 0
      vertex 38.55 16.4765 0
    endloop
  endfacet
  facet normal 0 1 -0
    outer loop
      vertex 38.55 7.12346 0
      vertex 33.15 7.12346 1.8
      vertex 38.55 7.12346 1.8
    endloop
  endfacet
  facet normal 0 1 0
    outer loop
      vertex 33.15 7.12346 1.8
      vertex 38.55 7.12346 0
      vertex 33.15 7.12346 0
    endloop
  endfacet
  facet normal 0.866026 0.5 0
    outer loop
      vertex 33.15 7.12346 1.8
      vertex 30.45 11.8 0
      vertex 30.45 11.8 1.8
    endloop
  endfacet
  facet normal 0.866026 0.5 0
    outer loop
      vertex 30.45 11.8 0
      vertex 33.15 7.12346 1.8
      vertex 33.15 7.12346 0
    endloop
  endfacet
  facet normal -0.866026 0.5 0
    outer loop
      vertex 38.55 7.12346 0
      vertex 41.25 11.8 1.8
      vertex 41.25 11.8 0
    endloop
  endfacet
  facet normal -0.866026 0.5 0
    outer loop
      vertex 41.25 11.8 1.8
      vertex 38.55 7.12346 0
      vertex 38.55 7.12346 1.8
    endloop
  endfacet
  facet normal -0.866025 0.500001 0
    outer loop
      vertex 38.55 20.9799 0
      vertex 40.5246 24.4 1.8
      vertex 40.5246 24.4 0
    endloop
  endfacet
  facet normal -0.866025 0.500001 0
    outer loop
      vertex 40.5246 24.4 1.8
      vertex 38.55 20.9799 0
      vertex 38.55 20.9799 1.8
    endloop
  endfacet
  facet normal 0 1 -0
    outer loop
      vertex 38.55 20.9799 0
      vertex 33.15 20.9799 1.8
      vertex 38.55 20.9799 1.8
    endloop
  endfacet
  facet normal 0 1 0
    outer loop
      vertex 33.15 20.9799 1.8
      vertex 38.55 20.9799 0
      vertex 33.15 20.9799 0
    endloop
  endfacet
  facet normal 0.866025 0.500001 0
    outer loop
      vertex 33.15 20.9799 1.8
      vertex 31.1754 24.4 0
      vertex 31.1754 24.4 1.8
    endloop
  endfacet
  facet normal 0.866025 0.500001 0
    outer loop
      vertex 31.1754 24.4 0
      vertex 33.15 20.9799 1.8
      vertex 33.15 20.9799 0
    endloop
  endfacet
  facet normal -0.866028 -0.499995 0
    outer loop
      vertex 41.25 39.5128 0
      vertex 38.55 44.1894 1.8
      vertex 38.55 44.1894 0
    endloop
  endfacet
  facet normal -0.866028 -0.499995 0
    outer loop
      vertex 38.55 44.1894 1.8
      vertex 41.25 39.5128 0
      vertex 41.25 39.5128 1.8
    endloop
  endfacet
  facet normal 0.866028 -0.499995 0
    outer loop
      vertex 30.45 39.5128 1.8
      vertex 33.15 44.1894 0
      vertex 33.15 44.1894 1.8
    endloop
  endfacet
  facet normal 0.866028 -0.499995 0
    outer loop
      vertex 33.15 44.1894 0
      vertex 30.45 39.5128 1.8
      vertex 30.45 39.5128 0
    endloop
  endfacet
  facet normal 0 -1 0
    outer loop
      vertex 33.15 44.1894 0
      vertex 38.55 44.1894 1.8
      vertex 33.15 44.1894 1.8
    endloop
  endfacet
  facet normal 0 -1 -0
    outer loop
      vertex 38.55 44.1894 1.8
      vertex 33.15 44.1894 0
      vertex 38.55 44.1894 0
    endloop
  endfacet
  facet normal -0.866024 0.500003 0
    outer loop
      vertex 38.55 34.8363 0
      vertex 41.25 39.5128 1.8
      vertex 41.25 39.5128 0
    endloop
  endfacet
  facet normal -0.866024 0.500003 0
    outer loop
      vertex 41.25 39.5128 1.8
      vertex 38.55 34.8363 0
      vertex 38.55 34.8363 1.8
    endloop
  endfacet
  facet normal 0 1 -0
    outer loop
      vertex 38.55 34.8363 0
      vertex 33.15 34.8363 1.8
      vertex 38.55 34.8363 1.8
    endloop
  endfacet
  facet normal 0 1 0
    outer loop
      vertex 33.15 34.8363 1.8
      vertex 38.55 34.8363 0
      vertex 33.15 34.8363 0
    endloop
  endfacet
  facet normal 0.866024 0.500003 0
    outer loop
      vertex 33.15 34.8363 1.8
      vertex 30.45 39.5128 0
      vertex 30.45 39.5128 1.8
    endloop
  endfacet
  facet normal 0.866024 0.500003 0
    outer loop
      vertex 30.45 39.5128 0
      vertex 33.15 34.8363 1.8
      vertex 33.15 34.8363 0
    endloop
  endfacet
  facet normal -0.866028 -0.499995 0
    outer loop
      vertex 41.25 53.3692 0
      vertex 38.55 58.0458 1.8
      vertex 38.55 58.0458 0
    endloop
  endfacet
  facet normal -0.866028 -0.499995 0
    outer loop
      vertex 38.55 58.0458 1.8
      vertex 41.25 53.3692 0
      vertex 41.25 53.3692 1.8
    endloop
  endfacet
  facet normal 0 1 -0
    outer loop
      vertex 38.55 48.6927 0
      vertex 33.15 48.6927 1.8
      vertex 38.55 48.6927 1.8
    endloop
  endfacet
  facet normal 0 1 0
    outer loop
      vertex 33.15 48.6927 1.8
      vertex 38.55 48.6927 0
      vertex 33.15 48.6927 0
    endloop
  endfacet
  facet normal 0.866028 -0.499995 0
    outer loop
      vertex 30.45 53.3692 1.8
      vertex 33.15 58.0458 0
      vertex 33.15 58.0458 1.8
    endloop
  endfacet
  facet normal 0.866028 -0.499995 0
    outer loop
      vertex 33.15 58.0458 0
      vertex 30.45 53.3692 1.8
      vertex 30.45 53.3692 0
    endloop
  endfacet
  facet normal 0 -1 0
    outer loop
      vertex 33.15 58.0458 0
      vertex 38.55 58.0458 1.8
      vertex 33.15 58.0458 1.8
    endloop
  endfacet
  facet normal 0 -1 -0
    outer loop
      vertex 38.55 58.0458 1.8
      vertex 33.15 58.0458 0
      vertex 38.55 58.0458 0
    endloop
  endfacet
  facet normal 0.866024 0.500003 0
    outer loop
      vertex 33.15 48.6927 1.8
      vertex 30.45 53.3692 0
      vertex 30.45 53.3692 1.8
    endloop
  endfacet
  facet normal 0.866024 0.500003 0
    outer loop
      vertex 30.45 53.3692 0
      vertex 33.15 48.6927 1.8
      vertex 33.15 48.6927 0
    endloop
  endfacet
  facet normal -0.866024 0.500003 0
    outer loop
      vertex 38.55 48.6927 0
      vertex 41.25 53.3692 1.8
      vertex 41.25 53.3692 0
    endloop
  endfacet
  facet normal -0.866024 0.500003 0
    outer loop
      vertex 41.25 53.3692 1.8
      vertex 38.55 48.6927 0
      vertex 38.55 48.6927 1.8
    endloop
  endfacet
  facet normal -0.866028 -0.499995 0
    outer loop
      vertex 41.25 67.2256 0
      vertex 38.55 71.9022 1.8
      vertex 38.55 71.9022 0
    endloop
  endfacet
  facet normal -0.866028 -0.499995 0
    outer loop
      vertex 38.55 71.9022 1.8
      vertex 41.25 67.2256 0
      vertex 41.25 67.2256 1.8
    endloop
  endfacet
  facet normal 0.866028 -0.499995 0
    outer loop
      vertex 30.45 67.2256 1.8
      vertex 33.15 71.9022 0
      vertex 33.15 71.9022 1.8
    endloop
  endfacet
  facet normal 0.866028 -0.499995 0
    outer loop
      vertex 33.15 71.9022 0
      vertex 30.45 67.2256 1.8
      vertex 30.45 67.2256 0
    endloop
  endfacet
  facet normal 0 -1 0
    outer loop
      vertex 33.15 71.9022 0
      vertex 38.55 71.9022 1.8
      vertex 33.15 71.9022 1.8
    endloop
  endfacet
  facet normal 0 -1 -0
    outer loop
      vertex 38.55 71.9022 1.8
      vertex 33.15 71.9022 0
      vertex 38.55 71.9022 0
    endloop
  endfacet
  facet normal -0.866024 0.500003 0
    outer loop
      vertex 38.55 62.5491 0
      vertex 41.25 67.2256 1.8
      vertex 41.25 67.2256 0
    endloop
  endfacet
  facet normal -0.866024 0.500003 0
    outer loop
      vertex 41.25 67.2256 1.8
      vertex 38.55 62.5491 0
      vertex 38.55 62.5491 1.8
    endloop
  endfacet
  facet normal 0 1 -0
    outer loop
      vertex 38.55 62.5491 0
      vertex 33.15 62.5491 1.8
      vertex 38.55 62.5491 1.8
    endloop
  endfacet
  facet normal 0 1 0
    outer loop
      vertex 33.15 62.5491 1.8
      vertex 38.55 62.5491 0
      vertex 33.15 62.5491 0
    endloop
  endfacet
  facet normal 0.866024 0.500003 0
    outer loop
      vertex 33.15 62.5491 1.8
      vertex 30.45 67.2256 0
      vertex 30.45 67.2256 1.8
    endloop
  endfacet
  facet normal 0.866024 0.500003 0
    outer loop
      vertex 30.45 67.2256 0
      vertex 33.15 62.5491 1.8
      vertex 33.15 62.5491 0
    endloop
  endfacet
  facet normal -0.866039 -0.499977 0
    outer loop
      vertex 41.25 81.082 0
      vertex 40.4891 82.4 1.8
      vertex 40.4891 82.4 0
    endloop
  endfacet
  facet normal -0.866039 -0.499977 0
    outer loop
      vertex 40.4891 82.4 1.8
      vertex 41.25 81.082 0
      vertex 41.25 81.082 1.8
    endloop
  endfacet
  facet normal 0.866039 -0.499977 0
    outer loop
      vertex 30.45 81.082 1.8
      vertex 31.2109 82.4 0
      vertex 31.2109 82.4 1.8
    endloop
  endfacet
  facet normal 0.866039 -0.499977 0
    outer loop
      vertex 31.2109 82.4 0
      vertex 30.45 81.082 1.8
      vertex 30.45 81.082 0
    endloop
  endfacet
  facet normal 0.866024 0.500003 0
    outer loop
      vertex 33.15 76.4055 1.8
      vertex 30.45 81.082 0
      vertex 30.45 81.082 1.8
    endloop
  endfacet
  facet normal 0.866024 0.500003 0
    outer loop
      vertex 30.45 81.082 0
      vertex 33.15 76.4055 1.8
      vertex 33.15 76.4055 0
    endloop
  endfacet
  facet normal -0.866024 0.500003 0
    outer loop
      vertex 38.55 76.4055 0
      vertex 41.25 81.082 1.8
      vertex 41.25 81.082 0
    endloop
  endfacet
  facet normal -0.866024 0.500003 0
    outer loop
      vertex 41.25 81.082 1.8
      vertex 38.55 76.4055 0
      vertex 38.55 76.4055 1.8
    endloop
  endfacet
  facet normal 0 1 -0
    outer loop
      vertex 38.55 76.4055 0
      vertex 33.15 76.4055 1.8
      vertex 38.55 76.4055 1.8
    endloop
  endfacet
  facet normal 0 1 0
    outer loop
      vertex 33.15 76.4055 1.8
      vertex 38.55 76.4055 0
      vertex 33.15 76.4055 0
    endloop
  endfacet
  facet normal -0.866028 -0.499995 0
    outer loop
      vertex 41.25 94.9384 0
      vertex 38.55 99.615 1.8
      vertex 38.55 99.615 0
    endloop
  endfacet
  facet normal -0.866028 -0.499995 0
    outer loop
      vertex 38.55 99.615 1.8
      vertex 41.25 94.9384 0
      vertex 41.25 94.9384 1.8
    endloop
  endfacet
  facet normal 0.866028 -0.499995 0
    outer loop
      vertex 30.45 94.9384 1.8
      vertex 33.15 99.615 0
      vertex 33.15 99.615 1.8
    endloop
  endfacet
  facet normal 0.866028 -0.499995 0
    outer loop
      vertex 33.15 99.615 0
      vertex 30.45 94.9384 1.8
      vertex 30.45 94.9384 0
    endloop
  endfacet
  facet normal 0 -1 0
    outer loop
      vertex 33.15 99.615 0
      vertex 38.55 99.615 1.8
      vertex 33.15 99.615 1.8
    endloop
  endfacet
  facet normal 0 -1 -0
    outer loop
      vertex 38.55 99.615 1.8
      vertex 33.15 99.615 0
      vertex 38.55 99.615 0
    endloop
  endfacet
  facet normal 0.866021 0.500008 0
    outer loop
      vertex 33.0703 90.4 1.8
      vertex 30.45 94.9384 0
      vertex 30.45 94.9384 1.8
    endloop
  endfacet
  facet normal 0.866021 0.500008 0
    outer loop
      vertex 30.45 94.9384 0
      vertex 33.0703 90.4 1.8
      vertex 33.0703 90.4 0
    endloop
  endfacet
  facet normal -0.866021 0.500008 0
    outer loop
      vertex 38.6297 90.4 0
      vertex 41.25 94.9384 1.8
      vertex 41.25 94.9384 0
    endloop
  endfacet
  facet normal -0.866021 0.500008 0
    outer loop
      vertex 41.25 94.9384 1.8
      vertex 38.6297 90.4 0
      vertex 38.6297 90.4 1.8
    endloop
  endfacet
  facet normal -0.866024 -0.500003 0
    outer loop
      vertex 53.25 18.7282 0
      vertex 50.55 23.4047 1.8
      vertex 50.55 23.4047 0
    endloop
  endfacet
  facet normal -0.866024 -0.500003 0
    outer loop
      vertex 50.55 23.4047 1.8
      vertex 53.25 18.7282 0
      vertex 53.25 18.7282 1.8
    endloop
  endfacet
  facet normal 0 1 -0
    outer loop
      vertex 50.55 14.0517 0
      vertex 45.15 14.0517 1.8
      vertex 50.55 14.0517 1.8
    endloop
  endfacet
  facet normal 0 1 0
    outer loop
      vertex 45.15 14.0517 1.8
      vertex 50.55 14.0517 0
      vertex 45.15 14.0517 0
    endloop
  endfacet
  facet normal 0.866024 -0.500003 0
    outer loop
      vertex 42.45 18.7282 1.8
      vertex 45.15 23.4047 0
      vertex 45.15 23.4047 1.8
    endloop
  endfacet
  facet normal 0.866024 -0.500003 0
    outer loop
      vertex 45.15 23.4047 0
      vertex 42.45 18.7282 1.8
      vertex 42.45 18.7282 0
    endloop
  endfacet
  facet normal 0 -1 0
    outer loop
      vertex 45.15 23.4047 0
      vertex 50.55 23.4047 1.8
      vertex 45.15 23.4047 1.8
    endloop
  endfacet
  facet normal 0 -1 -0
    outer loop
      vertex 50.55 23.4047 1.8
      vertex 45.15 23.4047 0
      vertex 50.55 23.4047 0
    endloop
  endfacet
  facet normal 0.866024 0.500003 0
    outer loop
      vertex 45.15 14.0517 1.8
      vertex 42.45 18.7282 0
      vertex 42.45 18.7282 1.8
    endloop
  endfacet
  facet normal 0.866024 0.500003 0
    outer loop
      vertex 42.45 18.7282 0
      vertex 45.15 14.0517 1.8
      vertex 45.15 14.0517 0
    endloop
  endfacet
  facet normal -0.866024 0.500003 0
    outer loop
      vertex 50.55 14.0517 0
      vertex 53.25 18.7282 1.8
      vertex 53.25 18.7282 0
    endloop
  endfacet
  facet normal -0.866024 0.500003 0
    outer loop
      vertex 53.25 18.7282 1.8
      vertex 50.55 14.0517 0
      vertex 50.55 14.0517 1.8
    endloop
  endfacet
  facet normal -0.866024 -0.500003 0
    outer loop
      vertex 53.25 32.5846 0
      vertex 50.55 37.2611 1.8
      vertex 50.55 37.2611 0
    endloop
  endfacet
  facet normal -0.866024 -0.500003 0
    outer loop
      vertex 50.55 37.2611 1.8
      vertex 53.25 32.5846 0
      vertex 53.25 32.5846 1.8
    endloop
  endfacet
  facet normal 0.866024 -0.500003 0
    outer loop
      vertex 42.45 32.5846 1.8
      vertex 45.15 37.2611 0
      vertex 45.15 37.2611 1.8
    endloop
  endfacet
  facet normal 0.866024 -0.500003 0
    outer loop
      vertex 45.15 37.2611 0
      vertex 42.45 32.5846 1.8
      vertex 42.45 32.5846 0
    endloop
  endfacet
  facet normal 0 -1 0
    outer loop
      vertex 45.15 37.2611 0
      vertex 50.55 37.2611 1.8
      vertex 45.15 37.2611 1.8
    endloop
  endfacet
  facet normal 0 -1 -0
    outer loop
      vertex 50.55 37.2611 1.8
      vertex 45.15 37.2611 0
      vertex 50.55 37.2611 0
    endloop
  endfacet
  facet normal 0.865982 0.500074 0
    outer loop
      vertex 42.5566 32.4 1.8
      vertex 42.45 32.5846 0
      vertex 42.45 32.5846 1.8
    endloop
  endfacet
  facet normal 0.865982 0.500074 0
    outer loop
      vertex 42.45 32.5846 0
      vertex 42.5566 32.4 1.8
      vertex 42.5566 32.4 0
    endloop
  endfacet
  facet normal -0.865982 0.500074 0
    outer loop
      vertex 53.1434 32.4 0
      vertex 53.25 32.5846 1.8
      vertex 53.25 32.5846 0
    endloop
  endfacet
  facet normal -0.865982 0.500074 0
    outer loop
      vertex 53.25 32.5846 1.8
      vertex 53.1434 32.4 0
      vertex 53.1434 32.4 1.8
    endloop
  endfacet
  facet normal -0.866028 -0.499995 0
    outer loop
      vertex 53.25 46.441 0
      vertex 50.55 51.1176 1.8
      vertex 50.55 51.1176 0
    endloop
  endfacet
  facet normal -0.866028 -0.499995 0
    outer loop
      vertex 50.55 51.1176 1.8
      vertex 53.25 46.441 0
      vertex 53.25 46.441 1.8
    endloop
  endfacet
  facet normal 0.866028 -0.499995 0
    outer loop
      vertex 42.45 46.441 1.8
      vertex 45.15 51.1176 0
      vertex 45.15 51.1176 1.8
    endloop
  endfacet
  facet normal 0.866028 -0.499995 0
    outer loop
      vertex 45.15 51.1176 0
      vertex 42.45 46.441 1.8
      vertex 42.45 46.441 0
    endloop
  endfacet
  facet normal 0 -1 0
    outer loop
      vertex 45.15 51.1176 0
      vertex 50.55 51.1176 1.8
      vertex 45.15 51.1176 1.8
    endloop
  endfacet
  facet normal 0 -1 -0
    outer loop
      vertex 50.55 51.1176 1.8
      vertex 45.15 51.1176 0
      vertex 50.55 51.1176 0
    endloop
  endfacet
  facet normal 0.866024 0.500003 0
    outer loop
      vertex 45.15 41.7645 1.8
      vertex 42.45 46.441 0
      vertex 42.45 46.441 1.8
    endloop
  endfacet
  facet normal 0.866024 0.500003 0
    outer loop
      vertex 42.45 46.441 0
      vertex 45.15 41.7645 1.8
      vertex 45.15 41.7645 0
    endloop
  endfacet
  facet normal -0.866024 0.500003 0
    outer loop
      vertex 50.55 41.7645 0
      vertex 53.25 46.441 1.8
      vertex 53.25 46.441 0
    endloop
  endfacet
  facet normal -0.866024 0.500003 0
    outer loop
      vertex 53.25 46.441 1.8
      vertex 50.55 41.7645 0
      vertex 50.55 41.7645 1.8
    endloop
  endfacet
  facet normal 0 1 -0
    outer loop
      vertex 50.55 41.7645 0
      vertex 45.15 41.7645 1.8
      vertex 50.55 41.7645 1.8
    endloop
  endfacet
  facet normal 0 1 0
    outer loop
      vertex 45.15 41.7645 1.8
      vertex 50.55 41.7645 0
      vertex 45.15 41.7645 0
    endloop
  endfacet
  facet normal -0.866028 -0.499995 0
    outer loop
      vertex 53.25 60.2974 0
      vertex 50.55 64.974 1.8
      vertex 50.55 64.974 0
    endloop
  endfacet
  facet normal -0.866028 -0.499995 0
    outer loop
      vertex 50.55 64.974 1.8
      vertex 53.25 60.2974 0
      vertex 53.25 60.2974 1.8
    endloop
  endfacet
  facet normal 0.866028 -0.499995 0
    outer loop
      vertex 42.45 60.2974 1.8
      vertex 45.15 64.974 0
      vertex 45.15 64.974 1.8
    endloop
  endfacet
  facet normal 0.866028 -0.499995 0
    outer loop
      vertex 45.15 64.974 0
      vertex 42.45 60.2974 1.8
      vertex 42.45 60.2974 0
    endloop
  endfacet
  facet normal 0 -1 0
    outer loop
      vertex 45.15 64.974 0
      vertex 50.55 64.974 1.8
      vertex 45.15 64.974 1.8
    endloop
  endfacet
  facet normal 0 -1 -0
    outer loop
      vertex 50.55 64.974 1.8
      vertex 45.15 64.974 0
      vertex 50.55 64.974 0
    endloop
  endfacet
  facet normal 0.866024 0.500003 0
    outer loop
      vertex 45.15 55.6209 1.8
      vertex 42.45 60.2974 0
      vertex 42.45 60.2974 1.8
    endloop
  endfacet
  facet normal 0.866024 0.500003 0
    outer loop
      vertex 42.45 60.2974 0
      vertex 45.15 55.6209 1.8
      vertex 45.15 55.6209 0
    endloop
  endfacet
  facet normal -0.866024 0.500003 0
    outer loop
      vertex 50.55 55.6209 0
      vertex 53.25 60.2974 1.8
      vertex 53.25 60.2974 0
    endloop
  endfacet
  facet normal -0.866024 0.500003 0
    outer loop
      vertex 53.25 60.2974 1.8
      vertex 50.55 55.6209 0
      vertex 50.55 55.6209 1.8
    endloop
  endfacet
  facet normal 0 1 -0
    outer loop
      vertex 50.55 55.6209 0
      vertex 45.15 55.6209 1.8
      vertex 50.55 55.6209 1.8
    endloop
  endfacet
  facet normal 0 1 0
    outer loop
      vertex 45.15 55.6209 1.8
      vertex 50.55 55.6209 0
      vertex 45.15 55.6209 0
    endloop
  endfacet
  facet normal -0.866028 -0.499995 0
    outer loop
      vertex 53.25 74.1538 0
      vertex 50.55 78.8304 1.8
      vertex 50.55 78.8304 0
    endloop
  endfacet
  facet normal -0.866028 -0.499995 0
    outer loop
      vertex 50.55 78.8304 1.8
      vertex 53.25 74.1538 0
      vertex 53.25 74.1538 1.8
    endloop
  endfacet
  facet normal 0 1 -0
    outer loop
      vertex 50.55 69.4773 0
      vertex 45.15 69.4773 1.8
      vertex 50.55 69.4773 1.8
    endloop
  endfacet
  facet normal 0 1 0
    outer loop
      vertex 45.15 69.4773 1.8
      vertex 50.55 69.4773 0
      vertex 45.15 69.4773 0
    endloop
  endfacet
  facet normal 0.866028 -0.499995 0
    outer loop
      vertex 42.45 74.1538 1.8
      vertex 45.15 78.8304 0
      vertex 45.15 78.8304 1.8
    endloop
  endfacet
  facet normal 0.866028 -0.499995 0
    outer loop
      vertex 45.15 78.8304 0
      vertex 42.45 74.1538 1.8
      vertex 42.45 74.1538 0
    endloop
  endfacet
  facet normal 0 -1 0
    outer loop
      vertex 45.15 78.8304 0
      vertex 50.55 78.8304 1.8
      vertex 45.15 78.8304 1.8
    endloop
  endfacet
  facet normal 0 -1 -0
    outer loop
      vertex 50.55 78.8304 1.8
      vertex 45.15 78.8304 0
      vertex 50.55 78.8304 0
    endloop
  endfacet
  facet normal 0.866024 0.500003 0
    outer loop
      vertex 45.15 69.4773 1.8
      vertex 42.45 74.1538 0
      vertex 42.45 74.1538 1.8
    endloop
  endfacet
  facet normal 0.866024 0.500003 0
    outer loop
      vertex 42.45 74.1538 0
      vertex 45.15 69.4773 1.8
      vertex 45.15 69.4773 0
    endloop
  endfacet
  facet normal -0.866024 0.500003 0
    outer loop
      vertex 50.55 69.4773 0
      vertex 53.25 74.1538 1.8
      vertex 53.25 74.1538 0
    endloop
  endfacet
  facet normal -0.866024 0.500003 0
    outer loop
      vertex 53.25 74.1538 1.8
      vertex 50.55 69.4773 0
      vertex 50.55 69.4773 1.8
    endloop
  endfacet
  facet normal -0.866023 -0.500004 0
    outer loop
      vertex 51.8703 90.4 0
      vertex 50.55 92.6868 1.8
      vertex 50.55 92.6868 0
    endloop
  endfacet
  facet normal -0.866023 -0.500004 0
    outer loop
      vertex 50.55 92.6868 1.8
      vertex 51.8703 90.4 0
      vertex 51.8703 90.4 1.8
    endloop
  endfacet
  facet normal 0.866023 -0.500004 0
    outer loop
      vertex 43.8297 90.4 1.8
      vertex 45.15 92.6868 0
      vertex 45.15 92.6868 1.8
    endloop
  endfacet
  facet normal 0.866023 -0.500004 0
    outer loop
      vertex 45.15 92.6868 0
      vertex 43.8297 90.4 1.8
      vertex 43.8297 90.4 0
    endloop
  endfacet
  facet normal 0 -1 0
    outer loop
      vertex 45.15 92.6868 0
      vertex 50.55 92.6868 1.8
      vertex 45.15 92.6868 1.8
    endloop
  endfacet
  facet normal 0 -1 -0
    outer loop
      vertex 50.55 92.6868 1.8
      vertex 45.15 92.6868 0
      vertex 50.55 92.6868 0
    endloop
  endfacet
  facet normal -0.866001 -0.500043 0
    outer loop
      vertex 53.25 101.867 0
      vertex 50.55 106.543 1.8
      vertex 50.55 106.543 0
    endloop
  endfacet
  facet normal -0.866001 -0.500043 0
    outer loop
      vertex 50.55 106.543 1.8
      vertex 53.25 101.867 0
      vertex 53.25 101.867 1.8
    endloop
  endfacet
  facet normal 0.866001 -0.500043 0
    outer loop
      vertex 42.45 101.867 1.8
      vertex 45.15 106.543 0
      vertex 45.15 106.543 1.8
    endloop
  endfacet
  facet normal 0.866001 -0.500043 0
    outer loop
      vertex 45.15 106.543 0
      vertex 42.45 101.867 1.8
      vertex 42.45 101.867 0
    endloop
  endfacet
  facet normal 0 -1 0
    outer loop
      vertex 45.15 106.543 0
      vertex 50.55 106.543 1.8
      vertex 45.15 106.543 1.8
    endloop
  endfacet
  facet normal 0 -1 -0
    outer loop
      vertex 50.55 106.543 1.8
      vertex 45.15 106.543 0
      vertex 50.55 106.543 0
    endloop
  endfacet
  facet normal -0.866042 0.499971 0
    outer loop
      vertex 50.55 97.1901 0
      vertex 53.25 101.867 1.8
      vertex 53.25 101.867 0
    endloop
  endfacet
  facet normal -0.866042 0.499971 0
    outer loop
      vertex 53.25 101.867 1.8
      vertex 50.55 97.1901 0
      vertex 50.55 97.1901 1.8
    endloop
  endfacet
  facet normal 0 1 -0
    outer loop
      vertex 50.55 97.1901 0
      vertex 45.15 97.1901 1.8
      vertex 50.55 97.1901 1.8
    endloop
  endfacet
  facet normal 0 1 0
    outer loop
      vertex 45.15 97.1901 1.8
      vertex 50.55 97.1901 0
      vertex 45.15 97.1901 0
    endloop
  endfacet
  facet normal 0.866042 0.499971 0
    outer loop
      vertex 45.15 97.1901 1.8
      vertex 42.45 101.867 0
      vertex 42.45 101.867 1.8
    endloop
  endfacet
  facet normal 0.866042 0.499971 0
    outer loop
      vertex 42.45 101.867 0
      vertex 45.15 97.1901 1.8
      vertex 45.15 97.1901 0
    endloop
  endfacet
  facet normal -1 0 0
    outer loop
      vertex 2.45 114.4 0
      vertex 2.45 5.4 0.4
      vertex 2.45 114.4 1.8
    endloop
  endfacet
  facet normal -1 0 0
    outer loop
      vertex 2.45 2.4 0
      vertex 2.45 5.4 0.4
      vertex 2.45 114.4 0
    endloop
  endfacet
  facet normal -1 -0 0
    outer loop
      vertex 2.45 5.4 0.4
      vertex 2.45 2.4 0
      vertex 2.45 2.4 0.4
    endloop
  endfacet
  facet normal -1 -0 0
    outer loop
      vertex 2.45 114.4 1.8
      vertex 2.45 5.4 0.4
      vertex 2.45 5.4 1.8
    endloop
  endfacet
  facet normal 0 0 1
    outer loop
      vertex 6.21927 90.5955 1.8
      vertex 4.25 90.4 1.8
      vertex 5.8228 90.4 1.8
    endloop
  endfacet
  facet normal -0 0 1
    outer loop
      vertex 50.55 23.4047 1.8
      vertex 60.25 23.4 1.8
      vertex 60.25 24.4 1.8
    endloop
  endfacet
  facet normal 0 0 1
    outer loop
      vertex 60.25 23.4 1.8
      vertex 50.55 23.4047 1.8
      vertex 53.25 18.7282 1.8
    endloop
  endfacet
  facet normal -0 0 1
    outer loop
      vertex 40.5246 24.4 1.8
      vertex 50.55 23.4047 1.8
      vertex 60.25 24.4 1.8
    endloop
  endfacet
  facet normal 0 0 1
    outer loop
      vertex 50.55 23.4047 1.8
      vertex 40.5246 24.4 1.8
      vertex 45.15 23.4047 1.8
    endloop
  endfacet
  facet normal 0 0 1
    outer loop
      vertex 40.5246 24.4 1.8
      vertex 42.45 18.7282 1.8
      vertex 45.15 23.4047 1.8
    endloop
  endfacet
  facet normal -0 0 1
    outer loop
      vertex 38.55 20.9799 1.8
      vertex 42.45 18.7282 1.8
      vertex 40.5246 24.4 1.8
    endloop
  endfacet
  facet normal 0 0 1
    outer loop
      vertex 42.45 18.7282 1.8
      vertex 38.55 20.9799 1.8
      vertex 38.55 16.4765 1.8
    endloop
  endfacet
  facet normal 0 0 1
    outer loop
      vertex 42.45 18.7282 1.8
      vertex 38.55 16.4765 1.8
      vertex 41.25 11.8 1.8
    endloop
  endfacet
  facet normal -0 0 1
    outer loop
      vertex 33.15 20.9799 1.8
      vertex 38.55 16.4765 1.8
      vertex 38.55 20.9799 1.8
    endloop
  endfacet
  facet normal 0 0 1
    outer loop
      vertex 33.15 20.9799 1.8
      vertex 33.15 16.4765 1.8
      vertex 38.55 16.4765 1.8
    endloop
  endfacet
  facet normal 0 0 1
    outer loop
      vertex 29.25 18.7282 1.8
      vertex 33.15 20.9799 1.8
      vertex 31.1754 24.4 1.8
    endloop
  endfacet
  facet normal 0 0 1
    outer loop
      vertex 33.15 20.9799 1.8
      vertex 29.25 18.7282 1.8
      vertex 33.15 16.4765 1.8
    endloop
  endfacet
  facet normal 0 0 1
    outer loop
      vertex 33.15 16.4765 1.8
      vertex 29.25 18.7282 1.8
      vertex 30.45 11.8 1.8
    endloop
  endfacet
  facet normal 0 0 1
    outer loop
      vertex 31.1754 24.4 1.8
      vertex 26.55 23.4047 1.8
      vertex 29.25 18.7282 1.8
    endloop
  endfacet
  facet normal 0 0 1
    outer loop
      vertex 31.1754 24.4 1.8
      vertex 21.15 23.4047 1.8
      vertex 26.55 23.4047 1.8
    endloop
  endfacet
  facet normal -0 0 1
    outer loop
      vertex 16.5246 24.4 1.8
      vertex 21.15 23.4047 1.8
      vertex 31.1754 24.4 1.8
    endloop
  endfacet
  facet normal 0 0 1
    outer loop
      vertex 16.5246 24.4 1.8
      vertex 18.45 18.7282 1.8
      vertex 21.15 23.4047 1.8
    endloop
  endfacet
  facet normal -0 0 1
    outer loop
      vertex 14.55 20.9799 1.8
      vertex 18.45 18.7282 1.8
      vertex 16.5246 24.4 1.8
    endloop
  endfacet
  facet normal 0 0 1
    outer loop
      vertex 18.45 18.7282 1.8
      vertex 14.55 20.9799 1.8
      vertex 14.55 16.4765 1.8
    endloop
  endfacet
  facet normal 0 0 1
    outer loop
      vertex 18.45 18.7282 1.8
      vertex 14.55 16.4765 1.8
      vertex 17.25 11.8 1.8
    endloop
  endfacet
  facet normal -0 0 1
    outer loop
      vertex 9.15 20.9799 1.8
      vertex 14.55 16.4765 1.8
      vertex 14.55 20.9799 1.8
    endloop
  endfacet
  facet normal 0 0 1
    outer loop
      vertex 9.15 20.9799 1.8
      vertex 9.15 16.4765 1.8
      vertex 14.55 16.4765 1.8
    endloop
  endfacet
  facet normal -0 0 1
    outer loop
      vertex 4.25 23.4 1.8
      vertex 9.15 20.9799 1.8
      vertex 7.17539 24.4 1.8
    endloop
  endfacet
  facet normal 0 0 1
    outer loop
      vertex 9.15 20.9799 1.8
      vertex 4.25 23.4 1.8
      vertex 9.15 16.4765 1.8
    endloop
  endfacet
  facet normal 0 0 1
    outer loop
      vertex 4.25 23.4 1.8
      vertex 7.17539 24.4 1.8
      vertex 4.25 24.4 1.8
    endloop
  endfacet
  facet normal 0 0 1
    outer loop
      vertex 61.75 23.4 1.8
      vertex 62.05 114.4 1.8
      vertex 61.75 112.4 1.8
    endloop
  endfacet
  facet normal 0 0 1
    outer loop
      vertex 62.05 114.4 1.8
      vertex 60.25 112.4 1.8
      vertex 61.75 112.4 1.8
    endloop
  endfacet
  facet normal -0 0 1
    outer loop
      vertex 53.25 101.867 1.8
      vertex 60.25 90.4 1.8
      vertex 60.25 112.4 1.8
    endloop
  endfacet
  facet normal -0 -0 1
    outer loop
      vertex 57.7853 90.7637 1.8
      vertex 60.25 90.4 1.8
      vertex 53.25 101.867 1.8
    endloop
  endfacet
  facet normal 0 0 1
    outer loop
      vertex 60.25 90.4 1.8
      vertex 58.2807 90.5955 1.8
      vertex 58.6772 90.4 1.8
    endloop
  endfacet
  facet normal 0 0 1
    outer loop
      vertex 60.25 90.4 1.8
      vertex 57.7853 90.7637 1.8
      vertex 58.2807 90.5955 1.8
    endloop
  endfacet
  facet normal 0 0 1
    outer loop
      vertex 57.7853 90.7637 1.8
      vertex 53.25 101.867 1.8
      vertex 57.2721 90.8658 1.8
    endloop
  endfacet
  facet normal 0 0 1
    outer loop
      vertex 57.2721 90.8658 1.8
      vertex 53.25 101.867 1.8
      vertex 56.75 90.9 1.8
    endloop
  endfacet
  facet normal -0 0 1
    outer loop
      vertex 50.55 97.1901 1.8
      vertex 56.75 90.9 1.8
      vertex 53.25 101.867 1.8
    endloop
  endfacet
  facet normal 0 0 1
    outer loop
      vertex 56.75 90.9 1.8
      vertex 50.55 97.1901 1.8
      vertex 56.2279 90.8658 1.8
    endloop
  endfacet
  facet normal 0 0 1
    outer loop
      vertex 56.2279 90.8658 1.8
      vertex 50.55 97.1901 1.8
      vertex 55.7147 90.7637 1.8
    endloop
  endfacet
  facet normal -0 0 1
    outer loop
      vertex 50.55 92.6868 1.8
      vertex 55.7147 90.7637 1.8
      vertex 50.55 97.1901 1.8
    endloop
  endfacet
  facet normal 0 0 1
    outer loop
      vertex 60.25 112.4 1.8
      vertex 50.55 106.543 1.8
      vertex 53.25 101.867 1.8
    endloop
  endfacet
  facet normal 0 0 1
    outer loop
      vertex 45.15 106.543 1.8
      vertex 60.25 112.4 1.8
      vertex 62.05 114.4 1.8
    endloop
  endfacet
  facet normal 0 0 1
    outer loop
      vertex 60.25 112.4 1.8
      vertex 45.15 106.543 1.8
      vertex 50.55 106.543 1.8
    endloop
  endfacet
  facet normal 0 0 1
    outer loop
      vertex 42.45 101.867 1.8
      vertex 38.55 99.615 1.8
      vertex 41.25 94.9384 1.8
    endloop
  endfacet
  facet normal 0 0 1
    outer loop
      vertex 45.15 106.543 1.8
      vertex 38.55 99.615 1.8
      vertex 42.45 101.867 1.8
    endloop
  endfacet
  facet normal 0 0 1
    outer loop
      vertex 45.15 106.543 1.8
      vertex 33.15 99.615 1.8
      vertex 38.55 99.615 1.8
    endloop
  endfacet
  facet normal 0 0 1
    outer loop
      vertex 33.15 99.615 1.8
      vertex 29.25 101.867 1.8
      vertex 30.45 94.9384 1.8
    endloop
  endfacet
  facet normal 0 0 1
    outer loop
      vertex 45.15 106.543 1.8
      vertex 29.25 101.867 1.8
      vertex 33.15 99.615 1.8
    endloop
  endfacet
  facet normal 0 0 1
    outer loop
      vertex 26.55 106.543 1.8
      vertex 45.15 106.543 1.8
      vertex 62.05 114.4 1.8
    endloop
  endfacet
  facet normal 0 0 1
    outer loop
      vertex 45.15 106.543 1.8
      vertex 26.55 106.543 1.8
      vertex 29.25 101.867 1.8
    endloop
  endfacet
  facet normal -0 0 1
    outer loop
      vertex 2.45 114.4 1.8
      vertex 26.55 106.543 1.8
      vertex 62.05 114.4 1.8
    endloop
  endfacet
  facet normal 0 0 1
    outer loop
      vertex 18.45 101.867 1.8
      vertex 14.55 99.615 1.8
      vertex 17.25 94.9384 1.8
    endloop
  endfacet
  facet normal 0 0 1
    outer loop
      vertex 4.25 112.4 1.8
      vertex 18.45 101.867 1.8
      vertex 21.15 106.543 1.8
    endloop
  endfacet
  facet normal 0 0 1
    outer loop
      vertex 18.45 101.867 1.8
      vertex 4.25 112.4 1.8
      vertex 14.55 99.615 1.8
    endloop
  endfacet
  facet normal 0 0 1
    outer loop
      vertex 4.25 90.4 1.8
      vertex 6.21927 90.5955 1.8
      vertex 6.45 94.9384 1.8
    endloop
  endfacet
  facet normal 0 0 1
    outer loop
      vertex 4.25 90.4 1.8
      vertex 6.45 94.9384 1.8
      vertex 4.25 112.4 1.8
    endloop
  endfacet
  facet normal 0 0 1
    outer loop
      vertex 9.15 99.615 1.8
      vertex 4.25 112.4 1.8
      vertex 6.45 94.9384 1.8
    endloop
  endfacet
  facet normal 0 0 1
    outer loop
      vertex 14.55 99.615 1.8
      vertex 4.25 112.4 1.8
      vertex 9.15 99.615 1.8
    endloop
  endfacet
  facet normal 0 0 1
    outer loop
      vertex 26.55 106.543 1.8
      vertex 2.45 114.4 1.8
      vertex 21.15 106.543 1.8
    endloop
  endfacet
  facet normal 0 0 1
    outer loop
      vertex 21.15 106.543 1.8
      vertex 2.45 114.4 1.8
      vertex 4.25 112.4 1.8
    endloop
  endfacet
  facet normal 0 0 1
    outer loop
      vertex 2.75 112.4 1.8
      vertex 2.45 114.4 1.8
      vertex 2.75 23.4 1.8
    endloop
  endfacet
  facet normal 0 0 1
    outer loop
      vertex 4.25 112.4 1.8
      vertex 2.45 114.4 1.8
      vertex 2.75 112.4 1.8
    endloop
  endfacet
  facet normal 0 0 1
    outer loop
      vertex 62.05 114.4 1.8
      vertex 61.75 23.4 1.8
      vertex 62.05 5.4 1.8
    endloop
  endfacet
  facet normal 0 0 1
    outer loop
      vertex 53.25 18.7282 1.8
      vertex 61.75 23.4 1.8
      vertex 60.25 23.4 1.8
    endloop
  endfacet
  facet normal 0 0 1
    outer loop
      vertex 61.75 23.4 1.8
      vertex 53.25 18.7282 1.8
      vertex 62.05 5.4 1.8
    endloop
  endfacet
  facet normal -0 0 1
    outer loop
      vertex 50.55 14.0517 1.8
      vertex 62.05 5.4 1.8
      vertex 53.25 18.7282 1.8
    endloop
  endfacet
  facet normal 0 0 1
    outer loop
      vertex 38.55 7.12346 1.8
      vertex 50.55 14.0517 1.8
      vertex 45.15 14.0517 1.8
    endloop
  endfacet
  facet normal 0 0 1
    outer loop
      vertex 41.25 11.8 1.8
      vertex 45.15 14.0517 1.8
      vertex 42.45 18.7282 1.8
    endloop
  endfacet
  facet normal 0 0 1
    outer loop
      vertex 38.55 7.12346 1.8
      vertex 45.15 14.0517 1.8
      vertex 41.25 11.8 1.8
    endloop
  endfacet
  facet normal 0 0 1
    outer loop
      vertex 50.55 14.0517 1.8
      vertex 38.55 7.12346 1.8
      vertex 62.05 5.4 1.8
    endloop
  endfacet
  facet normal -0 0 1
    outer loop
      vertex 33.15 7.12346 1.8
      vertex 62.05 5.4 1.8
      vertex 38.55 7.12346 1.8
    endloop
  endfacet
  facet normal -0 0 1
    outer loop
      vertex 26.55 14.0517 1.8
      vertex 30.45 11.8 1.8
      vertex 29.25 18.7282 1.8
    endloop
  endfacet
  facet normal 0 0 1
    outer loop
      vertex 26.55 14.0517 1.8
      vertex 33.15 7.12346 1.8
      vertex 30.45 11.8 1.8
    endloop
  endfacet
  facet normal -0 0 1
    outer loop
      vertex 21.15 14.0517 1.8
      vertex 33.15 7.12346 1.8
      vertex 26.55 14.0517 1.8
    endloop
  endfacet
  facet normal 0 0 1
    outer loop
      vertex 17.25 11.8 1.8
      vertex 21.15 14.0517 1.8
      vertex 18.45 18.7282 1.8
    endloop
  endfacet
  facet normal -0 0 1
    outer loop
      vertex 17.25 11.8 1.8
      vertex 33.15 7.12346 1.8
      vertex 21.15 14.0517 1.8
    endloop
  endfacet
  facet normal 0 0 1
    outer loop
      vertex 14.55 7.12346 1.8
      vertex 33.15 7.12346 1.8
      vertex 17.25 11.8 1.8
    endloop
  endfacet
  facet normal 0 0 1
    outer loop
      vertex 2.45 5.4 1.8
      vertex 33.15 7.12346 1.8
      vertex 14.55 7.12346 1.8
    endloop
  endfacet
  facet normal 0 0 1
    outer loop
      vertex 2.45 5.4 1.8
      vertex 14.55 7.12346 1.8
      vertex 9.15 7.12346 1.8
    endloop
  endfacet
  facet normal -0 0 1
    outer loop
      vertex 2.75 23.4 1.8
      vertex 9.15 16.4765 1.8
      vertex 4.25 23.4 1.8
    endloop
  endfacet
  facet normal 0 0 1
    outer loop
      vertex 9.15 16.4765 1.8
      vertex 2.75 23.4 1.8
      vertex 6.45 11.8 1.8
    endloop
  endfacet
  facet normal 0 0 1
    outer loop
      vertex 33.15 7.12346 1.8
      vertex 2.45 5.4 1.8
      vertex 62.05 5.4 1.8
    endloop
  endfacet
  facet normal 0 0 1
    outer loop
      vertex 6.45 11.8 1.8
      vertex 2.45 5.4 1.8
      vertex 9.15 7.12346 1.8
    endloop
  endfacet
  facet normal 0 0 1
    outer loop
      vertex 2.75 23.4 1.8
      vertex 2.45 5.4 1.8
      vertex 6.45 11.8 1.8
    endloop
  endfacet
  facet normal 0 0 1
    outer loop
      vertex 2.45 5.4 1.8
      vertex 2.75 23.4 1.8
      vertex 2.45 114.4 1.8
    endloop
  endfacet
  facet normal 0 0 1
    outer loop
      vertex 55.7147 90.7637 1.8
      vertex 50.55 92.6868 1.8
      vertex 55.2193 90.5955 1.8
    endloop
  endfacet
  facet normal 0 0 1
    outer loop
      vertex 55.2193 90.5955 1.8
      vertex 50.55 92.6868 1.8
      vertex 54.8228 90.4 1.8
    endloop
  endfacet
  facet normal 0 0 1
    outer loop
      vertex 54.8228 90.4 1.8
      vertex 50.55 92.6868 1.8
      vertex 51.8703 90.4 1.8
    endloop
  endfacet
  facet normal -0 0 1
    outer loop
      vertex 45.15 97.1901 1.8
      vertex 50.55 92.6868 1.8
      vertex 50.55 97.1901 1.8
    endloop
  endfacet
  facet normal 0 0 1
    outer loop
      vertex 45.15 97.1901 1.8
      vertex 45.15 92.6868 1.8
      vertex 50.55 92.6868 1.8
    endloop
  endfacet
  facet normal -0 0 1
    outer loop
      vertex 41.25 94.9384 1.8
      vertex 45.15 92.6868 1.8
      vertex 45.15 97.1901 1.8
    endloop
  endfacet
  facet normal 0 0 1
    outer loop
      vertex 41.25 94.9384 1.8
      vertex 45.15 97.1901 1.8
      vertex 42.45 101.867 1.8
    endloop
  endfacet
  facet normal 0 0 1
    outer loop
      vertex 45.15 92.6868 1.8
      vertex 41.25 94.9384 1.8
      vertex 43.8297 90.4 1.8
    endloop
  endfacet
  facet normal 0 0 1
    outer loop
      vertex 43.8297 90.4 1.8
      vertex 41.25 94.9384 1.8
      vertex 38.6297 90.4 1.8
    endloop
  endfacet
  facet normal 0 0 1
    outer loop
      vertex 30.45 94.9384 1.8
      vertex 27.8703 90.4 1.8
      vertex 33.0703 90.4 1.8
    endloop
  endfacet
  facet normal -0 0 1
    outer loop
      vertex 26.55 97.1901 1.8
      vertex 30.45 94.9384 1.8
      vertex 29.25 101.867 1.8
    endloop
  endfacet
  facet normal 0 0 1
    outer loop
      vertex 26.55 92.6868 1.8
      vertex 30.45 94.9384 1.8
      vertex 26.55 97.1901 1.8
    endloop
  endfacet
  facet normal 0 0 1
    outer loop
      vertex 30.45 94.9384 1.8
      vertex 26.55 92.6868 1.8
      vertex 27.8703 90.4 1.8
    endloop
  endfacet
  facet normal -0 0 1
    outer loop
      vertex 21.15 97.1901 1.8
      vertex 26.55 92.6868 1.8
      vertex 26.55 97.1901 1.8
    endloop
  endfacet
  facet normal 0 0 1
    outer loop
      vertex 21.15 97.1901 1.8
      vertex 21.15 92.6868 1.8
      vertex 26.55 92.6868 1.8
    endloop
  endfacet
  facet normal -0 0 1
    outer loop
      vertex 17.25 94.9384 1.8
      vertex 21.15 92.6868 1.8
      vertex 21.15 97.1901 1.8
    endloop
  endfacet
  facet normal 0 0 1
    outer loop
      vertex 17.25 94.9384 1.8
      vertex 21.15 97.1901 1.8
      vertex 18.45 101.867 1.8
    endloop
  endfacet
  facet normal 0 0 1
    outer loop
      vertex 21.15 92.6868 1.8
      vertex 17.25 94.9384 1.8
      vertex 19.8297 90.4 1.8
    endloop
  endfacet
  facet normal 0 0 1
    outer loop
      vertex 19.8297 90.4 1.8
      vertex 17.25 94.9384 1.8
      vertex 14.6297 90.4 1.8
    endloop
  endfacet
  facet normal 0 0 1
    outer loop
      vertex 6.45 94.9384 1.8
      vertex 8.78528 90.7637 1.8
      vertex 8.87857 90.732 1.8
    endloop
  endfacet
  facet normal 0 0 1
    outer loop
      vertex 6.45 94.9384 1.8
      vertex 8.2721 90.8658 1.8
      vertex 8.78528 90.7637 1.8
    endloop
  endfacet
  facet normal 0 0 1
    outer loop
      vertex 6.45 94.9384 1.8
      vertex 7.75 90.9 1.8
      vertex 8.2721 90.8658 1.8
    endloop
  endfacet
  facet normal 0 0 1
    outer loop
      vertex 6.45 94.9384 1.8
      vertex 7.22789 90.8658 1.8
      vertex 7.75 90.9 1.8
    endloop
  endfacet
  facet normal 0 0 1
    outer loop
      vertex 6.45 94.9384 1.8
      vertex 6.71472 90.7637 1.8
      vertex 7.22789 90.8658 1.8
    endloop
  endfacet
  facet normal 0 0 1
    outer loop
      vertex 6.71472 90.7637 1.8
      vertex 6.45 94.9384 1.8
      vertex 6.21927 90.5955 1.8
    endloop
  endfacet
  facet normal 0 0 1
    outer loop
      vertex 9.15 71.9022 1.8
      vertex 4.25 82.4 1.8
      vertex 6.45 67.2256 1.8
    endloop
  endfacet
  facet normal 0 0 1
    outer loop
      vertex 6.45 67.2256 1.8
      vertex 4.25 82.4 1.8
      vertex 6.45 53.3692 1.8
    endloop
  endfacet
  facet normal 0 0 1
    outer loop
      vertex 4.25 32.4 1.8
      vertex 6.45 53.3692 1.8
      vertex 4.25 82.4 1.8
    endloop
  endfacet
  facet normal 0 0 1
    outer loop
      vertex 6.45 39.5128 1.8
      vertex 4.25 32.4 1.8
      vertex 6.21927 32.5955 1.8
    endloop
  endfacet
  facet normal -0 0 1
    outer loop
      vertex 4.25 82.4 1.8
      vertex 6.45 81.082 1.8
      vertex 7.21093 82.4 1.8
    endloop
  endfacet
  facet normal 0 0 1
    outer loop
      vertex 6.45 53.3692 1.8
      vertex 4.25 32.4 1.8
      vertex 6.45 39.5128 1.8
    endloop
  endfacet
  facet normal 0 0 1
    outer loop
      vertex 6.21927 32.5955 1.8
      vertex 4.25 32.4 1.8
      vertex 5.8228 32.4 1.8
    endloop
  endfacet
  facet normal 0 0 1
    outer loop
      vertex 14.55 44.1894 1.8
      vertex 18.45 46.441 1.8
      vertex 14.55 48.6927 1.8
    endloop
  endfacet
  facet normal 0 0 1
    outer loop
      vertex 18.45 46.441 1.8
      vertex 14.55 44.1894 1.8
      vertex 17.25 39.5128 1.8
    endloop
  endfacet
  facet normal -0 0 1
    outer loop
      vertex 9.15 48.6927 1.8
      vertex 14.55 44.1894 1.8
      vertex 14.55 48.6927 1.8
    endloop
  endfacet
  facet normal 0 0 1
    outer loop
      vertex 9.15 48.6927 1.8
      vertex 9.15 44.1894 1.8
      vertex 14.55 44.1894 1.8
    endloop
  endfacet
  facet normal 0 0 1
    outer loop
      vertex 6.45 53.3692 1.8
      vertex 9.15 44.1894 1.8
      vertex 9.15 48.6927 1.8
    endloop
  endfacet
  facet normal 0 0 1
    outer loop
      vertex 9.15 44.1894 1.8
      vertex 6.45 53.3692 1.8
      vertex 6.45 39.5128 1.8
    endloop
  endfacet
  facet normal 0 0 1
    outer loop
      vertex 14.55 58.0458 1.8
      vertex 18.45 60.2974 1.8
      vertex 14.55 62.5491 1.8
    endloop
  endfacet
  facet normal 0 0 1
    outer loop
      vertex 18.45 60.2974 1.8
      vertex 14.55 58.0458 1.8
      vertex 17.25 53.3692 1.8
    endloop
  endfacet
  facet normal -0 0 1
    outer loop
      vertex 9.15 62.5491 1.8
      vertex 14.55 58.0458 1.8
      vertex 14.55 62.5491 1.8
    endloop
  endfacet
  facet normal 0 0 1
    outer loop
      vertex 9.15 62.5491 1.8
      vertex 9.15 58.0458 1.8
      vertex 14.55 58.0458 1.8
    endloop
  endfacet
  facet normal 0 0 1
    outer loop
      vertex 6.45 67.2256 1.8
      vertex 9.15 58.0458 1.8
      vertex 9.15 62.5491 1.8
    endloop
  endfacet
  facet normal 0 0 1
    outer loop
      vertex 9.15 58.0458 1.8
      vertex 6.45 67.2256 1.8
      vertex 6.45 53.3692 1.8
    endloop
  endfacet
  facet normal 0 0 1
    outer loop
      vertex 14.55 71.9022 1.8
      vertex 18.45 74.1538 1.8
      vertex 14.55 76.4055 1.8
    endloop
  endfacet
  facet normal 0 0 1
    outer loop
      vertex 18.45 74.1538 1.8
      vertex 14.55 71.9022 1.8
      vertex 17.25 67.2256 1.8
    endloop
  endfacet
  facet normal -0 0 1
    outer loop
      vertex 9.15 76.4055 1.8
      vertex 14.55 71.9022 1.8
      vertex 14.55 76.4055 1.8
    endloop
  endfacet
  facet normal 0 0 1
    outer loop
      vertex 9.15 76.4055 1.8
      vertex 9.15 71.9022 1.8
      vertex 14.55 71.9022 1.8
    endloop
  endfacet
  facet normal 0 0 1
    outer loop
      vertex 4.25 82.4 1.8
      vertex 9.15 76.4055 1.8
      vertex 6.45 81.082 1.8
    endloop
  endfacet
  facet normal 0 0 1
    outer loop
      vertex 9.15 76.4055 1.8
      vertex 4.25 82.4 1.8
      vertex 9.15 71.9022 1.8
    endloop
  endfacet
  facet normal 0 0 1
    outer loop
      vertex 26.55 37.2611 1.8
      vertex 30.45 39.5128 1.8
      vertex 26.55 41.7645 1.8
    endloop
  endfacet
  facet normal 0 0 1
    outer loop
      vertex 30.45 39.5128 1.8
      vertex 26.55 37.2611 1.8
      vertex 29.25 32.5846 1.8
    endloop
  endfacet
  facet normal -0 0 1
    outer loop
      vertex 21.15 41.7645 1.8
      vertex 26.55 37.2611 1.8
      vertex 26.55 41.7645 1.8
    endloop
  endfacet
  facet normal 0 0 1
    outer loop
      vertex 21.15 41.7645 1.8
      vertex 21.15 37.2611 1.8
      vertex 26.55 37.2611 1.8
    endloop
  endfacet
  facet normal 0 0 1
    outer loop
      vertex 17.25 39.5128 1.8
      vertex 21.15 41.7645 1.8
      vertex 18.45 46.441 1.8
    endloop
  endfacet
  facet normal 0 0 1
    outer loop
      vertex 21.15 41.7645 1.8
      vertex 17.25 39.5128 1.8
      vertex 21.15 37.2611 1.8
    endloop
  endfacet
  facet normal 0 0 1
    outer loop
      vertex 26.55 51.1176 1.8
      vertex 30.45 53.3692 1.8
      vertex 26.55 55.6209 1.8
    endloop
  endfacet
  facet normal 0 0 1
    outer loop
      vertex 30.45 53.3692 1.8
      vertex 26.55 51.1176 1.8
      vertex 29.25 46.441 1.8
    endloop
  endfacet
  facet normal -0 0 1
    outer loop
      vertex 21.15 55.6209 1.8
      vertex 26.55 51.1176 1.8
      vertex 26.55 55.6209 1.8
    endloop
  endfacet
  facet normal 0 0 1
    outer loop
      vertex 21.15 55.6209 1.8
      vertex 21.15 51.1176 1.8
      vertex 26.55 51.1176 1.8
    endloop
  endfacet
  facet normal 0 0 1
    outer loop
      vertex 17.25 53.3692 1.8
      vertex 21.15 55.6209 1.8
      vertex 18.45 60.2974 1.8
    endloop
  endfacet
  facet normal 0 0 1
    outer loop
      vertex 21.15 55.6209 1.8
      vertex 17.25 53.3692 1.8
      vertex 21.15 51.1176 1.8
    endloop
  endfacet
  facet normal 0 0 1
    outer loop
      vertex 26.55 64.974 1.8
      vertex 30.45 67.2256 1.8
      vertex 26.55 69.4773 1.8
    endloop
  endfacet
  facet normal 0 0 1
    outer loop
      vertex 30.45 67.2256 1.8
      vertex 26.55 64.974 1.8
      vertex 29.25 60.2974 1.8
    endloop
  endfacet
  facet normal -0 0 1
    outer loop
      vertex 21.15 69.4773 1.8
      vertex 26.55 64.974 1.8
      vertex 26.55 69.4773 1.8
    endloop
  endfacet
  facet normal 0 0 1
    outer loop
      vertex 21.15 69.4773 1.8
      vertex 21.15 64.974 1.8
      vertex 26.55 64.974 1.8
    endloop
  endfacet
  facet normal 0 0 1
    outer loop
      vertex 17.25 67.2256 1.8
      vertex 21.15 69.4773 1.8
      vertex 18.45 74.1538 1.8
    endloop
  endfacet
  facet normal 0 0 1
    outer loop
      vertex 21.15 69.4773 1.8
      vertex 17.25 67.2256 1.8
      vertex 21.15 64.974 1.8
    endloop
  endfacet
  facet normal 0 0 1
    outer loop
      vertex 33.15 71.9022 1.8
      vertex 29.25 74.1538 1.8
      vertex 30.45 67.2256 1.8
    endloop
  endfacet
  facet normal 0 0 1
    outer loop
      vertex 30.45 67.2256 1.8
      vertex 29.25 60.2974 1.8
      vertex 30.45 53.3692 1.8
    endloop
  endfacet
  facet normal -0 0 1
    outer loop
      vertex 26.55 69.4773 1.8
      vertex 30.45 67.2256 1.8
      vertex 29.25 74.1538 1.8
    endloop
  endfacet
  facet normal 0 0 1
    outer loop
      vertex 30.45 81.082 1.8
      vertex 26.55 78.8304 1.8
      vertex 29.25 74.1538 1.8
    endloop
  endfacet
  facet normal 0 0 1
    outer loop
      vertex 31.2109 82.4 1.8
      vertex 26.55 78.8304 1.8
      vertex 30.45 81.082 1.8
    endloop
  endfacet
  facet normal 0 0 1
    outer loop
      vertex 31.2109 82.4 1.8
      vertex 21.15 78.8304 1.8
      vertex 26.55 78.8304 1.8
    endloop
  endfacet
  facet normal 0 0 1
    outer loop
      vertex 21.15 64.974 1.8
      vertex 17.25 67.2256 1.8
      vertex 18.45 60.2974 1.8
    endloop
  endfacet
  facet normal 0 0 1
    outer loop
      vertex 21.15 51.1176 1.8
      vertex 17.25 53.3692 1.8
      vertex 18.45 46.441 1.8
    endloop
  endfacet
  facet normal -0 0 1
    outer loop
      vertex 14.55 76.4055 1.8
      vertex 18.45 74.1538 1.8
      vertex 17.25 81.082 1.8
    endloop
  endfacet
  facet normal 0 0 1
    outer loop
      vertex 21.15 78.8304 1.8
      vertex 17.25 81.082 1.8
      vertex 18.45 74.1538 1.8
    endloop
  endfacet
  facet normal -0 0 1
    outer loop
      vertex 16.4891 82.4 1.8
      vertex 21.15 78.8304 1.8
      vertex 31.2109 82.4 1.8
    endloop
  endfacet
  facet normal 0 0 1
    outer loop
      vertex 21.15 78.8304 1.8
      vertex 16.4891 82.4 1.8
      vertex 17.25 81.082 1.8
    endloop
  endfacet
  facet normal 0 0 1
    outer loop
      vertex 38.55 44.1894 1.8
      vertex 42.45 46.441 1.8
      vertex 38.55 48.6927 1.8
    endloop
  endfacet
  facet normal 0 0 1
    outer loop
      vertex 42.45 46.441 1.8
      vertex 38.55 44.1894 1.8
      vertex 41.25 39.5128 1.8
    endloop
  endfacet
  facet normal -0 0 1
    outer loop
      vertex 33.15 48.6927 1.8
      vertex 38.55 44.1894 1.8
      vertex 38.55 48.6927 1.8
    endloop
  endfacet
  facet normal 0 0 1
    outer loop
      vertex 33.15 48.6927 1.8
      vertex 33.15 44.1894 1.8
      vertex 38.55 44.1894 1.8
    endloop
  endfacet
  facet normal 0 0 1
    outer loop
      vertex 30.45 53.3692 1.8
      vertex 33.15 44.1894 1.8
      vertex 33.15 48.6927 1.8
    endloop
  endfacet
  facet normal 0 0 1
    outer loop
      vertex 33.15 44.1894 1.8
      vertex 30.45 53.3692 1.8
      vertex 30.45 39.5128 1.8
    endloop
  endfacet
  facet normal 0 0 1
    outer loop
      vertex 38.55 58.0458 1.8
      vertex 42.45 60.2974 1.8
      vertex 38.55 62.5491 1.8
    endloop
  endfacet
  facet normal 0 0 1
    outer loop
      vertex 42.45 60.2974 1.8
      vertex 38.55 58.0458 1.8
      vertex 41.25 53.3692 1.8
    endloop
  endfacet
  facet normal -0 0 1
    outer loop
      vertex 33.15 62.5491 1.8
      vertex 38.55 58.0458 1.8
      vertex 38.55 62.5491 1.8
    endloop
  endfacet
  facet normal 0 0 1
    outer loop
      vertex 33.15 62.5491 1.8
      vertex 33.15 58.0458 1.8
      vertex 38.55 58.0458 1.8
    endloop
  endfacet
  facet normal 0 0 1
    outer loop
      vertex 30.45 67.2256 1.8
      vertex 33.15 58.0458 1.8
      vertex 33.15 62.5491 1.8
    endloop
  endfacet
  facet normal 0 0 1
    outer loop
      vertex 33.15 58.0458 1.8
      vertex 30.45 67.2256 1.8
      vertex 30.45 53.3692 1.8
    endloop
  endfacet
  facet normal 0 0 1
    outer loop
      vertex 38.55 71.9022 1.8
      vertex 42.45 74.1538 1.8
      vertex 38.55 76.4055 1.8
    endloop
  endfacet
  facet normal 0 0 1
    outer loop
      vertex 42.45 74.1538 1.8
      vertex 38.55 71.9022 1.8
      vertex 41.25 67.2256 1.8
    endloop
  endfacet
  facet normal -0 0 1
    outer loop
      vertex 33.15 76.4055 1.8
      vertex 38.55 71.9022 1.8
      vertex 38.55 76.4055 1.8
    endloop
  endfacet
  facet normal 0 0 1
    outer loop
      vertex 33.15 76.4055 1.8
      vertex 33.15 71.9022 1.8
      vertex 38.55 71.9022 1.8
    endloop
  endfacet
  facet normal 0 0 1
    outer loop
      vertex 29.25 74.1538 1.8
      vertex 33.15 76.4055 1.8
      vertex 30.45 81.082 1.8
    endloop
  endfacet
  facet normal 0 0 1
    outer loop
      vertex 33.15 76.4055 1.8
      vertex 29.25 74.1538 1.8
      vertex 33.15 71.9022 1.8
    endloop
  endfacet
  facet normal 0 0 1
    outer loop
      vertex 56.2279 32.8658 1.8
      vertex 50.55 37.2611 1.8
      vertex 55.7147 32.7637 1.8
    endloop
  endfacet
  facet normal 0 0 1
    outer loop
      vertex 55.7147 32.7637 1.8
      vertex 50.55 37.2611 1.8
      vertex 53.25 32.5846 1.8
    endloop
  endfacet
  facet normal -0 0 1
    outer loop
      vertex 45.15 41.7645 1.8
      vertex 50.55 37.2611 1.8
      vertex 50.55 41.7645 1.8
    endloop
  endfacet
  facet normal 0 0 1
    outer loop
      vertex 45.15 41.7645 1.8
      vertex 45.15 37.2611 1.8
      vertex 50.55 37.2611 1.8
    endloop
  endfacet
  facet normal 0 0 1
    outer loop
      vertex 41.25 39.5128 1.8
      vertex 45.15 41.7645 1.8
      vertex 42.45 46.441 1.8
    endloop
  endfacet
  facet normal 0 0 1
    outer loop
      vertex 45.15 41.7645 1.8
      vertex 41.25 39.5128 1.8
      vertex 45.15 37.2611 1.8
    endloop
  endfacet
  facet normal -0 0 1
    outer loop
      vertex 50.55 55.6209 1.8
      vertex 53.25 46.441 1.8
      vertex 53.25 60.2974 1.8
    endloop
  endfacet
  facet normal 0 0 1
    outer loop
      vertex 50.55 55.6209 1.8
      vertex 50.55 51.1176 1.8
      vertex 53.25 46.441 1.8
    endloop
  endfacet
  facet normal -0 0 1
    outer loop
      vertex 45.15 55.6209 1.8
      vertex 50.55 51.1176 1.8
      vertex 50.55 55.6209 1.8
    endloop
  endfacet
  facet normal 0 0 1
    outer loop
      vertex 45.15 55.6209 1.8
      vertex 45.15 51.1176 1.8
      vertex 50.55 51.1176 1.8
    endloop
  endfacet
  facet normal 0 0 1
    outer loop
      vertex 41.25 53.3692 1.8
      vertex 45.15 55.6209 1.8
      vertex 42.45 60.2974 1.8
    endloop
  endfacet
  facet normal 0 0 1
    outer loop
      vertex 45.15 55.6209 1.8
      vertex 41.25 53.3692 1.8
      vertex 45.15 51.1176 1.8
    endloop
  endfacet
  facet normal -0 0 1
    outer loop
      vertex 50.55 69.4773 1.8
      vertex 53.25 60.2974 1.8
      vertex 53.25 74.1538 1.8
    endloop
  endfacet
  facet normal 0 0 1
    outer loop
      vertex 50.55 69.4773 1.8
      vertex 50.55 64.974 1.8
      vertex 53.25 60.2974 1.8
    endloop
  endfacet
  facet normal -0 0 1
    outer loop
      vertex 45.15 69.4773 1.8
      vertex 50.55 64.974 1.8
      vertex 50.55 69.4773 1.8
    endloop
  endfacet
  facet normal 0 0 1
    outer loop
      vertex 45.15 69.4773 1.8
      vertex 45.15 64.974 1.8
      vertex 50.55 64.974 1.8
    endloop
  endfacet
  facet normal 0 0 1
    outer loop
      vertex 41.25 67.2256 1.8
      vertex 45.15 69.4773 1.8
      vertex 42.45 74.1538 1.8
    endloop
  endfacet
  facet normal 0 0 1
    outer loop
      vertex 45.15 69.4773 1.8
      vertex 41.25 67.2256 1.8
      vertex 45.15 64.974 1.8
    endloop
  endfacet
  facet normal -0 0 1
    outer loop
      vertex 53.25 60.2974 1.8
      vertex 60.25 32.4 1.8
      vertex 60.25 82.4 1.8
    endloop
  endfacet
  facet normal -0 0 1
    outer loop
      vertex 53.25 46.441 1.8
      vertex 60.25 32.4 1.8
      vertex 53.25 60.2974 1.8
    endloop
  endfacet
  facet normal -0 -0 1
    outer loop
      vertex 57.7853 32.7637 1.8
      vertex 60.25 32.4 1.8
      vertex 53.25 46.441 1.8
    endloop
  endfacet
  facet normal 0 0 1
    outer loop
      vertex 60.25 32.4 1.8
      vertex 58.2807 32.5955 1.8
      vertex 58.6772 32.4 1.8
    endloop
  endfacet
  facet normal 0 0 1
    outer loop
      vertex 60.25 32.4 1.8
      vertex 57.7853 32.7637 1.8
      vertex 58.2807 32.5955 1.8
    endloop
  endfacet
  facet normal 0 0 1
    outer loop
      vertex 57.7853 32.7637 1.8
      vertex 53.25 46.441 1.8
      vertex 57.2721 32.8658 1.8
    endloop
  endfacet
  facet normal 0 0 1
    outer loop
      vertex 57.2721 32.8658 1.8
      vertex 50.55 41.7645 1.8
      vertex 56.75 32.9 1.8
    endloop
  endfacet
  facet normal -0 0 1
    outer loop
      vertex 50.55 37.2611 1.8
      vertex 56.75 32.9 1.8
      vertex 50.55 41.7645 1.8
    endloop
  endfacet
  facet normal 0 0 1
    outer loop
      vertex 56.75 32.9 1.8
      vertex 50.55 37.2611 1.8
      vertex 56.2279 32.8658 1.8
    endloop
  endfacet
  facet normal 0 0 1
    outer loop
      vertex 53.25 60.2974 1.8
      vertex 60.25 82.4 1.8
      vertex 53.25 74.1538 1.8
    endloop
  endfacet
  facet normal 0 0 1
    outer loop
      vertex 60.25 82.4 1.8
      vertex 50.55 78.8304 1.8
      vertex 53.25 74.1538 1.8
    endloop
  endfacet
  facet normal -0 0 1
    outer loop
      vertex 40.4891 82.4 1.8
      vertex 50.55 78.8304 1.8
      vertex 60.25 82.4 1.8
    endloop
  endfacet
  facet normal 0 0 1
    outer loop
      vertex 45.15 64.974 1.8
      vertex 41.25 67.2256 1.8
      vertex 42.45 60.2974 1.8
    endloop
  endfacet
  facet normal 0 0 1
    outer loop
      vertex 45.15 51.1176 1.8
      vertex 41.25 53.3692 1.8
      vertex 42.45 46.441 1.8
    endloop
  endfacet
  facet normal -0 0 1
    outer loop
      vertex 38.55 76.4055 1.8
      vertex 42.45 74.1538 1.8
      vertex 41.25 81.082 1.8
    endloop
  endfacet
  facet normal 0 0 1
    outer loop
      vertex 45.15 78.8304 1.8
      vertex 41.25 81.082 1.8
      vertex 42.45 74.1538 1.8
    endloop
  endfacet
  facet normal 0 0 1
    outer loop
      vertex 50.55 78.8304 1.8
      vertex 40.4891 82.4 1.8
      vertex 45.15 78.8304 1.8
    endloop
  endfacet
  facet normal 0 0 1
    outer loop
      vertex 45.15 78.8304 1.8
      vertex 40.4891 82.4 1.8
      vertex 41.25 81.082 1.8
    endloop
  endfacet
  facet normal -0 0 1
    outer loop
      vertex 50.55 41.7645 1.8
      vertex 57.2721 32.8658 1.8
      vertex 53.25 46.441 1.8
    endloop
  endfacet
  facet normal 0 0 1
    outer loop
      vertex 55.7147 32.7637 1.8
      vertex 53.25 32.5846 1.8
      vertex 55.2193 32.5955 1.8
    endloop
  endfacet
  facet normal 0 0 1
    outer loop
      vertex 55.2193 32.5955 1.8
      vertex 53.25 32.5846 1.8
      vertex 54.8228 32.4 1.8
    endloop
  endfacet
  facet normal 0 0 1
    outer loop
      vertex 54.8228 32.4 1.8
      vertex 53.25 32.5846 1.8
      vertex 53.1434 32.4 1.8
    endloop
  endfacet
  facet normal -0 0 1
    outer loop
      vertex 38.55 62.5491 1.8
      vertex 42.45 60.2974 1.8
      vertex 41.25 67.2256 1.8
    endloop
  endfacet
  facet normal -0 0 1
    outer loop
      vertex 38.55 48.6927 1.8
      vertex 42.45 46.441 1.8
      vertex 41.25 53.3692 1.8
    endloop
  endfacet
  facet normal 0 0 1
    outer loop
      vertex 45.15 37.2611 1.8
      vertex 41.25 39.5128 1.8
      vertex 42.45 32.5846 1.8
    endloop
  endfacet
  facet normal -0 0 1
    outer loop
      vertex 38.55 34.8363 1.8
      vertex 42.45 32.5846 1.8
      vertex 41.25 39.5128 1.8
    endloop
  endfacet
  facet normal 0 0 1
    outer loop
      vertex 38.55 34.8363 1.8
      vertex 42.5566 32.4 1.8
      vertex 42.45 32.5846 1.8
    endloop
  endfacet
  facet normal -0 0 1
    outer loop
      vertex 33.15 34.8363 1.8
      vertex 42.5566 32.4 1.8
      vertex 38.55 34.8363 1.8
    endloop
  endfacet
  facet normal -0 0 1
    outer loop
      vertex 26.55 55.6209 1.8
      vertex 30.45 53.3692 1.8
      vertex 29.25 60.2974 1.8
    endloop
  endfacet
  facet normal 0 0 1
    outer loop
      vertex 30.45 53.3692 1.8
      vertex 29.25 46.441 1.8
      vertex 30.45 39.5128 1.8
    endloop
  endfacet
  facet normal -0 0 1
    outer loop
      vertex 26.55 41.7645 1.8
      vertex 30.45 39.5128 1.8
      vertex 29.25 46.441 1.8
    endloop
  endfacet
  facet normal 0 0 1
    outer loop
      vertex 29.25 32.5846 1.8
      vertex 33.15 34.8363 1.8
      vertex 30.45 39.5128 1.8
    endloop
  endfacet
  facet normal 0 0 1
    outer loop
      vertex 29.1434 32.4 1.8
      vertex 33.15 34.8363 1.8
      vertex 29.25 32.5846 1.8
    endloop
  endfacet
  facet normal 0 0 1
    outer loop
      vertex 33.15 34.8363 1.8
      vertex 29.1434 32.4 1.8
      vertex 42.5566 32.4 1.8
    endloop
  endfacet
  facet normal -0 0 1
    outer loop
      vertex 14.55 62.5491 1.8
      vertex 18.45 60.2974 1.8
      vertex 17.25 67.2256 1.8
    endloop
  endfacet
  facet normal -0 0 1
    outer loop
      vertex 14.55 48.6927 1.8
      vertex 18.45 46.441 1.8
      vertex 17.25 53.3692 1.8
    endloop
  endfacet
  facet normal 0 0 1
    outer loop
      vertex 21.15 37.2611 1.8
      vertex 17.25 39.5128 1.8
      vertex 18.45 32.5846 1.8
    endloop
  endfacet
  facet normal -0 0 1
    outer loop
      vertex 14.55 34.8363 1.8
      vertex 18.45 32.5846 1.8
      vertex 17.25 39.5128 1.8
    endloop
  endfacet
  facet normal 0 0 1
    outer loop
      vertex 14.55 34.8363 1.8
      vertex 18.5566 32.4 1.8
      vertex 18.45 32.5846 1.8
    endloop
  endfacet
  facet normal 0 0 1
    outer loop
      vertex 14.55 34.8363 1.8
      vertex 9.6772 32.4 1.8
      vertex 18.5566 32.4 1.8
    endloop
  endfacet
  facet normal -0 0 1
    outer loop
      vertex 9.15 34.8363 1.8
      vertex 9.6772 32.4 1.8
      vertex 14.55 34.8363 1.8
    endloop
  endfacet
  facet normal 0 0 1
    outer loop
      vertex 9.6772 32.4 1.8
      vertex 9.15 34.8363 1.8
      vertex 9.28073 32.5955 1.8
    endloop
  endfacet
  facet normal 0 0 1
    outer loop
      vertex 9.15 34.8363 1.8
      vertex 8.78528 32.7637 1.8
      vertex 9.28073 32.5955 1.8
    endloop
  endfacet
  facet normal 0 0 1
    outer loop
      vertex 9.15 34.8363 1.8
      vertex 8.2721 32.8658 1.8
      vertex 8.78528 32.7637 1.8
    endloop
  endfacet
  facet normal 0 0 1
    outer loop
      vertex 9.15 34.8363 1.8
      vertex 7.75 32.9 1.8
      vertex 8.2721 32.8658 1.8
    endloop
  endfacet
  facet normal 0 0 1
    outer loop
      vertex 9.15 34.8363 1.8
      vertex 7.22789 32.8658 1.8
      vertex 7.75 32.9 1.8
    endloop
  endfacet
  facet normal 0 0 1
    outer loop
      vertex 9.15 34.8363 1.8
      vertex 6.71472 32.7637 1.8
      vertex 7.22789 32.8658 1.8
    endloop
  endfacet
  facet normal 0 0 1
    outer loop
      vertex 6.45 39.5128 1.8
      vertex 6.71472 32.7637 1.8
      vertex 9.15 34.8363 1.8
    endloop
  endfacet
  facet normal 0 0 1
    outer loop
      vertex 6.71472 32.7637 1.8
      vertex 6.45 39.5128 1.8
      vertex 6.21927 32.5955 1.8
    endloop
  endfacet
  facet normal 1 -0 0
    outer loop
      vertex 62.05 5.4 1.8
      vertex 62.05 114.4 0
      vertex 62.05 114.4 1.8
    endloop
  endfacet
  facet normal 1 -0 0
    outer loop
      vertex 62.05 5.4 0.4
      vertex 62.05 114.4 0
      vertex 62.05 5.4 1.8
    endloop
  endfacet
  facet normal 1 0 0
    outer loop
      vertex 62.05 2.4 0
      vertex 62.05 5.4 0.4
      vertex 62.05 2.4 0.4
    endloop
  endfacet
  facet normal 1 0 0
    outer loop
      vertex 62.05 5.4 0.4
      vertex 62.05 2.4 0
      vertex 62.05 114.4 0
    endloop
  endfacet
  facet normal 0 0 -1
    outer loop
      vertex 14.6297 90.4 0
      vertex 19.8297 90.4 0
      vertex 16.4891 82.4 0
    endloop
  endfacet
  facet normal 0 0 -1
    outer loop
      vertex 19.8297 90.4 0
      vertex 14.6297 90.4 0
      vertex 17.25 94.9384 0
    endloop
  endfacet
  facet normal 0 0 -1
    outer loop
      vertex 10.526 86.5345 0
      vertex 14.6297 90.4 0
      vertex 16.4891 82.4 0
    endloop
  endfacet
  facet normal 0 0 -1
    outer loop
      vertex 14.6297 90.4 0
      vertex 10.526 86.5345 0
      vertex 10.55 86.9 0
    endloop
  endfacet
  facet normal 0 0 -1
    outer loop
      vertex 16.4891 82.4 0
      vertex 10.4546 86.1753 0
      vertex 10.526 86.5345 0
    endloop
  endfacet
  facet normal 0 0 -1
    outer loop
      vertex 16.4891 82.4 0
      vertex 10.3369 85.8285 0
      vertex 10.4546 86.1753 0
    endloop
  endfacet
  facet normal 0 0 -1
    outer loop
      vertex 16.4891 82.4 0
      vertex 10.1749 85.5 0
      vertex 10.3369 85.8285 0
    endloop
  endfacet
  facet normal 0 0 -1
    outer loop
      vertex 16.4891 82.4 0
      vertex 9.97139 85.1955 0
      vertex 10.1749 85.5 0
    endloop
  endfacet
  facet normal 0 0 -1
    outer loop
      vertex 16.4891 82.4 0
      vertex 9.7299 84.9201 0
      vertex 9.97139 85.1955 0
    endloop
  endfacet
  facet normal 0 0 -1
    outer loop
      vertex 16.4891 82.4 0
      vertex 9.45453 84.6786 0
      vertex 9.7299 84.9201 0
    endloop
  endfacet
  facet normal 0 0 -1
    outer loop
      vertex 16.4891 82.4 0
      vertex 9.15 84.4751 0
      vertex 9.45453 84.6786 0
    endloop
  endfacet
  facet normal 0 0 -1
    outer loop
      vertex 7.21093 82.4 0
      vertex 9.15 84.4751 0
      vertex 16.4891 82.4 0
    endloop
  endfacet
  facet normal 0 0 -1
    outer loop
      vertex 9.15 84.4751 0
      vertex 7.21093 82.4 0
      vertex 8.82151 84.3131 0
    endloop
  endfacet
  facet normal 0 0 -1
    outer loop
      vertex 8.82151 84.3131 0
      vertex 7.21093 82.4 0
      vertex 8.47469 84.1954 0
    endloop
  endfacet
  facet normal 0 0 -1
    outer loop
      vertex 8.47469 84.1954 0
      vertex 7.21093 82.4 0
      vertex 8.11547 84.124 0
    endloop
  endfacet
  facet normal 0 0 -1
    outer loop
      vertex 8.11547 84.124 0
      vertex 7.21093 82.4 0
      vertex 7.75 84.1 0
    endloop
  endfacet
  facet normal -0 0 -1
    outer loop
      vertex 7.75 84.1 0
      vertex 7.21093 82.4 0
      vertex 7.38453 84.124 0
    endloop
  endfacet
  facet normal 0 0 -1
    outer loop
      vertex 7.21093 82.4 0
      vertex 7.02531 84.1954 0
      vertex 7.38453 84.124 0
    endloop
  endfacet
  facet normal 0 0 -1
    outer loop
      vertex 7.21093 82.4 0
      vertex 6.67849 84.3131 0
      vertex 7.02531 84.1954 0
    endloop
  endfacet
  facet normal 0 0 -1
    outer loop
      vertex 6.35 84.4751 0
      vertex 7.21093 82.4 0
      vertex 6.45 81.082 0
    endloop
  endfacet
  facet normal 0 0 -1
    outer loop
      vertex 7.21093 82.4 0
      vertex 6.35 84.4751 0
      vertex 6.67849 84.3131 0
    endloop
  endfacet
  facet normal 0 0 -1
    outer loop
      vertex 6.45 67.2256 0
      vertex 6.35 84.4751 0
      vertex 6.45 81.082 0
    endloop
  endfacet
  facet normal 0 0 -1
    outer loop
      vertex 5.32513 30.3 0
      vertex 6.45 39.5128 0
      vertex 5.52861 30.6045 0
    endloop
  endfacet
  facet normal 0 0 -1
    outer loop
      vertex 6.45 67.2256 0
      vertex 6.04547 84.6786 0
      vertex 6.35 84.4751 0
    endloop
  endfacet
  facet normal 0 0 -1
    outer loop
      vertex 5.16314 29.9715 0
      vertex 6.45 39.5128 0
      vertex 5.32513 30.3 0
    endloop
  endfacet
  facet normal 0 0 -1
    outer loop
      vertex 6.45 67.2256 0
      vertex 5.7701 84.9201 0
      vertex 6.04547 84.6786 0
    endloop
  endfacet
  facet normal 0 0 -1
    outer loop
      vertex 5.04541 29.6247 0
      vertex 6.45 39.5128 0
      vertex 5.16314 29.9715 0
    endloop
  endfacet
  facet normal 0 0 -1
    outer loop
      vertex 6.45 67.2256 0
      vertex 5.52861 85.1955 0
      vertex 5.7701 84.9201 0
    endloop
  endfacet
  facet normal -0 0 -1
    outer loop
      vertex 6.45 39.5128 0
      vertex 5.04541 29.6247 0
      vertex 6.45 53.3692 0
    endloop
  endfacet
  facet normal 0 0 -1
    outer loop
      vertex 6.45 67.2256 0
      vertex 5.32513 85.5 0
      vertex 5.52861 85.1955 0
    endloop
  endfacet
  facet normal 0 0 -1
    outer loop
      vertex 4.97395 29.2655 0
      vertex 6.45 53.3692 0
      vertex 5.04541 29.6247 0
    endloop
  endfacet
  facet normal 0 0 -1
    outer loop
      vertex 6.45 67.2256 0
      vertex 5.16314 85.8285 0
      vertex 5.32513 85.5 0
    endloop
  endfacet
  facet normal 0 0 -1
    outer loop
      vertex 4.97395 86.5345 0
      vertex 6.45 53.3692 0
      vertex 4.97395 29.2655 0
    endloop
  endfacet
  facet normal 0 0 -1
    outer loop
      vertex 6.45 67.2256 0
      vertex 5.04541 86.1753 0
      vertex 5.16314 85.8285 0
    endloop
  endfacet
  facet normal 0 0 -1
    outer loop
      vertex 6.45 53.3692 0
      vertex 4.97395 86.5345 0
      vertex 6.45 67.2256 0
    endloop
  endfacet
  facet normal 0 0 -1
    outer loop
      vertex 6.45 67.2256 0
      vertex 4.97395 86.5345 0
      vertex 5.04541 86.1753 0
    endloop
  endfacet
  facet normal 0 0 -1
    outer loop
      vertex 4.95 28.9 0
      vertex 4.97395 86.5345 0
      vertex 4.97395 29.2655 0
    endloop
  endfacet
  facet normal -0 0 -1
    outer loop
      vertex 4.97395 86.5345 0
      vertex 4.95 28.9 0
      vertex 4.95 86.9 0
    endloop
  endfacet
  facet normal 0 0 -1
    outer loop
      vertex 14.55 76.4055 0
      vertex 18.45 74.1538 0
      vertex 14.55 71.9022 0
    endloop
  endfacet
  facet normal 0 0 -1
    outer loop
      vertex 18.45 74.1538 0
      vertex 14.55 76.4055 0
      vertex 17.25 81.082 0
    endloop
  endfacet
  facet normal 0 0 -1
    outer loop
      vertex 9.15 71.9022 0
      vertex 14.55 76.4055 0
      vertex 14.55 71.9022 0
    endloop
  endfacet
  facet normal 0 0 -1
    outer loop
      vertex 9.15 71.9022 0
      vertex 9.15 76.4055 0
      vertex 14.55 76.4055 0
    endloop
  endfacet
  facet normal 0 0 -1
    outer loop
      vertex 6.45 67.2256 0
      vertex 9.15 76.4055 0
      vertex 9.15 71.9022 0
    endloop
  endfacet
  facet normal -0 0 -1
    outer loop
      vertex 9.15 76.4055 0
      vertex 6.45 67.2256 0
      vertex 6.45 81.082 0
    endloop
  endfacet
  facet normal 0 0 -1
    outer loop
      vertex 14.55 62.5491 0
      vertex 18.45 60.2974 0
      vertex 14.55 58.0458 0
    endloop
  endfacet
  facet normal 0 0 -1
    outer loop
      vertex 18.45 60.2974 0
      vertex 14.55 62.5491 0
      vertex 17.25 67.2256 0
    endloop
  endfacet
  facet normal 0 0 -1
    outer loop
      vertex 9.15 58.0458 0
      vertex 14.55 62.5491 0
      vertex 14.55 58.0458 0
    endloop
  endfacet
  facet normal 0 0 -1
    outer loop
      vertex 9.15 58.0458 0
      vertex 9.15 62.5491 0
      vertex 14.55 62.5491 0
    endloop
  endfacet
  facet normal 0 0 -1
    outer loop
      vertex 6.45 53.3692 0
      vertex 9.15 62.5491 0
      vertex 9.15 58.0458 0
    endloop
  endfacet
  facet normal -0 0 -1
    outer loop
      vertex 9.15 62.5491 0
      vertex 6.45 53.3692 0
      vertex 6.45 67.2256 0
    endloop
  endfacet
  facet normal 0 0 -1
    outer loop
      vertex 14.55 48.6927 0
      vertex 18.45 46.441 0
      vertex 14.55 44.1894 0
    endloop
  endfacet
  facet normal 0 0 -1
    outer loop
      vertex 18.45 46.441 0
      vertex 14.55 48.6927 0
      vertex 17.25 53.3692 0
    endloop
  endfacet
  facet normal 0 0 -1
    outer loop
      vertex 9.15 44.1894 0
      vertex 14.55 48.6927 0
      vertex 14.55 44.1894 0
    endloop
  endfacet
  facet normal 0 0 -1
    outer loop
      vertex 9.15 44.1894 0
      vertex 9.15 48.6927 0
      vertex 14.55 48.6927 0
    endloop
  endfacet
  facet normal 0 0 -1
    outer loop
      vertex 6.45 39.5128 0
      vertex 9.15 48.6927 0
      vertex 9.15 44.1894 0
    endloop
  endfacet
  facet normal -0 0 -1
    outer loop
      vertex 9.15 48.6927 0
      vertex 6.45 39.5128 0
      vertex 6.45 53.3692 0
    endloop
  endfacet
  facet normal 0 0 -1
    outer loop
      vertex 10.526 29.2655 0
      vertex 18.5566 32.4 0
      vertex 10.55 28.9 0
    endloop
  endfacet
  facet normal 0 0 -1
    outer loop
      vertex 14.55 20.9799 0
      vertex 18.45 18.7282 0
      vertex 14.55 16.4765 0
    endloop
  endfacet
  facet normal 0 0 -1
    outer loop
      vertex 18.45 18.7282 0
      vertex 14.55 20.9799 0
      vertex 16.5246 24.4 0
    endloop
  endfacet
  facet normal 0 0 -1
    outer loop
      vertex 9.15 16.4765 0
      vertex 14.55 20.9799 0
      vertex 14.55 16.4765 0
    endloop
  endfacet
  facet normal 0 0 -1
    outer loop
      vertex 9.15 16.4765 0
      vertex 9.15 20.9799 0
      vertex 14.55 20.9799 0
    endloop
  endfacet
  facet normal 0 0 -1
    outer loop
      vertex 9.15 16.4765 0
      vertex 7.17539 24.4 0
      vertex 9.15 20.9799 0
    endloop
  endfacet
  facet normal 0 0 -1
    outer loop
      vertex 7.17539 24.4 0
      vertex 6.67849 26.3131 0
      vertex 7.02531 26.1954 0
    endloop
  endfacet
  facet normal 0 0 -1
    outer loop
      vertex 6.45 11.8 0
      vertex 7.17539 24.4 0
      vertex 9.15 16.4765 0
    endloop
  endfacet
  facet normal 0 0 -1
    outer loop
      vertex 5.52861 27.1955 0
      vertex 7.17539 24.4 0
      vertex 6.45 11.8 0
    endloop
  endfacet
  facet normal 0 0 -1
    outer loop
      vertex 7.17539 24.4 0
      vertex 6.35 26.4751 0
      vertex 6.67849 26.3131 0
    endloop
  endfacet
  facet normal 0 0 -1
    outer loop
      vertex 18.45 32.5846 0
      vertex 14.55 34.8363 0
      vertex 17.25 39.5128 0
    endloop
  endfacet
  facet normal -0 0 -1
    outer loop
      vertex 18.5566 32.4 0
      vertex 10.526 29.2655 0
      vertex 18.45 32.5846 0
    endloop
  endfacet
  facet normal 0 0 -1
    outer loop
      vertex 16.5246 24.4 0
      vertex 10.526 28.5345 0
      vertex 10.55 28.9 0
    endloop
  endfacet
  facet normal 0 0 -1
    outer loop
      vertex 16.5246 24.4 0
      vertex 10.4546 28.1753 0
      vertex 10.526 28.5345 0
    endloop
  endfacet
  facet normal 0 0 -1
    outer loop
      vertex 16.5246 24.4 0
      vertex 10.3369 27.8285 0
      vertex 10.4546 28.1753 0
    endloop
  endfacet
  facet normal 0 0 -1
    outer loop
      vertex 16.5246 24.4 0
      vertex 10.1749 27.5 0
      vertex 10.3369 27.8285 0
    endloop
  endfacet
  facet normal 0 0 -1
    outer loop
      vertex 16.5246 24.4 0
      vertex 9.97139 27.1955 0
      vertex 10.1749 27.5 0
    endloop
  endfacet
  facet normal 0 0 -1
    outer loop
      vertex 16.5246 24.4 0
      vertex 9.7299 26.9201 0
      vertex 9.97139 27.1955 0
    endloop
  endfacet
  facet normal 0 0 -1
    outer loop
      vertex 16.5246 24.4 0
      vertex 9.45453 26.6786 0
      vertex 9.7299 26.9201 0
    endloop
  endfacet
  facet normal 0 0 -1
    outer loop
      vertex 16.5246 24.4 0
      vertex 9.15 26.4751 0
      vertex 9.45453 26.6786 0
    endloop
  endfacet
  facet normal 0 0 -1
    outer loop
      vertex 7.17539 24.4 0
      vertex 9.15 26.4751 0
      vertex 16.5246 24.4 0
    endloop
  endfacet
  facet normal 0 0 -1
    outer loop
      vertex 9.15 26.4751 0
      vertex 7.17539 24.4 0
      vertex 8.82151 26.3131 0
    endloop
  endfacet
  facet normal 0 0 -1
    outer loop
      vertex 8.82151 26.3131 0
      vertex 7.17539 24.4 0
      vertex 8.47469 26.1954 0
    endloop
  endfacet
  facet normal 0 0 -1
    outer loop
      vertex 8.47469 26.1954 0
      vertex 7.17539 24.4 0
      vertex 8.11547 26.124 0
    endloop
  endfacet
  facet normal 0 0 -1
    outer loop
      vertex 8.11547 26.124 0
      vertex 7.17539 24.4 0
      vertex 7.75 26.1 0
    endloop
  endfacet
  facet normal -0 0 -1
    outer loop
      vertex 7.75 26.1 0
      vertex 7.17539 24.4 0
      vertex 7.38453 26.124 0
    endloop
  endfacet
  facet normal -0 0 -1
    outer loop
      vertex 7.38453 26.124 0
      vertex 7.17539 24.4 0
      vertex 7.02531 26.1954 0
    endloop
  endfacet
  facet normal 0 0 -1
    outer loop
      vertex 10.4546 29.6247 0
      vertex 18.45 32.5846 0
      vertex 10.526 29.2655 0
    endloop
  endfacet
  facet normal -0 0 -1
    outer loop
      vertex 18.45 32.5846 0
      vertex 10.4546 29.6247 0
      vertex 14.55 34.8363 0
    endloop
  endfacet
  facet normal 0 0 -1
    outer loop
      vertex 10.3369 29.9715 0
      vertex 14.55 34.8363 0
      vertex 10.4546 29.6247 0
    endloop
  endfacet
  facet normal 0 0 -1
    outer loop
      vertex 10.1749 30.3 0
      vertex 14.55 34.8363 0
      vertex 10.3369 29.9715 0
    endloop
  endfacet
  facet normal 0 0 -1
    outer loop
      vertex 9.97139 30.6045 0
      vertex 14.55 34.8363 0
      vertex 10.1749 30.3 0
    endloop
  endfacet
  facet normal 0 0 -1
    outer loop
      vertex 9.7299 30.8799 0
      vertex 14.55 34.8363 0
      vertex 9.97139 30.6045 0
    endloop
  endfacet
  facet normal 0 0 -1
    outer loop
      vertex 9.15 34.8363 0
      vertex 9.7299 30.8799 0
      vertex 9.45453 31.1214 0
    endloop
  endfacet
  facet normal 0 0 -1
    outer loop
      vertex 9.15 34.8363 0
      vertex 9.45453 31.1214 0
      vertex 9.15 31.3249 0
    endloop
  endfacet
  facet normal 0 0 -1
    outer loop
      vertex 9.7299 30.8799 0
      vertex 9.15 34.8363 0
      vertex 14.55 34.8363 0
    endloop
  endfacet
  facet normal 0 0 -1
    outer loop
      vertex 8.82151 31.4869 0
      vertex 9.15 34.8363 0
      vertex 9.15 31.3249 0
    endloop
  endfacet
  facet normal 0 0 -1
    outer loop
      vertex 8.47469 31.6046 0
      vertex 9.15 34.8363 0
      vertex 8.82151 31.4869 0
    endloop
  endfacet
  facet normal 0 0 -1
    outer loop
      vertex 8.11547 31.676 0
      vertex 9.15 34.8363 0
      vertex 8.47469 31.6046 0
    endloop
  endfacet
  facet normal 0 0 -1
    outer loop
      vertex 7.75 31.7 0
      vertex 9.15 34.8363 0
      vertex 8.11547 31.676 0
    endloop
  endfacet
  facet normal 0 0 -1
    outer loop
      vertex 7.38453 31.676 0
      vertex 9.15 34.8363 0
      vertex 7.75 31.7 0
    endloop
  endfacet
  facet normal 0 0 -1
    outer loop
      vertex 7.02531 31.6046 0
      vertex 9.15 34.8363 0
      vertex 7.38453 31.676 0
    endloop
  endfacet
  facet normal 0 0 -1
    outer loop
      vertex 6.67849 31.4869 0
      vertex 9.15 34.8363 0
      vertex 7.02531 31.6046 0
    endloop
  endfacet
  facet normal 0 0 -1
    outer loop
      vertex 6.67849 31.4869 0
      vertex 6.45 39.5128 0
      vertex 9.15 34.8363 0
    endloop
  endfacet
  facet normal 0 0 -1
    outer loop
      vertex 5.7701 30.8799 0
      vertex 6.45 39.5128 0
      vertex 6.04547 31.1214 0
    endloop
  endfacet
  facet normal 0 0 -1
    outer loop
      vertex 6.04547 31.1214 0
      vertex 6.45 39.5128 0
      vertex 6.35 31.3249 0
    endloop
  endfacet
  facet normal 0 0 -1
    outer loop
      vertex 5.52861 30.6045 0
      vertex 6.45 39.5128 0
      vertex 5.7701 30.8799 0
    endloop
  endfacet
  facet normal 0 0 -1
    outer loop
      vertex 6.35 31.3249 0
      vertex 6.45 39.5128 0
      vertex 6.67849 31.4869 0
    endloop
  endfacet
  facet normal 0 0 -1
    outer loop
      vertex 10.526 87.2655 0
      vertex 14.6297 90.4 0
      vertex 10.55 86.9 0
    endloop
  endfacet
  facet normal 0 0 -1
    outer loop
      vertex 10.4546 87.6247 0
      vertex 14.6297 90.4 0
      vertex 10.526 87.2655 0
    endloop
  endfacet
  facet normal 0 0 -1
    outer loop
      vertex 10.3369 87.9715 0
      vertex 14.6297 90.4 0
      vertex 10.4546 87.6247 0
    endloop
  endfacet
  facet normal 0 0 -1
    outer loop
      vertex 10.1749 88.3 0
      vertex 14.6297 90.4 0
      vertex 10.3369 87.9715 0
    endloop
  endfacet
  facet normal 0 0 -1
    outer loop
      vertex 9.97139 88.6045 0
      vertex 14.6297 90.4 0
      vertex 10.1749 88.3 0
    endloop
  endfacet
  facet normal 0 0 -1
    outer loop
      vertex 9.7299 88.8799 0
      vertex 14.6297 90.4 0
      vertex 9.97139 88.6045 0
    endloop
  endfacet
  facet normal 0 0 -1
    outer loop
      vertex 9.07027 90.4 0
      vertex 9.7299 88.8799 0
      vertex 9.45453 89.1214 0
    endloop
  endfacet
  facet normal 0 0 -1
    outer loop
      vertex 9.07027 90.4 0
      vertex 9.45453 89.1214 0
      vertex 9.15 89.3249 0
    endloop
  endfacet
  facet normal 0 0 -1
    outer loop
      vertex 9.7299 88.8799 0
      vertex 9.07027 90.4 0
      vertex 14.6297 90.4 0
    endloop
  endfacet
  facet normal 0 0 -1
    outer loop
      vertex 8.82151 89.4869 0
      vertex 9.07027 90.4 0
      vertex 9.15 89.3249 0
    endloop
  endfacet
  facet normal 0 0 -1
    outer loop
      vertex 8.47469 89.6046 0
      vertex 9.07027 90.4 0
      vertex 8.82151 89.4869 0
    endloop
  endfacet
  facet normal 0 0 -1
    outer loop
      vertex 8.11547 89.676 0
      vertex 9.07027 90.4 0
      vertex 8.47469 89.6046 0
    endloop
  endfacet
  facet normal 0 0 -1
    outer loop
      vertex 7.75 89.7 0
      vertex 9.07027 90.4 0
      vertex 8.11547 89.676 0
    endloop
  endfacet
  facet normal 0 0 -1
    outer loop
      vertex 7.38453 89.676 0
      vertex 9.07027 90.4 0
      vertex 7.75 89.7 0
    endloop
  endfacet
  facet normal 0 0 -1
    outer loop
      vertex 6.45 94.9384 0
      vertex 7.38453 89.676 0
      vertex 7.02531 89.6046 0
    endloop
  endfacet
  facet normal 0 0 -1
    outer loop
      vertex 6.45 94.9384 0
      vertex 7.02531 89.6046 0
      vertex 6.67849 89.4869 0
    endloop
  endfacet
  facet normal 0 0 -1
    outer loop
      vertex 7.38453 89.676 0
      vertex 6.45 94.9384 0
      vertex 9.07027 90.4 0
    endloop
  endfacet
  facet normal 0 -0 -1
    outer loop
      vertex 6.45 94.9384 0
      vertex 6.67849 89.4869 0
      vertex 6.35 89.3249 0
    endloop
  endfacet
  facet normal 0 0 -1
    outer loop
      vertex 26.55 92.6868 0
      vertex 30.45 94.9384 0
      vertex 27.8703 90.4 0
    endloop
  endfacet
  facet normal -0 0 -1
    outer loop
      vertex 30.45 81.082 0
      vertex 26.55 78.8304 0
      vertex 27.8703 90.4 0
    endloop
  endfacet
  facet normal 0 0 -1
    outer loop
      vertex 21.15 78.8304 0
      vertex 27.8703 90.4 0
      vertex 26.55 78.8304 0
    endloop
  endfacet
  facet normal 0 0 -1
    outer loop
      vertex 21.15 78.8304 0
      vertex 19.8297 90.4 0
      vertex 27.8703 90.4 0
    endloop
  endfacet
  facet normal 0 0 -1
    outer loop
      vertex 17.25 81.082 0
      vertex 21.15 78.8304 0
      vertex 18.45 74.1538 0
    endloop
  endfacet
  facet normal 0 0 -1
    outer loop
      vertex 26.55 69.4773 0
      vertex 30.45 67.2256 0
      vertex 26.55 64.974 0
    endloop
  endfacet
  facet normal 0 0 -1
    outer loop
      vertex 30.45 67.2256 0
      vertex 26.55 69.4773 0
      vertex 29.25 74.1538 0
    endloop
  endfacet
  facet normal 0 0 -1
    outer loop
      vertex 21.15 64.974 0
      vertex 26.55 69.4773 0
      vertex 26.55 64.974 0
    endloop
  endfacet
  facet normal 0 0 -1
    outer loop
      vertex 21.15 64.974 0
      vertex 21.15 69.4773 0
      vertex 26.55 69.4773 0
    endloop
  endfacet
  facet normal 0 0 -1
    outer loop
      vertex 17.25 67.2256 0
      vertex 21.15 64.974 0
      vertex 18.45 60.2974 0
    endloop
  endfacet
  facet normal 0 0 -1
    outer loop
      vertex 21.15 64.974 0
      vertex 17.25 67.2256 0
      vertex 21.15 69.4773 0
    endloop
  endfacet
  facet normal 0 0 -1
    outer loop
      vertex 26.55 55.6209 0
      vertex 30.45 53.3692 0
      vertex 26.55 51.1176 0
    endloop
  endfacet
  facet normal 0 0 -1
    outer loop
      vertex 30.45 53.3692 0
      vertex 26.55 55.6209 0
      vertex 29.25 60.2974 0
    endloop
  endfacet
  facet normal 0 0 -1
    outer loop
      vertex 21.15 51.1176 0
      vertex 26.55 55.6209 0
      vertex 26.55 51.1176 0
    endloop
  endfacet
  facet normal 0 0 -1
    outer loop
      vertex 21.15 51.1176 0
      vertex 21.15 55.6209 0
      vertex 26.55 55.6209 0
    endloop
  endfacet
  facet normal 0 0 -1
    outer loop
      vertex 17.25 53.3692 0
      vertex 21.15 51.1176 0
      vertex 18.45 46.441 0
    endloop
  endfacet
  facet normal 0 0 -1
    outer loop
      vertex 21.15 51.1176 0
      vertex 17.25 53.3692 0
      vertex 21.15 55.6209 0
    endloop
  endfacet
  facet normal 0 0 -1
    outer loop
      vertex 26.55 41.7645 0
      vertex 30.45 39.5128 0
      vertex 26.55 37.2611 0
    endloop
  endfacet
  facet normal 0 0 -1
    outer loop
      vertex 30.45 39.5128 0
      vertex 26.55 41.7645 0
      vertex 29.25 46.441 0
    endloop
  endfacet
  facet normal 0 0 -1
    outer loop
      vertex 21.15 37.2611 0
      vertex 26.55 41.7645 0
      vertex 26.55 37.2611 0
    endloop
  endfacet
  facet normal 0 0 -1
    outer loop
      vertex 21.15 37.2611 0
      vertex 21.15 41.7645 0
      vertex 26.55 41.7645 0
    endloop
  endfacet
  facet normal 0 0 -1
    outer loop
      vertex 17.25 39.5128 0
      vertex 21.15 37.2611 0
      vertex 18.45 32.5846 0
    endloop
  endfacet
  facet normal 0 0 -1
    outer loop
      vertex 21.15 37.2611 0
      vertex 17.25 39.5128 0
      vertex 21.15 41.7645 0
    endloop
  endfacet
  facet normal 0 0 -1
    outer loop
      vertex 33.15 34.8363 0
      vertex 29.1434 32.4 0
      vertex 29.25 32.5846 0
    endloop
  endfacet
  facet normal -0 0 -1
    outer loop
      vertex 31.1754 24.4 0
      vertex 26.55 23.4047 0
      vertex 29.1434 32.4 0
    endloop
  endfacet
  facet normal 0 0 -1
    outer loop
      vertex 21.15 23.4047 0
      vertex 29.1434 32.4 0
      vertex 26.55 23.4047 0
    endloop
  endfacet
  facet normal 0 0 -1
    outer loop
      vertex 21.15 23.4047 0
      vertex 18.5566 32.4 0
      vertex 29.1434 32.4 0
    endloop
  endfacet
  facet normal 0 0 -1
    outer loop
      vertex 16.5246 24.4 0
      vertex 21.15 23.4047 0
      vertex 18.45 18.7282 0
    endloop
  endfacet
  facet normal 0 0 -1
    outer loop
      vertex 21.15 23.4047 0
      vertex 16.5246 24.4 0
      vertex 18.5566 32.4 0
    endloop
  endfacet
  facet normal -0 0 -1
    outer loop
      vertex 30.45 94.9384 0
      vertex 26.55 92.6868 0
      vertex 26.55 97.1901 0
    endloop
  endfacet
  facet normal 0 0 -1
    outer loop
      vertex 30.45 94.9384 0
      vertex 26.55 97.1901 0
      vertex 29.25 101.867 0
    endloop
  endfacet
  facet normal 0 0 -1
    outer loop
      vertex 21.15 92.6868 0
      vertex 26.55 97.1901 0
      vertex 26.55 92.6868 0
    endloop
  endfacet
  facet normal 0 0 -1
    outer loop
      vertex 21.15 92.6868 0
      vertex 21.15 97.1901 0
      vertex 26.55 97.1901 0
    endloop
  endfacet
  facet normal 0 0 -1
    outer loop
      vertex 17.25 94.9384 0
      vertex 21.15 92.6868 0
      vertex 19.8297 90.4 0
    endloop
  endfacet
  facet normal 0 0 -1
    outer loop
      vertex 21.15 92.6868 0
      vertex 17.25 94.9384 0
      vertex 21.15 97.1901 0
    endloop
  endfacet
  facet normal 0 0 -1
    outer loop
      vertex 16.4891 82.4 0
      vertex 21.15 78.8304 0
      vertex 17.25 81.082 0
    endloop
  endfacet
  facet normal 0 0 -1
    outer loop
      vertex 40.4891 82.4 0
      vertex 41.25 94.9384 0
      vertex 41.25 81.082 0
    endloop
  endfacet
  facet normal 0 0 -1
    outer loop
      vertex 40.4891 82.4 0
      vertex 38.6297 90.4 0
      vertex 41.25 94.9384 0
    endloop
  endfacet
  facet normal 0 0 -1
    outer loop
      vertex 40.4891 82.4 0
      vertex 33.0703 90.4 0
      vertex 38.6297 90.4 0
    endloop
  endfacet
  facet normal 0 0 -1
    outer loop
      vertex 31.2109 82.4 0
      vertex 33.0703 90.4 0
      vertex 40.4891 82.4 0
    endloop
  endfacet
  facet normal 0 0 -1
    outer loop
      vertex 27.8703 90.4 0
      vertex 31.2109 82.4 0
      vertex 30.45 81.082 0
    endloop
  endfacet
  facet normal 0 0 -1
    outer loop
      vertex 27.8703 90.4 0
      vertex 33.0703 90.4 0
      vertex 31.2109 82.4 0
    endloop
  endfacet
  facet normal 0 0 -1
    outer loop
      vertex 38.55 76.4055 0
      vertex 42.45 74.1538 0
      vertex 38.55 71.9022 0
    endloop
  endfacet
  facet normal 0 0 -1
    outer loop
      vertex 42.45 74.1538 0
      vertex 38.55 76.4055 0
      vertex 41.25 81.082 0
    endloop
  endfacet
  facet normal 0 0 -1
    outer loop
      vertex 33.15 71.9022 0
      vertex 38.55 76.4055 0
      vertex 38.55 71.9022 0
    endloop
  endfacet
  facet normal 0 0 -1
    outer loop
      vertex 33.15 71.9022 0
      vertex 33.15 76.4055 0
      vertex 38.55 76.4055 0
    endloop
  endfacet
  facet normal 0 0 -1
    outer loop
      vertex 29.25 74.1538 0
      vertex 33.15 71.9022 0
      vertex 30.45 67.2256 0
    endloop
  endfacet
  facet normal 0 0 -1
    outer loop
      vertex 33.15 71.9022 0
      vertex 29.25 74.1538 0
      vertex 33.15 76.4055 0
    endloop
  endfacet
  facet normal 0 0 -1
    outer loop
      vertex 38.55 62.5491 0
      vertex 42.45 60.2974 0
      vertex 38.55 58.0458 0
    endloop
  endfacet
  facet normal 0 0 -1
    outer loop
      vertex 42.45 60.2974 0
      vertex 38.55 62.5491 0
      vertex 41.25 67.2256 0
    endloop
  endfacet
  facet normal 0 0 -1
    outer loop
      vertex 33.15 58.0458 0
      vertex 38.55 62.5491 0
      vertex 38.55 58.0458 0
    endloop
  endfacet
  facet normal 0 0 -1
    outer loop
      vertex 33.15 58.0458 0
      vertex 33.15 62.5491 0
      vertex 38.55 62.5491 0
    endloop
  endfacet
  facet normal 0 0 -1
    outer loop
      vertex 29.25 60.2974 0
      vertex 33.15 58.0458 0
      vertex 30.45 53.3692 0
    endloop
  endfacet
  facet normal 0 0 -1
    outer loop
      vertex 33.15 58.0458 0
      vertex 29.25 60.2974 0
      vertex 33.15 62.5491 0
    endloop
  endfacet
  facet normal 0 0 -1
    outer loop
      vertex 38.55 48.6927 0
      vertex 42.45 46.441 0
      vertex 38.55 44.1894 0
    endloop
  endfacet
  facet normal 0 0 -1
    outer loop
      vertex 42.45 46.441 0
      vertex 38.55 48.6927 0
      vertex 41.25 53.3692 0
    endloop
  endfacet
  facet normal 0 0 -1
    outer loop
      vertex 33.15 44.1894 0
      vertex 38.55 48.6927 0
      vertex 38.55 44.1894 0
    endloop
  endfacet
  facet normal 0 0 -1
    outer loop
      vertex 33.15 44.1894 0
      vertex 33.15 48.6927 0
      vertex 38.55 48.6927 0
    endloop
  endfacet
  facet normal 0 0 -1
    outer loop
      vertex 29.25 46.441 0
      vertex 33.15 44.1894 0
      vertex 30.45 39.5128 0
    endloop
  endfacet
  facet normal 0 0 -1
    outer loop
      vertex 33.15 44.1894 0
      vertex 29.25 46.441 0
      vertex 33.15 48.6927 0
    endloop
  endfacet
  facet normal 0 0 -1
    outer loop
      vertex 42.5566 32.4 0
      vertex 38.55 34.8363 0
      vertex 42.45 32.5846 0
    endloop
  endfacet
  facet normal 0 0 -1
    outer loop
      vertex 38.55 20.9799 0
      vertex 42.45 18.7282 0
      vertex 38.55 16.4765 0
    endloop
  endfacet
  facet normal 0 0 -1
    outer loop
      vertex 42.45 18.7282 0
      vertex 38.55 20.9799 0
      vertex 40.5246 24.4 0
    endloop
  endfacet
  facet normal 0 0 -1
    outer loop
      vertex 33.15 16.4765 0
      vertex 38.55 20.9799 0
      vertex 38.55 16.4765 0
    endloop
  endfacet
  facet normal 0 0 -1
    outer loop
      vertex 33.15 16.4765 0
      vertex 33.15 20.9799 0
      vertex 38.55 20.9799 0
    endloop
  endfacet
  facet normal 0 0 -1
    outer loop
      vertex 29.25 18.7282 0
      vertex 33.15 20.9799 0
      vertex 33.15 16.4765 0
    endloop
  endfacet
  facet normal 0 0 -1
    outer loop
      vertex 29.25 18.7282 0
      vertex 33.15 16.4765 0
      vertex 30.45 11.8 0
    endloop
  endfacet
  facet normal 0 0 -1
    outer loop
      vertex 42.45 32.5846 0
      vertex 38.55 34.8363 0
      vertex 41.25 39.5128 0
    endloop
  endfacet
  facet normal 0 0 -1
    outer loop
      vertex 40.5246 24.4 0
      vertex 33.15 34.8363 0
      vertex 38.55 34.8363 0
    endloop
  endfacet
  facet normal 0 0 -1
    outer loop
      vertex 31.1754 24.4 0
      vertex 33.15 34.8363 0
      vertex 40.5246 24.4 0
    endloop
  endfacet
  facet normal 0 0 -1
    outer loop
      vertex 29.1434 32.4 0
      vertex 33.15 34.8363 0
      vertex 31.1754 24.4 0
    endloop
  endfacet
  facet normal -0 0 -1
    outer loop
      vertex 33.15 20.9799 0
      vertex 29.25 18.7282 0
      vertex 31.1754 24.4 0
    endloop
  endfacet
  facet normal 0 0 -1
    outer loop
      vertex 56.0253 89.6046 0
      vertex 50.55 92.6868 0
      vertex 56.3845 89.676 0
    endloop
  endfacet
  facet normal 0 0 -1
    outer loop
      vertex 45.15 78.8304 0
      vertex 54.0454 86.1753 0
      vertex 50.55 78.8304 0
    endloop
  endfacet
  facet normal 0 0 -1
    outer loop
      vertex 43.8297 90.4 0
      vertex 54.0454 86.1753 0
      vertex 45.15 78.8304 0
    endloop
  endfacet
  facet normal 0 0 -1
    outer loop
      vertex 54.0454 86.1753 0
      vertex 43.8297 90.4 0
      vertex 51.8703 90.4 0
    endloop
  endfacet
  facet normal 0 -0 -1
    outer loop
      vertex 43.8297 90.4 0
      vertex 45.15 78.8304 0
      vertex 42.45 74.1538 0
    endloop
  endfacet
  facet normal 0 0 -1
    outer loop
      vertex 50.55 64.974 0
      vertex 53.25 74.1538 0
      vertex 53.25 60.2974 0
    endloop
  endfacet
  facet normal 0 0 -1
    outer loop
      vertex 50.55 64.974 0
      vertex 50.55 69.4773 0
      vertex 53.25 74.1538 0
    endloop
  endfacet
  facet normal 0 0 -1
    outer loop
      vertex 45.15 64.974 0
      vertex 50.55 69.4773 0
      vertex 50.55 64.974 0
    endloop
  endfacet
  facet normal 0 0 -1
    outer loop
      vertex 45.15 64.974 0
      vertex 45.15 69.4773 0
      vertex 50.55 69.4773 0
    endloop
  endfacet
  facet normal 0 0 -1
    outer loop
      vertex 41.25 67.2256 0
      vertex 45.15 64.974 0
      vertex 42.45 60.2974 0
    endloop
  endfacet
  facet normal 0 0 -1
    outer loop
      vertex 45.15 64.974 0
      vertex 41.25 67.2256 0
      vertex 45.15 69.4773 0
    endloop
  endfacet
  facet normal 0 0 -1
    outer loop
      vertex 50.55 51.1176 0
      vertex 53.25 60.2974 0
      vertex 53.25 46.441 0
    endloop
  endfacet
  facet normal 0 0 -1
    outer loop
      vertex 50.55 51.1176 0
      vertex 50.55 55.6209 0
      vertex 53.25 60.2974 0
    endloop
  endfacet
  facet normal 0 0 -1
    outer loop
      vertex 45.15 51.1176 0
      vertex 50.55 55.6209 0
      vertex 50.55 51.1176 0
    endloop
  endfacet
  facet normal 0 0 -1
    outer loop
      vertex 45.15 51.1176 0
      vertex 45.15 55.6209 0
      vertex 50.55 55.6209 0
    endloop
  endfacet
  facet normal 0 0 -1
    outer loop
      vertex 41.25 53.3692 0
      vertex 45.15 51.1176 0
      vertex 42.45 46.441 0
    endloop
  endfacet
  facet normal 0 0 -1
    outer loop
      vertex 45.15 51.1176 0
      vertex 41.25 53.3692 0
      vertex 45.15 55.6209 0
    endloop
  endfacet
  facet normal 0 0 -1
    outer loop
      vertex 50.55 41.7645 0
      vertex 57.1155 31.676 0
      vertex 50.55 37.2611 0
    endloop
  endfacet
  facet normal 0 0 -1
    outer loop
      vertex 57.1155 31.676 0
      vertex 50.55 41.7645 0
      vertex 53.25 46.441 0
    endloop
  endfacet
  facet normal 0 0 -1
    outer loop
      vertex 45.15 37.2611 0
      vertex 50.55 41.7645 0
      vertex 50.55 37.2611 0
    endloop
  endfacet
  facet normal 0 0 -1
    outer loop
      vertex 45.15 37.2611 0
      vertex 45.15 41.7645 0
      vertex 50.55 41.7645 0
    endloop
  endfacet
  facet normal 0 0 -1
    outer loop
      vertex 41.25 39.5128 0
      vertex 45.15 37.2611 0
      vertex 42.45 32.5846 0
    endloop
  endfacet
  facet normal 0 0 -1
    outer loop
      vertex 45.15 37.2611 0
      vertex 41.25 39.5128 0
      vertex 45.15 41.7645 0
    endloop
  endfacet
  facet normal 0 0 -1
    outer loop
      vertex 55.0455 31.1214 0
      vertex 53.1434 32.4 0
      vertex 53.25 32.5846 0
    endloop
  endfacet
  facet normal 0 0 -1
    outer loop
      vertex 45.15 23.4047 0
      vertex 53.974 28.5345 0
      vertex 50.55 23.4047 0
    endloop
  endfacet
  facet normal 0 0 -1
    outer loop
      vertex 42.5566 32.4 0
      vertex 53.974 28.5345 0
      vertex 45.15 23.4047 0
    endloop
  endfacet
  facet normal 0 0 -1
    outer loop
      vertex 53.974 28.5345 0
      vertex 42.5566 32.4 0
      vertex 53.1434 32.4 0
    endloop
  endfacet
  facet normal 0 0 -1
    outer loop
      vertex 40.5246 24.4 0
      vertex 45.15 23.4047 0
      vertex 42.45 18.7282 0
    endloop
  endfacet
  facet normal 0 0 -1
    outer loop
      vertex 45.15 23.4047 0
      vertex 40.5246 24.4 0
      vertex 42.5566 32.4 0
    endloop
  endfacet
  facet normal 0 0 -1
    outer loop
      vertex 59.526 29.2655 0
      vertex 59.55 86.9 0
      vertex 59.55 28.9 0
    endloop
  endfacet
  facet normal 0 0 -1
    outer loop
      vertex 59.526 29.2655 0
      vertex 59.526 86.5345 0
      vertex 59.55 86.9 0
    endloop
  endfacet
  facet normal 0 0 -1
    outer loop
      vertex 59.4546 29.6247 0
      vertex 59.526 86.5345 0
      vertex 59.526 29.2655 0
    endloop
  endfacet
  facet normal 0 0 -1
    outer loop
      vertex 59.4546 29.6247 0
      vertex 59.4546 86.1753 0
      vertex 59.526 86.5345 0
    endloop
  endfacet
  facet normal 0 0 -1
    outer loop
      vertex 59.3369 29.9715 0
      vertex 59.4546 86.1753 0
      vertex 59.4546 29.6247 0
    endloop
  endfacet
  facet normal 0 0 -1
    outer loop
      vertex 59.3369 29.9715 0
      vertex 59.3369 85.8285 0
      vertex 59.4546 86.1753 0
    endloop
  endfacet
  facet normal 0 0 -1
    outer loop
      vertex 53.25 60.2974 0
      vertex 59.3369 29.9715 0
      vertex 59.1749 30.3 0
    endloop
  endfacet
  facet normal 0 0 -1
    outer loop
      vertex 59.3369 29.9715 0
      vertex 53.25 60.2974 0
      vertex 59.3369 85.8285 0
    endloop
  endfacet
  facet normal 0 0 -1
    outer loop
      vertex 53.25 46.441 0
      vertex 59.1749 30.3 0
      vertex 58.9714 30.6045 0
    endloop
  endfacet
  facet normal 0 0 -1
    outer loop
      vertex 59.3369 85.8285 0
      vertex 53.25 60.2974 0
      vertex 59.1749 85.5 0
    endloop
  endfacet
  facet normal 0 0 -1
    outer loop
      vertex 53.25 46.441 0
      vertex 58.9714 30.6045 0
      vertex 58.7299 30.8799 0
    endloop
  endfacet
  facet normal 0 0 -1
    outer loop
      vertex 59.1749 85.5 0
      vertex 53.25 60.2974 0
      vertex 58.9714 85.1955 0
    endloop
  endfacet
  facet normal 0 0 -1
    outer loop
      vertex 53.25 46.441 0
      vertex 58.7299 30.8799 0
      vertex 58.4545 31.1214 0
    endloop
  endfacet
  facet normal 0 0 -1
    outer loop
      vertex 53.25 74.1538 0
      vertex 58.9714 85.1955 0
      vertex 53.25 60.2974 0
    endloop
  endfacet
  facet normal 0 0 -1
    outer loop
      vertex 53.25 46.441 0
      vertex 58.4545 31.1214 0
      vertex 58.15 31.3249 0
    endloop
  endfacet
  facet normal 0 0 -1
    outer loop
      vertex 58.9714 85.1955 0
      vertex 53.25 74.1538 0
      vertex 58.7299 84.9201 0
    endloop
  endfacet
  facet normal 0 0 -1
    outer loop
      vertex 53.25 46.441 0
      vertex 58.15 31.3249 0
      vertex 57.8215 31.4869 0
    endloop
  endfacet
  facet normal 0 0 -1
    outer loop
      vertex 58.7299 84.9201 0
      vertex 53.25 74.1538 0
      vertex 58.4545 84.6786 0
    endloop
  endfacet
  facet normal 0 0 -1
    outer loop
      vertex 53.25 46.441 0
      vertex 57.8215 31.4869 0
      vertex 57.4747 31.6046 0
    endloop
  endfacet
  facet normal 0 0 -1
    outer loop
      vertex 58.4545 84.6786 0
      vertex 53.25 74.1538 0
      vertex 58.15 84.4751 0
    endloop
  endfacet
  facet normal 0 0 -1
    outer loop
      vertex 53.25 46.441 0
      vertex 57.4747 31.6046 0
      vertex 57.1155 31.676 0
    endloop
  endfacet
  facet normal 0 0 -1
    outer loop
      vertex 58.15 84.4751 0
      vertex 53.25 74.1538 0
      vertex 57.8215 84.3131 0
    endloop
  endfacet
  facet normal 0 0 -1
    outer loop
      vertex 50.55 37.2611 0
      vertex 57.1155 31.676 0
      vertex 56.75 31.7 0
    endloop
  endfacet
  facet normal 0 0 -1
    outer loop
      vertex 57.8215 84.3131 0
      vertex 53.25 74.1538 0
      vertex 57.4747 84.1954 0
    endloop
  endfacet
  facet normal 0 0 -1
    outer loop
      vertex 53.25 32.5846 0
      vertex 56.75 31.7 0
      vertex 56.3845 31.676 0
    endloop
  endfacet
  facet normal 0 0 -1
    outer loop
      vertex 57.4747 84.1954 0
      vertex 53.25 74.1538 0
      vertex 57.1155 84.124 0
    endloop
  endfacet
  facet normal 0 0 -1
    outer loop
      vertex 53.25 32.5846 0
      vertex 56.3845 31.676 0
      vertex 56.0253 31.6046 0
    endloop
  endfacet
  facet normal 0 0 -1
    outer loop
      vertex 57.1155 84.124 0
      vertex 53.25 74.1538 0
      vertex 56.75 84.1 0
    endloop
  endfacet
  facet normal 0 0 -1
    outer loop
      vertex 53.25 32.5846 0
      vertex 56.0253 31.6046 0
      vertex 55.6785 31.4869 0
    endloop
  endfacet
  facet normal -0 0 -1
    outer loop
      vertex 56.75 84.1 0
      vertex 53.25 74.1538 0
      vertex 56.3845 84.124 0
    endloop
  endfacet
  facet normal 0 0 -1
    outer loop
      vertex 53.25 32.5846 0
      vertex 55.6785 31.4869 0
      vertex 55.35 31.3249 0
    endloop
  endfacet
  facet normal 0 0 -1
    outer loop
      vertex 50.55 78.8304 0
      vertex 56.3845 84.124 0
      vertex 53.25 74.1538 0
    endloop
  endfacet
  facet normal 0 0 -1
    outer loop
      vertex 53.25 32.5846 0
      vertex 55.35 31.3249 0
      vertex 55.0455 31.1214 0
    endloop
  endfacet
  facet normal -0 0 -1
    outer loop
      vertex 56.3845 84.124 0
      vertex 50.55 78.8304 0
      vertex 56.0253 84.1954 0
    endloop
  endfacet
  facet normal 0 0 -1
    outer loop
      vertex 53.1434 32.4 0
      vertex 55.0455 31.1214 0
      vertex 54.7701 30.8799 0
    endloop
  endfacet
  facet normal -0 0 -1
    outer loop
      vertex 56.0253 84.1954 0
      vertex 50.55 78.8304 0
      vertex 55.6785 84.3131 0
    endloop
  endfacet
  facet normal 0 0 -1
    outer loop
      vertex 53.1434 32.4 0
      vertex 54.7701 30.8799 0
      vertex 54.5286 30.6045 0
    endloop
  endfacet
  facet normal -0 0 -1
    outer loop
      vertex 55.6785 84.3131 0
      vertex 50.55 78.8304 0
      vertex 55.35 84.4751 0
    endloop
  endfacet
  facet normal 0 0 -1
    outer loop
      vertex 53.1434 32.4 0
      vertex 54.5286 30.6045 0
      vertex 54.3251 30.3 0
    endloop
  endfacet
  facet normal -0 0 -1
    outer loop
      vertex 55.35 84.4751 0
      vertex 50.55 78.8304 0
      vertex 55.0455 84.6786 0
    endloop
  endfacet
  facet normal 0 0 -1
    outer loop
      vertex 53.1434 32.4 0
      vertex 54.3251 30.3 0
      vertex 54.1631 29.9715 0
    endloop
  endfacet
  facet normal -0 0 -1
    outer loop
      vertex 55.0455 84.6786 0
      vertex 50.55 78.8304 0
      vertex 54.7701 84.9201 0
    endloop
  endfacet
  facet normal 0 0 -1
    outer loop
      vertex 53.1434 32.4 0
      vertex 54.1631 29.9715 0
      vertex 54.0454 29.6247 0
    endloop
  endfacet
  facet normal -0 0 -1
    outer loop
      vertex 54.7701 84.9201 0
      vertex 50.55 78.8304 0
      vertex 54.5286 85.1955 0
    endloop
  endfacet
  facet normal 0 0 -1
    outer loop
      vertex 53.1434 32.4 0
      vertex 54.0454 29.6247 0
      vertex 53.974 29.2655 0
    endloop
  endfacet
  facet normal -0 0 -1
    outer loop
      vertex 54.5286 85.1955 0
      vertex 50.55 78.8304 0
      vertex 54.3251 85.5 0
    endloop
  endfacet
  facet normal 0 0 -1
    outer loop
      vertex 53.1434 32.4 0
      vertex 53.974 29.2655 0
      vertex 53.95 28.9 0
    endloop
  endfacet
  facet normal -0 0 -1
    outer loop
      vertex 54.3251 85.5 0
      vertex 50.55 78.8304 0
      vertex 54.1631 85.8285 0
    endloop
  endfacet
  facet normal 0 0 -1
    outer loop
      vertex 63.3 3.8147e-07 0
      vertex 62.05 2.4 0
      vertex 63.3 2.4 0
    endloop
  endfacet
  facet normal 0 0 -1
    outer loop
      vertex 62.05 2.4 0
      vertex 59.55 28.9 0
      vertex 62.05 114.4 0
    endloop
  endfacet
  facet normal 0 0 -1
    outer loop
      vertex 62.05 2.4 0
      vertex 59.526 28.5345 0
      vertex 59.55 28.9 0
    endloop
  endfacet
  facet normal 0 0 -1
    outer loop
      vertex 62.05 2.4 0
      vertex 59.4546 28.1753 0
      vertex 59.526 28.5345 0
    endloop
  endfacet
  facet normal 0 0 -1
    outer loop
      vertex 62.05 2.4 0
      vertex 59.3369 27.8285 0
      vertex 59.4546 28.1753 0
    endloop
  endfacet
  facet normal 0 0 -1
    outer loop
      vertex 62.05 2.4 0
      vertex 59.1749 27.5 0
      vertex 59.3369 27.8285 0
    endloop
  endfacet
  facet normal 0 0 -1
    outer loop
      vertex 62.05 2.4 0
      vertex 58.9714 27.1955 0
      vertex 59.1749 27.5 0
    endloop
  endfacet
  facet normal 0 0 -1
    outer loop
      vertex 62.05 2.4 0
      vertex 58.7299 26.9201 0
      vertex 58.9714 27.1955 0
    endloop
  endfacet
  facet normal 0 0 -1
    outer loop
      vertex 62.05 2.4 0
      vertex 58.4545 26.6786 0
      vertex 58.7299 26.9201 0
    endloop
  endfacet
  facet normal 0 0 -1
    outer loop
      vertex 53.25 18.7282 0
      vertex 58.4545 26.6786 0
      vertex 62.05 2.4 0
    endloop
  endfacet
  facet normal 0 0 -1
    outer loop
      vertex 58.4545 26.6786 0
      vertex 53.25 18.7282 0
      vertex 58.15 26.4751 0
    endloop
  endfacet
  facet normal 0 0 -1
    outer loop
      vertex 58.15 26.4751 0
      vertex 53.25 18.7282 0
      vertex 57.8215 26.3131 0
    endloop
  endfacet
  facet normal 0 0 -1
    outer loop
      vertex 57.8215 26.3131 0
      vertex 53.25 18.7282 0
      vertex 57.4747 26.1954 0
    endloop
  endfacet
  facet normal 0 0 -1
    outer loop
      vertex 57.4747 26.1954 0
      vertex 53.25 18.7282 0
      vertex 57.1155 26.124 0
    endloop
  endfacet
  facet normal 0 0 -1
    outer loop
      vertex 57.1155 26.124 0
      vertex 53.25 18.7282 0
      vertex 56.75 26.1 0
    endloop
  endfacet
  facet normal -0 0 -1
    outer loop
      vertex 56.75 26.1 0
      vertex 53.25 18.7282 0
      vertex 56.3845 26.124 0
    endloop
  endfacet
  facet normal -0 0 -1
    outer loop
      vertex 56.3845 26.124 0
      vertex 53.25 18.7282 0
      vertex 56.0253 26.1954 0
    endloop
  endfacet
  facet normal -0 0 -1
    outer loop
      vertex 56.0253 26.1954 0
      vertex 53.25 18.7282 0
      vertex 55.6785 26.3131 0
    endloop
  endfacet
  facet normal 0 0 -1
    outer loop
      vertex 50.55 23.4047 0
      vertex 55.6785 26.3131 0
      vertex 53.25 18.7282 0
    endloop
  endfacet
  facet normal -0 0 -1
    outer loop
      vertex 55.6785 26.3131 0
      vertex 50.55 23.4047 0
      vertex 55.35 26.4751 0
    endloop
  endfacet
  facet normal -0 0 -1
    outer loop
      vertex 55.35 26.4751 0
      vertex 50.55 23.4047 0
      vertex 55.0455 26.6786 0
    endloop
  endfacet
  facet normal -0 0 -1
    outer loop
      vertex 55.0455 26.6786 0
      vertex 50.55 23.4047 0
      vertex 54.7701 26.9201 0
    endloop
  endfacet
  facet normal -0 0 -1
    outer loop
      vertex 54.7701 26.9201 0
      vertex 50.55 23.4047 0
      vertex 54.5286 27.1955 0
    endloop
  endfacet
  facet normal -0 0 -1
    outer loop
      vertex 54.5286 27.1955 0
      vertex 50.55 23.4047 0
      vertex 54.3251 27.5 0
    endloop
  endfacet
  facet normal 0 0 -1
    outer loop
      vertex 53.1434 32.4 0
      vertex 53.95 28.9 0
      vertex 53.974 28.5345 0
    endloop
  endfacet
  facet normal -0 0 -1
    outer loop
      vertex 54.0454 28.1753 0
      vertex 50.55 23.4047 0
      vertex 53.974 28.5345 0
    endloop
  endfacet
  facet normal -0 0 -1
    outer loop
      vertex 54.1631 27.8285 0
      vertex 50.55 23.4047 0
      vertex 54.0454 28.1753 0
    endloop
  endfacet
  facet normal -0 0 -1
    outer loop
      vertex 54.3251 27.5 0
      vertex 50.55 23.4047 0
      vertex 54.1631 27.8285 0
    endloop
  endfacet
  facet normal 0 0 -1
    outer loop
      vertex 38.55 7.12346 0
      vertex 62.05 2.4 0
      vertex 63.3 3.8147e-07 0
    endloop
  endfacet
  facet normal 0 0 -1
    outer loop
      vertex 62.05 2.4 0
      vertex 50.55 14.0517 0
      vertex 53.25 18.7282 0
    endloop
  endfacet
  facet normal 0 0 -1
    outer loop
      vertex 62.05 2.4 0
      vertex 38.55 7.12346 0
      vertex 50.55 14.0517 0
    endloop
  endfacet
  facet normal 0 0 -1
    outer loop
      vertex 38.55 34.8363 0
      vertex 42.5566 32.4 0
      vertex 40.5246 24.4 0
    endloop
  endfacet
  facet normal -0 0 -1
    outer loop
      vertex 45.15 41.7645 0
      vertex 41.25 39.5128 0
      vertex 42.45 46.441 0
    endloop
  endfacet
  facet normal 0 0 -1
    outer loop
      vertex 38.55 44.1894 0
      vertex 42.45 46.441 0
      vertex 41.25 39.5128 0
    endloop
  endfacet
  facet normal 0 0 -1
    outer loop
      vertex 38.55 58.0458 0
      vertex 42.45 60.2974 0
      vertex 41.25 53.3692 0
    endloop
  endfacet
  facet normal 0 0 -1
    outer loop
      vertex 38.55 16.4765 0
      vertex 42.45 18.7282 0
      vertex 41.25 11.8 0
    endloop
  endfacet
  facet normal -0 0 -1
    outer loop
      vertex 45.15 14.0517 0
      vertex 41.25 11.8 0
      vertex 42.45 18.7282 0
    endloop
  endfacet
  facet normal -0 0 -1
    outer loop
      vertex 50.55 14.0517 0
      vertex 38.55 7.12346 0
      vertex 45.15 14.0517 0
    endloop
  endfacet
  facet normal 0 0 -1
    outer loop
      vertex 45.15 14.0517 0
      vertex 38.55 7.12346 0
      vertex 41.25 11.8 0
    endloop
  endfacet
  facet normal 0 0 -1
    outer loop
      vertex 63.3 3.8147e-07 0
      vertex 33.15 7.12346 0
      vertex 38.55 7.12346 0
    endloop
  endfacet
  facet normal -0 0 -1
    outer loop
      vertex 33.15 34.8363 0
      vertex 29.25 32.5846 0
      vertex 30.45 39.5128 0
    endloop
  endfacet
  facet normal 0 0 -1
    outer loop
      vertex 26.55 37.2611 0
      vertex 30.45 39.5128 0
      vertex 29.25 32.5846 0
    endloop
  endfacet
  facet normal 0 0 -1
    outer loop
      vertex 26.55 51.1176 0
      vertex 30.45 53.3692 0
      vertex 29.25 46.441 0
    endloop
  endfacet
  facet normal -0 0 -1
    outer loop
      vertex 33.15 62.5491 0
      vertex 29.25 60.2974 0
      vertex 30.45 67.2256 0
    endloop
  endfacet
  facet normal 0 0 -1
    outer loop
      vertex 26.55 23.4047 0
      vertex 31.1754 24.4 0
      vertex 29.25 18.7282 0
    endloop
  endfacet
  facet normal 0 0 -1
    outer loop
      vertex 30.45 11.8 0
      vertex 26.55 14.0517 0
      vertex 29.25 18.7282 0
    endloop
  endfacet
  facet normal 0 0 -1
    outer loop
      vertex 33.15 7.12346 0
      vertex 26.55 14.0517 0
      vertex 30.45 11.8 0
    endloop
  endfacet
  facet normal 0 0 -1
    outer loop
      vertex 33.15 7.12346 0
      vertex 21.15 14.0517 0
      vertex 26.55 14.0517 0
    endloop
  endfacet
  facet normal 0 0 -1
    outer loop
      vertex 10.55 28.9 0
      vertex 18.5566 32.4 0
      vertex 16.5246 24.4 0
    endloop
  endfacet
  facet normal -0 0 -1
    outer loop
      vertex 21.15 41.7645 0
      vertex 17.25 39.5128 0
      vertex 18.45 46.441 0
    endloop
  endfacet
  facet normal 0 0 -1
    outer loop
      vertex 14.55 44.1894 0
      vertex 18.45 46.441 0
      vertex 17.25 39.5128 0
    endloop
  endfacet
  facet normal 0 0 -1
    outer loop
      vertex 14.55 58.0458 0
      vertex 18.45 60.2974 0
      vertex 17.25 53.3692 0
    endloop
  endfacet
  facet normal 0 0 -1
    outer loop
      vertex 14.55 16.4765 0
      vertex 18.45 18.7282 0
      vertex 17.25 11.8 0
    endloop
  endfacet
  facet normal -0 0 -1
    outer loop
      vertex 21.15 14.0517 0
      vertex 17.25 11.8 0
      vertex 18.45 18.7282 0
    endloop
  endfacet
  facet normal 0 0 -1
    outer loop
      vertex 33.15 7.12346 0
      vertex 17.25 11.8 0
      vertex 21.15 14.0517 0
    endloop
  endfacet
  facet normal 0 0 -1
    outer loop
      vertex 33.15 7.12346 0
      vertex 14.55 7.12346 0
      vertex 17.25 11.8 0
    endloop
  endfacet
  facet normal 0 0 -1
    outer loop
      vertex 1.2 3.8147e-07 0
      vertex 33.15 7.12346 0
      vertex 63.3 3.8147e-07 0
    endloop
  endfacet
  facet normal -0 0 -1
    outer loop
      vertex 33.15 7.12346 0
      vertex 1.2 3.8147e-07 0
      vertex 14.55 7.12346 0
    endloop
  endfacet
  facet normal 0 0 -1
    outer loop
      vertex 7.17539 24.4 0
      vertex 6.04547 26.6786 0
      vertex 6.35 26.4751 0
    endloop
  endfacet
  facet normal 0 0 -1
    outer loop
      vertex 7.17539 24.4 0
      vertex 5.7701 26.9201 0
      vertex 6.04547 26.6786 0
    endloop
  endfacet
  facet normal 0 0 -1
    outer loop
      vertex 7.17539 24.4 0
      vertex 5.52861 27.1955 0
      vertex 5.7701 26.9201 0
    endloop
  endfacet
  facet normal 0 0 -1
    outer loop
      vertex 6.45 11.8 0
      vertex 5.32513 27.5 0
      vertex 5.52861 27.1955 0
    endloop
  endfacet
  facet normal 0 0 -1
    outer loop
      vertex 6.45 11.8 0
      vertex 5.16314 27.8285 0
      vertex 5.32513 27.5 0
    endloop
  endfacet
  facet normal 0 0 -1
    outer loop
      vertex 2.45 2.4 0
      vertex 5.16314 27.8285 0
      vertex 6.45 11.8 0
    endloop
  endfacet
  facet normal -0 0 -1
    outer loop
      vertex 5.16314 27.8285 0
      vertex 2.45 2.4 0
      vertex 5.04541 28.1753 0
    endloop
  endfacet
  facet normal -0 0 -1
    outer loop
      vertex 4.95 28.9 0
      vertex 2.45 2.4 0
      vertex 4.95 86.9 0
    endloop
  endfacet
  facet normal -0 0 -1
    outer loop
      vertex 4.97395 28.5345 0
      vertex 2.45 2.4 0
      vertex 4.95 28.9 0
    endloop
  endfacet
  facet normal -0 0 -1
    outer loop
      vertex 5.04541 28.1753 0
      vertex 2.45 2.4 0
      vertex 4.97395 28.5345 0
    endloop
  endfacet
  facet normal -0 0 -1
    outer loop
      vertex 9.15 7.12346 0
      vertex 2.45 2.4 0
      vertex 6.45 11.8 0
    endloop
  endfacet
  facet normal 0 -0 -1
    outer loop
      vertex 2.45 2.4 0
      vertex 14.55 7.12346 0
      vertex 1.2 3.8147e-07 0
    endloop
  endfacet
  facet normal -0 0 -1
    outer loop
      vertex 14.55 7.12346 0
      vertex 2.45 2.4 0
      vertex 9.15 7.12346 0
    endloop
  endfacet
  facet normal -0 0 -1
    outer loop
      vertex 2.45 2.4 0
      vertex 1.2 3.8147e-07 0
      vertex 1.2 2.4 0
    endloop
  endfacet
  facet normal 0 0 -1
    outer loop
      vertex 59.55 86.9 0
      vertex 62.05 114.4 0
      vertex 59.55 28.9 0
    endloop
  endfacet
  facet normal 0 0 -1
    outer loop
      vertex 59.526 87.2655 0
      vertex 62.05 114.4 0
      vertex 59.55 86.9 0
    endloop
  endfacet
  facet normal 0 0 -1
    outer loop
      vertex 59.4546 87.6247 0
      vertex 62.05 114.4 0
      vertex 59.526 87.2655 0
    endloop
  endfacet
  facet normal 0 0 -1
    outer loop
      vertex 59.3369 87.9715 0
      vertex 62.05 114.4 0
      vertex 59.4546 87.6247 0
    endloop
  endfacet
  facet normal 0 0 -1
    outer loop
      vertex 59.1749 88.3 0
      vertex 62.05 114.4 0
      vertex 59.3369 87.9715 0
    endloop
  endfacet
  facet normal 0 0 -1
    outer loop
      vertex 58.9714 88.6045 0
      vertex 62.05 114.4 0
      vertex 59.1749 88.3 0
    endloop
  endfacet
  facet normal 0 0 -1
    outer loop
      vertex 58.7299 88.8799 0
      vertex 62.05 114.4 0
      vertex 58.9714 88.6045 0
    endloop
  endfacet
  facet normal 0 0 -1
    outer loop
      vertex 58.4545 89.1214 0
      vertex 62.05 114.4 0
      vertex 58.7299 88.8799 0
    endloop
  endfacet
  facet normal 0 0 -1
    outer loop
      vertex 53.25 101.867 0
      vertex 58.4545 89.1214 0
      vertex 58.15 89.3249 0
    endloop
  endfacet
  facet normal 0 0 -1
    outer loop
      vertex 53.25 101.867 0
      vertex 58.15 89.3249 0
      vertex 57.8215 89.4869 0
    endloop
  endfacet
  facet normal 0 0 -1
    outer loop
      vertex 53.25 101.867 0
      vertex 57.8215 89.4869 0
      vertex 57.4747 89.6046 0
    endloop
  endfacet
  facet normal 0 0 -1
    outer loop
      vertex 53.25 101.867 0
      vertex 57.4747 89.6046 0
      vertex 57.1155 89.676 0
    endloop
  endfacet
  facet normal 0 0 -1
    outer loop
      vertex 53.25 101.867 0
      vertex 57.1155 89.676 0
      vertex 56.75 89.7 0
    endloop
  endfacet
  facet normal 0 0 -1
    outer loop
      vertex 53.25 101.867 0
      vertex 56.75 89.7 0
      vertex 56.3845 89.676 0
    endloop
  endfacet
  facet normal 0 0 -1
    outer loop
      vertex 50.55 92.6868 0
      vertex 56.0253 89.6046 0
      vertex 51.8703 90.4 0
    endloop
  endfacet
  facet normal 0 0 -1
    outer loop
      vertex 51.8703 90.4 0
      vertex 56.0253 89.6046 0
      vertex 55.6785 89.4869 0
    endloop
  endfacet
  facet normal 0 0 -1
    outer loop
      vertex 51.8703 90.4 0
      vertex 55.6785 89.4869 0
      vertex 55.35 89.3249 0
    endloop
  endfacet
  facet normal 0 0 -1
    outer loop
      vertex 51.8703 90.4 0
      vertex 55.35 89.3249 0
      vertex 55.0455 89.1214 0
    endloop
  endfacet
  facet normal 0 0 -1
    outer loop
      vertex 51.8703 90.4 0
      vertex 55.0455 89.1214 0
      vertex 54.7701 88.8799 0
    endloop
  endfacet
  facet normal 0 0 -1
    outer loop
      vertex 51.8703 90.4 0
      vertex 54.7701 88.8799 0
      vertex 54.5286 88.6045 0
    endloop
  endfacet
  facet normal 0 0 -1
    outer loop
      vertex 51.8703 90.4 0
      vertex 54.5286 88.6045 0
      vertex 54.3251 88.3 0
    endloop
  endfacet
  facet normal 0 0 -1
    outer loop
      vertex 51.8703 90.4 0
      vertex 54.3251 88.3 0
      vertex 54.1631 87.9715 0
    endloop
  endfacet
  facet normal 0 0 -1
    outer loop
      vertex 51.8703 90.4 0
      vertex 54.1631 87.9715 0
      vertex 54.0454 87.6247 0
    endloop
  endfacet
  facet normal 0 0 -1
    outer loop
      vertex 50.55 37.2611 0
      vertex 56.75 31.7 0
      vertex 53.25 32.5846 0
    endloop
  endfacet
  facet normal 0 0 -1
    outer loop
      vertex 59.1749 30.3 0
      vertex 53.25 46.441 0
      vertex 53.25 60.2974 0
    endloop
  endfacet
  facet normal -0 0 -1
    outer loop
      vertex 54.1631 85.8285 0
      vertex 50.55 78.8304 0
      vertex 54.0454 86.1753 0
    endloop
  endfacet
  facet normal 0 0 -1
    outer loop
      vertex 54.0454 86.1753 0
      vertex 51.8703 90.4 0
      vertex 53.974 86.5345 0
    endloop
  endfacet
  facet normal 0 0 -1
    outer loop
      vertex 53.974 86.5345 0
      vertex 51.8703 90.4 0
      vertex 53.95 86.9 0
    endloop
  endfacet
  facet normal 0 0 -1
    outer loop
      vertex 51.8703 90.4 0
      vertex 53.974 87.2655 0
      vertex 53.95 86.9 0
    endloop
  endfacet
  facet normal 0 0 -1
    outer loop
      vertex 51.8703 90.4 0
      vertex 54.0454 87.6247 0
      vertex 53.974 87.2655 0
    endloop
  endfacet
  facet normal 0 0 -1
    outer loop
      vertex 58.4545 89.1214 0
      vertex 53.25 101.867 0
      vertex 62.05 114.4 0
    endloop
  endfacet
  facet normal 0 0 -1
    outer loop
      vertex 50.55 106.543 0
      vertex 62.05 114.4 0
      vertex 53.25 101.867 0
    endloop
  endfacet
  facet normal 0 0 -1
    outer loop
      vertex 45.15 106.543 0
      vertex 62.05 114.4 0
      vertex 50.55 106.543 0
    endloop
  endfacet
  facet normal -0 0 -1
    outer loop
      vertex 45.15 55.6209 0
      vertex 41.25 53.3692 0
      vertex 42.45 60.2974 0
    endloop
  endfacet
  facet normal -0 0 -1
    outer loop
      vertex 45.15 69.4773 0
      vertex 41.25 67.2256 0
      vertex 42.45 74.1538 0
    endloop
  endfacet
  facet normal 0 0 -1
    outer loop
      vertex 38.55 71.9022 0
      vertex 42.45 74.1538 0
      vertex 41.25 67.2256 0
    endloop
  endfacet
  facet normal 0 0 -1
    outer loop
      vertex 42.45 74.1538 0
      vertex 41.25 81.082 0
      vertex 42.45 101.867 0
    endloop
  endfacet
  facet normal 0 0 -1
    outer loop
      vertex 41.25 94.9384 0
      vertex 42.45 101.867 0
      vertex 41.25 81.082 0
    endloop
  endfacet
  facet normal 0 0 -1
    outer loop
      vertex 38.55 99.615 0
      vertex 42.45 101.867 0
      vertex 41.25 94.9384 0
    endloop
  endfacet
  facet normal 0 0 -1
    outer loop
      vertex 38.55 99.615 0
      vertex 45.15 106.543 0
      vertex 42.45 101.867 0
    endloop
  endfacet
  facet normal 0 0 -1
    outer loop
      vertex 33.15 99.615 0
      vertex 45.15 106.543 0
      vertex 38.55 99.615 0
    endloop
  endfacet
  facet normal -0 0 -1
    outer loop
      vertex 33.15 48.6927 0
      vertex 29.25 46.441 0
      vertex 30.45 53.3692 0
    endloop
  endfacet
  facet normal 0 0 -1
    outer loop
      vertex 26.55 64.974 0
      vertex 30.45 67.2256 0
      vertex 29.25 60.2974 0
    endloop
  endfacet
  facet normal -0 0 -1
    outer loop
      vertex 33.15 76.4055 0
      vertex 29.25 74.1538 0
      vertex 30.45 81.082 0
    endloop
  endfacet
  facet normal 0 0 -1
    outer loop
      vertex 26.55 78.8304 0
      vertex 30.45 81.082 0
      vertex 29.25 74.1538 0
    endloop
  endfacet
  facet normal 0 0 -1
    outer loop
      vertex 33.0703 90.4 0
      vertex 27.8703 90.4 0
      vertex 30.45 94.9384 0
    endloop
  endfacet
  facet normal 0 0 -1
    outer loop
      vertex 29.25 101.867 0
      vertex 33.15 99.615 0
      vertex 30.45 94.9384 0
    endloop
  endfacet
  facet normal 0 0 -1
    outer loop
      vertex 29.25 101.867 0
      vertex 45.15 106.543 0
      vertex 33.15 99.615 0
    endloop
  endfacet
  facet normal 0 0 -1
    outer loop
      vertex 26.55 106.543 0
      vertex 45.15 106.543 0
      vertex 29.25 101.867 0
    endloop
  endfacet
  facet normal 0 0 -1
    outer loop
      vertex 45.15 106.543 0
      vertex 26.55 106.543 0
      vertex 62.05 114.4 0
    endloop
  endfacet
  facet normal 0 0 -1
    outer loop
      vertex 2.45 114.4 0
      vertex 26.55 106.543 0
      vertex 21.15 106.543 0
    endloop
  endfacet
  facet normal -0 0 -1
    outer loop
      vertex 21.15 55.6209 0
      vertex 17.25 53.3692 0
      vertex 18.45 60.2974 0
    endloop
  endfacet
  facet normal -0 0 -1
    outer loop
      vertex 21.15 69.4773 0
      vertex 17.25 67.2256 0
      vertex 18.45 74.1538 0
    endloop
  endfacet
  facet normal 0 0 -1
    outer loop
      vertex 14.55 71.9022 0
      vertex 18.45 74.1538 0
      vertex 17.25 67.2256 0
    endloop
  endfacet
  facet normal 0 0 -1
    outer loop
      vertex 21.15 78.8304 0
      vertex 16.4891 82.4 0
      vertex 19.8297 90.4 0
    endloop
  endfacet
  facet normal -0 0 -1
    outer loop
      vertex 21.15 97.1901 0
      vertex 17.25 94.9384 0
      vertex 18.45 101.867 0
    endloop
  endfacet
  facet normal 0 0 -1
    outer loop
      vertex 14.55 99.615 0
      vertex 18.45 101.867 0
      vertex 17.25 94.9384 0
    endloop
  endfacet
  facet normal 0 0 -1
    outer loop
      vertex 14.55 99.615 0
      vertex 21.15 106.543 0
      vertex 18.45 101.867 0
    endloop
  endfacet
  facet normal 0 0 -1
    outer loop
      vertex 9.15 99.615 0
      vertex 21.15 106.543 0
      vertex 14.55 99.615 0
    endloop
  endfacet
  facet normal 0 0 -1
    outer loop
      vertex 6.04547 89.1214 0
      vertex 6.45 94.9384 0
      vertex 6.35 89.3249 0
    endloop
  endfacet
  facet normal 0 0 -1
    outer loop
      vertex 5.7701 88.8799 0
      vertex 6.45 94.9384 0
      vertex 6.04547 89.1214 0
    endloop
  endfacet
  facet normal 0 0 -1
    outer loop
      vertex 5.52861 88.6045 0
      vertex 6.45 94.9384 0
      vertex 5.7701 88.8799 0
    endloop
  endfacet
  facet normal 0 0 -1
    outer loop
      vertex 5.32513 88.3 0
      vertex 6.45 94.9384 0
      vertex 5.52861 88.6045 0
    endloop
  endfacet
  facet normal 0 0 -1
    outer loop
      vertex 5.16314 87.9715 0
      vertex 6.45 94.9384 0
      vertex 5.32513 88.3 0
    endloop
  endfacet
  facet normal 0 0 -1
    outer loop
      vertex 5.04541 87.6247 0
      vertex 6.45 94.9384 0
      vertex 5.16314 87.9715 0
    endloop
  endfacet
  facet normal 0 0 -1
    outer loop
      vertex 2.45 114.4 0
      vertex 5.04541 87.6247 0
      vertex 4.97395 87.2655 0
    endloop
  endfacet
  facet normal 0 0 -1
    outer loop
      vertex 26.55 106.543 0
      vertex 2.45 114.4 0
      vertex 62.05 114.4 0
    endloop
  endfacet
  facet normal 0 0 -1
    outer loop
      vertex 9.15 99.615 0
      vertex 2.45 114.4 0
      vertex 21.15 106.543 0
    endloop
  endfacet
  facet normal 0 0 -1
    outer loop
      vertex 6.45 94.9384 0
      vertex 2.45 114.4 0
      vertex 9.15 99.615 0
    endloop
  endfacet
  facet normal 0 0 -1
    outer loop
      vertex 5.04541 87.6247 0
      vertex 2.45 114.4 0
      vertex 6.45 94.9384 0
    endloop
  endfacet
  facet normal 0 0 -1
    outer loop
      vertex 4.95 86.9 0
      vertex 2.45 114.4 0
      vertex 4.97395 87.2655 0
    endloop
  endfacet
  facet normal 0 0 -1
    outer loop
      vertex 2.45 114.4 0
      vertex 4.95 86.9 0
      vertex 2.45 2.4 0
    endloop
  endfacet
  facet normal 0 0 -1
    outer loop
      vertex 56.3845 89.676 0
      vertex 50.55 92.6868 0
      vertex 50.55 97.1901 0
    endloop
  endfacet
  facet normal 0 0 -1
    outer loop
      vertex 56.3845 89.676 0
      vertex 50.55 97.1901 0
      vertex 53.25 101.867 0
    endloop
  endfacet
  facet normal 0 0 -1
    outer loop
      vertex 45.15 92.6868 0
      vertex 50.55 97.1901 0
      vertex 50.55 92.6868 0
    endloop
  endfacet
  facet normal 0 0 -1
    outer loop
      vertex 45.15 92.6868 0
      vertex 45.15 97.1901 0
      vertex 50.55 97.1901 0
    endloop
  endfacet
  facet normal 0 0 -1
    outer loop
      vertex 43.8297 90.4 0
      vertex 45.15 97.1901 0
      vertex 45.15 92.6868 0
    endloop
  endfacet
  facet normal 0 0 -1
    outer loop
      vertex 43.8297 90.4 0
      vertex 42.45 101.867 0
      vertex 45.15 97.1901 0
    endloop
  endfacet
  facet normal 0 0 -1
    outer loop
      vertex 42.45 101.867 0
      vertex 43.8297 90.4 0
      vertex 42.45 74.1538 0
    endloop
  endfacet
  facet normal 0 1 0
    outer loop
      vertex 63.3 2.4 30
      vertex 62.85 2.4 29.6
      vertex 59 2.4 30
    endloop
  endfacet
  facet normal 0 1 0
    outer loop
      vertex 64.5 2.4 28.8
      vertex 62.85 2.4 29.6
      vertex 63.3 2.4 30
    endloop
  endfacet
  facet normal 0 1 -0
    outer loop
      vertex 64.5 2.4 1.2
      vertex 62.85 2.4 29.6
      vertex 64.5 2.4 28.8
    endloop
  endfacet
  facet normal 0 1 0
    outer loop
      vertex 64.5 2.4 1.2
      vertex 62.85 2.4 0.4
      vertex 62.85 2.4 29.6
    endloop
  endfacet
  facet normal 0 1 -0
    outer loop
      vertex 63.3 2.4 0
      vertex 62.85 2.4 0.4
      vertex 64.5 2.4 1.2
    endloop
  endfacet
  facet normal 0 1 0
    outer loop
      vertex 62.05 2.4 0
      vertex 62.85 2.4 0.4
      vertex 63.3 2.4 0
    endloop
  endfacet
  facet normal 0 1 0
    outer loop
      vertex 62.85 2.4 0.4
      vertex 62.05 2.4 0
      vertex 62.05 2.4 0.4
    endloop
  endfacet
  facet normal 0 1 0
    outer loop
      vertex 59 2.4 30
      vertex 62.85 2.4 29.6
      vertex 59 2.4 29.6
    endloop
  endfacet
  facet normal 0 1 0
    outer loop
      vertex 2.45 2.4 0.4
      vertex 2.45 2.4 0
      vertex 1.65 2.4 0.4
    endloop
  endfacet
  facet normal 0 1 0
    outer loop
      vertex 1.65 2.4 29.6
      vertex 5.5 2.4 30
      vertex 5.5 2.4 29.6
    endloop
  endfacet
  facet normal 0 1 0
    outer loop
      vertex 5.5 2.4 30
      vertex 1.65 2.4 29.6
      vertex 1.2 2.4 30
    endloop
  endfacet
  facet normal 0 1 0
    outer loop
      vertex 1.65 2.4 29.6
      vertex 0 2.4 28.8
      vertex 1.2 2.4 30
    endloop
  endfacet
  facet normal 0 1 0
    outer loop
      vertex 1.65 2.4 29.6
      vertex 0 2.4 1.2
      vertex 0 2.4 28.8
    endloop
  endfacet
  facet normal 0 1 -0
    outer loop
      vertex 1.65 2.4 0.4
      vertex 0 2.4 1.2
      vertex 1.65 2.4 29.6
    endloop
  endfacet
  facet normal 0 1 0
    outer loop
      vertex 1.2 2.4 0
      vertex 1.65 2.4 0.4
      vertex 2.45 2.4 0
    endloop
  endfacet
  facet normal 0 1 0
    outer loop
      vertex 1.65 2.4 0.4
      vertex 1.2 2.4 0
      vertex 0 2.4 1.2
    endloop
  endfacet
  facet normal 0 1 -0
    outer loop
      vertex 62.05 114.4 0
      vertex 2.45 114.4 1.8
      vertex 62.05 114.4 1.8
    endloop
  endfacet
  facet normal 0 1 0
    outer loop
      vertex 2.45 114.4 1.8
      vertex 62.05 114.4 0
      vertex 2.45 114.4 0
    endloop
  endfacet
  facet normal 1 0 0
    outer loop
      vertex 4.25 26.9728 6.8
      vertex 4.25 24.4 3.4
      vertex 4.25 26.9728 3.4
    endloop
  endfacet
  facet normal 1 -0 0
    outer loop
      vertex 4.25 23.4 6.8
      vertex 4.25 24.4 3.4
      vertex 4.25 26.9728 6.8
    endloop
  endfacet
  facet normal 1 0 0
    outer loop
      vertex 4.25 23.4 1.8
      vertex 4.25 24.4 3.4
      vertex 4.25 23.4 6.8
    endloop
  endfacet
  facet normal 1 0 0
    outer loop
      vertex 4.25 24.4 3.4
      vertex 4.25 23.4 1.8
      vertex 4.25 24.4 1.8
    endloop
  endfacet
  facet normal 1 0 0
    outer loop
      vertex 4.25 84.9728 6.8
      vertex 4.25 82.4 3.4
      vertex 4.25 84.9728 3.4
    endloop
  endfacet
  facet normal 1 0 0
    outer loop
      vertex 4.25 82.4 3.4
      vertex 4.25 32.4 3.4
      vertex 4.25 82.4 1.8
    endloop
  endfacet
  facet normal 1 -0 0
    outer loop
      vertex 4.25 30.8272 6.8
      vertex 4.25 82.4 3.4
      vertex 4.25 84.9728 6.8
    endloop
  endfacet
  facet normal 1 0 0
    outer loop
      vertex 4.25 82.4 3.4
      vertex 4.25 30.8272 6.8
      vertex 4.25 32.4 3.4
    endloop
  endfacet
  facet normal 1 0 0
    outer loop
      vertex 4.25 32.4 3.4
      vertex 4.25 30.8272 6.8
      vertex 4.25 30.8272 3.4
    endloop
  endfacet
  facet normal 1 0 0
    outer loop
      vertex 4.25 82.4 1.8
      vertex 4.25 32.4 3.4
      vertex 4.25 32.4 1.8
    endloop
  endfacet
  facet normal 1 0 0
    outer loop
      vertex 4.25 112.4 6.8
      vertex 4.25 90.4 3.4
      vertex 4.25 112.4 1.8
    endloop
  endfacet
  facet normal 1 -0 0
    outer loop
      vertex 4.25 88.8272 6.8
      vertex 4.25 90.4 3.4
      vertex 4.25 112.4 6.8
    endloop
  endfacet
  facet normal 1 0 0
    outer loop
      vertex 4.25 90.4 3.4
      vertex 4.25 88.8272 6.8
      vertex 4.25 88.8272 3.4
    endloop
  endfacet
  facet normal 1 0 0
    outer loop
      vertex 4.25 112.4 1.8
      vertex 4.25 90.4 3.4
      vertex 4.25 90.4 1.8
    endloop
  endfacet
  facet normal 0 0 1
    outer loop
      vertex 52.7842 29.4221 3.4
      vertex 11.75 28.9 3.4
      vertex 52.75 28.9 3.4
    endloop
  endfacet
  facet normal 0 0 1
    outer loop
      vertex 11.7158 29.4221 3.4
      vertex 52.7842 29.4221 3.4
      vertex 52.8863 29.9353 3.4
    endloop
  endfacet
  facet normal 0 0 1
    outer loop
      vertex 11.6137 29.9353 3.4
      vertex 52.8863 29.9353 3.4
      vertex 53.0545 30.4307 3.4
    endloop
  endfacet
  facet normal 0 0 1
    outer loop
      vertex 11.4455 30.4307 3.4
      vertex 53.0545 30.4307 3.4
      vertex 53.2859 30.9 3.4
    endloop
  endfacet
  facet normal 0 0 1
    outer loop
      vertex 11.2141 30.9 3.4
      vertex 53.2859 30.9 3.4
      vertex 53.5766 31.335 3.4
    endloop
  endfacet
  facet normal 0 0 1
    outer loop
      vertex 10.9234 31.335 3.4
      vertex 53.5766 31.335 3.4
      vertex 53.9216 31.7284 3.4
    endloop
  endfacet
  facet normal 0 0 1
    outer loop
      vertex 10.5784 31.7284 3.4
      vertex 53.9216 31.7284 3.4
      vertex 54.315 32.0734 3.4
    endloop
  endfacet
  facet normal 0 0 1
    outer loop
      vertex 10.185 32.0734 3.4
      vertex 54.315 32.0734 3.4
      vertex 54.75 32.3641 3.4
    endloop
  endfacet
  facet normal 0 0 1
    outer loop
      vertex 9.75 32.3641 3.4
      vertex 54.75 32.3641 3.4
      vertex 54.8228 32.4 3.4
    endloop
  endfacet
  facet normal 0 0 1
    outer loop
      vertex 52.7842 29.4221 3.4
      vertex 11.7158 29.4221 3.4
      vertex 11.75 28.9 3.4
    endloop
  endfacet
  facet normal 0 0 1
    outer loop
      vertex 52.8863 29.9353 3.4
      vertex 11.6137 29.9353 3.4
      vertex 11.7158 29.4221 3.4
    endloop
  endfacet
  facet normal 0 0 1
    outer loop
      vertex 53.0545 30.4307 3.4
      vertex 11.4455 30.4307 3.4
      vertex 11.6137 29.9353 3.4
    endloop
  endfacet
  facet normal 0 0 1
    outer loop
      vertex 53.2859 30.9 3.4
      vertex 11.2141 30.9 3.4
      vertex 11.4455 30.4307 3.4
    endloop
  endfacet
  facet normal 0 0 1
    outer loop
      vertex 53.5766 31.335 3.4
      vertex 10.9234 31.335 3.4
      vertex 11.2141 30.9 3.4
    endloop
  endfacet
  facet normal 0 0 1
    outer loop
      vertex 53.9216 31.7284 3.4
      vertex 10.5784 31.7284 3.4
      vertex 10.9234 31.335 3.4
    endloop
  endfacet
  facet normal 0 0 1
    outer loop
      vertex 54.315 32.0734 3.4
      vertex 10.185 32.0734 3.4
      vertex 10.5784 31.7284 3.4
    endloop
  endfacet
  facet normal 0 0 1
    outer loop
      vertex 54.75 32.3641 3.4
      vertex 9.75 32.3641 3.4
      vertex 10.185 32.0734 3.4
    endloop
  endfacet
  facet normal 0 -0 1
    outer loop
      vertex 9.75 32.3641 3.4
      vertex 54.8228 32.4 3.4
      vertex 9.6772 32.4 3.4
    endloop
  endfacet
  facet normal -0 0 1
    outer loop
      vertex 60.2141 26.9 3.4
      vertex 60.25 24.4 3.4
      vertex 60.25 26.9728 3.4
    endloop
  endfacet
  facet normal -0 0 1
    outer loop
      vertex 59.9234 26.465 3.4
      vertex 60.25 24.4 3.4
      vertex 60.2141 26.9 3.4
    endloop
  endfacet
  facet normal -0 0 1
    outer loop
      vertex 59.5784 26.0716 3.4
      vertex 60.25 24.4 3.4
      vertex 59.9234 26.465 3.4
    endloop
  endfacet
  facet normal -0 0 1
    outer loop
      vertex 59.185 25.7266 3.4
      vertex 60.25 24.4 3.4
      vertex 59.5784 26.0716 3.4
    endloop
  endfacet
  facet normal -0 0 1
    outer loop
      vertex 58.75 25.4359 3.4
      vertex 60.25 24.4 3.4
      vertex 59.185 25.7266 3.4
    endloop
  endfacet
  facet normal -0 0 1
    outer loop
      vertex 58.2807 25.2045 3.4
      vertex 60.25 24.4 3.4
      vertex 58.75 25.4359 3.4
    endloop
  endfacet
  facet normal -0 0 1
    outer loop
      vertex 57.7853 25.0363 3.4
      vertex 60.25 24.4 3.4
      vertex 58.2807 25.2045 3.4
    endloop
  endfacet
  facet normal -0 0 1
    outer loop
      vertex 57.2721 24.9342 3.4
      vertex 60.25 24.4 3.4
      vertex 57.7853 25.0363 3.4
    endloop
  endfacet
  facet normal -0 0 1
    outer loop
      vertex 56.75 24.9 3.4
      vertex 60.25 24.4 3.4
      vertex 57.2721 24.9342 3.4
    endloop
  endfacet
  facet normal 0 0 1
    outer loop
      vertex 56.2279 24.9342 3.4
      vertex 60.25 24.4 3.4
      vertex 56.75 24.9 3.4
    endloop
  endfacet
  facet normal -0 0 1
    outer loop
      vertex 11.75 28.9 3.4
      vertex 52.7842 28.3779 3.4
      vertex 52.75 28.9 3.4
    endloop
  endfacet
  facet normal 0 0 1
    outer loop
      vertex 11.7158 28.3779 3.4
      vertex 52.7842 28.3779 3.4
      vertex 11.75 28.9 3.4
    endloop
  endfacet
  facet normal 0 0 1
    outer loop
      vertex 52.7842 28.3779 3.4
      vertex 11.7158 28.3779 3.4
      vertex 52.8863 27.8647 3.4
    endloop
  endfacet
  facet normal 0 0 1
    outer loop
      vertex 11.6137 27.8647 3.4
      vertex 52.8863 27.8647 3.4
      vertex 11.7158 28.3779 3.4
    endloop
  endfacet
  facet normal 0 0 1
    outer loop
      vertex 52.8863 27.8647 3.4
      vertex 11.6137 27.8647 3.4
      vertex 53.0545 27.3693 3.4
    endloop
  endfacet
  facet normal 0 0 1
    outer loop
      vertex 11.4455 27.3693 3.4
      vertex 53.0545 27.3693 3.4
      vertex 11.6137 27.8647 3.4
    endloop
  endfacet
  facet normal 0 0 1
    outer loop
      vertex 53.0545 27.3693 3.4
      vertex 11.4455 27.3693 3.4
      vertex 53.2859 26.9 3.4
    endloop
  endfacet
  facet normal 0 0 1
    outer loop
      vertex 11.2141 26.9 3.4
      vertex 53.2859 26.9 3.4
      vertex 11.4455 27.3693 3.4
    endloop
  endfacet
  facet normal 0 0 1
    outer loop
      vertex 53.2859 26.9 3.4
      vertex 11.2141 26.9 3.4
      vertex 53.5766 26.465 3.4
    endloop
  endfacet
  facet normal 0 0 1
    outer loop
      vertex 10.9234 26.465 3.4
      vertex 53.5766 26.465 3.4
      vertex 11.2141 26.9 3.4
    endloop
  endfacet
  facet normal 0 0 1
    outer loop
      vertex 53.5766 26.465 3.4
      vertex 10.9234 26.465 3.4
      vertex 53.9216 26.0716 3.4
    endloop
  endfacet
  facet normal 0 0 1
    outer loop
      vertex 10.5784 26.0716 3.4
      vertex 53.9216 26.0716 3.4
      vertex 10.9234 26.465 3.4
    endloop
  endfacet
  facet normal 0 0 1
    outer loop
      vertex 53.9216 26.0716 3.4
      vertex 10.5784 26.0716 3.4
      vertex 54.315 25.7266 3.4
    endloop
  endfacet
  facet normal 0 0 1
    outer loop
      vertex 10.185 25.7266 3.4
      vertex 54.315 25.7266 3.4
      vertex 10.5784 26.0716 3.4
    endloop
  endfacet
  facet normal 0 0 1
    outer loop
      vertex 54.315 25.7266 3.4
      vertex 10.185 25.7266 3.4
      vertex 54.75 25.4359 3.4
    endloop
  endfacet
  facet normal 0 0 1
    outer loop
      vertex 9.75 25.4359 3.4
      vertex 54.75 25.4359 3.4
      vertex 10.185 25.7266 3.4
    endloop
  endfacet
  facet normal 0 0 1
    outer loop
      vertex 54.75 25.4359 3.4
      vertex 9.75 25.4359 3.4
      vertex 55.2193 25.2045 3.4
    endloop
  endfacet
  facet normal 0 0 1
    outer loop
      vertex 9.28073 25.2045 3.4
      vertex 55.2193 25.2045 3.4
      vertex 9.75 25.4359 3.4
    endloop
  endfacet
  facet normal 0 0 1
    outer loop
      vertex 55.2193 25.2045 3.4
      vertex 9.28073 25.2045 3.4
      vertex 55.7147 25.0363 3.4
    endloop
  endfacet
  facet normal 0 0 1
    outer loop
      vertex 8.78528 25.0363 3.4
      vertex 55.7147 25.0363 3.4
      vertex 9.28073 25.2045 3.4
    endloop
  endfacet
  facet normal 0 0 1
    outer loop
      vertex 55.7147 25.0363 3.4
      vertex 8.78528 25.0363 3.4
      vertex 56.2279 24.9342 3.4
    endloop
  endfacet
  facet normal 0 0 1
    outer loop
      vertex 8.2721 24.9342 3.4
      vertex 56.2279 24.9342 3.4
      vertex 8.78528 25.0363 3.4
    endloop
  endfacet
  facet normal 0 0 1
    outer loop
      vertex 56.2279 24.9342 3.4
      vertex 8.2721 24.9342 3.4
      vertex 60.25 24.4 3.4
    endloop
  endfacet
  facet normal 0 0 1
    outer loop
      vertex 4.25 24.4 3.4
      vertex 8.2721 24.9342 3.4
      vertex 7.75 24.9 3.4
    endloop
  endfacet
  facet normal 0 0 1
    outer loop
      vertex 8.2721 24.9342 3.4
      vertex 4.25 24.4 3.4
      vertex 60.25 24.4 3.4
    endloop
  endfacet
  facet normal 0 0 1
    outer loop
      vertex 7.22789 24.9342 3.4
      vertex 4.25 24.4 3.4
      vertex 7.75 24.9 3.4
    endloop
  endfacet
  facet normal 0 0 1
    outer loop
      vertex 6.71472 25.0363 3.4
      vertex 4.25 24.4 3.4
      vertex 7.22789 24.9342 3.4
    endloop
  endfacet
  facet normal 0 0 1
    outer loop
      vertex 6.21927 25.2045 3.4
      vertex 4.25 24.4 3.4
      vertex 6.71472 25.0363 3.4
    endloop
  endfacet
  facet normal 0 0 1
    outer loop
      vertex 5.75 25.4359 3.4
      vertex 4.25 24.4 3.4
      vertex 6.21927 25.2045 3.4
    endloop
  endfacet
  facet normal 0 0 1
    outer loop
      vertex 5.31495 25.7266 3.4
      vertex 4.25 24.4 3.4
      vertex 5.75 25.4359 3.4
    endloop
  endfacet
  facet normal 0 0 1
    outer loop
      vertex 4.92157 26.0716 3.4
      vertex 4.25 24.4 3.4
      vertex 5.31495 25.7266 3.4
    endloop
  endfacet
  facet normal 0 0 1
    outer loop
      vertex 4.57659 26.465 3.4
      vertex 4.25 24.4 3.4
      vertex 4.92157 26.0716 3.4
    endloop
  endfacet
  facet normal 0 0 1
    outer loop
      vertex 4.2859 26.9 3.4
      vertex 4.25 24.4 3.4
      vertex 4.57659 26.465 3.4
    endloop
  endfacet
  facet normal 0 0 1
    outer loop
      vertex 4.25 24.4 3.4
      vertex 4.2859 26.9 3.4
      vertex 4.25 26.9728 3.4
    endloop
  endfacet
  facet normal 0 0 1
    outer loop
      vertex 60.25 32.4 3.4
      vertex 60.2141 30.9 3.4
      vertex 60.25 30.8272 3.4
    endloop
  endfacet
  facet normal 0 0 1
    outer loop
      vertex 60.25 32.4 3.4
      vertex 59.9234 31.335 3.4
      vertex 60.2141 30.9 3.4
    endloop
  endfacet
  facet normal 0 0 1
    outer loop
      vertex 60.25 32.4 3.4
      vertex 59.5784 31.7284 3.4
      vertex 59.9234 31.335 3.4
    endloop
  endfacet
  facet normal 0 0 1
    outer loop
      vertex 60.25 32.4 3.4
      vertex 59.185 32.0734 3.4
      vertex 59.5784 31.7284 3.4
    endloop
  endfacet
  facet normal 0 0 1
    outer loop
      vertex 60.25 32.4 3.4
      vertex 58.75 32.3641 3.4
      vertex 59.185 32.0734 3.4
    endloop
  endfacet
  facet normal 0 -0 1
    outer loop
      vertex 58.75 32.3641 3.4
      vertex 60.25 32.4 3.4
      vertex 58.6772 32.4 3.4
    endloop
  endfacet
  facet normal -0 0 1
    outer loop
      vertex 4.25 32.4 3.4
      vertex 5.75 32.3641 3.4
      vertex 5.8228 32.4 3.4
    endloop
  endfacet
  facet normal 0 0 1
    outer loop
      vertex 4.25 32.4 3.4
      vertex 5.31495 32.0734 3.4
      vertex 5.75 32.3641 3.4
    endloop
  endfacet
  facet normal 0 0 1
    outer loop
      vertex 4.25 32.4 3.4
      vertex 4.92157 31.7284 3.4
      vertex 5.31495 32.0734 3.4
    endloop
  endfacet
  facet normal 0 0 1
    outer loop
      vertex 4.25 32.4 3.4
      vertex 4.57659 31.335 3.4
      vertex 4.92157 31.7284 3.4
    endloop
  endfacet
  facet normal 0 0 1
    outer loop
      vertex 4.25 32.4 3.4
      vertex 4.2859 30.9 3.4
      vertex 4.57659 31.335 3.4
    endloop
  endfacet
  facet normal 0 0 1
    outer loop
      vertex 4.2859 30.9 3.4
      vertex 4.25 32.4 3.4
      vertex 4.25 30.8272 3.4
    endloop
  endfacet
  facet normal -1 0 0
    outer loop
      vertex 60.25 24.4 1.8
      vertex 60.25 23.4 1.8
      vertex 60.25 24.4 3.4
    endloop
  endfacet
  facet normal -1 0 0
    outer loop
      vertex 60.25 24.4 3.4
      vertex 60.25 26.9728 6.8
      vertex 60.25 26.9728 3.4
    endloop
  endfacet
  facet normal -1 0 0
    outer loop
      vertex 60.25 24.4 3.4
      vertex 60.25 23.4 6.8
      vertex 60.25 26.9728 6.8
    endloop
  endfacet
  facet normal -1 0 0
    outer loop
      vertex 60.25 23.4 6.8
      vertex 60.25 24.4 3.4
      vertex 60.25 23.4 1.8
    endloop
  endfacet
  facet normal -1 0 0
    outer loop
      vertex 60.25 82.4 1.8
      vertex 60.25 32.4 1.8
      vertex 60.25 82.4 3.4
    endloop
  endfacet
  facet normal -1 0 0
    outer loop
      vertex 60.25 82.4 3.4
      vertex 60.25 84.9728 6.8
      vertex 60.25 84.9728 3.4
    endloop
  endfacet
  facet normal -1 0 0
    outer loop
      vertex 60.25 32.4 3.4
      vertex 60.25 82.4 3.4
      vertex 60.25 32.4 1.8
    endloop
  endfacet
  facet normal -1 0 0
    outer loop
      vertex 60.25 30.8272 6.8
      vertex 60.25 82.4 3.4
      vertex 60.25 32.4 3.4
    endloop
  endfacet
  facet normal -1 0 0
    outer loop
      vertex 60.25 30.8272 6.8
      vertex 60.25 32.4 3.4
      vertex 60.25 30.8272 3.4
    endloop
  endfacet
  facet normal -1 0 0
    outer loop
      vertex 60.25 82.4 3.4
      vertex 60.25 30.8272 6.8
      vertex 60.25 84.9728 6.8
    endloop
  endfacet
  facet normal -1 0 0
    outer loop
      vertex 60.25 90.4 3.4
      vertex 60.25 112.4 1.8
      vertex 60.25 90.4 1.8
    endloop
  endfacet
  facet normal -1 0 0
    outer loop
      vertex 60.25 112.4 1.8
      vertex 60.25 90.4 3.4
      vertex 60.25 112.4 6.8
    endloop
  endfacet
  facet normal -1 0 0
    outer loop
      vertex 60.25 88.8272 6.8
      vertex 60.25 90.4 3.4
      vertex 60.25 88.8272 3.4
    endloop
  endfacet
  facet normal -1 0 0
    outer loop
      vertex 60.25 90.4 3.4
      vertex 60.25 88.8272 6.8
      vertex 60.25 112.4 6.8
    endloop
  endfacet
  facet normal 0 1 -0
    outer loop
      vertex 60.25 32.4 1.8
      vertex 58.6772 32.4 3.4
      vertex 60.25 32.4 3.4
    endloop
  endfacet
  facet normal 0 1 0
    outer loop
      vertex 58.6772 32.4 3.4
      vertex 60.25 32.4 1.8
      vertex 58.6772 32.4 1.8
    endloop
  endfacet
  facet normal 0 1 -0
    outer loop
      vertex 5.8228 32.4 1.8
      vertex 4.25 32.4 3.4
      vertex 5.8228 32.4 3.4
    endloop
  endfacet
  facet normal 0 1 0
    outer loop
      vertex 4.25 32.4 3.4
      vertex 5.8228 32.4 1.8
      vertex 4.25 32.4 1.8
    endloop
  endfacet
  facet normal 0 1 -0
    outer loop
      vertex 29.1434 32.4 0
      vertex 18.5566 32.4 1.8
      vertex 29.1434 32.4 1.8
    endloop
  endfacet
  facet normal 0 1 0
    outer loop
      vertex 18.5566 32.4 1.8
      vertex 29.1434 32.4 0
      vertex 18.5566 32.4 0
    endloop
  endfacet
  facet normal 0 1 -0
    outer loop
      vertex 53.1434 32.4 0
      vertex 42.5566 32.4 1.8
      vertex 53.1434 32.4 1.8
    endloop
  endfacet
  facet normal 0 1 0
    outer loop
      vertex 42.5566 32.4 1.8
      vertex 53.1434 32.4 0
      vertex 42.5566 32.4 0
    endloop
  endfacet
  facet normal 0 1 0
    outer loop
      vertex 53.1434 32.4 1.8
      vertex 54.8228 32.4 3.4
      vertex 54.8228 32.4 1.8
    endloop
  endfacet
  facet normal 0 1 0
    outer loop
      vertex 42.5566 32.4 1.8
      vertex 54.8228 32.4 3.4
      vertex 53.1434 32.4 1.8
    endloop
  endfacet
  facet normal 0 1 0
    outer loop
      vertex 29.1434 32.4 1.8
      vertex 54.8228 32.4 3.4
      vertex 42.5566 32.4 1.8
    endloop
  endfacet
  facet normal 0 1 0
    outer loop
      vertex 54.8228 32.4 3.4
      vertex 29.1434 32.4 1.8
      vertex 9.6772 32.4 3.4
    endloop
  endfacet
  facet normal 0 1 -0
    outer loop
      vertex 18.5566 32.4 1.8
      vertex 9.6772 32.4 3.4
      vertex 29.1434 32.4 1.8
    endloop
  endfacet
  facet normal 0 1 0
    outer loop
      vertex 9.6772 32.4 3.4
      vertex 18.5566 32.4 1.8
      vertex 9.6772 32.4 1.8
    endloop
  endfacet
  facet normal 0 -1 0
    outer loop
      vertex 31.1754 24.4 0
      vertex 40.5246 24.4 1.8
      vertex 31.1754 24.4 1.8
    endloop
  endfacet
  facet normal 0 -1 -0
    outer loop
      vertex 40.5246 24.4 1.8
      vertex 31.1754 24.4 0
      vertex 40.5246 24.4 0
    endloop
  endfacet
  facet normal 0 -1 0
    outer loop
      vertex 7.17539 24.4 0
      vertex 16.5246 24.4 1.8
      vertex 7.17539 24.4 1.8
    endloop
  endfacet
  facet normal 0 -1 -0
    outer loop
      vertex 16.5246 24.4 1.8
      vertex 7.17539 24.4 0
      vertex 16.5246 24.4 0
    endloop
  endfacet
  facet normal 0 -1 0
    outer loop
      vertex 7.17539 24.4 1.8
      vertex 4.25 24.4 3.4
      vertex 4.25 24.4 1.8
    endloop
  endfacet
  facet normal 0 -1 0
    outer loop
      vertex 16.5246 24.4 1.8
      vertex 4.25 24.4 3.4
      vertex 7.17539 24.4 1.8
    endloop
  endfacet
  facet normal 0 -1 0
    outer loop
      vertex 31.1754 24.4 1.8
      vertex 4.25 24.4 3.4
      vertex 16.5246 24.4 1.8
    endloop
  endfacet
  facet normal 0 -1 0
    outer loop
      vertex 4.25 24.4 3.4
      vertex 31.1754 24.4 1.8
      vertex 60.25 24.4 3.4
    endloop
  endfacet
  facet normal 0 -1 0
    outer loop
      vertex 40.5246 24.4 1.8
      vertex 60.25 24.4 3.4
      vertex 31.1754 24.4 1.8
    endloop
  endfacet
  facet normal 0 -1 -0
    outer loop
      vertex 60.25 24.4 3.4
      vertex 40.5246 24.4 1.8
      vertex 60.25 24.4 1.8
    endloop
  endfacet
  facet normal 0 0 1
    outer loop
      vertex 52.7842 87.4221 3.4
      vertex 11.75 86.9 3.4
      vertex 52.75 86.9 3.4
    endloop
  endfacet
  facet normal 0 0 1
    outer loop
      vertex 11.7158 87.4221 3.4
      vertex 52.7842 87.4221 3.4
      vertex 52.8863 87.9353 3.4
    endloop
  endfacet
  facet normal 0 0 1
    outer loop
      vertex 11.6137 87.9353 3.4
      vertex 52.8863 87.9353 3.4
      vertex 53.0545 88.4307 3.4
    endloop
  endfacet
  facet normal 0 0 1
    outer loop
      vertex 11.4455 88.4307 3.4
      vertex 53.0545 88.4307 3.4
      vertex 53.2859 88.9 3.4
    endloop
  endfacet
  facet normal 0 0 1
    outer loop
      vertex 11.2141 88.9 3.4
      vertex 53.2859 88.9 3.4
      vertex 53.5766 89.335 3.4
    endloop
  endfacet
  facet normal 0 0 1
    outer loop
      vertex 10.9234 89.335 3.4
      vertex 53.5766 89.335 3.4
      vertex 53.9216 89.7284 3.4
    endloop
  endfacet
  facet normal 0 0 1
    outer loop
      vertex 10.5784 89.7284 3.4
      vertex 53.9216 89.7284 3.4
      vertex 54.315 90.0734 3.4
    endloop
  endfacet
  facet normal 0 0 1
    outer loop
      vertex 10.185 90.0734 3.4
      vertex 54.315 90.0734 3.4
      vertex 54.75 90.3641 3.4
    endloop
  endfacet
  facet normal 0 0 1
    outer loop
      vertex 9.75 90.3641 3.4
      vertex 54.75 90.3641 3.4
      vertex 54.8228 90.4 3.4
    endloop
  endfacet
  facet normal 0 0 1
    outer loop
      vertex 52.7842 87.4221 3.4
      vertex 11.7158 87.4221 3.4
      vertex 11.75 86.9 3.4
    endloop
  endfacet
  facet normal 0 0 1
    outer loop
      vertex 52.8863 87.9353 3.4
      vertex 11.6137 87.9353 3.4
      vertex 11.7158 87.4221 3.4
    endloop
  endfacet
  facet normal 0 0 1
    outer loop
      vertex 53.0545 88.4307 3.4
      vertex 11.4455 88.4307 3.4
      vertex 11.6137 87.9353 3.4
    endloop
  endfacet
  facet normal 0 0 1
    outer loop
      vertex 53.2859 88.9 3.4
      vertex 11.2141 88.9 3.4
      vertex 11.4455 88.4307 3.4
    endloop
  endfacet
  facet normal 0 0 1
    outer loop
      vertex 53.5766 89.335 3.4
      vertex 10.9234 89.335 3.4
      vertex 11.2141 88.9 3.4
    endloop
  endfacet
  facet normal 0 0 1
    outer loop
      vertex 53.9216 89.7284 3.4
      vertex 10.5784 89.7284 3.4
      vertex 10.9234 89.335 3.4
    endloop
  endfacet
  facet normal 0 0 1
    outer loop
      vertex 54.315 90.0734 3.4
      vertex 10.185 90.0734 3.4
      vertex 10.5784 89.7284 3.4
    endloop
  endfacet
  facet normal 0 0 1
    outer loop
      vertex 54.75 90.3641 3.4
      vertex 9.75 90.3641 3.4
      vertex 10.185 90.0734 3.4
    endloop
  endfacet
  facet normal 0 -0 1
    outer loop
      vertex 9.75 90.3641 3.4
      vertex 54.8228 90.4 3.4
      vertex 9.6772 90.4 3.4
    endloop
  endfacet
  facet normal -0 0 1
    outer loop
      vertex 60.2141 84.9 3.4
      vertex 60.25 82.4 3.4
      vertex 60.25 84.9728 3.4
    endloop
  endfacet
  facet normal -0 0 1
    outer loop
      vertex 59.9234 84.465 3.4
      vertex 60.25 82.4 3.4
      vertex 60.2141 84.9 3.4
    endloop
  endfacet
  facet normal -0 0 1
    outer loop
      vertex 59.5784 84.0716 3.4
      vertex 60.25 82.4 3.4
      vertex 59.9234 84.465 3.4
    endloop
  endfacet
  facet normal -0 0 1
    outer loop
      vertex 59.185 83.7266 3.4
      vertex 60.25 82.4 3.4
      vertex 59.5784 84.0716 3.4
    endloop
  endfacet
  facet normal -0 0 1
    outer loop
      vertex 58.75 83.4359 3.4
      vertex 60.25 82.4 3.4
      vertex 59.185 83.7266 3.4
    endloop
  endfacet
  facet normal -0 0 1
    outer loop
      vertex 58.2807 83.2045 3.4
      vertex 60.25 82.4 3.4
      vertex 58.75 83.4359 3.4
    endloop
  endfacet
  facet normal -0 0 1
    outer loop
      vertex 57.7853 83.0363 3.4
      vertex 60.25 82.4 3.4
      vertex 58.2807 83.2045 3.4
    endloop
  endfacet
  facet normal -0 0 1
    outer loop
      vertex 57.2721 82.9342 3.4
      vertex 60.25 82.4 3.4
      vertex 57.7853 83.0363 3.4
    endloop
  endfacet
  facet normal -0 0 1
    outer loop
      vertex 56.75 82.9 3.4
      vertex 60.25 82.4 3.4
      vertex 57.2721 82.9342 3.4
    endloop
  endfacet
  facet normal 0 0 1
    outer loop
      vertex 56.2279 82.9342 3.4
      vertex 60.25 82.4 3.4
      vertex 56.75 82.9 3.4
    endloop
  endfacet
  facet normal -0 0 1
    outer loop
      vertex 11.75 86.9 3.4
      vertex 52.7842 86.3779 3.4
      vertex 52.75 86.9 3.4
    endloop
  endfacet
  facet normal 0 0 1
    outer loop
      vertex 11.7158 86.3779 3.4
      vertex 52.7842 86.3779 3.4
      vertex 11.75 86.9 3.4
    endloop
  endfacet
  facet normal 0 0 1
    outer loop
      vertex 52.7842 86.3779 3.4
      vertex 11.7158 86.3779 3.4
      vertex 52.8863 85.8647 3.4
    endloop
  endfacet
  facet normal 0 0 1
    outer loop
      vertex 11.6137 85.8647 3.4
      vertex 52.8863 85.8647 3.4
      vertex 11.7158 86.3779 3.4
    endloop
  endfacet
  facet normal 0 0 1
    outer loop
      vertex 52.8863 85.8647 3.4
      vertex 11.6137 85.8647 3.4
      vertex 53.0545 85.3693 3.4
    endloop
  endfacet
  facet normal 0 0 1
    outer loop
      vertex 11.4455 85.3693 3.4
      vertex 53.0545 85.3693 3.4
      vertex 11.6137 85.8647 3.4
    endloop
  endfacet
  facet normal 0 0 1
    outer loop
      vertex 53.0545 85.3693 3.4
      vertex 11.4455 85.3693 3.4
      vertex 53.2859 84.9 3.4
    endloop
  endfacet
  facet normal 0 0 1
    outer loop
      vertex 11.2141 84.9 3.4
      vertex 53.2859 84.9 3.4
      vertex 11.4455 85.3693 3.4
    endloop
  endfacet
  facet normal 0 0 1
    outer loop
      vertex 53.2859 84.9 3.4
      vertex 11.2141 84.9 3.4
      vertex 53.5766 84.465 3.4
    endloop
  endfacet
  facet normal 0 0 1
    outer loop
      vertex 10.9234 84.465 3.4
      vertex 53.5766 84.465 3.4
      vertex 11.2141 84.9 3.4
    endloop
  endfacet
  facet normal 0 0 1
    outer loop
      vertex 53.5766 84.465 3.4
      vertex 10.9234 84.465 3.4
      vertex 53.9216 84.0716 3.4
    endloop
  endfacet
  facet normal 0 0 1
    outer loop
      vertex 10.5784 84.0716 3.4
      vertex 53.9216 84.0716 3.4
      vertex 10.9234 84.465 3.4
    endloop
  endfacet
  facet normal 0 0 1
    outer loop
      vertex 53.9216 84.0716 3.4
      vertex 10.5784 84.0716 3.4
      vertex 54.315 83.7266 3.4
    endloop
  endfacet
  facet normal 0 0 1
    outer loop
      vertex 10.185 83.7266 3.4
      vertex 54.315 83.7266 3.4
      vertex 10.5784 84.0716 3.4
    endloop
  endfacet
  facet normal 0 0 1
    outer loop
      vertex 54.315 83.7266 3.4
      vertex 10.185 83.7266 3.4
      vertex 54.75 83.4359 3.4
    endloop
  endfacet
  facet normal 0 0 1
    outer loop
      vertex 9.75 83.4359 3.4
      vertex 54.75 83.4359 3.4
      vertex 10.185 83.7266 3.4
    endloop
  endfacet
  facet normal 0 0 1
    outer loop
      vertex 54.75 83.4359 3.4
      vertex 9.75 83.4359 3.4
      vertex 55.2193 83.2045 3.4
    endloop
  endfacet
  facet normal 0 0 1
    outer loop
      vertex 9.28073 83.2045 3.4
      vertex 55.2193 83.2045 3.4
      vertex 9.75 83.4359 3.4
    endloop
  endfacet
  facet normal 0 0 1
    outer loop
      vertex 55.2193 83.2045 3.4
      vertex 9.28073 83.2045 3.4
      vertex 55.7147 83.0363 3.4
    endloop
  endfacet
  facet normal 0 0 1
    outer loop
      vertex 8.78528 83.0363 3.4
      vertex 55.7147 83.0363 3.4
      vertex 9.28073 83.2045 3.4
    endloop
  endfacet
  facet normal 0 0 1
    outer loop
      vertex 55.7147 83.0363 3.4
      vertex 8.78528 83.0363 3.4
      vertex 56.2279 82.9342 3.4
    endloop
  endfacet
  facet normal 0 0 1
    outer loop
      vertex 8.2721 82.9342 3.4
      vertex 56.2279 82.9342 3.4
      vertex 8.78528 83.0363 3.4
    endloop
  endfacet
  facet normal 0 0 1
    outer loop
      vertex 56.2279 82.9342 3.4
      vertex 8.2721 82.9342 3.4
      vertex 60.25 82.4 3.4
    endloop
  endfacet
  facet normal 0 0 1
    outer loop
      vertex 4.25 82.4 3.4
      vertex 8.2721 82.9342 3.4
      vertex 7.75 82.9 3.4
    endloop
  endfacet
  facet normal 0 0 1
    outer loop
      vertex 8.2721 82.9342 3.4
      vertex 4.25 82.4 3.4
      vertex 60.25 82.4 3.4
    endloop
  endfacet
  facet normal 0 0 1
    outer loop
      vertex 7.22789 82.9342 3.4
      vertex 4.25 82.4 3.4
      vertex 7.75 82.9 3.4
    endloop
  endfacet
  facet normal 0 0 1
    outer loop
      vertex 6.71472 83.0363 3.4
      vertex 4.25 82.4 3.4
      vertex 7.22789 82.9342 3.4
    endloop
  endfacet
  facet normal 0 0 1
    outer loop
      vertex 6.21927 83.2045 3.4
      vertex 4.25 82.4 3.4
      vertex 6.71472 83.0363 3.4
    endloop
  endfacet
  facet normal 0 0 1
    outer loop
      vertex 5.75 83.4359 3.4
      vertex 4.25 82.4 3.4
      vertex 6.21927 83.2045 3.4
    endloop
  endfacet
  facet normal 0 0 1
    outer loop
      vertex 5.31495 83.7266 3.4
      vertex 4.25 82.4 3.4
      vertex 5.75 83.4359 3.4
    endloop
  endfacet
  facet normal 0 0 1
    outer loop
      vertex 4.92157 84.0716 3.4
      vertex 4.25 82.4 3.4
      vertex 5.31495 83.7266 3.4
    endloop
  endfacet
  facet normal 0 0 1
    outer loop
      vertex 4.57659 84.465 3.4
      vertex 4.25 82.4 3.4
      vertex 4.92157 84.0716 3.4
    endloop
  endfacet
  facet normal 0 0 1
    outer loop
      vertex 4.2859 84.9 3.4
      vertex 4.25 82.4 3.4
      vertex 4.57659 84.465 3.4
    endloop
  endfacet
  facet normal 0 0 1
    outer loop
      vertex 4.25 82.4 3.4
      vertex 4.2859 84.9 3.4
      vertex 4.25 84.9728 3.4
    endloop
  endfacet
  facet normal 0 0 1
    outer loop
      vertex 60.25 90.4 3.4
      vertex 60.2141 88.9 3.4
      vertex 60.25 88.8272 3.4
    endloop
  endfacet
  facet normal 0 0 1
    outer loop
      vertex 60.25 90.4 3.4
      vertex 59.9234 89.335 3.4
      vertex 60.2141 88.9 3.4
    endloop
  endfacet
  facet normal 0 0 1
    outer loop
      vertex 60.25 90.4 3.4
      vertex 59.5784 89.7284 3.4
      vertex 59.9234 89.335 3.4
    endloop
  endfacet
  facet normal 0 0 1
    outer loop
      vertex 60.25 90.4 3.4
      vertex 59.185 90.0734 3.4
      vertex 59.5784 89.7284 3.4
    endloop
  endfacet
  facet normal 0 0 1
    outer loop
      vertex 60.25 90.4 3.4
      vertex 58.75 90.3641 3.4
      vertex 59.185 90.0734 3.4
    endloop
  endfacet
  facet normal 0 -0 1
    outer loop
      vertex 58.75 90.3641 3.4
      vertex 60.25 90.4 3.4
      vertex 58.6772 90.4 3.4
    endloop
  endfacet
  facet normal -0 0 1
    outer loop
      vertex 4.25 90.4 3.4
      vertex 5.75 90.3641 3.4
      vertex 5.8228 90.4 3.4
    endloop
  endfacet
  facet normal 0 0 1
    outer loop
      vertex 4.25 90.4 3.4
      vertex 5.31495 90.0734 3.4
      vertex 5.75 90.3641 3.4
    endloop
  endfacet
  facet normal 0 0 1
    outer loop
      vertex 4.25 90.4 3.4
      vertex 4.92157 89.7284 3.4
      vertex 5.31495 90.0734 3.4
    endloop
  endfacet
  facet normal 0 0 1
    outer loop
      vertex 4.25 90.4 3.4
      vertex 4.57659 89.335 3.4
      vertex 4.92157 89.7284 3.4
    endloop
  endfacet
  facet normal 0 0 1
    outer loop
      vertex 4.25 90.4 3.4
      vertex 4.2859 88.9 3.4
      vertex 4.57659 89.335 3.4
    endloop
  endfacet
  facet normal 0 0 1
    outer loop
      vertex 4.2859 88.9 3.4
      vertex 4.25 90.4 3.4
      vertex 4.25 88.8272 3.4
    endloop
  endfacet
  facet normal 0 -1 0
    outer loop
      vertex 31.2109 82.4 0
      vertex 40.4891 82.4 1.8
      vertex 31.2109 82.4 1.8
    endloop
  endfacet
  facet normal 0 -1 -0
    outer loop
      vertex 40.4891 82.4 1.8
      vertex 31.2109 82.4 0
      vertex 40.4891 82.4 0
    endloop
  endfacet
  facet normal 0 -1 0
    outer loop
      vertex 7.21093 82.4 0
      vertex 16.4891 82.4 1.8
      vertex 7.21093 82.4 1.8
    endloop
  endfacet
  facet normal 0 -1 -0
    outer loop
      vertex 16.4891 82.4 1.8
      vertex 7.21093 82.4 0
      vertex 16.4891 82.4 0
    endloop
  endfacet
  facet normal 0 -1 0
    outer loop
      vertex 7.21093 82.4 1.8
      vertex 4.25 82.4 3.4
      vertex 4.25 82.4 1.8
    endloop
  endfacet
  facet normal 0 -1 0
    outer loop
      vertex 16.4891 82.4 1.8
      vertex 4.25 82.4 3.4
      vertex 7.21093 82.4 1.8
    endloop
  endfacet
  facet normal 0 -1 0
    outer loop
      vertex 31.2109 82.4 1.8
      vertex 4.25 82.4 3.4
      vertex 16.4891 82.4 1.8
    endloop
  endfacet
  facet normal 0 -1 0
    outer loop
      vertex 4.25 82.4 3.4
      vertex 31.2109 82.4 1.8
      vertex 60.25 82.4 3.4
    endloop
  endfacet
  facet normal 0 -1 0
    outer loop
      vertex 40.4891 82.4 1.8
      vertex 60.25 82.4 3.4
      vertex 31.2109 82.4 1.8
    endloop
  endfacet
  facet normal 0 -1 -0
    outer loop
      vertex 60.25 82.4 3.4
      vertex 40.4891 82.4 1.8
      vertex 60.25 82.4 1.8
    endloop
  endfacet
  facet normal 0 1 -0
    outer loop
      vertex 60.25 90.4 1.8
      vertex 58.6772 90.4 3.4
      vertex 60.25 90.4 3.4
    endloop
  endfacet
  facet normal 0 1 0
    outer loop
      vertex 58.6772 90.4 3.4
      vertex 60.25 90.4 1.8
      vertex 58.6772 90.4 1.8
    endloop
  endfacet
  facet normal 0 1 -0
    outer loop
      vertex 5.8228 90.4 1.8
      vertex 4.25 90.4 3.4
      vertex 5.8228 90.4 3.4
    endloop
  endfacet
  facet normal 0 1 0
    outer loop
      vertex 4.25 90.4 3.4
      vertex 5.8228 90.4 1.8
      vertex 4.25 90.4 1.8
    endloop
  endfacet
  facet normal 0 1 -0
    outer loop
      vertex 27.8703 90.4 0
      vertex 19.8297 90.4 1.8
      vertex 27.8703 90.4 1.8
    endloop
  endfacet
  facet normal 0 1 0
    outer loop
      vertex 19.8297 90.4 1.8
      vertex 27.8703 90.4 0
      vertex 19.8297 90.4 0
    endloop
  endfacet
  facet normal 0 1 -0
    outer loop
      vertex 38.6297 90.4 0
      vertex 33.0703 90.4 1.8
      vertex 38.6297 90.4 1.8
    endloop
  endfacet
  facet normal 0 1 0
    outer loop
      vertex 33.0703 90.4 1.8
      vertex 38.6297 90.4 0
      vertex 33.0703 90.4 0
    endloop
  endfacet
  facet normal 0 1 -0
    outer loop
      vertex 51.8703 90.4 0
      vertex 43.8297 90.4 1.8
      vertex 51.8703 90.4 1.8
    endloop
  endfacet
  facet normal 0 1 0
    outer loop
      vertex 43.8297 90.4 1.8
      vertex 51.8703 90.4 0
      vertex 43.8297 90.4 0
    endloop
  endfacet
  facet normal 0 1 0
    outer loop
      vertex 51.8703 90.4 1.8
      vertex 54.8228 90.4 3.4
      vertex 54.8228 90.4 1.8
    endloop
  endfacet
  facet normal 0 1 0
    outer loop
      vertex 43.8297 90.4 1.8
      vertex 54.8228 90.4 3.4
      vertex 51.8703 90.4 1.8
    endloop
  endfacet
  facet normal 0 1 0
    outer loop
      vertex 38.6297 90.4 1.8
      vertex 54.8228 90.4 3.4
      vertex 43.8297 90.4 1.8
    endloop
  endfacet
  facet normal 0 1 0
    outer loop
      vertex 33.0703 90.4 1.8
      vertex 54.8228 90.4 3.4
      vertex 38.6297 90.4 1.8
    endloop
  endfacet
  facet normal 0 1 0
    outer loop
      vertex 54.8228 90.4 3.4
      vertex 33.0703 90.4 1.8
      vertex 9.6772 90.4 3.4
    endloop
  endfacet
  facet normal 0 1 -0
    outer loop
      vertex 27.8703 90.4 1.8
      vertex 9.6772 90.4 3.4
      vertex 33.0703 90.4 1.8
    endloop
  endfacet
  facet normal 0 1 -0
    outer loop
      vertex 19.8297 90.4 1.8
      vertex 9.6772 90.4 3.4
      vertex 27.8703 90.4 1.8
    endloop
  endfacet
  facet normal 0 1 -0
    outer loop
      vertex 14.6297 90.4 1.8
      vertex 9.6772 90.4 3.4
      vertex 19.8297 90.4 1.8
    endloop
  endfacet
  facet normal 0 1 0
    outer loop
      vertex 14.6297 90.4 1.8
      vertex 9.6772 90.4 1.6
      vertex 9.6772 90.4 3.4
    endloop
  endfacet
  facet normal 0 1 -0
    outer loop
      vertex 14.6297 90.4 0
      vertex 9.6772 90.4 1.6
      vertex 14.6297 90.4 1.8
    endloop
  endfacet
  facet normal 0 1 0
    outer loop
      vertex 9.07027 90.4 0
      vertex 9.6772 90.4 1.6
      vertex 14.6297 90.4 0
    endloop
  endfacet
  facet normal 0 1 0
    outer loop
      vertex 9.6772 90.4 1.6
      vertex 9.07027 90.4 0
      vertex 9.07027 90.4 1.6
    endloop
  endfacet
  facet normal 0.555626 0.831432 -0
    outer loop
      vertex 10.185 32.0734 3.4
      vertex 9.75 32.3641 6.8
      vertex 10.185 32.0734 6.8
    endloop
  endfacet
  facet normal 0.555626 0.831432 0
    outer loop
      vertex 9.75 32.3641 6.8
      vertex 10.185 32.0734 3.4
      vertex 9.75 32.3641 3.4
    endloop
  endfacet
  facet normal 0.980779 -0.195124 0
    outer loop
      vertex 11.6137 27.8647 6.8
      vertex 11.7158 28.3779 3.4
      vertex 11.7158 28.3779 6.8
    endloop
  endfacet
  facet normal 0.980779 -0.195124 0
    outer loop
      vertex 11.7158 28.3779 3.4
      vertex 11.6137 27.8647 6.8
      vertex 11.6137 27.8647 3.4
    endloop
  endfacet
  facet normal -0.195135 -0.980776 0
    outer loop
      vertex 6.71472 25.0363 3.4
      vertex 7.22789 24.9342 6.8
      vertex 6.71472 25.0363 6.8
    endloop
  endfacet
  facet normal -0.195135 -0.980776 -0
    outer loop
      vertex 7.22789 24.9342 6.8
      vertex 6.71472 25.0363 3.4
      vertex 7.22789 24.9342 3.4
    endloop
  endfacet
  facet normal -0.44226 0.896887 4.90738e-07
    outer loop
      vertex 6.21927 32.5955 6.8
      vertex 5.8228 32.4 3.4
      vertex 5.75 32.3641 6.8
    endloop
  endfacet
  facet normal -0.442257 0.896888 0
    outer loop
      vertex 6.21927 32.5955 1.8
      vertex 5.8228 32.4 3.4
      vertex 6.21927 32.5955 6.8
    endloop
  endfacet
  facet normal -0.442257 0.896888 0
    outer loop
      vertex 5.8228 32.4 3.4
      vertex 6.21927 32.5955 1.8
      vertex 5.8228 32.4 1.8
    endloop
  endfacet
  facet normal -0.442279 0.896878 0
    outer loop
      vertex 5.75 32.3641 6.8
      vertex 5.8228 32.4 3.4
      vertex 5.75 32.3641 3.4
    endloop
  endfacet
  facet normal 0.896898 0.442238 0
    outer loop
      vertex 11.4455 30.4307 6.8
      vertex 11.2141 30.9 3.4
      vertex 11.2141 30.9 6.8
    endloop
  endfacet
  facet normal 0.896898 0.442238 0
    outer loop
      vertex 11.2141 30.9 3.4
      vertex 11.4455 30.4307 6.8
      vertex 11.4455 30.4307 3.4
    endloop
  endfacet
  facet normal 0.831432 0.555626 0
    outer loop
      vertex 11.2141 30.9 6.8
      vertex 10.9234 31.335 3.4
      vertex 10.9234 31.335 6.8
    endloop
  endfacet
  facet normal 0.831432 0.555626 0
    outer loop
      vertex 10.9234 31.335 3.4
      vertex 11.2141 30.9 6.8
      vertex 11.2141 30.9 3.4
    endloop
  endfacet
  facet normal 0.321469 0.94692 -0
    outer loop
      vertex 9.28073 32.5955 1.8
      vertex 8.78528 32.7637 6.8
      vertex 9.28073 32.5955 6.8
    endloop
  endfacet
  facet normal 0.321469 0.94692 0
    outer loop
      vertex 8.78528 32.7637 6.8
      vertex 9.28073 32.5955 1.8
      vertex 8.78528 32.7637 1.8
    endloop
  endfacet
  facet normal -0.0653634 0.997862 0
    outer loop
      vertex 7.75 32.9 1.8
      vertex 7.22789 32.8658 6.8
      vertex 7.75 32.9 6.8
    endloop
  endfacet
  facet normal -0.0653634 0.997862 0
    outer loop
      vertex 7.22789 32.8658 6.8
      vertex 7.75 32.9 1.8
      vertex 7.22789 32.8658 1.8
    endloop
  endfacet
  facet normal 0 0 -1
    outer loop
      vertex 9.07027 90.4 1.6
      vertex 9.28073 90.5955 1.6
      vertex 9.6772 90.4 1.6
    endloop
  endfacet
  facet normal -0 0 -1
    outer loop
      vertex 9.28073 90.5955 1.6
      vertex 9.07027 90.4 1.6
      vertex 8.87857 90.732 1.6
    endloop
  endfacet
  facet normal -0.831441 0.555613 0
    outer loop
      vertex 4.2859 30.9 3.4
      vertex 4.57659 31.335 6.8
      vertex 4.57659 31.335 3.4
    endloop
  endfacet
  facet normal -0.831441 0.555613 0
    outer loop
      vertex 4.57659 31.335 6.8
      vertex 4.2859 30.9 3.4
      vertex 4.2859 30.9 6.8
    endloop
  endfacet
  facet normal -0.555582 0.831462 0
    outer loop
      vertex 5.75 32.3641 3.4
      vertex 5.31495 32.0734 6.8
      vertex 5.75 32.3641 6.8
    endloop
  endfacet
  facet normal -0.555582 0.831462 0
    outer loop
      vertex 5.31495 32.0734 6.8
      vertex 5.75 32.3641 3.4
      vertex 5.31495 32.0734 3.4
    endloop
  endfacet
  facet normal -0.321469 0.94692 0
    outer loop
      vertex 6.71472 32.7637 1.8
      vertex 6.21927 32.5955 6.8
      vertex 6.71472 32.7637 6.8
    endloop
  endfacet
  facet normal -0.321469 0.94692 0
    outer loop
      vertex 6.21927 32.5955 6.8
      vertex 6.71472 32.7637 1.8
      vertex 6.21927 32.5955 1.8
    endloop
  endfacet
  facet normal 0.997861 -0.0653646 0
    outer loop
      vertex 11.7158 28.3779 6.8
      vertex 11.75 28.9 3.4
      vertex 11.75 28.9 6.8
    endloop
  endfacet
  facet normal 0.997861 -0.0653646 0
    outer loop
      vertex 11.75 28.9 3.4
      vertex 11.7158 28.3779 6.8
      vertex 11.7158 28.3779 3.4
    endloop
  endfacet
  facet normal 0.44226 -0.896887 0
    outer loop
      vertex 9.28073 25.2045 3.4
      vertex 9.75 25.4359 6.8
      vertex 9.28073 25.2045 6.8
    endloop
  endfacet
  facet normal 0.44226 -0.896887 0
    outer loop
      vertex 9.75 25.4359 6.8
      vertex 9.28073 25.2045 3.4
      vertex 9.75 25.4359 3.4
    endloop
  endfacet
  facet normal 0.555626 -0.831432 0
    outer loop
      vertex 9.75 25.4359 3.4
      vertex 10.185 25.7266 6.8
      vertex 9.75 25.4359 6.8
    endloop
  endfacet
  facet normal 0.555626 -0.831432 0
    outer loop
      vertex 10.185 25.7266 6.8
      vertex 9.75 25.4359 3.4
      vertex 10.185 25.7266 3.4
    endloop
  endfacet
  facet normal 0.831432 -0.555626 0
    outer loop
      vertex 10.9234 26.465 6.8
      vertex 11.2141 26.9 3.4
      vertex 11.2141 26.9 6.8
    endloop
  endfacet
  facet normal 0.831432 -0.555626 0
    outer loop
      vertex 11.2141 26.9 3.4
      vertex 10.9234 26.465 6.8
      vertex 10.9234 26.465 3.4
    endloop
  endfacet
  facet normal -0.0653634 -0.997862 0
    outer loop
      vertex 7.22789 24.9342 3.4
      vertex 7.75 24.9 6.8
      vertex 7.22789 24.9342 6.8
    endloop
  endfacet
  facet normal -0.0653634 -0.997862 -0
    outer loop
      vertex 7.75 24.9 6.8
      vertex 7.22789 24.9342 3.4
      vertex 7.75 24.9 3.4
    endloop
  endfacet
  facet normal -0.555582 -0.831462 0
    outer loop
      vertex 5.31495 25.7266 3.4
      vertex 5.75 25.4359 6.8
      vertex 5.31495 25.7266 6.8
    endloop
  endfacet
  facet normal -0.555582 -0.831462 -0
    outer loop
      vertex 5.75 25.4359 6.8
      vertex 5.31495 25.7266 3.4
      vertex 5.75 25.4359 3.4
    endloop
  endfacet
  facet normal -0.831441 -0.555613 0
    outer loop
      vertex 4.57659 26.465 3.4
      vertex 4.2859 26.9 6.8
      vertex 4.2859 26.9 3.4
    endloop
  endfacet
  facet normal -0.831441 -0.555613 0
    outer loop
      vertex 4.2859 26.9 6.8
      vertex 4.57659 26.465 3.4
      vertex 4.57659 26.465 6.8
    endloop
  endfacet
  facet normal 0.94691 0.321498 0
    outer loop
      vertex 11.6137 29.9353 6.8
      vertex 11.4455 30.4307 3.4
      vertex 11.4455 30.4307 6.8
    endloop
  endfacet
  facet normal 0.94691 0.321498 0
    outer loop
      vertex 11.4455 30.4307 3.4
      vertex 11.6137 29.9353 6.8
      vertex 11.6137 29.9353 3.4
    endloop
  endfacet
  facet normal 0.751842 0.659343 0
    outer loop
      vertex 10.9234 31.335 6.8
      vertex 10.5784 31.7284 3.4
      vertex 10.5784 31.7284 6.8
    endloop
  endfacet
  facet normal 0.751842 0.659343 0
    outer loop
      vertex 10.5784 31.7284 3.4
      vertex 10.9234 31.335 6.8
      vertex 10.9234 31.335 3.4
    endloop
  endfacet
  facet normal 0.659343 0.751842 -0
    outer loop
      vertex 10.5784 31.7284 3.4
      vertex 10.185 32.0734 6.8
      vertex 10.5784 31.7284 6.8
    endloop
  endfacet
  facet normal 0.659343 0.751842 0
    outer loop
      vertex 10.185 32.0734 6.8
      vertex 10.5784 31.7284 3.4
      vertex 10.185 32.0734 3.4
    endloop
  endfacet
  facet normal 0.442279 0.896878 0
    outer loop
      vertex 9.6772 32.4 3.4
      vertex 9.75 32.3641 6.8
      vertex 9.75 32.3641 3.4
    endloop
  endfacet
  facet normal 0.44226 0.896887 4.90738e-07
    outer loop
      vertex 9.75 32.3641 6.8
      vertex 9.6772 32.4 3.4
      vertex 9.28073 32.5955 6.8
    endloop
  endfacet
  facet normal 0.442257 0.896888 0
    outer loop
      vertex 9.28073 32.5955 1.8
      vertex 9.6772 32.4 3.4
      vertex 9.6772 32.4 1.8
    endloop
  endfacet
  facet normal 0.442257 0.896888 0
    outer loop
      vertex 9.6772 32.4 3.4
      vertex 9.28073 32.5955 1.8
      vertex 9.28073 32.5955 6.8
    endloop
  endfacet
  facet normal 0.195131 0.980777 -0
    outer loop
      vertex 8.78528 32.7637 1.8
      vertex 8.2721 32.8658 6.8
      vertex 8.78528 32.7637 6.8
    endloop
  endfacet
  facet normal 0.195131 0.980777 0
    outer loop
      vertex 8.2721 32.8658 6.8
      vertex 8.78528 32.7637 1.8
      vertex 8.2721 32.8658 1.8
    endloop
  endfacet
  facet normal 0.0653646 0.997861 -0
    outer loop
      vertex 8.2721 32.8658 1.8
      vertex 7.75 32.9 6.8
      vertex 8.2721 32.8658 6.8
    endloop
  endfacet
  facet normal 0.0653646 0.997861 0
    outer loop
      vertex 7.75 32.9 6.8
      vertex 8.2721 32.8658 1.8
      vertex 7.75 32.9 1.8
    endloop
  endfacet
  facet normal -0.896878 0.442279 0
    outer loop
      vertex 4.25 30.8272 3.4
      vertex 4.2859 30.9 6.8
      vertex 4.2859 30.9 3.4
    endloop
  endfacet
  facet normal -0.896878 0.442279 0
    outer loop
      vertex 4.2859 30.9 6.8
      vertex 4.25 30.8272 3.4
      vertex 4.25 30.8272 6.8
    endloop
  endfacet
  facet normal -0.195135 0.980776 0
    outer loop
      vertex 7.22789 32.8658 1.8
      vertex 6.71472 32.7637 6.8
      vertex 7.22789 32.8658 6.8
    endloop
  endfacet
  facet normal -0.195135 0.980776 0
    outer loop
      vertex 6.71472 32.7637 6.8
      vertex 7.22789 32.8658 1.8
      vertex 6.71472 32.7637 1.8
    endloop
  endfacet
  facet normal -0.659362 0.751826 0
    outer loop
      vertex 5.31495 32.0734 3.4
      vertex 4.92157 31.7284 6.8
      vertex 5.31495 32.0734 6.8
    endloop
  endfacet
  facet normal -0.659362 0.751826 0
    outer loop
      vertex 4.92157 31.7284 6.8
      vertex 5.31495 32.0734 3.4
      vertex 4.92157 31.7284 3.4
    endloop
  endfacet
  facet normal -0.751861 0.659321 0
    outer loop
      vertex 4.57659 31.335 3.4
      vertex 4.92157 31.7284 6.8
      vertex 4.92157 31.7284 3.4
    endloop
  endfacet
  facet normal -0.751861 0.659321 0
    outer loop
      vertex 4.92157 31.7284 6.8
      vertex 4.57659 31.335 3.4
      vertex 4.57659 31.335 6.8
    endloop
  endfacet
  facet normal 0.997861 0.0653646 0
    outer loop
      vertex 11.75 28.9 6.8
      vertex 11.7158 29.4221 3.4
      vertex 11.7158 29.4221 6.8
    endloop
  endfacet
  facet normal 0.997861 0.0653646 0
    outer loop
      vertex 11.7158 29.4221 3.4
      vertex 11.75 28.9 6.8
      vertex 11.75 28.9 3.4
    endloop
  endfacet
  facet normal 0.195131 -0.980777 0
    outer loop
      vertex 8.2721 24.9342 3.4
      vertex 8.78528 25.0363 6.8
      vertex 8.2721 24.9342 6.8
    endloop
  endfacet
  facet normal 0.195131 -0.980777 0
    outer loop
      vertex 8.78528 25.0363 6.8
      vertex 8.2721 24.9342 3.4
      vertex 8.78528 25.0363 3.4
    endloop
  endfacet
  facet normal 0.321469 -0.94692 0
    outer loop
      vertex 8.78528 25.0363 3.4
      vertex 9.28073 25.2045 6.8
      vertex 8.78528 25.0363 6.8
    endloop
  endfacet
  facet normal 0.321469 -0.94692 0
    outer loop
      vertex 9.28073 25.2045 6.8
      vertex 8.78528 25.0363 3.4
      vertex 9.28073 25.2045 3.4
    endloop
  endfacet
  facet normal 0.659343 -0.751842 0
    outer loop
      vertex 10.185 25.7266 3.4
      vertex 10.5784 26.0716 6.8
      vertex 10.185 25.7266 6.8
    endloop
  endfacet
  facet normal 0.659343 -0.751842 0
    outer loop
      vertex 10.5784 26.0716 6.8
      vertex 10.185 25.7266 3.4
      vertex 10.5784 26.0716 3.4
    endloop
  endfacet
  facet normal 0.94691 -0.321498 0
    outer loop
      vertex 11.4455 27.3693 6.8
      vertex 11.6137 27.8647 3.4
      vertex 11.6137 27.8647 6.8
    endloop
  endfacet
  facet normal 0.94691 -0.321498 0
    outer loop
      vertex 11.6137 27.8647 3.4
      vertex 11.4455 27.3693 6.8
      vertex 11.4455 27.3693 3.4
    endloop
  endfacet
  facet normal 0.0653646 -0.997861 0
    outer loop
      vertex 7.75 24.9 3.4
      vertex 8.2721 24.9342 6.8
      vertex 7.75 24.9 6.8
    endloop
  endfacet
  facet normal 0.0653646 -0.997861 0
    outer loop
      vertex 8.2721 24.9342 6.8
      vertex 7.75 24.9 3.4
      vertex 8.2721 24.9342 3.4
    endloop
  endfacet
  facet normal -0.321469 -0.94692 0
    outer loop
      vertex 6.21927 25.2045 3.4
      vertex 6.71472 25.0363 6.8
      vertex 6.21927 25.2045 6.8
    endloop
  endfacet
  facet normal -0.321469 -0.94692 -0
    outer loop
      vertex 6.71472 25.0363 6.8
      vertex 6.21927 25.2045 3.4
      vertex 6.71472 25.0363 3.4
    endloop
  endfacet
  facet normal -0.896878 -0.442279 0
    outer loop
      vertex 4.2859 26.9 3.4
      vertex 4.25 26.9728 6.8
      vertex 4.25 26.9728 3.4
    endloop
  endfacet
  facet normal -0.896878 -0.442279 0
    outer loop
      vertex 4.25 26.9728 6.8
      vertex 4.2859 26.9 3.4
      vertex 4.2859 26.9 6.8
    endloop
  endfacet
  facet normal -0.751861 -0.659321 0
    outer loop
      vertex 4.92157 26.0716 3.4
      vertex 4.57659 26.465 6.8
      vertex 4.57659 26.465 3.4
    endloop
  endfacet
  facet normal -0.751861 -0.659321 0
    outer loop
      vertex 4.57659 26.465 6.8
      vertex 4.92157 26.0716 3.4
      vertex 4.92157 26.0716 6.8
    endloop
  endfacet
  facet normal 0.980779 0.195124 0
    outer loop
      vertex 11.7158 29.4221 6.8
      vertex 11.6137 29.9353 3.4
      vertex 11.6137 29.9353 6.8
    endloop
  endfacet
  facet normal 0.980779 0.195124 0
    outer loop
      vertex 11.6137 29.9353 3.4
      vertex 11.7158 29.4221 6.8
      vertex 11.7158 29.4221 3.4
    endloop
  endfacet
  facet normal -0 0 1
    outer loop
      vertex 2.75 112.4 6.8
      vertex 4.25 88.8272 6.8
      vertex 4.25 112.4 6.8
    endloop
  endfacet
  facet normal 0 0 1
    outer loop
      vertex 4.25 88.8272 6.8
      vertex 2.75 112.4 6.8
      vertex 4.25 84.9728 6.8
    endloop
  endfacet
  facet normal 0 0 1
    outer loop
      vertex 2.75 23.4 6.8
      vertex 4.25 84.9728 6.8
      vertex 2.75 112.4 6.8
    endloop
  endfacet
  facet normal 0 0 1
    outer loop
      vertex 4.25 84.9728 6.8
      vertex 2.75 23.4 6.8
      vertex 4.25 30.8272 6.8
    endloop
  endfacet
  facet normal 0 0 1
    outer loop
      vertex 4.25 30.8272 6.8
      vertex 2.75 23.4 6.8
      vertex 4.25 26.9728 6.8
    endloop
  endfacet
  facet normal 0 0 1
    outer loop
      vertex 4.25 26.9728 6.8
      vertex 2.75 23.4 6.8
      vertex 4.25 23.4 6.8
    endloop
  endfacet
  facet normal 0 0 1
    outer loop
      vertex 9.15 28.9 6.8
      vertex 11.75 28.9 6.8
      vertex 11.7158 29.4221 6.8
    endloop
  endfacet
  facet normal 0 0 1
    outer loop
      vertex 9.13802 29.0827 6.8
      vertex 11.7158 29.4221 6.8
      vertex 11.6137 29.9353 6.8
    endloop
  endfacet
  facet normal 0 0 1
    outer loop
      vertex 11.75 28.9 6.8
      vertex 9.15 28.9 6.8
      vertex 11.7158 28.3779 6.8
    endloop
  endfacet
  facet normal 0 0 1
    outer loop
      vertex 9.1023 29.2623 6.8
      vertex 11.6137 29.9353 6.8
      vertex 11.4455 30.4307 6.8
    endloop
  endfacet
  facet normal -0 0 1
    outer loop
      vertex 9.13802 28.7173 6.8
      vertex 11.7158 28.3779 6.8
      vertex 9.15 28.9 6.8
    endloop
  endfacet
  facet normal 0 0 1
    outer loop
      vertex 9.04343 29.4358 6.8
      vertex 11.4455 30.4307 6.8
      vertex 11.2141 30.9 6.8
    endloop
  endfacet
  facet normal 0 0 1
    outer loop
      vertex 11.7158 28.3779 6.8
      vertex 9.13802 28.7173 6.8
      vertex 11.6137 27.8647 6.8
    endloop
  endfacet
  facet normal 0 0 1
    outer loop
      vertex 8.96243 29.6 6.8
      vertex 11.2141 30.9 6.8
      vertex 10.9234 31.335 6.8
    endloop
  endfacet
  facet normal -0 0 1
    outer loop
      vertex 9.1023 28.5377 6.8
      vertex 11.6137 27.8647 6.8
      vertex 9.13802 28.7173 6.8
    endloop
  endfacet
  facet normal 0 0 1
    outer loop
      vertex 8.86069 29.7523 6.8
      vertex 10.9234 31.335 6.8
      vertex 10.5784 31.7284 6.8
    endloop
  endfacet
  facet normal 0 0 1
    outer loop
      vertex 11.6137 27.8647 6.8
      vertex 9.1023 28.5377 6.8
      vertex 11.4455 27.3693 6.8
    endloop
  endfacet
  facet normal 0 0 1
    outer loop
      vertex 8.73995 29.8899 6.8
      vertex 10.5784 31.7284 6.8
      vertex 10.185 32.0734 6.8
    endloop
  endfacet
  facet normal -0 0 1
    outer loop
      vertex 9.04343 28.3642 6.8
      vertex 11.4455 27.3693 6.8
      vertex 9.1023 28.5377 6.8
    endloop
  endfacet
  facet normal 0 0 1
    outer loop
      vertex 8.60227 30.0107 6.8
      vertex 10.185 32.0734 6.8
      vertex 9.75 32.3641 6.8
    endloop
  endfacet
  facet normal 0 0 1
    outer loop
      vertex 11.4455 27.3693 6.8
      vertex 9.04343 28.3642 6.8
      vertex 11.2141 26.9 6.8
    endloop
  endfacet
  facet normal 0 0 1
    outer loop
      vertex 8.45 30.1124 6.8
      vertex 9.75 32.3641 6.8
      vertex 9.28073 32.5955 6.8
    endloop
  endfacet
  facet normal -0 0 1
    outer loop
      vertex 8.96243 28.2 6.8
      vertex 11.2141 26.9 6.8
      vertex 9.04343 28.3642 6.8
    endloop
  endfacet
  facet normal 0 0 1
    outer loop
      vertex 11.2141 26.9 6.8
      vertex 8.96243 28.2 6.8
      vertex 10.9234 26.465 6.8
    endloop
  endfacet
  facet normal 0 0 1
    outer loop
      vertex 11.7158 29.4221 6.8
      vertex 9.13802 29.0827 6.8
      vertex 9.15 28.9 6.8
    endloop
  endfacet
  facet normal 0 0 1
    outer loop
      vertex 11.6137 29.9353 6.8
      vertex 9.1023 29.2623 6.8
      vertex 9.13802 29.0827 6.8
    endloop
  endfacet
  facet normal 0 0 1
    outer loop
      vertex 11.4455 30.4307 6.8
      vertex 9.04343 29.4358 6.8
      vertex 9.1023 29.2623 6.8
    endloop
  endfacet
  facet normal 0 0 1
    outer loop
      vertex 11.2141 30.9 6.8
      vertex 8.96243 29.6 6.8
      vertex 9.04343 29.4358 6.8
    endloop
  endfacet
  facet normal 0 0 1
    outer loop
      vertex 10.9234 31.335 6.8
      vertex 8.86069 29.7523 6.8
      vertex 8.96243 29.6 6.8
    endloop
  endfacet
  facet normal 0 0 1
    outer loop
      vertex 8.28576 30.1934 6.8
      vertex 9.28073 32.5955 6.8
      vertex 8.78528 32.7637 6.8
    endloop
  endfacet
  facet normal 0 0 1
    outer loop
      vertex 10.5784 31.7284 6.8
      vertex 8.73995 29.8899 6.8
      vertex 8.86069 29.7523 6.8
    endloop
  endfacet
  facet normal 0 0 1
    outer loop
      vertex 10.185 32.0734 6.8
      vertex 8.60227 30.0107 6.8
      vertex 8.73995 29.8899 6.8
    endloop
  endfacet
  facet normal 0 0 1
    outer loop
      vertex 9.75 32.3641 6.8
      vertex 8.45 30.1124 6.8
      vertex 8.60227 30.0107 6.8
    endloop
  endfacet
  facet normal 0 0 1
    outer loop
      vertex 9.28073 32.5955 6.8
      vertex 8.28576 30.1934 6.8
      vertex 8.45 30.1124 6.8
    endloop
  endfacet
  facet normal 0 0 1
    outer loop
      vertex 8.11235 30.2523 6.8
      vertex 8.78528 32.7637 6.8
      vertex 8.2721 32.8658 6.8
    endloop
  endfacet
  facet normal 0 0 1
    outer loop
      vertex 8.78528 32.7637 6.8
      vertex 8.11235 30.2523 6.8
      vertex 8.28576 30.1934 6.8
    endloop
  endfacet
  facet normal 0 0 1
    outer loop
      vertex 8.2721 32.8658 6.8
      vertex 7.93274 30.288 6.8
      vertex 8.11235 30.2523 6.8
    endloop
  endfacet
  facet normal 0 0 1
    outer loop
      vertex 7.75 32.9 6.8
      vertex 7.93274 30.288 6.8
      vertex 8.2721 32.8658 6.8
    endloop
  endfacet
  facet normal 0 0 1
    outer loop
      vertex 7.75 32.9 6.8
      vertex 7.75 30.3 6.8
      vertex 7.93274 30.288 6.8
    endloop
  endfacet
  facet normal 0 0 1
    outer loop
      vertex 7.75 32.9 6.8
      vertex 7.56726 30.288 6.8
      vertex 7.75 30.3 6.8
    endloop
  endfacet
  facet normal -0 0 1
    outer loop
      vertex 7.22789 32.8658 6.8
      vertex 7.56726 30.288 6.8
      vertex 7.75 32.9 6.8
    endloop
  endfacet
  facet normal 0 0 1
    outer loop
      vertex 7.56726 30.288 6.8
      vertex 7.22789 32.8658 6.8
      vertex 7.38765 30.2523 6.8
    endloop
  endfacet
  facet normal -0 0 1
    outer loop
      vertex 6.71472 32.7637 6.8
      vertex 7.38765 30.2523 6.8
      vertex 7.22789 32.8658 6.8
    endloop
  endfacet
  facet normal 0 0 1
    outer loop
      vertex 7.38765 30.2523 6.8
      vertex 6.71472 32.7637 6.8
      vertex 7.21424 30.1934 6.8
    endloop
  endfacet
  facet normal -0 0 1
    outer loop
      vertex 6.21927 32.5955 6.8
      vertex 7.21424 30.1934 6.8
      vertex 6.71472 32.7637 6.8
    endloop
  endfacet
  facet normal 0 0 1
    outer loop
      vertex 7.21424 30.1934 6.8
      vertex 6.21927 32.5955 6.8
      vertex 7.05 30.1124 6.8
    endloop
  endfacet
  facet normal -0 0 1
    outer loop
      vertex 5.75 32.3641 6.8
      vertex 7.05 30.1124 6.8
      vertex 6.21927 32.5955 6.8
    endloop
  endfacet
  facet normal 0 0 1
    outer loop
      vertex 7.05 30.1124 6.8
      vertex 5.75 32.3641 6.8
      vertex 6.89773 30.0107 6.8
    endloop
  endfacet
  facet normal -0 0 1
    outer loop
      vertex 5.31495 32.0734 6.8
      vertex 6.89773 30.0107 6.8
      vertex 5.75 32.3641 6.8
    endloop
  endfacet
  facet normal 0 0 1
    outer loop
      vertex 6.89773 30.0107 6.8
      vertex 5.31495 32.0734 6.8
      vertex 6.76005 29.8899 6.8
    endloop
  endfacet
  facet normal -0 0 1
    outer loop
      vertex 4.92157 31.7284 6.8
      vertex 6.76005 29.8899 6.8
      vertex 5.31495 32.0734 6.8
    endloop
  endfacet
  facet normal 0 0 1
    outer loop
      vertex 6.76005 29.8899 6.8
      vertex 4.92157 31.7284 6.8
      vertex 6.63931 29.7523 6.8
    endloop
  endfacet
  facet normal 0 0 1
    outer loop
      vertex 6.63931 29.7523 6.8
      vertex 4.57659 31.335 6.8
      vertex 6.53756 29.6 6.8
    endloop
  endfacet
  facet normal -0 0 1
    outer loop
      vertex 4.57659 31.335 6.8
      vertex 6.63931 29.7523 6.8
      vertex 4.92157 31.7284 6.8
    endloop
  endfacet
  facet normal -0 0 1
    outer loop
      vertex 8.86069 28.0477 6.8
      vertex 10.9234 26.465 6.8
      vertex 8.96243 28.2 6.8
    endloop
  endfacet
  facet normal 0 0 1
    outer loop
      vertex 10.9234 26.465 6.8
      vertex 8.86069 28.0477 6.8
      vertex 10.5784 26.0716 6.8
    endloop
  endfacet
  facet normal -0 0 1
    outer loop
      vertex 8.73995 27.91 6.8
      vertex 10.5784 26.0716 6.8
      vertex 8.86069 28.0477 6.8
    endloop
  endfacet
  facet normal 0 0 1
    outer loop
      vertex 10.5784 26.0716 6.8
      vertex 8.73995 27.91 6.8
      vertex 10.185 25.7266 6.8
    endloop
  endfacet
  facet normal -0 0 1
    outer loop
      vertex 8.60227 27.7893 6.8
      vertex 10.185 25.7266 6.8
      vertex 8.73995 27.91 6.8
    endloop
  endfacet
  facet normal 0 0 1
    outer loop
      vertex 10.185 25.7266 6.8
      vertex 8.60227 27.7893 6.8
      vertex 9.75 25.4359 6.8
    endloop
  endfacet
  facet normal -0 0 1
    outer loop
      vertex 8.45 27.6876 6.8
      vertex 9.75 25.4359 6.8
      vertex 8.60227 27.7893 6.8
    endloop
  endfacet
  facet normal 0 0 1
    outer loop
      vertex 9.75 25.4359 6.8
      vertex 8.45 27.6876 6.8
      vertex 9.28073 25.2045 6.8
    endloop
  endfacet
  facet normal -0 0 1
    outer loop
      vertex 8.28576 27.6066 6.8
      vertex 9.28073 25.2045 6.8
      vertex 8.45 27.6876 6.8
    endloop
  endfacet
  facet normal 0 0 1
    outer loop
      vertex 9.28073 25.2045 6.8
      vertex 8.28576 27.6066 6.8
      vertex 8.78528 25.0363 6.8
    endloop
  endfacet
  facet normal -0 0 1
    outer loop
      vertex 8.11235 27.5477 6.8
      vertex 8.78528 25.0363 6.8
      vertex 8.28576 27.6066 6.8
    endloop
  endfacet
  facet normal 0 0 1
    outer loop
      vertex 8.78528 25.0363 6.8
      vertex 8.11235 27.5477 6.8
      vertex 8.2721 24.9342 6.8
    endloop
  endfacet
  facet normal -0 0 1
    outer loop
      vertex 7.93274 27.512 6.8
      vertex 8.2721 24.9342 6.8
      vertex 8.11235 27.5477 6.8
    endloop
  endfacet
  facet normal -0 0 1
    outer loop
      vertex 7.75 27.5 6.8
      vertex 8.2721 24.9342 6.8
      vertex 7.93274 27.512 6.8
    endloop
  endfacet
  facet normal 0 0 1
    outer loop
      vertex 7.75 27.5 6.8
      vertex 7.75 24.9 6.8
      vertex 8.2721 24.9342 6.8
    endloop
  endfacet
  facet normal 0 0 1
    outer loop
      vertex 7.56726 27.512 6.8
      vertex 7.75 24.9 6.8
      vertex 7.75 27.5 6.8
    endloop
  endfacet
  facet normal 0 0 1
    outer loop
      vertex 7.22789 24.9342 6.8
      vertex 7.56726 27.512 6.8
      vertex 7.38765 27.5477 6.8
    endloop
  endfacet
  facet normal 0 0 1
    outer loop
      vertex 7.56726 27.512 6.8
      vertex 7.22789 24.9342 6.8
      vertex 7.75 24.9 6.8
    endloop
  endfacet
  facet normal 0 0 1
    outer loop
      vertex 6.71472 25.0363 6.8
      vertex 7.38765 27.5477 6.8
      vertex 7.21424 27.6066 6.8
    endloop
  endfacet
  facet normal 0 0 1
    outer loop
      vertex 6.21927 25.2045 6.8
      vertex 7.21424 27.6066 6.8
      vertex 7.05 27.6876 6.8
    endloop
  endfacet
  facet normal 0 0 1
    outer loop
      vertex 5.75 25.4359 6.8
      vertex 7.05 27.6876 6.8
      vertex 6.89773 27.7893 6.8
    endloop
  endfacet
  facet normal 0 0 1
    outer loop
      vertex 5.31495 25.7266 6.8
      vertex 6.89773 27.7893 6.8
      vertex 6.76005 27.91 6.8
    endloop
  endfacet
  facet normal 0 0 1
    outer loop
      vertex 7.38765 27.5477 6.8
      vertex 6.71472 25.0363 6.8
      vertex 7.22789 24.9342 6.8
    endloop
  endfacet
  facet normal 0 0 1
    outer loop
      vertex 4.92157 26.0716 6.8
      vertex 6.76005 27.91 6.8
      vertex 6.63931 28.0477 6.8
    endloop
  endfacet
  facet normal 0 0 1
    outer loop
      vertex 4.57659 26.465 6.8
      vertex 6.63931 28.0477 6.8
      vertex 6.53756 28.2 6.8
    endloop
  endfacet
  facet normal 0 0 1
    outer loop
      vertex 4.25 26.9728 6.8
      vertex 6.53756 28.2 6.8
      vertex 6.45657 28.3642 6.8
    endloop
  endfacet
  facet normal 0 0 1
    outer loop
      vertex 4.25 26.9728 6.8
      vertex 6.45657 28.3642 6.8
      vertex 6.3977 28.5377 6.8
    endloop
  endfacet
  facet normal 0 0 1
    outer loop
      vertex 4.25 26.9728 6.8
      vertex 6.3977 28.5377 6.8
      vertex 6.36198 28.7173 6.8
    endloop
  endfacet
  facet normal 0 0 1
    outer loop
      vertex 7.21424 27.6066 6.8
      vertex 6.21927 25.2045 6.8
      vertex 6.71472 25.0363 6.8
    endloop
  endfacet
  facet normal 0 0 1
    outer loop
      vertex 4.25 26.9728 6.8
      vertex 6.36198 28.7173 6.8
      vertex 6.35 28.9 6.8
    endloop
  endfacet
  facet normal -0 0 1
    outer loop
      vertex 4.2859 30.9 6.8
      vertex 6.53756 29.6 6.8
      vertex 4.57659 31.335 6.8
    endloop
  endfacet
  facet normal -0 0 1
    outer loop
      vertex 4.25 30.8272 6.8
      vertex 6.53756 29.6 6.8
      vertex 4.2859 30.9 6.8
    endloop
  endfacet
  facet normal 0 0 1
    outer loop
      vertex 7.05 27.6876 6.8
      vertex 5.75 25.4359 6.8
      vertex 6.21927 25.2045 6.8
    endloop
  endfacet
  facet normal 0 0 1
    outer loop
      vertex 6.53756 29.6 6.8
      vertex 4.25 30.8272 6.8
      vertex 6.45657 29.4358 6.8
    endloop
  endfacet
  facet normal 0 0 1
    outer loop
      vertex 6.89773 27.7893 6.8
      vertex 5.31495 25.7266 6.8
      vertex 5.75 25.4359 6.8
    endloop
  endfacet
  facet normal 0 0 1
    outer loop
      vertex 6.45657 29.4358 6.8
      vertex 4.25 30.8272 6.8
      vertex 6.3977 29.2623 6.8
    endloop
  endfacet
  facet normal 0 0 1
    outer loop
      vertex 6.76005 27.91 6.8
      vertex 4.92157 26.0716 6.8
      vertex 5.31495 25.7266 6.8
    endloop
  endfacet
  facet normal 0 0 1
    outer loop
      vertex 6.3977 29.2623 6.8
      vertex 4.25 30.8272 6.8
      vertex 6.36198 29.0827 6.8
    endloop
  endfacet
  facet normal 0 0 1
    outer loop
      vertex 6.63931 28.0477 6.8
      vertex 4.57659 26.465 6.8
      vertex 4.92157 26.0716 6.8
    endloop
  endfacet
  facet normal 0 0 1
    outer loop
      vertex 6.36198 29.0827 6.8
      vertex 4.25 30.8272 6.8
      vertex 6.35 28.9 6.8
    endloop
  endfacet
  facet normal 0 0 1
    outer loop
      vertex 4.25 26.9728 6.8
      vertex 6.35 28.9 6.8
      vertex 4.25 30.8272 6.8
    endloop
  endfacet
  facet normal 0 0 1
    outer loop
      vertex 6.53756 28.2 6.8
      vertex 4.25 26.9728 6.8
      vertex 4.2859 26.9 6.8
    endloop
  endfacet
  facet normal 0 0 1
    outer loop
      vertex 6.53756 28.2 6.8
      vertex 4.2859 26.9 6.8
      vertex 4.57659 26.465 6.8
    endloop
  endfacet
  facet normal 0 0 1
    outer loop
      vertex 9.15 86.9 6.8
      vertex 11.75 86.9 6.8
      vertex 11.7158 87.4221 6.8
    endloop
  endfacet
  facet normal 0 0 1
    outer loop
      vertex 9.13802 87.0827 6.8
      vertex 11.7158 87.4221 6.8
      vertex 11.6137 87.9353 6.8
    endloop
  endfacet
  facet normal 0 0 1
    outer loop
      vertex 11.75 86.9 6.8
      vertex 9.15 86.9 6.8
      vertex 11.7158 86.3779 6.8
    endloop
  endfacet
  facet normal 0 0 1
    outer loop
      vertex 9.1023 87.2623 6.8
      vertex 11.6137 87.9353 6.8
      vertex 11.4455 88.4307 6.8
    endloop
  endfacet
  facet normal -0 0 1
    outer loop
      vertex 9.13802 86.7173 6.8
      vertex 11.7158 86.3779 6.8
      vertex 9.15 86.9 6.8
    endloop
  endfacet
  facet normal 0 0 1
    outer loop
      vertex 9.04343 87.4358 6.8
      vertex 11.4455 88.4307 6.8
      vertex 11.2141 88.9 6.8
    endloop
  endfacet
  facet normal 0 0 1
    outer loop
      vertex 11.7158 86.3779 6.8
      vertex 9.13802 86.7173 6.8
      vertex 11.6137 85.8647 6.8
    endloop
  endfacet
  facet normal 0 0 1
    outer loop
      vertex 8.96243 87.6 6.8
      vertex 11.2141 88.9 6.8
      vertex 10.9234 89.335 6.8
    endloop
  endfacet
  facet normal -0 0 1
    outer loop
      vertex 9.1023 86.5377 6.8
      vertex 11.6137 85.8647 6.8
      vertex 9.13802 86.7173 6.8
    endloop
  endfacet
  facet normal 0 0 1
    outer loop
      vertex 8.86069 87.7523 6.8
      vertex 10.9234 89.335 6.8
      vertex 10.5784 89.7284 6.8
    endloop
  endfacet
  facet normal 0 0 1
    outer loop
      vertex 11.6137 85.8647 6.8
      vertex 9.1023 86.5377 6.8
      vertex 11.4455 85.3693 6.8
    endloop
  endfacet
  facet normal 0 0 1
    outer loop
      vertex 8.73995 87.8899 6.8
      vertex 10.5784 89.7284 6.8
      vertex 10.185 90.0734 6.8
    endloop
  endfacet
  facet normal -0 0 1
    outer loop
      vertex 9.04343 86.3642 6.8
      vertex 11.4455 85.3693 6.8
      vertex 9.1023 86.5377 6.8
    endloop
  endfacet
  facet normal 0 0 1
    outer loop
      vertex 8.60227 88.0107 6.8
      vertex 10.185 90.0734 6.8
      vertex 9.75 90.3641 6.8
    endloop
  endfacet
  facet normal 0 0 1
    outer loop
      vertex 11.4455 85.3693 6.8
      vertex 9.04343 86.3642 6.8
      vertex 11.2141 84.9 6.8
    endloop
  endfacet
  facet normal 0 0 1
    outer loop
      vertex 8.45 88.1124 6.8
      vertex 9.75 90.3641 6.8
      vertex 9.28073 90.5955 6.8
    endloop
  endfacet
  facet normal -0 0 1
    outer loop
      vertex 8.96243 86.2 6.8
      vertex 11.2141 84.9 6.8
      vertex 9.04343 86.3642 6.8
    endloop
  endfacet
  facet normal 0 0 1
    outer loop
      vertex 11.2141 84.9 6.8
      vertex 8.96243 86.2 6.8
      vertex 10.9234 84.465 6.8
    endloop
  endfacet
  facet normal 0 0 1
    outer loop
      vertex 11.7158 87.4221 6.8
      vertex 9.13802 87.0827 6.8
      vertex 9.15 86.9 6.8
    endloop
  endfacet
  facet normal 0 0 1
    outer loop
      vertex 11.6137 87.9353 6.8
      vertex 9.1023 87.2623 6.8
      vertex 9.13802 87.0827 6.8
    endloop
  endfacet
  facet normal 0 0 1
    outer loop
      vertex 11.4455 88.4307 6.8
      vertex 9.04343 87.4358 6.8
      vertex 9.1023 87.2623 6.8
    endloop
  endfacet
  facet normal 0 0 1
    outer loop
      vertex 11.2141 88.9 6.8
      vertex 8.96243 87.6 6.8
      vertex 9.04343 87.4358 6.8
    endloop
  endfacet
  facet normal 0 0 1
    outer loop
      vertex 10.9234 89.335 6.8
      vertex 8.86069 87.7523 6.8
      vertex 8.96243 87.6 6.8
    endloop
  endfacet
  facet normal 0 0 1
    outer loop
      vertex 8.28576 88.1934 6.8
      vertex 9.28073 90.5955 6.8
      vertex 8.78528 90.7637 6.8
    endloop
  endfacet
  facet normal 0 0 1
    outer loop
      vertex 10.5784 89.7284 6.8
      vertex 8.73995 87.8899 6.8
      vertex 8.86069 87.7523 6.8
    endloop
  endfacet
  facet normal 0 0 1
    outer loop
      vertex 10.185 90.0734 6.8
      vertex 8.60227 88.0107 6.8
      vertex 8.73995 87.8899 6.8
    endloop
  endfacet
  facet normal 0 0 1
    outer loop
      vertex 9.75 90.3641 6.8
      vertex 8.45 88.1124 6.8
      vertex 8.60227 88.0107 6.8
    endloop
  endfacet
  facet normal 0 0 1
    outer loop
      vertex 9.28073 90.5955 6.8
      vertex 8.28576 88.1934 6.8
      vertex 8.45 88.1124 6.8
    endloop
  endfacet
  facet normal 0 0 1
    outer loop
      vertex 8.11235 88.2523 6.8
      vertex 8.78528 90.7637 6.8
      vertex 8.2721 90.8658 6.8
    endloop
  endfacet
  facet normal 0 0 1
    outer loop
      vertex 8.78528 90.7637 6.8
      vertex 8.11235 88.2523 6.8
      vertex 8.28576 88.1934 6.8
    endloop
  endfacet
  facet normal 0 0 1
    outer loop
      vertex 8.2721 90.8658 6.8
      vertex 7.93274 88.288 6.8
      vertex 8.11235 88.2523 6.8
    endloop
  endfacet
  facet normal 0 0 1
    outer loop
      vertex 7.75 90.9 6.8
      vertex 7.93274 88.288 6.8
      vertex 8.2721 90.8658 6.8
    endloop
  endfacet
  facet normal 0 0 1
    outer loop
      vertex 7.75 90.9 6.8
      vertex 7.75 88.3 6.8
      vertex 7.93274 88.288 6.8
    endloop
  endfacet
  facet normal 0 0 1
    outer loop
      vertex 7.75 90.9 6.8
      vertex 7.56726 88.288 6.8
      vertex 7.75 88.3 6.8
    endloop
  endfacet
  facet normal -0 0 1
    outer loop
      vertex 7.22789 90.8658 6.8
      vertex 7.56726 88.288 6.8
      vertex 7.75 90.9 6.8
    endloop
  endfacet
  facet normal 0 0 1
    outer loop
      vertex 7.56726 88.288 6.8
      vertex 7.22789 90.8658 6.8
      vertex 7.38765 88.2523 6.8
    endloop
  endfacet
  facet normal -0 0 1
    outer loop
      vertex 6.71472 90.7637 6.8
      vertex 7.38765 88.2523 6.8
      vertex 7.22789 90.8658 6.8
    endloop
  endfacet
  facet normal 0 0 1
    outer loop
      vertex 7.38765 88.2523 6.8
      vertex 6.71472 90.7637 6.8
      vertex 7.21424 88.1934 6.8
    endloop
  endfacet
  facet normal -0 0 1
    outer loop
      vertex 6.21927 90.5955 6.8
      vertex 7.21424 88.1934 6.8
      vertex 6.71472 90.7637 6.8
    endloop
  endfacet
  facet normal 0 0 1
    outer loop
      vertex 7.21424 88.1934 6.8
      vertex 6.21927 90.5955 6.8
      vertex 7.05 88.1124 6.8
    endloop
  endfacet
  facet normal -0 0 1
    outer loop
      vertex 5.75 90.3641 6.8
      vertex 7.05 88.1124 6.8
      vertex 6.21927 90.5955 6.8
    endloop
  endfacet
  facet normal 0 0 1
    outer loop
      vertex 7.05 88.1124 6.8
      vertex 5.75 90.3641 6.8
      vertex 6.89773 88.0107 6.8
    endloop
  endfacet
  facet normal -0 0 1
    outer loop
      vertex 5.31495 90.0734 6.8
      vertex 6.89773 88.0107 6.8
      vertex 5.75 90.3641 6.8
    endloop
  endfacet
  facet normal 0 0 1
    outer loop
      vertex 6.89773 88.0107 6.8
      vertex 5.31495 90.0734 6.8
      vertex 6.76005 87.8899 6.8
    endloop
  endfacet
  facet normal -0 0 1
    outer loop
      vertex 4.92157 89.7284 6.8
      vertex 6.76005 87.8899 6.8
      vertex 5.31495 90.0734 6.8
    endloop
  endfacet
  facet normal 0 0 1
    outer loop
      vertex 6.76005 87.8899 6.8
      vertex 4.92157 89.7284 6.8
      vertex 6.63931 87.7523 6.8
    endloop
  endfacet
  facet normal 0 0 1
    outer loop
      vertex 6.63931 87.7523 6.8
      vertex 4.57659 89.335 6.8
      vertex 6.53756 87.6 6.8
    endloop
  endfacet
  facet normal -0 0 1
    outer loop
      vertex 4.57659 89.335 6.8
      vertex 6.63931 87.7523 6.8
      vertex 4.92157 89.7284 6.8
    endloop
  endfacet
  facet normal -0 0 1
    outer loop
      vertex 8.86069 86.0477 6.8
      vertex 10.9234 84.465 6.8
      vertex 8.96243 86.2 6.8
    endloop
  endfacet
  facet normal 0 0 1
    outer loop
      vertex 10.9234 84.465 6.8
      vertex 8.86069 86.0477 6.8
      vertex 10.5784 84.0716 6.8
    endloop
  endfacet
  facet normal -0 0 1
    outer loop
      vertex 8.73995 85.91 6.8
      vertex 10.5784 84.0716 6.8
      vertex 8.86069 86.0477 6.8
    endloop
  endfacet
  facet normal 0 0 1
    outer loop
      vertex 10.5784 84.0716 6.8
      vertex 8.73995 85.91 6.8
      vertex 10.185 83.7266 6.8
    endloop
  endfacet
  facet normal -0 0 1
    outer loop
      vertex 8.60227 85.7893 6.8
      vertex 10.185 83.7266 6.8
      vertex 8.73995 85.91 6.8
    endloop
  endfacet
  facet normal 0 0 1
    outer loop
      vertex 10.185 83.7266 6.8
      vertex 8.60227 85.7893 6.8
      vertex 9.75 83.4359 6.8
    endloop
  endfacet
  facet normal -0 0 1
    outer loop
      vertex 8.45 85.6876 6.8
      vertex 9.75 83.4359 6.8
      vertex 8.60227 85.7893 6.8
    endloop
  endfacet
  facet normal 0 0 1
    outer loop
      vertex 9.75 83.4359 6.8
      vertex 8.45 85.6876 6.8
      vertex 9.28073 83.2045 6.8
    endloop
  endfacet
  facet normal -0 0 1
    outer loop
      vertex 8.28576 85.6066 6.8
      vertex 9.28073 83.2045 6.8
      vertex 8.45 85.6876 6.8
    endloop
  endfacet
  facet normal 0 0 1
    outer loop
      vertex 9.28073 83.2045 6.8
      vertex 8.28576 85.6066 6.8
      vertex 8.78528 83.0363 6.8
    endloop
  endfacet
  facet normal -0 0 1
    outer loop
      vertex 8.11235 85.5477 6.8
      vertex 8.78528 83.0363 6.8
      vertex 8.28576 85.6066 6.8
    endloop
  endfacet
  facet normal 0 0 1
    outer loop
      vertex 8.78528 83.0363 6.8
      vertex 8.11235 85.5477 6.8
      vertex 8.2721 82.9342 6.8
    endloop
  endfacet
  facet normal -0 0 1
    outer loop
      vertex 7.93274 85.512 6.8
      vertex 8.2721 82.9342 6.8
      vertex 8.11235 85.5477 6.8
    endloop
  endfacet
  facet normal -0 0 1
    outer loop
      vertex 7.75 85.5 6.8
      vertex 8.2721 82.9342 6.8
      vertex 7.93274 85.512 6.8
    endloop
  endfacet
  facet normal 0 0 1
    outer loop
      vertex 7.75 85.5 6.8
      vertex 7.75 82.9 6.8
      vertex 8.2721 82.9342 6.8
    endloop
  endfacet
  facet normal 0 0 1
    outer loop
      vertex 7.56726 85.512 6.8
      vertex 7.75 82.9 6.8
      vertex 7.75 85.5 6.8
    endloop
  endfacet
  facet normal 0 0 1
    outer loop
      vertex 7.22789 82.9342 6.8
      vertex 7.56726 85.512 6.8
      vertex 7.38765 85.5477 6.8
    endloop
  endfacet
  facet normal 0 0 1
    outer loop
      vertex 7.56726 85.512 6.8
      vertex 7.22789 82.9342 6.8
      vertex 7.75 82.9 6.8
    endloop
  endfacet
  facet normal 0 0 1
    outer loop
      vertex 6.71472 83.0363 6.8
      vertex 7.38765 85.5477 6.8
      vertex 7.21424 85.6066 6.8
    endloop
  endfacet
  facet normal 0 0 1
    outer loop
      vertex 6.21927 83.2045 6.8
      vertex 7.21424 85.6066 6.8
      vertex 7.05 85.6876 6.8
    endloop
  endfacet
  facet normal 0 0 1
    outer loop
      vertex 5.75 83.4359 6.8
      vertex 7.05 85.6876 6.8
      vertex 6.89773 85.7893 6.8
    endloop
  endfacet
  facet normal 0 0 1
    outer loop
      vertex 5.31495 83.7266 6.8
      vertex 6.89773 85.7893 6.8
      vertex 6.76005 85.91 6.8
    endloop
  endfacet
  facet normal 0 0 1
    outer loop
      vertex 7.38765 85.5477 6.8
      vertex 6.71472 83.0363 6.8
      vertex 7.22789 82.9342 6.8
    endloop
  endfacet
  facet normal 0 0 1
    outer loop
      vertex 4.92157 84.0716 6.8
      vertex 6.76005 85.91 6.8
      vertex 6.63931 86.0477 6.8
    endloop
  endfacet
  facet normal 0 0 1
    outer loop
      vertex 4.57659 84.465 6.8
      vertex 6.63931 86.0477 6.8
      vertex 6.53756 86.2 6.8
    endloop
  endfacet
  facet normal 0 0 1
    outer loop
      vertex 4.25 84.9728 6.8
      vertex 6.53756 86.2 6.8
      vertex 6.45657 86.3642 6.8
    endloop
  endfacet
  facet normal 0 0 1
    outer loop
      vertex 4.25 84.9728 6.8
      vertex 6.45657 86.3642 6.8
      vertex 6.3977 86.5377 6.8
    endloop
  endfacet
  facet normal 0 0 1
    outer loop
      vertex 4.25 84.9728 6.8
      vertex 6.3977 86.5377 6.8
      vertex 6.36198 86.7173 6.8
    endloop
  endfacet
  facet normal 0 0 1
    outer loop
      vertex 7.21424 85.6066 6.8
      vertex 6.21927 83.2045 6.8
      vertex 6.71472 83.0363 6.8
    endloop
  endfacet
  facet normal 0 0 1
    outer loop
      vertex 4.25 84.9728 6.8
      vertex 6.36198 86.7173 6.8
      vertex 6.35 86.9 6.8
    endloop
  endfacet
  facet normal -0 0 1
    outer loop
      vertex 4.2859 88.9 6.8
      vertex 6.53756 87.6 6.8
      vertex 4.57659 89.335 6.8
    endloop
  endfacet
  facet normal -0 0 1
    outer loop
      vertex 4.25 88.8272 6.8
      vertex 6.53756 87.6 6.8
      vertex 4.2859 88.9 6.8
    endloop
  endfacet
  facet normal 0 0 1
    outer loop
      vertex 7.05 85.6876 6.8
      vertex 5.75 83.4359 6.8
      vertex 6.21927 83.2045 6.8
    endloop
  endfacet
  facet normal 0 0 1
    outer loop
      vertex 6.53756 87.6 6.8
      vertex 4.25 88.8272 6.8
      vertex 6.45657 87.4358 6.8
    endloop
  endfacet
  facet normal 0 0 1
    outer loop
      vertex 6.89773 85.7893 6.8
      vertex 5.31495 83.7266 6.8
      vertex 5.75 83.4359 6.8
    endloop
  endfacet
  facet normal 0 0 1
    outer loop
      vertex 6.45657 87.4358 6.8
      vertex 4.25 88.8272 6.8
      vertex 6.3977 87.2623 6.8
    endloop
  endfacet
  facet normal 0 0 1
    outer loop
      vertex 6.76005 85.91 6.8
      vertex 4.92157 84.0716 6.8
      vertex 5.31495 83.7266 6.8
    endloop
  endfacet
  facet normal 0 0 1
    outer loop
      vertex 6.3977 87.2623 6.8
      vertex 4.25 88.8272 6.8
      vertex 6.36198 87.0827 6.8
    endloop
  endfacet
  facet normal 0 0 1
    outer loop
      vertex 6.63931 86.0477 6.8
      vertex 4.57659 84.465 6.8
      vertex 4.92157 84.0716 6.8
    endloop
  endfacet
  facet normal 0 0 1
    outer loop
      vertex 6.36198 87.0827 6.8
      vertex 4.25 88.8272 6.8
      vertex 6.35 86.9 6.8
    endloop
  endfacet
  facet normal 0 0 1
    outer loop
      vertex 4.25 84.9728 6.8
      vertex 6.35 86.9 6.8
      vertex 4.25 88.8272 6.8
    endloop
  endfacet
  facet normal 0 0 1
    outer loop
      vertex 6.53756 86.2 6.8
      vertex 4.25 84.9728 6.8
      vertex 4.2859 84.9 6.8
    endloop
  endfacet
  facet normal 0 0 1
    outer loop
      vertex 6.53756 86.2 6.8
      vertex 4.2859 84.9 6.8
      vertex 4.57659 84.465 6.8
    endloop
  endfacet
  facet normal 0.751842 -0.659343 0
    outer loop
      vertex 10.5784 26.0716 6.8
      vertex 10.9234 26.465 3.4
      vertex 10.9234 26.465 6.8
    endloop
  endfacet
  facet normal 0.751842 -0.659343 0
    outer loop
      vertex 10.9234 26.465 3.4
      vertex 10.5784 26.0716 6.8
      vertex 10.5784 26.0716 3.4
    endloop
  endfacet
  facet normal 0.896898 -0.442238 0
    outer loop
      vertex 11.2141 26.9 6.8
      vertex 11.4455 27.3693 3.4
      vertex 11.4455 27.3693 6.8
    endloop
  endfacet
  facet normal 0.896898 -0.442238 0
    outer loop
      vertex 11.4455 27.3693 3.4
      vertex 11.2141 26.9 6.8
      vertex 11.2141 26.9 3.4
    endloop
  endfacet
  facet normal -0.44226 -0.896887 0
    outer loop
      vertex 5.75 25.4359 3.4
      vertex 6.21927 25.2045 6.8
      vertex 5.75 25.4359 6.8
    endloop
  endfacet
  facet normal -0.44226 -0.896887 -0
    outer loop
      vertex 6.21927 25.2045 6.8
      vertex 5.75 25.4359 3.4
      vertex 6.21927 25.2045 3.4
    endloop
  endfacet
  facet normal -0.659362 -0.751826 0
    outer loop
      vertex 4.92157 26.0716 3.4
      vertex 5.31495 25.7266 6.8
      vertex 4.92157 26.0716 6.8
    endloop
  endfacet
  facet normal -0.659362 -0.751826 -0
    outer loop
      vertex 5.31495 25.7266 6.8
      vertex 4.92157 26.0716 3.4
      vertex 5.31495 25.7266 3.4
    endloop
  endfacet
  facet normal 0.555626 0.831432 -0
    outer loop
      vertex 10.185 90.0734 3.4
      vertex 9.75 90.3641 6.8
      vertex 10.185 90.0734 6.8
    endloop
  endfacet
  facet normal 0.555626 0.831432 0
    outer loop
      vertex 9.75 90.3641 6.8
      vertex 10.185 90.0734 3.4
      vertex 9.75 90.3641 3.4
    endloop
  endfacet
  facet normal 0.980779 -0.195124 0
    outer loop
      vertex 11.6137 85.8647 6.8
      vertex 11.7158 86.3779 3.4
      vertex 11.7158 86.3779 6.8
    endloop
  endfacet
  facet normal 0.980779 -0.195124 0
    outer loop
      vertex 11.7158 86.3779 3.4
      vertex 11.6137 85.8647 6.8
      vertex 11.6137 85.8647 3.4
    endloop
  endfacet
  facet normal -0.195135 -0.980776 0
    outer loop
      vertex 6.71472 83.0363 3.4
      vertex 7.22789 82.9342 6.8
      vertex 6.71472 83.0363 6.8
    endloop
  endfacet
  facet normal -0.195135 -0.980776 -0
    outer loop
      vertex 7.22789 82.9342 6.8
      vertex 6.71472 83.0363 3.4
      vertex 7.22789 82.9342 3.4
    endloop
  endfacet
  facet normal -0.44226 0.896887 4.90738e-07
    outer loop
      vertex 6.21927 90.5955 6.8
      vertex 5.8228 90.4 3.4
      vertex 5.75 90.3641 6.8
    endloop
  endfacet
  facet normal -0.442257 0.896888 0
    outer loop
      vertex 6.21927 90.5955 1.8
      vertex 5.8228 90.4 3.4
      vertex 6.21927 90.5955 6.8
    endloop
  endfacet
  facet normal -0.442257 0.896888 0
    outer loop
      vertex 5.8228 90.4 3.4
      vertex 6.21927 90.5955 1.8
      vertex 5.8228 90.4 1.8
    endloop
  endfacet
  facet normal -0.442279 0.896878 0
    outer loop
      vertex 5.75 90.3641 6.8
      vertex 5.8228 90.4 3.4
      vertex 5.75 90.3641 3.4
    endloop
  endfacet
  facet normal 0.896898 0.442238 0
    outer loop
      vertex 11.4455 88.4307 6.8
      vertex 11.2141 88.9 3.4
      vertex 11.2141 88.9 6.8
    endloop
  endfacet
  facet normal 0.896898 0.442238 0
    outer loop
      vertex 11.2141 88.9 3.4
      vertex 11.4455 88.4307 6.8
      vertex 11.4455 88.4307 3.4
    endloop
  endfacet
  facet normal 0.831432 0.555626 0
    outer loop
      vertex 11.2141 88.9 6.8
      vertex 10.9234 89.335 3.4
      vertex 10.9234 89.335 6.8
    endloop
  endfacet
  facet normal 0.831432 0.555626 0
    outer loop
      vertex 10.9234 89.335 3.4
      vertex 11.2141 88.9 6.8
      vertex 11.2141 88.9 3.4
    endloop
  endfacet
  facet normal 0.321469 0.94692 -5.49938e-06
    outer loop
      vertex 9.28073 90.5955 6.8
      vertex 8.87857 90.732 1.8
      vertex 8.78528 90.7637 6.8
    endloop
  endfacet
  facet normal 0.321408 0.946941 -0
    outer loop
      vertex 9.28073 90.5955 1.6
      vertex 8.87857 90.732 1.8
      vertex 9.28073 90.5955 6.8
    endloop
  endfacet
  facet normal 0.321408 0.946941 0
    outer loop
      vertex 8.87857 90.732 1.8
      vertex 9.28073 90.5955 1.6
      vertex 8.87857 90.732 1.6
    endloop
  endfacet
  facet normal 0.321734 0.94683 0
    outer loop
      vertex 8.78528 90.7637 6.8
      vertex 8.87857 90.732 1.8
      vertex 8.78528 90.7637 1.8
    endloop
  endfacet
  facet normal -0.0653634 0.997862 0
    outer loop
      vertex 7.75 90.9 1.8
      vertex 7.22789 90.8658 6.8
      vertex 7.75 90.9 6.8
    endloop
  endfacet
  facet normal -0.0653634 0.997862 0
    outer loop
      vertex 7.22789 90.8658 6.8
      vertex 7.75 90.9 1.8
      vertex 7.22789 90.8658 1.8
    endloop
  endfacet
  facet normal -0.831441 0.555613 0
    outer loop
      vertex 4.2859 88.9 3.4
      vertex 4.57659 89.335 6.8
      vertex 4.57659 89.335 3.4
    endloop
  endfacet
  facet normal -0.831441 0.555613 0
    outer loop
      vertex 4.57659 89.335 6.8
      vertex 4.2859 88.9 3.4
      vertex 4.2859 88.9 6.8
    endloop
  endfacet
  facet normal -0.555582 0.831462 0
    outer loop
      vertex 5.75 90.3641 3.4
      vertex 5.31495 90.0734 6.8
      vertex 5.75 90.3641 6.8
    endloop
  endfacet
  facet normal -0.555582 0.831462 0
    outer loop
      vertex 5.31495 90.0734 6.8
      vertex 5.75 90.3641 3.4
      vertex 5.31495 90.0734 3.4
    endloop
  endfacet
  facet normal -0.321469 0.94692 0
    outer loop
      vertex 6.71472 90.7637 1.8
      vertex 6.21927 90.5955 6.8
      vertex 6.71472 90.7637 6.8
    endloop
  endfacet
  facet normal -0.321469 0.94692 0
    outer loop
      vertex 6.21927 90.5955 6.8
      vertex 6.71472 90.7637 1.8
      vertex 6.21927 90.5955 1.8
    endloop
  endfacet
  facet normal 0.997861 -0.0653646 0
    outer loop
      vertex 11.7158 86.3779 6.8
      vertex 11.75 86.9 3.4
      vertex 11.75 86.9 6.8
    endloop
  endfacet
  facet normal 0.997861 -0.0653646 0
    outer loop
      vertex 11.75 86.9 3.4
      vertex 11.7158 86.3779 6.8
      vertex 11.7158 86.3779 3.4
    endloop
  endfacet
  facet normal 0.44226 -0.896887 0
    outer loop
      vertex 9.28073 83.2045 3.4
      vertex 9.75 83.4359 6.8
      vertex 9.28073 83.2045 6.8
    endloop
  endfacet
  facet normal 0.44226 -0.896887 0
    outer loop
      vertex 9.75 83.4359 6.8
      vertex 9.28073 83.2045 3.4
      vertex 9.75 83.4359 3.4
    endloop
  endfacet
  facet normal 0.555626 -0.831432 0
    outer loop
      vertex 9.75 83.4359 3.4
      vertex 10.185 83.7266 6.8
      vertex 9.75 83.4359 6.8
    endloop
  endfacet
  facet normal 0.555626 -0.831432 0
    outer loop
      vertex 10.185 83.7266 6.8
      vertex 9.75 83.4359 3.4
      vertex 10.185 83.7266 3.4
    endloop
  endfacet
  facet normal 0.831432 -0.555626 0
    outer loop
      vertex 10.9234 84.465 6.8
      vertex 11.2141 84.9 3.4
      vertex 11.2141 84.9 6.8
    endloop
  endfacet
  facet normal 0.831432 -0.555626 0
    outer loop
      vertex 11.2141 84.9 3.4
      vertex 10.9234 84.465 6.8
      vertex 10.9234 84.465 3.4
    endloop
  endfacet
  facet normal -0.0653634 -0.997862 0
    outer loop
      vertex 7.22789 82.9342 3.4
      vertex 7.75 82.9 6.8
      vertex 7.22789 82.9342 6.8
    endloop
  endfacet
  facet normal -0.0653634 -0.997862 -0
    outer loop
      vertex 7.75 82.9 6.8
      vertex 7.22789 82.9342 3.4
      vertex 7.75 82.9 3.4
    endloop
  endfacet
  facet normal -0.555582 -0.831462 0
    outer loop
      vertex 5.31495 83.7266 3.4
      vertex 5.75 83.4359 6.8
      vertex 5.31495 83.7266 6.8
    endloop
  endfacet
  facet normal -0.555582 -0.831462 -0
    outer loop
      vertex 5.75 83.4359 6.8
      vertex 5.31495 83.7266 3.4
      vertex 5.75 83.4359 3.4
    endloop
  endfacet
  facet normal -0.831441 -0.555613 0
    outer loop
      vertex 4.57659 84.465 3.4
      vertex 4.2859 84.9 6.8
      vertex 4.2859 84.9 3.4
    endloop
  endfacet
  facet normal -0.831441 -0.555613 0
    outer loop
      vertex 4.2859 84.9 6.8
      vertex 4.57659 84.465 3.4
      vertex 4.57659 84.465 6.8
    endloop
  endfacet
  facet normal 0.94691 0.321498 0
    outer loop
      vertex 11.6137 87.9353 6.8
      vertex 11.4455 88.4307 3.4
      vertex 11.4455 88.4307 6.8
    endloop
  endfacet
  facet normal 0.94691 0.321498 0
    outer loop
      vertex 11.4455 88.4307 3.4
      vertex 11.6137 87.9353 6.8
      vertex 11.6137 87.9353 3.4
    endloop
  endfacet
  facet normal 0.751842 0.659343 0
    outer loop
      vertex 10.9234 89.335 6.8
      vertex 10.5784 89.7284 3.4
      vertex 10.5784 89.7284 6.8
    endloop
  endfacet
  facet normal 0.751842 0.659343 0
    outer loop
      vertex 10.5784 89.7284 3.4
      vertex 10.9234 89.335 6.8
      vertex 10.9234 89.335 3.4
    endloop
  endfacet
  facet normal 0.659343 0.751842 -0
    outer loop
      vertex 10.5784 89.7284 3.4
      vertex 10.185 90.0734 6.8
      vertex 10.5784 89.7284 6.8
    endloop
  endfacet
  facet normal 0.659343 0.751842 0
    outer loop
      vertex 10.185 90.0734 6.8
      vertex 10.5784 89.7284 3.4
      vertex 10.185 90.0734 3.4
    endloop
  endfacet
  facet normal 0.442279 0.896878 0
    outer loop
      vertex 9.6772 90.4 3.4
      vertex 9.75 90.3641 6.8
      vertex 9.75 90.3641 3.4
    endloop
  endfacet
  facet normal 0.44226 0.896887 4.90738e-07
    outer loop
      vertex 9.75 90.3641 6.8
      vertex 9.6772 90.4 3.4
      vertex 9.28073 90.5955 6.8
    endloop
  endfacet
  facet normal 0.442257 0.896888 0
    outer loop
      vertex 9.28073 90.5955 1.6
      vertex 9.6772 90.4 3.4
      vertex 9.6772 90.4 1.6
    endloop
  endfacet
  facet normal 0.442257 0.896888 0
    outer loop
      vertex 9.6772 90.4 3.4
      vertex 9.28073 90.5955 1.6
      vertex 9.28073 90.5955 6.8
    endloop
  endfacet
  facet normal 0.195131 0.980777 -0
    outer loop
      vertex 8.78528 90.7637 1.8
      vertex 8.2721 90.8658 6.8
      vertex 8.78528 90.7637 6.8
    endloop
  endfacet
  facet normal 0.195131 0.980777 0
    outer loop
      vertex 8.2721 90.8658 6.8
      vertex 8.78528 90.7637 1.8
      vertex 8.2721 90.8658 1.8
    endloop
  endfacet
  facet normal 0.0653646 0.997861 -0
    outer loop
      vertex 8.2721 90.8658 1.8
      vertex 7.75 90.9 6.8
      vertex 8.2721 90.8658 6.8
    endloop
  endfacet
  facet normal 0.0653646 0.997861 0
    outer loop
      vertex 7.75 90.9 6.8
      vertex 8.2721 90.8658 1.8
      vertex 7.75 90.9 1.8
    endloop
  endfacet
  facet normal -0.896878 0.442279 0
    outer loop
      vertex 4.25 88.8272 3.4
      vertex 4.2859 88.9 6.8
      vertex 4.2859 88.9 3.4
    endloop
  endfacet
  facet normal -0.896878 0.442279 0
    outer loop
      vertex 4.2859 88.9 6.8
      vertex 4.25 88.8272 3.4
      vertex 4.25 88.8272 6.8
    endloop
  endfacet
  facet normal -0.195135 0.980776 0
    outer loop
      vertex 7.22789 90.8658 1.8
      vertex 6.71472 90.7637 6.8
      vertex 7.22789 90.8658 6.8
    endloop
  endfacet
  facet normal -0.195135 0.980776 0
    outer loop
      vertex 6.71472 90.7637 6.8
      vertex 7.22789 90.8658 1.8
      vertex 6.71472 90.7637 1.8
    endloop
  endfacet
  facet normal -0.659362 0.751826 0
    outer loop
      vertex 5.31495 90.0734 3.4
      vertex 4.92157 89.7284 6.8
      vertex 5.31495 90.0734 6.8
    endloop
  endfacet
  facet normal -0.659362 0.751826 0
    outer loop
      vertex 4.92157 89.7284 6.8
      vertex 5.31495 90.0734 3.4
      vertex 4.92157 89.7284 3.4
    endloop
  endfacet
  facet normal -0.751861 0.659321 0
    outer loop
      vertex 4.57659 89.335 3.4
      vertex 4.92157 89.7284 6.8
      vertex 4.92157 89.7284 3.4
    endloop
  endfacet
  facet normal -0.751861 0.659321 0
    outer loop
      vertex 4.92157 89.7284 6.8
      vertex 4.57659 89.335 3.4
      vertex 4.57659 89.335 6.8
    endloop
  endfacet
  facet normal 0.997861 0.0653646 0
    outer loop
      vertex 11.75 86.9 6.8
      vertex 11.7158 87.4221 3.4
      vertex 11.7158 87.4221 6.8
    endloop
  endfacet
  facet normal 0.997861 0.0653646 0
    outer loop
      vertex 11.7158 87.4221 3.4
      vertex 11.75 86.9 6.8
      vertex 11.75 86.9 3.4
    endloop
  endfacet
  facet normal 0.195131 -0.980777 0
    outer loop
      vertex 8.2721 82.9342 3.4
      vertex 8.78528 83.0363 6.8
      vertex 8.2721 82.9342 6.8
    endloop
  endfacet
  facet normal 0.195131 -0.980777 0
    outer loop
      vertex 8.78528 83.0363 6.8
      vertex 8.2721 82.9342 3.4
      vertex 8.78528 83.0363 3.4
    endloop
  endfacet
  facet normal 0.321469 -0.94692 0
    outer loop
      vertex 8.78528 83.0363 3.4
      vertex 9.28073 83.2045 6.8
      vertex 8.78528 83.0363 6.8
    endloop
  endfacet
  facet normal 0.321469 -0.94692 0
    outer loop
      vertex 9.28073 83.2045 6.8
      vertex 8.78528 83.0363 3.4
      vertex 9.28073 83.2045 3.4
    endloop
  endfacet
  facet normal 0.659343 -0.751842 0
    outer loop
      vertex 10.185 83.7266 3.4
      vertex 10.5784 84.0716 6.8
      vertex 10.185 83.7266 6.8
    endloop
  endfacet
  facet normal 0.659343 -0.751842 0
    outer loop
      vertex 10.5784 84.0716 6.8
      vertex 10.185 83.7266 3.4
      vertex 10.5784 84.0716 3.4
    endloop
  endfacet
  facet normal 0.94691 -0.321498 0
    outer loop
      vertex 11.4455 85.3693 6.8
      vertex 11.6137 85.8647 3.4
      vertex 11.6137 85.8647 6.8
    endloop
  endfacet
  facet normal 0.94691 -0.321498 0
    outer loop
      vertex 11.6137 85.8647 3.4
      vertex 11.4455 85.3693 6.8
      vertex 11.4455 85.3693 3.4
    endloop
  endfacet
  facet normal 0.0653646 -0.997861 0
    outer loop
      vertex 7.75 82.9 3.4
      vertex 8.2721 82.9342 6.8
      vertex 7.75 82.9 6.8
    endloop
  endfacet
  facet normal 0.0653646 -0.997861 0
    outer loop
      vertex 8.2721 82.9342 6.8
      vertex 7.75 82.9 3.4
      vertex 8.2721 82.9342 3.4
    endloop
  endfacet
  facet normal -0.321469 -0.94692 0
    outer loop
      vertex 6.21927 83.2045 3.4
      vertex 6.71472 83.0363 6.8
      vertex 6.21927 83.2045 6.8
    endloop
  endfacet
  facet normal -0.321469 -0.94692 -0
    outer loop
      vertex 6.71472 83.0363 6.8
      vertex 6.21927 83.2045 3.4
      vertex 6.71472 83.0363 3.4
    endloop
  endfacet
  facet normal -0.896878 -0.442279 0
    outer loop
      vertex 4.2859 84.9 3.4
      vertex 4.25 84.9728 6.8
      vertex 4.25 84.9728 3.4
    endloop
  endfacet
  facet normal -0.896878 -0.442279 0
    outer loop
      vertex 4.25 84.9728 6.8
      vertex 4.2859 84.9 3.4
      vertex 4.2859 84.9 6.8
    endloop
  endfacet
  facet normal -0.751861 -0.659321 0
    outer loop
      vertex 4.92157 84.0716 3.4
      vertex 4.57659 84.465 6.8
      vertex 4.57659 84.465 3.4
    endloop
  endfacet
  facet normal -0.751861 -0.659321 0
    outer loop
      vertex 4.57659 84.465 6.8
      vertex 4.92157 84.0716 3.4
      vertex 4.92157 84.0716 6.8
    endloop
  endfacet
  facet normal 0.980779 0.195124 0
    outer loop
      vertex 11.7158 87.4221 6.8
      vertex 11.6137 87.9353 3.4
      vertex 11.6137 87.9353 6.8
    endloop
  endfacet
  facet normal 0.980779 0.195124 0
    outer loop
      vertex 11.6137 87.9353 3.4
      vertex 11.7158 87.4221 6.8
      vertex 11.7158 87.4221 3.4
    endloop
  endfacet
  facet normal 0.751842 -0.659343 0
    outer loop
      vertex 10.5784 84.0716 6.8
      vertex 10.9234 84.465 3.4
      vertex 10.9234 84.465 6.8
    endloop
  endfacet
  facet normal 0.751842 -0.659343 0
    outer loop
      vertex 10.9234 84.465 3.4
      vertex 10.5784 84.0716 6.8
      vertex 10.5784 84.0716 3.4
    endloop
  endfacet
  facet normal 0.896898 -0.442238 0
    outer loop
      vertex 11.2141 84.9 6.8
      vertex 11.4455 85.3693 3.4
      vertex 11.4455 85.3693 6.8
    endloop
  endfacet
  facet normal 0.896898 -0.442238 0
    outer loop
      vertex 11.4455 85.3693 3.4
      vertex 11.2141 84.9 6.8
      vertex 11.2141 84.9 3.4
    endloop
  endfacet
  facet normal -0.44226 -0.896887 0
    outer loop
      vertex 5.75 83.4359 3.4
      vertex 6.21927 83.2045 6.8
      vertex 5.75 83.4359 6.8
    endloop
  endfacet
  facet normal -0.44226 -0.896887 -0
    outer loop
      vertex 6.21927 83.2045 6.8
      vertex 5.75 83.4359 3.4
      vertex 6.21927 83.2045 3.4
    endloop
  endfacet
  facet normal -0.659362 -0.751826 0
    outer loop
      vertex 4.92157 84.0716 3.4
      vertex 5.31495 83.7266 6.8
      vertex 4.92157 84.0716 6.8
    endloop
  endfacet
  facet normal -0.659362 -0.751826 -0
    outer loop
      vertex 5.31495 83.7266 6.8
      vertex 4.92157 84.0716 3.4
      vertex 5.31495 83.7266 3.4
    endloop
  endfacet
  facet normal 0.555626 0.831432 -0
    outer loop
      vertex 59.185 32.0734 3.4
      vertex 58.75 32.3641 6.8
      vertex 59.185 32.0734 6.8
    endloop
  endfacet
  facet normal 0.555626 0.831432 0
    outer loop
      vertex 58.75 32.3641 6.8
      vertex 59.185 32.0734 3.4
      vertex 58.75 32.3641 3.4
    endloop
  endfacet
  facet normal -0.195124 -0.980779 0
    outer loop
      vertex 55.7147 25.0363 3.4
      vertex 56.2279 24.9342 6.8
      vertex 55.7147 25.0363 6.8
    endloop
  endfacet
  facet normal -0.195124 -0.980779 -0
    outer loop
      vertex 56.2279 24.9342 6.8
      vertex 55.7147 25.0363 3.4
      vertex 56.2279 24.9342 3.4
    endloop
  endfacet
  facet normal -0.442238 0.896898 1.09609e-06
    outer loop
      vertex 55.2193 32.5955 6.8
      vertex 54.8228 32.4 3.4
      vertex 54.75 32.3641 6.8
    endloop
  endfacet
  facet normal -0.44223 0.896902 0
    outer loop
      vertex 55.2193 32.5955 1.8
      vertex 54.8228 32.4 3.4
      vertex 55.2193 32.5955 6.8
    endloop
  endfacet
  facet normal -0.44223 0.896902 0
    outer loop
      vertex 54.8228 32.4 3.4
      vertex 55.2193 32.5955 1.8
      vertex 54.8228 32.4 1.8
    endloop
  endfacet
  facet normal -0.442279 0.896878 0
    outer loop
      vertex 54.75 32.3641 6.8
      vertex 54.8228 32.4 3.4
      vertex 54.75 32.3641 3.4
    endloop
  endfacet
  facet normal -0.94691 0.321498 0
    outer loop
      vertex 52.8863 29.9353 3.4
      vertex 53.0545 30.4307 6.8
      vertex 53.0545 30.4307 3.4
    endloop
  endfacet
  facet normal -0.94691 0.321498 0
    outer loop
      vertex 53.0545 30.4307 6.8
      vertex 52.8863 29.9353 3.4
      vertex 52.8863 29.9353 6.8
    endloop
  endfacet
  facet normal 0.896878 0.442279 0
    outer loop
      vertex 60.25 30.8272 6.8
      vertex 60.2141 30.9 3.4
      vertex 60.2141 30.9 6.8
    endloop
  endfacet
  facet normal 0.896878 0.442279 0
    outer loop
      vertex 60.2141 30.9 3.4
      vertex 60.25 30.8272 6.8
      vertex 60.25 30.8272 3.4
    endloop
  endfacet
  facet normal 0.831432 0.555626 0
    outer loop
      vertex 60.2141 30.9 6.8
      vertex 59.9234 31.335 3.4
      vertex 59.9234 31.335 6.8
    endloop
  endfacet
  facet normal 0.831432 0.555626 0
    outer loop
      vertex 59.9234 31.335 3.4
      vertex 60.2141 30.9 6.8
      vertex 60.2141 30.9 3.4
    endloop
  endfacet
  facet normal 0.321498 0.94691 -0
    outer loop
      vertex 58.2807 32.5955 1.8
      vertex 57.7853 32.7637 6.8
      vertex 58.2807 32.5955 6.8
    endloop
  endfacet
  facet normal 0.321498 0.94691 0
    outer loop
      vertex 57.7853 32.7637 6.8
      vertex 58.2807 32.5955 1.8
      vertex 57.7853 32.7637 1.8
    endloop
  endfacet
  facet normal -0.0653646 0.997861 0
    outer loop
      vertex 56.75 32.9 1.8
      vertex 56.2279 32.8658 6.8
      vertex 56.75 32.9 6.8
    endloop
  endfacet
  facet normal -0.0653646 0.997861 0
    outer loop
      vertex 56.2279 32.8658 6.8
      vertex 56.75 32.9 1.8
      vertex 56.2279 32.8658 1.8
    endloop
  endfacet
  facet normal -0.997861 0.0653646 0
    outer loop
      vertex 52.75 28.9 3.4
      vertex 52.7842 29.4221 6.8
      vertex 52.7842 29.4221 3.4
    endloop
  endfacet
  facet normal -0.997861 0.0653646 0
    outer loop
      vertex 52.7842 29.4221 6.8
      vertex 52.75 28.9 3.4
      vertex 52.75 28.9 6.8
    endloop
  endfacet
  facet normal -0.831432 0.555626 0
    outer loop
      vertex 53.2859 30.9 3.4
      vertex 53.5766 31.335 6.8
      vertex 53.5766 31.335 3.4
    endloop
  endfacet
  facet normal -0.831432 0.555626 0
    outer loop
      vertex 53.5766 31.335 6.8
      vertex 53.2859 30.9 3.4
      vertex 53.2859 30.9 6.8
    endloop
  endfacet
  facet normal -0.555626 0.831432 0
    outer loop
      vertex 54.75 32.3641 3.4
      vertex 54.315 32.0734 6.8
      vertex 54.75 32.3641 6.8
    endloop
  endfacet
  facet normal -0.555626 0.831432 0
    outer loop
      vertex 54.315 32.0734 6.8
      vertex 54.75 32.3641 3.4
      vertex 54.315 32.0734 3.4
    endloop
  endfacet
  facet normal -0.321498 0.94691 0
    outer loop
      vertex 55.7147 32.7637 1.8
      vertex 55.2193 32.5955 6.8
      vertex 55.7147 32.7637 6.8
    endloop
  endfacet
  facet normal -0.321498 0.94691 0
    outer loop
      vertex 55.2193 32.5955 6.8
      vertex 55.7147 32.7637 1.8
      vertex 55.2193 32.5955 1.8
    endloop
  endfacet
  facet normal 0.442238 -0.896898 0
    outer loop
      vertex 58.2807 25.2045 3.4
      vertex 58.75 25.4359 6.8
      vertex 58.2807 25.2045 6.8
    endloop
  endfacet
  facet normal 0.442238 -0.896898 0
    outer loop
      vertex 58.75 25.4359 6.8
      vertex 58.2807 25.2045 3.4
      vertex 58.75 25.4359 3.4
    endloop
  endfacet
  facet normal 0.555626 -0.831432 0
    outer loop
      vertex 58.75 25.4359 3.4
      vertex 59.185 25.7266 6.8
      vertex 58.75 25.4359 6.8
    endloop
  endfacet
  facet normal 0.555626 -0.831432 0
    outer loop
      vertex 59.185 25.7266 6.8
      vertex 58.75 25.4359 3.4
      vertex 59.185 25.7266 3.4
    endloop
  endfacet
  facet normal 0.831432 -0.555626 0
    outer loop
      vertex 59.9234 26.465 6.8
      vertex 60.2141 26.9 3.4
      vertex 60.2141 26.9 6.8
    endloop
  endfacet
  facet normal 0.831432 -0.555626 0
    outer loop
      vertex 60.2141 26.9 3.4
      vertex 59.9234 26.465 6.8
      vertex 59.9234 26.465 3.4
    endloop
  endfacet
  facet normal -0.0653646 -0.997861 0
    outer loop
      vertex 56.2279 24.9342 3.4
      vertex 56.75 24.9 6.8
      vertex 56.2279 24.9342 6.8
    endloop
  endfacet
  facet normal -0.0653646 -0.997861 -0
    outer loop
      vertex 56.75 24.9 6.8
      vertex 56.2279 24.9342 3.4
      vertex 56.75 24.9 3.4
    endloop
  endfacet
  facet normal -0.555626 -0.831432 0
    outer loop
      vertex 54.315 25.7266 3.4
      vertex 54.75 25.4359 6.8
      vertex 54.315 25.7266 6.8
    endloop
  endfacet
  facet normal -0.555626 -0.831432 -0
    outer loop
      vertex 54.75 25.4359 6.8
      vertex 54.315 25.7266 3.4
      vertex 54.75 25.4359 3.4
    endloop
  endfacet
  facet normal -0.831432 -0.555626 0
    outer loop
      vertex 53.5766 26.465 3.4
      vertex 53.2859 26.9 6.8
      vertex 53.2859 26.9 3.4
    endloop
  endfacet
  facet normal -0.831432 -0.555626 0
    outer loop
      vertex 53.2859 26.9 6.8
      vertex 53.5766 26.465 3.4
      vertex 53.5766 26.465 6.8
    endloop
  endfacet
  facet normal 0.751842 0.659343 0
    outer loop
      vertex 59.9234 31.335 6.8
      vertex 59.5784 31.7284 3.4
      vertex 59.5784 31.7284 6.8
    endloop
  endfacet
  facet normal 0.751842 0.659343 0
    outer loop
      vertex 59.5784 31.7284 3.4
      vertex 59.9234 31.335 6.8
      vertex 59.9234 31.335 3.4
    endloop
  endfacet
  facet normal 0.659343 0.751842 -0
    outer loop
      vertex 59.5784 31.7284 3.4
      vertex 59.185 32.0734 6.8
      vertex 59.5784 31.7284 6.8
    endloop
  endfacet
  facet normal 0.659343 0.751842 0
    outer loop
      vertex 59.185 32.0734 6.8
      vertex 59.5784 31.7284 3.4
      vertex 59.185 32.0734 3.4
    endloop
  endfacet
  facet normal 0.442279 0.896878 0
    outer loop
      vertex 58.6772 32.4 3.4
      vertex 58.75 32.3641 6.8
      vertex 58.75 32.3641 3.4
    endloop
  endfacet
  facet normal 0.442238 0.896898 1.09609e-06
    outer loop
      vertex 58.75 32.3641 6.8
      vertex 58.6772 32.4 3.4
      vertex 58.2807 32.5955 6.8
    endloop
  endfacet
  facet normal 0.44223 0.896902 0
    outer loop
      vertex 58.2807 32.5955 1.8
      vertex 58.6772 32.4 3.4
      vertex 58.6772 32.4 1.8
    endloop
  endfacet
  facet normal 0.44223 0.896902 0
    outer loop
      vertex 58.6772 32.4 3.4
      vertex 58.2807 32.5955 1.8
      vertex 58.2807 32.5955 6.8
    endloop
  endfacet
  facet normal 0.195124 0.980779 -0
    outer loop
      vertex 57.7853 32.7637 1.8
      vertex 57.2721 32.8658 6.8
      vertex 57.7853 32.7637 6.8
    endloop
  endfacet
  facet normal 0.195124 0.980779 0
    outer loop
      vertex 57.2721 32.8658 6.8
      vertex 57.7853 32.7637 1.8
      vertex 57.2721 32.8658 1.8
    endloop
  endfacet
  facet normal 0.0653646 0.997861 -0
    outer loop
      vertex 57.2721 32.8658 1.8
      vertex 56.75 32.9 6.8
      vertex 57.2721 32.8658 6.8
    endloop
  endfacet
  facet normal 0.0653646 0.997861 0
    outer loop
      vertex 56.75 32.9 6.8
      vertex 57.2721 32.8658 1.8
      vertex 56.75 32.9 1.8
    endloop
  endfacet
  facet normal 0 0 1
    outer loop
      vertex 57.9624 29.6 6.8
      vertex 60.25 30.8272 6.8
      vertex 60.2141 30.9 6.8
    endloop
  endfacet
  facet normal 0 0 1
    outer loop
      vertex 60.25 30.8272 6.8
      vertex 58.15 28.9 6.8
      vertex 60.25 26.9728 6.8
    endloop
  endfacet
  facet normal 0 0 1
    outer loop
      vertex 57.9624 29.6 6.8
      vertex 60.2141 30.9 6.8
      vertex 59.9234 31.335 6.8
    endloop
  endfacet
  facet normal -0 0 1
    outer loop
      vertex 58.138 28.7173 6.8
      vertex 60.25 26.9728 6.8
      vertex 58.15 28.9 6.8
    endloop
  endfacet
  facet normal 0 0 1
    outer loop
      vertex 57.8607 29.7523 6.8
      vertex 59.9234 31.335 6.8
      vertex 59.5784 31.7284 6.8
    endloop
  endfacet
  facet normal -0 0 1
    outer loop
      vertex 58.1023 28.5377 6.8
      vertex 60.25 26.9728 6.8
      vertex 58.138 28.7173 6.8
    endloop
  endfacet
  facet normal 0 0 1
    outer loop
      vertex 57.7399 29.8899 6.8
      vertex 59.5784 31.7284 6.8
      vertex 59.185 32.0734 6.8
    endloop
  endfacet
  facet normal -0 0 1
    outer loop
      vertex 58.0434 28.3642 6.8
      vertex 60.25 26.9728 6.8
      vertex 58.1023 28.5377 6.8
    endloop
  endfacet
  facet normal 0 0 1
    outer loop
      vertex 57.6023 30.0107 6.8
      vertex 59.185 32.0734 6.8
      vertex 58.75 32.3641 6.8
    endloop
  endfacet
  facet normal -0 0 1
    outer loop
      vertex 57.9624 28.2 6.8
      vertex 60.25 26.9728 6.8
      vertex 58.0434 28.3642 6.8
    endloop
  endfacet
  facet normal 0 0 1
    outer loop
      vertex 57.45 30.1124 6.8
      vertex 58.75 32.3641 6.8
      vertex 58.2807 32.5955 6.8
    endloop
  endfacet
  facet normal 0 0 1
    outer loop
      vertex 60.25 26.9728 6.8
      vertex 57.9624 28.2 6.8
      vertex 60.2141 26.9 6.8
    endloop
  endfacet
  facet normal 0 0 1
    outer loop
      vertex 60.2141 26.9 6.8
      vertex 57.9624 28.2 6.8
      vertex 59.9234 26.465 6.8
    endloop
  endfacet
  facet normal 0 0 1
    outer loop
      vertex 60.25 30.8272 6.8
      vertex 58.138 29.0827 6.8
      vertex 58.15 28.9 6.8
    endloop
  endfacet
  facet normal 0 0 1
    outer loop
      vertex 60.25 30.8272 6.8
      vertex 58.1023 29.2623 6.8
      vertex 58.138 29.0827 6.8
    endloop
  endfacet
  facet normal 0 0 1
    outer loop
      vertex 60.25 30.8272 6.8
      vertex 58.0434 29.4358 6.8
      vertex 58.1023 29.2623 6.8
    endloop
  endfacet
  facet normal 0 0 1
    outer loop
      vertex 60.25 30.8272 6.8
      vertex 57.9624 29.6 6.8
      vertex 58.0434 29.4358 6.8
    endloop
  endfacet
  facet normal 0 0 1
    outer loop
      vertex 59.9234 31.335 6.8
      vertex 57.8607 29.7523 6.8
      vertex 57.9624 29.6 6.8
    endloop
  endfacet
  facet normal 0 0 1
    outer loop
      vertex 57.2858 30.1934 6.8
      vertex 58.2807 32.5955 6.8
      vertex 57.7853 32.7637 6.8
    endloop
  endfacet
  facet normal 0 0 1
    outer loop
      vertex 59.5784 31.7284 6.8
      vertex 57.7399 29.8899 6.8
      vertex 57.8607 29.7523 6.8
    endloop
  endfacet
  facet normal 0 0 1
    outer loop
      vertex 59.185 32.0734 6.8
      vertex 57.6023 30.0107 6.8
      vertex 57.7399 29.8899 6.8
    endloop
  endfacet
  facet normal 0 0 1
    outer loop
      vertex 58.75 32.3641 6.8
      vertex 57.45 30.1124 6.8
      vertex 57.6023 30.0107 6.8
    endloop
  endfacet
  facet normal 0 0 1
    outer loop
      vertex 58.2807 32.5955 6.8
      vertex 57.2858 30.1934 6.8
      vertex 57.45 30.1124 6.8
    endloop
  endfacet
  facet normal 0 0 1
    outer loop
      vertex 57.1123 30.2523 6.8
      vertex 57.7853 32.7637 6.8
      vertex 57.2721 32.8658 6.8
    endloop
  endfacet
  facet normal 0 0 1
    outer loop
      vertex 57.7853 32.7637 6.8
      vertex 57.1123 30.2523 6.8
      vertex 57.2858 30.1934 6.8
    endloop
  endfacet
  facet normal 0 0 1
    outer loop
      vertex 57.2721 32.8658 6.8
      vertex 56.9327 30.288 6.8
      vertex 57.1123 30.2523 6.8
    endloop
  endfacet
  facet normal 0 0 1
    outer loop
      vertex 56.75 32.9 6.8
      vertex 56.9327 30.288 6.8
      vertex 57.2721 32.8658 6.8
    endloop
  endfacet
  facet normal 0 0 1
    outer loop
      vertex 56.75 32.9 6.8
      vertex 56.75 30.3 6.8
      vertex 56.9327 30.288 6.8
    endloop
  endfacet
  facet normal 0 0 1
    outer loop
      vertex 56.75 32.9 6.8
      vertex 56.5673 30.288 6.8
      vertex 56.75 30.3 6.8
    endloop
  endfacet
  facet normal -0 0 1
    outer loop
      vertex 56.2279 32.8658 6.8
      vertex 56.5673 30.288 6.8
      vertex 56.75 32.9 6.8
    endloop
  endfacet
  facet normal 0 0 1
    outer loop
      vertex 56.5673 30.288 6.8
      vertex 56.2279 32.8658 6.8
      vertex 56.3877 30.2523 6.8
    endloop
  endfacet
  facet normal -0 0 1
    outer loop
      vertex 55.7147 32.7637 6.8
      vertex 56.3877 30.2523 6.8
      vertex 56.2279 32.8658 6.8
    endloop
  endfacet
  facet normal 0 0 1
    outer loop
      vertex 56.3877 30.2523 6.8
      vertex 55.7147 32.7637 6.8
      vertex 56.2142 30.1934 6.8
    endloop
  endfacet
  facet normal -0 0 1
    outer loop
      vertex 55.2193 32.5955 6.8
      vertex 56.2142 30.1934 6.8
      vertex 55.7147 32.7637 6.8
    endloop
  endfacet
  facet normal 0 0 1
    outer loop
      vertex 56.2142 30.1934 6.8
      vertex 55.2193 32.5955 6.8
      vertex 56.05 30.1124 6.8
    endloop
  endfacet
  facet normal -0 0 1
    outer loop
      vertex 54.75 32.3641 6.8
      vertex 56.05 30.1124 6.8
      vertex 55.2193 32.5955 6.8
    endloop
  endfacet
  facet normal 0 0 1
    outer loop
      vertex 56.05 30.1124 6.8
      vertex 54.75 32.3641 6.8
      vertex 55.8977 30.0107 6.8
    endloop
  endfacet
  facet normal -0 0 1
    outer loop
      vertex 54.315 32.0734 6.8
      vertex 55.8977 30.0107 6.8
      vertex 54.75 32.3641 6.8
    endloop
  endfacet
  facet normal 0 0 1
    outer loop
      vertex 55.8977 30.0107 6.8
      vertex 54.315 32.0734 6.8
      vertex 55.76 29.8899 6.8
    endloop
  endfacet
  facet normal -0 0 1
    outer loop
      vertex 53.9216 31.7284 6.8
      vertex 55.76 29.8899 6.8
      vertex 54.315 32.0734 6.8
    endloop
  endfacet
  facet normal 0 0 1
    outer loop
      vertex 55.76 29.8899 6.8
      vertex 53.9216 31.7284 6.8
      vertex 55.6393 29.7523 6.8
    endloop
  endfacet
  facet normal 0 0 1
    outer loop
      vertex 55.6393 29.7523 6.8
      vertex 53.5766 31.335 6.8
      vertex 55.5376 29.6 6.8
    endloop
  endfacet
  facet normal -0 0 1
    outer loop
      vertex 53.5766 31.335 6.8
      vertex 55.6393 29.7523 6.8
      vertex 53.9216 31.7284 6.8
    endloop
  endfacet
  facet normal 0 0 1
    outer loop
      vertex 57.9624 87.6 6.8
      vertex 60.25 88.8272 6.8
      vertex 60.2141 88.9 6.8
    endloop
  endfacet
  facet normal 0 0 1
    outer loop
      vertex 60.25 88.8272 6.8
      vertex 58.15 86.9 6.8
      vertex 60.25 84.9728 6.8
    endloop
  endfacet
  facet normal 0 0 1
    outer loop
      vertex 57.9624 87.6 6.8
      vertex 60.2141 88.9 6.8
      vertex 59.9234 89.335 6.8
    endloop
  endfacet
  facet normal -0 0 1
    outer loop
      vertex 58.138 86.7173 6.8
      vertex 60.25 84.9728 6.8
      vertex 58.15 86.9 6.8
    endloop
  endfacet
  facet normal 0 0 1
    outer loop
      vertex 57.8607 87.7523 6.8
      vertex 59.9234 89.335 6.8
      vertex 59.5784 89.7284 6.8
    endloop
  endfacet
  facet normal -0 0 1
    outer loop
      vertex 58.1023 86.5377 6.8
      vertex 60.25 84.9728 6.8
      vertex 58.138 86.7173 6.8
    endloop
  endfacet
  facet normal 0 0 1
    outer loop
      vertex 57.7399 87.8899 6.8
      vertex 59.5784 89.7284 6.8
      vertex 59.185 90.0734 6.8
    endloop
  endfacet
  facet normal -0 0 1
    outer loop
      vertex 58.0434 86.3642 6.8
      vertex 60.25 84.9728 6.8
      vertex 58.1023 86.5377 6.8
    endloop
  endfacet
  facet normal 0 0 1
    outer loop
      vertex 57.6023 88.0107 6.8
      vertex 59.185 90.0734 6.8
      vertex 58.75 90.3641 6.8
    endloop
  endfacet
  facet normal -0 0 1
    outer loop
      vertex 57.9624 86.2 6.8
      vertex 60.25 84.9728 6.8
      vertex 58.0434 86.3642 6.8
    endloop
  endfacet
  facet normal 0 0 1
    outer loop
      vertex 57.45 88.1124 6.8
      vertex 58.75 90.3641 6.8
      vertex 58.2807 90.5955 6.8
    endloop
  endfacet
  facet normal 0 0 1
    outer loop
      vertex 60.25 84.9728 6.8
      vertex 57.9624 86.2 6.8
      vertex 60.2141 84.9 6.8
    endloop
  endfacet
  facet normal 0 0 1
    outer loop
      vertex 60.2141 84.9 6.8
      vertex 57.9624 86.2 6.8
      vertex 59.9234 84.465 6.8
    endloop
  endfacet
  facet normal 0 0 1
    outer loop
      vertex 60.25 88.8272 6.8
      vertex 58.138 87.0827 6.8
      vertex 58.15 86.9 6.8
    endloop
  endfacet
  facet normal 0 0 1
    outer loop
      vertex 60.25 88.8272 6.8
      vertex 58.1023 87.2623 6.8
      vertex 58.138 87.0827 6.8
    endloop
  endfacet
  facet normal 0 0 1
    outer loop
      vertex 60.25 88.8272 6.8
      vertex 58.0434 87.4358 6.8
      vertex 58.1023 87.2623 6.8
    endloop
  endfacet
  facet normal 0 0 1
    outer loop
      vertex 60.25 88.8272 6.8
      vertex 57.9624 87.6 6.8
      vertex 58.0434 87.4358 6.8
    endloop
  endfacet
  facet normal 0 0 1
    outer loop
      vertex 59.9234 89.335 6.8
      vertex 57.8607 87.7523 6.8
      vertex 57.9624 87.6 6.8
    endloop
  endfacet
  facet normal 0 0 1
    outer loop
      vertex 57.2858 88.1934 6.8
      vertex 58.2807 90.5955 6.8
      vertex 57.7853 90.7637 6.8
    endloop
  endfacet
  facet normal 0 0 1
    outer loop
      vertex 59.5784 89.7284 6.8
      vertex 57.7399 87.8899 6.8
      vertex 57.8607 87.7523 6.8
    endloop
  endfacet
  facet normal 0 0 1
    outer loop
      vertex 59.185 90.0734 6.8
      vertex 57.6023 88.0107 6.8
      vertex 57.7399 87.8899 6.8
    endloop
  endfacet
  facet normal 0 0 1
    outer loop
      vertex 58.75 90.3641 6.8
      vertex 57.45 88.1124 6.8
      vertex 57.6023 88.0107 6.8
    endloop
  endfacet
  facet normal 0 0 1
    outer loop
      vertex 58.2807 90.5955 6.8
      vertex 57.2858 88.1934 6.8
      vertex 57.45 88.1124 6.8
    endloop
  endfacet
  facet normal 0 0 1
    outer loop
      vertex 57.1123 88.2523 6.8
      vertex 57.7853 90.7637 6.8
      vertex 57.2721 90.8658 6.8
    endloop
  endfacet
  facet normal 0 0 1
    outer loop
      vertex 57.7853 90.7637 6.8
      vertex 57.1123 88.2523 6.8
      vertex 57.2858 88.1934 6.8
    endloop
  endfacet
  facet normal 0 0 1
    outer loop
      vertex 57.2721 90.8658 6.8
      vertex 56.9327 88.288 6.8
      vertex 57.1123 88.2523 6.8
    endloop
  endfacet
  facet normal 0 0 1
    outer loop
      vertex 56.75 90.9 6.8
      vertex 56.9327 88.288 6.8
      vertex 57.2721 90.8658 6.8
    endloop
  endfacet
  facet normal 0 0 1
    outer loop
      vertex 56.75 90.9 6.8
      vertex 56.75 88.3 6.8
      vertex 56.9327 88.288 6.8
    endloop
  endfacet
  facet normal 0 0 1
    outer loop
      vertex 56.75 90.9 6.8
      vertex 56.5673 88.288 6.8
      vertex 56.75 88.3 6.8
    endloop
  endfacet
  facet normal -0 0 1
    outer loop
      vertex 56.2279 90.8658 6.8
      vertex 56.5673 88.288 6.8
      vertex 56.75 90.9 6.8
    endloop
  endfacet
  facet normal 0 0 1
    outer loop
      vertex 56.5673 88.288 6.8
      vertex 56.2279 90.8658 6.8
      vertex 56.3877 88.2523 6.8
    endloop
  endfacet
  facet normal -0 0 1
    outer loop
      vertex 55.7147 90.7637 6.8
      vertex 56.3877 88.2523 6.8
      vertex 56.2279 90.8658 6.8
    endloop
  endfacet
  facet normal 0 0 1
    outer loop
      vertex 56.3877 88.2523 6.8
      vertex 55.7147 90.7637 6.8
      vertex 56.2142 88.1934 6.8
    endloop
  endfacet
  facet normal -0 0 1
    outer loop
      vertex 55.2193 90.5955 6.8
      vertex 56.2142 88.1934 6.8
      vertex 55.7147 90.7637 6.8
    endloop
  endfacet
  facet normal 0 0 1
    outer loop
      vertex 56.2142 88.1934 6.8
      vertex 55.2193 90.5955 6.8
      vertex 56.05 88.1124 6.8
    endloop
  endfacet
  facet normal -0 0 1
    outer loop
      vertex 54.75 90.3641 6.8
      vertex 56.05 88.1124 6.8
      vertex 55.2193 90.5955 6.8
    endloop
  endfacet
  facet normal 0 0 1
    outer loop
      vertex 56.05 88.1124 6.8
      vertex 54.75 90.3641 6.8
      vertex 55.8977 88.0107 6.8
    endloop
  endfacet
  facet normal -0 0 1
    outer loop
      vertex 54.315 90.0734 6.8
      vertex 55.8977 88.0107 6.8
      vertex 54.75 90.3641 6.8
    endloop
  endfacet
  facet normal 0 0 1
    outer loop
      vertex 55.8977 88.0107 6.8
      vertex 54.315 90.0734 6.8
      vertex 55.76 87.8899 6.8
    endloop
  endfacet
  facet normal -0 0 1
    outer loop
      vertex 53.9216 89.7284 6.8
      vertex 55.76 87.8899 6.8
      vertex 54.315 90.0734 6.8
    endloop
  endfacet
  facet normal 0 0 1
    outer loop
      vertex 55.76 87.8899 6.8
      vertex 53.9216 89.7284 6.8
      vertex 55.6393 87.7523 6.8
    endloop
  endfacet
  facet normal 0 0 1
    outer loop
      vertex 55.6393 87.7523 6.8
      vertex 53.5766 89.335 6.8
      vertex 55.5376 87.6 6.8
    endloop
  endfacet
  facet normal -0 0 1
    outer loop
      vertex 53.5766 89.335 6.8
      vertex 55.6393 87.7523 6.8
      vertex 53.9216 89.7284 6.8
    endloop
  endfacet
  facet normal 0 0 1
    outer loop
      vertex 60.25 88.8272 6.8
      vertex 61.75 112.4 6.8
      vertex 60.25 112.4 6.8
    endloop
  endfacet
  facet normal 0 0 1
    outer loop
      vertex 60.25 84.9728 6.8
      vertex 61.75 112.4 6.8
      vertex 60.25 88.8272 6.8
    endloop
  endfacet
  facet normal 0 0 1
    outer loop
      vertex 61.75 112.4 6.8
      vertex 60.25 84.9728 6.8
      vertex 61.75 23.4 6.8
    endloop
  endfacet
  facet normal -0 0 1
    outer loop
      vertex 60.25 30.8272 6.8
      vertex 61.75 23.4 6.8
      vertex 60.25 84.9728 6.8
    endloop
  endfacet
  facet normal -0 0 1
    outer loop
      vertex 60.25 26.9728 6.8
      vertex 61.75 23.4 6.8
      vertex 60.25 30.8272 6.8
    endloop
  endfacet
  facet normal 0 0 1
    outer loop
      vertex 61.75 23.4 6.8
      vertex 60.25 26.9728 6.8
      vertex 60.25 23.4 6.8
    endloop
  endfacet
  facet normal -0 0 1
    outer loop
      vertex 57.8607 86.0477 6.8
      vertex 59.9234 84.465 6.8
      vertex 57.9624 86.2 6.8
    endloop
  endfacet
  facet normal 0 0 1
    outer loop
      vertex 59.9234 84.465 6.8
      vertex 57.8607 86.0477 6.8
      vertex 59.5784 84.0716 6.8
    endloop
  endfacet
  facet normal -0 0 1
    outer loop
      vertex 57.7399 85.91 6.8
      vertex 59.5784 84.0716 6.8
      vertex 57.8607 86.0477 6.8
    endloop
  endfacet
  facet normal 0 0 1
    outer loop
      vertex 59.5784 84.0716 6.8
      vertex 57.7399 85.91 6.8
      vertex 59.185 83.7266 6.8
    endloop
  endfacet
  facet normal -0 0 1
    outer loop
      vertex 57.6023 85.7893 6.8
      vertex 59.185 83.7266 6.8
      vertex 57.7399 85.91 6.8
    endloop
  endfacet
  facet normal 0 0 1
    outer loop
      vertex 59.185 83.7266 6.8
      vertex 57.6023 85.7893 6.8
      vertex 58.75 83.4359 6.8
    endloop
  endfacet
  facet normal -0 0 1
    outer loop
      vertex 57.45 85.6876 6.8
      vertex 58.75 83.4359 6.8
      vertex 57.6023 85.7893 6.8
    endloop
  endfacet
  facet normal 0 0 1
    outer loop
      vertex 58.75 83.4359 6.8
      vertex 57.45 85.6876 6.8
      vertex 58.2807 83.2045 6.8
    endloop
  endfacet
  facet normal -0 0 1
    outer loop
      vertex 57.2858 85.6066 6.8
      vertex 58.2807 83.2045 6.8
      vertex 57.45 85.6876 6.8
    endloop
  endfacet
  facet normal 0 0 1
    outer loop
      vertex 58.2807 83.2045 6.8
      vertex 57.2858 85.6066 6.8
      vertex 57.7853 83.0363 6.8
    endloop
  endfacet
  facet normal -0 0 1
    outer loop
      vertex 57.1123 85.5477 6.8
      vertex 57.7853 83.0363 6.8
      vertex 57.2858 85.6066 6.8
    endloop
  endfacet
  facet normal 0 0 1
    outer loop
      vertex 57.7853 83.0363 6.8
      vertex 57.1123 85.5477 6.8
      vertex 57.2721 82.9342 6.8
    endloop
  endfacet
  facet normal -0 0 1
    outer loop
      vertex 56.9327 85.512 6.8
      vertex 57.2721 82.9342 6.8
      vertex 57.1123 85.5477 6.8
    endloop
  endfacet
  facet normal -0 0 1
    outer loop
      vertex 56.75 85.5 6.8
      vertex 57.2721 82.9342 6.8
      vertex 56.9327 85.512 6.8
    endloop
  endfacet
  facet normal 0 0 1
    outer loop
      vertex 56.75 85.5 6.8
      vertex 56.75 82.9 6.8
      vertex 57.2721 82.9342 6.8
    endloop
  endfacet
  facet normal 0 0 1
    outer loop
      vertex 56.5673 85.512 6.8
      vertex 56.75 82.9 6.8
      vertex 56.75 85.5 6.8
    endloop
  endfacet
  facet normal 0 0 1
    outer loop
      vertex 56.2279 82.9342 6.8
      vertex 56.5673 85.512 6.8
      vertex 56.3877 85.5477 6.8
    endloop
  endfacet
  facet normal 0 0 1
    outer loop
      vertex 56.5673 85.512 6.8
      vertex 56.2279 82.9342 6.8
      vertex 56.75 82.9 6.8
    endloop
  endfacet
  facet normal 0 0 1
    outer loop
      vertex 55.7147 83.0363 6.8
      vertex 56.3877 85.5477 6.8
      vertex 56.2142 85.6066 6.8
    endloop
  endfacet
  facet normal 0 0 1
    outer loop
      vertex 55.2193 83.2045 6.8
      vertex 56.2142 85.6066 6.8
      vertex 56.05 85.6876 6.8
    endloop
  endfacet
  facet normal 0 0 1
    outer loop
      vertex 54.75 83.4359 6.8
      vertex 56.05 85.6876 6.8
      vertex 55.8977 85.7893 6.8
    endloop
  endfacet
  facet normal 0 0 1
    outer loop
      vertex 54.315 83.7266 6.8
      vertex 55.8977 85.7893 6.8
      vertex 55.76 85.91 6.8
    endloop
  endfacet
  facet normal 0 0 1
    outer loop
      vertex 56.3877 85.5477 6.8
      vertex 55.7147 83.0363 6.8
      vertex 56.2279 82.9342 6.8
    endloop
  endfacet
  facet normal 0 0 1
    outer loop
      vertex 53.9216 84.0716 6.8
      vertex 55.76 85.91 6.8
      vertex 55.6393 86.0477 6.8
    endloop
  endfacet
  facet normal 0 0 1
    outer loop
      vertex 53.5766 84.465 6.8
      vertex 55.6393 86.0477 6.8
      vertex 55.5376 86.2 6.8
    endloop
  endfacet
  facet normal 0 0 1
    outer loop
      vertex 53.2859 84.9 6.8
      vertex 55.5376 86.2 6.8
      vertex 55.4566 86.3642 6.8
    endloop
  endfacet
  facet normal 0 0 1
    outer loop
      vertex 53.0545 85.3693 6.8
      vertex 55.4566 86.3642 6.8
      vertex 55.3977 86.5377 6.8
    endloop
  endfacet
  facet normal 0 0 1
    outer loop
      vertex 52.8863 85.8647 6.8
      vertex 55.3977 86.5377 6.8
      vertex 55.362 86.7173 6.8
    endloop
  endfacet
  facet normal 0 0 1
    outer loop
      vertex 56.2142 85.6066 6.8
      vertex 55.2193 83.2045 6.8
      vertex 55.7147 83.0363 6.8
    endloop
  endfacet
  facet normal 0 0 1
    outer loop
      vertex 52.7842 86.3779 6.8
      vertex 55.362 86.7173 6.8
      vertex 55.35 86.9 6.8
    endloop
  endfacet
  facet normal -0 0 1
    outer loop
      vertex 53.2859 88.9 6.8
      vertex 55.5376 87.6 6.8
      vertex 53.5766 89.335 6.8
    endloop
  endfacet
  facet normal 0 0 1
    outer loop
      vertex 55.5376 87.6 6.8
      vertex 53.2859 88.9 6.8
      vertex 55.4566 87.4358 6.8
    endloop
  endfacet
  facet normal 0 0 1
    outer loop
      vertex 56.05 85.6876 6.8
      vertex 54.75 83.4359 6.8
      vertex 55.2193 83.2045 6.8
    endloop
  endfacet
  facet normal -0 0 1
    outer loop
      vertex 53.0545 88.4307 6.8
      vertex 55.4566 87.4358 6.8
      vertex 53.2859 88.9 6.8
    endloop
  endfacet
  facet normal 0 0 1
    outer loop
      vertex 55.8977 85.7893 6.8
      vertex 54.315 83.7266 6.8
      vertex 54.75 83.4359 6.8
    endloop
  endfacet
  facet normal 0 0 1
    outer loop
      vertex 55.4566 87.4358 6.8
      vertex 53.0545 88.4307 6.8
      vertex 55.3977 87.2623 6.8
    endloop
  endfacet
  facet normal 0 0 1
    outer loop
      vertex 55.76 85.91 6.8
      vertex 53.9216 84.0716 6.8
      vertex 54.315 83.7266 6.8
    endloop
  endfacet
  facet normal -0 0 1
    outer loop
      vertex 52.8863 87.9353 6.8
      vertex 55.3977 87.2623 6.8
      vertex 53.0545 88.4307 6.8
    endloop
  endfacet
  facet normal 0 0 1
    outer loop
      vertex 55.6393 86.0477 6.8
      vertex 53.5766 84.465 6.8
      vertex 53.9216 84.0716 6.8
    endloop
  endfacet
  facet normal 0 0 1
    outer loop
      vertex 55.3977 87.2623 6.8
      vertex 52.8863 87.9353 6.8
      vertex 55.362 87.0827 6.8
    endloop
  endfacet
  facet normal 0 0 1
    outer loop
      vertex 55.5376 86.2 6.8
      vertex 53.2859 84.9 6.8
      vertex 53.5766 84.465 6.8
    endloop
  endfacet
  facet normal -0 0 1
    outer loop
      vertex 52.7842 87.4221 6.8
      vertex 55.362 87.0827 6.8
      vertex 52.8863 87.9353 6.8
    endloop
  endfacet
  facet normal 0 0 1
    outer loop
      vertex 55.4566 86.3642 6.8
      vertex 53.0545 85.3693 6.8
      vertex 53.2859 84.9 6.8
    endloop
  endfacet
  facet normal 0 0 1
    outer loop
      vertex 55.362 87.0827 6.8
      vertex 52.7842 87.4221 6.8
      vertex 55.35 86.9 6.8
    endloop
  endfacet
  facet normal 0 0 1
    outer loop
      vertex 55.3977 86.5377 6.8
      vertex 52.8863 85.8647 6.8
      vertex 53.0545 85.3693 6.8
    endloop
  endfacet
  facet normal 0 0 1
    outer loop
      vertex 52.75 86.9 6.8
      vertex 55.35 86.9 6.8
      vertex 52.7842 87.4221 6.8
    endloop
  endfacet
  facet normal 0 0 1
    outer loop
      vertex 55.362 86.7173 6.8
      vertex 52.7842 86.3779 6.8
      vertex 52.8863 85.8647 6.8
    endloop
  endfacet
  facet normal 0 0 1
    outer loop
      vertex 55.35 86.9 6.8
      vertex 52.75 86.9 6.8
      vertex 52.7842 86.3779 6.8
    endloop
  endfacet
  facet normal -0 0 1
    outer loop
      vertex 57.8607 28.0477 6.8
      vertex 59.9234 26.465 6.8
      vertex 57.9624 28.2 6.8
    endloop
  endfacet
  facet normal 0 0 1
    outer loop
      vertex 59.9234 26.465 6.8
      vertex 57.8607 28.0477 6.8
      vertex 59.5784 26.0716 6.8
    endloop
  endfacet
  facet normal -0 0 1
    outer loop
      vertex 57.7399 27.91 6.8
      vertex 59.5784 26.0716 6.8
      vertex 57.8607 28.0477 6.8
    endloop
  endfacet
  facet normal 0 0 1
    outer loop
      vertex 59.5784 26.0716 6.8
      vertex 57.7399 27.91 6.8
      vertex 59.185 25.7266 6.8
    endloop
  endfacet
  facet normal -0 0 1
    outer loop
      vertex 57.6023 27.7893 6.8
      vertex 59.185 25.7266 6.8
      vertex 57.7399 27.91 6.8
    endloop
  endfacet
  facet normal 0 0 1
    outer loop
      vertex 59.185 25.7266 6.8
      vertex 57.6023 27.7893 6.8
      vertex 58.75 25.4359 6.8
    endloop
  endfacet
  facet normal -0 0 1
    outer loop
      vertex 57.45 27.6876 6.8
      vertex 58.75 25.4359 6.8
      vertex 57.6023 27.7893 6.8
    endloop
  endfacet
  facet normal 0 0 1
    outer loop
      vertex 58.75 25.4359 6.8
      vertex 57.45 27.6876 6.8
      vertex 58.2807 25.2045 6.8
    endloop
  endfacet
  facet normal -0 0 1
    outer loop
      vertex 57.2858 27.6066 6.8
      vertex 58.2807 25.2045 6.8
      vertex 57.45 27.6876 6.8
    endloop
  endfacet
  facet normal 0 0 1
    outer loop
      vertex 58.2807 25.2045 6.8
      vertex 57.2858 27.6066 6.8
      vertex 57.7853 25.0363 6.8
    endloop
  endfacet
  facet normal -0 0 1
    outer loop
      vertex 57.1123 27.5477 6.8
      vertex 57.7853 25.0363 6.8
      vertex 57.2858 27.6066 6.8
    endloop
  endfacet
  facet normal 0 0 1
    outer loop
      vertex 57.7853 25.0363 6.8
      vertex 57.1123 27.5477 6.8
      vertex 57.2721 24.9342 6.8
    endloop
  endfacet
  facet normal -0 0 1
    outer loop
      vertex 56.9327 27.512 6.8
      vertex 57.2721 24.9342 6.8
      vertex 57.1123 27.5477 6.8
    endloop
  endfacet
  facet normal -0 0 1
    outer loop
      vertex 56.75 27.5 6.8
      vertex 57.2721 24.9342 6.8
      vertex 56.9327 27.512 6.8
    endloop
  endfacet
  facet normal 0 0 1
    outer loop
      vertex 56.75 27.5 6.8
      vertex 56.75 24.9 6.8
      vertex 57.2721 24.9342 6.8
    endloop
  endfacet
  facet normal 0 0 1
    outer loop
      vertex 56.5673 27.512 6.8
      vertex 56.75 24.9 6.8
      vertex 56.75 27.5 6.8
    endloop
  endfacet
  facet normal 0 0 1
    outer loop
      vertex 56.2279 24.9342 6.8
      vertex 56.5673 27.512 6.8
      vertex 56.3877 27.5477 6.8
    endloop
  endfacet
  facet normal 0 0 1
    outer loop
      vertex 56.5673 27.512 6.8
      vertex 56.2279 24.9342 6.8
      vertex 56.75 24.9 6.8
    endloop
  endfacet
  facet normal 0 0 1
    outer loop
      vertex 55.7147 25.0363 6.8
      vertex 56.3877 27.5477 6.8
      vertex 56.2142 27.6066 6.8
    endloop
  endfacet
  facet normal 0 0 1
    outer loop
      vertex 55.2193 25.2045 6.8
      vertex 56.2142 27.6066 6.8
      vertex 56.05 27.6876 6.8
    endloop
  endfacet
  facet normal 0 0 1
    outer loop
      vertex 54.75 25.4359 6.8
      vertex 56.05 27.6876 6.8
      vertex 55.8977 27.7893 6.8
    endloop
  endfacet
  facet normal 0 0 1
    outer loop
      vertex 54.315 25.7266 6.8
      vertex 55.8977 27.7893 6.8
      vertex 55.76 27.91 6.8
    endloop
  endfacet
  facet normal 0 0 1
    outer loop
      vertex 56.3877 27.5477 6.8
      vertex 55.7147 25.0363 6.8
      vertex 56.2279 24.9342 6.8
    endloop
  endfacet
  facet normal 0 0 1
    outer loop
      vertex 53.9216 26.0716 6.8
      vertex 55.76 27.91 6.8
      vertex 55.6393 28.0477 6.8
    endloop
  endfacet
  facet normal 0 0 1
    outer loop
      vertex 53.5766 26.465 6.8
      vertex 55.6393 28.0477 6.8
      vertex 55.5376 28.2 6.8
    endloop
  endfacet
  facet normal 0 0 1
    outer loop
      vertex 53.2859 26.9 6.8
      vertex 55.5376 28.2 6.8
      vertex 55.4566 28.3642 6.8
    endloop
  endfacet
  facet normal 0 0 1
    outer loop
      vertex 53.0545 27.3693 6.8
      vertex 55.4566 28.3642 6.8
      vertex 55.3977 28.5377 6.8
    endloop
  endfacet
  facet normal 0 0 1
    outer loop
      vertex 52.8863 27.8647 6.8
      vertex 55.3977 28.5377 6.8
      vertex 55.362 28.7173 6.8
    endloop
  endfacet
  facet normal 0 0 1
    outer loop
      vertex 56.2142 27.6066 6.8
      vertex 55.2193 25.2045 6.8
      vertex 55.7147 25.0363 6.8
    endloop
  endfacet
  facet normal 0 0 1
    outer loop
      vertex 52.7842 28.3779 6.8
      vertex 55.362 28.7173 6.8
      vertex 55.35 28.9 6.8
    endloop
  endfacet
  facet normal -0 0 1
    outer loop
      vertex 53.2859 30.9 6.8
      vertex 55.5376 29.6 6.8
      vertex 53.5766 31.335 6.8
    endloop
  endfacet
  facet normal 0 0 1
    outer loop
      vertex 55.5376 29.6 6.8
      vertex 53.2859 30.9 6.8
      vertex 55.4566 29.4358 6.8
    endloop
  endfacet
  facet normal 0 0 1
    outer loop
      vertex 56.05 27.6876 6.8
      vertex 54.75 25.4359 6.8
      vertex 55.2193 25.2045 6.8
    endloop
  endfacet
  facet normal -0 0 1
    outer loop
      vertex 53.0545 30.4307 6.8
      vertex 55.4566 29.4358 6.8
      vertex 53.2859 30.9 6.8
    endloop
  endfacet
  facet normal 0 0 1
    outer loop
      vertex 55.8977 27.7893 6.8
      vertex 54.315 25.7266 6.8
      vertex 54.75 25.4359 6.8
    endloop
  endfacet
  facet normal 0 0 1
    outer loop
      vertex 55.4566 29.4358 6.8
      vertex 53.0545 30.4307 6.8
      vertex 55.3977 29.2623 6.8
    endloop
  endfacet
  facet normal 0 0 1
    outer loop
      vertex 55.76 27.91 6.8
      vertex 53.9216 26.0716 6.8
      vertex 54.315 25.7266 6.8
    endloop
  endfacet
  facet normal -0 0 1
    outer loop
      vertex 52.8863 29.9353 6.8
      vertex 55.3977 29.2623 6.8
      vertex 53.0545 30.4307 6.8
    endloop
  endfacet
  facet normal 0 0 1
    outer loop
      vertex 55.6393 28.0477 6.8
      vertex 53.5766 26.465 6.8
      vertex 53.9216 26.0716 6.8
    endloop
  endfacet
  facet normal 0 0 1
    outer loop
      vertex 55.3977 29.2623 6.8
      vertex 52.8863 29.9353 6.8
      vertex 55.362 29.0827 6.8
    endloop
  endfacet
  facet normal 0 0 1
    outer loop
      vertex 55.5376 28.2 6.8
      vertex 53.2859 26.9 6.8
      vertex 53.5766 26.465 6.8
    endloop
  endfacet
  facet normal -0 0 1
    outer loop
      vertex 52.7842 29.4221 6.8
      vertex 55.362 29.0827 6.8
      vertex 52.8863 29.9353 6.8
    endloop
  endfacet
  facet normal 0 0 1
    outer loop
      vertex 55.4566 28.3642 6.8
      vertex 53.0545 27.3693 6.8
      vertex 53.2859 26.9 6.8
    endloop
  endfacet
  facet normal 0 0 1
    outer loop
      vertex 55.362 29.0827 6.8
      vertex 52.7842 29.4221 6.8
      vertex 55.35 28.9 6.8
    endloop
  endfacet
  facet normal 0 0 1
    outer loop
      vertex 55.3977 28.5377 6.8
      vertex 52.8863 27.8647 6.8
      vertex 53.0545 27.3693 6.8
    endloop
  endfacet
  facet normal 0 0 1
    outer loop
      vertex 52.75 28.9 6.8
      vertex 55.35 28.9 6.8
      vertex 52.7842 29.4221 6.8
    endloop
  endfacet
  facet normal 0 0 1
    outer loop
      vertex 55.362 28.7173 6.8
      vertex 52.7842 28.3779 6.8
      vertex 52.8863 27.8647 6.8
    endloop
  endfacet
  facet normal 0 0 1
    outer loop
      vertex 55.35 28.9 6.8
      vertex 52.75 28.9 6.8
      vertex 52.7842 28.3779 6.8
    endloop
  endfacet
  facet normal -0.980779 0.195124 0
    outer loop
      vertex 52.7842 29.4221 3.4
      vertex 52.8863 29.9353 6.8
      vertex 52.8863 29.9353 3.4
    endloop
  endfacet
  facet normal -0.980779 0.195124 0
    outer loop
      vertex 52.8863 29.9353 6.8
      vertex 52.7842 29.4221 3.4
      vertex 52.7842 29.4221 6.8
    endloop
  endfacet
  facet normal -0.896898 0.442238 0
    outer loop
      vertex 53.0545 30.4307 3.4
      vertex 53.2859 30.9 6.8
      vertex 53.2859 30.9 3.4
    endloop
  endfacet
  facet normal -0.896898 0.442238 0
    outer loop
      vertex 53.2859 30.9 6.8
      vertex 53.0545 30.4307 3.4
      vertex 53.0545 30.4307 6.8
    endloop
  endfacet
  facet normal -0.195124 0.980779 0
    outer loop
      vertex 56.2279 32.8658 1.8
      vertex 55.7147 32.7637 6.8
      vertex 56.2279 32.8658 6.8
    endloop
  endfacet
  facet normal -0.195124 0.980779 0
    outer loop
      vertex 55.7147 32.7637 6.8
      vertex 56.2279 32.8658 1.8
      vertex 55.7147 32.7637 1.8
    endloop
  endfacet
  facet normal -0.659343 0.751842 0
    outer loop
      vertex 54.315 32.0734 3.4
      vertex 53.9216 31.7284 6.8
      vertex 54.315 32.0734 6.8
    endloop
  endfacet
  facet normal -0.659343 0.751842 0
    outer loop
      vertex 53.9216 31.7284 6.8
      vertex 54.315 32.0734 3.4
      vertex 53.9216 31.7284 3.4
    endloop
  endfacet
  facet normal -0.751842 0.659343 0
    outer loop
      vertex 53.5766 31.335 3.4
      vertex 53.9216 31.7284 6.8
      vertex 53.9216 31.7284 3.4
    endloop
  endfacet
  facet normal -0.751842 0.659343 0
    outer loop
      vertex 53.9216 31.7284 6.8
      vertex 53.5766 31.335 3.4
      vertex 53.5766 31.335 6.8
    endloop
  endfacet
  facet normal 0.195124 -0.980779 0
    outer loop
      vertex 57.2721 24.9342 3.4
      vertex 57.7853 25.0363 6.8
      vertex 57.2721 24.9342 6.8
    endloop
  endfacet
  facet normal 0.195124 -0.980779 0
    outer loop
      vertex 57.7853 25.0363 6.8
      vertex 57.2721 24.9342 3.4
      vertex 57.7853 25.0363 3.4
    endloop
  endfacet
  facet normal 0.659343 -0.751842 0
    outer loop
      vertex 59.185 25.7266 3.4
      vertex 59.5784 26.0716 6.8
      vertex 59.185 25.7266 6.8
    endloop
  endfacet
  facet normal 0.659343 -0.751842 0
    outer loop
      vertex 59.5784 26.0716 6.8
      vertex 59.185 25.7266 3.4
      vertex 59.5784 26.0716 3.4
    endloop
  endfacet
  facet normal 0.0653646 -0.997861 0
    outer loop
      vertex 56.75 24.9 3.4
      vertex 57.2721 24.9342 6.8
      vertex 56.75 24.9 6.8
    endloop
  endfacet
  facet normal 0.0653646 -0.997861 0
    outer loop
      vertex 57.2721 24.9342 6.8
      vertex 56.75 24.9 3.4
      vertex 57.2721 24.9342 3.4
    endloop
  endfacet
  facet normal -0.321498 -0.94691 0
    outer loop
      vertex 55.2193 25.2045 3.4
      vertex 55.7147 25.0363 6.8
      vertex 55.2193 25.2045 6.8
    endloop
  endfacet
  facet normal -0.321498 -0.94691 -0
    outer loop
      vertex 55.7147 25.0363 6.8
      vertex 55.2193 25.2045 3.4
      vertex 55.7147 25.0363 3.4
    endloop
  endfacet
  facet normal -0.896898 -0.442238 0
    outer loop
      vertex 53.2859 26.9 3.4
      vertex 53.0545 27.3693 6.8
      vertex 53.0545 27.3693 3.4
    endloop
  endfacet
  facet normal -0.896898 -0.442238 0
    outer loop
      vertex 53.0545 27.3693 6.8
      vertex 53.2859 26.9 3.4
      vertex 53.2859 26.9 6.8
    endloop
  endfacet
  facet normal -0.980779 -0.195124 0
    outer loop
      vertex 52.8863 27.8647 3.4
      vertex 52.7842 28.3779 6.8
      vertex 52.7842 28.3779 3.4
    endloop
  endfacet
  facet normal -0.980779 -0.195124 0
    outer loop
      vertex 52.7842 28.3779 6.8
      vertex 52.8863 27.8647 3.4
      vertex 52.8863 27.8647 6.8
    endloop
  endfacet
  facet normal -0.751842 -0.659343 0
    outer loop
      vertex 53.9216 26.0716 3.4
      vertex 53.5766 26.465 6.8
      vertex 53.5766 26.465 3.4
    endloop
  endfacet
  facet normal -0.751842 -0.659343 0
    outer loop
      vertex 53.5766 26.465 6.8
      vertex 53.9216 26.0716 3.4
      vertex 53.9216 26.0716 6.8
    endloop
  endfacet
  facet normal -0.659343 -0.751842 0
    outer loop
      vertex 53.9216 26.0716 3.4
      vertex 54.315 25.7266 6.8
      vertex 53.9216 26.0716 6.8
    endloop
  endfacet
  facet normal -0.659343 -0.751842 -0
    outer loop
      vertex 54.315 25.7266 6.8
      vertex 53.9216 26.0716 3.4
      vertex 54.315 25.7266 3.4
    endloop
  endfacet
  facet normal -0.997861 -0.0653646 0
    outer loop
      vertex 52.7842 28.3779 3.4
      vertex 52.75 28.9 6.8
      vertex 52.75 28.9 3.4
    endloop
  endfacet
  facet normal -0.997861 -0.0653646 0
    outer loop
      vertex 52.75 28.9 6.8
      vertex 52.7842 28.3779 3.4
      vertex 52.7842 28.3779 6.8
    endloop
  endfacet
  facet normal 0.321498 -0.94691 0
    outer loop
      vertex 57.7853 25.0363 3.4
      vertex 58.2807 25.2045 6.8
      vertex 57.7853 25.0363 6.8
    endloop
  endfacet
  facet normal 0.321498 -0.94691 0
    outer loop
      vertex 58.2807 25.2045 6.8
      vertex 57.7853 25.0363 3.4
      vertex 58.2807 25.2045 3.4
    endloop
  endfacet
  facet normal 0.751842 -0.659343 0
    outer loop
      vertex 59.5784 26.0716 6.8
      vertex 59.9234 26.465 3.4
      vertex 59.9234 26.465 6.8
    endloop
  endfacet
  facet normal 0.751842 -0.659343 0
    outer loop
      vertex 59.9234 26.465 3.4
      vertex 59.5784 26.0716 6.8
      vertex 59.5784 26.0716 3.4
    endloop
  endfacet
  facet normal 0.896878 -0.442279 0
    outer loop
      vertex 60.2141 26.9 6.8
      vertex 60.25 26.9728 3.4
      vertex 60.25 26.9728 6.8
    endloop
  endfacet
  facet normal 0.896878 -0.442279 0
    outer loop
      vertex 60.25 26.9728 3.4
      vertex 60.2141 26.9 6.8
      vertex 60.2141 26.9 3.4
    endloop
  endfacet
  facet normal -0.442238 -0.896898 0
    outer loop
      vertex 54.75 25.4359 3.4
      vertex 55.2193 25.2045 6.8
      vertex 54.75 25.4359 6.8
    endloop
  endfacet
  facet normal -0.442238 -0.896898 -0
    outer loop
      vertex 55.2193 25.2045 6.8
      vertex 54.75 25.4359 3.4
      vertex 55.2193 25.2045 3.4
    endloop
  endfacet
  facet normal -0.94691 -0.321498 0
    outer loop
      vertex 53.0545 27.3693 3.4
      vertex 52.8863 27.8647 6.8
      vertex 52.8863 27.8647 3.4
    endloop
  endfacet
  facet normal -0.94691 -0.321498 0
    outer loop
      vertex 52.8863 27.8647 6.8
      vertex 53.0545 27.3693 3.4
      vertex 53.0545 27.3693 6.8
    endloop
  endfacet
  facet normal 0.555626 0.831432 -0
    outer loop
      vertex 59.185 90.0734 3.4
      vertex 58.75 90.3641 6.8
      vertex 59.185 90.0734 6.8
    endloop
  endfacet
  facet normal 0.555626 0.831432 0
    outer loop
      vertex 58.75 90.3641 6.8
      vertex 59.185 90.0734 3.4
      vertex 58.75 90.3641 3.4
    endloop
  endfacet
  facet normal -0.195124 -0.980779 0
    outer loop
      vertex 55.7147 83.0363 3.4
      vertex 56.2279 82.9342 6.8
      vertex 55.7147 83.0363 6.8
    endloop
  endfacet
  facet normal -0.195124 -0.980779 -0
    outer loop
      vertex 56.2279 82.9342 6.8
      vertex 55.7147 83.0363 3.4
      vertex 56.2279 82.9342 3.4
    endloop
  endfacet
  facet normal -0.442238 0.896898 1.09609e-06
    outer loop
      vertex 55.2193 90.5955 6.8
      vertex 54.8228 90.4 3.4
      vertex 54.75 90.3641 6.8
    endloop
  endfacet
  facet normal -0.44223 0.896902 0
    outer loop
      vertex 55.2193 90.5955 1.8
      vertex 54.8228 90.4 3.4
      vertex 55.2193 90.5955 6.8
    endloop
  endfacet
  facet normal -0.44223 0.896902 0
    outer loop
      vertex 54.8228 90.4 3.4
      vertex 55.2193 90.5955 1.8
      vertex 54.8228 90.4 1.8
    endloop
  endfacet
  facet normal -0.442279 0.896878 0
    outer loop
      vertex 54.75 90.3641 6.8
      vertex 54.8228 90.4 3.4
      vertex 54.75 90.3641 3.4
    endloop
  endfacet
  facet normal -0.94691 0.321498 0
    outer loop
      vertex 52.8863 87.9353 3.4
      vertex 53.0545 88.4307 6.8
      vertex 53.0545 88.4307 3.4
    endloop
  endfacet
  facet normal -0.94691 0.321498 0
    outer loop
      vertex 53.0545 88.4307 6.8
      vertex 52.8863 87.9353 3.4
      vertex 52.8863 87.9353 6.8
    endloop
  endfacet
  facet normal 0.896878 0.442279 0
    outer loop
      vertex 60.25 88.8272 6.8
      vertex 60.2141 88.9 3.4
      vertex 60.2141 88.9 6.8
    endloop
  endfacet
  facet normal 0.896878 0.442279 0
    outer loop
      vertex 60.2141 88.9 3.4
      vertex 60.25 88.8272 6.8
      vertex 60.25 88.8272 3.4
    endloop
  endfacet
  facet normal 0.831432 0.555626 0
    outer loop
      vertex 60.2141 88.9 6.8
      vertex 59.9234 89.335 3.4
      vertex 59.9234 89.335 6.8
    endloop
  endfacet
  facet normal 0.831432 0.555626 0
    outer loop
      vertex 59.9234 89.335 3.4
      vertex 60.2141 88.9 6.8
      vertex 60.2141 88.9 3.4
    endloop
  endfacet
  facet normal 0.321498 0.94691 -0
    outer loop
      vertex 58.2807 90.5955 1.8
      vertex 57.7853 90.7637 6.8
      vertex 58.2807 90.5955 6.8
    endloop
  endfacet
  facet normal 0.321498 0.94691 0
    outer loop
      vertex 57.7853 90.7637 6.8
      vertex 58.2807 90.5955 1.8
      vertex 57.7853 90.7637 1.8
    endloop
  endfacet
  facet normal -0.0653646 0.997861 0
    outer loop
      vertex 56.75 90.9 1.8
      vertex 56.2279 90.8658 6.8
      vertex 56.75 90.9 6.8
    endloop
  endfacet
  facet normal -0.0653646 0.997861 0
    outer loop
      vertex 56.2279 90.8658 6.8
      vertex 56.75 90.9 1.8
      vertex 56.2279 90.8658 1.8
    endloop
  endfacet
  facet normal -0.997861 0.0653646 0
    outer loop
      vertex 52.75 86.9 3.4
      vertex 52.7842 87.4221 6.8
      vertex 52.7842 87.4221 3.4
    endloop
  endfacet
  facet normal -0.997861 0.0653646 0
    outer loop
      vertex 52.7842 87.4221 6.8
      vertex 52.75 86.9 3.4
      vertex 52.75 86.9 6.8
    endloop
  endfacet
  facet normal -0.831432 0.555626 0
    outer loop
      vertex 53.2859 88.9 3.4
      vertex 53.5766 89.335 6.8
      vertex 53.5766 89.335 3.4
    endloop
  endfacet
  facet normal -0.831432 0.555626 0
    outer loop
      vertex 53.5766 89.335 6.8
      vertex 53.2859 88.9 3.4
      vertex 53.2859 88.9 6.8
    endloop
  endfacet
  facet normal -0.555626 0.831432 0
    outer loop
      vertex 54.75 90.3641 3.4
      vertex 54.315 90.0734 6.8
      vertex 54.75 90.3641 6.8
    endloop
  endfacet
  facet normal -0.555626 0.831432 0
    outer loop
      vertex 54.315 90.0734 6.8
      vertex 54.75 90.3641 3.4
      vertex 54.315 90.0734 3.4
    endloop
  endfacet
  facet normal -0.321498 0.94691 0
    outer loop
      vertex 55.7147 90.7637 1.8
      vertex 55.2193 90.5955 6.8
      vertex 55.7147 90.7637 6.8
    endloop
  endfacet
  facet normal -0.321498 0.94691 0
    outer loop
      vertex 55.2193 90.5955 6.8
      vertex 55.7147 90.7637 1.8
      vertex 55.2193 90.5955 1.8
    endloop
  endfacet
  facet normal 0.442238 -0.896898 0
    outer loop
      vertex 58.2807 83.2045 3.4
      vertex 58.75 83.4359 6.8
      vertex 58.2807 83.2045 6.8
    endloop
  endfacet
  facet normal 0.442238 -0.896898 0
    outer loop
      vertex 58.75 83.4359 6.8
      vertex 58.2807 83.2045 3.4
      vertex 58.75 83.4359 3.4
    endloop
  endfacet
  facet normal 0.555626 -0.831432 0
    outer loop
      vertex 58.75 83.4359 3.4
      vertex 59.185 83.7266 6.8
      vertex 58.75 83.4359 6.8
    endloop
  endfacet
  facet normal 0.555626 -0.831432 0
    outer loop
      vertex 59.185 83.7266 6.8
      vertex 58.75 83.4359 3.4
      vertex 59.185 83.7266 3.4
    endloop
  endfacet
  facet normal 0.831432 -0.555626 0
    outer loop
      vertex 59.9234 84.465 6.8
      vertex 60.2141 84.9 3.4
      vertex 60.2141 84.9 6.8
    endloop
  endfacet
  facet normal 0.831432 -0.555626 0
    outer loop
      vertex 60.2141 84.9 3.4
      vertex 59.9234 84.465 6.8
      vertex 59.9234 84.465 3.4
    endloop
  endfacet
  facet normal -0.0653646 -0.997861 0
    outer loop
      vertex 56.2279 82.9342 3.4
      vertex 56.75 82.9 6.8
      vertex 56.2279 82.9342 6.8
    endloop
  endfacet
  facet normal -0.0653646 -0.997861 -0
    outer loop
      vertex 56.75 82.9 6.8
      vertex 56.2279 82.9342 3.4
      vertex 56.75 82.9 3.4
    endloop
  endfacet
  facet normal -0.555626 -0.831432 0
    outer loop
      vertex 54.315 83.7266 3.4
      vertex 54.75 83.4359 6.8
      vertex 54.315 83.7266 6.8
    endloop
  endfacet
  facet normal -0.555626 -0.831432 -0
    outer loop
      vertex 54.75 83.4359 6.8
      vertex 54.315 83.7266 3.4
      vertex 54.75 83.4359 3.4
    endloop
  endfacet
  facet normal -0.831432 -0.555626 0
    outer loop
      vertex 53.5766 84.465 3.4
      vertex 53.2859 84.9 6.8
      vertex 53.2859 84.9 3.4
    endloop
  endfacet
  facet normal -0.831432 -0.555626 0
    outer loop
      vertex 53.2859 84.9 6.8
      vertex 53.5766 84.465 3.4
      vertex 53.5766 84.465 6.8
    endloop
  endfacet
  facet normal 0.751842 0.659343 0
    outer loop
      vertex 59.9234 89.335 6.8
      vertex 59.5784 89.7284 3.4
      vertex 59.5784 89.7284 6.8
    endloop
  endfacet
  facet normal 0.751842 0.659343 0
    outer loop
      vertex 59.5784 89.7284 3.4
      vertex 59.9234 89.335 6.8
      vertex 59.9234 89.335 3.4
    endloop
  endfacet
  facet normal 0.659343 0.751842 -0
    outer loop
      vertex 59.5784 89.7284 3.4
      vertex 59.185 90.0734 6.8
      vertex 59.5784 89.7284 6.8
    endloop
  endfacet
  facet normal 0.659343 0.751842 0
    outer loop
      vertex 59.185 90.0734 6.8
      vertex 59.5784 89.7284 3.4
      vertex 59.185 90.0734 3.4
    endloop
  endfacet
  facet normal 0.442279 0.896878 0
    outer loop
      vertex 58.6772 90.4 3.4
      vertex 58.75 90.3641 6.8
      vertex 58.75 90.3641 3.4
    endloop
  endfacet
  facet normal 0.442238 0.896898 1.09609e-06
    outer loop
      vertex 58.75 90.3641 6.8
      vertex 58.6772 90.4 3.4
      vertex 58.2807 90.5955 6.8
    endloop
  endfacet
  facet normal 0.44223 0.896902 0
    outer loop
      vertex 58.2807 90.5955 1.8
      vertex 58.6772 90.4 3.4
      vertex 58.6772 90.4 1.8
    endloop
  endfacet
  facet normal 0.44223 0.896902 0
    outer loop
      vertex 58.6772 90.4 3.4
      vertex 58.2807 90.5955 1.8
      vertex 58.2807 90.5955 6.8
    endloop
  endfacet
  facet normal 0.195124 0.980779 -0
    outer loop
      vertex 57.7853 90.7637 1.8
      vertex 57.2721 90.8658 6.8
      vertex 57.7853 90.7637 6.8
    endloop
  endfacet
  facet normal 0.195124 0.980779 0
    outer loop
      vertex 57.2721 90.8658 6.8
      vertex 57.7853 90.7637 1.8
      vertex 57.2721 90.8658 1.8
    endloop
  endfacet
  facet normal 0.0653646 0.997861 -0
    outer loop
      vertex 57.2721 90.8658 1.8
      vertex 56.75 90.9 6.8
      vertex 57.2721 90.8658 6.8
    endloop
  endfacet
  facet normal 0.0653646 0.997861 0
    outer loop
      vertex 56.75 90.9 6.8
      vertex 57.2721 90.8658 1.8
      vertex 56.75 90.9 1.8
    endloop
  endfacet
  facet normal -0.980779 0.195124 0
    outer loop
      vertex 52.7842 87.4221 3.4
      vertex 52.8863 87.9353 6.8
      vertex 52.8863 87.9353 3.4
    endloop
  endfacet
  facet normal -0.980779 0.195124 0
    outer loop
      vertex 52.8863 87.9353 6.8
      vertex 52.7842 87.4221 3.4
      vertex 52.7842 87.4221 6.8
    endloop
  endfacet
  facet normal -0.896898 0.442238 0
    outer loop
      vertex 53.0545 88.4307 3.4
      vertex 53.2859 88.9 6.8
      vertex 53.2859 88.9 3.4
    endloop
  endfacet
  facet normal -0.896898 0.442238 0
    outer loop
      vertex 53.2859 88.9 6.8
      vertex 53.0545 88.4307 3.4
      vertex 53.0545 88.4307 6.8
    endloop
  endfacet
  facet normal -0.195124 0.980779 0
    outer loop
      vertex 56.2279 90.8658 1.8
      vertex 55.7147 90.7637 6.8
      vertex 56.2279 90.8658 6.8
    endloop
  endfacet
  facet normal -0.195124 0.980779 0
    outer loop
      vertex 55.7147 90.7637 6.8
      vertex 56.2279 90.8658 1.8
      vertex 55.7147 90.7637 1.8
    endloop
  endfacet
  facet normal -0.659343 0.751842 0
    outer loop
      vertex 54.315 90.0734 3.4
      vertex 53.9216 89.7284 6.8
      vertex 54.315 90.0734 6.8
    endloop
  endfacet
  facet normal -0.659343 0.751842 0
    outer loop
      vertex 53.9216 89.7284 6.8
      vertex 54.315 90.0734 3.4
      vertex 53.9216 89.7284 3.4
    endloop
  endfacet
  facet normal -0.751842 0.659343 0
    outer loop
      vertex 53.5766 89.335 3.4
      vertex 53.9216 89.7284 6.8
      vertex 53.9216 89.7284 3.4
    endloop
  endfacet
  facet normal -0.751842 0.659343 0
    outer loop
      vertex 53.9216 89.7284 6.8
      vertex 53.5766 89.335 3.4
      vertex 53.5766 89.335 6.8
    endloop
  endfacet
  facet normal 0.195124 -0.980779 0
    outer loop
      vertex 57.2721 82.9342 3.4
      vertex 57.7853 83.0363 6.8
      vertex 57.2721 82.9342 6.8
    endloop
  endfacet
  facet normal 0.195124 -0.980779 0
    outer loop
      vertex 57.7853 83.0363 6.8
      vertex 57.2721 82.9342 3.4
      vertex 57.7853 83.0363 3.4
    endloop
  endfacet
  facet normal 0.659343 -0.751842 0
    outer loop
      vertex 59.185 83.7266 3.4
      vertex 59.5784 84.0716 6.8
      vertex 59.185 83.7266 6.8
    endloop
  endfacet
  facet normal 0.659343 -0.751842 0
    outer loop
      vertex 59.5784 84.0716 6.8
      vertex 59.185 83.7266 3.4
      vertex 59.5784 84.0716 3.4
    endloop
  endfacet
  facet normal 0.0653646 -0.997861 0
    outer loop
      vertex 56.75 82.9 3.4
      vertex 57.2721 82.9342 6.8
      vertex 56.75 82.9 6.8
    endloop
  endfacet
  facet normal 0.0653646 -0.997861 0
    outer loop
      vertex 57.2721 82.9342 6.8
      vertex 56.75 82.9 3.4
      vertex 57.2721 82.9342 3.4
    endloop
  endfacet
  facet normal -0.321498 -0.94691 0
    outer loop
      vertex 55.2193 83.2045 3.4
      vertex 55.7147 83.0363 6.8
      vertex 55.2193 83.2045 6.8
    endloop
  endfacet
  facet normal -0.321498 -0.94691 -0
    outer loop
      vertex 55.7147 83.0363 6.8
      vertex 55.2193 83.2045 3.4
      vertex 55.7147 83.0363 3.4
    endloop
  endfacet
  facet normal -0.896898 -0.442238 0
    outer loop
      vertex 53.2859 84.9 3.4
      vertex 53.0545 85.3693 6.8
      vertex 53.0545 85.3693 3.4
    endloop
  endfacet
  facet normal -0.896898 -0.442238 0
    outer loop
      vertex 53.0545 85.3693 6.8
      vertex 53.2859 84.9 3.4
      vertex 53.2859 84.9 6.8
    endloop
  endfacet
  facet normal -0.980779 -0.195124 0
    outer loop
      vertex 52.8863 85.8647 3.4
      vertex 52.7842 86.3779 6.8
      vertex 52.7842 86.3779 3.4
    endloop
  endfacet
  facet normal -0.980779 -0.195124 0
    outer loop
      vertex 52.7842 86.3779 6.8
      vertex 52.8863 85.8647 3.4
      vertex 52.8863 85.8647 6.8
    endloop
  endfacet
  facet normal -0.751842 -0.659343 0
    outer loop
      vertex 53.9216 84.0716 3.4
      vertex 53.5766 84.465 6.8
      vertex 53.5766 84.465 3.4
    endloop
  endfacet
  facet normal -0.751842 -0.659343 0
    outer loop
      vertex 53.5766 84.465 6.8
      vertex 53.9216 84.0716 3.4
      vertex 53.9216 84.0716 6.8
    endloop
  endfacet
  facet normal -0.659343 -0.751842 0
    outer loop
      vertex 53.9216 84.0716 3.4
      vertex 54.315 83.7266 6.8
      vertex 53.9216 84.0716 6.8
    endloop
  endfacet
  facet normal -0.659343 -0.751842 -0
    outer loop
      vertex 54.315 83.7266 6.8
      vertex 53.9216 84.0716 3.4
      vertex 54.315 83.7266 3.4
    endloop
  endfacet
  facet normal -0.997861 -0.0653646 0
    outer loop
      vertex 52.7842 86.3779 3.4
      vertex 52.75 86.9 6.8
      vertex 52.75 86.9 3.4
    endloop
  endfacet
  facet normal -0.997861 -0.0653646 0
    outer loop
      vertex 52.75 86.9 6.8
      vertex 52.7842 86.3779 3.4
      vertex 52.7842 86.3779 6.8
    endloop
  endfacet
  facet normal 0.321498 -0.94691 0
    outer loop
      vertex 57.7853 83.0363 3.4
      vertex 58.2807 83.2045 6.8
      vertex 57.7853 83.0363 6.8
    endloop
  endfacet
  facet normal 0.321498 -0.94691 0
    outer loop
      vertex 58.2807 83.2045 6.8
      vertex 57.7853 83.0363 3.4
      vertex 58.2807 83.2045 3.4
    endloop
  endfacet
  facet normal 0.751842 -0.659343 0
    outer loop
      vertex 59.5784 84.0716 6.8
      vertex 59.9234 84.465 3.4
      vertex 59.9234 84.465 6.8
    endloop
  endfacet
  facet normal 0.751842 -0.659343 0
    outer loop
      vertex 59.9234 84.465 3.4
      vertex 59.5784 84.0716 6.8
      vertex 59.5784 84.0716 3.4
    endloop
  endfacet
  facet normal 0.896878 -0.442279 0
    outer loop
      vertex 60.2141 84.9 6.8
      vertex 60.25 84.9728 3.4
      vertex 60.25 84.9728 6.8
    endloop
  endfacet
  facet normal 0.896878 -0.442279 0
    outer loop
      vertex 60.25 84.9728 3.4
      vertex 60.2141 84.9 6.8
      vertex 60.2141 84.9 3.4
    endloop
  endfacet
  facet normal -0.442238 -0.896898 0
    outer loop
      vertex 54.75 83.4359 3.4
      vertex 55.2193 83.2045 6.8
      vertex 54.75 83.4359 6.8
    endloop
  endfacet
  facet normal -0.442238 -0.896898 -0
    outer loop
      vertex 55.2193 83.2045 6.8
      vertex 54.75 83.4359 3.4
      vertex 55.2193 83.2045 3.4
    endloop
  endfacet
  facet normal -0.94691 -0.321498 0
    outer loop
      vertex 53.0545 85.3693 3.4
      vertex 52.8863 85.8647 6.8
      vertex 52.8863 85.8647 3.4
    endloop
  endfacet
  facet normal -0.94691 -0.321498 0
    outer loop
      vertex 52.8863 85.8647 6.8
      vertex 53.0545 85.3693 3.4
      vertex 53.0545 85.3693 6.8
    endloop
  endfacet
  facet normal -1 0 0
    outer loop
      vertex 2.75 23.4 1.8
      vertex 2.75 112.4 6.8
      vertex 2.75 112.4 1.8
    endloop
  endfacet
  facet normal -1 -0 0
    outer loop
      vertex 2.75 112.4 6.8
      vertex 2.75 23.4 1.8
      vertex 2.75 23.4 6.8
    endloop
  endfacet
  facet normal 0 1 -0
    outer loop
      vertex 4.25 112.4 1.8
      vertex 2.75 112.4 6.8
      vertex 4.25 112.4 6.8
    endloop
  endfacet
  facet normal 0 1 0
    outer loop
      vertex 2.75 112.4 6.8
      vertex 4.25 112.4 1.8
      vertex 2.75 112.4 1.8
    endloop
  endfacet
  facet normal 0 -1 0
    outer loop
      vertex 2.75 23.4 1.8
      vertex 4.25 23.4 6.8
      vertex 2.75 23.4 6.8
    endloop
  endfacet
  facet normal 0 -1 -0
    outer loop
      vertex 4.25 23.4 6.8
      vertex 2.75 23.4 1.8
      vertex 4.25 23.4 1.8
    endloop
  endfacet
  facet normal 1 -0 0
    outer loop
      vertex 61.75 23.4 6.8
      vertex 61.75 112.4 1.8
      vertex 61.75 112.4 6.8
    endloop
  endfacet
  facet normal 1 0 0
    outer loop
      vertex 61.75 112.4 1.8
      vertex 61.75 23.4 6.8
      vertex 61.75 23.4 1.8
    endloop
  endfacet
  facet normal 0 1 -0
    outer loop
      vertex 61.75 112.4 1.8
      vertex 60.25 112.4 6.8
      vertex 61.75 112.4 6.8
    endloop
  endfacet
  facet normal 0 1 0
    outer loop
      vertex 60.25 112.4 6.8
      vertex 61.75 112.4 1.8
      vertex 60.25 112.4 1.8
    endloop
  endfacet
  facet normal 0 -1 0
    outer loop
      vertex 60.25 23.4 1.8
      vertex 61.75 23.4 6.8
      vertex 60.25 23.4 6.8
    endloop
  endfacet
  facet normal 0 -1 -0
    outer loop
      vertex 61.75 23.4 6.8
      vertex 60.25 23.4 1.8
      vertex 61.75 23.4 1.8
    endloop
  endfacet
  facet normal 0.707107 0 -0.707107
    outer loop
      vertex 63.3 3.8147e-07 0
      vertex 64.5 2.4 1.2
      vertex 64.5 3.8147e-07 1.2
    endloop
  endfacet
  facet normal 0.707107 0 -0.707107
    outer loop
      vertex 64.5 2.4 1.2
      vertex 63.3 3.8147e-07 0
      vertex 63.3 2.4 0
    endloop
  endfacet
  facet normal 1 -0 0
    outer loop
      vertex 64.5 3.8147e-07 28.8
      vertex 64.5 2.4 1.2
      vertex 64.5 2.4 28.8
    endloop
  endfacet
  facet normal 1 0 0
    outer loop
      vertex 64.5 2.4 1.2
      vertex 64.5 3.8147e-07 28.8
      vertex 64.5 3.8147e-07 1.2
    endloop
  endfacet
  facet normal -1 0 0
    outer loop
      vertex 0 3.8147e-07 1.2
      vertex 0 2.4 28.8
      vertex 0 2.4 1.2
    endloop
  endfacet
  facet normal -1 -0 0
    outer loop
      vertex 0 2.4 28.8
      vertex 0 3.8147e-07 1.2
      vertex 0 3.8147e-07 28.8
    endloop
  endfacet
  facet normal -0 0 1
    outer loop
      vertex 59 2.4 30
      vertex 63.3 3.8147e-07 30
      vertex 63.3 2.4 30
    endloop
  endfacet
  facet normal 0 0 1
    outer loop
      vertex 63.3 3.8147e-07 30
      vertex 59 2.4 30
      vertex 59 3.8147e-07 30
    endloop
  endfacet
  facet normal -0 0 1
    outer loop
      vertex 1.2 2.4 30
      vertex 5.5 3.8147e-07 30
      vertex 5.5 2.4 30
    endloop
  endfacet
  facet normal 0 0 1
    outer loop
      vertex 5.5 3.8147e-07 30
      vertex 1.2 2.4 30
      vertex 1.2 3.8147e-07 30
    endloop
  endfacet
  facet normal 0 -1 0
    outer loop
      vertex 0 3.8147e-07 28.8
      vertex 5.5 3.8147e-07 30
      vertex 1.2 3.8147e-07 30
    endloop
  endfacet
  facet normal 0 -1 0
    outer loop
      vertex 0 3.8147e-07 28.8
      vertex 5.5 3.8147e-07 4
      vertex 5.5 3.8147e-07 30
    endloop
  endfacet
  facet normal 0 -1 0
    outer loop
      vertex 1.2 3.8147e-07 0
      vertex 5.5 3.8147e-07 4
      vertex 0 3.8147e-07 1.2
    endloop
  endfacet
  facet normal 0 -1 0
    outer loop
      vertex 0 3.8147e-07 1.2
      vertex 5.5 3.8147e-07 4
      vertex 0 3.8147e-07 28.8
    endloop
  endfacet
  facet normal 0 -1 0
    outer loop
      vertex 59 3.8147e-07 30
      vertex 64.5 3.8147e-07 28.8
      vertex 63.3 3.8147e-07 30
    endloop
  endfacet
  facet normal 0 -1 0
    outer loop
      vertex 59 3.8147e-07 4
      vertex 64.5 3.8147e-07 28.8
      vertex 59 3.8147e-07 30
    endloop
  endfacet
  facet normal 0 -1 0
    outer loop
      vertex 59 3.8147e-07 4
      vertex 64.5 3.8147e-07 1.2
      vertex 64.5 3.8147e-07 28.8
    endloop
  endfacet
  facet normal 0 -1 -0
    outer loop
      vertex 5.5 3.8147e-07 4
      vertex 1.2 3.8147e-07 0
      vertex 59 3.8147e-07 4
    endloop
  endfacet
  facet normal 0 -1 0
    outer loop
      vertex 63.3 3.8147e-07 0
      vertex 59 3.8147e-07 4
      vertex 1.2 3.8147e-07 0
    endloop
  endfacet
  facet normal 0 -1 0
    outer loop
      vertex 59 3.8147e-07 4
      vertex 63.3 3.8147e-07 0
      vertex 64.5 3.8147e-07 1.2
    endloop
  endfacet
  facet normal -0.707107 0 0.707107
    outer loop
      vertex 0 3.8147e-07 28.8
      vertex 1.2 2.4 30
      vertex 0 2.4 28.8
    endloop
  endfacet
  facet normal -0.707107 0 0.707107
    outer loop
      vertex 1.2 2.4 30
      vertex 0 3.8147e-07 28.8
      vertex 1.2 3.8147e-07 30
    endloop
  endfacet
  facet normal -0.707107 0 -0.707107
    outer loop
      vertex 1.2 3.8147e-07 0
      vertex 0 2.4 1.2
      vertex 1.2 2.4 0
    endloop
  endfacet
  facet normal -0.707107 -0 -0.707107
    outer loop
      vertex 0 2.4 1.2
      vertex 1.2 3.8147e-07 0
      vertex 0 3.8147e-07 1.2
    endloop
  endfacet
  facet normal 0.707107 -0 0.707107
    outer loop
      vertex 63.3 3.8147e-07 30
      vertex 64.5 2.4 28.8
      vertex 63.3 2.4 30
    endloop
  endfacet
  facet normal 0.707107 0 0.707107
    outer loop
      vertex 64.5 2.4 28.8
      vertex 63.3 3.8147e-07 30
      vertex 64.5 3.8147e-07 28.8
    endloop
  endfacet
  facet normal -1 0 0
    outer loop
      vertex 1.65 2.4 0.4
      vertex 1.65 5.4 29.6
      vertex 1.65 5.4 0.4
    endloop
  endfacet
  facet normal -1 -0 0
    outer loop
      vertex 1.65 5.4 29.6
      vertex 1.65 2.4 0.4
      vertex 1.65 2.4 29.6
    endloop
  endfacet
  facet normal -0 0 1
    outer loop
      vertex 59 5.4 29.6
      vertex 62.85 2.4 29.6
      vertex 62.85 5.4 29.6
    endloop
  endfacet
  facet normal 0 0 1
    outer loop
      vertex 62.85 2.4 29.6
      vertex 59 5.4 29.6
      vertex 59 2.4 29.6
    endloop
  endfacet
  facet normal -0 0 1
    outer loop
      vertex 1.65 5.4 29.6
      vertex 5.5 2.4 29.6
      vertex 5.5 5.4 29.6
    endloop
  endfacet
  facet normal 0 0 1
    outer loop
      vertex 5.5 2.4 29.6
      vertex 1.65 5.4 29.6
      vertex 1.65 2.4 29.6
    endloop
  endfacet
  facet normal 1 -0 0
    outer loop
      vertex 62.85 2.4 29.6
      vertex 62.85 5.4 0.4
      vertex 62.85 5.4 29.6
    endloop
  endfacet
  facet normal 1 0 0
    outer loop
      vertex 62.85 5.4 0.4
      vertex 62.85 2.4 29.6
      vertex 62.85 2.4 0.4
    endloop
  endfacet
  facet normal 0 1 0
    outer loop
      vertex 62.85 5.4 29.6
      vertex 59 5.4 4
      vertex 59 5.4 29.6
    endloop
  endfacet
  facet normal 0 1 0
    outer loop
      vertex 59 5.4 4
      vertex 62.05 5.4 1.8
      vertex 5.5 5.4 4
    endloop
  endfacet
  facet normal 0 1 0
    outer loop
      vertex 62.85 5.4 29.6
      vertex 62.05 5.4 1.8
      vertex 59 5.4 4
    endloop
  endfacet
  facet normal 0 1 -0
    outer loop
      vertex 62.85 5.4 0.4
      vertex 62.05 5.4 1.8
      vertex 62.85 5.4 29.6
    endloop
  endfacet
  facet normal 0 1 0
    outer loop
      vertex 62.05 5.4 1.8
      vertex 62.85 5.4 0.4
      vertex 62.05 5.4 0.4
    endloop
  endfacet
  facet normal 0 1 -0
    outer loop
      vertex 5.5 5.4 4
      vertex 1.65 5.4 29.6
      vertex 5.5 5.4 29.6
    endloop
  endfacet
  facet normal 0 1 0
    outer loop
      vertex 2.45 5.4 1.8
      vertex 5.5 5.4 4
      vertex 62.05 5.4 1.8
    endloop
  endfacet
  facet normal 0 1 -0
    outer loop
      vertex 2.45 5.4 1.8
      vertex 1.65 5.4 29.6
      vertex 5.5 5.4 4
    endloop
  endfacet
  facet normal 0 1 0
    outer loop
      vertex 1.65 5.4 0.4
      vertex 2.45 5.4 1.8
      vertex 2.45 5.4 0.4
    endloop
  endfacet
  facet normal 0 1 0
    outer loop
      vertex 2.45 5.4 1.8
      vertex 1.65 5.4 0.4
      vertex 1.65 5.4 29.6
    endloop
  endfacet
  facet normal 0 0 -1
    outer loop
      vertex 1.65 2.4 0.4
      vertex 2.45 5.4 0.4
      vertex 2.45 2.4 0.4
    endloop
  endfacet
  facet normal -0 0 -1
    outer loop
      vertex 2.45 5.4 0.4
      vertex 1.65 2.4 0.4
      vertex 1.65 5.4 0.4
    endloop
  endfacet
  facet normal 0 0 -1
    outer loop
      vertex 62.05 2.4 0.4
      vertex 62.85 5.4 0.4
      vertex 62.85 2.4 0.4
    endloop
  endfacet
  facet normal -0 0 -1
    outer loop
      vertex 62.85 5.4 0.4
      vertex 62.05 2.4 0.4
      vertex 62.05 5.4 0.4
    endloop
  endfacet
  facet normal -0.997851 -0.0655224 0
    outer loop
      vertex 10.55 28.9 0
      vertex 10.526 29.2655 5.6
      vertex 10.526 29.2655 0
    endloop
  endfacet
  facet normal -0.997851 -0.0655224 0
    outer loop
      vertex 10.526 29.2655 5.6
      vertex 10.55 28.9 0
      vertex 10.55 28.9 5.6
    endloop
  endfacet
  facet normal 0.0655277 -0.997851 0
    outer loop
      vertex 7.38453 31.676 0
      vertex 7.75 31.7 5.6
      vertex 7.38453 31.676 5.6
    endloop
  endfacet
  facet normal 0.0655277 -0.997851 0
    outer loop
      vertex 7.75 31.7 5.6
      vertex 7.38453 31.676 0
      vertex 7.75 31.7 0
    endloop
  endfacet
  facet normal -0.0655277 0.997851 0
    outer loop
      vertex 8.11547 26.124 0
      vertex 7.75 26.1 5.6
      vertex 8.11547 26.124 5.6
    endloop
  endfacet
  facet normal -0.0655277 0.997851 0
    outer loop
      vertex 7.75 26.1 5.6
      vertex 8.11547 26.124 0
      vertex 7.75 26.1 0
    endloop
  endfacet
  facet normal -0.751879 0.659301 0
    outer loop
      vertex 9.7299 26.9201 0
      vertex 9.97139 27.1955 5.6
      vertex 9.97139 27.1955 0
    endloop
  endfacet
  facet normal -0.751879 0.659301 0
    outer loop
      vertex 9.97139 27.1955 5.6
      vertex 9.7299 26.9201 0
      vertex 9.7299 26.9201 5.6
    endloop
  endfacet
  facet normal -0.659357 -0.75183 0
    outer loop
      vertex 9.45453 31.1214 0
      vertex 9.7299 30.8799 5.6
      vertex 9.45453 31.1214 5.6
    endloop
  endfacet
  facet normal -0.659357 -0.75183 -0
    outer loop
      vertex 9.7299 30.8799 5.6
      vertex 9.45453 31.1214 0
      vertex 9.7299 30.8799 0
    endloop
  endfacet
  facet normal 0.751879 -0.659301 0
    outer loop
      vertex 5.52861 30.6045 5.6
      vertex 5.7701 30.8799 0
      vertex 5.7701 30.8799 5.6
    endloop
  endfacet
  facet normal 0.751879 -0.659301 0
    outer loop
      vertex 5.7701 30.8799 0
      vertex 5.52861 30.6045 5.6
      vertex 5.52861 30.6045 0
    endloop
  endfacet
  facet normal 0.442303 -0.896866 0
    outer loop
      vertex 6.35 31.3249 0
      vertex 6.67849 31.4869 5.6
      vertex 6.35 31.3249 5.6
    endloop
  endfacet
  facet normal 0.442303 -0.896866 0
    outer loop
      vertex 6.67849 31.4869 5.6
      vertex 6.35 31.3249 0
      vertex 6.67849 31.4869 0
    endloop
  endfacet
  facet normal -0.896871 -0.442292 0
    outer loop
      vertex 10.3369 29.9715 0
      vertex 10.1749 30.3 5.6
      vertex 10.1749 30.3 0
    endloop
  endfacet
  facet normal -0.896871 -0.442292 0
    outer loop
      vertex 10.1749 30.3 5.6
      vertex 10.3369 29.9715 0
      vertex 10.3369 29.9715 5.6
    endloop
  endfacet
  facet normal -0.831407 -0.555664 0
    outer loop
      vertex 10.1749 30.3 0
      vertex 9.97139 30.6045 5.6
      vertex 9.97139 30.6045 0
    endloop
  endfacet
  facet normal -0.831407 -0.555664 0
    outer loop
      vertex 9.97139 30.6045 5.6
      vertex 10.1749 30.3 0
      vertex 10.1749 30.3 5.6
    endloop
  endfacet
  facet normal -0.321367 -0.946955 0
    outer loop
      vertex 8.47469 31.6046 0
      vertex 8.82151 31.4869 5.6
      vertex 8.47469 31.6046 5.6
    endloop
  endfacet
  facet normal -0.321367 -0.946955 -0
    outer loop
      vertex 8.82151 31.4869 5.6
      vertex 8.47469 31.6046 0
      vertex 8.82151 31.4869 0
    endloop
  endfacet
  facet normal -0.442303 -0.896866 0
    outer loop
      vertex 8.82151 31.4869 0
      vertex 9.15 31.3249 5.6
      vertex 8.82151 31.4869 5.6
    endloop
  endfacet
  facet normal -0.442303 -0.896866 -0
    outer loop
      vertex 9.15 31.3249 5.6
      vertex 8.82151 31.4869 0
      vertex 9.15 31.3249 0
    endloop
  endfacet
  facet normal 0.946924 -0.321457 0
    outer loop
      vertex 5.04541 29.6247 5.6
      vertex 5.16314 29.9715 0
      vertex 5.16314 29.9715 5.6
    endloop
  endfacet
  facet normal 0.946924 -0.321457 0
    outer loop
      vertex 5.16314 29.9715 0
      vertex 5.04541 29.6247 5.6
      vertex 5.04541 29.6247 0
    endloop
  endfacet
  facet normal 0 0 -1
    outer loop
      vertex 10.526 28.5345 5.6
      vertex 9.13802 28.7173 5.6
      vertex 9.15 28.9 5.6
    endloop
  endfacet
  facet normal 0 0 -1
    outer loop
      vertex 9.45453 26.6786 5.6
      vertex 9.1023 28.5377 5.6
      vertex 9.13802 28.7173 5.6
    endloop
  endfacet
  facet normal 0 0 -1
    outer loop
      vertex 9.45453 26.6786 5.6
      vertex 9.04343 28.3642 5.6
      vertex 9.1023 28.5377 5.6
    endloop
  endfacet
  facet normal 0 0 -1
    outer loop
      vertex 9.45453 26.6786 5.6
      vertex 8.96243 28.2 5.6
      vertex 9.04343 28.3642 5.6
    endloop
  endfacet
  facet normal 0 0 -1
    outer loop
      vertex 9.45453 26.6786 5.6
      vertex 8.86069 28.0477 5.6
      vertex 8.96243 28.2 5.6
    endloop
  endfacet
  facet normal 0 0 -1
    outer loop
      vertex 8.45 27.6876 5.6
      vertex 9.15 26.4751 5.6
      vertex 8.82151 26.3131 5.6
    endloop
  endfacet
  facet normal 0 0 -1
    outer loop
      vertex 9.45453 26.6786 5.6
      vertex 8.73995 27.91 5.6
      vertex 8.86069 28.0477 5.6
    endloop
  endfacet
  facet normal 0 0 -1
    outer loop
      vertex 9.45453 26.6786 5.6
      vertex 8.60227 27.7893 5.6
      vertex 8.73995 27.91 5.6
    endloop
  endfacet
  facet normal 0 0 -1
    outer loop
      vertex 8.28576 27.6066 5.6
      vertex 8.82151 26.3131 5.6
      vertex 8.47469 26.1954 5.6
    endloop
  endfacet
  facet normal 0 0 -1
    outer loop
      vertex 9.15 26.4751 5.6
      vertex 8.45 27.6876 5.6
      vertex 8.60227 27.7893 5.6
    endloop
  endfacet
  facet normal 0 0 -1
    outer loop
      vertex 8.82151 26.3131 5.6
      vertex 8.28576 27.6066 5.6
      vertex 8.45 27.6876 5.6
    endloop
  endfacet
  facet normal 0 0 -1
    outer loop
      vertex 8.11235 27.5477 5.6
      vertex 8.47469 26.1954 5.6
      vertex 8.11547 26.124 5.6
    endloop
  endfacet
  facet normal 0 0 -1
    outer loop
      vertex 8.47469 26.1954 5.6
      vertex 8.11235 27.5477 5.6
      vertex 8.28576 27.6066 5.6
    endloop
  endfacet
  facet normal 0 0 -1
    outer loop
      vertex 8.11547 26.124 5.6
      vertex 7.93274 27.512 5.6
      vertex 8.11235 27.5477 5.6
    endloop
  endfacet
  facet normal 0 0 -1
    outer loop
      vertex 7.75 26.1 5.6
      vertex 7.93274 27.512 5.6
      vertex 8.11547 26.124 5.6
    endloop
  endfacet
  facet normal 0 0 -1
    outer loop
      vertex 7.75 26.1 5.6
      vertex 7.75 27.5 5.6
      vertex 7.93274 27.512 5.6
    endloop
  endfacet
  facet normal 0 0 -1
    outer loop
      vertex 7.75 26.1 5.6
      vertex 7.56726 27.512 5.6
      vertex 7.75 27.5 5.6
    endloop
  endfacet
  facet normal 0 0 -1
    outer loop
      vertex 7.38453 26.124 5.6
      vertex 7.56726 27.512 5.6
      vertex 7.75 26.1 5.6
    endloop
  endfacet
  facet normal -0 0 -1
    outer loop
      vertex 7.56726 27.512 5.6
      vertex 7.38453 26.124 5.6
      vertex 7.38765 27.5477 5.6
    endloop
  endfacet
  facet normal 0 0 -1
    outer loop
      vertex 7.02531 26.1954 5.6
      vertex 7.38765 27.5477 5.6
      vertex 7.38453 26.124 5.6
    endloop
  endfacet
  facet normal -0 0 -1
    outer loop
      vertex 7.38765 27.5477 5.6
      vertex 7.02531 26.1954 5.6
      vertex 7.21424 27.6066 5.6
    endloop
  endfacet
  facet normal 0 0 -1
    outer loop
      vertex 6.67849 26.3131 5.6
      vertex 7.21424 27.6066 5.6
      vertex 7.02531 26.1954 5.6
    endloop
  endfacet
  facet normal -0 0 -1
    outer loop
      vertex 7.21424 27.6066 5.6
      vertex 6.67849 26.3131 5.6
      vertex 7.05 27.6876 5.6
    endloop
  endfacet
  facet normal 0 0 -1
    outer loop
      vertex 6.35 26.4751 5.6
      vertex 7.05 27.6876 5.6
      vertex 6.67849 26.3131 5.6
    endloop
  endfacet
  facet normal -0 0 -1
    outer loop
      vertex 7.05 27.6876 5.6
      vertex 6.35 26.4751 5.6
      vertex 6.89773 27.7893 5.6
    endloop
  endfacet
  facet normal 0 0 -1
    outer loop
      vertex 6.04547 26.6786 5.6
      vertex 6.89773 27.7893 5.6
      vertex 6.35 26.4751 5.6
    endloop
  endfacet
  facet normal -0 0 -1
    outer loop
      vertex 6.89773 27.7893 5.6
      vertex 6.04547 26.6786 5.6
      vertex 6.76005 27.91 5.6
    endloop
  endfacet
  facet normal 0 0 -1
    outer loop
      vertex 5.7701 26.9201 5.6
      vertex 6.76005 27.91 5.6
      vertex 6.04547 26.6786 5.6
    endloop
  endfacet
  facet normal -0 0 -1
    outer loop
      vertex 6.76005 27.91 5.6
      vertex 5.7701 26.9201 5.6
      vertex 6.63931 28.0477 5.6
    endloop
  endfacet
  facet normal 0 0 -1
    outer loop
      vertex 5.52861 27.1955 5.6
      vertex 6.63931 28.0477 5.6
      vertex 5.7701 26.9201 5.6
    endloop
  endfacet
  facet normal -0 0 -1
    outer loop
      vertex 6.63931 28.0477 5.6
      vertex 5.52861 27.1955 5.6
      vertex 6.53756 28.2 5.6
    endloop
  endfacet
  facet normal 0 0 -1
    outer loop
      vertex 5.32513 27.5 5.6
      vertex 6.53756 28.2 5.6
      vertex 5.52861 27.1955 5.6
    endloop
  endfacet
  facet normal -0 0 -1
    outer loop
      vertex 6.53756 28.2 5.6
      vertex 5.32513 27.5 5.6
      vertex 6.45657 28.3642 5.6
    endloop
  endfacet
  facet normal 0 0 -1
    outer loop
      vertex 5.16314 27.8285 5.6
      vertex 6.45657 28.3642 5.6
      vertex 5.32513 27.5 5.6
    endloop
  endfacet
  facet normal 0 0 -1
    outer loop
      vertex 6.35 28.9 5.6
      vertex 6.04547 31.1214 5.6
      vertex 6.35 31.3249 5.6
    endloop
  endfacet
  facet normal -0 0 -1
    outer loop
      vertex 6.45657 28.3642 5.6
      vertex 5.16314 27.8285 5.6
      vertex 6.3977 28.5377 5.6
    endloop
  endfacet
  facet normal 0 0 -1
    outer loop
      vertex 6.35 28.9 5.6
      vertex 5.7701 30.8799 5.6
      vertex 6.04547 31.1214 5.6
    endloop
  endfacet
  facet normal 0 0 -1
    outer loop
      vertex 5.04541 28.1753 5.6
      vertex 6.3977 28.5377 5.6
      vertex 5.16314 27.8285 5.6
    endloop
  endfacet
  facet normal 0 0 -1
    outer loop
      vertex 6.35 28.9 5.6
      vertex 5.52861 30.6045 5.6
      vertex 5.7701 30.8799 5.6
    endloop
  endfacet
  facet normal -0 0 -1
    outer loop
      vertex 6.3977 28.5377 5.6
      vertex 5.04541 28.1753 5.6
      vertex 6.36198 28.7173 5.6
    endloop
  endfacet
  facet normal 0 0 -1
    outer loop
      vertex 6.35 28.9 5.6
      vertex 5.32513 30.3 5.6
      vertex 5.52861 30.6045 5.6
    endloop
  endfacet
  facet normal 0 0 -1
    outer loop
      vertex 4.97395 28.5345 5.6
      vertex 6.36198 28.7173 5.6
      vertex 5.04541 28.1753 5.6
    endloop
  endfacet
  facet normal 0 0 -1
    outer loop
      vertex 6.35 28.9 5.6
      vertex 5.16314 29.9715 5.6
      vertex 5.32513 30.3 5.6
    endloop
  endfacet
  facet normal -0 0 -1
    outer loop
      vertex 6.36198 28.7173 5.6
      vertex 4.97395 28.5345 5.6
      vertex 6.35 28.9 5.6
    endloop
  endfacet
  facet normal 0 0 -1
    outer loop
      vertex 6.35 28.9 5.6
      vertex 5.04541 29.6247 5.6
      vertex 5.16314 29.9715 5.6
    endloop
  endfacet
  facet normal 0 0 -1
    outer loop
      vertex 4.95 28.9 5.6
      vertex 6.35 28.9 5.6
      vertex 4.97395 28.5345 5.6
    endloop
  endfacet
  facet normal 0 0 -1
    outer loop
      vertex 6.35 28.9 5.6
      vertex 4.97395 29.2655 5.6
      vertex 5.04541 29.6247 5.6
    endloop
  endfacet
  facet normal 0 0 -1
    outer loop
      vertex 6.35 28.9 5.6
      vertex 4.95 28.9 5.6
      vertex 4.97395 29.2655 5.6
    endloop
  endfacet
  facet normal 0 0 -1
    outer loop
      vertex 9.15 28.9 5.6
      vertex 10.55 28.9 5.6
      vertex 10.526 28.5345 5.6
    endloop
  endfacet
  facet normal 0 0 -1
    outer loop
      vertex 9.13802 28.7173 5.6
      vertex 10.526 28.5345 5.6
      vertex 10.4546 28.1753 5.6
    endloop
  endfacet
  facet normal 0 0 -1
    outer loop
      vertex 10.55 28.9 5.6
      vertex 9.15 28.9 5.6
      vertex 10.526 29.2655 5.6
    endloop
  endfacet
  facet normal 0 0 -1
    outer loop
      vertex 9.13802 28.7173 5.6
      vertex 10.4546 28.1753 5.6
      vertex 10.3369 27.8285 5.6
    endloop
  endfacet
  facet normal 0 0 -1
    outer loop
      vertex 9.13802 29.0827 5.6
      vertex 10.526 29.2655 5.6
      vertex 9.15 28.9 5.6
    endloop
  endfacet
  facet normal 0 0 -1
    outer loop
      vertex 9.13802 28.7173 5.6
      vertex 10.3369 27.8285 5.6
      vertex 10.1749 27.5 5.6
    endloop
  endfacet
  facet normal -0 0 -1
    outer loop
      vertex 10.526 29.2655 5.6
      vertex 9.13802 29.0827 5.6
      vertex 10.4546 29.6247 5.6
    endloop
  endfacet
  facet normal 0 0 -1
    outer loop
      vertex 9.13802 28.7173 5.6
      vertex 10.1749 27.5 5.6
      vertex 9.97139 27.1955 5.6
    endloop
  endfacet
  facet normal 0 0 -1
    outer loop
      vertex 9.1023 29.2623 5.6
      vertex 10.4546 29.6247 5.6
      vertex 9.13802 29.0827 5.6
    endloop
  endfacet
  facet normal 0 0 -1
    outer loop
      vertex 9.13802 28.7173 5.6
      vertex 9.97139 27.1955 5.6
      vertex 9.7299 26.9201 5.6
    endloop
  endfacet
  facet normal -0 0 -1
    outer loop
      vertex 10.4546 29.6247 5.6
      vertex 9.1023 29.2623 5.6
      vertex 10.3369 29.9715 5.6
    endloop
  endfacet
  facet normal 0 0 -1
    outer loop
      vertex 9.13802 28.7173 5.6
      vertex 9.7299 26.9201 5.6
      vertex 9.45453 26.6786 5.6
    endloop
  endfacet
  facet normal 0 0 -1
    outer loop
      vertex 9.04343 29.4358 5.6
      vertex 10.3369 29.9715 5.6
      vertex 9.1023 29.2623 5.6
    endloop
  endfacet
  facet normal 0 0 -1
    outer loop
      vertex 8.60227 27.7893 5.6
      vertex 9.45453 26.6786 5.6
      vertex 9.15 26.4751 5.6
    endloop
  endfacet
  facet normal -0 0 -1
    outer loop
      vertex 10.3369 29.9715 5.6
      vertex 9.04343 29.4358 5.6
      vertex 10.1749 30.3 5.6
    endloop
  endfacet
  facet normal 0 0 -1
    outer loop
      vertex 8.96243 29.6 5.6
      vertex 10.1749 30.3 5.6
      vertex 9.04343 29.4358 5.6
    endloop
  endfacet
  facet normal -0 0 -1
    outer loop
      vertex 10.1749 30.3 5.6
      vertex 8.96243 29.6 5.6
      vertex 9.97139 30.6045 5.6
    endloop
  endfacet
  facet normal 0 0 -1
    outer loop
      vertex 8.86069 29.7523 5.6
      vertex 9.97139 30.6045 5.6
      vertex 8.96243 29.6 5.6
    endloop
  endfacet
  facet normal -0 0 -1
    outer loop
      vertex 9.97139 30.6045 5.6
      vertex 8.86069 29.7523 5.6
      vertex 9.7299 30.8799 5.6
    endloop
  endfacet
  facet normal 0 0 -1
    outer loop
      vertex 8.73995 29.8899 5.6
      vertex 9.7299 30.8799 5.6
      vertex 8.86069 29.7523 5.6
    endloop
  endfacet
  facet normal -0 0 -1
    outer loop
      vertex 9.7299 30.8799 5.6
      vertex 8.73995 29.8899 5.6
      vertex 9.45453 31.1214 5.6
    endloop
  endfacet
  facet normal 0 0 -1
    outer loop
      vertex 8.60227 30.0107 5.6
      vertex 9.45453 31.1214 5.6
      vertex 8.73995 29.8899 5.6
    endloop
  endfacet
  facet normal -0 0 -1
    outer loop
      vertex 9.45453 31.1214 5.6
      vertex 8.60227 30.0107 5.6
      vertex 9.15 31.3249 5.6
    endloop
  endfacet
  facet normal 0 0 -1
    outer loop
      vertex 8.45 30.1124 5.6
      vertex 9.15 31.3249 5.6
      vertex 8.60227 30.0107 5.6
    endloop
  endfacet
  facet normal -0 0 -1
    outer loop
      vertex 9.15 31.3249 5.6
      vertex 8.45 30.1124 5.6
      vertex 8.82151 31.4869 5.6
    endloop
  endfacet
  facet normal 0 0 -1
    outer loop
      vertex 8.28576 30.1934 5.6
      vertex 8.82151 31.4869 5.6
      vertex 8.45 30.1124 5.6
    endloop
  endfacet
  facet normal -0 0 -1
    outer loop
      vertex 8.82151 31.4869 5.6
      vertex 8.28576 30.1934 5.6
      vertex 8.47469 31.6046 5.6
    endloop
  endfacet
  facet normal 0 0 -1
    outer loop
      vertex 8.11235 30.2523 5.6
      vertex 8.47469 31.6046 5.6
      vertex 8.28576 30.1934 5.6
    endloop
  endfacet
  facet normal -0 0 -1
    outer loop
      vertex 8.47469 31.6046 5.6
      vertex 8.11235 30.2523 5.6
      vertex 8.11547 31.676 5.6
    endloop
  endfacet
  facet normal 0 0 -1
    outer loop
      vertex 7.93274 30.288 5.6
      vertex 8.11547 31.676 5.6
      vertex 8.11235 30.2523 5.6
    endloop
  endfacet
  facet normal 0 0 -1
    outer loop
      vertex 7.75 30.3 5.6
      vertex 8.11547 31.676 5.6
      vertex 7.93274 30.288 5.6
    endloop
  endfacet
  facet normal 0 0 -1
    outer loop
      vertex 7.75 30.3 5.6
      vertex 7.75 31.7 5.6
      vertex 8.11547 31.676 5.6
    endloop
  endfacet
  facet normal 0 0 -1
    outer loop
      vertex 7.56726 30.288 5.6
      vertex 7.75 31.7 5.6
      vertex 7.75 30.3 5.6
    endloop
  endfacet
  facet normal 0 0 -1
    outer loop
      vertex 7.38453 31.676 5.6
      vertex 7.56726 30.288 5.6
      vertex 7.38765 30.2523 5.6
    endloop
  endfacet
  facet normal 0 0 -1
    outer loop
      vertex 7.56726 30.288 5.6
      vertex 7.38453 31.676 5.6
      vertex 7.75 31.7 5.6
    endloop
  endfacet
  facet normal 0 0 -1
    outer loop
      vertex 7.02531 31.6046 5.6
      vertex 7.38765 30.2523 5.6
      vertex 7.21424 30.1934 5.6
    endloop
  endfacet
  facet normal 0 0 -1
    outer loop
      vertex 6.67849 31.4869 5.6
      vertex 7.21424 30.1934 5.6
      vertex 7.05 30.1124 5.6
    endloop
  endfacet
  facet normal 0 0 -1
    outer loop
      vertex 7.38765 30.2523 5.6
      vertex 7.02531 31.6046 5.6
      vertex 7.38453 31.676 5.6
    endloop
  endfacet
  facet normal 0 0 -1
    outer loop
      vertex 6.35 31.3249 5.6
      vertex 7.05 30.1124 5.6
      vertex 6.89773 30.0107 5.6
    endloop
  endfacet
  facet normal 0 0 -1
    outer loop
      vertex 6.35 31.3249 5.6
      vertex 6.89773 30.0107 5.6
      vertex 6.76005 29.8899 5.6
    endloop
  endfacet
  facet normal 0 0 -1
    outer loop
      vertex 7.21424 30.1934 5.6
      vertex 6.67849 31.4869 5.6
      vertex 7.02531 31.6046 5.6
    endloop
  endfacet
  facet normal 0 0 -1
    outer loop
      vertex 6.35 31.3249 5.6
      vertex 6.76005 29.8899 5.6
      vertex 6.63931 29.7523 5.6
    endloop
  endfacet
  facet normal 0 0 -1
    outer loop
      vertex 6.35 31.3249 5.6
      vertex 6.63931 29.7523 5.6
      vertex 6.53756 29.6 5.6
    endloop
  endfacet
  facet normal 0 0 -1
    outer loop
      vertex 6.35 31.3249 5.6
      vertex 6.53756 29.6 5.6
      vertex 6.45657 29.4358 5.6
    endloop
  endfacet
  facet normal 0 0 -1
    outer loop
      vertex 6.35 31.3249 5.6
      vertex 6.45657 29.4358 5.6
      vertex 6.3977 29.2623 5.6
    endloop
  endfacet
  facet normal 0 0 -1
    outer loop
      vertex 6.35 31.3249 5.6
      vertex 6.3977 29.2623 5.6
      vertex 6.36198 29.0827 5.6
    endloop
  endfacet
  facet normal 0 0 -1
    outer loop
      vertex 7.05 30.1124 5.6
      vertex 6.35 31.3249 5.6
      vertex 6.67849 31.4869 5.6
    endloop
  endfacet
  facet normal 0 0 -1
    outer loop
      vertex 6.35 31.3249 5.6
      vertex 6.36198 29.0827 5.6
      vertex 6.35 28.9 5.6
    endloop
  endfacet
  facet normal 0.555607 -0.831445 0
    outer loop
      vertex 6.04547 31.1214 0
      vertex 6.35 31.3249 5.6
      vertex 6.04547 31.1214 5.6
    endloop
  endfacet
  facet normal 0.555607 -0.831445 0
    outer loop
      vertex 6.35 31.3249 5.6
      vertex 6.04547 31.1214 0
      vertex 6.35 31.3249 0
    endloop
  endfacet
  facet normal 0.321367 -0.946955 0
    outer loop
      vertex 6.67849 31.4869 0
      vertex 7.02531 31.6046 5.6
      vertex 6.67849 31.4869 5.6
    endloop
  endfacet
  facet normal 0.321367 -0.946955 0
    outer loop
      vertex 7.02531 31.6046 5.6
      vertex 6.67849 31.4869 0
      vertex 7.02531 31.6046 0
    endloop
  endfacet
  facet normal -0.442303 0.896866 0
    outer loop
      vertex 9.15 26.4751 0
      vertex 8.82151 26.3131 5.6
      vertex 9.15 26.4751 5.6
    endloop
  endfacet
  facet normal -0.442303 0.896866 0
    outer loop
      vertex 8.82151 26.3131 5.6
      vertex 9.15 26.4751 0
      vertex 8.82151 26.3131 0
    endloop
  endfacet
  facet normal -0.946949 -0.321384 0
    outer loop
      vertex 10.4546 29.6247 0
      vertex 10.3369 29.9715 5.6
      vertex 10.3369 29.9715 0
    endloop
  endfacet
  facet normal -0.946949 -0.321384 0
    outer loop
      vertex 10.3369 29.9715 5.6
      vertex 10.4546 29.6247 0
      vertex 10.4546 29.6247 5.6
    endloop
  endfacet
  facet normal -0.980811 -0.194961 0
    outer loop
      vertex 10.526 29.2655 0
      vertex 10.4546 29.6247 5.6
      vertex 10.4546 29.6247 0
    endloop
  endfacet
  facet normal -0.980811 -0.194961 0
    outer loop
      vertex 10.4546 29.6247 5.6
      vertex 10.526 29.2655 0
      vertex 10.526 29.2655 5.6
    endloop
  endfacet
  facet normal -0.751879 -0.659301 0
    outer loop
      vertex 9.97139 30.6045 0
      vertex 9.7299 30.8799 5.6
      vertex 9.7299 30.8799 0
    endloop
  endfacet
  facet normal -0.751879 -0.659301 0
    outer loop
      vertex 9.7299 30.8799 5.6
      vertex 9.97139 30.6045 0
      vertex 9.97139 30.6045 5.6
    endloop
  endfacet
  facet normal -0.19495 -0.980813 0
    outer loop
      vertex 8.11547 31.676 0
      vertex 8.47469 31.6046 5.6
      vertex 8.11547 31.676 5.6
    endloop
  endfacet
  facet normal -0.19495 -0.980813 -0
    outer loop
      vertex 8.47469 31.6046 5.6
      vertex 8.11547 31.676 0
      vertex 8.47469 31.6046 0
    endloop
  endfacet
  facet normal -0.0655277 -0.997851 0
    outer loop
      vertex 7.75 31.7 0
      vertex 8.11547 31.676 5.6
      vertex 7.75 31.7 5.6
    endloop
  endfacet
  facet normal -0.0655277 -0.997851 -0
    outer loop
      vertex 8.11547 31.676 5.6
      vertex 7.75 31.7 0
      vertex 8.11547 31.676 0
    endloop
  endfacet
  facet normal -0.555607 -0.831445 0
    outer loop
      vertex 9.15 31.3249 0
      vertex 9.45453 31.1214 5.6
      vertex 9.15 31.3249 5.6
    endloop
  endfacet
  facet normal -0.555607 -0.831445 -0
    outer loop
      vertex 9.45453 31.1214 5.6
      vertex 9.15 31.3249 0
      vertex 9.45453 31.1214 0
    endloop
  endfacet
  facet normal 0.896882 -0.442271 0
    outer loop
      vertex 5.16314 29.9715 5.6
      vertex 5.32513 30.3 0
      vertex 5.32513 30.3 5.6
    endloop
  endfacet
  facet normal 0.896882 -0.442271 0
    outer loop
      vertex 5.32513 30.3 0
      vertex 5.16314 29.9715 5.6
      vertex 5.16314 29.9715 0
    endloop
  endfacet
  facet normal 0.831445 -0.555607 0
    outer loop
      vertex 5.32513 30.3 5.6
      vertex 5.52861 30.6045 0
      vertex 5.52861 30.6045 5.6
    endloop
  endfacet
  facet normal 0.831445 -0.555607 0
    outer loop
      vertex 5.52861 30.6045 0
      vertex 5.32513 30.3 5.6
      vertex 5.32513 30.3 0
    endloop
  endfacet
  facet normal 0.98078 -0.195118 0
    outer loop
      vertex 4.97395 29.2655 5.6
      vertex 5.04541 29.6247 0
      vertex 5.04541 29.6247 5.6
    endloop
  endfacet
  facet normal 0.98078 -0.195118 0
    outer loop
      vertex 5.04541 29.6247 0
      vertex 4.97395 29.2655 5.6
      vertex 4.97395 29.2655 0
    endloop
  endfacet
  facet normal 0.99786 -0.0653864 0
    outer loop
      vertex 4.95 28.9 5.6
      vertex 4.97395 29.2655 0
      vertex 4.97395 29.2655 5.6
    endloop
  endfacet
  facet normal 0.99786 -0.0653864 0
    outer loop
      vertex 4.97395 29.2655 0
      vertex 4.95 28.9 5.6
      vertex 4.95 28.9 0
    endloop
  endfacet
  facet normal 0.99786 0.0653864 0
    outer loop
      vertex 4.97395 28.5345 5.6
      vertex 4.95 28.9 0
      vertex 4.95 28.9 5.6
    endloop
  endfacet
  facet normal 0.99786 0.0653864 0
    outer loop
      vertex 4.95 28.9 0
      vertex 4.97395 28.5345 5.6
      vertex 4.97395 28.5345 0
    endloop
  endfacet
  facet normal 0.659357 -0.75183 0
    outer loop
      vertex 5.7701 30.8799 0
      vertex 6.04547 31.1214 5.6
      vertex 5.7701 30.8799 5.6
    endloop
  endfacet
  facet normal 0.659357 -0.75183 0
    outer loop
      vertex 6.04547 31.1214 5.6
      vertex 5.7701 30.8799 0
      vertex 6.04547 31.1214 0
    endloop
  endfacet
  facet normal 0.19495 -0.980813 0
    outer loop
      vertex 7.02531 31.6046 0
      vertex 7.38453 31.676 5.6
      vertex 7.02531 31.6046 5.6
    endloop
  endfacet
  facet normal 0.19495 -0.980813 0
    outer loop
      vertex 7.38453 31.676 5.6
      vertex 7.02531 31.6046 0
      vertex 7.38453 31.676 0
    endloop
  endfacet
  facet normal -0.997851 0.0655224 0
    outer loop
      vertex 10.526 28.5345 0
      vertex 10.55 28.9 5.6
      vertex 10.55 28.9 0
    endloop
  endfacet
  facet normal -0.997851 0.0655224 0
    outer loop
      vertex 10.55 28.9 5.6
      vertex 10.526 28.5345 0
      vertex 10.526 28.5345 5.6
    endloop
  endfacet
  facet normal -0.946949 0.321384 0
    outer loop
      vertex 10.3369 27.8285 0
      vertex 10.4546 28.1753 5.6
      vertex 10.4546 28.1753 0
    endloop
  endfacet
  facet normal -0.946949 0.321384 0
    outer loop
      vertex 10.4546 28.1753 5.6
      vertex 10.3369 27.8285 0
      vertex 10.3369 27.8285 5.6
    endloop
  endfacet
  facet normal -0.980811 0.194961 0
    outer loop
      vertex 10.4546 28.1753 0
      vertex 10.526 28.5345 5.6
      vertex 10.526 28.5345 0
    endloop
  endfacet
  facet normal -0.980811 0.194961 0
    outer loop
      vertex 10.526 28.5345 5.6
      vertex 10.4546 28.1753 0
      vertex 10.4546 28.1753 5.6
    endloop
  endfacet
  facet normal 0.555607 0.831445 -0
    outer loop
      vertex 6.35 26.4751 0
      vertex 6.04547 26.6786 5.6
      vertex 6.35 26.4751 5.6
    endloop
  endfacet
  facet normal 0.555607 0.831445 0
    outer loop
      vertex 6.04547 26.6786 5.6
      vertex 6.35 26.4751 0
      vertex 6.04547 26.6786 0
    endloop
  endfacet
  facet normal 0.831445 0.555607 0
    outer loop
      vertex 5.52861 27.1955 5.6
      vertex 5.32513 27.5 0
      vertex 5.32513 27.5 5.6
    endloop
  endfacet
  facet normal 0.831445 0.555607 0
    outer loop
      vertex 5.32513 27.5 0
      vertex 5.52861 27.1955 5.6
      vertex 5.52861 27.1955 0
    endloop
  endfacet
  facet normal 0.751879 0.659301 0
    outer loop
      vertex 5.7701 26.9201 5.6
      vertex 5.52861 27.1955 0
      vertex 5.52861 27.1955 5.6
    endloop
  endfacet
  facet normal 0.751879 0.659301 0
    outer loop
      vertex 5.52861 27.1955 0
      vertex 5.7701 26.9201 5.6
      vertex 5.7701 26.9201 0
    endloop
  endfacet
  facet normal -0.555607 0.831445 0
    outer loop
      vertex 9.45453 26.6786 0
      vertex 9.15 26.4751 5.6
      vertex 9.45453 26.6786 5.6
    endloop
  endfacet
  facet normal -0.555607 0.831445 0
    outer loop
      vertex 9.15 26.4751 5.6
      vertex 9.45453 26.6786 0
      vertex 9.15 26.4751 0
    endloop
  endfacet
  facet normal 0.659357 0.75183 -0
    outer loop
      vertex 6.04547 26.6786 0
      vertex 5.7701 26.9201 5.6
      vertex 6.04547 26.6786 5.6
    endloop
  endfacet
  facet normal 0.659357 0.75183 0
    outer loop
      vertex 5.7701 26.9201 5.6
      vertex 6.04547 26.6786 0
      vertex 5.7701 26.9201 0
    endloop
  endfacet
  facet normal 0.896882 0.442271 0
    outer loop
      vertex 5.32513 27.5 5.6
      vertex 5.16314 27.8285 0
      vertex 5.16314 27.8285 5.6
    endloop
  endfacet
  facet normal 0.896882 0.442271 0
    outer loop
      vertex 5.16314 27.8285 0
      vertex 5.32513 27.5 5.6
      vertex 5.32513 27.5 0
    endloop
  endfacet
  facet normal -0.659357 0.75183 0
    outer loop
      vertex 9.7299 26.9201 0
      vertex 9.45453 26.6786 5.6
      vertex 9.7299 26.9201 5.6
    endloop
  endfacet
  facet normal -0.659357 0.75183 0
    outer loop
      vertex 9.45453 26.6786 5.6
      vertex 9.7299 26.9201 0
      vertex 9.45453 26.6786 0
    endloop
  endfacet
  facet normal -0.321367 0.946955 0
    outer loop
      vertex 8.82151 26.3131 0
      vertex 8.47469 26.1954 5.6
      vertex 8.82151 26.3131 5.6
    endloop
  endfacet
  facet normal -0.321367 0.946955 0
    outer loop
      vertex 8.47469 26.1954 5.6
      vertex 8.82151 26.3131 0
      vertex 8.47469 26.1954 0
    endloop
  endfacet
  facet normal -0.19495 0.980813 0
    outer loop
      vertex 8.47469 26.1954 0
      vertex 8.11547 26.124 5.6
      vertex 8.47469 26.1954 5.6
    endloop
  endfacet
  facet normal -0.19495 0.980813 0
    outer loop
      vertex 8.11547 26.124 5.6
      vertex 8.47469 26.1954 0
      vertex 8.11547 26.124 0
    endloop
  endfacet
  facet normal -0.896871 0.442292 0
    outer loop
      vertex 10.1749 27.5 0
      vertex 10.3369 27.8285 5.6
      vertex 10.3369 27.8285 0
    endloop
  endfacet
  facet normal -0.896871 0.442292 0
    outer loop
      vertex 10.3369 27.8285 5.6
      vertex 10.1749 27.5 0
      vertex 10.1749 27.5 5.6
    endloop
  endfacet
  facet normal -0.831407 0.555664 0
    outer loop
      vertex 9.97139 27.1955 0
      vertex 10.1749 27.5 5.6
      vertex 10.1749 27.5 0
    endloop
  endfacet
  facet normal -0.831407 0.555664 0
    outer loop
      vertex 10.1749 27.5 5.6
      vertex 9.97139 27.1955 0
      vertex 9.97139 27.1955 5.6
    endloop
  endfacet
  facet normal 0.0655277 0.997851 -0
    outer loop
      vertex 7.75 26.1 0
      vertex 7.38453 26.124 5.6
      vertex 7.75 26.1 5.6
    endloop
  endfacet
  facet normal 0.0655277 0.997851 0
    outer loop
      vertex 7.38453 26.124 5.6
      vertex 7.75 26.1 0
      vertex 7.38453 26.124 0
    endloop
  endfacet
  facet normal 0.321367 0.946955 -0
    outer loop
      vertex 7.02531 26.1954 0
      vertex 6.67849 26.3131 5.6
      vertex 7.02531 26.1954 5.6
    endloop
  endfacet
  facet normal 0.321367 0.946955 0
    outer loop
      vertex 6.67849 26.3131 5.6
      vertex 7.02531 26.1954 0
      vertex 6.67849 26.3131 0
    endloop
  endfacet
  facet normal 0.19495 0.980813 -0
    outer loop
      vertex 7.38453 26.124 0
      vertex 7.02531 26.1954 5.6
      vertex 7.38453 26.124 5.6
    endloop
  endfacet
  facet normal 0.19495 0.980813 0
    outer loop
      vertex 7.02531 26.1954 5.6
      vertex 7.38453 26.124 0
      vertex 7.02531 26.1954 0
    endloop
  endfacet
  facet normal 0.946924 0.321457 0
    outer loop
      vertex 5.16314 27.8285 5.6
      vertex 5.04541 28.1753 0
      vertex 5.04541 28.1753 5.6
    endloop
  endfacet
  facet normal 0.946924 0.321457 0
    outer loop
      vertex 5.04541 28.1753 0
      vertex 5.16314 27.8285 5.6
      vertex 5.16314 27.8285 0
    endloop
  endfacet
  facet normal 0.98078 0.195118 0
    outer loop
      vertex 5.04541 28.1753 5.6
      vertex 4.97395 28.5345 0
      vertex 4.97395 28.5345 5.6
    endloop
  endfacet
  facet normal 0.98078 0.195118 0
    outer loop
      vertex 4.97395 28.5345 0
      vertex 5.04541 28.1753 5.6
      vertex 5.04541 28.1753 0
    endloop
  endfacet
  facet normal 0.442303 0.896866 -0
    outer loop
      vertex 6.67849 26.3131 0
      vertex 6.35 26.4751 5.6
      vertex 6.67849 26.3131 5.6
    endloop
  endfacet
  facet normal 0.442303 0.896866 0
    outer loop
      vertex 6.35 26.4751 5.6
      vertex 6.67849 26.3131 0
      vertex 6.35 26.4751 0
    endloop
  endfacet
  facet normal -0.997857 0.0654315 0
    outer loop
      vertex 9.13802 28.7173 5.6
      vertex 9.15 28.9 6.8
      vertex 9.15 28.9 5.6
    endloop
  endfacet
  facet normal -0.997857 0.0654315 0
    outer loop
      vertex 9.15 28.9 6.8
      vertex 9.13802 28.7173 5.6
      vertex 9.13802 28.7173 6.8
    endloop
  endfacet
  facet normal -0.442314 -0.89686 0
    outer loop
      vertex 8.28576 30.1934 5.6
      vertex 8.45 30.1124 6.8
      vertex 8.28576 30.1934 6.8
    endloop
  endfacet
  facet normal -0.442314 -0.89686 -0
    outer loop
      vertex 8.45 30.1124 6.8
      vertex 8.28576 30.1934 5.6
      vertex 8.45 30.1124 5.6
    endloop
  endfacet
  facet normal 0.442314 -0.89686 0
    outer loop
      vertex 7.05 30.1124 5.6
      vertex 7.21424 30.1934 6.8
      vertex 7.05 30.1124 6.8
    endloop
  endfacet
  facet normal 0.442314 -0.89686 0
    outer loop
      vertex 7.21424 30.1934 6.8
      vertex 7.05 30.1124 5.6
      vertex 7.21424 30.1934 5.6
    endloop
  endfacet
  facet normal 0.946972 -0.321316 0
    outer loop
      vertex 6.3977 29.2623 6.8
      vertex 6.45657 29.4358 5.6
      vertex 6.45657 29.4358 6.8
    endloop
  endfacet
  facet normal 0.946972 -0.321316 0
    outer loop
      vertex 6.45657 29.4358 5.6
      vertex 6.3977 29.2623 6.8
      vertex 6.3977 29.2623 5.6
    endloop
  endfacet
  facet normal -0.751893 0.659285 0
    outer loop
      vertex 8.73995 27.91 5.6
      vertex 8.86069 28.0477 6.8
      vertex 8.86069 28.0477 5.6
    endloop
  endfacet
  facet normal -0.751893 0.659285 0
    outer loop
      vertex 8.86069 28.0477 6.8
      vertex 8.73995 27.91 5.6
      vertex 8.73995 27.91 6.8
    endloop
  endfacet
  facet normal 0.831504 0.555519 0
    outer loop
      vertex 6.63931 28.0477 6.8
      vertex 6.53756 28.2 5.6
      vertex 6.53756 28.2 6.8
    endloop
  endfacet
  facet normal 0.831504 0.555519 0
    outer loop
      vertex 6.53756 28.2 5.6
      vertex 6.63931 28.0477 6.8
      vertex 6.63931 28.0477 5.6
    endloop
  endfacet
  facet normal -0.946972 -0.321316 0
    outer loop
      vertex 9.1023 29.2623 5.6
      vertex 9.04343 29.4358 6.8
      vertex 9.04343 29.4358 5.6
    endloop
  endfacet
  facet normal -0.946972 -0.321316 0
    outer loop
      vertex 9.04343 29.4358 6.8
      vertex 9.1023 29.2623 5.6
      vertex 9.1023 29.2623 6.8
    endloop
  endfacet
  facet normal -0.896817 -0.442401 0
    outer loop
      vertex 9.04343 29.4358 5.6
      vertex 8.96243 29.6 6.8
      vertex 8.96243 29.6 5.6
    endloop
  endfacet
  facet normal -0.896817 -0.442401 0
    outer loop
      vertex 8.96243 29.6 6.8
      vertex 9.04343 29.4358 5.6
      vertex 9.04343 29.4358 6.8
    endloop
  endfacet
  facet normal -0.659524 -0.751683 0
    outer loop
      vertex 8.60227 30.0107 5.6
      vertex 8.73995 29.8899 6.8
      vertex 8.60227 30.0107 6.8
    endloop
  endfacet
  facet normal -0.659524 -0.751683 -0
    outer loop
      vertex 8.73995 29.8899 6.8
      vertex 8.60227 30.0107 5.6
      vertex 8.73995 29.8899 5.6
    endloop
  endfacet
  facet normal -0.321612 -0.946872 0
    outer loop
      vertex 8.11235 30.2523 5.6
      vertex 8.28576 30.1934 6.8
      vertex 8.11235 30.2523 6.8
    endloop
  endfacet
  facet normal -0.321612 -0.946872 -0
    outer loop
      vertex 8.28576 30.1934 6.8
      vertex 8.11235 30.2523 5.6
      vertex 8.28576 30.1934 5.6
    endloop
  endfacet
  facet normal 0.0655259 -0.997851 0
    outer loop
      vertex 7.56726 30.288 5.6
      vertex 7.75 30.3 6.8
      vertex 7.56726 30.288 6.8
    endloop
  endfacet
  facet normal 0.0655259 -0.997851 0
    outer loop
      vertex 7.75 30.3 6.8
      vertex 7.56726 30.288 5.6
      vertex 7.75 30.3 5.6
    endloop
  endfacet
  facet normal -0.0655259 -0.997851 0
    outer loop
      vertex 7.75 30.3 5.6
      vertex 7.93274 30.288 6.8
      vertex 7.75 30.3 6.8
    endloop
  endfacet
  facet normal -0.0655259 -0.997851 -0
    outer loop
      vertex 7.93274 30.288 6.8
      vertex 7.75 30.3 5.6
      vertex 7.93274 30.288 5.6
    endloop
  endfacet
  facet normal 0.997857 -0.0654315 0
    outer loop
      vertex 6.35 28.9 6.8
      vertex 6.36198 29.0827 5.6
      vertex 6.36198 29.0827 6.8
    endloop
  endfacet
  facet normal 0.997857 -0.0654315 0
    outer loop
      vertex 6.36198 29.0827 5.6
      vertex 6.35 28.9 6.8
      vertex 6.35 28.9 5.6
    endloop
  endfacet
  facet normal 0.831504 -0.555519 0
    outer loop
      vertex 6.53756 29.6 6.8
      vertex 6.63931 29.7523 5.6
      vertex 6.63931 29.7523 6.8
    endloop
  endfacet
  facet normal 0.831504 -0.555519 0
    outer loop
      vertex 6.63931 29.7523 5.6
      vertex 6.53756 29.6 6.8
      vertex 6.53756 29.6 5.6
    endloop
  endfacet
  facet normal 0.751656 -0.659556 0
    outer loop
      vertex 6.63931 29.7523 6.8
      vertex 6.76005 29.8899 5.6
      vertex 6.76005 29.8899 6.8
    endloop
  endfacet
  facet normal 0.751656 -0.659556 0
    outer loop
      vertex 6.76005 29.8899 5.6
      vertex 6.63931 29.7523 6.8
      vertex 6.63931 29.7523 5.6
    endloop
  endfacet
  facet normal -0.997857 -0.0654315 0
    outer loop
      vertex 9.15 28.9 5.6
      vertex 9.13802 29.0827 6.8
      vertex 9.13802 29.0827 5.6
    endloop
  endfacet
  facet normal -0.997857 -0.0654315 0
    outer loop
      vertex 9.13802 29.0827 6.8
      vertex 9.15 28.9 5.6
      vertex 9.15 28.9 6.8
    endloop
  endfacet
  facet normal -0.442314 0.89686 0
    outer loop
      vertex 8.45 27.6876 5.6
      vertex 8.28576 27.6066 6.8
      vertex 8.45 27.6876 6.8
    endloop
  endfacet
  facet normal -0.442314 0.89686 0
    outer loop
      vertex 8.28576 27.6066 6.8
      vertex 8.45 27.6876 5.6
      vertex 8.28576 27.6066 5.6
    endloop
  endfacet
  facet normal -0.831529 0.555481 0
    outer loop
      vertex 8.86069 28.0477 5.6
      vertex 8.96243 28.2 6.8
      vertex 8.96243 28.2 5.6
    endloop
  endfacet
  facet normal -0.831529 0.555481 0
    outer loop
      vertex 8.96243 28.2 6.8
      vertex 8.86069 28.0477 5.6
      vertex 8.86069 28.0477 6.8
    endloop
  endfacet
  facet normal 0.321612 0.946872 -0
    outer loop
      vertex 7.38765 27.5477 5.6
      vertex 7.21424 27.6066 6.8
      vertex 7.38765 27.5477 6.8
    endloop
  endfacet
  facet normal 0.321612 0.946872 0
    outer loop
      vertex 7.21424 27.6066 6.8
      vertex 7.38765 27.5477 5.6
      vertex 7.21424 27.6066 5.6
    endloop
  endfacet
  facet normal 0.442314 0.89686 -0
    outer loop
      vertex 7.21424 27.6066 5.6
      vertex 7.05 27.6876 6.8
      vertex 7.21424 27.6066 6.8
    endloop
  endfacet
  facet normal 0.442314 0.89686 0
    outer loop
      vertex 7.05 27.6876 6.8
      vertex 7.21424 27.6066 5.6
      vertex 7.05 27.6876 5.6
    endloop
  endfacet
  facet normal 0.946972 0.321316 0
    outer loop
      vertex 6.45657 28.3642 6.8
      vertex 6.3977 28.5377 5.6
      vertex 6.3977 28.5377 6.8
    endloop
  endfacet
  facet normal 0.946972 0.321316 0
    outer loop
      vertex 6.3977 28.5377 5.6
      vertex 6.45657 28.3642 6.8
      vertex 6.45657 28.3642 5.6
    endloop
  endfacet
  facet normal -0.98079 -0.195066 0
    outer loop
      vertex 9.13802 29.0827 5.6
      vertex 9.1023 29.2623 6.8
      vertex 9.1023 29.2623 5.6
    endloop
  endfacet
  facet normal -0.98079 -0.195066 0
    outer loop
      vertex 9.1023 29.2623 6.8
      vertex 9.13802 29.0827 5.6
      vertex 9.13802 29.0827 6.8
    endloop
  endfacet
  facet normal -0.831529 -0.555481 0
    outer loop
      vertex 8.96243 29.6 5.6
      vertex 8.86069 29.7523 6.8
      vertex 8.86069 29.7523 5.6
    endloop
  endfacet
  facet normal -0.831529 -0.555481 0
    outer loop
      vertex 8.86069 29.7523 6.8
      vertex 8.96243 29.6 5.6
      vertex 8.96243 29.6 6.8
    endloop
  endfacet
  facet normal -0.751656 -0.659556 0
    outer loop
      vertex 8.86069 29.7523 5.6
      vertex 8.73995 29.8899 6.8
      vertex 8.73995 29.8899 5.6
    endloop
  endfacet
  facet normal -0.751656 -0.659556 0
    outer loop
      vertex 8.73995 29.8899 6.8
      vertex 8.86069 29.7523 5.6
      vertex 8.86069 29.7523 6.8
    endloop
  endfacet
  facet normal 0.997857 0.0654315 0
    outer loop
      vertex 6.36198 28.7173 6.8
      vertex 6.35 28.9 5.6
      vertex 6.35 28.9 6.8
    endloop
  endfacet
  facet normal 0.997857 0.0654315 0
    outer loop
      vertex 6.35 28.9 5.6
      vertex 6.36198 28.7173 6.8
      vertex 6.36198 28.7173 5.6
    endloop
  endfacet
  facet normal 0.896839 -0.442357 0
    outer loop
      vertex 6.45657 29.4358 6.8
      vertex 6.53756 29.6 5.6
      vertex 6.53756 29.6 6.8
    endloop
  endfacet
  facet normal 0.896839 -0.442357 0
    outer loop
      vertex 6.53756 29.6 5.6
      vertex 6.45657 29.4358 6.8
      vertex 6.45657 29.4358 5.6
    endloop
  endfacet
  facet normal 0.19495 -0.980813 0
    outer loop
      vertex 7.38765 30.2523 5.6
      vertex 7.56726 30.288 6.8
      vertex 7.38765 30.2523 6.8
    endloop
  endfacet
  facet normal 0.19495 -0.980813 0
    outer loop
      vertex 7.56726 30.288 6.8
      vertex 7.38765 30.2523 5.6
      vertex 7.56726 30.288 5.6
    endloop
  endfacet
  facet normal 0.321612 -0.946872 0
    outer loop
      vertex 7.21424 30.1934 5.6
      vertex 7.38765 30.2523 6.8
      vertex 7.21424 30.1934 6.8
    endloop
  endfacet
  facet normal 0.321612 -0.946872 0
    outer loop
      vertex 7.38765 30.2523 6.8
      vertex 7.21424 30.1934 5.6
      vertex 7.38765 30.2523 5.6
    endloop
  endfacet
  facet normal 0.555406 -0.831579 0
    outer loop
      vertex 6.89773 30.0107 5.6
      vertex 7.05 30.1124 6.8
      vertex 6.89773 30.0107 6.8
    endloop
  endfacet
  facet normal 0.555406 -0.831579 0
    outer loop
      vertex 7.05 30.1124 6.8
      vertex 6.89773 30.0107 5.6
      vertex 7.05 30.1124 5.6
    endloop
  endfacet
  facet normal 0.659524 -0.751683 0
    outer loop
      vertex 6.76005 29.8899 5.6
      vertex 6.89773 30.0107 6.8
      vertex 6.76005 29.8899 6.8
    endloop
  endfacet
  facet normal 0.659524 -0.751683 0
    outer loop
      vertex 6.89773 30.0107 6.8
      vertex 6.76005 29.8899 5.6
      vertex 6.89773 30.0107 5.6
    endloop
  endfacet
  facet normal -0.19495 0.980813 0
    outer loop
      vertex 8.11235 27.5477 5.6
      vertex 7.93274 27.512 6.8
      vertex 8.11235 27.5477 6.8
    endloop
  endfacet
  facet normal -0.19495 0.980813 0
    outer loop
      vertex 7.93274 27.512 6.8
      vertex 8.11235 27.5477 5.6
      vertex 7.93274 27.512 5.6
    endloop
  endfacet
  facet normal -0.98079 0.195066 0
    outer loop
      vertex 9.1023 28.5377 5.6
      vertex 9.13802 28.7173 6.8
      vertex 9.13802 28.7173 5.6
    endloop
  endfacet
  facet normal -0.98079 0.195066 0
    outer loop
      vertex 9.13802 28.7173 6.8
      vertex 9.1023 28.5377 5.6
      vertex 9.1023 28.5377 6.8
    endloop
  endfacet
  facet normal -0.946972 0.321316 0
    outer loop
      vertex 9.04343 28.3642 5.6
      vertex 9.1023 28.5377 6.8
      vertex 9.1023 28.5377 5.6
    endloop
  endfacet
  facet normal -0.946972 0.321316 0
    outer loop
      vertex 9.1023 28.5377 6.8
      vertex 9.04343 28.3642 5.6
      vertex 9.04343 28.3642 6.8
    endloop
  endfacet
  facet normal -0.321612 0.946872 0
    outer loop
      vertex 8.28576 27.6066 5.6
      vertex 8.11235 27.5477 6.8
      vertex 8.28576 27.6066 6.8
    endloop
  endfacet
  facet normal -0.321612 0.946872 0
    outer loop
      vertex 8.11235 27.5477 6.8
      vertex 8.28576 27.6066 5.6
      vertex 8.11235 27.5477 5.6
    endloop
  endfacet
  facet normal -0.555406 0.831579 0
    outer loop
      vertex 8.60227 27.7893 5.6
      vertex 8.45 27.6876 6.8
      vertex 8.60227 27.7893 6.8
    endloop
  endfacet
  facet normal -0.555406 0.831579 0
    outer loop
      vertex 8.45 27.6876 6.8
      vertex 8.60227 27.7893 5.6
      vertex 8.45 27.6876 5.6
    endloop
  endfacet
  facet normal -0.659216 0.751954 0
    outer loop
      vertex 8.73995 27.91 5.6
      vertex 8.60227 27.7893 6.8
      vertex 8.73995 27.91 6.8
    endloop
  endfacet
  facet normal -0.659216 0.751954 0
    outer loop
      vertex 8.60227 27.7893 6.8
      vertex 8.73995 27.91 5.6
      vertex 8.60227 27.7893 5.6
    endloop
  endfacet
  facet normal -0.0655259 0.997851 0
    outer loop
      vertex 7.93274 27.512 5.6
      vertex 7.75 27.5 6.8
      vertex 7.93274 27.512 6.8
    endloop
  endfacet
  facet normal -0.0655259 0.997851 0
    outer loop
      vertex 7.75 27.5 6.8
      vertex 7.93274 27.512 5.6
      vertex 7.75 27.5 5.6
    endloop
  endfacet
  facet normal 0.19495 0.980813 -0
    outer loop
      vertex 7.56726 27.512 5.6
      vertex 7.38765 27.5477 6.8
      vertex 7.56726 27.512 6.8
    endloop
  endfacet
  facet normal 0.19495 0.980813 0
    outer loop
      vertex 7.38765 27.5477 6.8
      vertex 7.56726 27.512 5.6
      vertex 7.38765 27.5477 5.6
    endloop
  endfacet
  facet normal 0.0655259 0.997851 -0
    outer loop
      vertex 7.75 27.5 5.6
      vertex 7.56726 27.512 6.8
      vertex 7.75 27.5 6.8
    endloop
  endfacet
  facet normal 0.0655259 0.997851 0
    outer loop
      vertex 7.56726 27.512 6.8
      vertex 7.75 27.5 5.6
      vertex 7.56726 27.512 5.6
    endloop
  endfacet
  facet normal 0.555406 0.831579 -0
    outer loop
      vertex 7.05 27.6876 5.6
      vertex 6.89773 27.7893 6.8
      vertex 7.05 27.6876 6.8
    endloop
  endfacet
  facet normal 0.555406 0.831579 0
    outer loop
      vertex 6.89773 27.7893 6.8
      vertex 7.05 27.6876 5.6
      vertex 6.89773 27.7893 5.6
    endloop
  endfacet
  facet normal 0.896839 0.442357 0
    outer loop
      vertex 6.53756 28.2 6.8
      vertex 6.45657 28.3642 5.6
      vertex 6.45657 28.3642 6.8
    endloop
  endfacet
  facet normal 0.896839 0.442357 0
    outer loop
      vertex 6.45657 28.3642 5.6
      vertex 6.53756 28.2 6.8
      vertex 6.53756 28.2 5.6
    endloop
  endfacet
  facet normal 0.98079 0.195066 0
    outer loop
      vertex 6.3977 28.5377 6.8
      vertex 6.36198 28.7173 5.6
      vertex 6.36198 28.7173 6.8
    endloop
  endfacet
  facet normal 0.98079 0.195066 0
    outer loop
      vertex 6.36198 28.7173 5.6
      vertex 6.3977 28.5377 6.8
      vertex 6.3977 28.5377 5.6
    endloop
  endfacet
  facet normal 0.659216 0.751954 -0
    outer loop
      vertex 6.89773 27.7893 5.6
      vertex 6.76005 27.91 6.8
      vertex 6.89773 27.7893 6.8
    endloop
  endfacet
  facet normal 0.659216 0.751954 0
    outer loop
      vertex 6.76005 27.91 6.8
      vertex 6.89773 27.7893 5.6
      vertex 6.76005 27.91 5.6
    endloop
  endfacet
  facet normal -0.555406 -0.831579 0
    outer loop
      vertex 8.45 30.1124 5.6
      vertex 8.60227 30.0107 6.8
      vertex 8.45 30.1124 6.8
    endloop
  endfacet
  facet normal -0.555406 -0.831579 -0
    outer loop
      vertex 8.60227 30.0107 6.8
      vertex 8.45 30.1124 5.6
      vertex 8.60227 30.0107 5.6
    endloop
  endfacet
  facet normal -0.19495 -0.980813 0
    outer loop
      vertex 7.93274 30.288 5.6
      vertex 8.11235 30.2523 6.8
      vertex 7.93274 30.288 6.8
    endloop
  endfacet
  facet normal -0.19495 -0.980813 -0
    outer loop
      vertex 8.11235 30.2523 6.8
      vertex 7.93274 30.288 5.6
      vertex 8.11235 30.2523 5.6
    endloop
  endfacet
  facet normal 0.98079 -0.195066 0
    outer loop
      vertex 6.36198 29.0827 6.8
      vertex 6.3977 29.2623 5.6
      vertex 6.3977 29.2623 6.8
    endloop
  endfacet
  facet normal 0.98079 -0.195066 0
    outer loop
      vertex 6.3977 29.2623 5.6
      vertex 6.36198 29.0827 6.8
      vertex 6.36198 29.0827 5.6
    endloop
  endfacet
  facet normal -0.896817 0.442401 0
    outer loop
      vertex 8.96243 28.2 5.6
      vertex 9.04343 28.3642 6.8
      vertex 9.04343 28.3642 5.6
    endloop
  endfacet
  facet normal -0.896817 0.442401 0
    outer loop
      vertex 9.04343 28.3642 6.8
      vertex 8.96243 28.2 5.6
      vertex 8.96243 28.2 6.8
    endloop
  endfacet
  facet normal 0.751893 0.659285 0
    outer loop
      vertex 6.76005 27.91 6.8
      vertex 6.63931 28.0477 5.6
      vertex 6.63931 28.0477 6.8
    endloop
  endfacet
  facet normal 0.751893 0.659285 0
    outer loop
      vertex 6.63931 28.0477 5.6
      vertex 6.76005 27.91 6.8
      vertex 6.76005 27.91 5.6
    endloop
  endfacet
  facet normal -0.896871 -0.442292 0
    outer loop
      vertex 10.3369 87.9715 0
      vertex 10.1749 88.3 5.6
      vertex 10.1749 88.3 0
    endloop
  endfacet
  facet normal -0.896871 -0.442292 0
    outer loop
      vertex 10.1749 88.3 5.6
      vertex 10.3369 87.9715 0
      vertex 10.3369 87.9715 5.6
    endloop
  endfacet
  facet normal -0.831407 -0.555664 0
    outer loop
      vertex 10.1749 88.3 0
      vertex 9.97139 88.6045 5.6
      vertex 9.97139 88.6045 0
    endloop
  endfacet
  facet normal -0.831407 -0.555664 0
    outer loop
      vertex 9.97139 88.6045 5.6
      vertex 10.1749 88.3 0
      vertex 10.1749 88.3 5.6
    endloop
  endfacet
  facet normal -0.321367 -0.946955 0
    outer loop
      vertex 8.47469 89.6046 0
      vertex 8.82151 89.4869 5.6
      vertex 8.47469 89.6046 5.6
    endloop
  endfacet
  facet normal -0.321367 -0.946955 -0
    outer loop
      vertex 8.82151 89.4869 5.6
      vertex 8.47469 89.6046 0
      vertex 8.82151 89.4869 0
    endloop
  endfacet
  facet normal 0.442303 -0.896866 0
    outer loop
      vertex 6.35 89.3249 0
      vertex 6.67849 89.4869 5.6
      vertex 6.35 89.3249 5.6
    endloop
  endfacet
  facet normal 0.442303 -0.896866 0
    outer loop
      vertex 6.67849 89.4869 5.6
      vertex 6.35 89.3249 0
      vertex 6.67849 89.4869 0
    endloop
  endfacet
  facet normal 0.946924 -0.321457 0
    outer loop
      vertex 5.04541 87.6247 5.6
      vertex 5.16314 87.9715 0
      vertex 5.16314 87.9715 5.6
    endloop
  endfacet
  facet normal 0.946924 -0.321457 0
    outer loop
      vertex 5.16314 87.9715 0
      vertex 5.04541 87.6247 5.6
      vertex 5.04541 87.6247 0
    endloop
  endfacet
  facet normal -0.997851 0.0655224 0
    outer loop
      vertex 10.526 86.5345 0
      vertex 10.55 86.9 5.6
      vertex 10.55 86.9 0
    endloop
  endfacet
  facet normal -0.997851 0.0655224 0
    outer loop
      vertex 10.55 86.9 5.6
      vertex 10.526 86.5345 0
      vertex 10.526 86.5345 5.6
    endloop
  endfacet
  facet normal -0.442303 0.896866 0
    outer loop
      vertex 9.15 84.4751 0
      vertex 8.82151 84.3131 5.6
      vertex 9.15 84.4751 5.6
    endloop
  endfacet
  facet normal -0.442303 0.896866 0
    outer loop
      vertex 8.82151 84.3131 5.6
      vertex 9.15 84.4751 0
      vertex 8.82151 84.3131 0
    endloop
  endfacet
  facet normal 0.0655277 -0.997851 0
    outer loop
      vertex 7.38453 89.676 0
      vertex 7.75 89.7 5.6
      vertex 7.38453 89.676 5.6
    endloop
  endfacet
  facet normal 0.0655277 -0.997851 0
    outer loop
      vertex 7.75 89.7 5.6
      vertex 7.38453 89.676 0
      vertex 7.75 89.7 0
    endloop
  endfacet
  facet normal 0.99786 -0.0653864 0
    outer loop
      vertex 4.95 86.9 5.6
      vertex 4.97395 87.2655 0
      vertex 4.97395 87.2655 5.6
    endloop
  endfacet
  facet normal 0.99786 -0.0653864 0
    outer loop
      vertex 4.97395 87.2655 0
      vertex 4.95 86.9 5.6
      vertex 4.95 86.9 0
    endloop
  endfacet
  facet normal 0.831445 -0.555607 0
    outer loop
      vertex 5.32513 88.3 5.6
      vertex 5.52861 88.6045 0
      vertex 5.52861 88.6045 5.6
    endloop
  endfacet
  facet normal 0.831445 -0.555607 0
    outer loop
      vertex 5.52861 88.6045 0
      vertex 5.32513 88.3 5.6
      vertex 5.32513 88.3 0
    endloop
  endfacet
  facet normal 0.555607 -0.831445 0
    outer loop
      vertex 6.04547 89.1214 0
      vertex 6.35 89.3249 5.6
      vertex 6.04547 89.1214 5.6
    endloop
  endfacet
  facet normal 0.555607 -0.831445 0
    outer loop
      vertex 6.35 89.3249 5.6
      vertex 6.04547 89.1214 0
      vertex 6.35 89.3249 0
    endloop
  endfacet
  facet normal 0.659357 -0.75183 0
    outer loop
      vertex 5.7701 88.8799 0
      vertex 6.04547 89.1214 5.6
      vertex 5.7701 88.8799 5.6
    endloop
  endfacet
  facet normal 0.659357 -0.75183 0
    outer loop
      vertex 6.04547 89.1214 5.6
      vertex 5.7701 88.8799 0
      vertex 6.04547 89.1214 0
    endloop
  endfacet
  facet normal -0.997851 -0.0655224 0
    outer loop
      vertex 10.55 86.9 0
      vertex 10.526 87.2655 5.6
      vertex 10.526 87.2655 0
    endloop
  endfacet
  facet normal -0.997851 -0.0655224 0
    outer loop
      vertex 10.526 87.2655 5.6
      vertex 10.55 86.9 0
      vertex 10.55 86.9 5.6
    endloop
  endfacet
  facet normal -0.555607 0.831445 0
    outer loop
      vertex 9.45453 84.6786 0
      vertex 9.15 84.4751 5.6
      vertex 9.45453 84.6786 5.6
    endloop
  endfacet
  facet normal -0.555607 0.831445 0
    outer loop
      vertex 9.15 84.4751 5.6
      vertex 9.45453 84.6786 0
      vertex 9.15 84.4751 0
    endloop
  endfacet
  facet normal -0.946949 0.321384 0
    outer loop
      vertex 10.3369 85.8285 0
      vertex 10.4546 86.1753 5.6
      vertex 10.4546 86.1753 0
    endloop
  endfacet
  facet normal -0.946949 0.321384 0
    outer loop
      vertex 10.4546 86.1753 5.6
      vertex 10.3369 85.8285 0
      vertex 10.3369 85.8285 5.6
    endloop
  endfacet
  facet normal 0.19495 0.980813 -0
    outer loop
      vertex 7.38453 84.124 0
      vertex 7.02531 84.1954 5.6
      vertex 7.38453 84.124 5.6
    endloop
  endfacet
  facet normal 0.19495 0.980813 0
    outer loop
      vertex 7.02531 84.1954 5.6
      vertex 7.38453 84.124 0
      vertex 7.02531 84.1954 0
    endloop
  endfacet
  facet normal -0.321367 0.946955 0
    outer loop
      vertex 8.82151 84.3131 0
      vertex 8.47469 84.1954 5.6
      vertex 8.82151 84.3131 5.6
    endloop
  endfacet
  facet normal -0.321367 0.946955 0
    outer loop
      vertex 8.47469 84.1954 5.6
      vertex 8.82151 84.3131 0
      vertex 8.47469 84.1954 0
    endloop
  endfacet
  facet normal -0.946949 -0.321384 0
    outer loop
      vertex 10.4546 87.6247 0
      vertex 10.3369 87.9715 5.6
      vertex 10.3369 87.9715 0
    endloop
  endfacet
  facet normal -0.946949 -0.321384 0
    outer loop
      vertex 10.3369 87.9715 5.6
      vertex 10.4546 87.6247 0
      vertex 10.4546 87.6247 5.6
    endloop
  endfacet
  facet normal -0.659357 -0.75183 0
    outer loop
      vertex 9.45453 89.1214 0
      vertex 9.7299 88.8799 5.6
      vertex 9.45453 89.1214 5.6
    endloop
  endfacet
  facet normal -0.659357 -0.75183 -0
    outer loop
      vertex 9.7299 88.8799 5.6
      vertex 9.45453 89.1214 0
      vertex 9.7299 88.8799 0
    endloop
  endfacet
  facet normal -0.19495 -0.980813 0
    outer loop
      vertex 8.11547 89.676 0
      vertex 8.47469 89.6046 5.6
      vertex 8.11547 89.676 5.6
    endloop
  endfacet
  facet normal -0.19495 -0.980813 -0
    outer loop
      vertex 8.47469 89.6046 5.6
      vertex 8.11547 89.676 0
      vertex 8.47469 89.6046 0
    endloop
  endfacet
  facet normal -0.0655277 -0.997851 0
    outer loop
      vertex 7.75 89.7 0
      vertex 8.11547 89.676 5.6
      vertex 7.75 89.7 5.6
    endloop
  endfacet
  facet normal -0.0655277 -0.997851 -0
    outer loop
      vertex 8.11547 89.676 5.6
      vertex 7.75 89.7 0
      vertex 8.11547 89.676 0
    endloop
  endfacet
  facet normal -0.555607 -0.831445 0
    outer loop
      vertex 9.15 89.3249 0
      vertex 9.45453 89.1214 5.6
      vertex 9.15 89.3249 5.6
    endloop
  endfacet
  facet normal -0.555607 -0.831445 -0
    outer loop
      vertex 9.45453 89.1214 5.6
      vertex 9.15 89.3249 0
      vertex 9.45453 89.1214 0
    endloop
  endfacet
  facet normal -0.442303 -0.896866 0
    outer loop
      vertex 8.82151 89.4869 0
      vertex 9.15 89.3249 5.6
      vertex 8.82151 89.4869 5.6
    endloop
  endfacet
  facet normal -0.442303 -0.896866 -0
    outer loop
      vertex 9.15 89.3249 5.6
      vertex 8.82151 89.4869 0
      vertex 9.15 89.3249 0
    endloop
  endfacet
  facet normal 0.99786 0.0653864 0
    outer loop
      vertex 4.97395 86.5345 5.6
      vertex 4.95 86.9 0
      vertex 4.95 86.9 5.6
    endloop
  endfacet
  facet normal 0.99786 0.0653864 0
    outer loop
      vertex 4.95 86.9 0
      vertex 4.97395 86.5345 5.6
      vertex 4.97395 86.5345 0
    endloop
  endfacet
  facet normal 0.98078 -0.195118 0
    outer loop
      vertex 4.97395 87.2655 5.6
      vertex 5.04541 87.6247 0
      vertex 5.04541 87.6247 5.6
    endloop
  endfacet
  facet normal 0.98078 -0.195118 0
    outer loop
      vertex 5.04541 87.6247 0
      vertex 4.97395 87.2655 5.6
      vertex 4.97395 87.2655 0
    endloop
  endfacet
  facet normal 0.896882 -0.442271 0
    outer loop
      vertex 5.16314 87.9715 5.6
      vertex 5.32513 88.3 0
      vertex 5.32513 88.3 5.6
    endloop
  endfacet
  facet normal 0.896882 -0.442271 0
    outer loop
      vertex 5.32513 88.3 0
      vertex 5.16314 87.9715 5.6
      vertex 5.16314 87.9715 0
    endloop
  endfacet
  facet normal 0.19495 -0.980813 0
    outer loop
      vertex 7.02531 89.6046 0
      vertex 7.38453 89.676 5.6
      vertex 7.02531 89.6046 5.6
    endloop
  endfacet
  facet normal 0.19495 -0.980813 0
    outer loop
      vertex 7.38453 89.676 5.6
      vertex 7.02531 89.6046 0
      vertex 7.38453 89.676 0
    endloop
  endfacet
  facet normal 0.321367 -0.946955 0
    outer loop
      vertex 6.67849 89.4869 0
      vertex 7.02531 89.6046 5.6
      vertex 6.67849 89.4869 5.6
    endloop
  endfacet
  facet normal 0.321367 -0.946955 0
    outer loop
      vertex 7.02531 89.6046 5.6
      vertex 6.67849 89.4869 0
      vertex 7.02531 89.6046 0
    endloop
  endfacet
  facet normal 0.751879 -0.659301 0
    outer loop
      vertex 5.52861 88.6045 5.6
      vertex 5.7701 88.8799 0
      vertex 5.7701 88.8799 5.6
    endloop
  endfacet
  facet normal 0.751879 -0.659301 0
    outer loop
      vertex 5.7701 88.8799 0
      vertex 5.52861 88.6045 5.6
      vertex 5.52861 88.6045 0
    endloop
  endfacet
  facet normal -0.980811 0.194961 0
    outer loop
      vertex 10.4546 86.1753 0
      vertex 10.526 86.5345 5.6
      vertex 10.526 86.5345 0
    endloop
  endfacet
  facet normal -0.980811 0.194961 0
    outer loop
      vertex 10.526 86.5345 5.6
      vertex 10.4546 86.1753 0
      vertex 10.4546 86.1753 5.6
    endloop
  endfacet
  facet normal -0.831407 0.555664 0
    outer loop
      vertex 9.97139 85.1955 0
      vertex 10.1749 85.5 5.6
      vertex 10.1749 85.5 0
    endloop
  endfacet
  facet normal -0.831407 0.555664 0
    outer loop
      vertex 10.1749 85.5 5.6
      vertex 9.97139 85.1955 0
      vertex 9.97139 85.1955 5.6
    endloop
  endfacet
  facet normal -0.896871 0.442292 0
    outer loop
      vertex 10.1749 85.5 0
      vertex 10.3369 85.8285 5.6
      vertex 10.3369 85.8285 0
    endloop
  endfacet
  facet normal -0.896871 0.442292 0
    outer loop
      vertex 10.3369 85.8285 5.6
      vertex 10.1749 85.5 0
      vertex 10.1749 85.5 5.6
    endloop
  endfacet
  facet normal -0.19495 0.980813 0
    outer loop
      vertex 8.47469 84.1954 0
      vertex 8.11547 84.124 5.6
      vertex 8.47469 84.1954 5.6
    endloop
  endfacet
  facet normal -0.19495 0.980813 0
    outer loop
      vertex 8.11547 84.124 5.6
      vertex 8.47469 84.1954 0
      vertex 8.11547 84.124 0
    endloop
  endfacet
  facet normal -0.980811 -0.194961 0
    outer loop
      vertex 10.526 87.2655 0
      vertex 10.4546 87.6247 5.6
      vertex 10.4546 87.6247 0
    endloop
  endfacet
  facet normal -0.980811 -0.194961 0
    outer loop
      vertex 10.4546 87.6247 5.6
      vertex 10.526 87.2655 0
      vertex 10.526 87.2655 5.6
    endloop
  endfacet
  facet normal -0.751879 -0.659301 0
    outer loop
      vertex 9.97139 88.6045 0
      vertex 9.7299 88.8799 5.6
      vertex 9.7299 88.8799 0
    endloop
  endfacet
  facet normal -0.751879 -0.659301 0
    outer loop
      vertex 9.7299 88.8799 5.6
      vertex 9.97139 88.6045 0
      vertex 9.97139 88.6045 5.6
    endloop
  endfacet
  facet normal 0 0 -1
    outer loop
      vertex 10.526 86.5345 5.6
      vertex 9.13802 86.7173 5.6
      vertex 9.15 86.9 5.6
    endloop
  endfacet
  facet normal 0 0 -1
    outer loop
      vertex 9.45453 84.6786 5.6
      vertex 9.1023 86.5377 5.6
      vertex 9.13802 86.7173 5.6
    endloop
  endfacet
  facet normal 0 0 -1
    outer loop
      vertex 9.45453 84.6786 5.6
      vertex 9.04343 86.3642 5.6
      vertex 9.1023 86.5377 5.6
    endloop
  endfacet
  facet normal 0 0 -1
    outer loop
      vertex 9.45453 84.6786 5.6
      vertex 8.96243 86.2 5.6
      vertex 9.04343 86.3642 5.6
    endloop
  endfacet
  facet normal 0 0 -1
    outer loop
      vertex 9.45453 84.6786 5.6
      vertex 8.86069 86.0477 5.6
      vertex 8.96243 86.2 5.6
    endloop
  endfacet
  facet normal 0 0 -1
    outer loop
      vertex 8.45 85.6876 5.6
      vertex 9.15 84.4751 5.6
      vertex 8.82151 84.3131 5.6
    endloop
  endfacet
  facet normal 0 0 -1
    outer loop
      vertex 9.45453 84.6786 5.6
      vertex 8.73995 85.91 5.6
      vertex 8.86069 86.0477 5.6
    endloop
  endfacet
  facet normal 0 0 -1
    outer loop
      vertex 9.45453 84.6786 5.6
      vertex 8.60227 85.7893 5.6
      vertex 8.73995 85.91 5.6
    endloop
  endfacet
  facet normal 0 0 -1
    outer loop
      vertex 8.28576 85.6066 5.6
      vertex 8.82151 84.3131 5.6
      vertex 8.47469 84.1954 5.6
    endloop
  endfacet
  facet normal 0 0 -1
    outer loop
      vertex 9.15 84.4751 5.6
      vertex 8.45 85.6876 5.6
      vertex 8.60227 85.7893 5.6
    endloop
  endfacet
  facet normal 0 0 -1
    outer loop
      vertex 8.82151 84.3131 5.6
      vertex 8.28576 85.6066 5.6
      vertex 8.45 85.6876 5.6
    endloop
  endfacet
  facet normal 0 0 -1
    outer loop
      vertex 8.11235 85.5477 5.6
      vertex 8.47469 84.1954 5.6
      vertex 8.11547 84.124 5.6
    endloop
  endfacet
  facet normal 0 0 -1
    outer loop
      vertex 8.47469 84.1954 5.6
      vertex 8.11235 85.5477 5.6
      vertex 8.28576 85.6066 5.6
    endloop
  endfacet
  facet normal 0 0 -1
    outer loop
      vertex 8.11547 84.124 5.6
      vertex 7.93274 85.512 5.6
      vertex 8.11235 85.5477 5.6
    endloop
  endfacet
  facet normal 0 0 -1
    outer loop
      vertex 7.75 84.1 5.6
      vertex 7.93274 85.512 5.6
      vertex 8.11547 84.124 5.6
    endloop
  endfacet
  facet normal 0 0 -1
    outer loop
      vertex 7.75 84.1 5.6
      vertex 7.75 85.5 5.6
      vertex 7.93274 85.512 5.6
    endloop
  endfacet
  facet normal 0 0 -1
    outer loop
      vertex 7.75 84.1 5.6
      vertex 7.56726 85.512 5.6
      vertex 7.75 85.5 5.6
    endloop
  endfacet
  facet normal 0 0 -1
    outer loop
      vertex 7.38453 84.124 5.6
      vertex 7.56726 85.512 5.6
      vertex 7.75 84.1 5.6
    endloop
  endfacet
  facet normal -0 0 -1
    outer loop
      vertex 7.56726 85.512 5.6
      vertex 7.38453 84.124 5.6
      vertex 7.38765 85.5477 5.6
    endloop
  endfacet
  facet normal 0 0 -1
    outer loop
      vertex 7.02531 84.1954 5.6
      vertex 7.38765 85.5477 5.6
      vertex 7.38453 84.124 5.6
    endloop
  endfacet
  facet normal -0 0 -1
    outer loop
      vertex 7.38765 85.5477 5.6
      vertex 7.02531 84.1954 5.6
      vertex 7.21424 85.6066 5.6
    endloop
  endfacet
  facet normal 0 0 -1
    outer loop
      vertex 6.67849 84.3131 5.6
      vertex 7.21424 85.6066 5.6
      vertex 7.02531 84.1954 5.6
    endloop
  endfacet
  facet normal -0 0 -1
    outer loop
      vertex 7.21424 85.6066 5.6
      vertex 6.67849 84.3131 5.6
      vertex 7.05 85.6876 5.6
    endloop
  endfacet
  facet normal 0 0 -1
    outer loop
      vertex 6.35 84.4751 5.6
      vertex 7.05 85.6876 5.6
      vertex 6.67849 84.3131 5.6
    endloop
  endfacet
  facet normal -0 0 -1
    outer loop
      vertex 7.05 85.6876 5.6
      vertex 6.35 84.4751 5.6
      vertex 6.89773 85.7893 5.6
    endloop
  endfacet
  facet normal 0 0 -1
    outer loop
      vertex 6.04547 84.6786 5.6
      vertex 6.89773 85.7893 5.6
      vertex 6.35 84.4751 5.6
    endloop
  endfacet
  facet normal -0 0 -1
    outer loop
      vertex 6.89773 85.7893 5.6
      vertex 6.04547 84.6786 5.6
      vertex 6.76005 85.91 5.6
    endloop
  endfacet
  facet normal 0 0 -1
    outer loop
      vertex 5.7701 84.9201 5.6
      vertex 6.76005 85.91 5.6
      vertex 6.04547 84.6786 5.6
    endloop
  endfacet
  facet normal -0 0 -1
    outer loop
      vertex 6.76005 85.91 5.6
      vertex 5.7701 84.9201 5.6
      vertex 6.63931 86.0477 5.6
    endloop
  endfacet
  facet normal 0 0 -1
    outer loop
      vertex 5.52861 85.1955 5.6
      vertex 6.63931 86.0477 5.6
      vertex 5.7701 84.9201 5.6
    endloop
  endfacet
  facet normal -0 0 -1
    outer loop
      vertex 6.63931 86.0477 5.6
      vertex 5.52861 85.1955 5.6
      vertex 6.53756 86.2 5.6
    endloop
  endfacet
  facet normal 0 0 -1
    outer loop
      vertex 5.32513 85.5 5.6
      vertex 6.53756 86.2 5.6
      vertex 5.52861 85.1955 5.6
    endloop
  endfacet
  facet normal -0 0 -1
    outer loop
      vertex 6.53756 86.2 5.6
      vertex 5.32513 85.5 5.6
      vertex 6.45657 86.3642 5.6
    endloop
  endfacet
  facet normal 0 0 -1
    outer loop
      vertex 5.16314 85.8285 5.6
      vertex 6.45657 86.3642 5.6
      vertex 5.32513 85.5 5.6
    endloop
  endfacet
  facet normal 0 0 -1
    outer loop
      vertex 6.35 86.9 5.6
      vertex 6.04547 89.1214 5.6
      vertex 6.35 89.3249 5.6
    endloop
  endfacet
  facet normal -0 0 -1
    outer loop
      vertex 6.45657 86.3642 5.6
      vertex 5.16314 85.8285 5.6
      vertex 6.3977 86.5377 5.6
    endloop
  endfacet
  facet normal 0 0 -1
    outer loop
      vertex 6.35 86.9 5.6
      vertex 5.7701 88.8799 5.6
      vertex 6.04547 89.1214 5.6
    endloop
  endfacet
  facet normal 0 0 -1
    outer loop
      vertex 5.04541 86.1753 5.6
      vertex 6.3977 86.5377 5.6
      vertex 5.16314 85.8285 5.6
    endloop
  endfacet
  facet normal 0 0 -1
    outer loop
      vertex 6.35 86.9 5.6
      vertex 5.52861 88.6045 5.6
      vertex 5.7701 88.8799 5.6
    endloop
  endfacet
  facet normal -0 0 -1
    outer loop
      vertex 6.3977 86.5377 5.6
      vertex 5.04541 86.1753 5.6
      vertex 6.36198 86.7173 5.6
    endloop
  endfacet
  facet normal 0 0 -1
    outer loop
      vertex 6.35 86.9 5.6
      vertex 5.32513 88.3 5.6
      vertex 5.52861 88.6045 5.6
    endloop
  endfacet
  facet normal 0 0 -1
    outer loop
      vertex 4.97395 86.5345 5.6
      vertex 6.36198 86.7173 5.6
      vertex 5.04541 86.1753 5.6
    endloop
  endfacet
  facet normal 0 0 -1
    outer loop
      vertex 6.35 86.9 5.6
      vertex 5.16314 87.9715 5.6
      vertex 5.32513 88.3 5.6
    endloop
  endfacet
  facet normal -0 0 -1
    outer loop
      vertex 6.36198 86.7173 5.6
      vertex 4.97395 86.5345 5.6
      vertex 6.35 86.9 5.6
    endloop
  endfacet
  facet normal 0 0 -1
    outer loop
      vertex 6.35 86.9 5.6
      vertex 5.04541 87.6247 5.6
      vertex 5.16314 87.9715 5.6
    endloop
  endfacet
  facet normal 0 0 -1
    outer loop
      vertex 4.95 86.9 5.6
      vertex 6.35 86.9 5.6
      vertex 4.97395 86.5345 5.6
    endloop
  endfacet
  facet normal 0 0 -1
    outer loop
      vertex 6.35 86.9 5.6
      vertex 4.97395 87.2655 5.6
      vertex 5.04541 87.6247 5.6
    endloop
  endfacet
  facet normal 0 0 -1
    outer loop
      vertex 6.35 86.9 5.6
      vertex 4.95 86.9 5.6
      vertex 4.97395 87.2655 5.6
    endloop
  endfacet
  facet normal 0 0 -1
    outer loop
      vertex 9.15 86.9 5.6
      vertex 10.55 86.9 5.6
      vertex 10.526 86.5345 5.6
    endloop
  endfacet
  facet normal 0 0 -1
    outer loop
      vertex 9.13802 86.7173 5.6
      vertex 10.526 86.5345 5.6
      vertex 10.4546 86.1753 5.6
    endloop
  endfacet
  facet normal 0 0 -1
    outer loop
      vertex 10.55 86.9 5.6
      vertex 9.15 86.9 5.6
      vertex 10.526 87.2655 5.6
    endloop
  endfacet
  facet normal 0 0 -1
    outer loop
      vertex 9.13802 86.7173 5.6
      vertex 10.4546 86.1753 5.6
      vertex 10.3369 85.8285 5.6
    endloop
  endfacet
  facet normal 0 0 -1
    outer loop
      vertex 9.13802 87.0827 5.6
      vertex 10.526 87.2655 5.6
      vertex 9.15 86.9 5.6
    endloop
  endfacet
  facet normal 0 0 -1
    outer loop
      vertex 9.13802 86.7173 5.6
      vertex 10.3369 85.8285 5.6
      vertex 10.1749 85.5 5.6
    endloop
  endfacet
  facet normal -0 0 -1
    outer loop
      vertex 10.526 87.2655 5.6
      vertex 9.13802 87.0827 5.6
      vertex 10.4546 87.6247 5.6
    endloop
  endfacet
  facet normal 0 0 -1
    outer loop
      vertex 9.13802 86.7173 5.6
      vertex 10.1749 85.5 5.6
      vertex 9.97139 85.1955 5.6
    endloop
  endfacet
  facet normal 0 0 -1
    outer loop
      vertex 9.1023 87.2623 5.6
      vertex 10.4546 87.6247 5.6
      vertex 9.13802 87.0827 5.6
    endloop
  endfacet
  facet normal 0 0 -1
    outer loop
      vertex 9.13802 86.7173 5.6
      vertex 9.97139 85.1955 5.6
      vertex 9.7299 84.9201 5.6
    endloop
  endfacet
  facet normal -0 0 -1
    outer loop
      vertex 10.4546 87.6247 5.6
      vertex 9.1023 87.2623 5.6
      vertex 10.3369 87.9715 5.6
    endloop
  endfacet
  facet normal 0 0 -1
    outer loop
      vertex 9.13802 86.7173 5.6
      vertex 9.7299 84.9201 5.6
      vertex 9.45453 84.6786 5.6
    endloop
  endfacet
  facet normal 0 0 -1
    outer loop
      vertex 9.04343 87.4358 5.6
      vertex 10.3369 87.9715 5.6
      vertex 9.1023 87.2623 5.6
    endloop
  endfacet
  facet normal 0 0 -1
    outer loop
      vertex 8.60227 85.7893 5.6
      vertex 9.45453 84.6786 5.6
      vertex 9.15 84.4751 5.6
    endloop
  endfacet
  facet normal -0 0 -1
    outer loop
      vertex 10.3369 87.9715 5.6
      vertex 9.04343 87.4358 5.6
      vertex 10.1749 88.3 5.6
    endloop
  endfacet
  facet normal 0 0 -1
    outer loop
      vertex 8.96243 87.6 5.6
      vertex 10.1749 88.3 5.6
      vertex 9.04343 87.4358 5.6
    endloop
  endfacet
  facet normal -0 0 -1
    outer loop
      vertex 10.1749 88.3 5.6
      vertex 8.96243 87.6 5.6
      vertex 9.97139 88.6045 5.6
    endloop
  endfacet
  facet normal 0 0 -1
    outer loop
      vertex 8.86069 87.7523 5.6
      vertex 9.97139 88.6045 5.6
      vertex 8.96243 87.6 5.6
    endloop
  endfacet
  facet normal -0 0 -1
    outer loop
      vertex 9.97139 88.6045 5.6
      vertex 8.86069 87.7523 5.6
      vertex 9.7299 88.8799 5.6
    endloop
  endfacet
  facet normal 0 0 -1
    outer loop
      vertex 8.73995 87.8899 5.6
      vertex 9.7299 88.8799 5.6
      vertex 8.86069 87.7523 5.6
    endloop
  endfacet
  facet normal -0 0 -1
    outer loop
      vertex 9.7299 88.8799 5.6
      vertex 8.73995 87.8899 5.6
      vertex 9.45453 89.1214 5.6
    endloop
  endfacet
  facet normal 0 0 -1
    outer loop
      vertex 8.60227 88.0107 5.6
      vertex 9.45453 89.1214 5.6
      vertex 8.73995 87.8899 5.6
    endloop
  endfacet
  facet normal -0 0 -1
    outer loop
      vertex 9.45453 89.1214 5.6
      vertex 8.60227 88.0107 5.6
      vertex 9.15 89.3249 5.6
    endloop
  endfacet
  facet normal 0 0 -1
    outer loop
      vertex 8.45 88.1124 5.6
      vertex 9.15 89.3249 5.6
      vertex 8.60227 88.0107 5.6
    endloop
  endfacet
  facet normal -0 0 -1
    outer loop
      vertex 9.15 89.3249 5.6
      vertex 8.45 88.1124 5.6
      vertex 8.82151 89.4869 5.6
    endloop
  endfacet
  facet normal 0 0 -1
    outer loop
      vertex 8.28576 88.1934 5.6
      vertex 8.82151 89.4869 5.6
      vertex 8.45 88.1124 5.6
    endloop
  endfacet
  facet normal -0 0 -1
    outer loop
      vertex 8.82151 89.4869 5.6
      vertex 8.28576 88.1934 5.6
      vertex 8.47469 89.6046 5.6
    endloop
  endfacet
  facet normal 0 0 -1
    outer loop
      vertex 8.11235 88.2523 5.6
      vertex 8.47469 89.6046 5.6
      vertex 8.28576 88.1934 5.6
    endloop
  endfacet
  facet normal -0 0 -1
    outer loop
      vertex 8.47469 89.6046 5.6
      vertex 8.11235 88.2523 5.6
      vertex 8.11547 89.676 5.6
    endloop
  endfacet
  facet normal 0 0 -1
    outer loop
      vertex 7.93274 88.288 5.6
      vertex 8.11547 89.676 5.6
      vertex 8.11235 88.2523 5.6
    endloop
  endfacet
  facet normal 0 0 -1
    outer loop
      vertex 7.75 88.3 5.6
      vertex 8.11547 89.676 5.6
      vertex 7.93274 88.288 5.6
    endloop
  endfacet
  facet normal 0 0 -1
    outer loop
      vertex 7.75 88.3 5.6
      vertex 7.75 89.7 5.6
      vertex 8.11547 89.676 5.6
    endloop
  endfacet
  facet normal 0 0 -1
    outer loop
      vertex 7.56726 88.288 5.6
      vertex 7.75 89.7 5.6
      vertex 7.75 88.3 5.6
    endloop
  endfacet
  facet normal 0 0 -1
    outer loop
      vertex 7.38453 89.676 5.6
      vertex 7.56726 88.288 5.6
      vertex 7.38765 88.2523 5.6
    endloop
  endfacet
  facet normal 0 0 -1
    outer loop
      vertex 7.56726 88.288 5.6
      vertex 7.38453 89.676 5.6
      vertex 7.75 89.7 5.6
    endloop
  endfacet
  facet normal 0 0 -1
    outer loop
      vertex 7.02531 89.6046 5.6
      vertex 7.38765 88.2523 5.6
      vertex 7.21424 88.1934 5.6
    endloop
  endfacet
  facet normal 0 0 -1
    outer loop
      vertex 6.67849 89.4869 5.6
      vertex 7.21424 88.1934 5.6
      vertex 7.05 88.1124 5.6
    endloop
  endfacet
  facet normal 0 0 -1
    outer loop
      vertex 7.38765 88.2523 5.6
      vertex 7.02531 89.6046 5.6
      vertex 7.38453 89.676 5.6
    endloop
  endfacet
  facet normal 0 0 -1
    outer loop
      vertex 6.35 89.3249 5.6
      vertex 7.05 88.1124 5.6
      vertex 6.89773 88.0107 5.6
    endloop
  endfacet
  facet normal 0 0 -1
    outer loop
      vertex 6.35 89.3249 5.6
      vertex 6.89773 88.0107 5.6
      vertex 6.76005 87.8899 5.6
    endloop
  endfacet
  facet normal 0 0 -1
    outer loop
      vertex 7.21424 88.1934 5.6
      vertex 6.67849 89.4869 5.6
      vertex 7.02531 89.6046 5.6
    endloop
  endfacet
  facet normal 0 0 -1
    outer loop
      vertex 6.35 89.3249 5.6
      vertex 6.76005 87.8899 5.6
      vertex 6.63931 87.7523 5.6
    endloop
  endfacet
  facet normal 0 0 -1
    outer loop
      vertex 6.35 89.3249 5.6
      vertex 6.63931 87.7523 5.6
      vertex 6.53756 87.6 5.6
    endloop
  endfacet
  facet normal 0 0 -1
    outer loop
      vertex 6.35 89.3249 5.6
      vertex 6.53756 87.6 5.6
      vertex 6.45657 87.4358 5.6
    endloop
  endfacet
  facet normal 0 0 -1
    outer loop
      vertex 6.35 89.3249 5.6
      vertex 6.45657 87.4358 5.6
      vertex 6.3977 87.2623 5.6
    endloop
  endfacet
  facet normal 0 0 -1
    outer loop
      vertex 6.35 89.3249 5.6
      vertex 6.3977 87.2623 5.6
      vertex 6.36198 87.0827 5.6
    endloop
  endfacet
  facet normal 0 0 -1
    outer loop
      vertex 7.05 88.1124 5.6
      vertex 6.35 89.3249 5.6
      vertex 6.67849 89.4869 5.6
    endloop
  endfacet
  facet normal 0 0 -1
    outer loop
      vertex 6.35 89.3249 5.6
      vertex 6.36198 87.0827 5.6
      vertex 6.35 86.9 5.6
    endloop
  endfacet
  facet normal -0.0655277 0.997851 0
    outer loop
      vertex 8.11547 84.124 0
      vertex 7.75 84.1 5.6
      vertex 8.11547 84.124 5.6
    endloop
  endfacet
  facet normal -0.0655277 0.997851 0
    outer loop
      vertex 7.75 84.1 5.6
      vertex 8.11547 84.124 0
      vertex 7.75 84.1 0
    endloop
  endfacet
  facet normal 0.98078 0.195118 0
    outer loop
      vertex 5.04541 86.1753 5.6
      vertex 4.97395 86.5345 0
      vertex 4.97395 86.5345 5.6
    endloop
  endfacet
  facet normal 0.98078 0.195118 0
    outer loop
      vertex 4.97395 86.5345 0
      vertex 5.04541 86.1753 5.6
      vertex 5.04541 86.1753 0
    endloop
  endfacet
  facet normal 0.896882 0.442271 0
    outer loop
      vertex 5.32513 85.5 5.6
      vertex 5.16314 85.8285 0
      vertex 5.16314 85.8285 5.6
    endloop
  endfacet
  facet normal 0.896882 0.442271 0
    outer loop
      vertex 5.16314 85.8285 0
      vertex 5.32513 85.5 5.6
      vertex 5.32513 85.5 0
    endloop
  endfacet
  facet normal 0.831445 0.555607 0
    outer loop
      vertex 5.52861 85.1955 5.6
      vertex 5.32513 85.5 0
      vertex 5.32513 85.5 5.6
    endloop
  endfacet
  facet normal 0.831445 0.555607 0
    outer loop
      vertex 5.32513 85.5 0
      vertex 5.52861 85.1955 5.6
      vertex 5.52861 85.1955 0
    endloop
  endfacet
  facet normal -0.659357 0.75183 0
    outer loop
      vertex 9.7299 84.9201 0
      vertex 9.45453 84.6786 5.6
      vertex 9.7299 84.9201 5.6
    endloop
  endfacet
  facet normal -0.659357 0.75183 0
    outer loop
      vertex 9.45453 84.6786 5.6
      vertex 9.7299 84.9201 0
      vertex 9.45453 84.6786 0
    endloop
  endfacet
  facet normal 0.321367 0.946955 -0
    outer loop
      vertex 7.02531 84.1954 0
      vertex 6.67849 84.3131 5.6
      vertex 7.02531 84.1954 5.6
    endloop
  endfacet
  facet normal 0.321367 0.946955 0
    outer loop
      vertex 6.67849 84.3131 5.6
      vertex 7.02531 84.1954 0
      vertex 6.67849 84.3131 0
    endloop
  endfacet
  facet normal 0.555607 0.831445 -0
    outer loop
      vertex 6.35 84.4751 0
      vertex 6.04547 84.6786 5.6
      vertex 6.35 84.4751 5.6
    endloop
  endfacet
  facet normal 0.555607 0.831445 0
    outer loop
      vertex 6.04547 84.6786 5.6
      vertex 6.35 84.4751 0
      vertex 6.04547 84.6786 0
    endloop
  endfacet
  facet normal 0.0655277 0.997851 -0
    outer loop
      vertex 7.75 84.1 0
      vertex 7.38453 84.124 5.6
      vertex 7.75 84.1 5.6
    endloop
  endfacet
  facet normal 0.0655277 0.997851 0
    outer loop
      vertex 7.38453 84.124 5.6
      vertex 7.75 84.1 0
      vertex 7.38453 84.124 0
    endloop
  endfacet
  facet normal 0.946924 0.321457 0
    outer loop
      vertex 5.16314 85.8285 5.6
      vertex 5.04541 86.1753 0
      vertex 5.04541 86.1753 5.6
    endloop
  endfacet
  facet normal 0.946924 0.321457 0
    outer loop
      vertex 5.04541 86.1753 0
      vertex 5.16314 85.8285 5.6
      vertex 5.16314 85.8285 0
    endloop
  endfacet
  facet normal 0.659357 0.75183 -0
    outer loop
      vertex 6.04547 84.6786 0
      vertex 5.7701 84.9201 5.6
      vertex 6.04547 84.6786 5.6
    endloop
  endfacet
  facet normal 0.659357 0.75183 0
    outer loop
      vertex 5.7701 84.9201 5.6
      vertex 6.04547 84.6786 0
      vertex 5.7701 84.9201 0
    endloop
  endfacet
  facet normal 0.751879 0.659301 0
    outer loop
      vertex 5.7701 84.9201 5.6
      vertex 5.52861 85.1955 0
      vertex 5.52861 85.1955 5.6
    endloop
  endfacet
  facet normal 0.751879 0.659301 0
    outer loop
      vertex 5.52861 85.1955 0
      vertex 5.7701 84.9201 5.6
      vertex 5.7701 84.9201 0
    endloop
  endfacet
  facet normal -0.751879 0.659301 0
    outer loop
      vertex 9.7299 84.9201 0
      vertex 9.97139 85.1955 5.6
      vertex 9.97139 85.1955 0
    endloop
  endfacet
  facet normal -0.751879 0.659301 0
    outer loop
      vertex 9.97139 85.1955 5.6
      vertex 9.7299 84.9201 0
      vertex 9.7299 84.9201 5.6
    endloop
  endfacet
  facet normal 0.442303 0.896866 -0
    outer loop
      vertex 6.67849 84.3131 0
      vertex 6.35 84.4751 5.6
      vertex 6.67849 84.3131 5.6
    endloop
  endfacet
  facet normal 0.442303 0.896866 0
    outer loop
      vertex 6.35 84.4751 5.6
      vertex 6.67849 84.3131 0
      vertex 6.35 84.4751 0
    endloop
  endfacet
  facet normal -0.997857 -0.0654315 0
    outer loop
      vertex 9.15 86.9 5.6
      vertex 9.13802 87.0827 6.8
      vertex 9.13802 87.0827 5.6
    endloop
  endfacet
  facet normal -0.997857 -0.0654315 0
    outer loop
      vertex 9.13802 87.0827 6.8
      vertex 9.15 86.9 5.6
      vertex 9.15 86.9 6.8
    endloop
  endfacet
  facet normal 0.0655259 -0.997851 0
    outer loop
      vertex 7.56726 88.288 5.6
      vertex 7.75 88.3 6.8
      vertex 7.56726 88.288 6.8
    endloop
  endfacet
  facet normal 0.0655259 -0.997851 0
    outer loop
      vertex 7.75 88.3 6.8
      vertex 7.56726 88.288 5.6
      vertex 7.75 88.3 5.6
    endloop
  endfacet
  facet normal -0.659524 -0.751683 0
    outer loop
      vertex 8.60227 88.0107 5.6
      vertex 8.73995 87.8899 6.8
      vertex 8.60227 88.0107 6.8
    endloop
  endfacet
  facet normal -0.659524 -0.751683 -0
    outer loop
      vertex 8.73995 87.8899 6.8
      vertex 8.60227 88.0107 5.6
      vertex 8.73995 87.8899 5.6
    endloop
  endfacet
  facet normal 0.751656 -0.659556 0
    outer loop
      vertex 6.63931 87.7523 6.8
      vertex 6.76005 87.8899 5.6
      vertex 6.76005 87.8899 6.8
    endloop
  endfacet
  facet normal 0.751656 -0.659556 0
    outer loop
      vertex 6.76005 87.8899 5.6
      vertex 6.63931 87.7523 6.8
      vertex 6.63931 87.7523 5.6
    endloop
  endfacet
  facet normal 0.442314 -0.89686 0
    outer loop
      vertex 7.05 88.1124 5.6
      vertex 7.21424 88.1934 6.8
      vertex 7.05 88.1124 6.8
    endloop
  endfacet
  facet normal 0.442314 -0.89686 0
    outer loop
      vertex 7.21424 88.1934 6.8
      vertex 7.05 88.1124 5.6
      vertex 7.21424 88.1934 5.6
    endloop
  endfacet
  facet normal -0.896817 -0.442401 0
    outer loop
      vertex 9.04343 87.4358 5.6
      vertex 8.96243 87.6 6.8
      vertex 8.96243 87.6 5.6
    endloop
  endfacet
  facet normal -0.896817 -0.442401 0
    outer loop
      vertex 8.96243 87.6 6.8
      vertex 9.04343 87.4358 5.6
      vertex 9.04343 87.4358 6.8
    endloop
  endfacet
  facet normal -0.321612 -0.946872 0
    outer loop
      vertex 8.11235 88.2523 5.6
      vertex 8.28576 88.1934 6.8
      vertex 8.11235 88.2523 6.8
    endloop
  endfacet
  facet normal -0.321612 -0.946872 -0
    outer loop
      vertex 8.28576 88.1934 6.8
      vertex 8.11235 88.2523 5.6
      vertex 8.28576 88.1934 5.6
    endloop
  endfacet
  facet normal -0.442314 -0.89686 0
    outer loop
      vertex 8.28576 88.1934 5.6
      vertex 8.45 88.1124 6.8
      vertex 8.28576 88.1934 6.8
    endloop
  endfacet
  facet normal -0.442314 -0.89686 -0
    outer loop
      vertex 8.45 88.1124 6.8
      vertex 8.28576 88.1934 5.6
      vertex 8.45 88.1124 5.6
    endloop
  endfacet
  facet normal 0.946972 -0.321316 0
    outer loop
      vertex 6.3977 87.2623 6.8
      vertex 6.45657 87.4358 5.6
      vertex 6.45657 87.4358 6.8
    endloop
  endfacet
  facet normal 0.946972 -0.321316 0
    outer loop
      vertex 6.45657 87.4358 5.6
      vertex 6.3977 87.2623 6.8
      vertex 6.3977 87.2623 5.6
    endloop
  endfacet
  facet normal 0.321612 -0.946872 0
    outer loop
      vertex 7.21424 88.1934 5.6
      vertex 7.38765 88.2523 6.8
      vertex 7.21424 88.1934 6.8
    endloop
  endfacet
  facet normal 0.321612 -0.946872 0
    outer loop
      vertex 7.38765 88.2523 6.8
      vertex 7.21424 88.1934 5.6
      vertex 7.38765 88.2523 5.6
    endloop
  endfacet
  facet normal -0.946972 -0.321316 0
    outer loop
      vertex 9.1023 87.2623 5.6
      vertex 9.04343 87.4358 6.8
      vertex 9.04343 87.4358 5.6
    endloop
  endfacet
  facet normal -0.946972 -0.321316 0
    outer loop
      vertex 9.04343 87.4358 6.8
      vertex 9.1023 87.2623 5.6
      vertex 9.1023 87.2623 6.8
    endloop
  endfacet
  facet normal -0.98079 -0.195066 0
    outer loop
      vertex 9.13802 87.0827 5.6
      vertex 9.1023 87.2623 6.8
      vertex 9.1023 87.2623 5.6
    endloop
  endfacet
  facet normal -0.98079 -0.195066 0
    outer loop
      vertex 9.1023 87.2623 6.8
      vertex 9.13802 87.0827 5.6
      vertex 9.13802 87.0827 6.8
    endloop
  endfacet
  facet normal -0.751656 -0.659556 0
    outer loop
      vertex 8.86069 87.7523 5.6
      vertex 8.73995 87.8899 6.8
      vertex 8.73995 87.8899 5.6
    endloop
  endfacet
  facet normal -0.751656 -0.659556 0
    outer loop
      vertex 8.73995 87.8899 6.8
      vertex 8.86069 87.7523 5.6
      vertex 8.86069 87.7523 6.8
    endloop
  endfacet
  facet normal -0.831529 -0.555481 0
    outer loop
      vertex 8.96243 87.6 5.6
      vertex 8.86069 87.7523 6.8
      vertex 8.86069 87.7523 5.6
    endloop
  endfacet
  facet normal -0.831529 -0.555481 0
    outer loop
      vertex 8.86069 87.7523 6.8
      vertex 8.96243 87.6 5.6
      vertex 8.96243 87.6 6.8
    endloop
  endfacet
  facet normal -0.19495 -0.980813 0
    outer loop
      vertex 7.93274 88.288 5.6
      vertex 8.11235 88.2523 6.8
      vertex 7.93274 88.288 6.8
    endloop
  endfacet
  facet normal -0.19495 -0.980813 -0
    outer loop
      vertex 8.11235 88.2523 6.8
      vertex 7.93274 88.288 5.6
      vertex 8.11235 88.2523 5.6
    endloop
  endfacet
  facet normal -0.0655259 -0.997851 0
    outer loop
      vertex 7.75 88.3 5.6
      vertex 7.93274 88.288 6.8
      vertex 7.75 88.3 6.8
    endloop
  endfacet
  facet normal -0.0655259 -0.997851 -0
    outer loop
      vertex 7.93274 88.288 6.8
      vertex 7.75 88.3 5.6
      vertex 7.93274 88.288 5.6
    endloop
  endfacet
  facet normal -0.555406 -0.831579 0
    outer loop
      vertex 8.45 88.1124 5.6
      vertex 8.60227 88.0107 6.8
      vertex 8.45 88.1124 6.8
    endloop
  endfacet
  facet normal -0.555406 -0.831579 -0
    outer loop
      vertex 8.60227 88.0107 6.8
      vertex 8.45 88.1124 5.6
      vertex 8.60227 88.0107 5.6
    endloop
  endfacet
  facet normal 0.896839 -0.442357 0
    outer loop
      vertex 6.45657 87.4358 6.8
      vertex 6.53756 87.6 5.6
      vertex 6.53756 87.6 6.8
    endloop
  endfacet
  facet normal 0.896839 -0.442357 0
    outer loop
      vertex 6.53756 87.6 5.6
      vertex 6.45657 87.4358 6.8
      vertex 6.45657 87.4358 5.6
    endloop
  endfacet
  facet normal 0.831504 -0.555519 0
    outer loop
      vertex 6.53756 87.6 6.8
      vertex 6.63931 87.7523 5.6
      vertex 6.63931 87.7523 6.8
    endloop
  endfacet
  facet normal 0.831504 -0.555519 0
    outer loop
      vertex 6.63931 87.7523 5.6
      vertex 6.53756 87.6 6.8
      vertex 6.53756 87.6 5.6
    endloop
  endfacet
  facet normal 0.98079 -0.195066 0
    outer loop
      vertex 6.36198 87.0827 6.8
      vertex 6.3977 87.2623 5.6
      vertex 6.3977 87.2623 6.8
    endloop
  endfacet
  facet normal 0.98079 -0.195066 0
    outer loop
      vertex 6.3977 87.2623 5.6
      vertex 6.36198 87.0827 6.8
      vertex 6.36198 87.0827 5.6
    endloop
  endfacet
  facet normal 0.997857 -0.0654315 0
    outer loop
      vertex 6.35 86.9 6.8
      vertex 6.36198 87.0827 5.6
      vertex 6.36198 87.0827 6.8
    endloop
  endfacet
  facet normal 0.997857 -0.0654315 0
    outer loop
      vertex 6.36198 87.0827 5.6
      vertex 6.35 86.9 6.8
      vertex 6.35 86.9 5.6
    endloop
  endfacet
  facet normal 0.997857 0.0654315 0
    outer loop
      vertex 6.36198 86.7173 6.8
      vertex 6.35 86.9 5.6
      vertex 6.35 86.9 6.8
    endloop
  endfacet
  facet normal 0.997857 0.0654315 0
    outer loop
      vertex 6.35 86.9 5.6
      vertex 6.36198 86.7173 6.8
      vertex 6.36198 86.7173 5.6
    endloop
  endfacet
  facet normal 0.555406 -0.831579 0
    outer loop
      vertex 6.89773 88.0107 5.6
      vertex 7.05 88.1124 6.8
      vertex 6.89773 88.0107 6.8
    endloop
  endfacet
  facet normal 0.555406 -0.831579 0
    outer loop
      vertex 7.05 88.1124 6.8
      vertex 6.89773 88.0107 5.6
      vertex 7.05 88.1124 5.6
    endloop
  endfacet
  facet normal 0.659524 -0.751683 0
    outer loop
      vertex 6.76005 87.8899 5.6
      vertex 6.89773 88.0107 6.8
      vertex 6.76005 87.8899 6.8
    endloop
  endfacet
  facet normal 0.659524 -0.751683 0
    outer loop
      vertex 6.89773 88.0107 6.8
      vertex 6.76005 87.8899 5.6
      vertex 6.89773 88.0107 5.6
    endloop
  endfacet
  facet normal 0.19495 -0.980813 0
    outer loop
      vertex 7.38765 88.2523 5.6
      vertex 7.56726 88.288 6.8
      vertex 7.38765 88.2523 6.8
    endloop
  endfacet
  facet normal 0.19495 -0.980813 0
    outer loop
      vertex 7.56726 88.288 6.8
      vertex 7.38765 88.2523 5.6
      vertex 7.56726 88.288 5.6
    endloop
  endfacet
  facet normal -0.19495 0.980813 0
    outer loop
      vertex 8.11235 85.5477 5.6
      vertex 7.93274 85.512 6.8
      vertex 8.11235 85.5477 6.8
    endloop
  endfacet
  facet normal -0.19495 0.980813 0
    outer loop
      vertex 7.93274 85.512 6.8
      vertex 8.11235 85.5477 5.6
      vertex 7.93274 85.512 5.6
    endloop
  endfacet
  facet normal -0.442314 0.89686 0
    outer loop
      vertex 8.45 85.6876 5.6
      vertex 8.28576 85.6066 6.8
      vertex 8.45 85.6876 6.8
    endloop
  endfacet
  facet normal -0.442314 0.89686 0
    outer loop
      vertex 8.28576 85.6066 6.8
      vertex 8.45 85.6876 5.6
      vertex 8.28576 85.6066 5.6
    endloop
  endfacet
  facet normal -0.751893 0.659285 0
    outer loop
      vertex 8.73995 85.91 5.6
      vertex 8.86069 86.0477 6.8
      vertex 8.86069 86.0477 5.6
    endloop
  endfacet
  facet normal -0.751893 0.659285 0
    outer loop
      vertex 8.86069 86.0477 6.8
      vertex 8.73995 85.91 5.6
      vertex 8.73995 85.91 6.8
    endloop
  endfacet
  facet normal -0.555406 0.831579 0
    outer loop
      vertex 8.60227 85.7893 5.6
      vertex 8.45 85.6876 6.8
      vertex 8.60227 85.7893 6.8
    endloop
  endfacet
  facet normal -0.555406 0.831579 0
    outer loop
      vertex 8.45 85.6876 6.8
      vertex 8.60227 85.7893 5.6
      vertex 8.45 85.6876 5.6
    endloop
  endfacet
  facet normal -0.946972 0.321316 0
    outer loop
      vertex 9.04343 86.3642 5.6
      vertex 9.1023 86.5377 6.8
      vertex 9.1023 86.5377 5.6
    endloop
  endfacet
  facet normal -0.946972 0.321316 0
    outer loop
      vertex 9.1023 86.5377 6.8
      vertex 9.04343 86.3642 5.6
      vertex 9.04343 86.3642 6.8
    endloop
  endfacet
  facet normal -0.831529 0.555481 0
    outer loop
      vertex 8.86069 86.0477 5.6
      vertex 8.96243 86.2 6.8
      vertex 8.96243 86.2 5.6
    endloop
  endfacet
  facet normal -0.831529 0.555481 0
    outer loop
      vertex 8.96243 86.2 6.8
      vertex 8.86069 86.0477 5.6
      vertex 8.86069 86.0477 6.8
    endloop
  endfacet
  facet normal 0.555406 0.831579 -0
    outer loop
      vertex 7.05 85.6876 5.6
      vertex 6.89773 85.7893 6.8
      vertex 7.05 85.6876 6.8
    endloop
  endfacet
  facet normal 0.555406 0.831579 0
    outer loop
      vertex 6.89773 85.7893 6.8
      vertex 7.05 85.6876 5.6
      vertex 6.89773 85.7893 5.6
    endloop
  endfacet
  facet normal 0.321612 0.946872 -0
    outer loop
      vertex 7.38765 85.5477 5.6
      vertex 7.21424 85.6066 6.8
      vertex 7.38765 85.5477 6.8
    endloop
  endfacet
  facet normal 0.321612 0.946872 0
    outer loop
      vertex 7.21424 85.6066 6.8
      vertex 7.38765 85.5477 5.6
      vertex 7.21424 85.6066 5.6
    endloop
  endfacet
  facet normal 0.19495 0.980813 -0
    outer loop
      vertex 7.56726 85.512 5.6
      vertex 7.38765 85.5477 6.8
      vertex 7.56726 85.512 6.8
    endloop
  endfacet
  facet normal 0.19495 0.980813 0
    outer loop
      vertex 7.38765 85.5477 6.8
      vertex 7.56726 85.512 5.6
      vertex 7.38765 85.5477 5.6
    endloop
  endfacet
  facet normal -0.0655259 0.997851 0
    outer loop
      vertex 7.93274 85.512 5.6
      vertex 7.75 85.5 6.8
      vertex 7.93274 85.512 6.8
    endloop
  endfacet
  facet normal -0.0655259 0.997851 0
    outer loop
      vertex 7.75 85.5 6.8
      vertex 7.93274 85.512 5.6
      vertex 7.75 85.5 5.6
    endloop
  endfacet
  facet normal 0.831504 0.555519 0
    outer loop
      vertex 6.63931 86.0477 6.8
      vertex 6.53756 86.2 5.6
      vertex 6.53756 86.2 6.8
    endloop
  endfacet
  facet normal 0.831504 0.555519 0
    outer loop
      vertex 6.53756 86.2 5.6
      vertex 6.63931 86.0477 6.8
      vertex 6.63931 86.0477 5.6
    endloop
  endfacet
  facet normal 0.659216 0.751954 -0
    outer loop
      vertex 6.89773 85.7893 5.6
      vertex 6.76005 85.91 6.8
      vertex 6.89773 85.7893 6.8
    endloop
  endfacet
  facet normal 0.659216 0.751954 0
    outer loop
      vertex 6.76005 85.91 6.8
      vertex 6.89773 85.7893 5.6
      vertex 6.76005 85.91 5.6
    endloop
  endfacet
  facet normal 0.896839 0.442357 0
    outer loop
      vertex 6.53756 86.2 6.8
      vertex 6.45657 86.3642 5.6
      vertex 6.45657 86.3642 6.8
    endloop
  endfacet
  facet normal 0.896839 0.442357 0
    outer loop
      vertex 6.45657 86.3642 5.6
      vertex 6.53756 86.2 6.8
      vertex 6.53756 86.2 5.6
    endloop
  endfacet
  facet normal 0.98079 0.195066 0
    outer loop
      vertex 6.3977 86.5377 6.8
      vertex 6.36198 86.7173 5.6
      vertex 6.36198 86.7173 6.8
    endloop
  endfacet
  facet normal 0.98079 0.195066 0
    outer loop
      vertex 6.36198 86.7173 5.6
      vertex 6.3977 86.5377 6.8
      vertex 6.3977 86.5377 5.6
    endloop
  endfacet
  facet normal -0.321612 0.946872 0
    outer loop
      vertex 8.28576 85.6066 5.6
      vertex 8.11235 85.5477 6.8
      vertex 8.28576 85.6066 6.8
    endloop
  endfacet
  facet normal -0.321612 0.946872 0
    outer loop
      vertex 8.11235 85.5477 6.8
      vertex 8.28576 85.6066 5.6
      vertex 8.11235 85.5477 5.6
    endloop
  endfacet
  facet normal -0.659216 0.751954 0
    outer loop
      vertex 8.73995 85.91 5.6
      vertex 8.60227 85.7893 6.8
      vertex 8.73995 85.91 6.8
    endloop
  endfacet
  facet normal -0.659216 0.751954 0
    outer loop
      vertex 8.60227 85.7893 6.8
      vertex 8.73995 85.91 5.6
      vertex 8.60227 85.7893 5.6
    endloop
  endfacet
  facet normal -0.98079 0.195066 0
    outer loop
      vertex 9.1023 86.5377 5.6
      vertex 9.13802 86.7173 6.8
      vertex 9.13802 86.7173 5.6
    endloop
  endfacet
  facet normal -0.98079 0.195066 0
    outer loop
      vertex 9.13802 86.7173 6.8
      vertex 9.1023 86.5377 5.6
      vertex 9.1023 86.5377 6.8
    endloop
  endfacet
  facet normal -0.896817 0.442401 0
    outer loop
      vertex 8.96243 86.2 5.6
      vertex 9.04343 86.3642 6.8
      vertex 9.04343 86.3642 5.6
    endloop
  endfacet
  facet normal -0.896817 0.442401 0
    outer loop
      vertex 9.04343 86.3642 6.8
      vertex 8.96243 86.2 5.6
      vertex 8.96243 86.2 6.8
    endloop
  endfacet
  facet normal 0.442314 0.89686 -0
    outer loop
      vertex 7.21424 85.6066 5.6
      vertex 7.05 85.6876 6.8
      vertex 7.21424 85.6066 6.8
    endloop
  endfacet
  facet normal 0.442314 0.89686 0
    outer loop
      vertex 7.05 85.6876 6.8
      vertex 7.21424 85.6066 5.6
      vertex 7.05 85.6876 5.6
    endloop
  endfacet
  facet normal 0.0655259 0.997851 -0
    outer loop
      vertex 7.75 85.5 5.6
      vertex 7.56726 85.512 6.8
      vertex 7.75 85.5 6.8
    endloop
  endfacet
  facet normal 0.0655259 0.997851 0
    outer loop
      vertex 7.56726 85.512 6.8
      vertex 7.75 85.5 5.6
      vertex 7.56726 85.512 5.6
    endloop
  endfacet
  facet normal 0.751893 0.659285 0
    outer loop
      vertex 6.76005 85.91 6.8
      vertex 6.63931 86.0477 5.6
      vertex 6.63931 86.0477 6.8
    endloop
  endfacet
  facet normal 0.751893 0.659285 0
    outer loop
      vertex 6.63931 86.0477 5.6
      vertex 6.76005 85.91 6.8
      vertex 6.76005 85.91 5.6
    endloop
  endfacet
  facet normal 0.946972 0.321316 0
    outer loop
      vertex 6.45657 86.3642 6.8
      vertex 6.3977 86.5377 5.6
      vertex 6.3977 86.5377 6.8
    endloop
  endfacet
  facet normal 0.946972 0.321316 0
    outer loop
      vertex 6.3977 86.5377 5.6
      vertex 6.45657 86.3642 6.8
      vertex 6.45657 86.3642 5.6
    endloop
  endfacet
  facet normal -0.997857 0.0654315 0
    outer loop
      vertex 9.13802 86.7173 5.6
      vertex 9.15 86.9 6.8
      vertex 9.15 86.9 5.6
    endloop
  endfacet
  facet normal -0.997857 0.0654315 0
    outer loop
      vertex 9.15 86.9 6.8
      vertex 9.13802 86.7173 5.6
      vertex 9.13802 86.7173 6.8
    endloop
  endfacet
  facet normal -0.997851 -0.0655224 0
    outer loop
      vertex 59.55 28.9 0
      vertex 59.526 29.2655 5.6
      vertex 59.526 29.2655 0
    endloop
  endfacet
  facet normal -0.997851 -0.0655224 0
    outer loop
      vertex 59.526 29.2655 5.6
      vertex 59.55 28.9 0
      vertex 59.55 28.9 5.6
    endloop
  endfacet
  facet normal 0.0655224 -0.997851 0
    outer loop
      vertex 56.3845 31.676 0
      vertex 56.75 31.7 5.6
      vertex 56.3845 31.676 5.6
    endloop
  endfacet
  facet normal 0.0655224 -0.997851 0
    outer loop
      vertex 56.75 31.7 5.6
      vertex 56.3845 31.676 0
      vertex 56.75 31.7 0
    endloop
  endfacet
  facet normal -0.0655224 0.997851 0
    outer loop
      vertex 57.1155 26.124 0
      vertex 56.75 26.1 5.6
      vertex 57.1155 26.124 5.6
    endloop
  endfacet
  facet normal -0.0655224 0.997851 0
    outer loop
      vertex 56.75 26.1 5.6
      vertex 57.1155 26.124 0
      vertex 56.75 26.1 0
    endloop
  endfacet
  facet normal -0.751866 0.659316 0
    outer loop
      vertex 58.7299 26.9201 0
      vertex 58.9714 27.1955 5.6
      vertex 58.9714 27.1955 0
    endloop
  endfacet
  facet normal -0.751866 0.659316 0
    outer loop
      vertex 58.9714 27.1955 5.6
      vertex 58.7299 26.9201 0
      vertex 58.7299 26.9201 5.6
    endloop
  endfacet
  facet normal -0.659316 -0.751866 0
    outer loop
      vertex 58.4545 31.1214 0
      vertex 58.7299 30.8799 5.6
      vertex 58.4545 31.1214 5.6
    endloop
  endfacet
  facet normal -0.659316 -0.751866 -0
    outer loop
      vertex 58.7299 30.8799 5.6
      vertex 58.4545 31.1214 0
      vertex 58.7299 30.8799 0
    endloop
  endfacet
  facet normal 0.751866 -0.659316 0
    outer loop
      vertex 54.5286 30.6045 5.6
      vertex 54.7701 30.8799 0
      vertex 54.7701 30.8799 5.6
    endloop
  endfacet
  facet normal 0.751866 -0.659316 0
    outer loop
      vertex 54.7701 30.8799 0
      vertex 54.5286 30.6045 5.6
      vertex 54.5286 30.6045 0
    endloop
  endfacet
  facet normal 0.442292 -0.896871 0
    outer loop
      vertex 55.35 31.3249 0
      vertex 55.6785 31.4869 5.6
      vertex 55.35 31.3249 5.6
    endloop
  endfacet
  facet normal 0.442292 -0.896871 0
    outer loop
      vertex 55.6785 31.4869 5.6
      vertex 55.35 31.3249 0
      vertex 55.6785 31.4869 0
    endloop
  endfacet
  facet normal -0.896871 -0.442292 0
    outer loop
      vertex 59.3369 29.9715 0
      vertex 59.1749 30.3 5.6
      vertex 59.1749 30.3 0
    endloop
  endfacet
  facet normal -0.896871 -0.442292 0
    outer loop
      vertex 59.1749 30.3 5.6
      vertex 59.3369 29.9715 0
      vertex 59.3369 29.9715 5.6
    endloop
  endfacet
  facet normal -0.83142 -0.555645 0
    outer loop
      vertex 59.1749 30.3 0
      vertex 58.9714 30.6045 5.6
      vertex 58.9714 30.6045 0
    endloop
  endfacet
  facet normal -0.83142 -0.555645 0
    outer loop
      vertex 58.9714 30.6045 5.6
      vertex 59.1749 30.3 0
      vertex 59.1749 30.3 5.6
    endloop
  endfacet
  facet normal -0.321384 -0.946949 0
    outer loop
      vertex 57.4747 31.6046 0
      vertex 57.8215 31.4869 5.6
      vertex 57.4747 31.6046 5.6
    endloop
  endfacet
  facet normal -0.321384 -0.946949 -0
    outer loop
      vertex 57.8215 31.4869 5.6
      vertex 57.4747 31.6046 0
      vertex 57.8215 31.4869 0
    endloop
  endfacet
  facet normal -0.442292 -0.896871 0
    outer loop
      vertex 57.8215 31.4869 0
      vertex 58.15 31.3249 5.6
      vertex 57.8215 31.4869 5.6
    endloop
  endfacet
  facet normal -0.442292 -0.896871 -0
    outer loop
      vertex 58.15 31.3249 5.6
      vertex 57.8215 31.4869 0
      vertex 58.15 31.3249 0
    endloop
  endfacet
  facet normal 0.946949 -0.321384 0
    outer loop
      vertex 54.0454 29.6247 5.6
      vertex 54.1631 29.9715 0
      vertex 54.1631 29.9715 5.6
    endloop
  endfacet
  facet normal 0.946949 -0.321384 0
    outer loop
      vertex 54.1631 29.9715 0
      vertex 54.0454 29.6247 5.6
      vertex 54.0454 29.6247 0
    endloop
  endfacet
  facet normal 0 0 -1
    outer loop
      vertex 59.526 28.5345 5.6
      vertex 58.138 28.7173 5.6
      vertex 58.15 28.9 5.6
    endloop
  endfacet
  facet normal 0 0 -1
    outer loop
      vertex 58.4545 26.6786 5.6
      vertex 58.1023 28.5377 5.6
      vertex 58.138 28.7173 5.6
    endloop
  endfacet
  facet normal 0 0 -1
    outer loop
      vertex 58.4545 26.6786 5.6
      vertex 58.0434 28.3642 5.6
      vertex 58.1023 28.5377 5.6
    endloop
  endfacet
  facet normal 0 0 -1
    outer loop
      vertex 58.4545 26.6786 5.6
      vertex 57.9624 28.2 5.6
      vertex 58.0434 28.3642 5.6
    endloop
  endfacet
  facet normal 0 0 -1
    outer loop
      vertex 58.4545 26.6786 5.6
      vertex 57.8607 28.0477 5.6
      vertex 57.9624 28.2 5.6
    endloop
  endfacet
  facet normal 0 0 -1
    outer loop
      vertex 57.45 27.6876 5.6
      vertex 58.15 26.4751 5.6
      vertex 57.8215 26.3131 5.6
    endloop
  endfacet
  facet normal 0 0 -1
    outer loop
      vertex 58.4545 26.6786 5.6
      vertex 57.7399 27.91 5.6
      vertex 57.8607 28.0477 5.6
    endloop
  endfacet
  facet normal 0 0 -1
    outer loop
      vertex 58.4545 26.6786 5.6
      vertex 57.6023 27.7893 5.6
      vertex 57.7399 27.91 5.6
    endloop
  endfacet
  facet normal 0 0 -1
    outer loop
      vertex 57.2858 27.6066 5.6
      vertex 57.8215 26.3131 5.6
      vertex 57.4747 26.1954 5.6
    endloop
  endfacet
  facet normal 0 0 -1
    outer loop
      vertex 58.15 26.4751 5.6
      vertex 57.45 27.6876 5.6
      vertex 57.6023 27.7893 5.6
    endloop
  endfacet
  facet normal 0 0 -1
    outer loop
      vertex 57.8215 26.3131 5.6
      vertex 57.2858 27.6066 5.6
      vertex 57.45 27.6876 5.6
    endloop
  endfacet
  facet normal 0 0 -1
    outer loop
      vertex 57.1123 27.5477 5.6
      vertex 57.4747 26.1954 5.6
      vertex 57.1155 26.124 5.6
    endloop
  endfacet
  facet normal 0 0 -1
    outer loop
      vertex 57.4747 26.1954 5.6
      vertex 57.1123 27.5477 5.6
      vertex 57.2858 27.6066 5.6
    endloop
  endfacet
  facet normal 0 0 -1
    outer loop
      vertex 57.1155 26.124 5.6
      vertex 56.9327 27.512 5.6
      vertex 57.1123 27.5477 5.6
    endloop
  endfacet
  facet normal 0 0 -1
    outer loop
      vertex 56.75 26.1 5.6
      vertex 56.9327 27.512 5.6
      vertex 57.1155 26.124 5.6
    endloop
  endfacet
  facet normal 0 0 -1
    outer loop
      vertex 56.75 26.1 5.6
      vertex 56.75 27.5 5.6
      vertex 56.9327 27.512 5.6
    endloop
  endfacet
  facet normal 0 0 -1
    outer loop
      vertex 56.75 26.1 5.6
      vertex 56.5673 27.512 5.6
      vertex 56.75 27.5 5.6
    endloop
  endfacet
  facet normal 0 0 -1
    outer loop
      vertex 56.3845 26.124 5.6
      vertex 56.5673 27.512 5.6
      vertex 56.75 26.1 5.6
    endloop
  endfacet
  facet normal -0 0 -1
    outer loop
      vertex 56.5673 27.512 5.6
      vertex 56.3845 26.124 5.6
      vertex 56.3877 27.5477 5.6
    endloop
  endfacet
  facet normal 0 0 -1
    outer loop
      vertex 56.0253 26.1954 5.6
      vertex 56.3877 27.5477 5.6
      vertex 56.3845 26.124 5.6
    endloop
  endfacet
  facet normal -0 0 -1
    outer loop
      vertex 56.3877 27.5477 5.6
      vertex 56.0253 26.1954 5.6
      vertex 56.2142 27.6066 5.6
    endloop
  endfacet
  facet normal 0 0 -1
    outer loop
      vertex 55.6785 26.3131 5.6
      vertex 56.2142 27.6066 5.6
      vertex 56.0253 26.1954 5.6
    endloop
  endfacet
  facet normal -0 0 -1
    outer loop
      vertex 56.2142 27.6066 5.6
      vertex 55.6785 26.3131 5.6
      vertex 56.05 27.6876 5.6
    endloop
  endfacet
  facet normal 0 0 -1
    outer loop
      vertex 55.35 26.4751 5.6
      vertex 56.05 27.6876 5.6
      vertex 55.6785 26.3131 5.6
    endloop
  endfacet
  facet normal -0 0 -1
    outer loop
      vertex 56.05 27.6876 5.6
      vertex 55.35 26.4751 5.6
      vertex 55.8977 27.7893 5.6
    endloop
  endfacet
  facet normal 0 0 -1
    outer loop
      vertex 55.0455 26.6786 5.6
      vertex 55.8977 27.7893 5.6
      vertex 55.35 26.4751 5.6
    endloop
  endfacet
  facet normal -0 0 -1
    outer loop
      vertex 55.8977 27.7893 5.6
      vertex 55.0455 26.6786 5.6
      vertex 55.76 27.91 5.6
    endloop
  endfacet
  facet normal 0 0 -1
    outer loop
      vertex 54.7701 26.9201 5.6
      vertex 55.76 27.91 5.6
      vertex 55.0455 26.6786 5.6
    endloop
  endfacet
  facet normal -0 0 -1
    outer loop
      vertex 55.76 27.91 5.6
      vertex 54.7701 26.9201 5.6
      vertex 55.6393 28.0477 5.6
    endloop
  endfacet
  facet normal 0 0 -1
    outer loop
      vertex 54.5286 27.1955 5.6
      vertex 55.6393 28.0477 5.6
      vertex 54.7701 26.9201 5.6
    endloop
  endfacet
  facet normal -0 0 -1
    outer loop
      vertex 55.6393 28.0477 5.6
      vertex 54.5286 27.1955 5.6
      vertex 55.5376 28.2 5.6
    endloop
  endfacet
  facet normal 0 0 -1
    outer loop
      vertex 54.3251 27.5 5.6
      vertex 55.5376 28.2 5.6
      vertex 54.5286 27.1955 5.6
    endloop
  endfacet
  facet normal -0 0 -1
    outer loop
      vertex 55.5376 28.2 5.6
      vertex 54.3251 27.5 5.6
      vertex 55.4566 28.3642 5.6
    endloop
  endfacet
  facet normal 0 0 -1
    outer loop
      vertex 54.1631 27.8285 5.6
      vertex 55.4566 28.3642 5.6
      vertex 54.3251 27.5 5.6
    endloop
  endfacet
  facet normal 0 0 -1
    outer loop
      vertex 55.35 28.9 5.6
      vertex 55.0455 31.1214 5.6
      vertex 55.35 31.3249 5.6
    endloop
  endfacet
  facet normal -0 0 -1
    outer loop
      vertex 55.4566 28.3642 5.6
      vertex 54.1631 27.8285 5.6
      vertex 55.3977 28.5377 5.6
    endloop
  endfacet
  facet normal 0 0 -1
    outer loop
      vertex 55.35 28.9 5.6
      vertex 54.7701 30.8799 5.6
      vertex 55.0455 31.1214 5.6
    endloop
  endfacet
  facet normal 0 0 -1
    outer loop
      vertex 54.0454 28.1753 5.6
      vertex 55.3977 28.5377 5.6
      vertex 54.1631 27.8285 5.6
    endloop
  endfacet
  facet normal 0 0 -1
    outer loop
      vertex 55.35 28.9 5.6
      vertex 54.5286 30.6045 5.6
      vertex 54.7701 30.8799 5.6
    endloop
  endfacet
  facet normal -0 0 -1
    outer loop
      vertex 55.3977 28.5377 5.6
      vertex 54.0454 28.1753 5.6
      vertex 55.362 28.7173 5.6
    endloop
  endfacet
  facet normal 0 0 -1
    outer loop
      vertex 55.35 28.9 5.6
      vertex 54.3251 30.3 5.6
      vertex 54.5286 30.6045 5.6
    endloop
  endfacet
  facet normal 0 0 -1
    outer loop
      vertex 53.974 28.5345 5.6
      vertex 55.362 28.7173 5.6
      vertex 54.0454 28.1753 5.6
    endloop
  endfacet
  facet normal 0 0 -1
    outer loop
      vertex 55.35 28.9 5.6
      vertex 54.1631 29.9715 5.6
      vertex 54.3251 30.3 5.6
    endloop
  endfacet
  facet normal -0 0 -1
    outer loop
      vertex 55.362 28.7173 5.6
      vertex 53.974 28.5345 5.6
      vertex 55.35 28.9 5.6
    endloop
  endfacet
  facet normal 0 0 -1
    outer loop
      vertex 55.35 28.9 5.6
      vertex 54.0454 29.6247 5.6
      vertex 54.1631 29.9715 5.6
    endloop
  endfacet
  facet normal 0 0 -1
    outer loop
      vertex 53.95 28.9 5.6
      vertex 55.35 28.9 5.6
      vertex 53.974 28.5345 5.6
    endloop
  endfacet
  facet normal 0 0 -1
    outer loop
      vertex 55.35 28.9 5.6
      vertex 53.974 29.2655 5.6
      vertex 54.0454 29.6247 5.6
    endloop
  endfacet
  facet normal 0 0 -1
    outer loop
      vertex 55.35 28.9 5.6
      vertex 53.95 28.9 5.6
      vertex 53.974 29.2655 5.6
    endloop
  endfacet
  facet normal 0 0 -1
    outer loop
      vertex 58.15 28.9 5.6
      vertex 59.55 28.9 5.6
      vertex 59.526 28.5345 5.6
    endloop
  endfacet
  facet normal 0 0 -1
    outer loop
      vertex 58.138 28.7173 5.6
      vertex 59.526 28.5345 5.6
      vertex 59.4546 28.1753 5.6
    endloop
  endfacet
  facet normal 0 0 -1
    outer loop
      vertex 59.55 28.9 5.6
      vertex 58.15 28.9 5.6
      vertex 59.526 29.2655 5.6
    endloop
  endfacet
  facet normal 0 0 -1
    outer loop
      vertex 58.138 28.7173 5.6
      vertex 59.4546 28.1753 5.6
      vertex 59.3369 27.8285 5.6
    endloop
  endfacet
  facet normal 0 0 -1
    outer loop
      vertex 58.138 29.0827 5.6
      vertex 59.526 29.2655 5.6
      vertex 58.15 28.9 5.6
    endloop
  endfacet
  facet normal 0 0 -1
    outer loop
      vertex 58.138 28.7173 5.6
      vertex 59.3369 27.8285 5.6
      vertex 59.1749 27.5 5.6
    endloop
  endfacet
  facet normal -0 0 -1
    outer loop
      vertex 59.526 29.2655 5.6
      vertex 58.138 29.0827 5.6
      vertex 59.4546 29.6247 5.6
    endloop
  endfacet
  facet normal 0 0 -1
    outer loop
      vertex 58.138 28.7173 5.6
      vertex 59.1749 27.5 5.6
      vertex 58.9714 27.1955 5.6
    endloop
  endfacet
  facet normal 0 0 -1
    outer loop
      vertex 58.1023 29.2623 5.6
      vertex 59.4546 29.6247 5.6
      vertex 58.138 29.0827 5.6
    endloop
  endfacet
  facet normal 0 0 -1
    outer loop
      vertex 58.138 28.7173 5.6
      vertex 58.9714 27.1955 5.6
      vertex 58.7299 26.9201 5.6
    endloop
  endfacet
  facet normal -0 0 -1
    outer loop
      vertex 59.4546 29.6247 5.6
      vertex 58.1023 29.2623 5.6
      vertex 59.3369 29.9715 5.6
    endloop
  endfacet
  facet normal 0 0 -1
    outer loop
      vertex 58.138 28.7173 5.6
      vertex 58.7299 26.9201 5.6
      vertex 58.4545 26.6786 5.6
    endloop
  endfacet
  facet normal 0 0 -1
    outer loop
      vertex 58.0434 29.4358 5.6
      vertex 59.3369 29.9715 5.6
      vertex 58.1023 29.2623 5.6
    endloop
  endfacet
  facet normal 0 0 -1
    outer loop
      vertex 57.6023 27.7893 5.6
      vertex 58.4545 26.6786 5.6
      vertex 58.15 26.4751 5.6
    endloop
  endfacet
  facet normal -0 0 -1
    outer loop
      vertex 59.3369 29.9715 5.6
      vertex 58.0434 29.4358 5.6
      vertex 59.1749 30.3 5.6
    endloop
  endfacet
  facet normal 0 0 -1
    outer loop
      vertex 57.9624 29.6 5.6
      vertex 59.1749 30.3 5.6
      vertex 58.0434 29.4358 5.6
    endloop
  endfacet
  facet normal -0 0 -1
    outer loop
      vertex 59.1749 30.3 5.6
      vertex 57.9624 29.6 5.6
      vertex 58.9714 30.6045 5.6
    endloop
  endfacet
  facet normal 0 0 -1
    outer loop
      vertex 57.8607 29.7523 5.6
      vertex 58.9714 30.6045 5.6
      vertex 57.9624 29.6 5.6
    endloop
  endfacet
  facet normal -0 0 -1
    outer loop
      vertex 58.9714 30.6045 5.6
      vertex 57.8607 29.7523 5.6
      vertex 58.7299 30.8799 5.6
    endloop
  endfacet
  facet normal 0 0 -1
    outer loop
      vertex 57.7399 29.8899 5.6
      vertex 58.7299 30.8799 5.6
      vertex 57.8607 29.7523 5.6
    endloop
  endfacet
  facet normal -0 0 -1
    outer loop
      vertex 58.7299 30.8799 5.6
      vertex 57.7399 29.8899 5.6
      vertex 58.4545 31.1214 5.6
    endloop
  endfacet
  facet normal 0 0 -1
    outer loop
      vertex 57.6023 30.0107 5.6
      vertex 58.4545 31.1214 5.6
      vertex 57.7399 29.8899 5.6
    endloop
  endfacet
  facet normal -0 0 -1
    outer loop
      vertex 58.4545 31.1214 5.6
      vertex 57.6023 30.0107 5.6
      vertex 58.15 31.3249 5.6
    endloop
  endfacet
  facet normal 0 0 -1
    outer loop
      vertex 57.45 30.1124 5.6
      vertex 58.15 31.3249 5.6
      vertex 57.6023 30.0107 5.6
    endloop
  endfacet
  facet normal -0 0 -1
    outer loop
      vertex 58.15 31.3249 5.6
      vertex 57.45 30.1124 5.6
      vertex 57.8215 31.4869 5.6
    endloop
  endfacet
  facet normal 0 0 -1
    outer loop
      vertex 57.2858 30.1934 5.6
      vertex 57.8215 31.4869 5.6
      vertex 57.45 30.1124 5.6
    endloop
  endfacet
  facet normal -0 0 -1
    outer loop
      vertex 57.8215 31.4869 5.6
      vertex 57.2858 30.1934 5.6
      vertex 57.4747 31.6046 5.6
    endloop
  endfacet
  facet normal 0 0 -1
    outer loop
      vertex 57.1123 30.2523 5.6
      vertex 57.4747 31.6046 5.6
      vertex 57.2858 30.1934 5.6
    endloop
  endfacet
  facet normal -0 0 -1
    outer loop
      vertex 57.4747 31.6046 5.6
      vertex 57.1123 30.2523 5.6
      vertex 57.1155 31.676 5.6
    endloop
  endfacet
  facet normal 0 0 -1
    outer loop
      vertex 56.9327 30.288 5.6
      vertex 57.1155 31.676 5.6
      vertex 57.1123 30.2523 5.6
    endloop
  endfacet
  facet normal 0 0 -1
    outer loop
      vertex 56.75 30.3 5.6
      vertex 57.1155 31.676 5.6
      vertex 56.9327 30.288 5.6
    endloop
  endfacet
  facet normal 0 0 -1
    outer loop
      vertex 56.75 30.3 5.6
      vertex 56.75 31.7 5.6
      vertex 57.1155 31.676 5.6
    endloop
  endfacet
  facet normal 0 0 -1
    outer loop
      vertex 56.5673 30.288 5.6
      vertex 56.75 31.7 5.6
      vertex 56.75 30.3 5.6
    endloop
  endfacet
  facet normal 0 0 -1
    outer loop
      vertex 56.3845 31.676 5.6
      vertex 56.5673 30.288 5.6
      vertex 56.3877 30.2523 5.6
    endloop
  endfacet
  facet normal 0 0 -1
    outer loop
      vertex 56.5673 30.288 5.6
      vertex 56.3845 31.676 5.6
      vertex 56.75 31.7 5.6
    endloop
  endfacet
  facet normal 0 0 -1
    outer loop
      vertex 56.0253 31.6046 5.6
      vertex 56.3877 30.2523 5.6
      vertex 56.2142 30.1934 5.6
    endloop
  endfacet
  facet normal 0 0 -1
    outer loop
      vertex 55.6785 31.4869 5.6
      vertex 56.2142 30.1934 5.6
      vertex 56.05 30.1124 5.6
    endloop
  endfacet
  facet normal 0 0 -1
    outer loop
      vertex 56.3877 30.2523 5.6
      vertex 56.0253 31.6046 5.6
      vertex 56.3845 31.676 5.6
    endloop
  endfacet
  facet normal 0 0 -1
    outer loop
      vertex 55.35 31.3249 5.6
      vertex 56.05 30.1124 5.6
      vertex 55.8977 30.0107 5.6
    endloop
  endfacet
  facet normal 0 0 -1
    outer loop
      vertex 55.35 31.3249 5.6
      vertex 55.8977 30.0107 5.6
      vertex 55.76 29.8899 5.6
    endloop
  endfacet
  facet normal 0 0 -1
    outer loop
      vertex 56.2142 30.1934 5.6
      vertex 55.6785 31.4869 5.6
      vertex 56.0253 31.6046 5.6
    endloop
  endfacet
  facet normal 0 0 -1
    outer loop
      vertex 55.35 31.3249 5.6
      vertex 55.76 29.8899 5.6
      vertex 55.6393 29.7523 5.6
    endloop
  endfacet
  facet normal 0 0 -1
    outer loop
      vertex 55.35 31.3249 5.6
      vertex 55.6393 29.7523 5.6
      vertex 55.5376 29.6 5.6
    endloop
  endfacet
  facet normal 0 0 -1
    outer loop
      vertex 55.35 31.3249 5.6
      vertex 55.5376 29.6 5.6
      vertex 55.4566 29.4358 5.6
    endloop
  endfacet
  facet normal 0 0 -1
    outer loop
      vertex 55.35 31.3249 5.6
      vertex 55.4566 29.4358 5.6
      vertex 55.3977 29.2623 5.6
    endloop
  endfacet
  facet normal 0 0 -1
    outer loop
      vertex 55.35 31.3249 5.6
      vertex 55.3977 29.2623 5.6
      vertex 55.362 29.0827 5.6
    endloop
  endfacet
  facet normal 0 0 -1
    outer loop
      vertex 56.05 30.1124 5.6
      vertex 55.35 31.3249 5.6
      vertex 55.6785 31.4869 5.6
    endloop
  endfacet
  facet normal 0 0 -1
    outer loop
      vertex 55.35 31.3249 5.6
      vertex 55.362 29.0827 5.6
      vertex 55.35 28.9 5.6
    endloop
  endfacet
  facet normal 0.555645 -0.83142 0
    outer loop
      vertex 55.0455 31.1214 0
      vertex 55.35 31.3249 5.6
      vertex 55.0455 31.1214 5.6
    endloop
  endfacet
  facet normal 0.555645 -0.83142 0
    outer loop
      vertex 55.35 31.3249 5.6
      vertex 55.0455 31.1214 0
      vertex 55.35 31.3249 0
    endloop
  endfacet
  facet normal 0.321384 -0.946949 0
    outer loop
      vertex 55.6785 31.4869 0
      vertex 56.0253 31.6046 5.6
      vertex 55.6785 31.4869 5.6
    endloop
  endfacet
  facet normal 0.321384 -0.946949 0
    outer loop
      vertex 56.0253 31.6046 5.6
      vertex 55.6785 31.4869 0
      vertex 56.0253 31.6046 0
    endloop
  endfacet
  facet normal -0.442292 0.896871 0
    outer loop
      vertex 58.15 26.4751 0
      vertex 57.8215 26.3131 5.6
      vertex 58.15 26.4751 5.6
    endloop
  endfacet
  facet normal -0.442292 0.896871 0
    outer loop
      vertex 57.8215 26.3131 5.6
      vertex 58.15 26.4751 0
      vertex 57.8215 26.3131 0
    endloop
  endfacet
  facet normal -0.946949 -0.321384 0
    outer loop
      vertex 59.4546 29.6247 0
      vertex 59.3369 29.9715 5.6
      vertex 59.3369 29.9715 0
    endloop
  endfacet
  facet normal -0.946949 -0.321384 0
    outer loop
      vertex 59.3369 29.9715 5.6
      vertex 59.4546 29.6247 0
      vertex 59.4546 29.6247 5.6
    endloop
  endfacet
  facet normal -0.980811 -0.194961 0
    outer loop
      vertex 59.526 29.2655 0
      vertex 59.4546 29.6247 5.6
      vertex 59.4546 29.6247 0
    endloop
  endfacet
  facet normal -0.980811 -0.194961 0
    outer loop
      vertex 59.4546 29.6247 5.6
      vertex 59.526 29.2655 0
      vertex 59.526 29.2655 5.6
    endloop
  endfacet
  facet normal -0.751866 -0.659316 0
    outer loop
      vertex 58.9714 30.6045 0
      vertex 58.7299 30.8799 5.6
      vertex 58.7299 30.8799 0
    endloop
  endfacet
  facet normal -0.751866 -0.659316 0
    outer loop
      vertex 58.7299 30.8799 5.6
      vertex 58.9714 30.6045 0
      vertex 58.9714 30.6045 5.6
    endloop
  endfacet
  facet normal -0.194961 -0.980811 0
    outer loop
      vertex 57.1155 31.676 0
      vertex 57.4747 31.6046 5.6
      vertex 57.1155 31.676 5.6
    endloop
  endfacet
  facet normal -0.194961 -0.980811 -0
    outer loop
      vertex 57.4747 31.6046 5.6
      vertex 57.1155 31.676 0
      vertex 57.4747 31.6046 0
    endloop
  endfacet
  facet normal -0.0655224 -0.997851 0
    outer loop
      vertex 56.75 31.7 0
      vertex 57.1155 31.676 5.6
      vertex 56.75 31.7 5.6
    endloop
  endfacet
  facet normal -0.0655224 -0.997851 -0
    outer loop
      vertex 57.1155 31.676 5.6
      vertex 56.75 31.7 0
      vertex 57.1155 31.676 0
    endloop
  endfacet
  facet normal -0.555645 -0.83142 0
    outer loop
      vertex 58.15 31.3249 0
      vertex 58.4545 31.1214 5.6
      vertex 58.15 31.3249 5.6
    endloop
  endfacet
  facet normal -0.555645 -0.83142 -0
    outer loop
      vertex 58.4545 31.1214 5.6
      vertex 58.15 31.3249 0
      vertex 58.4545 31.1214 0
    endloop
  endfacet
  facet normal 0.896871 -0.442292 0
    outer loop
      vertex 54.1631 29.9715 5.6
      vertex 54.3251 30.3 0
      vertex 54.3251 30.3 5.6
    endloop
  endfacet
  facet normal 0.896871 -0.442292 0
    outer loop
      vertex 54.3251 30.3 0
      vertex 54.1631 29.9715 5.6
      vertex 54.1631 29.9715 0
    endloop
  endfacet
  facet normal 0.83142 -0.555645 0
    outer loop
      vertex 54.3251 30.3 5.6
      vertex 54.5286 30.6045 0
      vertex 54.5286 30.6045 5.6
    endloop
  endfacet
  facet normal 0.83142 -0.555645 0
    outer loop
      vertex 54.5286 30.6045 0
      vertex 54.3251 30.3 5.6
      vertex 54.3251 30.3 0
    endloop
  endfacet
  facet normal 0.980811 -0.194961 0
    outer loop
      vertex 53.974 29.2655 5.6
      vertex 54.0454 29.6247 0
      vertex 54.0454 29.6247 5.6
    endloop
  endfacet
  facet normal 0.980811 -0.194961 0
    outer loop
      vertex 54.0454 29.6247 0
      vertex 53.974 29.2655 5.6
      vertex 53.974 29.2655 0
    endloop
  endfacet
  facet normal 0.997851 -0.0655224 0
    outer loop
      vertex 53.95 28.9 5.6
      vertex 53.974 29.2655 0
      vertex 53.974 29.2655 5.6
    endloop
  endfacet
  facet normal 0.997851 -0.0655224 0
    outer loop
      vertex 53.974 29.2655 0
      vertex 53.95 28.9 5.6
      vertex 53.95 28.9 0
    endloop
  endfacet
  facet normal 0.997851 0.0655224 0
    outer loop
      vertex 53.974 28.5345 5.6
      vertex 53.95 28.9 0
      vertex 53.95 28.9 5.6
    endloop
  endfacet
  facet normal 0.997851 0.0655224 0
    outer loop
      vertex 53.95 28.9 0
      vertex 53.974 28.5345 5.6
      vertex 53.974 28.5345 0
    endloop
  endfacet
  facet normal 0.659316 -0.751866 0
    outer loop
      vertex 54.7701 30.8799 0
      vertex 55.0455 31.1214 5.6
      vertex 54.7701 30.8799 5.6
    endloop
  endfacet
  facet normal 0.659316 -0.751866 0
    outer loop
      vertex 55.0455 31.1214 5.6
      vertex 54.7701 30.8799 0
      vertex 55.0455 31.1214 0
    endloop
  endfacet
  facet normal 0.194961 -0.980811 0
    outer loop
      vertex 56.0253 31.6046 0
      vertex 56.3845 31.676 5.6
      vertex 56.0253 31.6046 5.6
    endloop
  endfacet
  facet normal 0.194961 -0.980811 0
    outer loop
      vertex 56.3845 31.676 5.6
      vertex 56.0253 31.6046 0
      vertex 56.3845 31.676 0
    endloop
  endfacet
  facet normal -0.997851 0.0655224 0
    outer loop
      vertex 59.526 28.5345 0
      vertex 59.55 28.9 5.6
      vertex 59.55 28.9 0
    endloop
  endfacet
  facet normal -0.997851 0.0655224 0
    outer loop
      vertex 59.55 28.9 5.6
      vertex 59.526 28.5345 0
      vertex 59.526 28.5345 5.6
    endloop
  endfacet
  facet normal -0.946949 0.321384 0
    outer loop
      vertex 59.3369 27.8285 0
      vertex 59.4546 28.1753 5.6
      vertex 59.4546 28.1753 0
    endloop
  endfacet
  facet normal -0.946949 0.321384 0
    outer loop
      vertex 59.4546 28.1753 5.6
      vertex 59.3369 27.8285 0
      vertex 59.3369 27.8285 5.6
    endloop
  endfacet
  facet normal -0.980811 0.194961 0
    outer loop
      vertex 59.4546 28.1753 0
      vertex 59.526 28.5345 5.6
      vertex 59.526 28.5345 0
    endloop
  endfacet
  facet normal -0.980811 0.194961 0
    outer loop
      vertex 59.526 28.5345 5.6
      vertex 59.4546 28.1753 0
      vertex 59.4546 28.1753 5.6
    endloop
  endfacet
  facet normal 0.555645 0.83142 -0
    outer loop
      vertex 55.35 26.4751 0
      vertex 55.0455 26.6786 5.6
      vertex 55.35 26.4751 5.6
    endloop
  endfacet
  facet normal 0.555645 0.83142 0
    outer loop
      vertex 55.0455 26.6786 5.6
      vertex 55.35 26.4751 0
      vertex 55.0455 26.6786 0
    endloop
  endfacet
  facet normal 0.83142 0.555645 0
    outer loop
      vertex 54.5286 27.1955 5.6
      vertex 54.3251 27.5 0
      vertex 54.3251 27.5 5.6
    endloop
  endfacet
  facet normal 0.83142 0.555645 0
    outer loop
      vertex 54.3251 27.5 0
      vertex 54.5286 27.1955 5.6
      vertex 54.5286 27.1955 0
    endloop
  endfacet
  facet normal 0.751866 0.659316 0
    outer loop
      vertex 54.7701 26.9201 5.6
      vertex 54.5286 27.1955 0
      vertex 54.5286 27.1955 5.6
    endloop
  endfacet
  facet normal 0.751866 0.659316 0
    outer loop
      vertex 54.5286 27.1955 0
      vertex 54.7701 26.9201 5.6
      vertex 54.7701 26.9201 0
    endloop
  endfacet
  facet normal -0.555645 0.83142 0
    outer loop
      vertex 58.4545 26.6786 0
      vertex 58.15 26.4751 5.6
      vertex 58.4545 26.6786 5.6
    endloop
  endfacet
  facet normal -0.555645 0.83142 0
    outer loop
      vertex 58.15 26.4751 5.6
      vertex 58.4545 26.6786 0
      vertex 58.15 26.4751 0
    endloop
  endfacet
  facet normal 0.659316 0.751866 -0
    outer loop
      vertex 55.0455 26.6786 0
      vertex 54.7701 26.9201 5.6
      vertex 55.0455 26.6786 5.6
    endloop
  endfacet
  facet normal 0.659316 0.751866 0
    outer loop
      vertex 54.7701 26.9201 5.6
      vertex 55.0455 26.6786 0
      vertex 54.7701 26.9201 0
    endloop
  endfacet
  facet normal 0.896871 0.442292 0
    outer loop
      vertex 54.3251 27.5 5.6
      vertex 54.1631 27.8285 0
      vertex 54.1631 27.8285 5.6
    endloop
  endfacet
  facet normal 0.896871 0.442292 0
    outer loop
      vertex 54.1631 27.8285 0
      vertex 54.3251 27.5 5.6
      vertex 54.3251 27.5 0
    endloop
  endfacet
  facet normal -0.659316 0.751866 0
    outer loop
      vertex 58.7299 26.9201 0
      vertex 58.4545 26.6786 5.6
      vertex 58.7299 26.9201 5.6
    endloop
  endfacet
  facet normal -0.659316 0.751866 0
    outer loop
      vertex 58.4545 26.6786 5.6
      vertex 58.7299 26.9201 0
      vertex 58.4545 26.6786 0
    endloop
  endfacet
  facet normal -0.321384 0.946949 0
    outer loop
      vertex 57.8215 26.3131 0
      vertex 57.4747 26.1954 5.6
      vertex 57.8215 26.3131 5.6
    endloop
  endfacet
  facet normal -0.321384 0.946949 0
    outer loop
      vertex 57.4747 26.1954 5.6
      vertex 57.8215 26.3131 0
      vertex 57.4747 26.1954 0
    endloop
  endfacet
  facet normal -0.194961 0.980811 0
    outer loop
      vertex 57.4747 26.1954 0
      vertex 57.1155 26.124 5.6
      vertex 57.4747 26.1954 5.6
    endloop
  endfacet
  facet normal -0.194961 0.980811 0
    outer loop
      vertex 57.1155 26.124 5.6
      vertex 57.4747 26.1954 0
      vertex 57.1155 26.124 0
    endloop
  endfacet
  facet normal -0.896871 0.442292 0
    outer loop
      vertex 59.1749 27.5 0
      vertex 59.3369 27.8285 5.6
      vertex 59.3369 27.8285 0
    endloop
  endfacet
  facet normal -0.896871 0.442292 0
    outer loop
      vertex 59.3369 27.8285 5.6
      vertex 59.1749 27.5 0
      vertex 59.1749 27.5 5.6
    endloop
  endfacet
  facet normal -0.83142 0.555645 0
    outer loop
      vertex 58.9714 27.1955 0
      vertex 59.1749 27.5 5.6
      vertex 59.1749 27.5 0
    endloop
  endfacet
  facet normal -0.83142 0.555645 0
    outer loop
      vertex 59.1749 27.5 5.6
      vertex 58.9714 27.1955 0
      vertex 58.9714 27.1955 5.6
    endloop
  endfacet
  facet normal 0.0655224 0.997851 -0
    outer loop
      vertex 56.75 26.1 0
      vertex 56.3845 26.124 5.6
      vertex 56.75 26.1 5.6
    endloop
  endfacet
  facet normal 0.0655224 0.997851 0
    outer loop
      vertex 56.3845 26.124 5.6
      vertex 56.75 26.1 0
      vertex 56.3845 26.124 0
    endloop
  endfacet
  facet normal 0.321384 0.946949 -0
    outer loop
      vertex 56.0253 26.1954 0
      vertex 55.6785 26.3131 5.6
      vertex 56.0253 26.1954 5.6
    endloop
  endfacet
  facet normal 0.321384 0.946949 0
    outer loop
      vertex 55.6785 26.3131 5.6
      vertex 56.0253 26.1954 0
      vertex 55.6785 26.3131 0
    endloop
  endfacet
  facet normal 0.194961 0.980811 -0
    outer loop
      vertex 56.3845 26.124 0
      vertex 56.0253 26.1954 5.6
      vertex 56.3845 26.124 5.6
    endloop
  endfacet
  facet normal 0.194961 0.980811 0
    outer loop
      vertex 56.0253 26.1954 5.6
      vertex 56.3845 26.124 0
      vertex 56.0253 26.1954 0
    endloop
  endfacet
  facet normal 0.946949 0.321384 0
    outer loop
      vertex 54.1631 27.8285 5.6
      vertex 54.0454 28.1753 0
      vertex 54.0454 28.1753 5.6
    endloop
  endfacet
  facet normal 0.946949 0.321384 0
    outer loop
      vertex 54.0454 28.1753 0
      vertex 54.1631 27.8285 5.6
      vertex 54.1631 27.8285 0
    endloop
  endfacet
  facet normal 0.980811 0.194961 0
    outer loop
      vertex 54.0454 28.1753 5.6
      vertex 53.974 28.5345 0
      vertex 53.974 28.5345 5.6
    endloop
  endfacet
  facet normal 0.980811 0.194961 0
    outer loop
      vertex 53.974 28.5345 0
      vertex 54.0454 28.1753 5.6
      vertex 54.0454 28.1753 0
    endloop
  endfacet
  facet normal 0.442292 0.896871 -0
    outer loop
      vertex 55.6785 26.3131 0
      vertex 55.35 26.4751 5.6
      vertex 55.6785 26.3131 5.6
    endloop
  endfacet
  facet normal 0.442292 0.896871 0
    outer loop
      vertex 55.35 26.4751 5.6
      vertex 55.6785 26.3131 0
      vertex 55.35 26.4751 0
    endloop
  endfacet
  facet normal -0.99785 -0.0655402 0
    outer loop
      vertex 58.15 28.9 5.6
      vertex 58.138 29.0827 6.8
      vertex 58.138 29.0827 5.6
    endloop
  endfacet
  facet normal -0.99785 -0.0655402 0
    outer loop
      vertex 58.138 29.0827 6.8
      vertex 58.15 28.9 5.6
      vertex 58.15 28.9 6.8
    endloop
  endfacet
  facet normal 0.0655402 -0.99785 0
    outer loop
      vertex 56.5673 30.288 5.6
      vertex 56.75 30.3 6.8
      vertex 56.5673 30.288 6.8
    endloop
  endfacet
  facet normal 0.0655402 -0.99785 0
    outer loop
      vertex 56.75 30.3 6.8
      vertex 56.5673 30.288 5.6
      vertex 56.75 30.3 5.6
    endloop
  endfacet
  facet normal -0.659741 -0.751493 0
    outer loop
      vertex 57.6023 30.0107 5.6
      vertex 57.7399 29.8899 6.8
      vertex 57.6023 30.0107 6.8
    endloop
  endfacet
  facet normal -0.659741 -0.751493 -0
    outer loop
      vertex 57.7399 29.8899 6.8
      vertex 57.6023 30.0107 5.6
      vertex 57.7399 29.8899 5.6
    endloop
  endfacet
  facet normal 0.751764 -0.659432 0
    outer loop
      vertex 55.6393 29.7523 6.8
      vertex 55.76 29.8899 5.6
      vertex 55.76 29.8899 6.8
    endloop
  endfacet
  facet normal 0.751764 -0.659432 0
    outer loop
      vertex 55.76 29.8899 5.6
      vertex 55.6393 29.7523 6.8
      vertex 55.6393 29.7523 5.6
    endloop
  endfacet
  facet normal 0.442401 -0.896817 0
    outer loop
      vertex 56.05 30.1124 5.6
      vertex 56.2142 30.1934 6.8
      vertex 56.05 30.1124 6.8
    endloop
  endfacet
  facet normal 0.442401 -0.896817 0
    outer loop
      vertex 56.2142 30.1934 6.8
      vertex 56.05 30.1124 5.6
      vertex 56.2142 30.1934 5.6
    endloop
  endfacet
  facet normal -0.896817 -0.442401 0
    outer loop
      vertex 58.0434 29.4358 5.6
      vertex 57.9624 29.6 6.8
      vertex 57.9624 29.6 5.6
    endloop
  endfacet
  facet normal -0.896817 -0.442401 0
    outer loop
      vertex 57.9624 29.6 6.8
      vertex 58.0434 29.4358 5.6
      vertex 58.0434 29.4358 6.8
    endloop
  endfacet
  facet normal -0.321462 -0.946922 0
    outer loop
      vertex 57.1123 30.2523 5.6
      vertex 57.2858 30.1934 6.8
      vertex 57.1123 30.2523 6.8
    endloop
  endfacet
  facet normal -0.321462 -0.946922 -0
    outer loop
      vertex 57.2858 30.1934 6.8
      vertex 57.1123 30.2523 5.6
      vertex 57.2858 30.1934 5.6
    endloop
  endfacet
  facet normal -0.442401 -0.896817 0
    outer loop
      vertex 57.2858 30.1934 5.6
      vertex 57.45 30.1124 6.8
      vertex 57.2858 30.1934 6.8
    endloop
  endfacet
  facet normal -0.442401 -0.896817 -0
    outer loop
      vertex 57.45 30.1124 6.8
      vertex 57.2858 30.1934 5.6
      vertex 57.45 30.1124 5.6
    endloop
  endfacet
  facet normal 0.946922 -0.321462 0
    outer loop
      vertex 55.3977 29.2623 6.8
      vertex 55.4566 29.4358 5.6
      vertex 55.4566 29.4358 6.8
    endloop
  endfacet
  facet normal 0.946922 -0.321462 0
    outer loop
      vertex 55.4566 29.4358 5.6
      vertex 55.3977 29.2623 6.8
      vertex 55.3977 29.2623 5.6
    endloop
  endfacet
  facet normal 0.321462 -0.946922 0
    outer loop
      vertex 56.2142 30.1934 5.6
      vertex 56.3877 30.2523 6.8
      vertex 56.2142 30.1934 6.8
    endloop
  endfacet
  facet normal 0.321462 -0.946922 0
    outer loop
      vertex 56.3877 30.2523 6.8
      vertex 56.2142 30.1934 5.6
      vertex 56.3877 30.2523 5.6
    endloop
  endfacet
  facet normal -0.946922 -0.321462 0
    outer loop
      vertex 58.1023 29.2623 5.6
      vertex 58.0434 29.4358 6.8
      vertex 58.0434 29.4358 5.6
    endloop
  endfacet
  facet normal -0.946922 -0.321462 0
    outer loop
      vertex 58.0434 29.4358 6.8
      vertex 58.1023 29.2623 5.6
      vertex 58.1023 29.2623 6.8
    endloop
  endfacet
  facet normal -0.980811 -0.194961 0
    outer loop
      vertex 58.138 29.0827 5.6
      vertex 58.1023 29.2623 6.8
      vertex 58.1023 29.2623 5.6
    endloop
  endfacet
  facet normal -0.980811 -0.194961 0
    outer loop
      vertex 58.1023 29.2623 6.8
      vertex 58.138 29.0827 5.6
      vertex 58.138 29.0827 6.8
    endloop
  endfacet
  facet normal -0.751493 -0.659741 0
    outer loop
      vertex 57.8607 29.7523 5.6
      vertex 57.7399 29.8899 6.8
      vertex 57.7399 29.8899 5.6
    endloop
  endfacet
  facet normal -0.751493 -0.659741 0
    outer loop
      vertex 57.7399 29.8899 6.8
      vertex 57.8607 29.7523 5.6
      vertex 57.8607 29.7523 6.8
    endloop
  endfacet
  facet normal -0.83163 -0.55533 0
    outer loop
      vertex 57.9624 29.6 5.6
      vertex 57.8607 29.7523 6.8
      vertex 57.8607 29.7523 5.6
    endloop
  endfacet
  facet normal -0.83163 -0.55533 0
    outer loop
      vertex 57.8607 29.7523 6.8
      vertex 57.9624 29.6 5.6
      vertex 57.9624 29.6 6.8
    endloop
  endfacet
  facet normal -0.194961 -0.980811 0
    outer loop
      vertex 56.9327 30.288 5.6
      vertex 57.1123 30.2523 6.8
      vertex 56.9327 30.288 6.8
    endloop
  endfacet
  facet normal -0.194961 -0.980811 -0
    outer loop
      vertex 57.1123 30.2523 6.8
      vertex 56.9327 30.288 5.6
      vertex 57.1123 30.2523 5.6
    endloop
  endfacet
  facet normal -0.0655402 -0.99785 0
    outer loop
      vertex 56.75 30.3 5.6
      vertex 56.9327 30.288 6.8
      vertex 56.75 30.3 6.8
    endloop
  endfacet
  facet normal -0.0655402 -0.99785 -0
    outer loop
      vertex 56.9327 30.288 6.8
      vertex 56.75 30.3 5.6
      vertex 56.9327 30.288 5.6
    endloop
  endfacet
  facet normal -0.55533 -0.83163 0
    outer loop
      vertex 57.45 30.1124 5.6
      vertex 57.6023 30.0107 6.8
      vertex 57.45 30.1124 6.8
    endloop
  endfacet
  facet normal -0.55533 -0.83163 -0
    outer loop
      vertex 57.6023 30.0107 6.8
      vertex 57.45 30.1124 5.6
      vertex 57.6023 30.0107 5.6
    endloop
  endfacet
  facet normal 0.896817 -0.442401 0
    outer loop
      vertex 55.4566 29.4358 6.8
      vertex 55.5376 29.6 5.6
      vertex 55.5376 29.6 6.8
    endloop
  endfacet
  facet normal 0.896817 -0.442401 0
    outer loop
      vertex 55.5376 29.6 5.6
      vertex 55.4566 29.4358 6.8
      vertex 55.4566 29.4358 5.6
    endloop
  endfacet
  facet normal 0.83163 -0.55533 0
    outer loop
      vertex 55.5376 29.6 6.8
      vertex 55.6393 29.7523 5.6
      vertex 55.6393 29.7523 6.8
    endloop
  endfacet
  facet normal 0.83163 -0.55533 0
    outer loop
      vertex 55.6393 29.7523 5.6
      vertex 55.5376 29.6 6.8
      vertex 55.5376 29.6 5.6
    endloop
  endfacet
  facet normal 0.980811 -0.194961 0
    outer loop
      vertex 55.362 29.0827 6.8
      vertex 55.3977 29.2623 5.6
      vertex 55.3977 29.2623 6.8
    endloop
  endfacet
  facet normal 0.980811 -0.194961 0
    outer loop
      vertex 55.3977 29.2623 5.6
      vertex 55.362 29.0827 6.8
      vertex 55.362 29.0827 5.6
    endloop
  endfacet
  facet normal 0.99785 -0.0655402 0
    outer loop
      vertex 55.35 28.9 6.8
      vertex 55.362 29.0827 5.6
      vertex 55.362 29.0827 6.8
    endloop
  endfacet
  facet normal 0.99785 -0.0655402 0
    outer loop
      vertex 55.362 29.0827 5.6
      vertex 55.35 28.9 6.8
      vertex 55.35 28.9 5.6
    endloop
  endfacet
  facet normal 0.99785 0.0655402 0
    outer loop
      vertex 55.362 28.7173 6.8
      vertex 55.35 28.9 5.6
      vertex 55.35 28.9 6.8
    endloop
  endfacet
  facet normal 0.99785 0.0655402 0
    outer loop
      vertex 55.35 28.9 5.6
      vertex 55.362 28.7173 6.8
      vertex 55.362 28.7173 5.6
    endloop
  endfacet
  facet normal 0.55533 -0.83163 0
    outer loop
      vertex 55.8977 30.0107 5.6
      vertex 56.05 30.1124 6.8
      vertex 55.8977 30.0107 6.8
    endloop
  endfacet
  facet normal 0.55533 -0.83163 0
    outer loop
      vertex 56.05 30.1124 6.8
      vertex 55.8977 30.0107 5.6
      vertex 56.05 30.1124 5.6
    endloop
  endfacet
  facet normal 0.65947 -0.751731 0
    outer loop
      vertex 55.76 29.8899 5.6
      vertex 55.8977 30.0107 6.8
      vertex 55.76 29.8899 6.8
    endloop
  endfacet
  facet normal 0.65947 -0.751731 0
    outer loop
      vertex 55.8977 30.0107 6.8
      vertex 55.76 29.8899 5.6
      vertex 55.8977 30.0107 5.6
    endloop
  endfacet
  facet normal 0.194961 -0.980811 0
    outer loop
      vertex 56.3877 30.2523 5.6
      vertex 56.5673 30.288 6.8
      vertex 56.3877 30.2523 6.8
    endloop
  endfacet
  facet normal 0.194961 -0.980811 0
    outer loop
      vertex 56.5673 30.288 6.8
      vertex 56.3877 30.2523 5.6
      vertex 56.5673 30.288 5.6
    endloop
  endfacet
  facet normal -0.194961 0.980811 0
    outer loop
      vertex 57.1123 27.5477 5.6
      vertex 56.9327 27.512 6.8
      vertex 57.1123 27.5477 6.8
    endloop
  endfacet
  facet normal -0.194961 0.980811 0
    outer loop
      vertex 56.9327 27.512 6.8
      vertex 57.1123 27.5477 5.6
      vertex 56.9327 27.512 5.6
    endloop
  endfacet
  facet normal -0.442401 0.896817 0
    outer loop
      vertex 57.45 27.6876 5.6
      vertex 57.2858 27.6066 6.8
      vertex 57.45 27.6876 6.8
    endloop
  endfacet
  facet normal -0.442401 0.896817 0
    outer loop
      vertex 57.2858 27.6066 6.8
      vertex 57.45 27.6876 5.6
      vertex 57.2858 27.6066 5.6
    endloop
  endfacet
  facet normal -0.751731 0.65947 0
    outer loop
      vertex 57.7399 27.91 5.6
      vertex 57.8607 28.0477 6.8
      vertex 57.8607 28.0477 5.6
    endloop
  endfacet
  facet normal -0.751731 0.65947 0
    outer loop
      vertex 57.8607 28.0477 6.8
      vertex 57.7399 27.91 5.6
      vertex 57.7399 27.91 6.8
    endloop
  endfacet
  facet normal -0.55533 0.83163 0
    outer loop
      vertex 57.6023 27.7893 5.6
      vertex 57.45 27.6876 6.8
      vertex 57.6023 27.7893 6.8
    endloop
  endfacet
  facet normal -0.55533 0.83163 0
    outer loop
      vertex 57.45 27.6876 6.8
      vertex 57.6023 27.7893 5.6
      vertex 57.45 27.6876 5.6
    endloop
  endfacet
  facet normal -0.946922 0.321462 0
    outer loop
      vertex 58.0434 28.3642 5.6
      vertex 58.1023 28.5377 6.8
      vertex 58.1023 28.5377 5.6
    endloop
  endfacet
  facet normal -0.946922 0.321462 0
    outer loop
      vertex 58.1023 28.5377 6.8
      vertex 58.0434 28.3642 5.6
      vertex 58.0434 28.3642 6.8
    endloop
  endfacet
  facet normal -0.83163 0.55533 0
    outer loop
      vertex 57.8607 28.0477 5.6
      vertex 57.9624 28.2 6.8
      vertex 57.9624 28.2 5.6
    endloop
  endfacet
  facet normal -0.83163 0.55533 0
    outer loop
      vertex 57.9624 28.2 6.8
      vertex 57.8607 28.0477 5.6
      vertex 57.8607 28.0477 6.8
    endloop
  endfacet
  facet normal 0.55533 0.83163 -0
    outer loop
      vertex 56.05 27.6876 5.6
      vertex 55.8977 27.7893 6.8
      vertex 56.05 27.6876 6.8
    endloop
  endfacet
  facet normal 0.55533 0.83163 0
    outer loop
      vertex 55.8977 27.7893 6.8
      vertex 56.05 27.6876 5.6
      vertex 55.8977 27.7893 5.6
    endloop
  endfacet
  facet normal 0.321462 0.946922 -0
    outer loop
      vertex 56.3877 27.5477 5.6
      vertex 56.2142 27.6066 6.8
      vertex 56.3877 27.5477 6.8
    endloop
  endfacet
  facet normal 0.321462 0.946922 0
    outer loop
      vertex 56.2142 27.6066 6.8
      vertex 56.3877 27.5477 5.6
      vertex 56.2142 27.6066 5.6
    endloop
  endfacet
  facet normal 0.194961 0.980811 -0
    outer loop
      vertex 56.5673 27.512 5.6
      vertex 56.3877 27.5477 6.8
      vertex 56.5673 27.512 6.8
    endloop
  endfacet
  facet normal 0.194961 0.980811 0
    outer loop
      vertex 56.3877 27.5477 6.8
      vertex 56.5673 27.512 5.6
      vertex 56.3877 27.5477 5.6
    endloop
  endfacet
  facet normal -0.0655402 0.99785 0
    outer loop
      vertex 56.9327 27.512 5.6
      vertex 56.75 27.5 6.8
      vertex 56.9327 27.512 6.8
    endloop
  endfacet
  facet normal -0.0655402 0.99785 0
    outer loop
      vertex 56.75 27.5 6.8
      vertex 56.9327 27.512 5.6
      vertex 56.75 27.5 5.6
    endloop
  endfacet
  facet normal 0.83163 0.55533 0
    outer loop
      vertex 55.6393 28.0477 6.8
      vertex 55.5376 28.2 5.6
      vertex 55.5376 28.2 6.8
    endloop
  endfacet
  facet normal 0.83163 0.55533 0
    outer loop
      vertex 55.5376 28.2 5.6
      vertex 55.6393 28.0477 6.8
      vertex 55.6393 28.0477 5.6
    endloop
  endfacet
  facet normal 0.659162 0.752001 -0
    outer loop
      vertex 55.8977 27.7893 5.6
      vertex 55.76 27.91 6.8
      vertex 55.8977 27.7893 6.8
    endloop
  endfacet
  facet normal 0.659162 0.752001 0
    outer loop
      vertex 55.76 27.91 6.8
      vertex 55.8977 27.7893 5.6
      vertex 55.76 27.91 5.6
    endloop
  endfacet
  facet normal 0.896817 0.442401 0
    outer loop
      vertex 55.5376 28.2 6.8
      vertex 55.4566 28.3642 5.6
      vertex 55.4566 28.3642 6.8
    endloop
  endfacet
  facet normal 0.896817 0.442401 0
    outer loop
      vertex 55.4566 28.3642 5.6
      vertex 55.5376 28.2 6.8
      vertex 55.5376 28.2 5.6
    endloop
  endfacet
  facet normal 0.980811 0.194961 0
    outer loop
      vertex 55.3977 28.5377 6.8
      vertex 55.362 28.7173 5.6
      vertex 55.362 28.7173 6.8
    endloop
  endfacet
  facet normal 0.980811 0.194961 0
    outer loop
      vertex 55.362 28.7173 5.6
      vertex 55.3977 28.5377 6.8
      vertex 55.3977 28.5377 5.6
    endloop
  endfacet
  facet normal -0.321462 0.946922 0
    outer loop
      vertex 57.2858 27.6066 5.6
      vertex 57.1123 27.5477 6.8
      vertex 57.2858 27.6066 6.8
    endloop
  endfacet
  facet normal -0.321462 0.946922 0
    outer loop
      vertex 57.1123 27.5477 6.8
      vertex 57.2858 27.6066 5.6
      vertex 57.1123 27.5477 5.6
    endloop
  endfacet
  facet normal -0.659432 0.751764 0
    outer loop
      vertex 57.7399 27.91 5.6
      vertex 57.6023 27.7893 6.8
      vertex 57.7399 27.91 6.8
    endloop
  endfacet
  facet normal -0.659432 0.751764 0
    outer loop
      vertex 57.6023 27.7893 6.8
      vertex 57.7399 27.91 5.6
      vertex 57.6023 27.7893 5.6
    endloop
  endfacet
  facet normal -0.980811 0.194961 0
    outer loop
      vertex 58.1023 28.5377 5.6
      vertex 58.138 28.7173 6.8
      vertex 58.138 28.7173 5.6
    endloop
  endfacet
  facet normal -0.980811 0.194961 0
    outer loop
      vertex 58.138 28.7173 6.8
      vertex 58.1023 28.5377 5.6
      vertex 58.1023 28.5377 6.8
    endloop
  endfacet
  facet normal -0.896817 0.442401 0
    outer loop
      vertex 57.9624 28.2 5.6
      vertex 58.0434 28.3642 6.8
      vertex 58.0434 28.3642 5.6
    endloop
  endfacet
  facet normal -0.896817 0.442401 0
    outer loop
      vertex 58.0434 28.3642 6.8
      vertex 57.9624 28.2 5.6
      vertex 57.9624 28.2 6.8
    endloop
  endfacet
  facet normal 0.442401 0.896817 -0
    outer loop
      vertex 56.2142 27.6066 5.6
      vertex 56.05 27.6876 6.8
      vertex 56.2142 27.6066 6.8
    endloop
  endfacet
  facet normal 0.442401 0.896817 0
    outer loop
      vertex 56.05 27.6876 6.8
      vertex 56.2142 27.6066 5.6
      vertex 56.05 27.6876 5.6
    endloop
  endfacet
  facet normal 0.0655402 0.99785 -0
    outer loop
      vertex 56.75 27.5 5.6
      vertex 56.5673 27.512 6.8
      vertex 56.75 27.5 6.8
    endloop
  endfacet
  facet normal 0.0655402 0.99785 0
    outer loop
      vertex 56.5673 27.512 6.8
      vertex 56.75 27.5 5.6
      vertex 56.5673 27.512 5.6
    endloop
  endfacet
  facet normal 0.752001 0.659162 0
    outer loop
      vertex 55.76 27.91 6.8
      vertex 55.6393 28.0477 5.6
      vertex 55.6393 28.0477 6.8
    endloop
  endfacet
  facet normal 0.752001 0.659162 0
    outer loop
      vertex 55.6393 28.0477 5.6
      vertex 55.76 27.91 6.8
      vertex 55.76 27.91 5.6
    endloop
  endfacet
  facet normal 0.946922 0.321462 0
    outer loop
      vertex 55.4566 28.3642 6.8
      vertex 55.3977 28.5377 5.6
      vertex 55.3977 28.5377 6.8
    endloop
  endfacet
  facet normal 0.946922 0.321462 0
    outer loop
      vertex 55.3977 28.5377 5.6
      vertex 55.4566 28.3642 6.8
      vertex 55.4566 28.3642 5.6
    endloop
  endfacet
  facet normal -0.99785 0.0655402 0
    outer loop
      vertex 58.138 28.7173 5.6
      vertex 58.15 28.9 6.8
      vertex 58.15 28.9 5.6
    endloop
  endfacet
  facet normal -0.99785 0.0655402 0
    outer loop
      vertex 58.15 28.9 6.8
      vertex 58.138 28.7173 5.6
      vertex 58.138 28.7173 6.8
    endloop
  endfacet
  facet normal -0.997851 -0.0655224 0
    outer loop
      vertex 59.55 86.9 0
      vertex 59.526 87.2655 5.6
      vertex 59.526 87.2655 0
    endloop
  endfacet
  facet normal -0.997851 -0.0655224 0
    outer loop
      vertex 59.526 87.2655 5.6
      vertex 59.55 86.9 0
      vertex 59.55 86.9 5.6
    endloop
  endfacet
  facet normal 0.0655224 -0.997851 0
    outer loop
      vertex 56.3845 89.676 0
      vertex 56.75 89.7 5.6
      vertex 56.3845 89.676 5.6
    endloop
  endfacet
  facet normal 0.0655224 -0.997851 0
    outer loop
      vertex 56.75 89.7 5.6
      vertex 56.3845 89.676 0
      vertex 56.75 89.7 0
    endloop
  endfacet
  facet normal -0.0655224 0.997851 0
    outer loop
      vertex 57.1155 84.124 0
      vertex 56.75 84.1 5.6
      vertex 57.1155 84.124 5.6
    endloop
  endfacet
  facet normal -0.0655224 0.997851 0
    outer loop
      vertex 56.75 84.1 5.6
      vertex 57.1155 84.124 0
      vertex 56.75 84.1 0
    endloop
  endfacet
  facet normal -0.751866 0.659316 0
    outer loop
      vertex 58.7299 84.9201 0
      vertex 58.9714 85.1955 5.6
      vertex 58.9714 85.1955 0
    endloop
  endfacet
  facet normal -0.751866 0.659316 0
    outer loop
      vertex 58.9714 85.1955 5.6
      vertex 58.7299 84.9201 0
      vertex 58.7299 84.9201 5.6
    endloop
  endfacet
  facet normal -0.659316 -0.751866 0
    outer loop
      vertex 58.4545 89.1214 0
      vertex 58.7299 88.8799 5.6
      vertex 58.4545 89.1214 5.6
    endloop
  endfacet
  facet normal -0.659316 -0.751866 -0
    outer loop
      vertex 58.7299 88.8799 5.6
      vertex 58.4545 89.1214 0
      vertex 58.7299 88.8799 0
    endloop
  endfacet
  facet normal 0.751866 -0.659316 0
    outer loop
      vertex 54.5286 88.6045 5.6
      vertex 54.7701 88.8799 0
      vertex 54.7701 88.8799 5.6
    endloop
  endfacet
  facet normal 0.751866 -0.659316 0
    outer loop
      vertex 54.7701 88.8799 0
      vertex 54.5286 88.6045 5.6
      vertex 54.5286 88.6045 0
    endloop
  endfacet
  facet normal 0.442292 -0.896871 0
    outer loop
      vertex 55.35 89.3249 0
      vertex 55.6785 89.4869 5.6
      vertex 55.35 89.3249 5.6
    endloop
  endfacet
  facet normal 0.442292 -0.896871 0
    outer loop
      vertex 55.6785 89.4869 5.6
      vertex 55.35 89.3249 0
      vertex 55.6785 89.4869 0
    endloop
  endfacet
  facet normal -0.896871 -0.442292 0
    outer loop
      vertex 59.3369 87.9715 0
      vertex 59.1749 88.3 5.6
      vertex 59.1749 88.3 0
    endloop
  endfacet
  facet normal -0.896871 -0.442292 0
    outer loop
      vertex 59.1749 88.3 5.6
      vertex 59.3369 87.9715 0
      vertex 59.3369 87.9715 5.6
    endloop
  endfacet
  facet normal -0.83142 -0.555645 0
    outer loop
      vertex 59.1749 88.3 0
      vertex 58.9714 88.6045 5.6
      vertex 58.9714 88.6045 0
    endloop
  endfacet
  facet normal -0.83142 -0.555645 0
    outer loop
      vertex 58.9714 88.6045 5.6
      vertex 59.1749 88.3 0
      vertex 59.1749 88.3 5.6
    endloop
  endfacet
  facet normal -0.321384 -0.946949 0
    outer loop
      vertex 57.4747 89.6046 0
      vertex 57.8215 89.4869 5.6
      vertex 57.4747 89.6046 5.6
    endloop
  endfacet
  facet normal -0.321384 -0.946949 -0
    outer loop
      vertex 57.8215 89.4869 5.6
      vertex 57.4747 89.6046 0
      vertex 57.8215 89.4869 0
    endloop
  endfacet
  facet normal -0.442292 -0.896871 0
    outer loop
      vertex 57.8215 89.4869 0
      vertex 58.15 89.3249 5.6
      vertex 57.8215 89.4869 5.6
    endloop
  endfacet
  facet normal -0.442292 -0.896871 -0
    outer loop
      vertex 58.15 89.3249 5.6
      vertex 57.8215 89.4869 0
      vertex 58.15 89.3249 0
    endloop
  endfacet
  facet normal 0.946949 -0.321384 0
    outer loop
      vertex 54.0454 87.6247 5.6
      vertex 54.1631 87.9715 0
      vertex 54.1631 87.9715 5.6
    endloop
  endfacet
  facet normal 0.946949 -0.321384 0
    outer loop
      vertex 54.1631 87.9715 0
      vertex 54.0454 87.6247 5.6
      vertex 54.0454 87.6247 0
    endloop
  endfacet
  facet normal 0 0 -1
    outer loop
      vertex 59.526 86.5345 5.6
      vertex 58.138 86.7173 5.6
      vertex 58.15 86.9 5.6
    endloop
  endfacet
  facet normal 0 0 -1
    outer loop
      vertex 58.4545 84.6786 5.6
      vertex 58.1023 86.5377 5.6
      vertex 58.138 86.7173 5.6
    endloop
  endfacet
  facet normal 0 0 -1
    outer loop
      vertex 58.4545 84.6786 5.6
      vertex 58.0434 86.3642 5.6
      vertex 58.1023 86.5377 5.6
    endloop
  endfacet
  facet normal 0 0 -1
    outer loop
      vertex 58.4545 84.6786 5.6
      vertex 57.9624 86.2 5.6
      vertex 58.0434 86.3642 5.6
    endloop
  endfacet
  facet normal 0 0 -1
    outer loop
      vertex 58.4545 84.6786 5.6
      vertex 57.8607 86.0477 5.6
      vertex 57.9624 86.2 5.6
    endloop
  endfacet
  facet normal 0 0 -1
    outer loop
      vertex 57.45 85.6876 5.6
      vertex 58.15 84.4751 5.6
      vertex 57.8215 84.3131 5.6
    endloop
  endfacet
  facet normal 0 0 -1
    outer loop
      vertex 58.4545 84.6786 5.6
      vertex 57.7399 85.91 5.6
      vertex 57.8607 86.0477 5.6
    endloop
  endfacet
  facet normal 0 0 -1
    outer loop
      vertex 58.4545 84.6786 5.6
      vertex 57.6023 85.7893 5.6
      vertex 57.7399 85.91 5.6
    endloop
  endfacet
  facet normal 0 0 -1
    outer loop
      vertex 57.2858 85.6066 5.6
      vertex 57.8215 84.3131 5.6
      vertex 57.4747 84.1954 5.6
    endloop
  endfacet
  facet normal 0 0 -1
    outer loop
      vertex 58.15 84.4751 5.6
      vertex 57.45 85.6876 5.6
      vertex 57.6023 85.7893 5.6
    endloop
  endfacet
  facet normal 0 0 -1
    outer loop
      vertex 57.8215 84.3131 5.6
      vertex 57.2858 85.6066 5.6
      vertex 57.45 85.6876 5.6
    endloop
  endfacet
  facet normal 0 0 -1
    outer loop
      vertex 57.1123 85.5477 5.6
      vertex 57.4747 84.1954 5.6
      vertex 57.1155 84.124 5.6
    endloop
  endfacet
  facet normal 0 0 -1
    outer loop
      vertex 57.4747 84.1954 5.6
      vertex 57.1123 85.5477 5.6
      vertex 57.2858 85.6066 5.6
    endloop
  endfacet
  facet normal 0 0 -1
    outer loop
      vertex 57.1155 84.124 5.6
      vertex 56.9327 85.512 5.6
      vertex 57.1123 85.5477 5.6
    endloop
  endfacet
  facet normal 0 0 -1
    outer loop
      vertex 56.75 84.1 5.6
      vertex 56.9327 85.512 5.6
      vertex 57.1155 84.124 5.6
    endloop
  endfacet
  facet normal 0 0 -1
    outer loop
      vertex 56.75 84.1 5.6
      vertex 56.75 85.5 5.6
      vertex 56.9327 85.512 5.6
    endloop
  endfacet
  facet normal 0 0 -1
    outer loop
      vertex 56.75 84.1 5.6
      vertex 56.5673 85.512 5.6
      vertex 56.75 85.5 5.6
    endloop
  endfacet
  facet normal 0 0 -1
    outer loop
      vertex 56.3845 84.124 5.6
      vertex 56.5673 85.512 5.6
      vertex 56.75 84.1 5.6
    endloop
  endfacet
  facet normal -0 0 -1
    outer loop
      vertex 56.5673 85.512 5.6
      vertex 56.3845 84.124 5.6
      vertex 56.3877 85.5477 5.6
    endloop
  endfacet
  facet normal 0 0 -1
    outer loop
      vertex 56.0253 84.1954 5.6
      vertex 56.3877 85.5477 5.6
      vertex 56.3845 84.124 5.6
    endloop
  endfacet
  facet normal -0 0 -1
    outer loop
      vertex 56.3877 85.5477 5.6
      vertex 56.0253 84.1954 5.6
      vertex 56.2142 85.6066 5.6
    endloop
  endfacet
  facet normal 0 0 -1
    outer loop
      vertex 55.6785 84.3131 5.6
      vertex 56.2142 85.6066 5.6
      vertex 56.0253 84.1954 5.6
    endloop
  endfacet
  facet normal -0 0 -1
    outer loop
      vertex 56.2142 85.6066 5.6
      vertex 55.6785 84.3131 5.6
      vertex 56.05 85.6876 5.6
    endloop
  endfacet
  facet normal 0 0 -1
    outer loop
      vertex 55.35 84.4751 5.6
      vertex 56.05 85.6876 5.6
      vertex 55.6785 84.3131 5.6
    endloop
  endfacet
  facet normal -0 0 -1
    outer loop
      vertex 56.05 85.6876 5.6
      vertex 55.35 84.4751 5.6
      vertex 55.8977 85.7893 5.6
    endloop
  endfacet
  facet normal 0 0 -1
    outer loop
      vertex 55.0455 84.6786 5.6
      vertex 55.8977 85.7893 5.6
      vertex 55.35 84.4751 5.6
    endloop
  endfacet
  facet normal -0 0 -1
    outer loop
      vertex 55.8977 85.7893 5.6
      vertex 55.0455 84.6786 5.6
      vertex 55.76 85.91 5.6
    endloop
  endfacet
  facet normal 0 0 -1
    outer loop
      vertex 54.7701 84.9201 5.6
      vertex 55.76 85.91 5.6
      vertex 55.0455 84.6786 5.6
    endloop
  endfacet
  facet normal -0 0 -1
    outer loop
      vertex 55.76 85.91 5.6
      vertex 54.7701 84.9201 5.6
      vertex 55.6393 86.0477 5.6
    endloop
  endfacet
  facet normal 0 0 -1
    outer loop
      vertex 54.5286 85.1955 5.6
      vertex 55.6393 86.0477 5.6
      vertex 54.7701 84.9201 5.6
    endloop
  endfacet
  facet normal -0 0 -1
    outer loop
      vertex 55.6393 86.0477 5.6
      vertex 54.5286 85.1955 5.6
      vertex 55.5376 86.2 5.6
    endloop
  endfacet
  facet normal 0 0 -1
    outer loop
      vertex 54.3251 85.5 5.6
      vertex 55.5376 86.2 5.6
      vertex 54.5286 85.1955 5.6
    endloop
  endfacet
  facet normal -0 0 -1
    outer loop
      vertex 55.5376 86.2 5.6
      vertex 54.3251 85.5 5.6
      vertex 55.4566 86.3642 5.6
    endloop
  endfacet
  facet normal 0 0 -1
    outer loop
      vertex 54.1631 85.8285 5.6
      vertex 55.4566 86.3642 5.6
      vertex 54.3251 85.5 5.6
    endloop
  endfacet
  facet normal 0 0 -1
    outer loop
      vertex 55.35 86.9 5.6
      vertex 55.0455 89.1214 5.6
      vertex 55.35 89.3249 5.6
    endloop
  endfacet
  facet normal -0 0 -1
    outer loop
      vertex 55.4566 86.3642 5.6
      vertex 54.1631 85.8285 5.6
      vertex 55.3977 86.5377 5.6
    endloop
  endfacet
  facet normal 0 0 -1
    outer loop
      vertex 55.35 86.9 5.6
      vertex 54.7701 88.8799 5.6
      vertex 55.0455 89.1214 5.6
    endloop
  endfacet
  facet normal 0 0 -1
    outer loop
      vertex 54.0454 86.1753 5.6
      vertex 55.3977 86.5377 5.6
      vertex 54.1631 85.8285 5.6
    endloop
  endfacet
  facet normal 0 0 -1
    outer loop
      vertex 55.35 86.9 5.6
      vertex 54.5286 88.6045 5.6
      vertex 54.7701 88.8799 5.6
    endloop
  endfacet
  facet normal -0 0 -1
    outer loop
      vertex 55.3977 86.5377 5.6
      vertex 54.0454 86.1753 5.6
      vertex 55.362 86.7173 5.6
    endloop
  endfacet
  facet normal 0 0 -1
    outer loop
      vertex 55.35 86.9 5.6
      vertex 54.3251 88.3 5.6
      vertex 54.5286 88.6045 5.6
    endloop
  endfacet
  facet normal 0 0 -1
    outer loop
      vertex 53.974 86.5345 5.6
      vertex 55.362 86.7173 5.6
      vertex 54.0454 86.1753 5.6
    endloop
  endfacet
  facet normal 0 0 -1
    outer loop
      vertex 55.35 86.9 5.6
      vertex 54.1631 87.9715 5.6
      vertex 54.3251 88.3 5.6
    endloop
  endfacet
  facet normal -0 0 -1
    outer loop
      vertex 55.362 86.7173 5.6
      vertex 53.974 86.5345 5.6
      vertex 55.35 86.9 5.6
    endloop
  endfacet
  facet normal 0 0 -1
    outer loop
      vertex 55.35 86.9 5.6
      vertex 54.0454 87.6247 5.6
      vertex 54.1631 87.9715 5.6
    endloop
  endfacet
  facet normal 0 0 -1
    outer loop
      vertex 53.95 86.9 5.6
      vertex 55.35 86.9 5.6
      vertex 53.974 86.5345 5.6
    endloop
  endfacet
  facet normal 0 0 -1
    outer loop
      vertex 55.35 86.9 5.6
      vertex 53.974 87.2655 5.6
      vertex 54.0454 87.6247 5.6
    endloop
  endfacet
  facet normal 0 0 -1
    outer loop
      vertex 55.35 86.9 5.6
      vertex 53.95 86.9 5.6
      vertex 53.974 87.2655 5.6
    endloop
  endfacet
  facet normal 0 0 -1
    outer loop
      vertex 58.15 86.9 5.6
      vertex 59.55 86.9 5.6
      vertex 59.526 86.5345 5.6
    endloop
  endfacet
  facet normal 0 0 -1
    outer loop
      vertex 58.138 86.7173 5.6
      vertex 59.526 86.5345 5.6
      vertex 59.4546 86.1753 5.6
    endloop
  endfacet
  facet normal 0 0 -1
    outer loop
      vertex 59.55 86.9 5.6
      vertex 58.15 86.9 5.6
      vertex 59.526 87.2655 5.6
    endloop
  endfacet
  facet normal 0 0 -1
    outer loop
      vertex 58.138 86.7173 5.6
      vertex 59.4546 86.1753 5.6
      vertex 59.3369 85.8285 5.6
    endloop
  endfacet
  facet normal 0 0 -1
    outer loop
      vertex 58.138 87.0827 5.6
      vertex 59.526 87.2655 5.6
      vertex 58.15 86.9 5.6
    endloop
  endfacet
  facet normal 0 0 -1
    outer loop
      vertex 58.138 86.7173 5.6
      vertex 59.3369 85.8285 5.6
      vertex 59.1749 85.5 5.6
    endloop
  endfacet
  facet normal -0 0 -1
    outer loop
      vertex 59.526 87.2655 5.6
      vertex 58.138 87.0827 5.6
      vertex 59.4546 87.6247 5.6
    endloop
  endfacet
  facet normal 0 0 -1
    outer loop
      vertex 58.138 86.7173 5.6
      vertex 59.1749 85.5 5.6
      vertex 58.9714 85.1955 5.6
    endloop
  endfacet
  facet normal 0 0 -1
    outer loop
      vertex 58.1023 87.2623 5.6
      vertex 59.4546 87.6247 5.6
      vertex 58.138 87.0827 5.6
    endloop
  endfacet
  facet normal 0 0 -1
    outer loop
      vertex 58.138 86.7173 5.6
      vertex 58.9714 85.1955 5.6
      vertex 58.7299 84.9201 5.6
    endloop
  endfacet
  facet normal -0 0 -1
    outer loop
      vertex 59.4546 87.6247 5.6
      vertex 58.1023 87.2623 5.6
      vertex 59.3369 87.9715 5.6
    endloop
  endfacet
  facet normal 0 0 -1
    outer loop
      vertex 58.138 86.7173 5.6
      vertex 58.7299 84.9201 5.6
      vertex 58.4545 84.6786 5.6
    endloop
  endfacet
  facet normal 0 0 -1
    outer loop
      vertex 58.0434 87.4358 5.6
      vertex 59.3369 87.9715 5.6
      vertex 58.1023 87.2623 5.6
    endloop
  endfacet
  facet normal 0 0 -1
    outer loop
      vertex 57.6023 85.7893 5.6
      vertex 58.4545 84.6786 5.6
      vertex 58.15 84.4751 5.6
    endloop
  endfacet
  facet normal -0 0 -1
    outer loop
      vertex 59.3369 87.9715 5.6
      vertex 58.0434 87.4358 5.6
      vertex 59.1749 88.3 5.6
    endloop
  endfacet
  facet normal 0 0 -1
    outer loop
      vertex 57.9624 87.6 5.6
      vertex 59.1749 88.3 5.6
      vertex 58.0434 87.4358 5.6
    endloop
  endfacet
  facet normal -0 0 -1
    outer loop
      vertex 59.1749 88.3 5.6
      vertex 57.9624 87.6 5.6
      vertex 58.9714 88.6045 5.6
    endloop
  endfacet
  facet normal 0 0 -1
    outer loop
      vertex 57.8607 87.7523 5.6
      vertex 58.9714 88.6045 5.6
      vertex 57.9624 87.6 5.6
    endloop
  endfacet
  facet normal -0 0 -1
    outer loop
      vertex 58.9714 88.6045 5.6
      vertex 57.8607 87.7523 5.6
      vertex 58.7299 88.8799 5.6
    endloop
  endfacet
  facet normal 0 0 -1
    outer loop
      vertex 57.7399 87.8899 5.6
      vertex 58.7299 88.8799 5.6
      vertex 57.8607 87.7523 5.6
    endloop
  endfacet
  facet normal -0 0 -1
    outer loop
      vertex 58.7299 88.8799 5.6
      vertex 57.7399 87.8899 5.6
      vertex 58.4545 89.1214 5.6
    endloop
  endfacet
  facet normal 0 0 -1
    outer loop
      vertex 57.6023 88.0107 5.6
      vertex 58.4545 89.1214 5.6
      vertex 57.7399 87.8899 5.6
    endloop
  endfacet
  facet normal -0 0 -1
    outer loop
      vertex 58.4545 89.1214 5.6
      vertex 57.6023 88.0107 5.6
      vertex 58.15 89.3249 5.6
    endloop
  endfacet
  facet normal 0 0 -1
    outer loop
      vertex 57.45 88.1124 5.6
      vertex 58.15 89.3249 5.6
      vertex 57.6023 88.0107 5.6
    endloop
  endfacet
  facet normal -0 0 -1
    outer loop
      vertex 58.15 89.3249 5.6
      vertex 57.45 88.1124 5.6
      vertex 57.8215 89.4869 5.6
    endloop
  endfacet
  facet normal 0 0 -1
    outer loop
      vertex 57.2858 88.1934 5.6
      vertex 57.8215 89.4869 5.6
      vertex 57.45 88.1124 5.6
    endloop
  endfacet
  facet normal -0 0 -1
    outer loop
      vertex 57.8215 89.4869 5.6
      vertex 57.2858 88.1934 5.6
      vertex 57.4747 89.6046 5.6
    endloop
  endfacet
  facet normal 0 0 -1
    outer loop
      vertex 57.1123 88.2523 5.6
      vertex 57.4747 89.6046 5.6
      vertex 57.2858 88.1934 5.6
    endloop
  endfacet
  facet normal -0 0 -1
    outer loop
      vertex 57.4747 89.6046 5.6
      vertex 57.1123 88.2523 5.6
      vertex 57.1155 89.676 5.6
    endloop
  endfacet
  facet normal 0 0 -1
    outer loop
      vertex 56.9327 88.288 5.6
      vertex 57.1155 89.676 5.6
      vertex 57.1123 88.2523 5.6
    endloop
  endfacet
  facet normal 0 0 -1
    outer loop
      vertex 56.75 88.3 5.6
      vertex 57.1155 89.676 5.6
      vertex 56.9327 88.288 5.6
    endloop
  endfacet
  facet normal 0 0 -1
    outer loop
      vertex 56.75 88.3 5.6
      vertex 56.75 89.7 5.6
      vertex 57.1155 89.676 5.6
    endloop
  endfacet
  facet normal 0 0 -1
    outer loop
      vertex 56.5673 88.288 5.6
      vertex 56.75 89.7 5.6
      vertex 56.75 88.3 5.6
    endloop
  endfacet
  facet normal 0 0 -1
    outer loop
      vertex 56.3845 89.676 5.6
      vertex 56.5673 88.288 5.6
      vertex 56.3877 88.2523 5.6
    endloop
  endfacet
  facet normal 0 0 -1
    outer loop
      vertex 56.5673 88.288 5.6
      vertex 56.3845 89.676 5.6
      vertex 56.75 89.7 5.6
    endloop
  endfacet
  facet normal 0 0 -1
    outer loop
      vertex 56.0253 89.6046 5.6
      vertex 56.3877 88.2523 5.6
      vertex 56.2142 88.1934 5.6
    endloop
  endfacet
  facet normal 0 0 -1
    outer loop
      vertex 55.6785 89.4869 5.6
      vertex 56.2142 88.1934 5.6
      vertex 56.05 88.1124 5.6
    endloop
  endfacet
  facet normal 0 0 -1
    outer loop
      vertex 56.3877 88.2523 5.6
      vertex 56.0253 89.6046 5.6
      vertex 56.3845 89.676 5.6
    endloop
  endfacet
  facet normal 0 0 -1
    outer loop
      vertex 55.35 89.3249 5.6
      vertex 56.05 88.1124 5.6
      vertex 55.8977 88.0107 5.6
    endloop
  endfacet
  facet normal 0 0 -1
    outer loop
      vertex 55.35 89.3249 5.6
      vertex 55.8977 88.0107 5.6
      vertex 55.76 87.8899 5.6
    endloop
  endfacet
  facet normal 0 0 -1
    outer loop
      vertex 56.2142 88.1934 5.6
      vertex 55.6785 89.4869 5.6
      vertex 56.0253 89.6046 5.6
    endloop
  endfacet
  facet normal 0 0 -1
    outer loop
      vertex 55.35 89.3249 5.6
      vertex 55.76 87.8899 5.6
      vertex 55.6393 87.7523 5.6
    endloop
  endfacet
  facet normal 0 0 -1
    outer loop
      vertex 55.35 89.3249 5.6
      vertex 55.6393 87.7523 5.6
      vertex 55.5376 87.6 5.6
    endloop
  endfacet
  facet normal 0 0 -1
    outer loop
      vertex 55.35 89.3249 5.6
      vertex 55.5376 87.6 5.6
      vertex 55.4566 87.4358 5.6
    endloop
  endfacet
  facet normal 0 0 -1
    outer loop
      vertex 55.35 89.3249 5.6
      vertex 55.4566 87.4358 5.6
      vertex 55.3977 87.2623 5.6
    endloop
  endfacet
  facet normal 0 0 -1
    outer loop
      vertex 55.35 89.3249 5.6
      vertex 55.3977 87.2623 5.6
      vertex 55.362 87.0827 5.6
    endloop
  endfacet
  facet normal 0 0 -1
    outer loop
      vertex 56.05 88.1124 5.6
      vertex 55.35 89.3249 5.6
      vertex 55.6785 89.4869 5.6
    endloop
  endfacet
  facet normal 0 0 -1
    outer loop
      vertex 55.35 89.3249 5.6
      vertex 55.362 87.0827 5.6
      vertex 55.35 86.9 5.6
    endloop
  endfacet
  facet normal 0.555645 -0.83142 0
    outer loop
      vertex 55.0455 89.1214 0
      vertex 55.35 89.3249 5.6
      vertex 55.0455 89.1214 5.6
    endloop
  endfacet
  facet normal 0.555645 -0.83142 0
    outer loop
      vertex 55.35 89.3249 5.6
      vertex 55.0455 89.1214 0
      vertex 55.35 89.3249 0
    endloop
  endfacet
  facet normal 0.321384 -0.946949 0
    outer loop
      vertex 55.6785 89.4869 0
      vertex 56.0253 89.6046 5.6
      vertex 55.6785 89.4869 5.6
    endloop
  endfacet
  facet normal 0.321384 -0.946949 0
    outer loop
      vertex 56.0253 89.6046 5.6
      vertex 55.6785 89.4869 0
      vertex 56.0253 89.6046 0
    endloop
  endfacet
  facet normal -0.442292 0.896871 0
    outer loop
      vertex 58.15 84.4751 0
      vertex 57.8215 84.3131 5.6
      vertex 58.15 84.4751 5.6
    endloop
  endfacet
  facet normal -0.442292 0.896871 0
    outer loop
      vertex 57.8215 84.3131 5.6
      vertex 58.15 84.4751 0
      vertex 57.8215 84.3131 0
    endloop
  endfacet
  facet normal -0.946949 -0.321384 0
    outer loop
      vertex 59.4546 87.6247 0
      vertex 59.3369 87.9715 5.6
      vertex 59.3369 87.9715 0
    endloop
  endfacet
  facet normal -0.946949 -0.321384 0
    outer loop
      vertex 59.3369 87.9715 5.6
      vertex 59.4546 87.6247 0
      vertex 59.4546 87.6247 5.6
    endloop
  endfacet
  facet normal -0.980811 -0.194961 0
    outer loop
      vertex 59.526 87.2655 0
      vertex 59.4546 87.6247 5.6
      vertex 59.4546 87.6247 0
    endloop
  endfacet
  facet normal -0.980811 -0.194961 0
    outer loop
      vertex 59.4546 87.6247 5.6
      vertex 59.526 87.2655 0
      vertex 59.526 87.2655 5.6
    endloop
  endfacet
  facet normal -0.751866 -0.659316 0
    outer loop
      vertex 58.9714 88.6045 0
      vertex 58.7299 88.8799 5.6
      vertex 58.7299 88.8799 0
    endloop
  endfacet
  facet normal -0.751866 -0.659316 0
    outer loop
      vertex 58.7299 88.8799 5.6
      vertex 58.9714 88.6045 0
      vertex 58.9714 88.6045 5.6
    endloop
  endfacet
  facet normal -0.194961 -0.980811 0
    outer loop
      vertex 57.1155 89.676 0
      vertex 57.4747 89.6046 5.6
      vertex 57.1155 89.676 5.6
    endloop
  endfacet
  facet normal -0.194961 -0.980811 -0
    outer loop
      vertex 57.4747 89.6046 5.6
      vertex 57.1155 89.676 0
      vertex 57.4747 89.6046 0
    endloop
  endfacet
  facet normal -0.0655224 -0.997851 0
    outer loop
      vertex 56.75 89.7 0
      vertex 57.1155 89.676 5.6
      vertex 56.75 89.7 5.6
    endloop
  endfacet
  facet normal -0.0655224 -0.997851 -0
    outer loop
      vertex 57.1155 89.676 5.6
      vertex 56.75 89.7 0
      vertex 57.1155 89.676 0
    endloop
  endfacet
  facet normal -0.555645 -0.83142 0
    outer loop
      vertex 58.15 89.3249 0
      vertex 58.4545 89.1214 5.6
      vertex 58.15 89.3249 5.6
    endloop
  endfacet
  facet normal -0.555645 -0.83142 -0
    outer loop
      vertex 58.4545 89.1214 5.6
      vertex 58.15 89.3249 0
      vertex 58.4545 89.1214 0
    endloop
  endfacet
  facet normal 0.896871 -0.442292 0
    outer loop
      vertex 54.1631 87.9715 5.6
      vertex 54.3251 88.3 0
      vertex 54.3251 88.3 5.6
    endloop
  endfacet
  facet normal 0.896871 -0.442292 0
    outer loop
      vertex 54.3251 88.3 0
      vertex 54.1631 87.9715 5.6
      vertex 54.1631 87.9715 0
    endloop
  endfacet
  facet normal 0.83142 -0.555645 0
    outer loop
      vertex 54.3251 88.3 5.6
      vertex 54.5286 88.6045 0
      vertex 54.5286 88.6045 5.6
    endloop
  endfacet
  facet normal 0.83142 -0.555645 0
    outer loop
      vertex 54.5286 88.6045 0
      vertex 54.3251 88.3 5.6
      vertex 54.3251 88.3 0
    endloop
  endfacet
  facet normal 0.980811 -0.194961 0
    outer loop
      vertex 53.974 87.2655 5.6
      vertex 54.0454 87.6247 0
      vertex 54.0454 87.6247 5.6
    endloop
  endfacet
  facet normal 0.980811 -0.194961 0
    outer loop
      vertex 54.0454 87.6247 0
      vertex 53.974 87.2655 5.6
      vertex 53.974 87.2655 0
    endloop
  endfacet
  facet normal 0.997851 -0.0655224 0
    outer loop
      vertex 53.95 86.9 5.6
      vertex 53.974 87.2655 0
      vertex 53.974 87.2655 5.6
    endloop
  endfacet
  facet normal 0.997851 -0.0655224 0
    outer loop
      vertex 53.974 87.2655 0
      vertex 53.95 86.9 5.6
      vertex 53.95 86.9 0
    endloop
  endfacet
  facet normal 0.997851 0.0655224 0
    outer loop
      vertex 53.974 86.5345 5.6
      vertex 53.95 86.9 0
      vertex 53.95 86.9 5.6
    endloop
  endfacet
  facet normal 0.997851 0.0655224 0
    outer loop
      vertex 53.95 86.9 0
      vertex 53.974 86.5345 5.6
      vertex 53.974 86.5345 0
    endloop
  endfacet
  facet normal 0.659316 -0.751866 0
    outer loop
      vertex 54.7701 88.8799 0
      vertex 55.0455 89.1214 5.6
      vertex 54.7701 88.8799 5.6
    endloop
  endfacet
  facet normal 0.659316 -0.751866 0
    outer loop
      vertex 55.0455 89.1214 5.6
      vertex 54.7701 88.8799 0
      vertex 55.0455 89.1214 0
    endloop
  endfacet
  facet normal 0.194961 -0.980811 0
    outer loop
      vertex 56.0253 89.6046 0
      vertex 56.3845 89.676 5.6
      vertex 56.0253 89.6046 5.6
    endloop
  endfacet
  facet normal 0.194961 -0.980811 0
    outer loop
      vertex 56.3845 89.676 5.6
      vertex 56.0253 89.6046 0
      vertex 56.3845 89.676 0
    endloop
  endfacet
  facet normal -0.946949 0.321384 0
    outer loop
      vertex 59.3369 85.8285 0
      vertex 59.4546 86.1753 5.6
      vertex 59.4546 86.1753 0
    endloop
  endfacet
  facet normal -0.946949 0.321384 0
    outer loop
      vertex 59.4546 86.1753 5.6
      vertex 59.3369 85.8285 0
      vertex 59.3369 85.8285 5.6
    endloop
  endfacet
  facet normal -0.980811 0.194961 0
    outer loop
      vertex 59.4546 86.1753 0
      vertex 59.526 86.5345 5.6
      vertex 59.526 86.5345 0
    endloop
  endfacet
  facet normal -0.980811 0.194961 0
    outer loop
      vertex 59.526 86.5345 5.6
      vertex 59.4546 86.1753 0
      vertex 59.4546 86.1753 5.6
    endloop
  endfacet
  facet normal 0.555645 0.83142 -0
    outer loop
      vertex 55.35 84.4751 0
      vertex 55.0455 84.6786 5.6
      vertex 55.35 84.4751 5.6
    endloop
  endfacet
  facet normal 0.555645 0.83142 0
    outer loop
      vertex 55.0455 84.6786 5.6
      vertex 55.35 84.4751 0
      vertex 55.0455 84.6786 0
    endloop
  endfacet
  facet normal 0.83142 0.555645 0
    outer loop
      vertex 54.5286 85.1955 5.6
      vertex 54.3251 85.5 0
      vertex 54.3251 85.5 5.6
    endloop
  endfacet
  facet normal 0.83142 0.555645 0
    outer loop
      vertex 54.3251 85.5 0
      vertex 54.5286 85.1955 5.6
      vertex 54.5286 85.1955 0
    endloop
  endfacet
  facet normal 0.751866 0.659316 0
    outer loop
      vertex 54.7701 84.9201 5.6
      vertex 54.5286 85.1955 0
      vertex 54.5286 85.1955 5.6
    endloop
  endfacet
  facet normal 0.751866 0.659316 0
    outer loop
      vertex 54.5286 85.1955 0
      vertex 54.7701 84.9201 5.6
      vertex 54.7701 84.9201 0
    endloop
  endfacet
  facet normal -0.555645 0.83142 0
    outer loop
      vertex 58.4545 84.6786 0
      vertex 58.15 84.4751 5.6
      vertex 58.4545 84.6786 5.6
    endloop
  endfacet
  facet normal -0.555645 0.83142 0
    outer loop
      vertex 58.15 84.4751 5.6
      vertex 58.4545 84.6786 0
      vertex 58.15 84.4751 0
    endloop
  endfacet
  facet normal -0.997851 0.0655224 0
    outer loop
      vertex 59.526 86.5345 0
      vertex 59.55 86.9 5.6
      vertex 59.55 86.9 0
    endloop
  endfacet
  facet normal -0.997851 0.0655224 0
    outer loop
      vertex 59.55 86.9 5.6
      vertex 59.526 86.5345 0
      vertex 59.526 86.5345 5.6
    endloop
  endfacet
  facet normal 0.659316 0.751866 -0
    outer loop
      vertex 55.0455 84.6786 0
      vertex 54.7701 84.9201 5.6
      vertex 55.0455 84.6786 5.6
    endloop
  endfacet
  facet normal 0.659316 0.751866 0
    outer loop
      vertex 54.7701 84.9201 5.6
      vertex 55.0455 84.6786 0
      vertex 54.7701 84.9201 0
    endloop
  endfacet
  facet normal 0.896871 0.442292 0
    outer loop
      vertex 54.3251 85.5 5.6
      vertex 54.1631 85.8285 0
      vertex 54.1631 85.8285 5.6
    endloop
  endfacet
  facet normal 0.896871 0.442292 0
    outer loop
      vertex 54.1631 85.8285 0
      vertex 54.3251 85.5 5.6
      vertex 54.3251 85.5 0
    endloop
  endfacet
  facet normal -0.659316 0.751866 0
    outer loop
      vertex 58.7299 84.9201 0
      vertex 58.4545 84.6786 5.6
      vertex 58.7299 84.9201 5.6
    endloop
  endfacet
  facet normal -0.659316 0.751866 0
    outer loop
      vertex 58.4545 84.6786 5.6
      vertex 58.7299 84.9201 0
      vertex 58.4545 84.6786 0
    endloop
  endfacet
  facet normal -0.321384 0.946949 0
    outer loop
      vertex 57.8215 84.3131 0
      vertex 57.4747 84.1954 5.6
      vertex 57.8215 84.3131 5.6
    endloop
  endfacet
  facet normal -0.321384 0.946949 0
    outer loop
      vertex 57.4747 84.1954 5.6
      vertex 57.8215 84.3131 0
      vertex 57.4747 84.1954 0
    endloop
  endfacet
  facet normal -0.194961 0.980811 0
    outer loop
      vertex 57.4747 84.1954 0
      vertex 57.1155 84.124 5.6
      vertex 57.4747 84.1954 5.6
    endloop
  endfacet
  facet normal -0.194961 0.980811 0
    outer loop
      vertex 57.1155 84.124 5.6
      vertex 57.4747 84.1954 0
      vertex 57.1155 84.124 0
    endloop
  endfacet
  facet normal -0.896871 0.442292 0
    outer loop
      vertex 59.1749 85.5 0
      vertex 59.3369 85.8285 5.6
      vertex 59.3369 85.8285 0
    endloop
  endfacet
  facet normal -0.896871 0.442292 0
    outer loop
      vertex 59.3369 85.8285 5.6
      vertex 59.1749 85.5 0
      vertex 59.1749 85.5 5.6
    endloop
  endfacet
  facet normal -0.83142 0.555645 0
    outer loop
      vertex 58.9714 85.1955 0
      vertex 59.1749 85.5 5.6
      vertex 59.1749 85.5 0
    endloop
  endfacet
  facet normal -0.83142 0.555645 0
    outer loop
      vertex 59.1749 85.5 5.6
      vertex 58.9714 85.1955 0
      vertex 58.9714 85.1955 5.6
    endloop
  endfacet
  facet normal 0.0655224 0.997851 -0
    outer loop
      vertex 56.75 84.1 0
      vertex 56.3845 84.124 5.6
      vertex 56.75 84.1 5.6
    endloop
  endfacet
  facet normal 0.0655224 0.997851 0
    outer loop
      vertex 56.3845 84.124 5.6
      vertex 56.75 84.1 0
      vertex 56.3845 84.124 0
    endloop
  endfacet
  facet normal 0.321384 0.946949 -0
    outer loop
      vertex 56.0253 84.1954 0
      vertex 55.6785 84.3131 5.6
      vertex 56.0253 84.1954 5.6
    endloop
  endfacet
  facet normal 0.321384 0.946949 0
    outer loop
      vertex 55.6785 84.3131 5.6
      vertex 56.0253 84.1954 0
      vertex 55.6785 84.3131 0
    endloop
  endfacet
  facet normal 0.194961 0.980811 -0
    outer loop
      vertex 56.3845 84.124 0
      vertex 56.0253 84.1954 5.6
      vertex 56.3845 84.124 5.6
    endloop
  endfacet
  facet normal 0.194961 0.980811 0
    outer loop
      vertex 56.0253 84.1954 5.6
      vertex 56.3845 84.124 0
      vertex 56.0253 84.1954 0
    endloop
  endfacet
  facet normal 0.946949 0.321384 0
    outer loop
      vertex 54.1631 85.8285 5.6
      vertex 54.0454 86.1753 0
      vertex 54.0454 86.1753 5.6
    endloop
  endfacet
  facet normal 0.946949 0.321384 0
    outer loop
      vertex 54.0454 86.1753 0
      vertex 54.1631 85.8285 5.6
      vertex 54.1631 85.8285 0
    endloop
  endfacet
  facet normal 0.980811 0.194961 0
    outer loop
      vertex 54.0454 86.1753 5.6
      vertex 53.974 86.5345 0
      vertex 53.974 86.5345 5.6
    endloop
  endfacet
  facet normal 0.980811 0.194961 0
    outer loop
      vertex 53.974 86.5345 0
      vertex 54.0454 86.1753 5.6
      vertex 54.0454 86.1753 0
    endloop
  endfacet
  facet normal 0.442292 0.896871 -0
    outer loop
      vertex 55.6785 84.3131 0
      vertex 55.35 84.4751 5.6
      vertex 55.6785 84.3131 5.6
    endloop
  endfacet
  facet normal 0.442292 0.896871 0
    outer loop
      vertex 55.35 84.4751 5.6
      vertex 55.6785 84.3131 0
      vertex 55.35 84.4751 0
    endloop
  endfacet
  facet normal -0.99785 -0.0655402 0
    outer loop
      vertex 58.15 86.9 5.6
      vertex 58.138 87.0827 6.8
      vertex 58.138 87.0827 5.6
    endloop
  endfacet
  facet normal -0.99785 -0.0655402 0
    outer loop
      vertex 58.138 87.0827 6.8
      vertex 58.15 86.9 5.6
      vertex 58.15 86.9 6.8
    endloop
  endfacet
  facet normal 0.0655402 -0.99785 0
    outer loop
      vertex 56.5673 88.288 5.6
      vertex 56.75 88.3 6.8
      vertex 56.5673 88.288 6.8
    endloop
  endfacet
  facet normal 0.0655402 -0.99785 0
    outer loop
      vertex 56.75 88.3 6.8
      vertex 56.5673 88.288 5.6
      vertex 56.75 88.3 5.6
    endloop
  endfacet
  facet normal -0.659741 -0.751493 0
    outer loop
      vertex 57.6023 88.0107 5.6
      vertex 57.7399 87.8899 6.8
      vertex 57.6023 88.0107 6.8
    endloop
  endfacet
  facet normal -0.659741 -0.751493 -0
    outer loop
      vertex 57.7399 87.8899 6.8
      vertex 57.6023 88.0107 5.6
      vertex 57.7399 87.8899 5.6
    endloop
  endfacet
  facet normal 0.751764 -0.659432 0
    outer loop
      vertex 55.6393 87.7523 6.8
      vertex 55.76 87.8899 5.6
      vertex 55.76 87.8899 6.8
    endloop
  endfacet
  facet normal 0.751764 -0.659432 0
    outer loop
      vertex 55.76 87.8899 5.6
      vertex 55.6393 87.7523 6.8
      vertex 55.6393 87.7523 5.6
    endloop
  endfacet
  facet normal 0.442401 -0.896817 0
    outer loop
      vertex 56.05 88.1124 5.6
      vertex 56.2142 88.1934 6.8
      vertex 56.05 88.1124 6.8
    endloop
  endfacet
  facet normal 0.442401 -0.896817 0
    outer loop
      vertex 56.2142 88.1934 6.8
      vertex 56.05 88.1124 5.6
      vertex 56.2142 88.1934 5.6
    endloop
  endfacet
  facet normal -0.896817 -0.442401 0
    outer loop
      vertex 58.0434 87.4358 5.6
      vertex 57.9624 87.6 6.8
      vertex 57.9624 87.6 5.6
    endloop
  endfacet
  facet normal -0.896817 -0.442401 0
    outer loop
      vertex 57.9624 87.6 6.8
      vertex 58.0434 87.4358 5.6
      vertex 58.0434 87.4358 6.8
    endloop
  endfacet
  facet normal -0.321462 -0.946922 0
    outer loop
      vertex 57.1123 88.2523 5.6
      vertex 57.2858 88.1934 6.8
      vertex 57.1123 88.2523 6.8
    endloop
  endfacet
  facet normal -0.321462 -0.946922 -0
    outer loop
      vertex 57.2858 88.1934 6.8
      vertex 57.1123 88.2523 5.6
      vertex 57.2858 88.1934 5.6
    endloop
  endfacet
  facet normal -0.442401 -0.896817 0
    outer loop
      vertex 57.2858 88.1934 5.6
      vertex 57.45 88.1124 6.8
      vertex 57.2858 88.1934 6.8
    endloop
  endfacet
  facet normal -0.442401 -0.896817 -0
    outer loop
      vertex 57.45 88.1124 6.8
      vertex 57.2858 88.1934 5.6
      vertex 57.45 88.1124 5.6
    endloop
  endfacet
  facet normal 0.946922 -0.321462 0
    outer loop
      vertex 55.3977 87.2623 6.8
      vertex 55.4566 87.4358 5.6
      vertex 55.4566 87.4358 6.8
    endloop
  endfacet
  facet normal 0.946922 -0.321462 0
    outer loop
      vertex 55.4566 87.4358 5.6
      vertex 55.3977 87.2623 6.8
      vertex 55.3977 87.2623 5.6
    endloop
  endfacet
  facet normal 0.321462 -0.946922 0
    outer loop
      vertex 56.2142 88.1934 5.6
      vertex 56.3877 88.2523 6.8
      vertex 56.2142 88.1934 6.8
    endloop
  endfacet
  facet normal 0.321462 -0.946922 0
    outer loop
      vertex 56.3877 88.2523 6.8
      vertex 56.2142 88.1934 5.6
      vertex 56.3877 88.2523 5.6
    endloop
  endfacet
  facet normal -0.946922 -0.321462 0
    outer loop
      vertex 58.1023 87.2623 5.6
      vertex 58.0434 87.4358 6.8
      vertex 58.0434 87.4358 5.6
    endloop
  endfacet
  facet normal -0.946922 -0.321462 0
    outer loop
      vertex 58.0434 87.4358 6.8
      vertex 58.1023 87.2623 5.6
      vertex 58.1023 87.2623 6.8
    endloop
  endfacet
  facet normal -0.980811 -0.194961 0
    outer loop
      vertex 58.138 87.0827 5.6
      vertex 58.1023 87.2623 6.8
      vertex 58.1023 87.2623 5.6
    endloop
  endfacet
  facet normal -0.980811 -0.194961 0
    outer loop
      vertex 58.1023 87.2623 6.8
      vertex 58.138 87.0827 5.6
      vertex 58.138 87.0827 6.8
    endloop
  endfacet
  facet normal -0.751493 -0.659741 0
    outer loop
      vertex 57.8607 87.7523 5.6
      vertex 57.7399 87.8899 6.8
      vertex 57.7399 87.8899 5.6
    endloop
  endfacet
  facet normal -0.751493 -0.659741 0
    outer loop
      vertex 57.7399 87.8899 6.8
      vertex 57.8607 87.7523 5.6
      vertex 57.8607 87.7523 6.8
    endloop
  endfacet
  facet normal -0.83163 -0.55533 0
    outer loop
      vertex 57.9624 87.6 5.6
      vertex 57.8607 87.7523 6.8
      vertex 57.8607 87.7523 5.6
    endloop
  endfacet
  facet normal -0.83163 -0.55533 0
    outer loop
      vertex 57.8607 87.7523 6.8
      vertex 57.9624 87.6 5.6
      vertex 57.9624 87.6 6.8
    endloop
  endfacet
  facet normal -0.194961 -0.980811 0
    outer loop
      vertex 56.9327 88.288 5.6
      vertex 57.1123 88.2523 6.8
      vertex 56.9327 88.288 6.8
    endloop
  endfacet
  facet normal -0.194961 -0.980811 -0
    outer loop
      vertex 57.1123 88.2523 6.8
      vertex 56.9327 88.288 5.6
      vertex 57.1123 88.2523 5.6
    endloop
  endfacet
  facet normal -0.0655402 -0.99785 0
    outer loop
      vertex 56.75 88.3 5.6
      vertex 56.9327 88.288 6.8
      vertex 56.75 88.3 6.8
    endloop
  endfacet
  facet normal -0.0655402 -0.99785 -0
    outer loop
      vertex 56.9327 88.288 6.8
      vertex 56.75 88.3 5.6
      vertex 56.9327 88.288 5.6
    endloop
  endfacet
  facet normal -0.55533 -0.83163 0
    outer loop
      vertex 57.45 88.1124 5.6
      vertex 57.6023 88.0107 6.8
      vertex 57.45 88.1124 6.8
    endloop
  endfacet
  facet normal -0.55533 -0.83163 -0
    outer loop
      vertex 57.6023 88.0107 6.8
      vertex 57.45 88.1124 5.6
      vertex 57.6023 88.0107 5.6
    endloop
  endfacet
  facet normal 0.896817 -0.442401 0
    outer loop
      vertex 55.4566 87.4358 6.8
      vertex 55.5376 87.6 5.6
      vertex 55.5376 87.6 6.8
    endloop
  endfacet
  facet normal 0.896817 -0.442401 0
    outer loop
      vertex 55.5376 87.6 5.6
      vertex 55.4566 87.4358 6.8
      vertex 55.4566 87.4358 5.6
    endloop
  endfacet
  facet normal 0.83163 -0.55533 0
    outer loop
      vertex 55.5376 87.6 6.8
      vertex 55.6393 87.7523 5.6
      vertex 55.6393 87.7523 6.8
    endloop
  endfacet
  facet normal 0.83163 -0.55533 0
    outer loop
      vertex 55.6393 87.7523 5.6
      vertex 55.5376 87.6 6.8
      vertex 55.5376 87.6 5.6
    endloop
  endfacet
  facet normal 0.980811 -0.194961 0
    outer loop
      vertex 55.362 87.0827 6.8
      vertex 55.3977 87.2623 5.6
      vertex 55.3977 87.2623 6.8
    endloop
  endfacet
  facet normal 0.980811 -0.194961 0
    outer loop
      vertex 55.3977 87.2623 5.6
      vertex 55.362 87.0827 6.8
      vertex 55.362 87.0827 5.6
    endloop
  endfacet
  facet normal 0.99785 -0.0655402 0
    outer loop
      vertex 55.35 86.9 6.8
      vertex 55.362 87.0827 5.6
      vertex 55.362 87.0827 6.8
    endloop
  endfacet
  facet normal 0.99785 -0.0655402 0
    outer loop
      vertex 55.362 87.0827 5.6
      vertex 55.35 86.9 6.8
      vertex 55.35 86.9 5.6
    endloop
  endfacet
  facet normal 0.99785 0.0655402 0
    outer loop
      vertex 55.362 86.7173 6.8
      vertex 55.35 86.9 5.6
      vertex 55.35 86.9 6.8
    endloop
  endfacet
  facet normal 0.99785 0.0655402 0
    outer loop
      vertex 55.35 86.9 5.6
      vertex 55.362 86.7173 6.8
      vertex 55.362 86.7173 5.6
    endloop
  endfacet
  facet normal 0.55533 -0.83163 0
    outer loop
      vertex 55.8977 88.0107 5.6
      vertex 56.05 88.1124 6.8
      vertex 55.8977 88.0107 6.8
    endloop
  endfacet
  facet normal 0.55533 -0.83163 0
    outer loop
      vertex 56.05 88.1124 6.8
      vertex 55.8977 88.0107 5.6
      vertex 56.05 88.1124 5.6
    endloop
  endfacet
  facet normal 0.65947 -0.751731 0
    outer loop
      vertex 55.76 87.8899 5.6
      vertex 55.8977 88.0107 6.8
      vertex 55.76 87.8899 6.8
    endloop
  endfacet
  facet normal 0.65947 -0.751731 0
    outer loop
      vertex 55.8977 88.0107 6.8
      vertex 55.76 87.8899 5.6
      vertex 55.8977 88.0107 5.6
    endloop
  endfacet
  facet normal 0.194961 -0.980811 0
    outer loop
      vertex 56.3877 88.2523 5.6
      vertex 56.5673 88.288 6.8
      vertex 56.3877 88.2523 6.8
    endloop
  endfacet
  facet normal 0.194961 -0.980811 0
    outer loop
      vertex 56.5673 88.288 6.8
      vertex 56.3877 88.2523 5.6
      vertex 56.5673 88.288 5.6
    endloop
  endfacet
  facet normal -0.99785 0.0655402 0
    outer loop
      vertex 58.138 86.7173 5.6
      vertex 58.15 86.9 6.8
      vertex 58.15 86.9 5.6
    endloop
  endfacet
  facet normal -0.99785 0.0655402 0
    outer loop
      vertex 58.15 86.9 6.8
      vertex 58.138 86.7173 5.6
      vertex 58.138 86.7173 6.8
    endloop
  endfacet
  facet normal -0.194961 0.980811 0
    outer loop
      vertex 57.1123 85.5477 5.6
      vertex 56.9327 85.512 6.8
      vertex 57.1123 85.5477 6.8
    endloop
  endfacet
  facet normal -0.194961 0.980811 0
    outer loop
      vertex 56.9327 85.512 6.8
      vertex 57.1123 85.5477 5.6
      vertex 56.9327 85.512 5.6
    endloop
  endfacet
  facet normal -0.442401 0.896817 0
    outer loop
      vertex 57.45 85.6876 5.6
      vertex 57.2858 85.6066 6.8
      vertex 57.45 85.6876 6.8
    endloop
  endfacet
  facet normal -0.442401 0.896817 0
    outer loop
      vertex 57.2858 85.6066 6.8
      vertex 57.45 85.6876 5.6
      vertex 57.2858 85.6066 5.6
    endloop
  endfacet
  facet normal -0.751731 0.65947 0
    outer loop
      vertex 57.7399 85.91 5.6
      vertex 57.8607 86.0477 6.8
      vertex 57.8607 86.0477 5.6
    endloop
  endfacet
  facet normal -0.751731 0.65947 0
    outer loop
      vertex 57.8607 86.0477 6.8
      vertex 57.7399 85.91 5.6
      vertex 57.7399 85.91 6.8
    endloop
  endfacet
  facet normal -0.55533 0.83163 0
    outer loop
      vertex 57.6023 85.7893 5.6
      vertex 57.45 85.6876 6.8
      vertex 57.6023 85.7893 6.8
    endloop
  endfacet
  facet normal -0.55533 0.83163 0
    outer loop
      vertex 57.45 85.6876 6.8
      vertex 57.6023 85.7893 5.6
      vertex 57.45 85.6876 5.6
    endloop
  endfacet
  facet normal -0.946922 0.321462 0
    outer loop
      vertex 58.0434 86.3642 5.6
      vertex 58.1023 86.5377 6.8
      vertex 58.1023 86.5377 5.6
    endloop
  endfacet
  facet normal -0.946922 0.321462 0
    outer loop
      vertex 58.1023 86.5377 6.8
      vertex 58.0434 86.3642 5.6
      vertex 58.0434 86.3642 6.8
    endloop
  endfacet
  facet normal -0.83163 0.55533 0
    outer loop
      vertex 57.8607 86.0477 5.6
      vertex 57.9624 86.2 6.8
      vertex 57.9624 86.2 5.6
    endloop
  endfacet
  facet normal -0.83163 0.55533 0
    outer loop
      vertex 57.9624 86.2 6.8
      vertex 57.8607 86.0477 5.6
      vertex 57.8607 86.0477 6.8
    endloop
  endfacet
  facet normal 0.55533 0.83163 -0
    outer loop
      vertex 56.05 85.6876 5.6
      vertex 55.8977 85.7893 6.8
      vertex 56.05 85.6876 6.8
    endloop
  endfacet
  facet normal 0.55533 0.83163 0
    outer loop
      vertex 55.8977 85.7893 6.8
      vertex 56.05 85.6876 5.6
      vertex 55.8977 85.7893 5.6
    endloop
  endfacet
  facet normal 0.321462 0.946922 -0
    outer loop
      vertex 56.3877 85.5477 5.6
      vertex 56.2142 85.6066 6.8
      vertex 56.3877 85.5477 6.8
    endloop
  endfacet
  facet normal 0.321462 0.946922 0
    outer loop
      vertex 56.2142 85.6066 6.8
      vertex 56.3877 85.5477 5.6
      vertex 56.2142 85.6066 5.6
    endloop
  endfacet
  facet normal 0.194961 0.980811 -0
    outer loop
      vertex 56.5673 85.512 5.6
      vertex 56.3877 85.5477 6.8
      vertex 56.5673 85.512 6.8
    endloop
  endfacet
  facet normal 0.194961 0.980811 0
    outer loop
      vertex 56.3877 85.5477 6.8
      vertex 56.5673 85.512 5.6
      vertex 56.3877 85.5477 5.6
    endloop
  endfacet
  facet normal -0.0655402 0.99785 0
    outer loop
      vertex 56.9327 85.512 5.6
      vertex 56.75 85.5 6.8
      vertex 56.9327 85.512 6.8
    endloop
  endfacet
  facet normal -0.0655402 0.99785 0
    outer loop
      vertex 56.75 85.5 6.8
      vertex 56.9327 85.512 5.6
      vertex 56.75 85.5 5.6
    endloop
  endfacet
  facet normal 0.83163 0.55533 0
    outer loop
      vertex 55.6393 86.0477 6.8
      vertex 55.5376 86.2 5.6
      vertex 55.5376 86.2 6.8
    endloop
  endfacet
  facet normal 0.83163 0.55533 0
    outer loop
      vertex 55.5376 86.2 5.6
      vertex 55.6393 86.0477 6.8
      vertex 55.6393 86.0477 5.6
    endloop
  endfacet
  facet normal 0.659162 0.752001 -0
    outer loop
      vertex 55.8977 85.7893 5.6
      vertex 55.76 85.91 6.8
      vertex 55.8977 85.7893 6.8
    endloop
  endfacet
  facet normal 0.659162 0.752001 0
    outer loop
      vertex 55.76 85.91 6.8
      vertex 55.8977 85.7893 5.6
      vertex 55.76 85.91 5.6
    endloop
  endfacet
  facet normal 0.896817 0.442401 0
    outer loop
      vertex 55.5376 86.2 6.8
      vertex 55.4566 86.3642 5.6
      vertex 55.4566 86.3642 6.8
    endloop
  endfacet
  facet normal 0.896817 0.442401 0
    outer loop
      vertex 55.4566 86.3642 5.6
      vertex 55.5376 86.2 6.8
      vertex 55.5376 86.2 5.6
    endloop
  endfacet
  facet normal 0.980811 0.194961 0
    outer loop
      vertex 55.3977 86.5377 6.8
      vertex 55.362 86.7173 5.6
      vertex 55.362 86.7173 6.8
    endloop
  endfacet
  facet normal 0.980811 0.194961 0
    outer loop
      vertex 55.362 86.7173 5.6
      vertex 55.3977 86.5377 6.8
      vertex 55.3977 86.5377 5.6
    endloop
  endfacet
  facet normal -0.321462 0.946922 0
    outer loop
      vertex 57.2858 85.6066 5.6
      vertex 57.1123 85.5477 6.8
      vertex 57.2858 85.6066 6.8
    endloop
  endfacet
  facet normal -0.321462 0.946922 0
    outer loop
      vertex 57.1123 85.5477 6.8
      vertex 57.2858 85.6066 5.6
      vertex 57.1123 85.5477 5.6
    endloop
  endfacet
  facet normal -0.659432 0.751764 0
    outer loop
      vertex 57.7399 85.91 5.6
      vertex 57.6023 85.7893 6.8
      vertex 57.7399 85.91 6.8
    endloop
  endfacet
  facet normal -0.659432 0.751764 0
    outer loop
      vertex 57.6023 85.7893 6.8
      vertex 57.7399 85.91 5.6
      vertex 57.6023 85.7893 5.6
    endloop
  endfacet
  facet normal -0.980811 0.194961 0
    outer loop
      vertex 58.1023 86.5377 5.6
      vertex 58.138 86.7173 6.8
      vertex 58.138 86.7173 5.6
    endloop
  endfacet
  facet normal -0.980811 0.194961 0
    outer loop
      vertex 58.138 86.7173 6.8
      vertex 58.1023 86.5377 5.6
      vertex 58.1023 86.5377 6.8
    endloop
  endfacet
  facet normal -0.896817 0.442401 0
    outer loop
      vertex 57.9624 86.2 5.6
      vertex 58.0434 86.3642 6.8
      vertex 58.0434 86.3642 5.6
    endloop
  endfacet
  facet normal -0.896817 0.442401 0
    outer loop
      vertex 58.0434 86.3642 6.8
      vertex 57.9624 86.2 5.6
      vertex 57.9624 86.2 6.8
    endloop
  endfacet
  facet normal 0.442401 0.896817 -0
    outer loop
      vertex 56.2142 85.6066 5.6
      vertex 56.05 85.6876 6.8
      vertex 56.2142 85.6066 6.8
    endloop
  endfacet
  facet normal 0.442401 0.896817 0
    outer loop
      vertex 56.05 85.6876 6.8
      vertex 56.2142 85.6066 5.6
      vertex 56.05 85.6876 5.6
    endloop
  endfacet
  facet normal 0.0655402 0.99785 -0
    outer loop
      vertex 56.75 85.5 5.6
      vertex 56.5673 85.512 6.8
      vertex 56.75 85.5 6.8
    endloop
  endfacet
  facet normal 0.0655402 0.99785 0
    outer loop
      vertex 56.5673 85.512 6.8
      vertex 56.75 85.5 5.6
      vertex 56.5673 85.512 5.6
    endloop
  endfacet
  facet normal 0.752001 0.659162 0
    outer loop
      vertex 55.76 85.91 6.8
      vertex 55.6393 86.0477 5.6
      vertex 55.6393 86.0477 6.8
    endloop
  endfacet
  facet normal 0.752001 0.659162 0
    outer loop
      vertex 55.6393 86.0477 5.6
      vertex 55.76 85.91 6.8
      vertex 55.76 85.91 5.6
    endloop
  endfacet
  facet normal 0.946922 0.321462 0
    outer loop
      vertex 55.4566 86.3642 6.8
      vertex 55.3977 86.5377 5.6
      vertex 55.3977 86.5377 6.8
    endloop
  endfacet
  facet normal 0.946922 0.321462 0
    outer loop
      vertex 55.3977 86.5377 5.6
      vertex 55.4566 86.3642 6.8
      vertex 55.4566 86.3642 5.6
    endloop
  endfacet
  facet normal 1 0 0
    outer loop
      vertex 5.5 2.4 30
      vertex 5.5 3.8147e-07 30
      vertex 5.5 2.4 29.6
    endloop
  endfacet
  facet normal 1 -0 0
    outer loop
      vertex 5.5 2.4 29.6
      vertex 5.5 5.4 4
      vertex 5.5 5.4 29.6
    endloop
  endfacet
  facet normal 1 0 0
    outer loop
      vertex 5.5 3.8147e-07 4
      vertex 5.5 2.4 29.6
      vertex 5.5 3.8147e-07 30
    endloop
  endfacet
  facet normal 1 0 0
    outer loop
      vertex 5.5 2.4 29.6
      vertex 5.5 3.8147e-07 4
      vertex 5.5 5.4 4
    endloop
  endfacet
  facet normal -1 0 0
    outer loop
      vertex 59 5.4 4
      vertex 59 2.4 29.6
      vertex 59 5.4 29.6
    endloop
  endfacet
  facet normal -1 0 0
    outer loop
      vertex 59 3.8147e-07 4
      vertex 59 2.4 29.6
      vertex 59 5.4 4
    endloop
  endfacet
  facet normal -1 0 0
    outer loop
      vertex 59 3.8147e-07 30
      vertex 59 2.4 29.6
      vertex 59 3.8147e-07 4
    endloop
  endfacet
  facet normal -1 0 0
    outer loop
      vertex 59 2.4 29.6
      vertex 59 3.8147e-07 30
      vertex 59 2.4 30
    endloop
  endfacet
  facet normal -0 0 1
    outer loop
      vertex 5.5 5.4 4
      vertex 59 3.8147e-07 4
      vertex 59 5.4 4
    endloop
  endfacet
  facet normal 0 0 1
    outer loop
      vertex 59 3.8147e-07 4
      vertex 5.5 5.4 4
      vertex 5.5 3.8147e-07 4
    endloop
  endfacet
endsolid OpenSCAD_Model
