solid OpenSCAD_Model
  facet normal -0.0565409 -0.862572 0.502765
    outer loop
      vertex 4.17368 2.02139 0.199999
      vertex 3 0 -3.4
      vertex 4.5 2 0.199999
    endloop
  endfacet
  facet normal -0.83037 0.165194 0.532162
    outer loop
      vertex 2.08519 18.147 0.199999
      vertex 0.102222 19.7765 -3.4
      vertex 2.02139 17.8263 0.199999
    endloop
  endfacet
  facet normal 0.997853 0.0654873 0
    outer loop
      vertex 22 19 -3.4
      vertex 21.9743 19.3916 -5.8
      vertex 21.9743 19.3916 -3.4
    endloop
  endfacet
  facet normal 0.997853 0.0654873 0
    outer loop
      vertex 21.9743 19.3916 -5.8
      vertex 22 19 -3.4
      vertex 22 19 -5.8
    endloop
  endfacet
  facet normal -0.997859 -0.0654026 0
    outer loop
      vertex 0.0256653 2.60842 -5.8
      vertex 0 3 -3.4
      vertex 0 3 -5.8
    endloop
  endfacet
  facet normal -0.997859 -0.0654026 0
    outer loop
      vertex 0 3 -3.4
      vertex 0.0256653 2.60842 -5.8
      vertex 0.0256653 2.60842 -3.4
    endloop
  endfacet
  facet normal -0.751846 -0.659339 0
    outer loop
      vertex 0.878679 0.878679 -5.8
      vertex 0.61994 1.17372 -3.4
      vertex 0.61994 1.17372 -5.8
    endloop
  endfacet
  facet normal -0.751846 -0.659339 0
    outer loop
      vertex 0.61994 1.17372 -3.4
      vertex 0.878679 0.878679 -5.8
      vertex 0.878679 0.878679 -3.4
    endloop
  endfacet
  facet normal 0.19494 0.980815 -0
    outer loop
      vertex 19.7765 21.8978 -5.8
      vertex 19.3916 21.9743 -3.4
      vertex 19.7765 21.8978 -3.4
    endloop
  endfacet
  facet normal 0.19494 0.980815 0
    outer loop
      vertex 19.3916 21.9743 -3.4
      vertex 19.7765 21.8978 -5.8
      vertex 19.3916 21.9743 -5.8
    endloop
  endfacet
  facet normal -0.0565669 0.862566 0.502773
    outer loop
      vertex 4.5 20 0.199999
      vertex 3 22 -3.4
      vertex 4.17368 19.9786 0.199999
    endloop
  endfacet
  facet normal -0.533478 0.608183 0.587805
    outer loop
      vertex 1.17372 21.3801 -3.4
      vertex 0.878679 21.1213 -3.4
      vertex 2.73223 19.2678 0.199999
    endloop
  endfacet
  facet normal 0.0566081 0.862558 0.502782
    outer loop
      vertex 19 22 -3.4
      vertex 17.8263 19.9786 0.199999
      vertex 19.3916 21.9743 -3.4
    endloop
  endfacet
  facet normal 0.0653993 -0.997859 0
    outer loop
      vertex 19 0 -5.8
      vertex 19.3916 0.0256653 -3.4
      vertex 19 0 -3.4
    endloop
  endfacet
  facet normal 0.0653993 -0.997859 0
    outer loop
      vertex 19.3916 0.0256653 -3.4
      vertex 19 0 -5.8
      vertex 19.3916 0.0256653 -5.8
    endloop
  endfacet
  facet normal 0 -0.874157 0.485643
    outer loop
      vertex 3 0 -3.4
      vertex 17.5 2 0.199999
      vertex 4.5 2 0.199999
    endloop
  endfacet
  facet normal 0 -0.874157 0.485643
    outer loop
      vertex 17.5 2 0.199999
      vertex 3 0 -3.4
      vertex 19 0 -3.4
    endloop
  endfacet
  facet normal 0 0.874157 0.485643
    outer loop
      vertex 19 22 -3.4
      vertex 4.5 20 0.199999
      vertex 17.5 20 0.199999
    endloop
  endfacet
  facet normal 0 0.874157 0.485643
    outer loop
      vertex 4.5 20 0.199999
      vertex 19 22 -3.4
      vertex 3 22 -3.4
    endloop
  endfacet
  facet normal -0.0654906 0.997853 0
    outer loop
      vertex 3 22 -5.8
      vertex 2.60842 21.9743 -3.4
      vertex 3 22 -3.4
    endloop
  endfacet
  facet normal -0.0654906 0.997853 0
    outer loop
      vertex 2.60842 21.9743 -3.4
      vertex 3 22 -5.8
      vertex 2.60842 21.9743 -5.8
    endloop
  endfacet
  facet normal 0.0565703 0.862565 0.502774
    outer loop
      vertex 19 22 -3.4
      vertex 17.5 20 0.199999
      vertex 17.8263 19.9786 0.199999
    endloop
  endfacet
  facet normal 0.533342 0.608297 0.587811
    outer loop
      vertex 20.8263 21.3801 -3.4
      vertex 19.0219 19.4834 0.199999
      vertex 19.2678 19.2678 0.199999
    endloop
  endfacet
  facet normal 0.874157 -0 0.485643
    outer loop
      vertex 20 4.5 0.199999
      vertex 22 19 -3.4
      vertex 20 17.5 0.199999
    endloop
  endfacet
  facet normal 0.874157 0 0.485643
    outer loop
      vertex 22 19 -3.4
      vertex 20 4.5 0.199999
      vertex 22 3 -3.4
    endloop
  endfacet
  facet normal 0.896961 0.44211 0
    outer loop
      vertex 21.7716 20.148 -3.4
      vertex 21.5981 20.5 -5.8
      vertex 21.5981 20.5 -3.4
    endloop
  endfacet
  facet normal 0.896961 0.44211 0
    outer loop
      vertex 21.5981 20.5 -5.8
      vertex 21.7716 20.148 -3.4
      vertex 21.7716 20.148 -5.8
    endloop
  endfacet
  facet normal -0.862573 0.0565327 0.502764
    outer loop
      vertex 0.0256653 19.3916 -3.4
      vertex 0 19 -3.4
      vertex 2.02139 17.8263 0.199999
    endloop
  endfacet
  facet normal -1 0 0
    outer loop
      vertex 0 3 -5.8
      vertex 0 19 -3.4
      vertex 0 19 -5.8
    endloop
  endfacet
  facet normal -1 -0 0
    outer loop
      vertex 0 19 -3.4
      vertex 0 3 -5.8
      vertex 0 3 -3.4
    endloop
  endfacet
  facet normal 0 0 -1
    outer loop
      vertex 22 3 -5.8
      vertex 18.9316 9.95579 -5.8
      vertex 19 11 -5.8
    endloop
  endfacet
  facet normal 0 0 -1
    outer loop
      vertex 22 3 -5.8
      vertex 18.7274 8.92945 -5.8
      vertex 18.9316 9.95579 -5.8
    endloop
  endfacet
  facet normal 0 0 -1
    outer loop
      vertex 22 3 -5.8
      vertex 18.391 7.93853 -5.8
      vertex 18.7274 8.92945 -5.8
    endloop
  endfacet
  facet normal 0 0 -1
    outer loop
      vertex 22 3 -5.8
      vertex 17.9282 7 -5.8
      vertex 18.391 7.93853 -5.8
    endloop
  endfacet
  facet normal 0 0 -1
    outer loop
      vertex 22 3 -5.8
      vertex 17.3468 6.12991 -5.8
      vertex 17.9282 7 -5.8
    endloop
  endfacet
  facet normal 0 0 -1
    outer loop
      vertex 22 3 -5.8
      vertex 16.6569 5.34315 -5.8
      vertex 17.3468 6.12991 -5.8
    endloop
  endfacet
  facet normal 0 0 -1
    outer loop
      vertex 19 0 -5.8
      vertex 15.8701 4.65317 -5.8
      vertex 16.6569 5.34315 -5.8
    endloop
  endfacet
  facet normal 0 0 -1
    outer loop
      vertex 19 0 -5.8
      vertex 15 4.0718 -5.8
      vertex 15.8701 4.65317 -5.8
    endloop
  endfacet
  facet normal 0 0 -1
    outer loop
      vertex 19 0 -5.8
      vertex 14.0615 3.60896 -5.8
      vertex 15 4.0718 -5.8
    endloop
  endfacet
  facet normal 0 0 -1
    outer loop
      vertex 19 0 -5.8
      vertex 13.0706 3.27259 -5.8
      vertex 14.0615 3.60896 -5.8
    endloop
  endfacet
  facet normal 0 0 -1
    outer loop
      vertex 19 0 -5.8
      vertex 12.0442 3.06844 -5.8
      vertex 13.0706 3.27259 -5.8
    endloop
  endfacet
  facet normal 0 0 -1
    outer loop
      vertex 19 0 -5.8
      vertex 11 3 -5.8
      vertex 12.0442 3.06844 -5.8
    endloop
  endfacet
  facet normal 0 0 -1
    outer loop
      vertex 3 0 -5.8
      vertex 11 3 -5.8
      vertex 19 0 -5.8
    endloop
  endfacet
  facet normal -0 0 -1
    outer loop
      vertex 11 3 -5.8
      vertex 3 0 -5.8
      vertex 9.95579 3.06844 -5.8
    endloop
  endfacet
  facet normal -0 0 -1
    outer loop
      vertex 9.95579 3.06844 -5.8
      vertex 3 0 -5.8
      vertex 8.92945 3.27259 -5.8
    endloop
  endfacet
  facet normal 0 0 -1
    outer loop
      vertex 3 0 -5.8
      vertex 7.93853 3.60896 -5.8
      vertex 8.92945 3.27259 -5.8
    endloop
  endfacet
  facet normal 0 0 -1
    outer loop
      vertex 3 0 -5.8
      vertex 7 4.0718 -5.8
      vertex 7.93853 3.60896 -5.8
    endloop
  endfacet
  facet normal 0 0 -1
    outer loop
      vertex 3 0 -5.8
      vertex 6.12991 4.65317 -5.8
      vertex 7 4.0718 -5.8
    endloop
  endfacet
  facet normal 0 0 -1
    outer loop
      vertex 3 0 -5.8
      vertex 5.34315 5.34315 -5.8
      vertex 6.12991 4.65317 -5.8
    endloop
  endfacet
  facet normal 0 0 -1
    outer loop
      vertex 0 3 -5.8
      vertex 5.34315 5.34315 -5.8
      vertex 3 0 -5.8
    endloop
  endfacet
  facet normal -0 0 -1
    outer loop
      vertex 5.34315 5.34315 -5.8
      vertex 0 3 -5.8
      vertex 4.65317 6.12991 -5.8
    endloop
  endfacet
  facet normal -0 0 -1
    outer loop
      vertex 4.65317 6.12991 -5.8
      vertex 0 3 -5.8
      vertex 4.0718 7 -5.8
    endloop
  endfacet
  facet normal -0 0 -1
    outer loop
      vertex 4.0718 7 -5.8
      vertex 0 3 -5.8
      vertex 3.60896 7.93853 -5.8
    endloop
  endfacet
  facet normal -0 0 -1
    outer loop
      vertex 3.60896 7.93853 -5.8
      vertex 0 3 -5.8
      vertex 3.27259 8.92945 -5.8
    endloop
  endfacet
  facet normal -0 0 -1
    outer loop
      vertex 3.27259 8.92945 -5.8
      vertex 0 3 -5.8
      vertex 3.06844 9.95579 -5.8
    endloop
  endfacet
  facet normal -0 0 -1
    outer loop
      vertex 3.06844 9.95579 -5.8
      vertex 0 3 -5.8
      vertex 3 11 -5.8
    endloop
  endfacet
  facet normal 0 0 -1
    outer loop
      vertex 0 3 -5.8
      vertex 3 0 -5.8
      vertex 2.60842 0.0256653 -5.8
    endloop
  endfacet
  facet normal 0 0 -1
    outer loop
      vertex 0 19 -5.8
      vertex 3 11 -5.8
      vertex 0 3 -5.8
    endloop
  endfacet
  facet normal 0 0 -1
    outer loop
      vertex 0 3 -5.8
      vertex 2.60842 0.0256653 -5.8
      vertex 2.22354 0.102222 -5.8
    endloop
  endfacet
  facet normal 0 0 -1
    outer loop
      vertex 3 11 -5.8
      vertex 0 19 -5.8
      vertex 3 22 -5.8
    endloop
  endfacet
  facet normal 0 0 -1
    outer loop
      vertex 0 3 -5.8
      vertex 2.22354 0.102222 -5.8
      vertex 1.85195 0.228361 -5.8
    endloop
  endfacet
  facet normal 0 0 -1
    outer loop
      vertex 3 22 -5.8
      vertex 0 19 -5.8
      vertex 2.60842 21.9743 -5.8
    endloop
  endfacet
  facet normal 0 0 -1
    outer loop
      vertex 0 3 -5.8
      vertex 1.85195 0.228361 -5.8
      vertex 1.5 0.401923 -5.8
    endloop
  endfacet
  facet normal 0 0 -1
    outer loop
      vertex 2.60842 21.9743 -5.8
      vertex 0 19 -5.8
      vertex 2.22354 21.8978 -5.8
    endloop
  endfacet
  facet normal 0 0 -1
    outer loop
      vertex 0 3 -5.8
      vertex 1.5 0.401923 -5.8
      vertex 1.17372 0.61994 -5.8
    endloop
  endfacet
  facet normal 0 0 -1
    outer loop
      vertex 2.22354 21.8978 -5.8
      vertex 0 19 -5.8
      vertex 1.85195 21.7716 -5.8
    endloop
  endfacet
  facet normal 0 0 -1
    outer loop
      vertex 0 3 -5.8
      vertex 1.17372 0.61994 -5.8
      vertex 0.878679 0.878679 -5.8
    endloop
  endfacet
  facet normal 0 0 -1
    outer loop
      vertex 1.85195 21.7716 -5.8
      vertex 0 19 -5.8
      vertex 1.5 21.5981 -5.8
    endloop
  endfacet
  facet normal 0 0 -1
    outer loop
      vertex 0 3 -5.8
      vertex 0.878679 0.878679 -5.8
      vertex 0.61994 1.17372 -5.8
    endloop
  endfacet
  facet normal 0 0 -1
    outer loop
      vertex 1.5 21.5981 -5.8
      vertex 0 19 -5.8
      vertex 1.17372 21.3801 -5.8
    endloop
  endfacet
  facet normal 0 0 -1
    outer loop
      vertex 0 3 -5.8
      vertex 0.61994 1.17372 -5.8
      vertex 0.401923 1.5 -5.8
    endloop
  endfacet
  facet normal 0 0 -1
    outer loop
      vertex 1.17372 21.3801 -5.8
      vertex 0 19 -5.8
      vertex 0.878679 21.1213 -5.8
    endloop
  endfacet
  facet normal 0 0 -1
    outer loop
      vertex 0 3 -5.8
      vertex 0.401923 1.5 -5.8
      vertex 0.228361 1.85195 -5.8
    endloop
  endfacet
  facet normal 0 0 -1
    outer loop
      vertex 0.878679 21.1213 -5.8
      vertex 0 19 -5.8
      vertex 0.61994 20.8263 -5.8
    endloop
  endfacet
  facet normal 0 0 -1
    outer loop
      vertex 0 3 -5.8
      vertex 0.228361 1.85195 -5.8
      vertex 0.102222 2.22354 -5.8
    endloop
  endfacet
  facet normal 0 0 -1
    outer loop
      vertex 0.61994 20.8263 -5.8
      vertex 0 19 -5.8
      vertex 0.401923 20.5 -5.8
    endloop
  endfacet
  facet normal 0 0 -1
    outer loop
      vertex 0 3 -5.8
      vertex 0.102222 2.22354 -5.8
      vertex 0.0256653 2.60842 -5.8
    endloop
  endfacet
  facet normal 0 0 -1
    outer loop
      vertex 0.401923 20.5 -5.8
      vertex 0 19 -5.8
      vertex 0.228361 20.148 -5.8
    endloop
  endfacet
  facet normal 0 0 -1
    outer loop
      vertex 0.228361 20.148 -5.8
      vertex 0 19 -5.8
      vertex 0.102222 19.7765 -5.8
    endloop
  endfacet
  facet normal 0 0 -1
    outer loop
      vertex 0.102222 19.7765 -5.8
      vertex 0 19 -5.8
      vertex 0.0256653 19.3916 -5.8
    endloop
  endfacet
  facet normal 0 0 -1
    outer loop
      vertex 19 0 -5.8
      vertex 22 3 -5.8
      vertex 21.9743 2.60842 -5.8
    endloop
  endfacet
  facet normal 0 0 -1
    outer loop
      vertex 22 3 -5.8
      vertex 19 11 -5.8
      vertex 22 19 -5.8
    endloop
  endfacet
  facet normal 0 0 -1
    outer loop
      vertex 19 0 -5.8
      vertex 21.9743 2.60842 -5.8
      vertex 21.8978 2.22354 -5.8
    endloop
  endfacet
  facet normal 0 0 -1
    outer loop
      vertex 18.9316 12.0442 -5.8
      vertex 22 19 -5.8
      vertex 19 11 -5.8
    endloop
  endfacet
  facet normal 0 0 -1
    outer loop
      vertex 19 0 -5.8
      vertex 21.8978 2.22354 -5.8
      vertex 21.7716 1.85195 -5.8
    endloop
  endfacet
  facet normal 0 0 -1
    outer loop
      vertex 18.7274 13.0706 -5.8
      vertex 22 19 -5.8
      vertex 18.9316 12.0442 -5.8
    endloop
  endfacet
  facet normal 0 0 -1
    outer loop
      vertex 19 0 -5.8
      vertex 21.7716 1.85195 -5.8
      vertex 21.5981 1.5 -5.8
    endloop
  endfacet
  facet normal 0 0 -1
    outer loop
      vertex 18.391 14.0615 -5.8
      vertex 22 19 -5.8
      vertex 18.7274 13.0706 -5.8
    endloop
  endfacet
  facet normal 0 0 -1
    outer loop
      vertex 19 0 -5.8
      vertex 21.5981 1.5 -5.8
      vertex 21.3801 1.17372 -5.8
    endloop
  endfacet
  facet normal 0 0 -1
    outer loop
      vertex 17.9282 15 -5.8
      vertex 22 19 -5.8
      vertex 18.391 14.0615 -5.8
    endloop
  endfacet
  facet normal 0 0 -1
    outer loop
      vertex 19 0 -5.8
      vertex 21.3801 1.17372 -5.8
      vertex 21.1213 0.878679 -5.8
    endloop
  endfacet
  facet normal 0 0 -1
    outer loop
      vertex 17.3468 15.8701 -5.8
      vertex 22 19 -5.8
      vertex 17.9282 15 -5.8
    endloop
  endfacet
  facet normal 0 0 -1
    outer loop
      vertex 19 0 -5.8
      vertex 21.1213 0.878679 -5.8
      vertex 20.8263 0.61994 -5.8
    endloop
  endfacet
  facet normal 0 0 -1
    outer loop
      vertex 16.6569 16.6569 -5.8
      vertex 22 19 -5.8
      vertex 17.3468 15.8701 -5.8
    endloop
  endfacet
  facet normal 0 0 -1
    outer loop
      vertex 19 0 -5.8
      vertex 20.8263 0.61994 -5.8
      vertex 20.5 0.401923 -5.8
    endloop
  endfacet
  facet normal -0 0 -1
    outer loop
      vertex 22 19 -5.8
      vertex 16.6569 16.6569 -5.8
      vertex 21.9743 19.3916 -5.8
    endloop
  endfacet
  facet normal 0 0 -1
    outer loop
      vertex 19 0 -5.8
      vertex 20.5 0.401923 -5.8
      vertex 20.148 0.228361 -5.8
    endloop
  endfacet
  facet normal -0 0 -1
    outer loop
      vertex 21.9743 19.3916 -5.8
      vertex 16.6569 16.6569 -5.8
      vertex 21.8978 19.7765 -5.8
    endloop
  endfacet
  facet normal 0 0 -1
    outer loop
      vertex 19 0 -5.8
      vertex 20.148 0.228361 -5.8
      vertex 19.7765 0.102222 -5.8
    endloop
  endfacet
  facet normal -0 0 -1
    outer loop
      vertex 21.8978 19.7765 -5.8
      vertex 16.6569 16.6569 -5.8
      vertex 21.7716 20.148 -5.8
    endloop
  endfacet
  facet normal 0 0 -1
    outer loop
      vertex 19 0 -5.8
      vertex 19.7765 0.102222 -5.8
      vertex 19.3916 0.0256653 -5.8
    endloop
  endfacet
  facet normal -0 0 -1
    outer loop
      vertex 21.7716 20.148 -5.8
      vertex 16.6569 16.6569 -5.8
      vertex 21.5981 20.5 -5.8
    endloop
  endfacet
  facet normal 0 0 -1
    outer loop
      vertex 16.6569 5.34315 -5.8
      vertex 22 3 -5.8
      vertex 19 0 -5.8
    endloop
  endfacet
  facet normal -0 0 -1
    outer loop
      vertex 21.5981 20.5 -5.8
      vertex 16.6569 16.6569 -5.8
      vertex 21.3801 20.8263 -5.8
    endloop
  endfacet
  facet normal -0 0 -1
    outer loop
      vertex 21.3801 20.8263 -5.8
      vertex 16.6569 16.6569 -5.8
      vertex 21.1213 21.1213 -5.8
    endloop
  endfacet
  facet normal -0 0 -1
    outer loop
      vertex 21.1213 21.1213 -5.8
      vertex 16.6569 16.6569 -5.8
      vertex 20.8263 21.3801 -5.8
    endloop
  endfacet
  facet normal -0 0 -1
    outer loop
      vertex 20.8263 21.3801 -5.8
      vertex 16.6569 16.6569 -5.8
      vertex 20.5 21.5981 -5.8
    endloop
  endfacet
  facet normal -0 0 -1
    outer loop
      vertex 20.5 21.5981 -5.8
      vertex 16.6569 16.6569 -5.8
      vertex 20.148 21.7716 -5.8
    endloop
  endfacet
  facet normal -0 0 -1
    outer loop
      vertex 20.148 21.7716 -5.8
      vertex 16.6569 16.6569 -5.8
      vertex 19.7765 21.8978 -5.8
    endloop
  endfacet
  facet normal -0 0 -1
    outer loop
      vertex 19.7765 21.8978 -5.8
      vertex 16.6569 16.6569 -5.8
      vertex 19.3916 21.9743 -5.8
    endloop
  endfacet
  facet normal -0 0 -1
    outer loop
      vertex 19.3916 21.9743 -5.8
      vertex 16.6569 16.6569 -5.8
      vertex 19 22 -5.8
    endloop
  endfacet
  facet normal 0 0 -1
    outer loop
      vertex 15.8701 17.3468 -5.8
      vertex 19 22 -5.8
      vertex 16.6569 16.6569 -5.8
    endloop
  endfacet
  facet normal 0 0 -1
    outer loop
      vertex 15 17.9282 -5.8
      vertex 19 22 -5.8
      vertex 15.8701 17.3468 -5.8
    endloop
  endfacet
  facet normal 0 0 -1
    outer loop
      vertex 14.0615 18.391 -5.8
      vertex 19 22 -5.8
      vertex 15 17.9282 -5.8
    endloop
  endfacet
  facet normal 0 0 -1
    outer loop
      vertex 13.0706 18.7274 -5.8
      vertex 19 22 -5.8
      vertex 14.0615 18.391 -5.8
    endloop
  endfacet
  facet normal 0 0 -1
    outer loop
      vertex 12.0442 18.9316 -5.8
      vertex 19 22 -5.8
      vertex 13.0706 18.7274 -5.8
    endloop
  endfacet
  facet normal 0 0 -1
    outer loop
      vertex 11 19 -5.8
      vertex 19 22 -5.8
      vertex 12.0442 18.9316 -5.8
    endloop
  endfacet
  facet normal 0 0 -1
    outer loop
      vertex 3 22 -5.8
      vertex 11 19 -5.8
      vertex 9.95579 18.9316 -5.8
    endloop
  endfacet
  facet normal 0 0 -1
    outer loop
      vertex 3 22 -5.8
      vertex 9.95579 18.9316 -5.8
      vertex 8.92945 18.7274 -5.8
    endloop
  endfacet
  facet normal 0 0 -1
    outer loop
      vertex 11 19 -5.8
      vertex 3 22 -5.8
      vertex 19 22 -5.8
    endloop
  endfacet
  facet normal 0 0 -1
    outer loop
      vertex 7.93853 18.391 -5.8
      vertex 3 22 -5.8
      vertex 8.92945 18.7274 -5.8
    endloop
  endfacet
  facet normal 0 0 -1
    outer loop
      vertex 7 17.9282 -5.8
      vertex 3 22 -5.8
      vertex 7.93853 18.391 -5.8
    endloop
  endfacet
  facet normal 0 0 -1
    outer loop
      vertex 6.12991 17.3468 -5.8
      vertex 3 22 -5.8
      vertex 7 17.9282 -5.8
    endloop
  endfacet
  facet normal 0 0 -1
    outer loop
      vertex 5.34315 16.6569 -5.8
      vertex 3 22 -5.8
      vertex 6.12991 17.3468 -5.8
    endloop
  endfacet
  facet normal 0 0 -1
    outer loop
      vertex 4.65317 15.8701 -5.8
      vertex 3 22 -5.8
      vertex 5.34315 16.6569 -5.8
    endloop
  endfacet
  facet normal 0 0 -1
    outer loop
      vertex 4.0718 15 -5.8
      vertex 3 22 -5.8
      vertex 4.65317 15.8701 -5.8
    endloop
  endfacet
  facet normal 0 0 -1
    outer loop
      vertex 3.60896 14.0615 -5.8
      vertex 3 22 -5.8
      vertex 4.0718 15 -5.8
    endloop
  endfacet
  facet normal 0 0 -1
    outer loop
      vertex 3.27259 13.0706 -5.8
      vertex 3 22 -5.8
      vertex 3.60896 14.0615 -5.8
    endloop
  endfacet
  facet normal 0 0 -1
    outer loop
      vertex 3.06844 12.0442 -5.8
      vertex 3 22 -5.8
      vertex 3.27259 13.0706 -5.8
    endloop
  endfacet
  facet normal 0 0 -1
    outer loop
      vertex 3 22 -5.8
      vertex 3.06844 12.0442 -5.8
      vertex 3 11 -5.8
    endloop
  endfacet
  facet normal 0.997853 -0.0654906 0
    outer loop
      vertex 21.9743 2.60842 -3.4
      vertex 22 3 -5.8
      vertex 22 3 -3.4
    endloop
  endfacet
  facet normal 0.997853 -0.0654906 0
    outer loop
      vertex 22 3 -5.8
      vertex 21.9743 2.60842 -3.4
      vertex 21.9743 2.60842 -5.8
    endloop
  endfacet
  facet normal 0.751769 -0.659426 0
    outer loop
      vertex 21.1213 0.878679 -3.4
      vertex 21.3801 1.17372 -5.8
      vertex 21.3801 1.17372 -3.4
    endloop
  endfacet
  facet normal 0.751769 -0.659426 0
    outer loop
      vertex 21.3801 1.17372 -5.8
      vertex 21.1213 0.878679 -3.4
      vertex 21.1213 0.878679 -5.8
    endloop
  endfacet
  facet normal -0.056611 0.862557 0.502782
    outer loop
      vertex 3 22 -3.4
      vertex 2.60842 21.9743 -3.4
      vertex 4.17368 19.9786 0.199999
    endloop
  endfacet
  facet normal 0.0654873 0.997853 -0
    outer loop
      vertex 19.3916 21.9743 -5.8
      vertex 19 22 -3.4
      vertex 19.3916 21.9743 -3.4
    endloop
  endfacet
  facet normal 0.0654873 0.997853 0
    outer loop
      vertex 19 22 -3.4
      vertex 19.3916 21.9743 -5.8
      vertex 19 22 -5.8
    endloop
  endfacet
  facet normal -0.830383 0.165163 0.532152
    outer loop
      vertex 0.102222 19.7765 -3.4
      vertex 0.0256653 19.3916 -3.4
      vertex 2.02139 17.8263 0.199999
    endloop
  endfacet
  facet normal -0.533379 0.608265 0.58781
    outer loop
      vertex 2.9781 19.4834 0.199999
      vertex 1.17372 21.3801 -3.4
      vertex 2.73223 19.2678 0.199999
    endloop
  endfacet
  facet normal 0.659478 0.751724 -0
    outer loop
      vertex 21.1213 21.1213 -5.8
      vertex 20.8263 21.3801 -3.4
      vertex 21.1213 21.1213 -3.4
    endloop
  endfacet
  facet normal 0.659478 0.751724 0
    outer loop
      vertex 20.8263 21.3801 -3.4
      vertex 21.1213 21.1213 -5.8
      vertex 20.8263 21.3801 -5.8
    endloop
  endfacet
  facet normal 0.862558 0.0566081 0.502782
    outer loop
      vertex 21.9743 19.3916 -3.4
      vertex 19.9786 17.8263 0.199999
      vertex 22 19 -3.4
    endloop
  endfacet
  facet normal 0.830426 0.16505 0.53212
    outer loop
      vertex 21.8978 19.7765 -3.4
      vertex 19.9786 17.8263 0.199999
      vertex 21.9743 19.3916 -3.4
    endloop
  endfacet
  facet normal 0.787779 0.267341 0.554916
    outer loop
      vertex 21.7716 20.148 -3.4
      vertex 19.8097 18.4567 0.199999
      vertex 19.9148 18.147 0.199999
    endloop
  endfacet
  facet normal -0.321442 -0.946929 0
    outer loop
      vertex 1.85195 0.228361 -5.8
      vertex 2.22354 0.102222 -3.4
      vertex 1.85195 0.228361 -3.4
    endloop
  endfacet
  facet normal -0.321442 -0.946929 -0
    outer loop
      vertex 2.22354 0.102222 -3.4
      vertex 1.85195 0.228361 -5.8
      vertex 2.22354 0.102222 -5.8
    endloop
  endfacet
  facet normal -0.267405 -0.787742 0.554939
    outer loop
      vertex 3.85295 2.08519 0.199999
      vertex 1.85195 0.228361 -3.4
      vertex 2.22354 0.102222 -3.4
    endloop
  endfacet
  facet normal -0.862571 0.0565443 0.502766
    outer loop
      vertex 2.02139 17.8263 0.199999
      vertex 0 19 -3.4
      vertex 2 17.5 0.199999
    endloop
  endfacet
  facet normal -0.874157 0 0.485643
    outer loop
      vertex 0 19 -3.4
      vertex 2 4.5 0.199999
      vertex 2 17.5 0.199999
    endloop
  endfacet
  facet normal -0.874157 0 0.485643
    outer loop
      vertex 2 4.5 0.199999
      vertex 0 19 -3.4
      vertex 0 3 -3.4
    endloop
  endfacet
  facet normal 0 -1 0
    outer loop
      vertex 3 0 -5.8
      vertex 19 0 -3.4
      vertex 3 0 -3.4
    endloop
  endfacet
  facet normal 0 -1 -0
    outer loop
      vertex 19 0 -3.4
      vertex 3 0 -5.8
      vertex 19 0 -5.8
    endloop
  endfacet
  facet normal 0.608183 -0.533478 0.587805
    outer loop
      vertex 21.3801 1.17372 -3.4
      vertex 19.2678 2.73223 0.199999
      vertex 21.1213 0.878679 -3.4
    endloop
  endfacet
  facet normal -0.267515 0.787686 0.554965
    outer loop
      vertex 2.22354 21.8978 -3.4
      vertex 1.85195 21.7716 -3.4
      vertex 3.85295 19.9148 0.199999
    endloop
  endfacet
  facet normal 0 1 -0
    outer loop
      vertex 19 22 -5.8
      vertex 3 22 -3.4
      vertex 19 22 -3.4
    endloop
  endfacet
  facet normal 0 1 0
    outer loop
      vertex 3 22 -3.4
      vertex 19 22 -5.8
      vertex 3 22 -5.8
    endloop
  endfacet
  facet normal -0.321582 0.946882 0
    outer loop
      vertex 2.22354 21.8978 -5.8
      vertex 1.85195 21.7716 -3.4
      vertex 2.22354 21.8978 -3.4
    endloop
  endfacet
  facet normal -0.321582 0.946882 0
    outer loop
      vertex 1.85195 21.7716 -3.4
      vertex 2.22354 21.8978 -5.8
      vertex 1.85195 21.7716 -5.8
    endloop
  endfacet
  facet normal -0.44216 0.896936 0
    outer loop
      vertex 1.85195 21.7716 -5.8
      vertex 1.5 21.5981 -3.4
      vertex 1.85195 21.7716 -3.4
    endloop
  endfacet
  facet normal -0.44216 0.896936 0
    outer loop
      vertex 1.5 21.5981 -3.4
      vertex 1.85195 21.7716 -5.8
      vertex 1.5 21.5981 -5.8
    endloop
  endfacet
  facet normal -0.980788 0.195079 0
    outer loop
      vertex 0.0256653 19.3916 -5.8
      vertex 0.102222 19.7765 -3.4
      vertex 0.102222 19.7765 -5.8
    endloop
  endfacet
  facet normal -0.980788 0.195079 0
    outer loop
      vertex 0.102222 19.7765 -3.4
      vertex 0.0256653 19.3916 -5.8
      vertex 0.0256653 19.3916 -3.4
    endloop
  endfacet
  facet normal -0.735928 0.362921 0.571576
    outer loop
      vertex 2.33494 18.75 0.199999
      vertex 0.401923 20.5 -3.4
      vertex 2.1903 18.4567 0.199999
    endloop
  endfacet
  facet normal -0.675875 0.451611 0.582444
    outer loop
      vertex 2.51662 19.0219 0.199999
      vertex 0.401923 20.5 -3.4
      vertex 2.33494 18.75 0.199999
    endloop
  endfacet
  facet normal -0.659426 0.751769 0
    outer loop
      vertex 1.17372 21.3801 -5.8
      vertex 0.878679 21.1213 -3.4
      vertex 1.17372 21.3801 -3.4
    endloop
  endfacet
  facet normal -0.659426 0.751769 0
    outer loop
      vertex 0.878679 21.1213 -3.4
      vertex 1.17372 21.3801 -5.8
      vertex 0.878679 21.1213 -5.8
    endloop
  endfacet
  facet normal -0.675887 0.451593 0.582443
    outer loop
      vertex 0.61994 20.8263 -3.4
      vertex 0.401923 20.5 -3.4
      vertex 2.51662 19.0219 0.199999
    endloop
  endfacet
  facet normal 0.533521 0.608148 0.587801
    outer loop
      vertex 20.8263 21.3801 -3.4
      vertex 19.2678 19.2678 0.199999
      vertex 21.1213 21.1213 -3.4
    endloop
  endfacet
  facet normal 0.451569 0.675903 0.582444
    outer loop
      vertex 20.5 21.5981 -3.4
      vertex 19.0219 19.4834 0.199999
      vertex 20.8263 21.3801 -3.4
    endloop
  endfacet
  facet normal 0.362782 0.736019 0.571547
    outer loop
      vertex 20.148 21.7716 -3.4
      vertex 18.4567 19.8097 0.199999
      vertex 20.5 21.5981 -3.4
    endloop
  endfacet
  facet normal 0.16505 0.830426 0.53212
    outer loop
      vertex 19.3916 21.9743 -3.4
      vertex 17.8263 19.9786 0.199999
      vertex 19.7765 21.8978 -3.4
    endloop
  endfacet
  facet normal 0.751724 0.659478 0
    outer loop
      vertex 21.3801 20.8263 -3.4
      vertex 21.1213 21.1213 -5.8
      vertex 21.1213 21.1213 -3.4
    endloop
  endfacet
  facet normal 0.751724 0.659478 0
    outer loop
      vertex 21.1213 21.1213 -5.8
      vertex 21.3801 20.8263 -3.4
      vertex 21.3801 20.8263 -5.8
    endloop
  endfacet
  facet normal 0.736019 0.362782 0.571547
    outer loop
      vertex 21.5981 20.5 -3.4
      vertex 19.8097 18.4567 0.199999
      vertex 21.7716 20.148 -3.4
    endloop
  endfacet
  facet normal 0.675903 0.451569 0.582444
    outer loop
      vertex 21.3801 20.8263 -3.4
      vertex 19.4834 19.0219 0.199999
      vertex 21.5981 20.5 -3.4
    endloop
  endfacet
  facet normal 0.831501 0.555523 0
    outer loop
      vertex 21.5981 20.5 -3.4
      vertex 21.3801 20.8263 -5.8
      vertex 21.3801 20.8263 -3.4
    endloop
  endfacet
  facet normal 0.831501 0.555523 0
    outer loop
      vertex 21.3801 20.8263 -5.8
      vertex 21.5981 20.5 -3.4
      vertex 21.5981 20.5 -5.8
    endloop
  endfacet
  facet normal 0.980815 0.19494 0
    outer loop
      vertex 21.9743 19.3916 -3.4
      vertex 21.8978 19.7765 -5.8
      vertex 21.8978 19.7765 -3.4
    endloop
  endfacet
  facet normal 0.980815 0.19494 0
    outer loop
      vertex 21.8978 19.7765 -5.8
      vertex 21.9743 19.3916 -3.4
      vertex 21.9743 19.3916 -5.8
    endloop
  endfacet
  facet normal 0.787657 0.26757 0.55498
    outer loop
      vertex 21.7716 20.148 -3.4
      vertex 19.9148 18.147 0.199999
      vertex 21.8978 19.7765 -3.4
    endloop
  endfacet
  facet normal 0.862565 0.0565703 0.502774
    outer loop
      vertex 22 19 -3.4
      vertex 19.9786 17.8263 0.199999
      vertex 20 17.5 0.199999
    endloop
  endfacet
  facet normal -0.362919 -0.735929 0.571575
    outer loop
      vertex 3.54329 2.1903 0.199999
      vertex 1.5 0.401923 -3.4
      vertex 1.85195 0.228361 -3.4
    endloop
  endfacet
  facet normal -0.533406 -0.608244 0.587807
    outer loop
      vertex 2.73223 2.73223 0.199999
      vertex 0.878679 0.878679 -3.4
      vertex 1.17372 0.61994 -3.4
    endloop
  endfacet
  facet normal -0.0654026 -0.997859 0
    outer loop
      vertex 2.60842 0.0256653 -5.8
      vertex 3 0 -3.4
      vertex 2.60842 0.0256653 -3.4
    endloop
  endfacet
  facet normal -0.0654026 -0.997859 -0
    outer loop
      vertex 3 0 -3.4
      vertex 2.60842 0.0256653 -5.8
      vertex 3 0 -5.8
    endloop
  endfacet
  facet normal -0.862572 -0.0565409 0.502765
    outer loop
      vertex 2 4.5 0.199999
      vertex 0 3 -3.4
      vertex 2.02139 4.17368 0.199999
    endloop
  endfacet
  facet normal 0 0 1
    outer loop
      vertex 13 10.5125 0.199999
      vertex 11.0983 8.40789 0.199999
      vertex 11.125 8 0.199999
    endloop
  endfacet
  facet normal 0 0 1
    outer loop
      vertex 10.2097 10.2097 0.199999
      vertex 11.2287 11.2552 0.199999
      vertex 11.0265 11.4857 0.199999
    endloop
  endfacet
  facet normal 0 0 1
    outer loop
      vertex 11.2411 11.2411 0.199999
      vertex 11.0185 8.80881 0.199999
      vertex 11.0983 8.40789 0.199999
    endloop
  endfacet
  facet normal 0 0 1
    outer loop
      vertex 9.90238 10.4792 0.199999
      vertex 11.0265 11.4857 0.199999
      vertex 11.0161 11.5013 0.199999
    endloop
  endfacet
  facet normal 0 0 1
    outer loop
      vertex 11.2411 11.2411 0.199999
      vertex 10.8871 9.19589 0.199999
      vertex 11.0185 8.80881 0.199999
    endloop
  endfacet
  facet normal 0 0 1
    outer loop
      vertex 9.90238 10.4792 0.199999
      vertex 11.0161 11.5013 0.199999
      vertex 10.8458 11.7563 0.199999
    endloop
  endfacet
  facet normal 0 0 1
    outer loop
      vertex 9.5625 10.7063 0.199999
      vertex 10.8458 11.7563 0.199999
      vertex 10.8374 11.7731 0.199999
    endloop
  endfacet
  facet normal 0 0 1
    outer loop
      vertex 11.2411 11.2411 0.199999
      vertex 10.7063 9.5625 0.199999
      vertex 10.8871 9.19589 0.199999
    endloop
  endfacet
  facet normal 0 0 1
    outer loop
      vertex 9.5625 10.7063 0.199999
      vertex 10.8374 11.7731 0.199999
      vertex 10.7018 12.0481 0.199999
    endloop
  endfacet
  facet normal 0 0 1
    outer loop
      vertex 9.19589 10.8871 0.199999
      vertex 10.7018 12.0481 0.199999
      vertex 10.6033 12.3384 0.199999
    endloop
  endfacet
  facet normal 0 0 1
    outer loop
      vertex 9.19589 10.8871 0.199999
      vertex 10.6033 12.3384 0.199999
      vertex 10.5973 12.3562 0.199999
    endloop
  endfacet
  facet normal 0 0 1
    outer loop
      vertex 8.80881 11.0185 0.199999
      vertex 10.5973 12.3562 0.199999
      vertex 10.5374 12.6569 0.199999
    endloop
  endfacet
  facet normal 0 0 1
    outer loop
      vertex 8.80881 11.0185 0.199999
      vertex 10.5374 12.6569 0.199999
      vertex 10.5338 12.6753 0.199999
    endloop
  endfacet
  facet normal 0 0 1
    outer loop
      vertex 8.80881 11.0185 0.199999
      vertex 10.5338 12.6753 0.199999
      vertex 10.5326 12.6941 0.199999
    endloop
  endfacet
  facet normal 0 0 1
    outer loop
      vertex 8.40789 11.0983 0.199999
      vertex 10.5326 12.6941 0.199999
      vertex 10.5125 13 0.199999
    endloop
  endfacet
  facet normal 0 0 1
    outer loop
      vertex 11.2411 11.2411 0.199999
      vertex 10.4792 9.90238 0.199999
      vertex 10.7063 9.5625 0.199999
    endloop
  endfacet
  facet normal 0 0 1
    outer loop
      vertex 17.5 20 0.199999
      vertex 20 17.5 0.199999
      vertex 19.9786 17.8263 0.199999
    endloop
  endfacet
  facet normal 0 0 1
    outer loop
      vertex 20 17.5 0.199999
      vertex 15.4027 12.3562 0.199999
      vertex 20 4.5 0.199999
    endloop
  endfacet
  facet normal 0 0 1
    outer loop
      vertex 17.5 20 0.199999
      vertex 19.9786 17.8263 0.199999
      vertex 19.9148 18.147 0.199999
    endloop
  endfacet
  facet normal 0 0 1
    outer loop
      vertex 20 17.5 0.199999
      vertex 15.4626 12.6569 0.199999
      vertex 15.4027 12.3562 0.199999
    endloop
  endfacet
  facet normal 0 0 1
    outer loop
      vertex 17.5 20 0.199999
      vertex 19.9148 18.147 0.199999
      vertex 19.8097 18.4567 0.199999
    endloop
  endfacet
  facet normal 0 0 1
    outer loop
      vertex 20 17.5 0.199999
      vertex 15.4662 12.6753 0.199999
      vertex 15.4626 12.6569 0.199999
    endloop
  endfacet
  facet normal 0 0 1
    outer loop
      vertex 17.5 20 0.199999
      vertex 19.8097 18.4567 0.199999
      vertex 19.6651 18.75 0.199999
    endloop
  endfacet
  facet normal -0 0 1
    outer loop
      vertex 15.3967 12.3384 0.199999
      vertex 20 4.5 0.199999
      vertex 15.4027 12.3562 0.199999
    endloop
  endfacet
  facet normal 0 0 1
    outer loop
      vertex 17.5 20 0.199999
      vertex 19.6651 18.75 0.199999
      vertex 19.4834 19.0219 0.199999
    endloop
  endfacet
  facet normal -0 0 1
    outer loop
      vertex 15.2982 12.0481 0.199999
      vertex 20 4.5 0.199999
      vertex 15.3967 12.3384 0.199999
    endloop
  endfacet
  facet normal 0 0 1
    outer loop
      vertex 17.5 20 0.199999
      vertex 19.4834 19.0219 0.199999
      vertex 19.2678 19.2678 0.199999
    endloop
  endfacet
  facet normal -0 0 1
    outer loop
      vertex 15.1626 11.7731 0.199999
      vertex 20 4.5 0.199999
      vertex 15.2982 12.0481 0.199999
    endloop
  endfacet
  facet normal 0 0 1
    outer loop
      vertex 17.5 20 0.199999
      vertex 19.2678 19.2678 0.199999
      vertex 19.0219 19.4834 0.199999
    endloop
  endfacet
  facet normal -0 0 1
    outer loop
      vertex 15.1542 11.7563 0.199999
      vertex 20 4.5 0.199999
      vertex 15.1626 11.7731 0.199999
    endloop
  endfacet
  facet normal 0 0 1
    outer loop
      vertex 17.5 20 0.199999
      vertex 19.0219 19.4834 0.199999
      vertex 18.75 19.6651 0.199999
    endloop
  endfacet
  facet normal -0 0 1
    outer loop
      vertex 14.9839 11.5013 0.199999
      vertex 20 4.5 0.199999
      vertex 15.1542 11.7563 0.199999
    endloop
  endfacet
  facet normal 0 0 1
    outer loop
      vertex 17.5 20 0.199999
      vertex 18.75 19.6651 0.199999
      vertex 18.4567 19.8097 0.199999
    endloop
  endfacet
  facet normal -0 0 1
    outer loop
      vertex 14.9735 11.4857 0.199999
      vertex 20 4.5 0.199999
      vertex 14.9839 11.5013 0.199999
    endloop
  endfacet
  facet normal 0 0 1
    outer loop
      vertex 17.5 20 0.199999
      vertex 18.4567 19.8097 0.199999
      vertex 18.147 19.9148 0.199999
    endloop
  endfacet
  facet normal -0 0 1
    outer loop
      vertex 14.7713 11.2552 0.199999
      vertex 20 4.5 0.199999
      vertex 14.9735 11.4857 0.199999
    endloop
  endfacet
  facet normal 0 0 1
    outer loop
      vertex 17.5 20 0.199999
      vertex 18.147 19.9148 0.199999
      vertex 17.8263 19.9786 0.199999
    endloop
  endfacet
  facet normal -0 0 1
    outer loop
      vertex 14.7589 11.2411 0.199999
      vertex 20 4.5 0.199999
      vertex 14.7713 11.2552 0.199999
    endloop
  endfacet
  facet normal 0 0 1
    outer loop
      vertex 20 17.5 0.199999
      vertex 17.5 20 0.199999
      vertex 14.7589 14.7589 0.199999
    endloop
  endfacet
  facet normal -0 0 1
    outer loop
      vertex 14.7448 11.2287 0.199999
      vertex 20 4.5 0.199999
      vertex 14.7589 11.2411 0.199999
    endloop
  endfacet
  facet normal 0 0 1
    outer loop
      vertex 20 17.5 0.199999
      vertex 15.4875 13 0.199999
      vertex 15.4863 12.9812 0.199999
    endloop
  endfacet
  facet normal 0 0 1
    outer loop
      vertex 20 17.5 0.199999
      vertex 15.4863 13.0188 0.199999
      vertex 15.4875 13 0.199999
    endloop
  endfacet
  facet normal 0 0 1
    outer loop
      vertex 20 17.5 0.199999
      vertex 15.4662 13.3247 0.199999
      vertex 15.4863 13.0188 0.199999
    endloop
  endfacet
  facet normal 0 0 1
    outer loop
      vertex 20 17.5 0.199999
      vertex 15.4626 13.3431 0.199999
      vertex 15.4662 13.3247 0.199999
    endloop
  endfacet
  facet normal 0 0 1
    outer loop
      vertex 20 17.5 0.199999
      vertex 15.4027 13.6438 0.199999
      vertex 15.4626 13.3431 0.199999
    endloop
  endfacet
  facet normal 0 0 1
    outer loop
      vertex 20 17.5 0.199999
      vertex 15.3967 13.6616 0.199999
      vertex 15.4027 13.6438 0.199999
    endloop
  endfacet
  facet normal 0 0 1
    outer loop
      vertex 20 17.5 0.199999
      vertex 15.2982 13.9519 0.199999
      vertex 15.3967 13.6616 0.199999
    endloop
  endfacet
  facet normal 0 0 1
    outer loop
      vertex 20 17.5 0.199999
      vertex 15.1626 14.2269 0.199999
      vertex 15.2982 13.9519 0.199999
    endloop
  endfacet
  facet normal 0 0 1
    outer loop
      vertex 20 17.5 0.199999
      vertex 15.1542 14.2437 0.199999
      vertex 15.1626 14.2269 0.199999
    endloop
  endfacet
  facet normal 0 0 1
    outer loop
      vertex 20 17.5 0.199999
      vertex 15.1438 14.2594 0.199999
      vertex 15.1542 14.2437 0.199999
    endloop
  endfacet
  facet normal 0 0 1
    outer loop
      vertex 20 17.5 0.199999
      vertex 14.9735 14.5143 0.199999
      vertex 15.1438 14.2594 0.199999
    endloop
  endfacet
  facet normal 0 0 1
    outer loop
      vertex 20 17.5 0.199999
      vertex 14.7713 14.7448 0.199999
      vertex 14.9735 14.5143 0.199999
    endloop
  endfacet
  facet normal 0 0 1
    outer loop
      vertex 20 17.5 0.199999
      vertex 14.7589 14.7589 0.199999
      vertex 14.7713 14.7448 0.199999
    endloop
  endfacet
  facet normal 0 0 1
    outer loop
      vertex 17.5 20 0.199999
      vertex 14.7448 14.7713 0.199999
      vertex 14.7589 14.7589 0.199999
    endloop
  endfacet
  facet normal 0 0 1
    outer loop
      vertex 17.5 20 0.199999
      vertex 14.5143 14.9735 0.199999
      vertex 14.7448 14.7713 0.199999
    endloop
  endfacet
  facet normal 0 0 1
    outer loop
      vertex 17.5 20 0.199999
      vertex 14.2594 15.1438 0.199999
      vertex 14.5143 14.9735 0.199999
    endloop
  endfacet
  facet normal 0 0 1
    outer loop
      vertex 17.5 20 0.199999
      vertex 14.2437 15.1542 0.199999
      vertex 14.2594 15.1438 0.199999
    endloop
  endfacet
  facet normal 0 0 1
    outer loop
      vertex 17.5 20 0.199999
      vertex 14.2269 15.1626 0.199999
      vertex 14.2437 15.1542 0.199999
    endloop
  endfacet
  facet normal 0 0 1
    outer loop
      vertex 17.5 20 0.199999
      vertex 13.9519 15.2982 0.199999
      vertex 14.2269 15.1626 0.199999
    endloop
  endfacet
  facet normal 0 0 1
    outer loop
      vertex 17.5 20 0.199999
      vertex 13.6616 15.3967 0.199999
      vertex 13.9519 15.2982 0.199999
    endloop
  endfacet
  facet normal 0 0 1
    outer loop
      vertex 17.5 20 0.199999
      vertex 13.6438 15.4027 0.199999
      vertex 13.6616 15.3967 0.199999
    endloop
  endfacet
  facet normal 0 0 1
    outer loop
      vertex 17.5 20 0.199999
      vertex 13.3431 15.4626 0.199999
      vertex 13.6438 15.4027 0.199999
    endloop
  endfacet
  facet normal 0 0 1
    outer loop
      vertex 17.5 20 0.199999
      vertex 13.3247 15.4662 0.199999
      vertex 13.3431 15.4626 0.199999
    endloop
  endfacet
  facet normal 0 0 1
    outer loop
      vertex 17.5 20 0.199999
      vertex 13.0188 15.4863 0.199999
      vertex 13.3247 15.4662 0.199999
    endloop
  endfacet
  facet normal 0 0 1
    outer loop
      vertex 17.5 20 0.199999
      vertex 13 15.4875 0.199999
      vertex 13.0188 15.4863 0.199999
    endloop
  endfacet
  facet normal 0 0 1
    outer loop
      vertex 17.5 20 0.199999
      vertex 12.9812 15.4863 0.199999
      vertex 13 15.4875 0.199999
    endloop
  endfacet
  facet normal 0 0 1
    outer loop
      vertex 17.5 20 0.199999
      vertex 12.6753 15.4662 0.199999
      vertex 12.9812 15.4863 0.199999
    endloop
  endfacet
  facet normal 0 0 1
    outer loop
      vertex 17.5 20 0.199999
      vertex 12.6569 15.4626 0.199999
      vertex 12.6753 15.4662 0.199999
    endloop
  endfacet
  facet normal 0 0 1
    outer loop
      vertex 17.5 20 0.199999
      vertex 12.3562 15.4027 0.199999
      vertex 12.6569 15.4626 0.199999
    endloop
  endfacet
  facet normal -0 0 1
    outer loop
      vertex 4.5 20 0.199999
      vertex 12.3562 15.4027 0.199999
      vertex 17.5 20 0.199999
    endloop
  endfacet
  facet normal 0 0 1
    outer loop
      vertex 12.3562 15.4027 0.199999
      vertex 4.5 20 0.199999
      vertex 12.3384 15.3967 0.199999
    endloop
  endfacet
  facet normal 0 0 1
    outer loop
      vertex 12.3384 15.3967 0.199999
      vertex 4.5 20 0.199999
      vertex 12.0481 15.2982 0.199999
    endloop
  endfacet
  facet normal 0 0 1
    outer loop
      vertex 12.0481 15.2982 0.199999
      vertex 4.5 20 0.199999
      vertex 11.7731 15.1626 0.199999
    endloop
  endfacet
  facet normal 0 0 1
    outer loop
      vertex 11.7731 15.1626 0.199999
      vertex 4.5 20 0.199999
      vertex 11.7563 15.1542 0.199999
    endloop
  endfacet
  facet normal 0 0 1
    outer loop
      vertex 11.7563 15.1542 0.199999
      vertex 4.5 20 0.199999
      vertex 11.5013 14.9839 0.199999
    endloop
  endfacet
  facet normal 0 0 1
    outer loop
      vertex 4.5 20 0.199999
      vertex 11.2552 14.7713 0.199999
      vertex 11.4857 14.9735 0.199999
    endloop
  endfacet
  facet normal 0 0 1
    outer loop
      vertex 4.5 20 0.199999
      vertex 11.2287 14.7448 0.199999
      vertex 11.2411 14.7589 0.199999
    endloop
  endfacet
  facet normal 0 0 1
    outer loop
      vertex 4.5 20 0.199999
      vertex 10.8374 14.2269 0.199999
      vertex 10.8458 14.2437 0.199999
    endloop
  endfacet
  facet normal 0 0 1
    outer loop
      vertex 8 11.125 0.199999
      vertex 10.5374 13.3431 0.199999
      vertex 10.5973 13.6438 0.199999
    endloop
  endfacet
  facet normal 0 0 1
    outer loop
      vertex 8 11.125 0.199999
      vertex 10.5326 13.3059 0.199999
      vertex 10.5338 13.3247 0.199999
    endloop
  endfacet
  facet normal 0 0 1
    outer loop
      vertex 11.2411 11.2411 0.199999
      vertex 10.2097 10.2097 0.199999
      vertex 10.4792 9.90238 0.199999
    endloop
  endfacet
  facet normal 0 0 1
    outer loop
      vertex 10.5326 13.3059 0.199999
      vertex 8.40789 11.0983 0.199999
      vertex 10.5125 13 0.199999
    endloop
  endfacet
  facet normal 0 0 1
    outer loop
      vertex 11.0265 11.4857 0.199999
      vertex 9.90238 10.4792 0.199999
      vertex 10.2097 10.2097 0.199999
    endloop
  endfacet
  facet normal 0 0 1
    outer loop
      vertex 10.5374 13.3431 0.199999
      vertex 8 11.125 0.199999
      vertex 10.5338 13.3247 0.199999
    endloop
  endfacet
  facet normal 0 0 1
    outer loop
      vertex 10.8458 11.7563 0.199999
      vertex 9.5625 10.7063 0.199999
      vertex 9.90238 10.4792 0.199999
    endloop
  endfacet
  facet normal 0 0 1
    outer loop
      vertex 7.5921 11.0983 0.199999
      vertex 10.5973 13.6438 0.199999
      vertex 10.6033 13.6616 0.199999
    endloop
  endfacet
  facet normal 0 0 1
    outer loop
      vertex 7.5921 11.0983 0.199999
      vertex 10.6033 13.6616 0.199999
      vertex 10.7018 13.9519 0.199999
    endloop
  endfacet
  facet normal 0 0 1
    outer loop
      vertex 10.7018 12.0481 0.199999
      vertex 9.19589 10.8871 0.199999
      vertex 9.5625 10.7063 0.199999
    endloop
  endfacet
  facet normal 0 0 1
    outer loop
      vertex 10.5973 12.3562 0.199999
      vertex 8.80881 11.0185 0.199999
      vertex 9.19589 10.8871 0.199999
    endloop
  endfacet
  facet normal 0 0 1
    outer loop
      vertex 10.8374 14.2269 0.199999
      vertex 4.5 20 0.199999
      vertex 10.7018 13.9519 0.199999
    endloop
  endfacet
  facet normal 0 0 1
    outer loop
      vertex 10.5326 12.6941 0.199999
      vertex 8.40789 11.0983 0.199999
      vertex 8.80881 11.0185 0.199999
    endloop
  endfacet
  facet normal 0 0 1
    outer loop
      vertex 4.5 20 0.199999
      vertex 10.8458 14.2437 0.199999
      vertex 10.8562 14.2594 0.199999
    endloop
  endfacet
  facet normal 0 0 1
    outer loop
      vertex 4.5 20 0.199999
      vertex 10.8562 14.2594 0.199999
      vertex 11.0265 14.5143 0.199999
    endloop
  endfacet
  facet normal 0 0 1
    outer loop
      vertex 10.5326 13.3059 0.199999
      vertex 8 11.125 0.199999
      vertex 8.40789 11.0983 0.199999
    endloop
  endfacet
  facet normal 0 0 1
    outer loop
      vertex 11.2287 14.7448 0.199999
      vertex 4.5 20 0.199999
      vertex 11.0265 14.5143 0.199999
    endloop
  endfacet
  facet normal 0 0 1
    outer loop
      vertex 10.5973 13.6438 0.199999
      vertex 7.5921 11.0983 0.199999
      vertex 8 11.125 0.199999
    endloop
  endfacet
  facet normal 0 0 1
    outer loop
      vertex 10.7018 13.9519 0.199999
      vertex 4.5 20 0.199999
      vertex 7.19119 11.0185 0.199999
    endloop
  endfacet
  facet normal 0 0 1
    outer loop
      vertex 10.7018 13.9519 0.199999
      vertex 7.19119 11.0185 0.199999
      vertex 7.5921 11.0983 0.199999
    endloop
  endfacet
  facet normal 0 0 1
    outer loop
      vertex 11.2552 14.7713 0.199999
      vertex 4.5 20 0.199999
      vertex 11.2411 14.7589 0.199999
    endloop
  endfacet
  facet normal -0 0 1
    outer loop
      vertex 2 17.5 0.199999
      vertex 7.19119 11.0185 0.199999
      vertex 4.5 20 0.199999
    endloop
  endfacet
  facet normal 0 0 1
    outer loop
      vertex 7.19119 11.0185 0.199999
      vertex 2 17.5 0.199999
      vertex 6.80411 10.8871 0.199999
    endloop
  endfacet
  facet normal 0 0 1
    outer loop
      vertex 11.5013 14.9839 0.199999
      vertex 4.5 20 0.199999
      vertex 11.4857 14.9735 0.199999
    endloop
  endfacet
  facet normal 0 0 1
    outer loop
      vertex 2 4.5 0.199999
      vertex 4.98148 8.80881 0.199999
      vertex 2 17.5 0.199999
    endloop
  endfacet
  facet normal 0 0 1
    outer loop
      vertex 5.11288 9.19589 0.199999
      vertex 2 17.5 0.199999
      vertex 4.98148 8.80881 0.199999
    endloop
  endfacet
  facet normal 0 0 1
    outer loop
      vertex 5.29367 9.5625 0.199999
      vertex 2 17.5 0.199999
      vertex 5.11288 9.19589 0.199999
    endloop
  endfacet
  facet normal 0 0 1
    outer loop
      vertex 5.52077 9.90238 0.199999
      vertex 2 17.5 0.199999
      vertex 5.29367 9.5625 0.199999
    endloop
  endfacet
  facet normal 0 0 1
    outer loop
      vertex 5.79029 10.2097 0.199999
      vertex 2 17.5 0.199999
      vertex 5.52077 9.90238 0.199999
    endloop
  endfacet
  facet normal 0 0 1
    outer loop
      vertex 6.09762 10.4792 0.199999
      vertex 2 17.5 0.199999
      vertex 5.79029 10.2097 0.199999
    endloop
  endfacet
  facet normal 0 0 1
    outer loop
      vertex 6.4375 10.7063 0.199999
      vertex 2 17.5 0.199999
      vertex 6.09762 10.4792 0.199999
    endloop
  endfacet
  facet normal 0 0 1
    outer loop
      vertex 6.80411 10.8871 0.199999
      vertex 2 17.5 0.199999
      vertex 6.4375 10.7063 0.199999
    endloop
  endfacet
  facet normal 0 0 1
    outer loop
      vertex 20 17.5 0.199999
      vertex 15.4863 12.9812 0.199999
      vertex 15.4662 12.6753 0.199999
    endloop
  endfacet
  facet normal -0 0 1
    outer loop
      vertex 14.5143 11.0265 0.199999
      vertex 20 4.5 0.199999
      vertex 14.7448 11.2287 0.199999
    endloop
  endfacet
  facet normal -0 0 1
    outer loop
      vertex 14.2594 10.8562 0.199999
      vertex 20 4.5 0.199999
      vertex 14.5143 11.0265 0.199999
    endloop
  endfacet
  facet normal -0 0 1
    outer loop
      vertex 14.2437 10.8458 0.199999
      vertex 20 4.5 0.199999
      vertex 14.2594 10.8562 0.199999
    endloop
  endfacet
  facet normal -0 0 1
    outer loop
      vertex 14.2269 10.8374 0.199999
      vertex 20 4.5 0.199999
      vertex 14.2437 10.8458 0.199999
    endloop
  endfacet
  facet normal -0 0 1
    outer loop
      vertex 13.9519 10.7018 0.199999
      vertex 20 4.5 0.199999
      vertex 14.2269 10.8374 0.199999
    endloop
  endfacet
  facet normal 0 -0 1
    outer loop
      vertex 17.5 2 0.199999
      vertex 20 4.5 0.199999
      vertex 13.9519 10.7018 0.199999
    endloop
  endfacet
  facet normal 0 0 1
    outer loop
      vertex 20 4.5 0.199999
      vertex 17.5 2 0.199999
      vertex 19.9786 4.17368 0.199999
    endloop
  endfacet
  facet normal 0 0 1
    outer loop
      vertex 19.8097 3.54329 0.199999
      vertex 17.5 2 0.199999
      vertex 19.6651 3.25 0.199999
    endloop
  endfacet
  facet normal 0 0 1
    outer loop
      vertex 19.6651 3.25 0.199999
      vertex 17.5 2 0.199999
      vertex 19.4834 2.9781 0.199999
    endloop
  endfacet
  facet normal 0 0 1
    outer loop
      vertex 19.4834 2.9781 0.199999
      vertex 17.5 2 0.199999
      vertex 19.2678 2.73223 0.199999
    endloop
  endfacet
  facet normal 0 0 1
    outer loop
      vertex 19.2678 2.73223 0.199999
      vertex 17.5 2 0.199999
      vertex 19.0219 2.51662 0.199999
    endloop
  endfacet
  facet normal 0 0 1
    outer loop
      vertex 18.4567 2.1903 0.199999
      vertex 17.5 2 0.199999
      vertex 18.147 2.08519 0.199999
    endloop
  endfacet
  facet normal 0 0 1
    outer loop
      vertex 18.147 2.08519 0.199999
      vertex 17.5 2 0.199999
      vertex 17.8263 2.02139 0.199999
    endloop
  endfacet
  facet normal 0 0 1
    outer loop
      vertex 18.75 2.33494 0.199999
      vertex 17.5 2 0.199999
      vertex 18.4567 2.1903 0.199999
    endloop
  endfacet
  facet normal 0 0 1
    outer loop
      vertex 19.0219 2.51662 0.199999
      vertex 17.5 2 0.199999
      vertex 18.75 2.33494 0.199999
    endloop
  endfacet
  facet normal 0 0 1
    outer loop
      vertex 19.9148 3.85295 0.199999
      vertex 17.5 2 0.199999
      vertex 19.8097 3.54329 0.199999
    endloop
  endfacet
  facet normal 0 0 1
    outer loop
      vertex 19.9786 4.17368 0.199999
      vertex 17.5 2 0.199999
      vertex 19.9148 3.85295 0.199999
    endloop
  endfacet
  facet normal 0 0 1
    outer loop
      vertex 11.0983 7.5921 0.199999
      vertex 13.9519 10.7018 0.199999
      vertex 13.6616 10.6033 0.199999
    endloop
  endfacet
  facet normal 0 0 1
    outer loop
      vertex 11.0983 7.5921 0.199999
      vertex 13.6616 10.6033 0.199999
      vertex 13.6438 10.5973 0.199999
    endloop
  endfacet
  facet normal 0 0 1
    outer loop
      vertex 11.125 8 0.199999
      vertex 13.6438 10.5973 0.199999
      vertex 13.3431 10.5374 0.199999
    endloop
  endfacet
  facet normal 0 0 1
    outer loop
      vertex 11.125 8 0.199999
      vertex 13.3431 10.5374 0.199999
      vertex 13.3247 10.5338 0.199999
    endloop
  endfacet
  facet normal 0 0 1
    outer loop
      vertex 11.125 8 0.199999
      vertex 13.3247 10.5338 0.199999
      vertex 13.3059 10.5326 0.199999
    endloop
  endfacet
  facet normal 0 0 1
    outer loop
      vertex 11.125 8 0.199999
      vertex 13.3059 10.5326 0.199999
      vertex 13 10.5125 0.199999
    endloop
  endfacet
  facet normal 0 0 1
    outer loop
      vertex 11.0983 8.40789 0.199999
      vertex 13 10.5125 0.199999
      vertex 12.6941 10.5326 0.199999
    endloop
  endfacet
  facet normal 0 0 1
    outer loop
      vertex 11.0983 8.40789 0.199999
      vertex 12.6941 10.5326 0.199999
      vertex 12.6753 10.5338 0.199999
    endloop
  endfacet
  facet normal 0 0 1
    outer loop
      vertex 11.0983 8.40789 0.199999
      vertex 12.6753 10.5338 0.199999
      vertex 12.6569 10.5374 0.199999
    endloop
  endfacet
  facet normal 0 0 1
    outer loop
      vertex 11.0983 8.40789 0.199999
      vertex 12.6569 10.5374 0.199999
      vertex 12.3562 10.5973 0.199999
    endloop
  endfacet
  facet normal 0 0 1
    outer loop
      vertex 11.0983 8.40789 0.199999
      vertex 12.3562 10.5973 0.199999
      vertex 12.3384 10.6033 0.199999
    endloop
  endfacet
  facet normal 0 0 1
    outer loop
      vertex 11.0983 8.40789 0.199999
      vertex 12.3384 10.6033 0.199999
      vertex 12.0481 10.7018 0.199999
    endloop
  endfacet
  facet normal 0 0 1
    outer loop
      vertex 11.0983 8.40789 0.199999
      vertex 12.0481 10.7018 0.199999
      vertex 11.7731 10.8374 0.199999
    endloop
  endfacet
  facet normal 0 0 1
    outer loop
      vertex 11.0983 8.40789 0.199999
      vertex 11.7731 10.8374 0.199999
      vertex 11.7563 10.8458 0.199999
    endloop
  endfacet
  facet normal 0 0 1
    outer loop
      vertex 11.0983 8.40789 0.199999
      vertex 11.7563 10.8458 0.199999
      vertex 11.5013 11.0161 0.199999
    endloop
  endfacet
  facet normal 0 0 1
    outer loop
      vertex 11.0983 8.40789 0.199999
      vertex 11.5013 11.0161 0.199999
      vertex 11.4857 11.0265 0.199999
    endloop
  endfacet
  facet normal 0 0 1
    outer loop
      vertex 11.0983 8.40789 0.199999
      vertex 11.4857 11.0265 0.199999
      vertex 11.2552 11.2287 0.199999
    endloop
  endfacet
  facet normal 0 0 1
    outer loop
      vertex 11.0983 8.40789 0.199999
      vertex 11.2552 11.2287 0.199999
      vertex 11.2411 11.2411 0.199999
    endloop
  endfacet
  facet normal 0 0 1
    outer loop
      vertex 10.2097 10.2097 0.199999
      vertex 11.2411 11.2411 0.199999
      vertex 11.2287 11.2552 0.199999
    endloop
  endfacet
  facet normal 0 0 1
    outer loop
      vertex 13.6438 10.5973 0.199999
      vertex 11.125 8 0.199999
      vertex 11.0983 7.5921 0.199999
    endloop
  endfacet
  facet normal 0 0 1
    outer loop
      vertex 13.9519 10.7018 0.199999
      vertex 11.0983 7.5921 0.199999
      vertex 11.0185 7.19119 0.199999
    endloop
  endfacet
  facet normal 0 0 1
    outer loop
      vertex 13.9519 10.7018 0.199999
      vertex 11.0185 7.19119 0.199999
      vertex 17.5 2 0.199999
    endloop
  endfacet
  facet normal -0 0 1
    outer loop
      vertex 10.8871 6.80411 0.199999
      vertex 17.5 2 0.199999
      vertex 11.0185 7.19119 0.199999
    endloop
  endfacet
  facet normal -0 0 1
    outer loop
      vertex 10.7063 6.4375 0.199999
      vertex 17.5 2 0.199999
      vertex 10.8871 6.80411 0.199999
    endloop
  endfacet
  facet normal -0 0 1
    outer loop
      vertex 10.4792 6.09762 0.199999
      vertex 17.5 2 0.199999
      vertex 10.7063 6.4375 0.199999
    endloop
  endfacet
  facet normal -0 0 1
    outer loop
      vertex 10.2097 5.79029 0.199999
      vertex 17.5 2 0.199999
      vertex 10.4792 6.09762 0.199999
    endloop
  endfacet
  facet normal -0 0 1
    outer loop
      vertex 9.90238 5.52077 0.199999
      vertex 17.5 2 0.199999
      vertex 10.2097 5.79029 0.199999
    endloop
  endfacet
  facet normal -0 0 1
    outer loop
      vertex 9.5625 5.29367 0.199999
      vertex 17.5 2 0.199999
      vertex 9.90238 5.52077 0.199999
    endloop
  endfacet
  facet normal -0 0 1
    outer loop
      vertex 9.19589 5.11288 0.199999
      vertex 17.5 2 0.199999
      vertex 9.5625 5.29367 0.199999
    endloop
  endfacet
  facet normal -0 0 1
    outer loop
      vertex 8.80881 4.98148 0.199999
      vertex 17.5 2 0.199999
      vertex 9.19589 5.11288 0.199999
    endloop
  endfacet
  facet normal 0 0 1
    outer loop
      vertex 4.5 2 0.199999
      vertex 8.80881 4.98148 0.199999
      vertex 8.40789 4.90173 0.199999
    endloop
  endfacet
  facet normal 0 0 1
    outer loop
      vertex 4.5 2 0.199999
      vertex 8.40789 4.90173 0.199999
      vertex 8 4.875 0.199999
    endloop
  endfacet
  facet normal 0 0 1
    outer loop
      vertex 4.5 2 0.199999
      vertex 8 4.875 0.199999
      vertex 7.5921 4.90173 0.199999
    endloop
  endfacet
  facet normal 0 0 1
    outer loop
      vertex 4.5 2 0.199999
      vertex 7.5921 4.90173 0.199999
      vertex 7.19119 4.98148 0.199999
    endloop
  endfacet
  facet normal 0 0 1
    outer loop
      vertex 8.80881 4.98148 0.199999
      vertex 4.5 2 0.199999
      vertex 17.5 2 0.199999
    endloop
  endfacet
  facet normal 0 0 1
    outer loop
      vertex 6.80411 5.11288 0.199999
      vertex 4.5 2 0.199999
      vertex 7.19119 4.98148 0.199999
    endloop
  endfacet
  facet normal 0 0 1
    outer loop
      vertex 6.4375 5.29367 0.199999
      vertex 4.5 2 0.199999
      vertex 6.80411 5.11288 0.199999
    endloop
  endfacet
  facet normal 0 0 1
    outer loop
      vertex 6.09762 5.52077 0.199999
      vertex 4.5 2 0.199999
      vertex 6.4375 5.29367 0.199999
    endloop
  endfacet
  facet normal 0 0 1
    outer loop
      vertex 5.79029 5.79029 0.199999
      vertex 4.5 2 0.199999
      vertex 6.09762 5.52077 0.199999
    endloop
  endfacet
  facet normal 0 0 1
    outer loop
      vertex 2 4.5 0.199999
      vertex 5.79029 5.79029 0.199999
      vertex 5.52077 6.09762 0.199999
    endloop
  endfacet
  facet normal 0 0 1
    outer loop
      vertex 2 4.5 0.199999
      vertex 5.52077 6.09762 0.199999
      vertex 5.29367 6.4375 0.199999
    endloop
  endfacet
  facet normal 0 0 1
    outer loop
      vertex 2 4.5 0.199999
      vertex 5.29367 6.4375 0.199999
      vertex 5.11288 6.80411 0.199999
    endloop
  endfacet
  facet normal 0 0 1
    outer loop
      vertex 2 4.5 0.199999
      vertex 5.11288 6.80411 0.199999
      vertex 4.98148 7.19119 0.199999
    endloop
  endfacet
  facet normal 0 0 1
    outer loop
      vertex 2 4.5 0.199999
      vertex 4.98148 7.19119 0.199999
      vertex 4.90173 7.5921 0.199999
    endloop
  endfacet
  facet normal 0 0 1
    outer loop
      vertex 2 4.5 0.199999
      vertex 4.90173 7.5921 0.199999
      vertex 4.875 8 0.199999
    endloop
  endfacet
  facet normal 0 0 1
    outer loop
      vertex 4.98148 8.80881 0.199999
      vertex 2 4.5 0.199999
      vertex 4.90173 8.40789 0.199999
    endloop
  endfacet
  facet normal 0 0 1
    outer loop
      vertex 2 17.5 0.199999
      vertex 4.5 20 0.199999
      vertex 4.17368 19.9786 0.199999
    endloop
  endfacet
  facet normal 0 0 1
    outer loop
      vertex 4.90173 8.40789 0.199999
      vertex 2 4.5 0.199999
      vertex 4.875 8 0.199999
    endloop
  endfacet
  facet normal 0 0 1
    outer loop
      vertex 2 17.5 0.199999
      vertex 4.17368 19.9786 0.199999
      vertex 3.85295 19.9148 0.199999
    endloop
  endfacet
  facet normal 0 0 1
    outer loop
      vertex 5.79029 5.79029 0.199999
      vertex 2 4.5 0.199999
      vertex 2.02139 4.17368 0.199999
    endloop
  endfacet
  facet normal 0 0 1
    outer loop
      vertex 2 17.5 0.199999
      vertex 3.85295 19.9148 0.199999
      vertex 3.54329 19.8097 0.199999
    endloop
  endfacet
  facet normal 0 0 1
    outer loop
      vertex 5.79029 5.79029 0.199999
      vertex 4.17368 2.02139 0.199999
      vertex 4.5 2 0.199999
    endloop
  endfacet
  facet normal 0 0 1
    outer loop
      vertex 2 17.5 0.199999
      vertex 3.54329 19.8097 0.199999
      vertex 3.25 19.6651 0.199999
    endloop
  endfacet
  facet normal 0 0 1
    outer loop
      vertex 5.79029 5.79029 0.199999
      vertex 3.85295 2.08519 0.199999
      vertex 4.17368 2.02139 0.199999
    endloop
  endfacet
  facet normal 0 0 1
    outer loop
      vertex 2 17.5 0.199999
      vertex 3.25 19.6651 0.199999
      vertex 2.9781 19.4834 0.199999
    endloop
  endfacet
  facet normal 0 0 1
    outer loop
      vertex 5.79029 5.79029 0.199999
      vertex 3.54329 2.1903 0.199999
      vertex 3.85295 2.08519 0.199999
    endloop
  endfacet
  facet normal 0 0 1
    outer loop
      vertex 2 17.5 0.199999
      vertex 2.9781 19.4834 0.199999
      vertex 2.73223 19.2678 0.199999
    endloop
  endfacet
  facet normal 0 0 1
    outer loop
      vertex 5.79029 5.79029 0.199999
      vertex 3.25 2.33494 0.199999
      vertex 3.54329 2.1903 0.199999
    endloop
  endfacet
  facet normal 0 0 1
    outer loop
      vertex 2 17.5 0.199999
      vertex 2.73223 19.2678 0.199999
      vertex 2.51662 19.0219 0.199999
    endloop
  endfacet
  facet normal 0 0 1
    outer loop
      vertex 5.79029 5.79029 0.199999
      vertex 2.9781 2.51662 0.199999
      vertex 3.25 2.33494 0.199999
    endloop
  endfacet
  facet normal 0 0 1
    outer loop
      vertex 2 17.5 0.199999
      vertex 2.51662 19.0219 0.199999
      vertex 2.33494 18.75 0.199999
    endloop
  endfacet
  facet normal 0 0 1
    outer loop
      vertex 5.79029 5.79029 0.199999
      vertex 2.73223 2.73223 0.199999
      vertex 2.9781 2.51662 0.199999
    endloop
  endfacet
  facet normal 0 0 1
    outer loop
      vertex 2 17.5 0.199999
      vertex 2.33494 18.75 0.199999
      vertex 2.1903 18.4567 0.199999
    endloop
  endfacet
  facet normal 0 0 1
    outer loop
      vertex 5.79029 5.79029 0.199999
      vertex 2.51662 2.9781 0.199999
      vertex 2.73223 2.73223 0.199999
    endloop
  endfacet
  facet normal 0 0 1
    outer loop
      vertex 2 17.5 0.199999
      vertex 2.1903 18.4567 0.199999
      vertex 2.08519 18.147 0.199999
    endloop
  endfacet
  facet normal 0 0 1
    outer loop
      vertex 5.79029 5.79029 0.199999
      vertex 2.33494 3.25 0.199999
      vertex 2.51662 2.9781 0.199999
    endloop
  endfacet
  facet normal 0 0 1
    outer loop
      vertex 2 17.5 0.199999
      vertex 2.08519 18.147 0.199999
      vertex 2.02139 17.8263 0.199999
    endloop
  endfacet
  facet normal 0 0 1
    outer loop
      vertex 5.79029 5.79029 0.199999
      vertex 2.1903 3.54329 0.199999
      vertex 2.33494 3.25 0.199999
    endloop
  endfacet
  facet normal 0 0 1
    outer loop
      vertex 5.79029 5.79029 0.199999
      vertex 2.08519 3.85295 0.199999
      vertex 2.1903 3.54329 0.199999
    endloop
  endfacet
  facet normal 0 0 1
    outer loop
      vertex 5.79029 5.79029 0.199999
      vertex 2.02139 4.17368 0.199999
      vertex 2.08519 3.85295 0.199999
    endloop
  endfacet
  facet normal -0.787749 -0.267391 0.554935
    outer loop
      vertex 2.08519 3.85295 0.199999
      vertex 0.228361 1.85195 -3.4
      vertex 2.1903 3.54329 0.199999
    endloop
  endfacet
  facet normal -0.831465 -0.555577 0
    outer loop
      vertex 0.61994 1.17372 -5.8
      vertex 0.401923 1.5 -3.4
      vertex 0.401923 1.5 -5.8
    endloop
  endfacet
  facet normal -0.831465 -0.555577 0
    outer loop
      vertex 0.401923 1.5 -3.4
      vertex 0.61994 1.17372 -5.8
      vertex 0.61994 1.17372 -3.4
    endloop
  endfacet
  facet normal -0.862573 -0.0565355 0.502764
    outer loop
      vertex 2.02139 4.17368 0.199999
      vertex 0 3 -3.4
      vertex 0.0256653 2.60842 -3.4
    endloop
  endfacet
  facet normal 0.321512 -0.946905 0
    outer loop
      vertex 19.7765 0.102222 -5.8
      vertex 20.148 0.228361 -3.4
      vertex 19.7765 0.102222 -3.4
    endloop
  endfacet
  facet normal 0.321512 -0.946905 0
    outer loop
      vertex 20.148 0.228361 -3.4
      vertex 19.7765 0.102222 -5.8
      vertex 20.148 0.228361 -5.8
    endloop
  endfacet
  facet normal 0.442237 -0.896898 0
    outer loop
      vertex 20.148 0.228361 -5.8
      vertex 20.5 0.401923 -3.4
      vertex 20.148 0.228361 -3.4
    endloop
  endfacet
  facet normal 0.442237 -0.896898 0
    outer loop
      vertex 20.5 0.401923 -3.4
      vertex 20.148 0.228361 -5.8
      vertex 20.5 0.401923 -5.8
    endloop
  endfacet
  facet normal 0.26746 -0.787713 0.554954
    outer loop
      vertex 20.148 0.228361 -3.4
      vertex 18.147 2.08519 0.199999
      vertex 19.7765 0.102222 -3.4
    endloop
  endfacet
  facet normal 0.830374 -0.165179 0.53216
    outer loop
      vertex 19.9786 4.17368 0.199999
      vertex 19.9148 3.85295 0.199999
      vertex 21.8978 2.22354 -3.4
    endloop
  endfacet
  facet normal 0.451611 -0.675875 0.582444
    outer loop
      vertex 19.0219 2.51662 0.199999
      vertex 18.75 2.33494 0.199999
      vertex 20.5 0.401923 -3.4
    endloop
  endfacet
  facet normal 0.862566 -0.0565669 0.502773
    outer loop
      vertex 20 4.5 0.199999
      vertex 19.9786 4.17368 0.199999
      vertex 22 3 -3.4
    endloop
  endfacet
  facet normal -0.165058 0.830424 0.532121
    outer loop
      vertex 2.60842 21.9743 -3.4
      vertex 2.22354 21.8978 -3.4
      vertex 4.17368 19.9786 0.199999
    endloop
  endfacet
  facet normal -0.19495 0.980813 0
    outer loop
      vertex 2.60842 21.9743 -5.8
      vertex 2.22354 21.8978 -3.4
      vertex 2.60842 21.9743 -3.4
    endloop
  endfacet
  facet normal -0.19495 0.980813 0
    outer loop
      vertex 2.22354 21.8978 -3.4
      vertex 2.60842 21.9743 -5.8
      vertex 2.22354 21.8978 -5.8
    endloop
  endfacet
  facet normal -0.555547 0.831485 0
    outer loop
      vertex 1.5 21.5981 -5.8
      vertex 1.17372 21.3801 -3.4
      vertex 1.5 21.5981 -3.4
    endloop
  endfacet
  facet normal -0.555547 0.831485 0
    outer loop
      vertex 1.17372 21.3801 -3.4
      vertex 1.5 21.5981 -5.8
      vertex 1.17372 21.3801 -5.8
    endloop
  endfacet
  facet normal -0.997859 0.0653993 0
    outer loop
      vertex 0 19 -5.8
      vertex 0.0256653 19.3916 -3.4
      vertex 0.0256653 19.3916 -5.8
    endloop
  endfacet
  facet normal -0.997859 0.0653993 0
    outer loop
      vertex 0.0256653 19.3916 -3.4
      vertex 0 19 -5.8
      vertex 0 19 -3.4
    endloop
  endfacet
  facet normal -0.896898 0.442237 0
    outer loop
      vertex 0.228361 20.148 -5.8
      vertex 0.401923 20.5 -3.4
      vertex 0.401923 20.5 -5.8
    endloop
  endfacet
  facet normal -0.896898 0.442237 0
    outer loop
      vertex 0.401923 20.5 -3.4
      vertex 0.228361 20.148 -5.8
      vertex 0.228361 20.148 -3.4
    endloop
  endfacet
  facet normal -0.946905 0.321512 0
    outer loop
      vertex 0.102222 19.7765 -5.8
      vertex 0.228361 20.148 -3.4
      vertex 0.228361 20.148 -5.8
    endloop
  endfacet
  facet normal -0.946905 0.321512 0
    outer loop
      vertex 0.228361 20.148 -3.4
      vertex 0.102222 19.7765 -5.8
      vertex 0.102222 19.7765 -3.4
    endloop
  endfacet
  facet normal -0.831481 0.555553 0
    outer loop
      vertex 0.401923 20.5 -5.8
      vertex 0.61994 20.8263 -3.4
      vertex 0.61994 20.8263 -5.8
    endloop
  endfacet
  facet normal -0.831481 0.555553 0
    outer loop
      vertex 0.61994 20.8263 -3.4
      vertex 0.401923 20.5 -5.8
      vertex 0.401923 20.5 -3.4
    endloop
  endfacet
  facet normal -0.451588 0.67589 0.582444
    outer loop
      vertex 1.5 21.5981 -3.4
      vertex 1.17372 21.3801 -3.4
      vertex 2.9781 19.4834 0.199999
    endloop
  endfacet
  facet normal -0.608209 0.533449 0.587804
    outer loop
      vertex 0.878679 21.1213 -3.4
      vertex 0.61994 20.8263 -3.4
      vertex 2.73223 19.2678 0.199999
    endloop
  endfacet
  facet normal -0.751801 0.65939 0
    outer loop
      vertex 0.61994 20.8263 -5.8
      vertex 0.878679 21.1213 -3.4
      vertex 0.878679 21.1213 -5.8
    endloop
  endfacet
  facet normal -0.751801 0.65939 0
    outer loop
      vertex 0.878679 21.1213 -3.4
      vertex 0.61994 20.8263 -5.8
      vertex 0.61994 20.8263 -3.4
    endloop
  endfacet
  facet normal 0.321651 0.946858 -0
    outer loop
      vertex 20.148 21.7716 -5.8
      vertex 19.7765 21.8978 -3.4
      vertex 20.148 21.7716 -3.4
    endloop
  endfacet
  facet normal 0.321651 0.946858 0
    outer loop
      vertex 19.7765 21.8978 -3.4
      vertex 20.148 21.7716 -5.8
      vertex 19.7765 21.8978 -5.8
    endloop
  endfacet
  facet normal 0.44211 0.896961 -0
    outer loop
      vertex 20.5 21.5981 -5.8
      vertex 20.148 21.7716 -3.4
      vertex 20.5 21.5981 -3.4
    endloop
  endfacet
  facet normal 0.44211 0.896961 0
    outer loop
      vertex 20.148 21.7716 -3.4
      vertex 20.5 21.5981 -5.8
      vertex 20.148 21.7716 -5.8
    endloop
  endfacet
  facet normal 0.555523 0.831501 -0
    outer loop
      vertex 20.8263 21.3801 -5.8
      vertex 20.5 21.5981 -3.4
      vertex 20.8263 21.3801 -3.4
    endloop
  endfacet
  facet normal 0.555523 0.831501 0
    outer loop
      vertex 20.5 21.5981 -3.4
      vertex 20.8263 21.3801 -5.8
      vertex 20.5 21.5981 -5.8
    endloop
  endfacet
  facet normal 0.267341 0.787779 0.554916
    outer loop
      vertex 20.148 21.7716 -3.4
      vertex 18.147 19.9148 0.199999
      vertex 18.4567 19.8097 0.199999
    endloop
  endfacet
  facet normal 0.735977 0.362844 0.571561
    outer loop
      vertex 21.5981 20.5 -3.4
      vertex 19.6651 18.75 0.199999
      vertex 19.8097 18.4567 0.199999
    endloop
  endfacet
  facet normal 0.675852 0.451645 0.582444
    outer loop
      vertex 21.5981 20.5 -3.4
      vertex 19.4834 19.0219 0.199999
      vertex 19.6651 18.75 0.199999
    endloop
  endfacet
  facet normal 0.608148 0.533521 0.587801
    outer loop
      vertex 21.1213 21.1213 -3.4
      vertex 19.2678 19.2678 0.199999
      vertex 21.3801 20.8263 -3.4
    endloop
  endfacet
  facet normal 0.608297 0.533342 0.587811
    outer loop
      vertex 21.3801 20.8263 -3.4
      vertex 19.2678 19.2678 0.199999
      vertex 19.4834 19.0219 0.199999
    endloop
  endfacet
  facet normal 0.946858 0.321651 0
    outer loop
      vertex 21.8978 19.7765 -3.4
      vertex 21.7716 20.148 -5.8
      vertex 21.7716 20.148 -3.4
    endloop
  endfacet
  facet normal 0.946858 0.321651 0
    outer loop
      vertex 21.7716 20.148 -5.8
      vertex 21.8978 19.7765 -3.4
      vertex 21.8978 19.7765 -5.8
    endloop
  endfacet
  facet normal 0.830367 0.165193 0.532167
    outer loop
      vertex 21.8978 19.7765 -3.4
      vertex 19.9148 18.147 0.199999
      vertex 19.9786 17.8263 0.199999
    endloop
  endfacet
  facet normal -0.555577 -0.831465 0
    outer loop
      vertex 1.17372 0.61994 -5.8
      vertex 1.5 0.401923 -3.4
      vertex 1.17372 0.61994 -3.4
    endloop
  endfacet
  facet normal -0.555577 -0.831465 -0
    outer loop
      vertex 1.5 0.401923 -3.4
      vertex 1.17372 0.61994 -5.8
      vertex 1.5 0.401923 -5.8
    endloop
  endfacet
  facet normal -0.659339 -0.751846 0
    outer loop
      vertex 0.878679 0.878679 -5.8
      vertex 1.17372 0.61994 -3.4
      vertex 0.878679 0.878679 -3.4
    endloop
  endfacet
  facet normal -0.659339 -0.751846 -0
    outer loop
      vertex 1.17372 0.61994 -3.4
      vertex 0.878679 0.878679 -5.8
      vertex 1.17372 0.61994 -5.8
    endloop
  endfacet
  facet normal -0.442288 -0.896873 0
    outer loop
      vertex 1.5 0.401923 -5.8
      vertex 1.85195 0.228361 -3.4
      vertex 1.5 0.401923 -3.4
    endloop
  endfacet
  facet normal -0.442288 -0.896873 -0
    outer loop
      vertex 1.85195 0.228361 -3.4
      vertex 1.5 0.401923 -5.8
      vertex 1.85195 0.228361 -5.8
    endloop
  endfacet
  facet normal -0.267391 -0.787749 0.554935
    outer loop
      vertex 3.54329 2.1903 0.199999
      vertex 1.85195 0.228361 -3.4
      vertex 3.85295 2.08519 0.199999
    endloop
  endfacet
  facet normal -0.195089 -0.980786 0
    outer loop
      vertex 2.22354 0.102222 -5.8
      vertex 2.60842 0.0256653 -3.4
      vertex 2.22354 0.102222 -3.4
    endloop
  endfacet
  facet normal -0.195089 -0.980786 -0
    outer loop
      vertex 2.60842 0.0256653 -3.4
      vertex 2.22354 0.102222 -5.8
      vertex 2.60842 0.0256653 -5.8
    endloop
  endfacet
  facet normal -0.0565355 -0.862573 0.502764
    outer loop
      vertex 4.17368 2.02139 0.199999
      vertex 2.60842 0.0256653 -3.4
      vertex 3 0 -3.4
    endloop
  endfacet
  facet normal -0.735929 -0.362919 0.571575
    outer loop
      vertex 2.1903 3.54329 0.199999
      vertex 0.228361 1.85195 -3.4
      vertex 0.401923 1.5 -3.4
    endloop
  endfacet
  facet normal -0.675874 -0.451612 0.582444
    outer loop
      vertex 2.51662 2.9781 0.199999
      vertex 0.401923 1.5 -3.4
      vertex 0.61994 1.17372 -3.4
    endloop
  endfacet
  facet normal -0.946929 -0.321442 0
    outer loop
      vertex 0.228361 1.85195 -5.8
      vertex 0.102222 2.22354 -3.4
      vertex 0.102222 2.22354 -5.8
    endloop
  endfacet
  facet normal -0.946929 -0.321442 0
    outer loop
      vertex 0.102222 2.22354 -3.4
      vertex 0.228361 1.85195 -5.8
      vertex 0.228361 1.85195 -3.4
    endloop
  endfacet
  facet normal -0.980786 -0.195089 0
    outer loop
      vertex 0.102222 2.22354 -5.8
      vertex 0.0256653 2.60842 -3.4
      vertex 0.0256653 2.60842 -5.8
    endloop
  endfacet
  facet normal -0.980786 -0.195089 0
    outer loop
      vertex 0.0256653 2.60842 -3.4
      vertex 0.102222 2.22354 -5.8
      vertex 0.102222 2.22354 -3.4
    endloop
  endfacet
  facet normal -0.830377 -0.16518 0.532155
    outer loop
      vertex 2.02139 4.17368 0.199999
      vertex 0.102222 2.22354 -3.4
      vertex 2.08519 3.85295 0.199999
    endloop
  endfacet
  facet normal -0.787742 -0.267405 0.554939
    outer loop
      vertex 2.08519 3.85295 0.199999
      vertex 0.102222 2.22354 -3.4
      vertex 0.228361 1.85195 -3.4
    endloop
  endfacet
  facet normal 0.165163 -0.830383 0.532152
    outer loop
      vertex 19.7765 0.102222 -3.4
      vertex 17.8263 2.02139 0.199999
      vertex 19.3916 0.0256653 -3.4
    endloop
  endfacet
  facet normal 0.362921 -0.735928 0.571576
    outer loop
      vertex 18.75 2.33494 0.199999
      vertex 18.4567 2.1903 0.199999
      vertex 20.5 0.401923 -3.4
    endloop
  endfacet
  facet normal 1 -0 0
    outer loop
      vertex 22 3 -3.4
      vertex 22 19 -5.8
      vertex 22 19 -3.4
    endloop
  endfacet
  facet normal 1 0 0
    outer loop
      vertex 22 19 -5.8
      vertex 22 3 -3.4
      vertex 22 3 -5.8
    endloop
  endfacet
  facet normal 0.831485 -0.555547 0
    outer loop
      vertex 21.3801 1.17372 -3.4
      vertex 21.5981 1.5 -5.8
      vertex 21.5981 1.5 -3.4
    endloop
  endfacet
  facet normal 0.831485 -0.555547 0
    outer loop
      vertex 21.5981 1.5 -5.8
      vertex 21.3801 1.17372 -3.4
      vertex 21.3801 1.17372 -5.8
    endloop
  endfacet
  facet normal 0.735993 -0.362821 0.571555
    outer loop
      vertex 21.7716 1.85195 -3.4
      vertex 19.8097 3.54329 0.199999
      vertex 21.5981 1.5 -3.4
    endloop
  endfacet
  facet normal 0.675852 -0.451645 0.582444
    outer loop
      vertex 19.6651 3.25 0.199999
      vertex 19.4834 2.9781 0.199999
      vertex 21.5981 1.5 -3.4
    endloop
  endfacet
  facet normal 0.980813 -0.19495 0
    outer loop
      vertex 21.8978 2.22354 -3.4
      vertex 21.9743 2.60842 -5.8
      vertex 21.9743 2.60842 -3.4
    endloop
  endfacet
  facet normal 0.980813 -0.19495 0
    outer loop
      vertex 21.9743 2.60842 -5.8
      vertex 21.8978 2.22354 -3.4
      vertex 21.8978 2.22354 -5.8
    endloop
  endfacet
  facet normal -0.362821 0.735993 0.571555
    outer loop
      vertex 1.85195 21.7716 -3.4
      vertex 1.5 21.5981 -3.4
      vertex 3.54329 19.8097 0.199999
    endloop
  endfacet
  facet normal -0.267371 0.787764 0.554925
    outer loop
      vertex 3.85295 19.9148 0.199999
      vertex 1.85195 21.7716 -3.4
      vertex 3.54329 19.8097 0.199999
    endloop
  endfacet
  facet normal -0.165179 0.830374 0.53216
    outer loop
      vertex 4.17368 19.9786 0.199999
      vertex 2.22354 21.8978 -3.4
      vertex 3.85295 19.9148 0.199999
    endloop
  endfacet
  facet normal -0.787713 0.26746 0.554954
    outer loop
      vertex 0.228361 20.148 -3.4
      vertex 0.102222 19.7765 -3.4
      vertex 2.08519 18.147 0.199999
    endloop
  endfacet
  facet normal -0.362854 0.735971 0.571563
    outer loop
      vertex 3.54329 19.8097 0.199999
      vertex 1.5 21.5981 -3.4
      vertex 3.25 19.6651 0.199999
    endloop
  endfacet
  facet normal -0.451645 0.675852 0.582444
    outer loop
      vertex 3.25 19.6651 0.199999
      vertex 1.5 21.5981 -3.4
      vertex 2.9781 19.4834 0.199999
    endloop
  endfacet
  facet normal -0.608285 0.533357 0.587809
    outer loop
      vertex 2.73223 19.2678 0.199999
      vertex 0.61994 20.8263 -3.4
      vertex 2.51662 19.0219 0.199999
    endloop
  endfacet
  facet normal 0.451645 0.675852 0.582444
    outer loop
      vertex 20.5 21.5981 -3.4
      vertex 18.75 19.6651 0.199999
      vertex 19.0219 19.4834 0.199999
    endloop
  endfacet
  facet normal 0.362844 0.735977 0.571561
    outer loop
      vertex 20.5 21.5981 -3.4
      vertex 18.4567 19.8097 0.199999
      vertex 18.75 19.6651 0.199999
    endloop
  endfacet
  facet normal 0.26757 0.787657 0.55498
    outer loop
      vertex 19.7765 21.8978 -3.4
      vertex 18.147 19.9148 0.199999
      vertex 20.148 21.7716 -3.4
    endloop
  endfacet
  facet normal 0.165193 0.830367 0.532167
    outer loop
      vertex 19.7765 21.8978 -3.4
      vertex 17.8263 19.9786 0.199999
      vertex 18.147 19.9148 0.199999
    endloop
  endfacet
  facet normal -0.451612 -0.675874 0.582444
    outer loop
      vertex 2.9781 2.51662 0.199999
      vertex 1.17372 0.61994 -3.4
      vertex 1.5 0.401923 -3.4
    endloop
  endfacet
  facet normal -0.533394 -0.608254 0.587808
    outer loop
      vertex 2.73223 2.73223 0.199999
      vertex 1.17372 0.61994 -3.4
      vertex 2.9781 2.51662 0.199999
    endloop
  endfacet
  facet normal -0.36293 -0.735922 0.571577
    outer loop
      vertex 3.25 2.33494 0.199999
      vertex 1.5 0.401923 -3.4
      vertex 3.54329 2.1903 0.199999
    endloop
  endfacet
  facet normal -0.165172 -0.830381 0.532152
    outer loop
      vertex 4.17368 2.02139 0.199999
      vertex 2.22354 0.102222 -3.4
      vertex 2.60842 0.0256653 -3.4
    endloop
  endfacet
  facet normal -0.16518 -0.830377 0.532155
    outer loop
      vertex 3.85295 2.08519 0.199999
      vertex 2.22354 0.102222 -3.4
      vertex 4.17368 2.02139 0.199999
    endloop
  endfacet
  facet normal -0.735922 -0.36293 0.571577
    outer loop
      vertex 2.1903 3.54329 0.199999
      vertex 0.401923 1.5 -3.4
      vertex 2.33494 3.25 0.199999
    endloop
  endfacet
  facet normal -0.675875 -0.451611 0.582444
    outer loop
      vertex 2.33494 3.25 0.199999
      vertex 0.401923 1.5 -3.4
      vertex 2.51662 2.9781 0.199999
    endloop
  endfacet
  facet normal -0.608244 -0.533406 0.587807
    outer loop
      vertex 2.73223 2.73223 0.199999
      vertex 0.61994 1.17372 -3.4
      vertex 0.878679 0.878679 -3.4
    endloop
  endfacet
  facet normal -0.608254 -0.533394 0.587808
    outer loop
      vertex 2.51662 2.9781 0.199999
      vertex 0.61994 1.17372 -3.4
      vertex 2.73223 2.73223 0.199999
    endloop
  endfacet
  facet normal -0.896873 -0.442288 0
    outer loop
      vertex 0.401923 1.5 -5.8
      vertex 0.228361 1.85195 -3.4
      vertex 0.228361 1.85195 -5.8
    endloop
  endfacet
  facet normal -0.896873 -0.442288 0
    outer loop
      vertex 0.228361 1.85195 -3.4
      vertex 0.401923 1.5 -5.8
      vertex 0.401923 1.5 -3.4
    endloop
  endfacet
  facet normal -0.830381 -0.165172 0.532152
    outer loop
      vertex 2.02139 4.17368 0.199999
      vertex 0.0256653 2.60842 -3.4
      vertex 0.102222 2.22354 -3.4
    endloop
  endfacet
  facet normal 0.36288 -0.735955 0.571566
    outer loop
      vertex 20.5 0.401923 -3.4
      vertex 18.4567 2.1903 0.199999
      vertex 20.148 0.228361 -3.4
    endloop
  endfacet
  facet normal 0.267362 -0.787765 0.554927
    outer loop
      vertex 18.4567 2.1903 0.199999
      vertex 18.147 2.08519 0.199999
      vertex 20.148 0.228361 -3.4
    endloop
  endfacet
  facet normal 0.0565443 -0.862571 0.502766
    outer loop
      vertex 17.8263 2.02139 0.199999
      vertex 17.5 2 0.199999
      vertex 19 0 -3.4
    endloop
  endfacet
  facet normal 0.195079 -0.980788 0
    outer loop
      vertex 19.3916 0.0256653 -5.8
      vertex 19.7765 0.102222 -3.4
      vertex 19.3916 0.0256653 -3.4
    endloop
  endfacet
  facet normal 0.195079 -0.980788 0
    outer loop
      vertex 19.7765 0.102222 -3.4
      vertex 19.3916 0.0256653 -5.8
      vertex 19.7765 0.102222 -5.8
    endloop
  endfacet
  facet normal 0.533357 -0.608285 0.587809
    outer loop
      vertex 19.2678 2.73223 0.199999
      vertex 19.0219 2.51662 0.199999
      vertex 20.8263 0.61994 -3.4
    endloop
  endfacet
  facet normal 0.451593 -0.675887 0.582443
    outer loop
      vertex 20.8263 0.61994 -3.4
      vertex 19.0219 2.51662 0.199999
      vertex 20.5 0.401923 -3.4
    endloop
  endfacet
  facet normal 0.555553 -0.831481 0
    outer loop
      vertex 20.5 0.401923 -5.8
      vertex 20.8263 0.61994 -3.4
      vertex 20.5 0.401923 -3.4
    endloop
  endfacet
  facet normal 0.555553 -0.831481 0
    outer loop
      vertex 20.8263 0.61994 -3.4
      vertex 20.5 0.401923 -5.8
      vertex 20.8263 0.61994 -5.8
    endloop
  endfacet
  facet normal 0.735971 -0.362854 0.571563
    outer loop
      vertex 19.8097 3.54329 0.199999
      vertex 19.6651 3.25 0.199999
      vertex 21.5981 1.5 -3.4
    endloop
  endfacet
  facet normal 0.608265 -0.533379 0.58781
    outer loop
      vertex 19.4834 2.9781 0.199999
      vertex 19.2678 2.73223 0.199999
      vertex 21.3801 1.17372 -3.4
    endloop
  endfacet
  facet normal 0.862557 -0.056611 0.502782
    outer loop
      vertex 22 3 -3.4
      vertex 19.9786 4.17368 0.199999
      vertex 21.9743 2.60842 -3.4
    endloop
  endfacet
  facet normal 0.830424 -0.165058 0.532121
    outer loop
      vertex 21.9743 2.60842 -3.4
      vertex 19.9786 4.17368 0.199999
      vertex 21.8978 2.22354 -3.4
    endloop
  endfacet
  facet normal 0.787764 -0.267371 0.554925
    outer loop
      vertex 19.9148 3.85295 0.199999
      vertex 19.8097 3.54329 0.199999
      vertex 21.7716 1.85195 -3.4
    endloop
  endfacet
  facet normal 0.787686 -0.267515 0.554965
    outer loop
      vertex 21.8978 2.22354 -3.4
      vertex 19.9148 3.85295 0.199999
      vertex 21.7716 1.85195 -3.4
    endloop
  endfacet
  facet normal -0.451611 -0.675875 0.582444
    outer loop
      vertex 2.9781 2.51662 0.199999
      vertex 1.5 0.401923 -3.4
      vertex 3.25 2.33494 0.199999
    endloop
  endfacet
  facet normal 0.165194 -0.83037 0.532162
    outer loop
      vertex 18.147 2.08519 0.199999
      vertex 17.8263 2.02139 0.199999
      vertex 19.7765 0.102222 -3.4
    endloop
  endfacet
  facet normal 0.0565327 -0.862573 0.502764
    outer loop
      vertex 19.3916 0.0256653 -3.4
      vertex 17.8263 2.02139 0.199999
      vertex 19 0 -3.4
    endloop
  endfacet
  facet normal 0.65939 -0.751801 0
    outer loop
      vertex 20.8263 0.61994 -5.8
      vertex 21.1213 0.878679 -3.4
      vertex 20.8263 0.61994 -3.4
    endloop
  endfacet
  facet normal 0.65939 -0.751801 0
    outer loop
      vertex 21.1213 0.878679 -3.4
      vertex 20.8263 0.61994 -5.8
      vertex 21.1213 0.878679 -5.8
    endloop
  endfacet
  facet normal 0.533449 -0.608209 0.587804
    outer loop
      vertex 21.1213 0.878679 -3.4
      vertex 19.2678 2.73223 0.199999
      vertex 20.8263 0.61994 -3.4
    endloop
  endfacet
  facet normal 0.67589 -0.451588 0.582444
    outer loop
      vertex 21.5981 1.5 -3.4
      vertex 19.4834 2.9781 0.199999
      vertex 21.3801 1.17372 -3.4
    endloop
  endfacet
  facet normal 0.946882 -0.321582 0
    outer loop
      vertex 21.7716 1.85195 -3.4
      vertex 21.8978 2.22354 -5.8
      vertex 21.8978 2.22354 -3.4
    endloop
  endfacet
  facet normal 0.946882 -0.321582 0
    outer loop
      vertex 21.8978 2.22354 -5.8
      vertex 21.7716 1.85195 -3.4
      vertex 21.7716 1.85195 -5.8
    endloop
  endfacet
  facet normal 0.896936 -0.44216 0
    outer loop
      vertex 21.5981 1.5 -3.4
      vertex 21.7716 1.85195 -5.8
      vertex 21.7716 1.85195 -3.4
    endloop
  endfacet
  facet normal 0.896936 -0.44216 0
    outer loop
      vertex 21.7716 1.85195 -5.8
      vertex 21.5981 1.5 -3.4
      vertex 21.5981 1.5 -5.8
    endloop
  endfacet
  facet normal -0.735955 0.36288 0.571566
    outer loop
      vertex 0.401923 20.5 -3.4
      vertex 0.228361 20.148 -3.4
      vertex 2.1903 18.4567 0.199999
    endloop
  endfacet
  facet normal -0.787765 0.267362 0.554927
    outer loop
      vertex 2.1903 18.4567 0.199999
      vertex 0.228361 20.148 -3.4
      vertex 2.08519 18.147 0.199999
    endloop
  endfacet
  facet normal -0.997861 -0.0653646 0
    outer loop
      vertex 19 11 -5.8
      vertex 18.9316 12.0442 -5
      vertex 18.9316 12.0442 -5.8
    endloop
  endfacet
  facet normal -0.997861 -0.0653646 0
    outer loop
      vertex 18.9316 12.0442 -5
      vertex 19 11 -5.8
      vertex 19 11 -5
    endloop
  endfacet
  facet normal 0.065364 -0.997861 0
    outer loop
      vertex 9.95579 18.9316 -5.8
      vertex 11 19 -5
      vertex 9.95579 18.9316 -5
    endloop
  endfacet
  facet normal 0.065364 -0.997861 0
    outer loop
      vertex 11 19 -5
      vertex 9.95579 18.9316 -5.8
      vertex 11 19 -5.8
    endloop
  endfacet
  facet normal -0.659289 -0.75189 0
    outer loop
      vertex 15.8701 17.3468 -5.8
      vertex 16.6569 16.6569 -5
      vertex 15.8701 17.3468 -5
    endloop
  endfacet
  facet normal -0.659289 -0.75189 -0
    outer loop
      vertex 16.6569 16.6569 -5
      vertex 15.8701 17.3468 -5.8
      vertex 16.6569 16.6569 -5.8
    endloop
  endfacet
  facet normal 0.751852 -0.659332 0
    outer loop
      vertex 4.65317 15.8701 -5
      vertex 5.34315 16.6569 -5.8
      vertex 5.34315 16.6569 -5
    endloop
  endfacet
  facet normal 0.751852 -0.659332 0
    outer loop
      vertex 5.34315 16.6569 -5.8
      vertex 4.65317 15.8701 -5
      vertex 4.65317 15.8701 -5.8
    endloop
  endfacet
  facet normal 0.442264 -0.896885 0
    outer loop
      vertex 7 17.9282 -5.8
      vertex 7.93853 18.391 -5
      vertex 7 17.9282 -5
    endloop
  endfacet
  facet normal 0.442264 -0.896885 0
    outer loop
      vertex 7.93853 18.391 -5
      vertex 7 17.9282 -5.8
      vertex 7.93853 18.391 -5.8
    endloop
  endfacet
  facet normal -0.896879 -0.442276 0
    outer loop
      vertex 18.391 14.0615 -5.8
      vertex 17.9282 15 -5
      vertex 17.9282 15 -5.8
    endloop
  endfacet
  facet normal -0.896879 -0.442276 0
    outer loop
      vertex 17.9282 15 -5
      vertex 18.391 14.0615 -5.8
      vertex 18.391 14.0615 -5
    endloop
  endfacet
  facet normal -0.321469 -0.94692 0
    outer loop
      vertex 13.0706 18.7274 -5.8
      vertex 14.0615 18.391 -5
      vertex 13.0706 18.7274 -5
    endloop
  endfacet
  facet normal -0.321469 -0.94692 -0
    outer loop
      vertex 14.0615 18.391 -5
      vertex 13.0706 18.7274 -5.8
      vertex 14.0615 18.391 -5.8
    endloop
  endfacet
  facet normal -0.442276 -0.896879 0
    outer loop
      vertex 14.0615 18.391 -5.8
      vertex 15 17.9282 -5
      vertex 14.0615 18.391 -5
    endloop
  endfacet
  facet normal -0.442276 -0.896879 -0
    outer loop
      vertex 15 17.9282 -5
      vertex 14.0615 18.391 -5.8
      vertex 15 17.9282 -5.8
    endloop
  endfacet
  facet normal 0.946929 -0.321444 0
    outer loop
      vertex 3.27259 13.0706 -5
      vertex 3.60896 14.0615 -5.8
      vertex 3.60896 14.0615 -5
    endloop
  endfacet
  facet normal 0.946929 -0.321444 0
    outer loop
      vertex 3.60896 14.0615 -5.8
      vertex 3.27259 13.0706 -5
      vertex 3.27259 13.0706 -5.8
    endloop
  endfacet
  facet normal 0.980788 -0.195078 0
    outer loop
      vertex 3.06844 12.0442 -5
      vertex 3.27259 13.0706 -5.8
      vertex 3.27259 13.0706 -5
    endloop
  endfacet
  facet normal 0.980788 -0.195078 0
    outer loop
      vertex 3.27259 13.0706 -5.8
      vertex 3.06844 12.0442 -5
      vertex 3.06844 12.0442 -5.8
    endloop
  endfacet
  facet normal 0.555586 -0.831459 0
    outer loop
      vertex 6.12991 17.3468 -5.8
      vertex 7 17.9282 -5
      vertex 6.12991 17.3468 -5
    endloop
  endfacet
  facet normal 0.555586 -0.831459 0
    outer loop
      vertex 7 17.9282 -5
      vertex 6.12991 17.3468 -5.8
      vertex 7 17.9282 -5.8
    endloop
  endfacet
  facet normal 0.321463 -0.946922 0
    outer loop
      vertex 7.93853 18.391 -5.8
      vertex 8.92945 18.7274 -5
      vertex 7.93853 18.391 -5
    endloop
  endfacet
  facet normal 0.321463 -0.946922 0
    outer loop
      vertex 8.92945 18.7274 -5
      vertex 7.93853 18.391 -5.8
      vertex 8.92945 18.7274 -5.8
    endloop
  endfacet
  facet normal -0.980776 0.195135 0
    outer loop
      vertex 18.7274 8.92945 -5.8
      vertex 18.9316 9.95579 -5
      vertex 18.9316 9.95579 -5.8
    endloop
  endfacet
  facet normal -0.980776 0.195135 0
    outer loop
      vertex 18.9316 9.95579 -5
      vertex 18.7274 8.92945 -5.8
      vertex 18.7274 8.92945 -5
    endloop
  endfacet
  facet normal 0.195089 0.980786 -0
    outer loop
      vertex 9.95579 3.06844 -5.8
      vertex 8.92945 3.27259 -5
      vertex 9.95579 3.06844 -5
    endloop
  endfacet
  facet normal 0.195089 0.980786 0
    outer loop
      vertex 8.92945 3.27259 -5
      vertex 9.95579 3.06844 -5.8
      vertex 8.92945 3.27259 -5.8
    endloop
  endfacet
  facet normal 0.831472 0.555567 0
    outer loop
      vertex 4.65317 6.12991 -5
      vertex 4.0718 7 -5.8
      vertex 4.0718 7 -5
    endloop
  endfacet
  facet normal 0.831472 0.555567 0
    outer loop
      vertex 4.0718 7 -5.8
      vertex 4.65317 6.12991 -5
      vertex 4.65317 6.12991 -5.8
    endloop
  endfacet
  facet normal -0.94692 -0.321469 0
    outer loop
      vertex 18.7274 13.0706 -5.8
      vertex 18.391 14.0615 -5
      vertex 18.391 14.0615 -5.8
    endloop
  endfacet
  facet normal -0.94692 -0.321469 0
    outer loop
      vertex 18.391 14.0615 -5
      vertex 18.7274 13.0706 -5.8
      vertex 18.7274 13.0706 -5
    endloop
  endfacet
  facet normal -0.980779 -0.195124 0
    outer loop
      vertex 18.9316 12.0442 -5.8
      vertex 18.7274 13.0706 -5
      vertex 18.7274 13.0706 -5.8
    endloop
  endfacet
  facet normal -0.980779 -0.195124 0
    outer loop
      vertex 18.7274 13.0706 -5
      vertex 18.9316 12.0442 -5.8
      vertex 18.9316 12.0442 -5
    endloop
  endfacet
  facet normal -0.75189 -0.659289 0
    outer loop
      vertex 17.3468 15.8701 -5.8
      vertex 16.6569 16.6569 -5
      vertex 16.6569 16.6569 -5.8
    endloop
  endfacet
  facet normal -0.75189 -0.659289 0
    outer loop
      vertex 16.6569 16.6569 -5
      vertex 17.3468 15.8701 -5.8
      vertex 17.3468 15.8701 -5
    endloop
  endfacet
  facet normal -0.831462 -0.555582 0
    outer loop
      vertex 17.9282 15 -5.8
      vertex 17.3468 15.8701 -5
      vertex 17.3468 15.8701 -5.8
    endloop
  endfacet
  facet normal -0.831462 -0.555582 0
    outer loop
      vertex 17.3468 15.8701 -5
      vertex 17.9282 15 -5.8
      vertex 17.9282 15 -5
    endloop
  endfacet
  facet normal -0.195124 -0.980779 0
    outer loop
      vertex 12.0442 18.9316 -5.8
      vertex 13.0706 18.7274 -5
      vertex 12.0442 18.9316 -5
    endloop
  endfacet
  facet normal -0.195124 -0.980779 -0
    outer loop
      vertex 13.0706 18.7274 -5
      vertex 12.0442 18.9316 -5.8
      vertex 13.0706 18.7274 -5.8
    endloop
  endfacet
  facet normal -0.0653646 -0.997861 0
    outer loop
      vertex 11 19 -5.8
      vertex 12.0442 18.9316 -5
      vertex 11 19 -5
    endloop
  endfacet
  facet normal -0.0653646 -0.997861 -0
    outer loop
      vertex 12.0442 18.9316 -5
      vertex 11 19 -5.8
      vertex 12.0442 18.9316 -5.8
    endloop
  endfacet
  facet normal -0.555582 -0.831462 0
    outer loop
      vertex 15 17.9282 -5.8
      vertex 15.8701 17.3468 -5
      vertex 15 17.9282 -5
    endloop
  endfacet
  facet normal -0.555582 -0.831462 -0
    outer loop
      vertex 15.8701 17.3468 -5
      vertex 15 17.9282 -5.8
      vertex 15.8701 17.3468 -5.8
    endloop
  endfacet
  facet normal 0.896864 -0.442306 0
    outer loop
      vertex 3.60896 14.0615 -5
      vertex 4.0718 15 -5.8
      vertex 4.0718 15 -5
    endloop
  endfacet
  facet normal 0.896864 -0.442306 0
    outer loop
      vertex 4.0718 15 -5.8
      vertex 3.60896 14.0615 -5
      vertex 3.60896 14.0615 -5.8
    endloop
  endfacet
  facet normal 0.831475 -0.555562 0
    outer loop
      vertex 4.0718 15 -5
      vertex 4.65317 15.8701 -5.8
      vertex 4.65317 15.8701 -5
    endloop
  endfacet
  facet normal 0.831475 -0.555562 0
    outer loop
      vertex 4.65317 15.8701 -5.8
      vertex 4.0718 15 -5
      vertex 4.0718 15 -5.8
    endloop
  endfacet
  facet normal 0.997859 -0.0654027 0
    outer loop
      vertex 3 11 -5
      vertex 3.06844 12.0442 -5.8
      vertex 3.06844 12.0442 -5
    endloop
  endfacet
  facet normal 0.997859 -0.0654027 0
    outer loop
      vertex 3.06844 12.0442 -5.8
      vertex 3 11 -5
      vertex 3 11 -5.8
    endloop
  endfacet
  facet normal 0 0 -1
    outer loop
      vertex 18.9316 9.95579 -5
      vertex 18.9316 12.0442 -5
      vertex 19 11 -5
    endloop
  endfacet
  facet normal 0 0 -1
    outer loop
      vertex 18.7274 8.92945 -5
      vertex 18.9316 12.0442 -5
      vertex 18.9316 9.95579 -5
    endloop
  endfacet
  facet normal 0 0 -1
    outer loop
      vertex 18.7274 8.92945 -5
      vertex 18.7274 13.0706 -5
      vertex 18.9316 12.0442 -5
    endloop
  endfacet
  facet normal 0 0 -1
    outer loop
      vertex 18.391 7.93853 -5
      vertex 18.7274 13.0706 -5
      vertex 18.7274 8.92945 -5
    endloop
  endfacet
  facet normal 0 0 -1
    outer loop
      vertex 18.391 7.93853 -5
      vertex 18.391 14.0615 -5
      vertex 18.7274 13.0706 -5
    endloop
  endfacet
  facet normal 0 0 -1
    outer loop
      vertex 17.9282 7 -5
      vertex 18.391 14.0615 -5
      vertex 18.391 7.93853 -5
    endloop
  endfacet
  facet normal 0 0 -1
    outer loop
      vertex 17.9282 7 -5
      vertex 17.9282 15 -5
      vertex 18.391 14.0615 -5
    endloop
  endfacet
  facet normal 0 0 -1
    outer loop
      vertex 17.3468 6.12991 -5
      vertex 17.9282 15 -5
      vertex 17.9282 7 -5
    endloop
  endfacet
  facet normal 0 0 -1
    outer loop
      vertex 17.3468 6.12991 -5
      vertex 17.3468 15.8701 -5
      vertex 17.9282 15 -5
    endloop
  endfacet
  facet normal 0 0 -1
    outer loop
      vertex 16.6569 5.34315 -5
      vertex 17.3468 15.8701 -5
      vertex 17.3468 6.12991 -5
    endloop
  endfacet
  facet normal 0 0 -1
    outer loop
      vertex 16.6569 5.34315 -5
      vertex 16.6569 16.6569 -5
      vertex 17.3468 15.8701 -5
    endloop
  endfacet
  facet normal 0 0 -1
    outer loop
      vertex 15.8701 4.65317 -5
      vertex 16.6569 16.6569 -5
      vertex 16.6569 5.34315 -5
    endloop
  endfacet
  facet normal 0 0 -1
    outer loop
      vertex 15.8701 4.65317 -5
      vertex 15.8701 17.3468 -5
      vertex 16.6569 16.6569 -5
    endloop
  endfacet
  facet normal 0 0 -1
    outer loop
      vertex 15 4.0718 -5
      vertex 15.8701 17.3468 -5
      vertex 15.8701 4.65317 -5
    endloop
  endfacet
  facet normal 0 0 -1
    outer loop
      vertex 15 4.0718 -5
      vertex 15 17.9282 -5
      vertex 15.8701 17.3468 -5
    endloop
  endfacet
  facet normal 0 0 -1
    outer loop
      vertex 14.0615 3.60896 -5
      vertex 15 17.9282 -5
      vertex 15 4.0718 -5
    endloop
  endfacet
  facet normal 0 0 -1
    outer loop
      vertex 14.0615 3.60896 -5
      vertex 14.0615 18.391 -5
      vertex 15 17.9282 -5
    endloop
  endfacet
  facet normal 0 0 -1
    outer loop
      vertex 13.0706 3.27259 -5
      vertex 14.0615 18.391 -5
      vertex 14.0615 3.60896 -5
    endloop
  endfacet
  facet normal 0 0 -1
    outer loop
      vertex 13.0706 3.27259 -5
      vertex 13.0706 18.7274 -5
      vertex 14.0615 18.391 -5
    endloop
  endfacet
  facet normal 0 0 -1
    outer loop
      vertex 12.0442 3.06844 -5
      vertex 13.0706 18.7274 -5
      vertex 13.0706 3.27259 -5
    endloop
  endfacet
  facet normal 0 0 -1
    outer loop
      vertex 12.0442 3.06844 -5
      vertex 12.0442 18.9316 -5
      vertex 13.0706 18.7274 -5
    endloop
  endfacet
  facet normal 0 0 -1
    outer loop
      vertex 11 3 -5
      vertex 12.0442 18.9316 -5
      vertex 12.0442 3.06844 -5
    endloop
  endfacet
  facet normal 0 0 -1
    outer loop
      vertex 11 3 -5
      vertex 11 19 -5
      vertex 12.0442 18.9316 -5
    endloop
  endfacet
  facet normal 0 0 -1
    outer loop
      vertex 9.95579 3.06844 -5
      vertex 11 19 -5
      vertex 11 3 -5
    endloop
  endfacet
  facet normal 0 0 -1
    outer loop
      vertex 9.95579 3.06844 -5
      vertex 9.95579 18.9316 -5
      vertex 11 19 -5
    endloop
  endfacet
  facet normal 0 0 -1
    outer loop
      vertex 8.92945 3.27259 -5
      vertex 9.95579 18.9316 -5
      vertex 9.95579 3.06844 -5
    endloop
  endfacet
  facet normal 0 0 -1
    outer loop
      vertex 8.92945 3.27259 -5
      vertex 8.92945 18.7274 -5
      vertex 9.95579 18.9316 -5
    endloop
  endfacet
  facet normal 0 0 -1
    outer loop
      vertex 7.93853 3.60896 -5
      vertex 8.92945 18.7274 -5
      vertex 8.92945 3.27259 -5
    endloop
  endfacet
  facet normal 0 0 -1
    outer loop
      vertex 7.93853 3.60896 -5
      vertex 7.93853 18.391 -5
      vertex 8.92945 18.7274 -5
    endloop
  endfacet
  facet normal 0 0 -1
    outer loop
      vertex 7 4.0718 -5
      vertex 7.93853 18.391 -5
      vertex 7.93853 3.60896 -5
    endloop
  endfacet
  facet normal 0 0 -1
    outer loop
      vertex 7 4.0718 -5
      vertex 7 17.9282 -5
      vertex 7.93853 18.391 -5
    endloop
  endfacet
  facet normal 0 0 -1
    outer loop
      vertex 6.12991 4.65317 -5
      vertex 7 17.9282 -5
      vertex 7 4.0718 -5
    endloop
  endfacet
  facet normal 0 0 -1
    outer loop
      vertex 6.12991 4.65317 -5
      vertex 6.12991 17.3468 -5
      vertex 7 17.9282 -5
    endloop
  endfacet
  facet normal 0 0 -1
    outer loop
      vertex 5.34315 5.34315 -5
      vertex 6.12991 17.3468 -5
      vertex 6.12991 4.65317 -5
    endloop
  endfacet
  facet normal 0 0 -1
    outer loop
      vertex 5.34315 5.34315 -5
      vertex 5.34315 16.6569 -5
      vertex 6.12991 17.3468 -5
    endloop
  endfacet
  facet normal 0 0 -1
    outer loop
      vertex 4.65317 6.12991 -5
      vertex 5.34315 16.6569 -5
      vertex 5.34315 5.34315 -5
    endloop
  endfacet
  facet normal 0 0 -1
    outer loop
      vertex 4.65317 6.12991 -5
      vertex 4.65317 15.8701 -5
      vertex 5.34315 16.6569 -5
    endloop
  endfacet
  facet normal 0 0 -1
    outer loop
      vertex 4.0718 7 -5
      vertex 4.65317 15.8701 -5
      vertex 4.65317 6.12991 -5
    endloop
  endfacet
  facet normal 0 0 -1
    outer loop
      vertex 4.0718 7 -5
      vertex 4.0718 15 -5
      vertex 4.65317 15.8701 -5
    endloop
  endfacet
  facet normal 0 0 -1
    outer loop
      vertex 3.60896 7.93853 -5
      vertex 4.0718 15 -5
      vertex 4.0718 7 -5
    endloop
  endfacet
  facet normal 0 0 -1
    outer loop
      vertex 3.60896 7.93853 -5
      vertex 3.60896 14.0615 -5
      vertex 4.0718 15 -5
    endloop
  endfacet
  facet normal 0 0 -1
    outer loop
      vertex 3.27259 8.92945 -5
      vertex 3.60896 14.0615 -5
      vertex 3.60896 7.93853 -5
    endloop
  endfacet
  facet normal 0 0 -1
    outer loop
      vertex 3.27259 8.92945 -5
      vertex 3.27259 13.0706 -5
      vertex 3.60896 14.0615 -5
    endloop
  endfacet
  facet normal 0 0 -1
    outer loop
      vertex 3.06844 9.95579 -5
      vertex 3.27259 13.0706 -5
      vertex 3.27259 8.92945 -5
    endloop
  endfacet
  facet normal 0 0 -1
    outer loop
      vertex 3.06844 9.95579 -5
      vertex 3.06844 12.0442 -5
      vertex 3.27259 13.0706 -5
    endloop
  endfacet
  facet normal 0 -0 -1
    outer loop
      vertex 3.06844 12.0442 -5
      vertex 3.06844 9.95579 -5
      vertex 3 11 -5
    endloop
  endfacet
  facet normal 0.659308 -0.751873 0
    outer loop
      vertex 5.34315 16.6569 -5.8
      vertex 6.12991 17.3468 -5
      vertex 5.34315 16.6569 -5
    endloop
  endfacet
  facet normal 0.659308 -0.751873 0
    outer loop
      vertex 6.12991 17.3468 -5
      vertex 5.34315 16.6569 -5.8
      vertex 6.12991 17.3468 -5.8
    endloop
  endfacet
  facet normal 0.195135 -0.980776 0
    outer loop
      vertex 8.92945 18.7274 -5.8
      vertex 9.95579 18.9316 -5
      vertex 8.92945 18.7274 -5
    endloop
  endfacet
  facet normal 0.195135 -0.980776 0
    outer loop
      vertex 9.95579 18.9316 -5
      vertex 8.92945 18.7274 -5.8
      vertex 9.95579 18.9316 -5.8
    endloop
  endfacet
  facet normal -0.997861 0.065364 0
    outer loop
      vertex 18.9316 9.95579 -5.8
      vertex 19 11 -5
      vertex 19 11 -5.8
    endloop
  endfacet
  facet normal -0.997861 0.065364 0
    outer loop
      vertex 19 11 -5
      vertex 18.9316 9.95579 -5.8
      vertex 18.9316 9.95579 -5
    endloop
  endfacet
  facet normal -0.195078 0.980788 0
    outer loop
      vertex 13.0706 3.27259 -5.8
      vertex 12.0442 3.06844 -5
      vertex 13.0706 3.27259 -5
    endloop
  endfacet
  facet normal -0.195078 0.980788 0
    outer loop
      vertex 12.0442 3.06844 -5
      vertex 13.0706 3.27259 -5.8
      vertex 12.0442 3.06844 -5.8
    endloop
  endfacet
  facet normal -0.442306 0.896864 0
    outer loop
      vertex 15 4.0718 -5.8
      vertex 14.0615 3.60896 -5
      vertex 15 4.0718 -5
    endloop
  endfacet
  facet normal -0.442306 0.896864 0
    outer loop
      vertex 14.0615 3.60896 -5
      vertex 15 4.0718 -5.8
      vertex 14.0615 3.60896 -5.8
    endloop
  endfacet
  facet normal -0.751873 0.659308 0
    outer loop
      vertex 16.6569 5.34315 -5.8
      vertex 17.3468 6.12991 -5
      vertex 17.3468 6.12991 -5.8
    endloop
  endfacet
  facet normal -0.751873 0.659308 0
    outer loop
      vertex 17.3468 6.12991 -5
      vertex 16.6569 5.34315 -5.8
      vertex 16.6569 5.34315 -5
    endloop
  endfacet
  facet normal -0.555562 0.831475 0
    outer loop
      vertex 15.8701 4.65317 -5.8
      vertex 15 4.0718 -5
      vertex 15.8701 4.65317 -5
    endloop
  endfacet
  facet normal -0.555562 0.831475 0
    outer loop
      vertex 15 4.0718 -5
      vertex 15.8701 4.65317 -5.8
      vertex 15 4.0718 -5.8
    endloop
  endfacet
  facet normal -0.831459 0.555586 0
    outer loop
      vertex 17.3468 6.12991 -5.8
      vertex 17.9282 7 -5
      vertex 17.9282 7 -5.8
    endloop
  endfacet
  facet normal -0.831459 0.555586 0
    outer loop
      vertex 17.9282 7 -5
      vertex 17.3468 6.12991 -5.8
      vertex 17.3468 6.12991 -5
    endloop
  endfacet
  facet normal -0.946922 0.321463 0
    outer loop
      vertex 18.391 7.93853 -5.8
      vertex 18.7274 8.92945 -5
      vertex 18.7274 8.92945 -5.8
    endloop
  endfacet
  facet normal -0.946922 0.321463 0
    outer loop
      vertex 18.7274 8.92945 -5
      vertex 18.391 7.93853 -5.8
      vertex 18.391 7.93853 -5
    endloop
  endfacet
  facet normal 0.555567 0.831472 -0
    outer loop
      vertex 7 4.0718 -5.8
      vertex 6.12991 4.65317 -5
      vertex 7 4.0718 -5
    endloop
  endfacet
  facet normal 0.555567 0.831472 0
    outer loop
      vertex 6.12991 4.65317 -5
      vertex 7 4.0718 -5.8
      vertex 6.12991 4.65317 -5.8
    endloop
  endfacet
  facet normal 0.321438 0.946931 -0
    outer loop
      vertex 8.92945 3.27259 -5.8
      vertex 7.93853 3.60896 -5
      vertex 8.92945 3.27259 -5
    endloop
  endfacet
  facet normal 0.321438 0.946931 0
    outer loop
      vertex 7.93853 3.60896 -5
      vertex 8.92945 3.27259 -5.8
      vertex 7.93853 3.60896 -5.8
    endloop
  endfacet
  facet normal 0.065402 0.997859 -0
    outer loop
      vertex 11 3 -5.8
      vertex 9.95579 3.06844 -5
      vertex 11 3 -5
    endloop
  endfacet
  facet normal 0.065402 0.997859 0
    outer loop
      vertex 9.95579 3.06844 -5
      vertex 11 3 -5.8
      vertex 9.95579 3.06844 -5.8
    endloop
  endfacet
  facet normal 0.751835 0.659351 0
    outer loop
      vertex 5.34315 5.34315 -5
      vertex 4.65317 6.12991 -5.8
      vertex 4.65317 6.12991 -5
    endloop
  endfacet
  facet normal 0.751835 0.659351 0
    outer loop
      vertex 4.65317 6.12991 -5.8
      vertex 5.34315 5.34315 -5
      vertex 5.34315 5.34315 -5.8
    endloop
  endfacet
  facet normal 0.89687 0.442295 0
    outer loop
      vertex 4.0718 7 -5
      vertex 3.60896 7.93853 -5.8
      vertex 3.60896 7.93853 -5
    endloop
  endfacet
  facet normal 0.89687 0.442295 0
    outer loop
      vertex 3.60896 7.93853 -5.8
      vertex 4.0718 7 -5
      vertex 4.0718 7 -5.8
    endloop
  endfacet
  facet normal 0.980786 0.195089 0
    outer loop
      vertex 3.27259 8.92945 -5
      vertex 3.06844 9.95579 -5.8
      vertex 3.06844 9.95579 -5
    endloop
  endfacet
  facet normal 0.980786 0.195089 0
    outer loop
      vertex 3.06844 9.95579 -5.8
      vertex 3.27259 8.92945 -5
      vertex 3.27259 8.92945 -5.8
    endloop
  endfacet
  facet normal 0.997859 0.065402 0
    outer loop
      vertex 3.06844 9.95579 -5
      vertex 3 11 -5.8
      vertex 3 11 -5
    endloop
  endfacet
  facet normal 0.997859 0.065402 0
    outer loop
      vertex 3 11 -5.8
      vertex 3.06844 9.95579 -5
      vertex 3.06844 9.95579 -5.8
    endloop
  endfacet
  facet normal -0.321444 0.946929 0
    outer loop
      vertex 14.0615 3.60896 -5.8
      vertex 13.0706 3.27259 -5
      vertex 14.0615 3.60896 -5
    endloop
  endfacet
  facet normal -0.321444 0.946929 0
    outer loop
      vertex 13.0706 3.27259 -5
      vertex 14.0615 3.60896 -5.8
      vertex 13.0706 3.27259 -5.8
    endloop
  endfacet
  facet normal -0.659332 0.751852 0
    outer loop
      vertex 16.6569 5.34315 -5.8
      vertex 15.8701 4.65317 -5
      vertex 16.6569 5.34315 -5
    endloop
  endfacet
  facet normal -0.659332 0.751852 0
    outer loop
      vertex 15.8701 4.65317 -5
      vertex 16.6569 5.34315 -5.8
      vertex 15.8701 4.65317 -5.8
    endloop
  endfacet
  facet normal -0.896885 0.442264 0
    outer loop
      vertex 17.9282 7 -5.8
      vertex 18.391 7.93853 -5
      vertex 18.391 7.93853 -5.8
    endloop
  endfacet
  facet normal -0.896885 0.442264 0
    outer loop
      vertex 18.391 7.93853 -5
      vertex 17.9282 7 -5.8
      vertex 17.9282 7 -5
    endloop
  endfacet
  facet normal 0.442295 0.89687 -0
    outer loop
      vertex 7.93853 3.60896 -5.8
      vertex 7 4.0718 -5
      vertex 7.93853 3.60896 -5
    endloop
  endfacet
  facet normal 0.442295 0.89687 0
    outer loop
      vertex 7 4.0718 -5
      vertex 7.93853 3.60896 -5.8
      vertex 7 4.0718 -5.8
    endloop
  endfacet
  facet normal -0.0654027 0.997859 0
    outer loop
      vertex 12.0442 3.06844 -5.8
      vertex 11 3 -5
      vertex 12.0442 3.06844 -5
    endloop
  endfacet
  facet normal -0.0654027 0.997859 0
    outer loop
      vertex 11 3 -5
      vertex 12.0442 3.06844 -5.8
      vertex 11 3 -5.8
    endloop
  endfacet
  facet normal 0.659351 0.751835 -0
    outer loop
      vertex 6.12991 4.65317 -5.8
      vertex 5.34315 5.34315 -5
      vertex 6.12991 4.65317 -5
    endloop
  endfacet
  facet normal 0.659351 0.751835 0
    outer loop
      vertex 5.34315 5.34315 -5
      vertex 6.12991 4.65317 -5.8
      vertex 5.34315 5.34315 -5.8
    endloop
  endfacet
  facet normal 0.946931 0.321438 0
    outer loop
      vertex 3.60896 7.93853 -5
      vertex 3.27259 8.92945 -5.8
      vertex 3.27259 8.92945 -5
    endloop
  endfacet
  facet normal 0.946931 0.321438 0
    outer loop
      vertex 3.27259 8.92945 -5.8
      vertex 3.60896 7.93853 -5
      vertex 3.60896 7.93853 -5.8
    endloop
  endfacet
  facet normal -0.997864 -0.065319 0
    outer loop
      vertex 11.125 8 -2.05
      vertex 11.0983 8.40789 0.199999
      vertex 11.0983 8.40789 -2.05
    endloop
  endfacet
  facet normal -0.997864 -0.065319 0
    outer loop
      vertex 11.0983 8.40789 0.199999
      vertex 11.125 8 -2.05
      vertex 11.125 8 0.199999
    endloop
  endfacet
  facet normal 0.0653174 -0.997865 0
    outer loop
      vertex 7.5921 11.0983 -2.05
      vertex 8 11.125 0.199999
      vertex 7.5921 11.0983 0.199999
    endloop
  endfacet
  facet normal 0.0653174 -0.997865 0
    outer loop
      vertex 8 11.125 0.199999
      vertex 7.5921 11.0983 -2.05
      vertex 8 11.125 -2.05
    endloop
  endfacet
  facet normal -0.659329 -0.751855 0
    outer loop
      vertex 9.90238 10.4792 -2.05
      vertex 10.2097 10.2097 0.199999
      vertex 9.90238 10.4792 0.199999
    endloop
  endfacet
  facet normal -0.659329 -0.751855 -0
    outer loop
      vertex 10.2097 10.2097 0.199999
      vertex 9.90238 10.4792 -2.05
      vertex 10.2097 10.2097 -2.05
    endloop
  endfacet
  facet normal 0.751831 -0.659356 0
    outer loop
      vertex 5.52077 9.90238 0.199999
      vertex 5.79029 10.2097 -2.05
      vertex 5.79029 10.2097 0.199999
    endloop
  endfacet
  facet normal 0.751831 -0.659356 0
    outer loop
      vertex 5.79029 10.2097 -2.05
      vertex 5.52077 9.90238 0.199999
      vertex 5.52077 9.90238 -2.05
    endloop
  endfacet
  facet normal 0.442304 -0.896865 0
    outer loop
      vertex 6.4375 10.7063 -2.05
      vertex 6.80411 10.8871 0.199999
      vertex 6.4375 10.7063 0.199999
    endloop
  endfacet
  facet normal 0.442304 -0.896865 0
    outer loop
      vertex 6.80411 10.8871 0.199999
      vertex 6.4375 10.7063 -2.05
      vertex 6.80411 10.8871 -2.05
    endloop
  endfacet
  facet normal -0.896865 -0.442304 0
    outer loop
      vertex 10.8871 9.19589 -2.05
      vertex 10.7063 9.5625 0.199999
      vertex 10.7063 9.5625 -2.05
    endloop
  endfacet
  facet normal -0.896865 -0.442304 0
    outer loop
      vertex 10.7063 9.5625 0.199999
      vertex 10.8871 9.19589 -2.05
      vertex 10.8871 9.19589 0.199999
    endloop
  endfacet
  facet normal -0.83147 -0.555569 0
    outer loop
      vertex 10.7063 9.5625 -2.05
      vertex 10.4792 9.90238 0.199999
      vertex 10.4792 9.90238 -2.05
    endloop
  endfacet
  facet normal -0.83147 -0.555569 0
    outer loop
      vertex 10.4792 9.90238 0.199999
      vertex 10.7063 9.5625 -2.05
      vertex 10.7063 9.5625 0.199999
    endloop
  endfacet
  facet normal -0.321448 -0.946927 0
    outer loop
      vertex 8.80881 11.0185 -2.05
      vertex 9.19589 10.8871 0.199999
      vertex 8.80881 11.0185 0.199999
    endloop
  endfacet
  facet normal -0.321448 -0.946927 -0
    outer loop
      vertex 9.19589 10.8871 0.199999
      vertex 8.80881 11.0185 -2.05
      vertex 9.19589 10.8871 -2.05
    endloop
  endfacet
  facet normal -0.555569 -0.83147 0
    outer loop
      vertex 9.5625 10.7063 -2.05
      vertex 9.90238 10.4792 0.199999
      vertex 9.5625 10.7063 0.199999
    endloop
  endfacet
  facet normal -0.555569 -0.83147 -0
    outer loop
      vertex 9.90238 10.4792 0.199999
      vertex 9.5625 10.7063 -2.05
      vertex 9.90238 10.4792 -2.05
    endloop
  endfacet
  facet normal 0.896875 -0.442285 0
    outer loop
      vertex 5.11288 9.19589 0.199999
      vertex 5.29367 9.5625 -2.05
      vertex 5.29367 9.5625 0.199999
    endloop
  endfacet
  facet normal 0.896875 -0.442285 0
    outer loop
      vertex 5.29367 9.5625 -2.05
      vertex 5.11288 9.19589 0.199999
      vertex 5.11288 9.19589 -2.05
    endloop
  endfacet
  facet normal 0.83147 -0.555569 0
    outer loop
      vertex 5.29367 9.5625 0.199999
      vertex 5.52077 9.90238 -2.05
      vertex 5.52077 9.90238 0.199999
    endloop
  endfacet
  facet normal 0.83147 -0.555569 0
    outer loop
      vertex 5.52077 9.90238 -2.05
      vertex 5.29367 9.5625 0.199999
      vertex 5.29367 9.5625 -2.05
    endloop
  endfacet
  facet normal 0.980784 -0.195095 0
    outer loop
      vertex 4.90173 8.40789 0.199999
      vertex 4.98148 8.80881 -2.05
      vertex 4.98148 8.80881 0.199999
    endloop
  endfacet
  facet normal 0.980784 -0.195095 0
    outer loop
      vertex 4.98148 8.80881 -2.05
      vertex 4.90173 8.40789 0.199999
      vertex 4.90173 8.40789 -2.05
    endloop
  endfacet
  facet normal 0.555569 -0.83147 0
    outer loop
      vertex 6.09762 10.4792 -2.05
      vertex 6.4375 10.7063 0.199999
      vertex 6.09762 10.4792 0.199999
    endloop
  endfacet
  facet normal 0.555569 -0.83147 0
    outer loop
      vertex 6.4375 10.7063 0.199999
      vertex 6.09762 10.4792 -2.05
      vertex 6.4375 10.7063 -2.05
    endloop
  endfacet
  facet normal 0.321448 -0.946927 0
    outer loop
      vertex 6.80411 10.8871 -2.05
      vertex 7.19119 11.0185 0.199999
      vertex 6.80411 10.8871 0.199999
    endloop
  endfacet
  facet normal 0.321448 -0.946927 0
    outer loop
      vertex 7.19119 11.0185 0.199999
      vertex 6.80411 10.8871 -2.05
      vertex 7.19119 11.0185 -2.05
    endloop
  endfacet
  facet normal -0.946927 0.321448 0
    outer loop
      vertex 10.8871 6.80411 -2.05
      vertex 11.0185 7.19119 0.199999
      vertex 11.0185 7.19119 -2.05
    endloop
  endfacet
  facet normal -0.946927 0.321448 0
    outer loop
      vertex 11.0185 7.19119 0.199999
      vertex 10.8871 6.80411 -2.05
      vertex 10.8871 6.80411 0.199999
    endloop
  endfacet
  facet normal -0.751865 0.659317 0
    outer loop
      vertex 10.2097 5.79029 -2.05
      vertex 10.4792 6.09762 0.199999
      vertex 10.4792 6.09762 -2.05
    endloop
  endfacet
  facet normal -0.751865 0.659317 0
    outer loop
      vertex 10.4792 6.09762 0.199999
      vertex 10.2097 5.79029 -2.05
      vertex 10.2097 5.79029 0.199999
    endloop
  endfacet
  facet normal -0.555569 0.83147 0
    outer loop
      vertex 9.90238 5.52077 -2.05
      vertex 9.5625 5.29367 0.199999
      vertex 9.90238 5.52077 0.199999
    endloop
  endfacet
  facet normal -0.555569 0.83147 0
    outer loop
      vertex 9.5625 5.29367 0.199999
      vertex 9.90238 5.52077 -2.05
      vertex 9.5625 5.29367 -2.05
    endloop
  endfacet
  facet normal 0.1951 0.980783 -0
    outer loop
      vertex 7.5921 4.90173 -2.05
      vertex 7.19119 4.98148 0.199999
      vertex 7.5921 4.90173 0.199999
    endloop
  endfacet
  facet normal 0.1951 0.980783 0
    outer loop
      vertex 7.19119 4.98148 0.199999
      vertex 7.5921 4.90173 -2.05
      vertex 7.19119 4.98148 -2.05
    endloop
  endfacet
  facet normal 0.83147 0.555569 0
    outer loop
      vertex 5.52077 6.09762 0.199999
      vertex 5.29367 6.4375 -2.05
      vertex 5.29367 6.4375 0.199999
    endloop
  endfacet
  facet normal 0.83147 0.555569 0
    outer loop
      vertex 5.29367 6.4375 -2.05
      vertex 5.52077 6.09762 0.199999
      vertex 5.52077 6.09762 -2.05
    endloop
  endfacet
  facet normal 0.751841 0.659344 0
    outer loop
      vertex 5.79029 5.79029 0.199999
      vertex 5.52077 6.09762 -2.05
      vertex 5.52077 6.09762 0.199999
    endloop
  endfacet
  facet normal 0.751841 0.659344 0
    outer loop
      vertex 5.52077 6.09762 -2.05
      vertex 5.79029 5.79029 0.199999
      vertex 5.79029 5.79029 -2.05
    endloop
  endfacet
  facet normal -0.946927 -0.321448 0
    outer loop
      vertex 11.0185 8.80881 -2.05
      vertex 10.8871 9.19589 0.199999
      vertex 10.8871 9.19589 -2.05
    endloop
  endfacet
  facet normal -0.946927 -0.321448 0
    outer loop
      vertex 10.8871 9.19589 0.199999
      vertex 11.0185 8.80881 -2.05
      vertex 11.0185 8.80881 0.199999
    endloop
  endfacet
  facet normal -0.980761 -0.195213 0
    outer loop
      vertex 11.0983 8.40789 -2.05
      vertex 11.0185 8.80881 0.199999
      vertex 11.0185 8.80881 -2.05
    endloop
  endfacet
  facet normal -0.980761 -0.195213 0
    outer loop
      vertex 11.0185 8.80881 0.199999
      vertex 11.0983 8.40789 -2.05
      vertex 11.0983 8.40789 0.199999
    endloop
  endfacet
  facet normal -0.195213 -0.980761 0
    outer loop
      vertex 8.40789 11.0983 -2.05
      vertex 8.80881 11.0185 0.199999
      vertex 8.40789 11.0983 0.199999
    endloop
  endfacet
  facet normal -0.195213 -0.980761 -0
    outer loop
      vertex 8.80881 11.0185 0.199999
      vertex 8.40789 11.0983 -2.05
      vertex 8.80881 11.0185 -2.05
    endloop
  endfacet
  facet normal -0.065319 -0.997864 0
    outer loop
      vertex 8 11.125 -2.05
      vertex 8.40789 11.0983 0.199999
      vertex 8 11.125 0.199999
    endloop
  endfacet
  facet normal -0.065319 -0.997864 -0
    outer loop
      vertex 8.40789 11.0983 0.199999
      vertex 8 11.125 -2.05
      vertex 8.40789 11.0983 -2.05
    endloop
  endfacet
  facet normal 0 0 1
    outer loop
      vertex 11.0983 8.40789 -2.05
      vertex 11.0983 7.5921 -2.05
      vertex 11.125 8 -2.05
    endloop
  endfacet
  facet normal 0 0 1
    outer loop
      vertex 11.0185 8.80881 -2.05
      vertex 11.0983 7.5921 -2.05
      vertex 11.0983 8.40789 -2.05
    endloop
  endfacet
  facet normal 0 0 1
    outer loop
      vertex 11.0185 8.80881 -2.05
      vertex 11.0185 7.19119 -2.05
      vertex 11.0983 7.5921 -2.05
    endloop
  endfacet
  facet normal 0 0 1
    outer loop
      vertex 10.8871 9.19589 -2.05
      vertex 11.0185 7.19119 -2.05
      vertex 11.0185 8.80881 -2.05
    endloop
  endfacet
  facet normal 0 0 1
    outer loop
      vertex 10.8871 9.19589 -2.05
      vertex 10.8871 6.80411 -2.05
      vertex 11.0185 7.19119 -2.05
    endloop
  endfacet
  facet normal 0 0 1
    outer loop
      vertex 10.7063 9.5625 -2.05
      vertex 10.8871 6.80411 -2.05
      vertex 10.8871 9.19589 -2.05
    endloop
  endfacet
  facet normal 0 0 1
    outer loop
      vertex 10.7063 9.5625 -2.05
      vertex 10.7063 6.4375 -2.05
      vertex 10.8871 6.80411 -2.05
    endloop
  endfacet
  facet normal 0 0 1
    outer loop
      vertex 10.4792 9.90238 -2.05
      vertex 10.7063 6.4375 -2.05
      vertex 10.7063 9.5625 -2.05
    endloop
  endfacet
  facet normal 0 0 1
    outer loop
      vertex 10.4792 9.90238 -2.05
      vertex 10.4792 6.09762 -2.05
      vertex 10.7063 6.4375 -2.05
    endloop
  endfacet
  facet normal 0 0 1
    outer loop
      vertex 10.2097 10.2097 -2.05
      vertex 10.4792 6.09762 -2.05
      vertex 10.4792 9.90238 -2.05
    endloop
  endfacet
  facet normal 0 0 1
    outer loop
      vertex 10.2097 10.2097 -2.05
      vertex 10.2097 5.79029 -2.05
      vertex 10.4792 6.09762 -2.05
    endloop
  endfacet
  facet normal 0 0 1
    outer loop
      vertex 9.90238 10.4792 -2.05
      vertex 10.2097 5.79029 -2.05
      vertex 10.2097 10.2097 -2.05
    endloop
  endfacet
  facet normal 0 0 1
    outer loop
      vertex 9.90238 10.4792 -2.05
      vertex 9.90238 5.52077 -2.05
      vertex 10.2097 5.79029 -2.05
    endloop
  endfacet
  facet normal 0 0 1
    outer loop
      vertex 9.5625 10.7063 -2.05
      vertex 9.90238 5.52077 -2.05
      vertex 9.90238 10.4792 -2.05
    endloop
  endfacet
  facet normal 0 0 1
    outer loop
      vertex 9.5625 10.7063 -2.05
      vertex 9.5625 5.29367 -2.05
      vertex 9.90238 5.52077 -2.05
    endloop
  endfacet
  facet normal 0 0 1
    outer loop
      vertex 9.19589 10.8871 -2.05
      vertex 9.5625 5.29367 -2.05
      vertex 9.5625 10.7063 -2.05
    endloop
  endfacet
  facet normal 0 0 1
    outer loop
      vertex 9.19589 10.8871 -2.05
      vertex 9.19589 5.11288 -2.05
      vertex 9.5625 5.29367 -2.05
    endloop
  endfacet
  facet normal 0 0 1
    outer loop
      vertex 8.80881 11.0185 -2.05
      vertex 9.19589 5.11288 -2.05
      vertex 9.19589 10.8871 -2.05
    endloop
  endfacet
  facet normal 0 0 1
    outer loop
      vertex 8.80881 11.0185 -2.05
      vertex 8.80881 4.98148 -2.05
      vertex 9.19589 5.11288 -2.05
    endloop
  endfacet
  facet normal 0 0 1
    outer loop
      vertex 8.40789 11.0983 -2.05
      vertex 8.80881 4.98148 -2.05
      vertex 8.80881 11.0185 -2.05
    endloop
  endfacet
  facet normal 0 0 1
    outer loop
      vertex 8.40789 11.0983 -2.05
      vertex 8.40789 4.90173 -2.05
      vertex 8.80881 4.98148 -2.05
    endloop
  endfacet
  facet normal 0 0 1
    outer loop
      vertex 8 11.125 -2.05
      vertex 8.40789 4.90173 -2.05
      vertex 8.40789 11.0983 -2.05
    endloop
  endfacet
  facet normal 0 0 1
    outer loop
      vertex 8 11.125 -2.05
      vertex 8 4.875 -2.05
      vertex 8.40789 4.90173 -2.05
    endloop
  endfacet
  facet normal -0 0 1
    outer loop
      vertex 7.5921 11.0983 -2.05
      vertex 8 4.875 -2.05
      vertex 8 11.125 -2.05
    endloop
  endfacet
  facet normal 0 0 1
    outer loop
      vertex 7.5921 11.0983 -2.05
      vertex 7.5921 4.90173 -2.05
      vertex 8 4.875 -2.05
    endloop
  endfacet
  facet normal -0 0 1
    outer loop
      vertex 7.19119 11.0185 -2.05
      vertex 7.5921 4.90173 -2.05
      vertex 7.5921 11.0983 -2.05
    endloop
  endfacet
  facet normal 0 0 1
    outer loop
      vertex 7.19119 11.0185 -2.05
      vertex 7.19119 4.98148 -2.05
      vertex 7.5921 4.90173 -2.05
    endloop
  endfacet
  facet normal -0 0 1
    outer loop
      vertex 6.80411 10.8871 -2.05
      vertex 7.19119 4.98148 -2.05
      vertex 7.19119 11.0185 -2.05
    endloop
  endfacet
  facet normal 0 0 1
    outer loop
      vertex 6.80411 10.8871 -2.05
      vertex 6.80411 5.11288 -2.05
      vertex 7.19119 4.98148 -2.05
    endloop
  endfacet
  facet normal -0 0 1
    outer loop
      vertex 6.4375 10.7063 -2.05
      vertex 6.80411 5.11288 -2.05
      vertex 6.80411 10.8871 -2.05
    endloop
  endfacet
  facet normal 0 0 1
    outer loop
      vertex 6.4375 10.7063 -2.05
      vertex 6.4375 5.29367 -2.05
      vertex 6.80411 5.11288 -2.05
    endloop
  endfacet
  facet normal -0 0 1
    outer loop
      vertex 6.09762 10.4792 -2.05
      vertex 6.4375 5.29367 -2.05
      vertex 6.4375 10.7063 -2.05
    endloop
  endfacet
  facet normal 0 0 1
    outer loop
      vertex 6.09762 10.4792 -2.05
      vertex 6.09762 5.52077 -2.05
      vertex 6.4375 5.29367 -2.05
    endloop
  endfacet
  facet normal -0 0 1
    outer loop
      vertex 5.79029 10.2097 -2.05
      vertex 6.09762 5.52077 -2.05
      vertex 6.09762 10.4792 -2.05
    endloop
  endfacet
  facet normal 0 0 1
    outer loop
      vertex 5.79029 10.2097 -2.05
      vertex 5.79029 5.79029 -2.05
      vertex 6.09762 5.52077 -2.05
    endloop
  endfacet
  facet normal -0 0 1
    outer loop
      vertex 5.52077 9.90238 -2.05
      vertex 5.79029 5.79029 -2.05
      vertex 5.79029 10.2097 -2.05
    endloop
  endfacet
  facet normal 0 0 1
    outer loop
      vertex 5.52077 9.90238 -2.05
      vertex 5.52077 6.09762 -2.05
      vertex 5.79029 5.79029 -2.05
    endloop
  endfacet
  facet normal -0 0 1
    outer loop
      vertex 5.29367 9.5625 -2.05
      vertex 5.52077 6.09762 -2.05
      vertex 5.52077 9.90238 -2.05
    endloop
  endfacet
  facet normal 0 0 1
    outer loop
      vertex 5.29367 9.5625 -2.05
      vertex 5.29367 6.4375 -2.05
      vertex 5.52077 6.09762 -2.05
    endloop
  endfacet
  facet normal -0 0 1
    outer loop
      vertex 5.11288 9.19589 -2.05
      vertex 5.29367 6.4375 -2.05
      vertex 5.29367 9.5625 -2.05
    endloop
  endfacet
  facet normal 0 0 1
    outer loop
      vertex 5.11288 9.19589 -2.05
      vertex 5.11288 6.80411 -2.05
      vertex 5.29367 6.4375 -2.05
    endloop
  endfacet
  facet normal -0 0 1
    outer loop
      vertex 4.98148 8.80881 -2.05
      vertex 5.11288 6.80411 -2.05
      vertex 5.11288 9.19589 -2.05
    endloop
  endfacet
  facet normal 0 0 1
    outer loop
      vertex 4.98148 8.80881 -2.05
      vertex 4.98148 7.19119 -2.05
      vertex 5.11288 6.80411 -2.05
    endloop
  endfacet
  facet normal -0 0 1
    outer loop
      vertex 4.90173 8.40789 -2.05
      vertex 4.98148 7.19119 -2.05
      vertex 4.98148 8.80881 -2.05
    endloop
  endfacet
  facet normal 0 0 1
    outer loop
      vertex 4.90173 8.40789 -2.05
      vertex 4.90173 7.5921 -2.05
      vertex 4.98148 7.19119 -2.05
    endloop
  endfacet
  facet normal 0 -0 1
    outer loop
      vertex 4.90173 7.5921 -2.05
      vertex 4.90173 8.40789 -2.05
      vertex 4.875 8 -2.05
    endloop
  endfacet
  facet normal 0.946927 -0.321448 0
    outer loop
      vertex 4.98148 8.80881 0.199999
      vertex 5.11288 9.19589 -2.05
      vertex 5.11288 9.19589 0.199999
    endloop
  endfacet
  facet normal 0.946927 -0.321448 0
    outer loop
      vertex 5.11288 9.19589 -2.05
      vertex 4.98148 8.80881 0.199999
      vertex 4.98148 8.80881 -2.05
    endloop
  endfacet
  facet normal 0.99786 -0.0653921 0
    outer loop
      vertex 4.875 8 0.199999
      vertex 4.90173 8.40789 -2.05
      vertex 4.90173 8.40789 0.199999
    endloop
  endfacet
  facet normal 0.99786 -0.0653921 0
    outer loop
      vertex 4.90173 8.40789 -2.05
      vertex 4.875 8 0.199999
      vertex 4.875 8 -2.05
    endloop
  endfacet
  facet normal 0.195217 -0.98076 0
    outer loop
      vertex 7.19119 11.0185 -2.05
      vertex 7.5921 11.0983 0.199999
      vertex 7.19119 11.0185 0.199999
    endloop
  endfacet
  facet normal 0.195217 -0.98076 0
    outer loop
      vertex 7.5921 11.0983 0.199999
      vertex 7.19119 11.0185 -2.05
      vertex 7.5921 11.0983 -2.05
    endloop
  endfacet
  facet normal -0.195095 0.980784 0
    outer loop
      vertex 8.80881 4.98148 -2.05
      vertex 8.40789 4.90173 0.199999
      vertex 8.80881 4.98148 0.199999
    endloop
  endfacet
  facet normal -0.195095 0.980784 0
    outer loop
      vertex 8.40789 4.90173 0.199999
      vertex 8.80881 4.98148 -2.05
      vertex 8.40789 4.90173 -2.05
    endloop
  endfacet
  facet normal -0.442285 0.896875 0
    outer loop
      vertex 9.5625 5.29367 -2.05
      vertex 9.19589 5.11288 0.199999
      vertex 9.5625 5.29367 0.199999
    endloop
  endfacet
  facet normal -0.442285 0.896875 0
    outer loop
      vertex 9.19589 5.11288 0.199999
      vertex 9.5625 5.29367 -2.05
      vertex 9.19589 5.11288 -2.05
    endloop
  endfacet
  facet normal -0.659356 0.751831 0
    outer loop
      vertex 10.2097 5.79029 -2.05
      vertex 9.90238 5.52077 0.199999
      vertex 10.2097 5.79029 0.199999
    endloop
  endfacet
  facet normal -0.659356 0.751831 0
    outer loop
      vertex 9.90238 5.52077 0.199999
      vertex 10.2097 5.79029 -2.05
      vertex 9.90238 5.52077 -2.05
    endloop
  endfacet
  facet normal -0.83147 0.555569 0
    outer loop
      vertex 10.4792 6.09762 -2.05
      vertex 10.7063 6.4375 0.199999
      vertex 10.7063 6.4375 -2.05
    endloop
  endfacet
  facet normal -0.83147 0.555569 0
    outer loop
      vertex 10.7063 6.4375 0.199999
      vertex 10.4792 6.09762 -2.05
      vertex 10.4792 6.09762 0.199999
    endloop
  endfacet
  facet normal 0.442285 0.896875 -0
    outer loop
      vertex 6.80411 5.11288 -2.05
      vertex 6.4375 5.29367 0.199999
      vertex 6.80411 5.11288 0.199999
    endloop
  endfacet
  facet normal 0.442285 0.896875 0
    outer loop
      vertex 6.4375 5.29367 0.199999
      vertex 6.80411 5.11288 -2.05
      vertex 6.4375 5.29367 -2.05
    endloop
  endfacet
  facet normal 0.555569 0.83147 -0
    outer loop
      vertex 6.4375 5.29367 -2.05
      vertex 6.09762 5.52077 0.199999
      vertex 6.4375 5.29367 0.199999
    endloop
  endfacet
  facet normal 0.555569 0.83147 0
    outer loop
      vertex 6.09762 5.52077 0.199999
      vertex 6.4375 5.29367 -2.05
      vertex 6.09762 5.52077 -2.05
    endloop
  endfacet
  facet normal 0.321448 0.946927 -0
    outer loop
      vertex 7.19119 4.98148 -2.05
      vertex 6.80411 5.11288 0.199999
      vertex 7.19119 4.98148 0.199999
    endloop
  endfacet
  facet normal 0.321448 0.946927 0
    outer loop
      vertex 6.80411 5.11288 0.199999
      vertex 7.19119 4.98148 -2.05
      vertex 6.80411 5.11288 -2.05
    endloop
  endfacet
  facet normal 0.0653905 0.99786 -0
    outer loop
      vertex 8 4.875 -2.05
      vertex 7.5921 4.90173 0.199999
      vertex 8 4.875 0.199999
    endloop
  endfacet
  facet normal 0.0653905 0.99786 0
    outer loop
      vertex 7.5921 4.90173 0.199999
      vertex 8 4.875 -2.05
      vertex 7.5921 4.90173 -2.05
    endloop
  endfacet
  facet normal 0.659344 0.751841 -0
    outer loop
      vertex 6.09762 5.52077 -2.05
      vertex 5.79029 5.79029 0.199999
      vertex 6.09762 5.52077 0.199999
    endloop
  endfacet
  facet normal 0.659344 0.751841 0
    outer loop
      vertex 5.79029 5.79029 0.199999
      vertex 6.09762 5.52077 -2.05
      vertex 5.79029 5.79029 -2.05
    endloop
  endfacet
  facet normal 0.896875 0.442285 0
    outer loop
      vertex 5.29367 6.4375 0.199999
      vertex 5.11288 6.80411 -2.05
      vertex 5.11288 6.80411 0.199999
    endloop
  endfacet
  facet normal 0.896875 0.442285 0
    outer loop
      vertex 5.11288 6.80411 -2.05
      vertex 5.29367 6.4375 0.199999
      vertex 5.29367 6.4375 -2.05
    endloop
  endfacet
  facet normal 0.980783 0.1951 0
    outer loop
      vertex 4.98148 7.19119 0.199999
      vertex 4.90173 7.5921 -2.05
      vertex 4.90173 7.5921 0.199999
    endloop
  endfacet
  facet normal 0.980783 0.1951 0
    outer loop
      vertex 4.90173 7.5921 -2.05
      vertex 4.98148 7.19119 0.199999
      vertex 4.98148 7.19119 -2.05
    endloop
  endfacet
  facet normal -0.751855 -0.659329 0
    outer loop
      vertex 10.4792 9.90238 -2.05
      vertex 10.2097 10.2097 0.199999
      vertex 10.2097 10.2097 -2.05
    endloop
  endfacet
  facet normal -0.751855 -0.659329 0
    outer loop
      vertex 10.2097 10.2097 0.199999
      vertex 10.4792 9.90238 -2.05
      vertex 10.4792 9.90238 0.199999
    endloop
  endfacet
  facet normal -0.442304 -0.896865 0
    outer loop
      vertex 9.19589 10.8871 -2.05
      vertex 9.5625 10.7063 0.199999
      vertex 9.19589 10.8871 0.199999
    endloop
  endfacet
  facet normal -0.442304 -0.896865 -0
    outer loop
      vertex 9.5625 10.7063 0.199999
      vertex 9.19589 10.8871 -2.05
      vertex 9.5625 10.7063 -2.05
    endloop
  endfacet
  facet normal 0.99786 0.0653905 0
    outer loop
      vertex 4.90173 7.5921 0.199999
      vertex 4.875 8 -2.05
      vertex 4.875 8 0.199999
    endloop
  endfacet
  facet normal 0.99786 0.0653905 0
    outer loop
      vertex 4.875 8 -2.05
      vertex 4.90173 7.5921 0.199999
      vertex 4.90173 7.5921 -2.05
    endloop
  endfacet
  facet normal 0.659317 -0.751865 0
    outer loop
      vertex 5.79029 10.2097 -2.05
      vertex 6.09762 10.4792 0.199999
      vertex 5.79029 10.2097 0.199999
    endloop
  endfacet
  facet normal 0.659317 -0.751865 0
    outer loop
      vertex 6.09762 10.4792 0.199999
      vertex 5.79029 10.2097 -2.05
      vertex 6.09762 10.4792 -2.05
    endloop
  endfacet
  facet normal -0.321448 0.946927 0
    outer loop
      vertex 9.19589 5.11288 -2.05
      vertex 8.80881 4.98148 0.199999
      vertex 9.19589 5.11288 0.199999
    endloop
  endfacet
  facet normal -0.321448 0.946927 0
    outer loop
      vertex 8.80881 4.98148 0.199999
      vertex 9.19589 5.11288 -2.05
      vertex 8.80881 4.98148 -2.05
    endloop
  endfacet
  facet normal -0.98076 0.195217 0
    outer loop
      vertex 11.0185 7.19119 -2.05
      vertex 11.0983 7.5921 0.199999
      vertex 11.0983 7.5921 -2.05
    endloop
  endfacet
  facet normal -0.98076 0.195217 0
    outer loop
      vertex 11.0983 7.5921 0.199999
      vertex 11.0185 7.19119 -2.05
      vertex 11.0185 7.19119 0.199999
    endloop
  endfacet
  facet normal -0.896865 0.442304 0
    outer loop
      vertex 10.7063 6.4375 -2.05
      vertex 10.8871 6.80411 0.199999
      vertex 10.8871 6.80411 -2.05
    endloop
  endfacet
  facet normal -0.896865 0.442304 0
    outer loop
      vertex 10.8871 6.80411 0.199999
      vertex 10.7063 6.4375 -2.05
      vertex 10.7063 6.4375 0.199999
    endloop
  endfacet
  facet normal -0.0653921 0.99786 0
    outer loop
      vertex 8.40789 4.90173 -2.05
      vertex 8 4.875 0.199999
      vertex 8.40789 4.90173 0.199999
    endloop
  endfacet
  facet normal -0.0653921 0.99786 0
    outer loop
      vertex 8 4.875 0.199999
      vertex 8.40789 4.90173 -2.05
      vertex 8 4.875 -2.05
    endloop
  endfacet
  facet normal 0.946927 0.321448 0
    outer loop
      vertex 5.11288 6.80411 0.199999
      vertex 4.98148 7.19119 -2.05
      vertex 4.98148 7.19119 0.199999
    endloop
  endfacet
  facet normal 0.946927 0.321448 0
    outer loop
      vertex 4.98148 7.19119 -2.05
      vertex 5.11288 6.80411 0.199999
      vertex 5.11288 6.80411 -2.05
    endloop
  endfacet
  facet normal -0.997865 0.0653174 0
    outer loop
      vertex 11.0983 7.5921 -2.05
      vertex 11.125 8 0.199999
      vertex 11.125 8 -2.05
    endloop
  endfacet
  facet normal -0.997865 0.0653174 0
    outer loop
      vertex 11.125 8 0.199999
      vertex 11.0983 7.5921 -2.05
      vertex 11.0983 7.5921 0.199999
    endloop
  endfacet
  facet normal 0.995918 0.0653551 0.0622561
    outer loop
      vertex 15.3 13 3.2
      vertex 15.4863 13.0188 0.199999
      vertex 15.2803 13.3002 3.2
    endloop
  endfacet
  facet normal 0.996033 0.0635766 0.0622521
    outer loop
      vertex 15.4863 13.0188 0.199999
      vertex 15.3 13 3.2
      vertex 15.4875 13 0.199999
    endloop
  endfacet
  facet normal 0.995913 0.0654392 0.0622478
    outer loop
      vertex 15.4662 13.3247 0.199999
      vertex 15.2803 13.3002 3.2
      vertex 15.4863 13.0188 0.199999
    endloop
  endfacet
  facet normal 0.0653551 -0.995919 0.0622363
    outer loop
      vertex 13.3059 10.5326 0.199999
      vertex 13.3002 10.7197 3.2
      vertex 13 10.7 3.2
    endloop
  endfacet
  facet normal 0.0635767 -0.996034 0.0622401
    outer loop
      vertex 13.3002 10.7197 3.2
      vertex 13.3059 10.5326 0.199999
      vertex 13.3247 10.5338 0.199999
    endloop
  endfacet
  facet normal -0.995919 -0.0653551 0.0622363
    outer loop
      vertex 10.5326 12.6941 0.199999
      vertex 10.7197 12.6998 3.2
      vertex 10.7 13 3.2
    endloop
  endfacet
  facet normal -0.996034 -0.0635767 0.0622401
    outer loop
      vertex 10.7197 12.6998 3.2
      vertex 10.5326 12.6941 0.199999
      vertex 10.5338 12.6753 0.199999
    endloop
  endfacet
  facet normal 0.978829 0.194985 0.0622409
    outer loop
      vertex 15.4027 13.6438 0.199999
      vertex 15.2216 13.5953 3.2
      vertex 15.4626 13.3431 0.199999
    endloop
  endfacet
  facet normal -0.0654392 0.995913 0.0622478
    outer loop
      vertex 12.9812 15.4863 0.199999
      vertex 12.6753 15.4662 0.199999
      vertex 12.6998 15.2803 3.2
    endloop
  endfacet
  facet normal -0.978829 -0.194985 0.0622409
    outer loop
      vertex 10.7784 12.4047 3.2
      vertex 10.5374 12.6569 0.199999
      vertex 10.5973 12.3562 0.199999
    endloop
  endfacet
  facet normal 0.8952 -0.441296 0.0622487
    outer loop
      vertex 14.9919 11.85 3.2
      vertex 15.1626 11.7731 0.199999
      vertex 15.1249 12.1198 3.2
    endloop
  endfacet
  facet normal 0.892693 -0.446347 0.0622356
    outer loop
      vertex 15.1626 11.7731 0.199999
      vertex 14.9919 11.85 3.2
      vertex 15.1542 11.7563 0.199999
    endloop
  endfacet
  facet normal 0.658172 0.75029 0.0622468
    outer loop
      vertex 14.5143 14.9735 0.199999
      vertex 14.4002 14.8247 3.2
      vertex 14.7448 14.7713 0.199999
    endloop
  endfacet
  facet normal -0.945136 -0.320689 0.0622618
    outer loop
      vertex 10.8751 12.1198 3.2
      vertex 10.6033 12.3384 0.199999
      vertex 10.7018 12.0481 0.199999
    endloop
  endfacet
  facet normal 0.750191 -0.658283 0.0622614
    outer loop
      vertex 14.6263 11.3737 3.2
      vertex 14.7713 11.2552 0.199999
      vertex 14.8247 11.5998 3.2
    endloop
  endfacet
  facet normal 0.749468 -0.659107 0.062259
    outer loop
      vertex 14.7713 11.2552 0.199999
      vertex 14.6263 11.3737 3.2
      vertex 14.7589 11.2411 0.199999
    endloop
  endfacet
  facet normal 0.979489 -0.191639 0.0622607
    outer loop
      vertex 15.2803 12.6998 3.2
      vertex 15.4626 12.6569 0.199999
      vertex 15.4662 12.6753 0.199999
    endloop
  endfacet
  facet normal 0.978881 -0.194715 0.0622678
    outer loop
      vertex 15.4626 12.6569 0.199999
      vertex 15.2803 12.6998 3.2
      vertex 15.2216 12.4047 3.2
    endloop
  endfacet
  facet normal 0.945136 0.320689 0.0622618
    outer loop
      vertex 15.2982 13.9519 0.199999
      vertex 15.1249 13.8802 3.2
      vertex 15.3967 13.6616 0.199999
    endloop
  endfacet
  facet normal 0.945104 0.320785 0.0622519
    outer loop
      vertex 15.2216 13.5953 3.2
      vertex 15.3967 13.6616 0.199999
      vertex 15.1249 13.8802 3.2
    endloop
  endfacet
  facet normal 0.945776 0.318801 0.0622472
    outer loop
      vertex 15.3967 13.6616 0.199999
      vertex 15.2216 13.5953 3.2
      vertex 15.4027 13.6438 0.199999
    endloop
  endfacet
  facet normal -0.75029 0.658172 0.0622468
    outer loop
      vertex 11.2287 14.7448 0.199999
      vertex 11.0265 14.5143 0.199999
      vertex 11.1753 14.4002 3.2
    endloop
  endfacet
  facet normal 0.829885 0.554451 0.0622499
    outer loop
      vertex 14.9735 14.5143 0.199999
      vertex 14.8247 14.4002 3.2
      vertex 15.1438 14.2594 0.199999
    endloop
  endfacet
  facet normal 0.749468 0.659107 0.062259
    outer loop
      vertex 14.6263 14.6263 3.2
      vertex 14.7713 14.7448 0.199999
      vertex 14.7589 14.7589 0.199999
    endloop
  endfacet
  facet normal 0.750191 0.658283 0.0622614
    outer loop
      vertex 14.7713 14.7448 0.199999
      vertex 14.6263 14.6263 3.2
      vertex 14.8247 14.4002 3.2
    endloop
  endfacet
  facet normal -0.658172 -0.75029 0.0622468
    outer loop
      vertex 11.5998 11.1753 3.2
      vertex 11.2552 11.2287 0.199999
      vertex 11.4857 11.0265 0.199999
    endloop
  endfacet
  facet normal -0.659107 -0.749468 0.062259
    outer loop
      vertex 11.2552 11.2287 0.199999
      vertex 11.3737 11.3737 3.2
      vertex 11.2411 11.2411 0.199999
    endloop
  endfacet
  facet normal -0.658283 -0.750191 0.0622614
    outer loop
      vertex 11.3737 11.3737 3.2
      vertex 11.2552 11.2287 0.199999
      vertex 11.5998 11.1753 3.2
    endloop
  endfacet
  facet normal -0.320785 -0.945104 0.0622519
    outer loop
      vertex 12.3384 10.6033 0.199999
      vertex 12.4047 10.7784 3.2
      vertex 12.1198 10.8751 3.2
    endloop
  endfacet
  facet normal -0.318801 -0.945776 0.0622472
    outer loop
      vertex 12.4047 10.7784 3.2
      vertex 12.3384 10.6033 0.199999
      vertex 12.3562 10.5973 0.199999
    endloop
  endfacet
  facet normal 0.194985 -0.978829 0.0622409
    outer loop
      vertex 13.5953 10.7784 3.2
      vertex 13.3431 10.5374 0.199999
      vertex 13.6438 10.5973 0.199999
    endloop
  endfacet
  facet normal 0.318801 -0.945776 0.0622472
    outer loop
      vertex 13.6616 10.6033 0.199999
      vertex 13.5953 10.7784 3.2
      vertex 13.6438 10.5973 0.199999
    endloop
  endfacet
  facet normal 0.320785 -0.945104 0.0622519
    outer loop
      vertex 13.5953 10.7784 3.2
      vertex 13.6616 10.6033 0.199999
      vertex 13.8802 10.8751 3.2
    endloop
  endfacet
  facet normal 0.320689 -0.945136 0.0622618
    outer loop
      vertex 13.8802 10.8751 3.2
      vertex 13.6616 10.6033 0.199999
      vertex 13.9519 10.7018 0.199999
    endloop
  endfacet
  facet normal 0.895152 -0.441391 0.0622592
    outer loop
      vertex 15.2982 12.0481 0.199999
      vertex 15.1249 12.1198 3.2
      vertex 15.1626 11.7731 0.199999
    endloop
  endfacet
  facet normal 0.75029 -0.658172 0.0622468
    outer loop
      vertex 14.8247 11.5998 3.2
      vertex 14.7713 11.2552 0.199999
      vertex 14.9735 11.4857 0.199999
    endloop
  endfacet
  facet normal -0.829885 0.554451 0.0622499
    outer loop
      vertex 11.0265 14.5143 0.199999
      vertex 10.8562 14.2594 0.199999
      vertex 11.1753 14.4002 3.2
    endloop
  endfacet
  facet normal 0.892693 0.446347 0.0622356
    outer loop
      vertex 14.9919 14.15 3.2
      vertex 15.1626 14.2269 0.199999
      vertex 15.1542 14.2437 0.199999
    endloop
  endfacet
  facet normal 0.8952 0.441296 0.0622487
    outer loop
      vertex 15.1626 14.2269 0.199999
      vertex 14.9919 14.15 3.2
      vertex 15.1249 13.8802 3.2
    endloop
  endfacet
  facet normal 0.829824 0.554543 0.0622391
    outer loop
      vertex 14.9919 14.15 3.2
      vertex 15.1438 14.2594 0.199999
      vertex 14.8247 14.4002 3.2
    endloop
  endfacet
  facet normal 0.832065 0.551177 0.0622298
    outer loop
      vertex 15.1438 14.2594 0.199999
      vertex 14.9919 14.15 3.2
      vertex 15.1542 14.2437 0.199999
    endloop
  endfacet
  facet normal 0.446347 0.892693 0.0622356
    outer loop
      vertex 14.2269 15.1626 0.199999
      vertex 14.15 14.9919 3.2
      vertex 14.2437 15.1542 0.199999
    endloop
  endfacet
  facet normal 0.441296 0.8952 0.0622487
    outer loop
      vertex 14.15 14.9919 3.2
      vertex 14.2269 15.1626 0.199999
      vertex 13.8802 15.1249 3.2
    endloop
  endfacet
  facet normal 0.554451 0.829885 0.0622499
    outer loop
      vertex 14.5143 14.9735 0.199999
      vertex 14.2594 15.1438 0.199999
      vertex 14.4002 14.8247 3.2
    endloop
  endfacet
  facet normal 0.194715 0.978881 0.0622678
    outer loop
      vertex 13.3431 15.4626 0.199999
      vertex 13.3002 15.2803 3.2
      vertex 13.5953 15.2216 3.2
    endloop
  endfacet
  facet normal 0.191639 0.979489 0.0622607
    outer loop
      vertex 13.3002 15.2803 3.2
      vertex 13.3431 15.4626 0.199999
      vertex 13.3247 15.4662 0.199999
    endloop
  endfacet
  facet normal -0.895152 -0.441391 0.0622592
    outer loop
      vertex 10.8751 12.1198 3.2
      vertex 10.7018 12.0481 0.199999
      vertex 10.8374 11.7731 0.199999
    endloop
  endfacet
  facet normal -0.945776 -0.318801 0.0622472
    outer loop
      vertex 10.6033 12.3384 0.199999
      vertex 10.7784 12.4047 3.2
      vertex 10.5973 12.3562 0.199999
    endloop
  endfacet
  facet normal -0.945104 -0.320785 0.0622519
    outer loop
      vertex 10.7784 12.4047 3.2
      vertex 10.6033 12.3384 0.199999
      vertex 10.8751 12.1198 3.2
    endloop
  endfacet
  facet normal -0.8952 -0.441296 0.0622487
    outer loop
      vertex 10.8374 11.7731 0.199999
      vertex 11.0081 11.85 3.2
      vertex 10.8751 12.1198 3.2
    endloop
  endfacet
  facet normal -0.892693 -0.446347 0.0622356
    outer loop
      vertex 11.0081 11.85 3.2
      vertex 10.8374 11.7731 0.199999
      vertex 10.8458 11.7563 0.199999
    endloop
  endfacet
  facet normal -0.320689 -0.945136 0.0622618
    outer loop
      vertex 12.1198 10.8751 3.2
      vertex 12.0481 10.7018 0.199999
      vertex 12.3384 10.6033 0.199999
    endloop
  endfacet
  facet normal -0.441391 -0.895152 0.0622592
    outer loop
      vertex 12.1198 10.8751 3.2
      vertex 11.7731 10.8374 0.199999
      vertex 12.0481 10.7018 0.199999
    endloop
  endfacet
  facet normal -0.194985 -0.978829 0.0622409
    outer loop
      vertex 12.4047 10.7784 3.2
      vertex 12.3562 10.5973 0.199999
      vertex 12.6569 10.5374 0.199999
    endloop
  endfacet
  facet normal -0.194715 -0.978881 0.0622678
    outer loop
      vertex 12.6569 10.5374 0.199999
      vertex 12.6998 10.7197 3.2
      vertex 12.4047 10.7784 3.2
    endloop
  endfacet
  facet normal -0.191639 -0.979489 0.0622607
    outer loop
      vertex 12.6998 10.7197 3.2
      vertex 12.6569 10.5374 0.199999
      vertex 12.6753 10.5338 0.199999
    endloop
  endfacet
  facet normal -0.553625 -0.830437 0.0622458
    outer loop
      vertex 11.5013 11.0161 0.199999
      vertex 11.5998 11.1753 3.2
      vertex 11.4857 11.0265 0.199999
    endloop
  endfacet
  facet normal -0.554543 -0.829824 0.0622435
    outer loop
      vertex 11.5998 11.1753 3.2
      vertex 11.5013 11.0161 0.199999
      vertex 11.85 11.0081 3.2
    endloop
  endfacet
  facet normal 0.551177 -0.832065 0.0622298
    outer loop
      vertex 14.2594 10.8562 0.199999
      vertex 14.15 11.0081 3.2
      vertex 14.2437 10.8458 0.199999
    endloop
  endfacet
  facet normal 0.554543 -0.829824 0.0622391
    outer loop
      vertex 14.15 11.0081 3.2
      vertex 14.2594 10.8562 0.199999
      vertex 14.4002 11.1753 3.2
    endloop
  endfacet
  facet normal 0.658172 -0.75029 0.0622468
    outer loop
      vertex 14.7448 11.2287 0.199999
      vertex 14.4002 11.1753 3.2
      vertex 14.5143 11.0265 0.199999
    endloop
  endfacet
  facet normal 0.441296 -0.8952 0.0622487
    outer loop
      vertex 14.2269 10.8374 0.199999
      vertex 14.15 11.0081 3.2
      vertex 13.8802 10.8751 3.2
    endloop
  endfacet
  facet normal 0.446347 -0.892693 0.0622356
    outer loop
      vertex 14.15 11.0081 3.2
      vertex 14.2269 10.8374 0.199999
      vertex 14.2437 10.8458 0.199999
    endloop
  endfacet
  facet normal 0.978829 -0.194985 0.0622409
    outer loop
      vertex 15.4626 12.6569 0.199999
      vertex 15.2216 12.4047 3.2
      vertex 15.4027 12.3562 0.199999
    endloop
  endfacet
  facet normal 0.945136 -0.320689 0.0622618
    outer loop
      vertex 15.3967 12.3384 0.199999
      vertex 15.1249 12.1198 3.2
      vertex 15.2982 12.0481 0.199999
    endloop
  endfacet
  facet normal 0.995913 -0.0654392 0.0622478
    outer loop
      vertex 15.4863 12.9812 0.199999
      vertex 15.2803 12.6998 3.2
      vertex 15.4662 12.6753 0.199999
    endloop
  endfacet
  facet normal 0.996033 -0.0635766 0.0622521
    outer loop
      vertex 15.3 13 3.2
      vertex 15.4863 12.9812 0.199999
      vertex 15.4875 13 0.199999
    endloop
  endfacet
  facet normal 0.995918 -0.0653551 0.0622561
    outer loop
      vertex 15.4863 12.9812 0.199999
      vertex 15.3 13 3.2
      vertex 15.2803 12.6998 3.2
    endloop
  endfacet
  facet normal 0 0 1
    outer loop
      vertex 15.2803 13.3002 3.2
      vertex 15.2803 12.6998 3.2
      vertex 15.3 13 3.2
    endloop
  endfacet
  facet normal 0 0 1
    outer loop
      vertex 15.2216 13.5953 3.2
      vertex 15.2803 12.6998 3.2
      vertex 15.2803 13.3002 3.2
    endloop
  endfacet
  facet normal 0 0 1
    outer loop
      vertex 15.2216 13.5953 3.2
      vertex 15.2216 12.4047 3.2
      vertex 15.2803 12.6998 3.2
    endloop
  endfacet
  facet normal 0 0 1
    outer loop
      vertex 15.1249 13.8802 3.2
      vertex 15.2216 12.4047 3.2
      vertex 15.2216 13.5953 3.2
    endloop
  endfacet
  facet normal 0 0 1
    outer loop
      vertex 15.1249 13.8802 3.2
      vertex 15.1249 12.1198 3.2
      vertex 15.2216 12.4047 3.2
    endloop
  endfacet
  facet normal 0 0 1
    outer loop
      vertex 14.9919 14.15 3.2
      vertex 15.1249 12.1198 3.2
      vertex 15.1249 13.8802 3.2
    endloop
  endfacet
  facet normal 0 0 1
    outer loop
      vertex 14.9919 14.15 3.2
      vertex 14.9919 11.85 3.2
      vertex 15.1249 12.1198 3.2
    endloop
  endfacet
  facet normal 0 0 1
    outer loop
      vertex 14.8247 14.4002 3.2
      vertex 14.9919 11.85 3.2
      vertex 14.9919 14.15 3.2
    endloop
  endfacet
  facet normal 0 0 1
    outer loop
      vertex 14.8247 14.4002 3.2
      vertex 14.8247 11.5998 3.2
      vertex 14.9919 11.85 3.2
    endloop
  endfacet
  facet normal 0 0 1
    outer loop
      vertex 14.6263 14.6263 3.2
      vertex 14.8247 11.5998 3.2
      vertex 14.8247 14.4002 3.2
    endloop
  endfacet
  facet normal 0 0 1
    outer loop
      vertex 14.6263 14.6263 3.2
      vertex 14.6263 11.3737 3.2
      vertex 14.8247 11.5998 3.2
    endloop
  endfacet
  facet normal 0 0 1
    outer loop
      vertex 14.4002 14.8247 3.2
      vertex 14.6263 11.3737 3.2
      vertex 14.6263 14.6263 3.2
    endloop
  endfacet
  facet normal 0 0 1
    outer loop
      vertex 14.4002 14.8247 3.2
      vertex 14.4002 11.1753 3.2
      vertex 14.6263 11.3737 3.2
    endloop
  endfacet
  facet normal 0 0 1
    outer loop
      vertex 14.15 14.9919 3.2
      vertex 14.4002 11.1753 3.2
      vertex 14.4002 14.8247 3.2
    endloop
  endfacet
  facet normal 0 0 1
    outer loop
      vertex 14.15 14.9919 3.2
      vertex 14.15 11.0081 3.2
      vertex 14.4002 11.1753 3.2
    endloop
  endfacet
  facet normal 0 0 1
    outer loop
      vertex 13.8802 15.1249 3.2
      vertex 14.15 11.0081 3.2
      vertex 14.15 14.9919 3.2
    endloop
  endfacet
  facet normal 0 0 1
    outer loop
      vertex 13.8802 15.1249 3.2
      vertex 13.8802 10.8751 3.2
      vertex 14.15 11.0081 3.2
    endloop
  endfacet
  facet normal 0 0 1
    outer loop
      vertex 13.5953 15.2216 3.2
      vertex 13.8802 10.8751 3.2
      vertex 13.8802 15.1249 3.2
    endloop
  endfacet
  facet normal 0 0 1
    outer loop
      vertex 13.5953 15.2216 3.2
      vertex 13.5953 10.7784 3.2
      vertex 13.8802 10.8751 3.2
    endloop
  endfacet
  facet normal 0 0 1
    outer loop
      vertex 13.3002 15.2803 3.2
      vertex 13.5953 10.7784 3.2
      vertex 13.5953 15.2216 3.2
    endloop
  endfacet
  facet normal 0 0 1
    outer loop
      vertex 13.3002 15.2803 3.2
      vertex 13.3002 10.7197 3.2
      vertex 13.5953 10.7784 3.2
    endloop
  endfacet
  facet normal 0 0 1
    outer loop
      vertex 13 15.3 3.2
      vertex 13.3002 10.7197 3.2
      vertex 13.3002 15.2803 3.2
    endloop
  endfacet
  facet normal 0 0 1
    outer loop
      vertex 13 15.3 3.2
      vertex 13 10.7 3.2
      vertex 13.3002 10.7197 3.2
    endloop
  endfacet
  facet normal -0 0 1
    outer loop
      vertex 12.6998 15.2803 3.2
      vertex 13 10.7 3.2
      vertex 13 15.3 3.2
    endloop
  endfacet
  facet normal 0 0 1
    outer loop
      vertex 12.6998 15.2803 3.2
      vertex 12.6998 10.7197 3.2
      vertex 13 10.7 3.2
    endloop
  endfacet
  facet normal -0 0 1
    outer loop
      vertex 12.4047 15.2216 3.2
      vertex 12.6998 10.7197 3.2
      vertex 12.6998 15.2803 3.2
    endloop
  endfacet
  facet normal 0 0 1
    outer loop
      vertex 12.4047 15.2216 3.2
      vertex 12.4047 10.7784 3.2
      vertex 12.6998 10.7197 3.2
    endloop
  endfacet
  facet normal -0 0 1
    outer loop
      vertex 12.1198 15.1249 3.2
      vertex 12.4047 10.7784 3.2
      vertex 12.4047 15.2216 3.2
    endloop
  endfacet
  facet normal 0 0 1
    outer loop
      vertex 12.1198 15.1249 3.2
      vertex 12.1198 10.8751 3.2
      vertex 12.4047 10.7784 3.2
    endloop
  endfacet
  facet normal -0 0 1
    outer loop
      vertex 11.85 14.9919 3.2
      vertex 12.1198 10.8751 3.2
      vertex 12.1198 15.1249 3.2
    endloop
  endfacet
  facet normal 0 0 1
    outer loop
      vertex 11.85 14.9919 3.2
      vertex 11.85 11.0081 3.2
      vertex 12.1198 10.8751 3.2
    endloop
  endfacet
  facet normal -0 0 1
    outer loop
      vertex 11.5998 14.8247 3.2
      vertex 11.85 11.0081 3.2
      vertex 11.85 14.9919 3.2
    endloop
  endfacet
  facet normal 0 0 1
    outer loop
      vertex 11.5998 14.8247 3.2
      vertex 11.5998 11.1753 3.2
      vertex 11.85 11.0081 3.2
    endloop
  endfacet
  facet normal -0 0 1
    outer loop
      vertex 11.3737 14.6263 3.2
      vertex 11.5998 11.1753 3.2
      vertex 11.5998 14.8247 3.2
    endloop
  endfacet
  facet normal 0 0 1
    outer loop
      vertex 11.3737 14.6263 3.2
      vertex 11.3737 11.3737 3.2
      vertex 11.5998 11.1753 3.2
    endloop
  endfacet
  facet normal -0 0 1
    outer loop
      vertex 11.1753 14.4002 3.2
      vertex 11.3737 11.3737 3.2
      vertex 11.3737 14.6263 3.2
    endloop
  endfacet
  facet normal 0 0 1
    outer loop
      vertex 11.1753 14.4002 3.2
      vertex 11.1753 11.5998 3.2
      vertex 11.3737 11.3737 3.2
    endloop
  endfacet
  facet normal -0 0 1
    outer loop
      vertex 11.0081 14.15 3.2
      vertex 11.1753 11.5998 3.2
      vertex 11.1753 14.4002 3.2
    endloop
  endfacet
  facet normal 0 0 1
    outer loop
      vertex 11.0081 14.15 3.2
      vertex 11.0081 11.85 3.2
      vertex 11.1753 11.5998 3.2
    endloop
  endfacet
  facet normal -0 0 1
    outer loop
      vertex 10.8751 13.8802 3.2
      vertex 11.0081 11.85 3.2
      vertex 11.0081 14.15 3.2
    endloop
  endfacet
  facet normal 0 0 1
    outer loop
      vertex 10.8751 13.8802 3.2
      vertex 10.8751 12.1198 3.2
      vertex 11.0081 11.85 3.2
    endloop
  endfacet
  facet normal -0 0 1
    outer loop
      vertex 10.7784 13.5953 3.2
      vertex 10.8751 12.1198 3.2
      vertex 10.8751 13.8802 3.2
    endloop
  endfacet
  facet normal 0 0 1
    outer loop
      vertex 10.7784 13.5953 3.2
      vertex 10.7784 12.4047 3.2
      vertex 10.8751 12.1198 3.2
    endloop
  endfacet
  facet normal -0 0 1
    outer loop
      vertex 10.7197 13.3002 3.2
      vertex 10.7784 12.4047 3.2
      vertex 10.7784 13.5953 3.2
    endloop
  endfacet
  facet normal 0 0 1
    outer loop
      vertex 10.7197 13.3002 3.2
      vertex 10.7197 12.6998 3.2
      vertex 10.7784 12.4047 3.2
    endloop
  endfacet
  facet normal 0 -0 1
    outer loop
      vertex 10.7197 12.6998 3.2
      vertex 10.7197 13.3002 3.2
      vertex 10.7 13 3.2
    endloop
  endfacet
  facet normal -0.978829 0.194985 0.0622409
    outer loop
      vertex 10.5973 13.6438 0.199999
      vertex 10.5374 13.3431 0.199999
      vertex 10.7784 13.5953 3.2
    endloop
  endfacet
  facet normal -0.979489 0.191639 0.0622607
    outer loop
      vertex 10.7197 13.3002 3.2
      vertex 10.5374 13.3431 0.199999
      vertex 10.5338 13.3247 0.199999
    endloop
  endfacet
  facet normal -0.978881 0.194715 0.0622678
    outer loop
      vertex 10.5374 13.3431 0.199999
      vertex 10.7197 13.3002 3.2
      vertex 10.7784 13.5953 3.2
    endloop
  endfacet
  facet normal -0.441391 0.895152 0.0622592
    outer loop
      vertex 12.0481 15.2982 0.199999
      vertex 11.7731 15.1626 0.199999
      vertex 12.1198 15.1249 3.2
    endloop
  endfacet
  facet normal -0.320689 0.945136 0.0622618
    outer loop
      vertex 12.3384 15.3967 0.199999
      vertex 12.0481 15.2982 0.199999
      vertex 12.1198 15.1249 3.2
    endloop
  endfacet
  facet normal -0.554543 0.829824 0.0622435
    outer loop
      vertex 11.5013 14.9839 0.199999
      vertex 11.5998 14.8247 3.2
      vertex 11.85 14.9919 3.2
    endloop
  endfacet
  facet normal -0.553625 0.830437 0.0622458
    outer loop
      vertex 11.5998 14.8247 3.2
      vertex 11.5013 14.9839 0.199999
      vertex 11.4857 14.9735 0.199999
    endloop
  endfacet
  facet normal -0.658283 0.750191 0.0622614
    outer loop
      vertex 11.2552 14.7713 0.199999
      vertex 11.3737 14.6263 3.2
      vertex 11.5998 14.8247 3.2
    endloop
  endfacet
  facet normal -0.659107 0.749468 0.062259
    outer loop
      vertex 11.3737 14.6263 3.2
      vertex 11.2552 14.7713 0.199999
      vertex 11.2411 14.7589 0.199999
    endloop
  endfacet
  facet normal -0.191639 0.979489 0.0622607
    outer loop
      vertex 12.6569 15.4626 0.199999
      vertex 12.6998 15.2803 3.2
      vertex 12.6753 15.4662 0.199999
    endloop
  endfacet
  facet normal -0.194715 0.978881 0.0622678
    outer loop
      vertex 12.6998 15.2803 3.2
      vertex 12.6569 15.4626 0.199999
      vertex 12.4047 15.2216 3.2
    endloop
  endfacet
  facet normal 0.978881 0.194715 0.0622678
    outer loop
      vertex 15.2803 13.3002 3.2
      vertex 15.4626 13.3431 0.199999
      vertex 15.2216 13.5953 3.2
    endloop
  endfacet
  facet normal 0.979489 0.191639 0.0622607
    outer loop
      vertex 15.4626 13.3431 0.199999
      vertex 15.2803 13.3002 3.2
      vertex 15.4662 13.3247 0.199999
    endloop
  endfacet
  facet normal 0.895152 0.441391 0.0622592
    outer loop
      vertex 15.1626 14.2269 0.199999
      vertex 15.1249 13.8802 3.2
      vertex 15.2982 13.9519 0.199999
    endloop
  endfacet
  facet normal 0.75029 0.658172 0.0622468
    outer loop
      vertex 14.9735 14.5143 0.199999
      vertex 14.7713 14.7448 0.199999
      vertex 14.8247 14.4002 3.2
    endloop
  endfacet
  facet normal 0.659107 0.749468 0.062259
    outer loop
      vertex 14.7448 14.7713 0.199999
      vertex 14.6263 14.6263 3.2
      vertex 14.7589 14.7589 0.199999
    endloop
  endfacet
  facet normal 0.658283 0.750191 0.0622614
    outer loop
      vertex 14.6263 14.6263 3.2
      vertex 14.7448 14.7713 0.199999
      vertex 14.4002 14.8247 3.2
    endloop
  endfacet
  facet normal 0.320689 0.945136 0.0622618
    outer loop
      vertex 13.9519 15.2982 0.199999
      vertex 13.6616 15.3967 0.199999
      vertex 13.8802 15.1249 3.2
    endloop
  endfacet
  facet normal 0.441391 0.895152 0.0622592
    outer loop
      vertex 13.9519 15.2982 0.199999
      vertex 13.8802 15.1249 3.2
      vertex 14.2269 15.1626 0.199999
    endloop
  endfacet
  facet normal 0.554543 0.829824 0.0622391
    outer loop
      vertex 14.2594 15.1438 0.199999
      vertex 14.15 14.9919 3.2
      vertex 14.4002 14.8247 3.2
    endloop
  endfacet
  facet normal 0.551177 0.832065 0.0622298
    outer loop
      vertex 14.15 14.9919 3.2
      vertex 14.2594 15.1438 0.199999
      vertex 14.2437 15.1542 0.199999
    endloop
  endfacet
  facet normal 0.320785 0.945104 0.0622519
    outer loop
      vertex 13.6616 15.3967 0.199999
      vertex 13.5953 15.2216 3.2
      vertex 13.8802 15.1249 3.2
    endloop
  endfacet
  facet normal 0.318801 0.945776 0.0622472
    outer loop
      vertex 13.5953 15.2216 3.2
      vertex 13.6616 15.3967 0.199999
      vertex 13.6438 15.4027 0.199999
    endloop
  endfacet
  facet normal 0.194985 0.978829 0.0622409
    outer loop
      vertex 13.6438 15.4027 0.199999
      vertex 13.3431 15.4626 0.199999
      vertex 13.5953 15.2216 3.2
    endloop
  endfacet
  facet normal 0.0654392 0.995913 0.0622478
    outer loop
      vertex 13.3247 15.4662 0.199999
      vertex 13.0188 15.4863 0.199999
      vertex 13.3002 15.2803 3.2
    endloop
  endfacet
  facet normal 0.0653551 0.995918 0.0622561
    outer loop
      vertex 13.0188 15.4863 0.199999
      vertex 13 15.3 3.2
      vertex 13.3002 15.2803 3.2
    endloop
  endfacet
  facet normal 0.0635766 0.996033 0.0622521
    outer loop
      vertex 13 15.3 3.2
      vertex 13.0188 15.4863 0.199999
      vertex 13 15.4875 0.199999
    endloop
  endfacet
  facet normal -0.0635766 0.996033 0.0622521
    outer loop
      vertex 12.9812 15.4863 0.199999
      vertex 13 15.3 3.2
      vertex 13 15.4875 0.199999
    endloop
  endfacet
  facet normal -0.0653551 0.995918 0.0622561
    outer loop
      vertex 13 15.3 3.2
      vertex 12.9812 15.4863 0.199999
      vertex 12.6998 15.2803 3.2
    endloop
  endfacet
  facet normal -0.979489 -0.191639 0.0622607
    outer loop
      vertex 10.5374 12.6569 0.199999
      vertex 10.7197 12.6998 3.2
      vertex 10.5338 12.6753 0.199999
    endloop
  endfacet
  facet normal -0.978881 -0.194715 0.0622678
    outer loop
      vertex 10.7197 12.6998 3.2
      vertex 10.5374 12.6569 0.199999
      vertex 10.7784 12.4047 3.2
    endloop
  endfacet
  facet normal -0.75029 -0.658172 0.0622468
    outer loop
      vertex 11.1753 11.5998 3.2
      vertex 11.0265 11.4857 0.199999
      vertex 11.2287 11.2552 0.199999
    endloop
  endfacet
  facet normal -0.829824 -0.554543 0.0622435
    outer loop
      vertex 11.0161 11.5013 0.199999
      vertex 11.1753 11.5998 3.2
      vertex 11.0081 11.85 3.2
    endloop
  endfacet
  facet normal -0.830437 -0.553625 0.0622458
    outer loop
      vertex 11.1753 11.5998 3.2
      vertex 11.0161 11.5013 0.199999
      vertex 11.0265 11.4857 0.199999
    endloop
  endfacet
  facet normal -0.0654392 -0.995913 0.0622446
    outer loop
      vertex 13 10.7 3.2
      vertex 12.6941 10.5326 0.199999
      vertex 13 10.5125 0.199999
    endloop
  endfacet
  facet normal 0.0654392 -0.995913 0.0622446
    outer loop
      vertex 13 10.7 3.2
      vertex 13 10.5125 0.199999
      vertex 13.3059 10.5326 0.199999
    endloop
  endfacet
  facet normal -0.446347 -0.892693 0.0622356
    outer loop
      vertex 11.7731 10.8374 0.199999
      vertex 11.85 11.0081 3.2
      vertex 11.7563 10.8458 0.199999
    endloop
  endfacet
  facet normal -0.441296 -0.8952 0.0622487
    outer loop
      vertex 11.85 11.0081 3.2
      vertex 11.7731 10.8374 0.199999
      vertex 12.1198 10.8751 3.2
    endloop
  endfacet
  facet normal -0.554301 -0.829987 0.062215
    outer loop
      vertex 11.85 11.0081 3.2
      vertex 11.5013 11.0161 0.199999
      vertex 11.7563 10.8458 0.199999
    endloop
  endfacet
  facet normal 0.658283 -0.750191 0.0622614
    outer loop
      vertex 14.7448 11.2287 0.199999
      vertex 14.6263 11.3737 3.2
      vertex 14.4002 11.1753 3.2
    endloop
  endfacet
  facet normal 0.659107 -0.749468 0.062259
    outer loop
      vertex 14.6263 11.3737 3.2
      vertex 14.7448 11.2287 0.199999
      vertex 14.7589 11.2411 0.199999
    endloop
  endfacet
  facet normal 0.554451 -0.829885 0.0622499
    outer loop
      vertex 14.4002 11.1753 3.2
      vertex 14.2594 10.8562 0.199999
      vertex 14.5143 11.0265 0.199999
    endloop
  endfacet
  facet normal 0.191639 -0.979489 0.0622607
    outer loop
      vertex 13.3431 10.5374 0.199999
      vertex 13.3002 10.7197 3.2
      vertex 13.3247 10.5338 0.199999
    endloop
  endfacet
  facet normal 0.194715 -0.978881 0.0622678
    outer loop
      vertex 13.3002 10.7197 3.2
      vertex 13.3431 10.5374 0.199999
      vertex 13.5953 10.7784 3.2
    endloop
  endfacet
  facet normal 0.441391 -0.895152 0.0622592
    outer loop
      vertex 14.2269 10.8374 0.199999
      vertex 13.8802 10.8751 3.2
      vertex 13.9519 10.7018 0.199999
    endloop
  endfacet
  facet normal 0.829824 -0.554543 0.0622435
    outer loop
      vertex 14.8247 11.5998 3.2
      vertex 14.9839 11.5013 0.199999
      vertex 14.9919 11.85 3.2
    endloop
  endfacet
  facet normal 0.830437 -0.553625 0.0622458
    outer loop
      vertex 14.9839 11.5013 0.199999
      vertex 14.8247 11.5998 3.2
      vertex 14.9735 11.4857 0.199999
    endloop
  endfacet
  facet normal 0.829987 -0.554301 0.062215
    outer loop
      vertex 14.9919 11.85 3.2
      vertex 14.9839 11.5013 0.199999
      vertex 15.1542 11.7563 0.199999
    endloop
  endfacet
  facet normal 0.945776 -0.318801 0.0622472
    outer loop
      vertex 15.2216 12.4047 3.2
      vertex 15.3967 12.3384 0.199999
      vertex 15.4027 12.3562 0.199999
    endloop
  endfacet
  facet normal 0.945104 -0.320785 0.0622519
    outer loop
      vertex 15.3967 12.3384 0.199999
      vertex 15.2216 12.4047 3.2
      vertex 15.1249 12.1198 3.2
    endloop
  endfacet
  facet normal -0.995913 0.0654392 0.0622446
    outer loop
      vertex 10.5326 13.3059 0.199999
      vertex 10.5125 13 0.199999
      vertex 10.7 13 3.2
    endloop
  endfacet
  facet normal -0.995913 -0.0654392 0.0622446
    outer loop
      vertex 10.7 13 3.2
      vertex 10.5125 13 0.199999
      vertex 10.5326 12.6941 0.199999
    endloop
  endfacet
  facet normal -0.895152 0.441391 0.0622592
    outer loop
      vertex 10.8374 14.2269 0.199999
      vertex 10.7018 13.9519 0.199999
      vertex 10.8751 13.8802 3.2
    endloop
  endfacet
  facet normal -0.945776 0.318801 0.0622472
    outer loop
      vertex 10.7784 13.5953 3.2
      vertex 10.6033 13.6616 0.199999
      vertex 10.5973 13.6438 0.199999
    endloop
  endfacet
  facet normal -0.945104 0.320785 0.0622519
    outer loop
      vertex 10.6033 13.6616 0.199999
      vertex 10.7784 13.5953 3.2
      vertex 10.8751 13.8802 3.2
    endloop
  endfacet
  facet normal -0.441296 0.8952 0.0622487
    outer loop
      vertex 11.7731 15.1626 0.199999
      vertex 11.85 14.9919 3.2
      vertex 12.1198 15.1249 3.2
    endloop
  endfacet
  facet normal -0.446347 0.892693 0.0622356
    outer loop
      vertex 11.85 14.9919 3.2
      vertex 11.7731 15.1626 0.199999
      vertex 11.7563 15.1542 0.199999
    endloop
  endfacet
  facet normal -0.554301 0.829987 0.062215
    outer loop
      vertex 11.7563 15.1542 0.199999
      vertex 11.5013 14.9839 0.199999
      vertex 11.85 14.9919 3.2
    endloop
  endfacet
  facet normal -0.658172 0.75029 0.0622468
    outer loop
      vertex 11.4857 14.9735 0.199999
      vertex 11.2552 14.7713 0.199999
      vertex 11.5998 14.8247 3.2
    endloop
  endfacet
  facet normal -0.749468 0.659107 0.062259
    outer loop
      vertex 11.2287 14.7448 0.199999
      vertex 11.3737 14.6263 3.2
      vertex 11.2411 14.7589 0.199999
    endloop
  endfacet
  facet normal -0.750191 0.658283 0.0622614
    outer loop
      vertex 11.3737 14.6263 3.2
      vertex 11.2287 14.7448 0.199999
      vertex 11.1753 14.4002 3.2
    endloop
  endfacet
  facet normal -0.318801 0.945776 0.0622472
    outer loop
      vertex 12.3384 15.3967 0.199999
      vertex 12.4047 15.2216 3.2
      vertex 12.3562 15.4027 0.199999
    endloop
  endfacet
  facet normal -0.320785 0.945104 0.0622519
    outer loop
      vertex 12.4047 15.2216 3.2
      vertex 12.3384 15.3967 0.199999
      vertex 12.1198 15.1249 3.2
    endloop
  endfacet
  facet normal -0.194985 0.978829 0.0622409
    outer loop
      vertex 12.6569 15.4626 0.199999
      vertex 12.3562 15.4027 0.199999
      vertex 12.4047 15.2216 3.2
    endloop
  endfacet
  facet normal -0.750191 -0.658283 0.0622614
    outer loop
      vertex 11.2287 11.2552 0.199999
      vertex 11.3737 11.3737 3.2
      vertex 11.1753 11.5998 3.2
    endloop
  endfacet
  facet normal -0.749468 -0.659107 0.062259
    outer loop
      vertex 11.3737 11.3737 3.2
      vertex 11.2287 11.2552 0.199999
      vertex 11.2411 11.2411 0.199999
    endloop
  endfacet
  facet normal -0.829987 -0.554301 0.062215
    outer loop
      vertex 11.0081 11.85 3.2
      vertex 10.8458 11.7563 0.199999
      vertex 11.0161 11.5013 0.199999
    endloop
  endfacet
  facet normal -0.0635767 -0.996034 0.0622401
    outer loop
      vertex 12.6941 10.5326 0.199999
      vertex 12.6998 10.7197 3.2
      vertex 12.6753 10.5338 0.199999
    endloop
  endfacet
  facet normal -0.0653551 -0.995919 0.0622363
    outer loop
      vertex 12.6998 10.7197 3.2
      vertex 12.6941 10.5326 0.199999
      vertex 13 10.7 3.2
    endloop
  endfacet
  facet normal -0.996034 0.0635767 0.0622401
    outer loop
      vertex 10.5326 13.3059 0.199999
      vertex 10.7197 13.3002 3.2
      vertex 10.5338 13.3247 0.199999
    endloop
  endfacet
  facet normal -0.995919 0.0653551 0.0622363
    outer loop
      vertex 10.7197 13.3002 3.2
      vertex 10.5326 13.3059 0.199999
      vertex 10.7 13 3.2
    endloop
  endfacet
  facet normal -0.832065 0.551177 0.0622298
    outer loop
      vertex 11.0081 14.15 3.2
      vertex 10.8562 14.2594 0.199999
      vertex 10.8458 14.2437 0.199999
    endloop
  endfacet
  facet normal -0.829824 0.554543 0.0622391
    outer loop
      vertex 10.8562 14.2594 0.199999
      vertex 11.0081 14.15 3.2
      vertex 11.1753 14.4002 3.2
    endloop
  endfacet
  facet normal -0.892693 0.446347 0.0622356
    outer loop
      vertex 10.8374 14.2269 0.199999
      vertex 11.0081 14.15 3.2
      vertex 10.8458 14.2437 0.199999
    endloop
  endfacet
  facet normal -0.8952 0.441296 0.0622487
    outer loop
      vertex 11.0081 14.15 3.2
      vertex 10.8374 14.2269 0.199999
      vertex 10.8751 13.8802 3.2
    endloop
  endfacet
  facet normal -0.945136 0.320689 0.0622618
    outer loop
      vertex 10.7018 13.9519 0.199999
      vertex 10.6033 13.6616 0.199999
      vertex 10.8751 13.8802 3.2
    endloop
  endfacet
  facet normal -0.0565955 -0.862559 0.502781
    outer loop
      vertex 223.474 2.02139 0.199999
      vertex 222.3 0 -3.4
      vertex 223.8 2 0.199999
    endloop
  endfacet
  facet normal -0.735503 0.363614 0.571681
    outer loop
      vertex 221.635 18.75 0.199999
      vertex 219.702 20.5 -3.4
      vertex 221.49 18.4567 0.199999
    endloop
  endfacet
  facet normal 0.997803 0.0662484 0
    outer loop
      vertex 241.3 19 -3.4
      vertex 241.274 19.3916 -5.8
      vertex 241.274 19.3916 -3.4
    endloop
  endfacet
  facet normal 0.997803 0.0662484 0
    outer loop
      vertex 241.274 19.3916 -5.8
      vertex 241.3 19 -3.4
      vertex 241.3 19 -5.8
    endloop
  endfacet
  facet normal -0.267266 0.78782 0.554895
    outer loop
      vertex 221.524 21.8978 -3.4
      vertex 221.152 21.7716 -3.4
      vertex 223.153 19.9148 0.199999
    endloop
  endfacet
  facet normal -0.997803 -0.0662518 0
    outer loop
      vertex 219.326 2.60842 -5.8
      vertex 219.3 3 -3.4
      vertex 219.3 3 -5.8
    endloop
  endfacet
  facet normal -0.997803 -0.0662518 0
    outer loop
      vertex 219.3 3 -3.4
      vertex 219.326 2.60842 -5.8
      vertex 219.326 2.60842 -3.4
    endloop
  endfacet
  facet normal -0.751516 -0.659714 0
    outer loop
      vertex 220.179 0.878679 -5.8
      vertex 219.92 1.17372 -3.4
      vertex 219.92 1.17372 -5.8
    endloop
  endfacet
  facet normal -0.751516 -0.659714 0
    outer loop
      vertex 219.92 1.17372 -3.4
      vertex 220.179 0.878679 -5.8
      vertex 220.179 0.878679 -3.4
    endloop
  endfacet
  facet normal 0.195379 0.980728 -0
    outer loop
      vertex 239.076 21.8978 -5.8
      vertex 238.692 21.9743 -3.4
      vertex 239.076 21.8978 -3.4
    endloop
  endfacet
  facet normal 0.195379 0.980728 0
    outer loop
      vertex 238.692 21.9743 -3.4
      vertex 239.076 21.8978 -5.8
      vertex 238.692 21.9743 -5.8
    endloop
  endfacet
  facet normal -0.0566216 0.862553 0.502789
    outer loop
      vertex 223.8 20 0.199999
      vertex 222.3 22 -3.4
      vertex 223.474 19.9786 0.199999
    endloop
  endfacet
  facet normal -0.533545 0.608175 0.587753
    outer loop
      vertex 220.474 21.3801 -3.4
      vertex 220.179 21.1213 -3.4
      vertex 222.032 19.2678 0.199999
    endloop
  endfacet
  facet normal 0.0565509 0.862567 0.502773
    outer loop
      vertex 238.3 22 -3.4
      vertex 237.126 19.9786 0.199999
      vertex 238.692 21.9743 -3.4
    endloop
  endfacet
  facet normal 0.0653328 -0.997864 0
    outer loop
      vertex 238.3 0 -5.8
      vertex 238.692 0.0256653 -3.4
      vertex 238.3 0 -3.4
    endloop
  endfacet
  facet normal 0.0653328 -0.997864 0
    outer loop
      vertex 238.692 0.0256653 -3.4
      vertex 238.3 0 -5.8
      vertex 238.692 0.0256653 -5.8
    endloop
  endfacet
  facet normal 0 -0.874157 0.485643
    outer loop
      vertex 222.3 0 -3.4
      vertex 236.8 2 0.199999
      vertex 223.8 2 0.199999
    endloop
  endfacet
  facet normal 0 -0.874157 0.485643
    outer loop
      vertex 236.8 2 0.199999
      vertex 222.3 0 -3.4
      vertex 238.3 0 -3.4
    endloop
  endfacet
  facet normal 0 0.874157 0.485643
    outer loop
      vertex 238.3 22 -3.4
      vertex 223.8 20 0.199999
      vertex 236.8 20 0.199999
    endloop
  endfacet
  facet normal 0 0.874157 0.485643
    outer loop
      vertex 223.8 20 0.199999
      vertex 238.3 22 -3.4
      vertex 222.3 22 -3.4
    endloop
  endfacet
  facet normal -0.0654208 0.997858 0
    outer loop
      vertex 222.3 22 -5.8
      vertex 221.908 21.9743 -3.4
      vertex 222.3 22 -3.4
    endloop
  endfacet
  facet normal -0.0654208 0.997858 0
    outer loop
      vertex 221.908 21.9743 -3.4
      vertex 222.3 22 -5.8
      vertex 221.908 21.9743 -5.8
    endloop
  endfacet
  facet normal -0.751471 0.659766 0
    outer loop
      vertex 219.92 20.8263 -5.8
      vertex 220.179 21.1213 -3.4
      vertex 220.179 21.1213 -5.8
    endloop
  endfacet
  facet normal -0.751471 0.659766 0
    outer loop
      vertex 220.179 21.1213 -3.4
      vertex 219.92 20.8263 -5.8
      vertex 219.92 20.8263 -3.4
    endloop
  endfacet
  facet normal 0.0566216 0.862553 0.502789
    outer loop
      vertex 238.3 22 -3.4
      vertex 236.8 20 0.199999
      vertex 237.126 19.9786 0.199999
    endloop
  endfacet
  facet normal 0.533239 0.608427 0.587769
    outer loop
      vertex 240.126 21.3801 -3.4
      vertex 238.322 19.4834 0.199999
      vertex 238.568 19.2678 0.199999
    endloop
  endfacet
  facet normal 0.874157 -0 0.485643
    outer loop
      vertex 239.3 4.5 0.199999
      vertex 241.3 19 -3.4
      vertex 239.3 17.5 0.199999
    endloop
  endfacet
  facet normal 0.874157 0 0.485643
    outer loop
      vertex 241.3 19 -3.4
      vertex 239.3 4.5 0.199999
      vertex 241.3 3 -3.4
    endloop
  endfacet
  facet normal 0.896455 0.443134 0
    outer loop
      vertex 241.072 20.148 -3.4
      vertex 240.898 20.5 -5.8
      vertex 240.898 20.5 -3.4
    endloop
  endfacet
  facet normal 0.896455 0.443134 0
    outer loop
      vertex 240.898 20.5 -5.8
      vertex 241.072 20.148 -3.4
      vertex 241.072 20.148 -5.8
    endloop
  endfacet
  facet normal -0.862473 0.0572633 0.502853
    outer loop
      vertex 219.326 19.3916 -3.4
      vertex 219.3 19 -3.4
      vertex 221.321 17.8263 0.199999
    endloop
  endfacet
  facet normal -1 0 0
    outer loop
      vertex 219.3 3 -5.8
      vertex 219.3 19 -3.4
      vertex 219.3 19 -5.8
    endloop
  endfacet
  facet normal -1 -0 0
    outer loop
      vertex 219.3 19 -3.4
      vertex 219.3 3 -5.8
      vertex 219.3 3 -3.4
    endloop
  endfacet
  facet normal 0 0 -1
    outer loop
      vertex 241.3 3 -5.8
      vertex 238.232 9.95579 -5.8
      vertex 238.3 11 -5.8
    endloop
  endfacet
  facet normal 0 0 -1
    outer loop
      vertex 241.3 3 -5.8
      vertex 238.027 8.92945 -5.8
      vertex 238.232 9.95579 -5.8
    endloop
  endfacet
  facet normal 0 0 -1
    outer loop
      vertex 241.3 3 -5.8
      vertex 237.691 7.93853 -5.8
      vertex 238.027 8.92945 -5.8
    endloop
  endfacet
  facet normal 0 0 -1
    outer loop
      vertex 241.3 3 -5.8
      vertex 237.228 7 -5.8
      vertex 237.691 7.93853 -5.8
    endloop
  endfacet
  facet normal 0 0 -1
    outer loop
      vertex 241.3 3 -5.8
      vertex 236.647 6.12991 -5.8
      vertex 237.228 7 -5.8
    endloop
  endfacet
  facet normal 0 0 -1
    outer loop
      vertex 241.3 3 -5.8
      vertex 235.957 5.34315 -5.8
      vertex 236.647 6.12991 -5.8
    endloop
  endfacet
  facet normal 0 0 -1
    outer loop
      vertex 238.3 0 -5.8
      vertex 235.17 4.65317 -5.8
      vertex 235.957 5.34315 -5.8
    endloop
  endfacet
  facet normal 0 0 -1
    outer loop
      vertex 238.3 0 -5.8
      vertex 234.3 4.0718 -5.8
      vertex 235.17 4.65317 -5.8
    endloop
  endfacet
  facet normal 0 0 -1
    outer loop
      vertex 238.3 0 -5.8
      vertex 233.361 3.60896 -5.8
      vertex 234.3 4.0718 -5.8
    endloop
  endfacet
  facet normal 0 0 -1
    outer loop
      vertex 238.3 0 -5.8
      vertex 232.371 3.27259 -5.8
      vertex 233.361 3.60896 -5.8
    endloop
  endfacet
  facet normal 0 0 -1
    outer loop
      vertex 238.3 0 -5.8
      vertex 231.344 3.06844 -5.8
      vertex 232.371 3.27259 -5.8
    endloop
  endfacet
  facet normal 0 0 -1
    outer loop
      vertex 238.3 0 -5.8
      vertex 230.3 3 -5.8
      vertex 231.344 3.06844 -5.8
    endloop
  endfacet
  facet normal 0 0 -1
    outer loop
      vertex 222.3 0 -5.8
      vertex 230.3 3 -5.8
      vertex 238.3 0 -5.8
    endloop
  endfacet
  facet normal -0 0 -1
    outer loop
      vertex 230.3 3 -5.8
      vertex 222.3 0 -5.8
      vertex 229.256 3.06844 -5.8
    endloop
  endfacet
  facet normal -0 0 -1
    outer loop
      vertex 229.256 3.06844 -5.8
      vertex 222.3 0 -5.8
      vertex 228.229 3.27259 -5.8
    endloop
  endfacet
  facet normal 0 0 -1
    outer loop
      vertex 222.3 0 -5.8
      vertex 227.239 3.60896 -5.8
      vertex 228.229 3.27259 -5.8
    endloop
  endfacet
  facet normal 0 0 -1
    outer loop
      vertex 222.3 0 -5.8
      vertex 226.3 4.0718 -5.8
      vertex 227.239 3.60896 -5.8
    endloop
  endfacet
  facet normal 0 0 -1
    outer loop
      vertex 222.3 0 -5.8
      vertex 225.43 4.65317 -5.8
      vertex 226.3 4.0718 -5.8
    endloop
  endfacet
  facet normal 0 0 -1
    outer loop
      vertex 222.3 0 -5.8
      vertex 224.643 5.34315 -5.8
      vertex 225.43 4.65317 -5.8
    endloop
  endfacet
  facet normal 0 0 -1
    outer loop
      vertex 219.3 3 -5.8
      vertex 224.643 5.34315 -5.8
      vertex 222.3 0 -5.8
    endloop
  endfacet
  facet normal -0 0 -1
    outer loop
      vertex 224.643 5.34315 -5.8
      vertex 219.3 3 -5.8
      vertex 223.953 6.12991 -5.8
    endloop
  endfacet
  facet normal -0 0 -1
    outer loop
      vertex 223.953 6.12991 -5.8
      vertex 219.3 3 -5.8
      vertex 223.372 7 -5.8
    endloop
  endfacet
  facet normal -0 0 -1
    outer loop
      vertex 223.372 7 -5.8
      vertex 219.3 3 -5.8
      vertex 222.909 7.93853 -5.8
    endloop
  endfacet
  facet normal -0 0 -1
    outer loop
      vertex 222.909 7.93853 -5.8
      vertex 219.3 3 -5.8
      vertex 222.573 8.92945 -5.8
    endloop
  endfacet
  facet normal -0 0 -1
    outer loop
      vertex 222.573 8.92945 -5.8
      vertex 219.3 3 -5.8
      vertex 222.368 9.95579 -5.8
    endloop
  endfacet
  facet normal -0 0 -1
    outer loop
      vertex 222.368 9.95579 -5.8
      vertex 219.3 3 -5.8
      vertex 222.3 11 -5.8
    endloop
  endfacet
  facet normal 0 0 -1
    outer loop
      vertex 219.3 3 -5.8
      vertex 222.3 0 -5.8
      vertex 221.908 0.0256653 -5.8
    endloop
  endfacet
  facet normal 0 0 -1
    outer loop
      vertex 219.3 19 -5.8
      vertex 222.3 11 -5.8
      vertex 219.3 3 -5.8
    endloop
  endfacet
  facet normal 0 0 -1
    outer loop
      vertex 219.3 3 -5.8
      vertex 221.908 0.0256653 -5.8
      vertex 221.524 0.102222 -5.8
    endloop
  endfacet
  facet normal 0 0 -1
    outer loop
      vertex 222.3 11 -5.8
      vertex 219.3 19 -5.8
      vertex 222.3 22 -5.8
    endloop
  endfacet
  facet normal 0 0 -1
    outer loop
      vertex 219.3 3 -5.8
      vertex 221.524 0.102222 -5.8
      vertex 221.152 0.228361 -5.8
    endloop
  endfacet
  facet normal 0 0 -1
    outer loop
      vertex 222.3 22 -5.8
      vertex 219.3 19 -5.8
      vertex 221.908 21.9743 -5.8
    endloop
  endfacet
  facet normal 0 0 -1
    outer loop
      vertex 219.3 3 -5.8
      vertex 221.152 0.228361 -5.8
      vertex 220.8 0.401923 -5.8
    endloop
  endfacet
  facet normal 0 0 -1
    outer loop
      vertex 221.908 21.9743 -5.8
      vertex 219.3 19 -5.8
      vertex 221.524 21.8978 -5.8
    endloop
  endfacet
  facet normal 0 0 -1
    outer loop
      vertex 219.3 3 -5.8
      vertex 220.8 0.401923 -5.8
      vertex 220.474 0.61994 -5.8
    endloop
  endfacet
  facet normal 0 0 -1
    outer loop
      vertex 221.524 21.8978 -5.8
      vertex 219.3 19 -5.8
      vertex 221.152 21.7716 -5.8
    endloop
  endfacet
  facet normal 0 0 -1
    outer loop
      vertex 219.3 3 -5.8
      vertex 220.474 0.61994 -5.8
      vertex 220.179 0.878679 -5.8
    endloop
  endfacet
  facet normal 0 0 -1
    outer loop
      vertex 221.152 21.7716 -5.8
      vertex 219.3 19 -5.8
      vertex 220.8 21.5981 -5.8
    endloop
  endfacet
  facet normal 0 0 -1
    outer loop
      vertex 219.3 3 -5.8
      vertex 220.179 0.878679 -5.8
      vertex 219.92 1.17372 -5.8
    endloop
  endfacet
  facet normal 0 0 -1
    outer loop
      vertex 220.8 21.5981 -5.8
      vertex 219.3 19 -5.8
      vertex 220.474 21.3801 -5.8
    endloop
  endfacet
  facet normal 0 0 -1
    outer loop
      vertex 219.3 3 -5.8
      vertex 219.92 1.17372 -5.8
      vertex 219.702 1.5 -5.8
    endloop
  endfacet
  facet normal 0 0 -1
    outer loop
      vertex 220.474 21.3801 -5.8
      vertex 219.3 19 -5.8
      vertex 220.179 21.1213 -5.8
    endloop
  endfacet
  facet normal 0 0 -1
    outer loop
      vertex 219.3 3 -5.8
      vertex 219.702 1.5 -5.8
      vertex 219.528 1.85195 -5.8
    endloop
  endfacet
  facet normal 0 0 -1
    outer loop
      vertex 220.179 21.1213 -5.8
      vertex 219.3 19 -5.8
      vertex 219.92 20.8263 -5.8
    endloop
  endfacet
  facet normal 0 0 -1
    outer loop
      vertex 219.3 3 -5.8
      vertex 219.528 1.85195 -5.8
      vertex 219.402 2.22354 -5.8
    endloop
  endfacet
  facet normal 0 0 -1
    outer loop
      vertex 219.92 20.8263 -5.8
      vertex 219.3 19 -5.8
      vertex 219.702 20.5 -5.8
    endloop
  endfacet
  facet normal 0 0 -1
    outer loop
      vertex 219.3 3 -5.8
      vertex 219.402 2.22354 -5.8
      vertex 219.326 2.60842 -5.8
    endloop
  endfacet
  facet normal 0 0 -1
    outer loop
      vertex 219.702 20.5 -5.8
      vertex 219.3 19 -5.8
      vertex 219.528 20.148 -5.8
    endloop
  endfacet
  facet normal 0 0 -1
    outer loop
      vertex 219.528 20.148 -5.8
      vertex 219.3 19 -5.8
      vertex 219.402 19.7765 -5.8
    endloop
  endfacet
  facet normal 0 0 -1
    outer loop
      vertex 219.402 19.7765 -5.8
      vertex 219.3 19 -5.8
      vertex 219.326 19.3916 -5.8
    endloop
  endfacet
  facet normal 0 0 -1
    outer loop
      vertex 238.3 0 -5.8
      vertex 241.3 3 -5.8
      vertex 241.274 2.60842 -5.8
    endloop
  endfacet
  facet normal 0 0 -1
    outer loop
      vertex 241.3 3 -5.8
      vertex 238.3 11 -5.8
      vertex 241.3 19 -5.8
    endloop
  endfacet
  facet normal 0 0 -1
    outer loop
      vertex 238.3 0 -5.8
      vertex 241.274 2.60842 -5.8
      vertex 241.198 2.22354 -5.8
    endloop
  endfacet
  facet normal 0 0 -1
    outer loop
      vertex 238.232 12.0442 -5.8
      vertex 241.3 19 -5.8
      vertex 238.3 11 -5.8
    endloop
  endfacet
  facet normal 0 0 -1
    outer loop
      vertex 238.3 0 -5.8
      vertex 241.198 2.22354 -5.8
      vertex 241.072 1.85195 -5.8
    endloop
  endfacet
  facet normal 0 0 -1
    outer loop
      vertex 238.027 13.0706 -5.8
      vertex 241.3 19 -5.8
      vertex 238.232 12.0442 -5.8
    endloop
  endfacet
  facet normal 0 0 -1
    outer loop
      vertex 238.3 0 -5.8
      vertex 241.072 1.85195 -5.8
      vertex 240.898 1.5 -5.8
    endloop
  endfacet
  facet normal 0 0 -1
    outer loop
      vertex 237.691 14.0615 -5.8
      vertex 241.3 19 -5.8
      vertex 238.027 13.0706 -5.8
    endloop
  endfacet
  facet normal 0 0 -1
    outer loop
      vertex 238.3 0 -5.8
      vertex 240.898 1.5 -5.8
      vertex 240.68 1.17372 -5.8
    endloop
  endfacet
  facet normal 0 0 -1
    outer loop
      vertex 237.228 15 -5.8
      vertex 241.3 19 -5.8
      vertex 237.691 14.0615 -5.8
    endloop
  endfacet
  facet normal 0 0 -1
    outer loop
      vertex 238.3 0 -5.8
      vertex 240.68 1.17372 -5.8
      vertex 240.421 0.878679 -5.8
    endloop
  endfacet
  facet normal 0 0 -1
    outer loop
      vertex 236.647 15.8701 -5.8
      vertex 241.3 19 -5.8
      vertex 237.228 15 -5.8
    endloop
  endfacet
  facet normal 0 0 -1
    outer loop
      vertex 238.3 0 -5.8
      vertex 240.421 0.878679 -5.8
      vertex 240.126 0.61994 -5.8
    endloop
  endfacet
  facet normal 0 0 -1
    outer loop
      vertex 235.957 16.6569 -5.8
      vertex 241.3 19 -5.8
      vertex 236.647 15.8701 -5.8
    endloop
  endfacet
  facet normal 0 0 -1
    outer loop
      vertex 238.3 0 -5.8
      vertex 240.126 0.61994 -5.8
      vertex 239.8 0.401923 -5.8
    endloop
  endfacet
  facet normal -0 0 -1
    outer loop
      vertex 241.3 19 -5.8
      vertex 235.957 16.6569 -5.8
      vertex 241.274 19.3916 -5.8
    endloop
  endfacet
  facet normal 0 0 -1
    outer loop
      vertex 238.3 0 -5.8
      vertex 239.8 0.401923 -5.8
      vertex 239.448 0.228361 -5.8
    endloop
  endfacet
  facet normal -0 0 -1
    outer loop
      vertex 241.274 19.3916 -5.8
      vertex 235.957 16.6569 -5.8
      vertex 241.198 19.7765 -5.8
    endloop
  endfacet
  facet normal 0 0 -1
    outer loop
      vertex 238.3 0 -5.8
      vertex 239.448 0.228361 -5.8
      vertex 239.076 0.102222 -5.8
    endloop
  endfacet
  facet normal -0 0 -1
    outer loop
      vertex 241.198 19.7765 -5.8
      vertex 235.957 16.6569 -5.8
      vertex 241.072 20.148 -5.8
    endloop
  endfacet
  facet normal 0 0 -1
    outer loop
      vertex 238.3 0 -5.8
      vertex 239.076 0.102222 -5.8
      vertex 238.692 0.0256653 -5.8
    endloop
  endfacet
  facet normal -0 0 -1
    outer loop
      vertex 241.072 20.148 -5.8
      vertex 235.957 16.6569 -5.8
      vertex 240.898 20.5 -5.8
    endloop
  endfacet
  facet normal 0 0 -1
    outer loop
      vertex 235.957 5.34315 -5.8
      vertex 241.3 3 -5.8
      vertex 238.3 0 -5.8
    endloop
  endfacet
  facet normal -0 0 -1
    outer loop
      vertex 240.898 20.5 -5.8
      vertex 235.957 16.6569 -5.8
      vertex 240.68 20.8263 -5.8
    endloop
  endfacet
  facet normal -0 0 -1
    outer loop
      vertex 240.68 20.8263 -5.8
      vertex 235.957 16.6569 -5.8
      vertex 240.421 21.1213 -5.8
    endloop
  endfacet
  facet normal -0 0 -1
    outer loop
      vertex 240.421 21.1213 -5.8
      vertex 235.957 16.6569 -5.8
      vertex 240.126 21.3801 -5.8
    endloop
  endfacet
  facet normal -0 0 -1
    outer loop
      vertex 240.126 21.3801 -5.8
      vertex 235.957 16.6569 -5.8
      vertex 239.8 21.5981 -5.8
    endloop
  endfacet
  facet normal -0 0 -1
    outer loop
      vertex 239.8 21.5981 -5.8
      vertex 235.957 16.6569 -5.8
      vertex 239.448 21.7716 -5.8
    endloop
  endfacet
  facet normal -0 0 -1
    outer loop
      vertex 239.448 21.7716 -5.8
      vertex 235.957 16.6569 -5.8
      vertex 239.076 21.8978 -5.8
    endloop
  endfacet
  facet normal -0 0 -1
    outer loop
      vertex 239.076 21.8978 -5.8
      vertex 235.957 16.6569 -5.8
      vertex 238.692 21.9743 -5.8
    endloop
  endfacet
  facet normal -0 0 -1
    outer loop
      vertex 238.692 21.9743 -5.8
      vertex 235.957 16.6569 -5.8
      vertex 238.3 22 -5.8
    endloop
  endfacet
  facet normal 0 0 -1
    outer loop
      vertex 235.17 17.3468 -5.8
      vertex 238.3 22 -5.8
      vertex 235.957 16.6569 -5.8
    endloop
  endfacet
  facet normal 0 0 -1
    outer loop
      vertex 234.3 17.9282 -5.8
      vertex 238.3 22 -5.8
      vertex 235.17 17.3468 -5.8
    endloop
  endfacet
  facet normal 0 0 -1
    outer loop
      vertex 233.361 18.391 -5.8
      vertex 238.3 22 -5.8
      vertex 234.3 17.9282 -5.8
    endloop
  endfacet
  facet normal 0 0 -1
    outer loop
      vertex 232.371 18.7274 -5.8
      vertex 238.3 22 -5.8
      vertex 233.361 18.391 -5.8
    endloop
  endfacet
  facet normal 0 0 -1
    outer loop
      vertex 231.344 18.9316 -5.8
      vertex 238.3 22 -5.8
      vertex 232.371 18.7274 -5.8
    endloop
  endfacet
  facet normal 0 0 -1
    outer loop
      vertex 230.3 19 -5.8
      vertex 238.3 22 -5.8
      vertex 231.344 18.9316 -5.8
    endloop
  endfacet
  facet normal 0 0 -1
    outer loop
      vertex 222.3 22 -5.8
      vertex 230.3 19 -5.8
      vertex 229.256 18.9316 -5.8
    endloop
  endfacet
  facet normal 0 0 -1
    outer loop
      vertex 222.3 22 -5.8
      vertex 229.256 18.9316 -5.8
      vertex 228.229 18.7274 -5.8
    endloop
  endfacet
  facet normal 0 0 -1
    outer loop
      vertex 230.3 19 -5.8
      vertex 222.3 22 -5.8
      vertex 238.3 22 -5.8
    endloop
  endfacet
  facet normal 0 0 -1
    outer loop
      vertex 227.239 18.391 -5.8
      vertex 222.3 22 -5.8
      vertex 228.229 18.7274 -5.8
    endloop
  endfacet
  facet normal 0 0 -1
    outer loop
      vertex 226.3 17.9282 -5.8
      vertex 222.3 22 -5.8
      vertex 227.239 18.391 -5.8
    endloop
  endfacet
  facet normal 0 0 -1
    outer loop
      vertex 225.43 17.3468 -5.8
      vertex 222.3 22 -5.8
      vertex 226.3 17.9282 -5.8
    endloop
  endfacet
  facet normal 0 0 -1
    outer loop
      vertex 224.643 16.6569 -5.8
      vertex 222.3 22 -5.8
      vertex 225.43 17.3468 -5.8
    endloop
  endfacet
  facet normal 0 0 -1
    outer loop
      vertex 223.953 15.8701 -5.8
      vertex 222.3 22 -5.8
      vertex 224.643 16.6569 -5.8
    endloop
  endfacet
  facet normal 0 0 -1
    outer loop
      vertex 223.372 15 -5.8
      vertex 222.3 22 -5.8
      vertex 223.953 15.8701 -5.8
    endloop
  endfacet
  facet normal 0 0 -1
    outer loop
      vertex 222.909 14.0615 -5.8
      vertex 222.3 22 -5.8
      vertex 223.372 15 -5.8
    endloop
  endfacet
  facet normal 0 0 -1
    outer loop
      vertex 222.573 13.0706 -5.8
      vertex 222.3 22 -5.8
      vertex 222.909 14.0615 -5.8
    endloop
  endfacet
  facet normal 0 0 -1
    outer loop
      vertex 222.368 12.0442 -5.8
      vertex 222.3 22 -5.8
      vertex 222.573 13.0706 -5.8
    endloop
  endfacet
  facet normal 0 0 -1
    outer loop
      vertex 222.3 22 -5.8
      vertex 222.368 12.0442 -5.8
      vertex 222.3 11 -5.8
    endloop
  endfacet
  facet normal 0.78786 -0.267149 0.554895
    outer loop
      vertex 239.215 3.85295 0.199999
      vertex 239.11 3.54329 0.199999
      vertex 241.072 1.85195 -3.4
    endloop
  endfacet
  facet normal 0.751516 -0.659714 0
    outer loop
      vertex 240.421 0.878679 -3.4
      vertex 240.68 1.17372 -5.8
      vertex 240.68 1.17372 -3.4
    endloop
  endfacet
  facet normal 0.751516 -0.659714 0
    outer loop
      vertex 240.68 1.17372 -5.8
      vertex 240.421 0.878679 -3.4
      vertex 240.421 0.878679 -5.8
    endloop
  endfacet
  facet normal -0.195379 0.980728 0
    outer loop
      vertex 221.908 21.9743 -5.8
      vertex 221.524 21.8978 -3.4
      vertex 221.908 21.9743 -3.4
    endloop
  endfacet
  facet normal -0.195379 0.980728 0
    outer loop
      vertex 221.524 21.8978 -3.4
      vertex 221.908 21.9743 -5.8
      vertex 221.524 21.8978 -5.8
    endloop
  endfacet
  facet normal -0.0565509 0.862567 0.502773
    outer loop
      vertex 222.3 22 -3.4
      vertex 221.908 21.9743 -3.4
      vertex 223.474 19.9786 0.199999
    endloop
  endfacet
  facet normal 0.0654208 0.997858 -0
    outer loop
      vertex 238.692 21.9743 -5.8
      vertex 238.3 22 -3.4
      vertex 238.692 21.9743 -3.4
    endloop
  endfacet
  facet normal 0.0654208 0.997858 0
    outer loop
      vertex 238.3 22 -3.4
      vertex 238.692 21.9743 -5.8
      vertex 238.3 22 -5.8
    endloop
  endfacet
  facet normal -0.830852 0.164055 0.531762
    outer loop
      vertex 219.402 19.7765 -3.4
      vertex 219.326 19.3916 -3.4
      vertex 221.321 17.8263 0.199999
    endloop
  endfacet
  facet normal -0.451858 0.675714 0.582439
    outer loop
      vertex 220.8 21.5981 -3.4
      vertex 220.474 21.3801 -3.4
      vertex 222.278 19.4834 0.199999
    endloop
  endfacet
  facet normal 0.451534 0.675934 0.582435
    outer loop
      vertex 239.8 21.5981 -3.4
      vertex 238.05 19.6651 0.199999
      vertex 238.322 19.4834 0.199999
    endloop
  endfacet
  facet normal 0.659478 0.751724 -0
    outer loop
      vertex 240.421 21.1213 -5.8
      vertex 240.126 21.3801 -3.4
      vertex 240.421 21.1213 -3.4
    endloop
  endfacet
  facet normal 0.659478 0.751724 0
    outer loop
      vertex 240.126 21.3801 -3.4
      vertex 240.421 21.1213 -5.8
      vertex 240.126 21.3801 -5.8
    endloop
  endfacet
  facet normal 0.362788 0.736031 0.571526
    outer loop
      vertex 239.448 21.7716 -3.4
      vertex 237.757 19.8097 0.199999
      vertex 239.8 21.5981 -3.4
    endloop
  endfacet
  facet normal 0.862473 0.0572633 0.502853
    outer loop
      vertex 241.274 19.3916 -3.4
      vertex 239.279 17.8263 0.199999
      vertex 241.3 19 -3.4
    endloop
  endfacet
  facet normal 0.830852 0.164055 0.531762
    outer loop
      vertex 241.198 19.7765 -3.4
      vertex 239.279 17.8263 0.199999
      vertex 241.274 19.3916 -3.4
    endloop
  endfacet
  facet normal 0.787876 0.26712 0.554887
    outer loop
      vertex 241.072 20.148 -3.4
      vertex 239.11 18.4567 0.199999
      vertex 239.215 18.147 0.199999
    endloop
  endfacet
  facet normal 0.831501 0.555523 0
    outer loop
      vertex 240.898 20.5 -3.4
      vertex 240.68 20.8263 -5.8
      vertex 240.68 20.8263 -3.4
    endloop
  endfacet
  facet normal 0.831501 0.555523 0
    outer loop
      vertex 240.68 20.8263 -5.8
      vertex 240.898 20.5 -3.4
      vertex 240.898 20.5 -5.8
    endloop
  endfacet
  facet normal -0.862807 0.0555285 0.502474
    outer loop
      vertex 221.321 17.8263 0.199999
      vertex 219.3 19 -3.4
      vertex 221.3 17.5 0.199999
    endloop
  endfacet
  facet normal -0.874157 0 0.485643
    outer loop
      vertex 219.3 19 -3.4
      vertex 221.3 4.5 0.199999
      vertex 221.3 17.5 0.199999
    endloop
  endfacet
  facet normal -0.874157 0 0.485643
    outer loop
      vertex 221.3 4.5 0.199999
      vertex 219.3 19 -3.4
      vertex 219.3 3 -3.4
    endloop
  endfacet
  facet normal 0 -1 0
    outer loop
      vertex 222.3 0 -5.8
      vertex 238.3 0 -3.4
      vertex 222.3 0 -3.4
    endloop
  endfacet
  facet normal 0 -1 -0
    outer loop
      vertex 238.3 0 -3.4
      vertex 222.3 0 -5.8
      vertex 238.3 0 -5.8
    endloop
  endfacet
  facet normal 0.862473 -0.0572662 0.502853
    outer loop
      vertex 241.3 3 -3.4
      vertex 239.279 4.17368 0.199999
      vertex 241.274 2.60842 -3.4
    endloop
  endfacet
  facet normal 0.608004 -0.533733 0.587759
    outer loop
      vertex 240.68 1.17372 -3.4
      vertex 238.568 2.73223 0.199999
      vertex 240.421 0.878679 -3.4
    endloop
  endfacet
  facet normal 0.321124 -0.947037 0
    outer loop
      vertex 239.076 0.102222 -5.8
      vertex 239.448 0.228361 -3.4
      vertex 239.076 0.102222 -3.4
    endloop
  endfacet
  facet normal 0.321124 -0.947037 0
    outer loop
      vertex 239.448 0.228361 -3.4
      vertex 239.076 0.102222 -5.8
      vertex 239.448 0.228361 -5.8
    endloop
  endfacet
  facet normal 0.997803 -0.0662518 0
    outer loop
      vertex 241.274 2.60842 -3.4
      vertex 241.3 3 -5.8
      vertex 241.3 3 -3.4
    endloop
  endfacet
  facet normal 0.997803 -0.0662518 0
    outer loop
      vertex 241.3 3 -5.8
      vertex 241.274 2.60842 -3.4
      vertex 241.274 2.60842 -5.8
    endloop
  endfacet
  facet normal -0.362788 0.736031 0.571526
    outer loop
      vertex 221.152 21.7716 -3.4
      vertex 220.8 21.5981 -3.4
      vertex 222.843 19.8097 0.199999
    endloop
  endfacet
  facet normal -0.165051 0.830429 0.532114
    outer loop
      vertex 223.474 19.9786 0.199999
      vertex 221.524 21.8978 -3.4
      vertex 223.153 19.9148 0.199999
    endloop
  endfacet
  facet normal 0 1 -0
    outer loop
      vertex 238.3 22 -5.8
      vertex 222.3 22 -3.4
      vertex 238.3 22 -3.4
    endloop
  endfacet
  facet normal 0 1 0
    outer loop
      vertex 222.3 22 -3.4
      vertex 238.3 22 -5.8
      vertex 222.3 22 -5.8
    endloop
  endfacet
  facet normal -0.321264 0.94699 0
    outer loop
      vertex 221.524 21.8978 -5.8
      vertex 221.152 21.7716 -3.4
      vertex 221.524 21.8978 -3.4
    endloop
  endfacet
  facet normal -0.321264 0.94699 0
    outer loop
      vertex 221.152 21.7716 -3.4
      vertex 221.524 21.8978 -5.8
      vertex 221.152 21.7716 -5.8
    endloop
  endfacet
  facet normal -0.44211 0.896961 0
    outer loop
      vertex 221.152 21.7716 -5.8
      vertex 220.8 21.5981 -3.4
      vertex 221.152 21.7716 -3.4
    endloop
  endfacet
  facet normal -0.44211 0.896961 0
    outer loop
      vertex 220.8 21.5981 -3.4
      vertex 221.152 21.7716 -5.8
      vertex 220.8 21.5981 -5.8
    endloop
  endfacet
  facet normal -0.981058 0.193714 0
    outer loop
      vertex 219.326 19.3916 -5.8
      vertex 219.402 19.7765 -3.4
      vertex 219.402 19.7765 -5.8
    endloop
  endfacet
  facet normal -0.981058 0.193714 0
    outer loop
      vertex 219.402 19.7765 -3.4
      vertex 219.326 19.3916 -5.8
      vertex 219.326 19.3916 -3.4
    endloop
  endfacet
  facet normal -0.947013 0.321194 0
    outer loop
      vertex 219.402 19.7765 -5.8
      vertex 219.528 20.148 -3.4
      vertex 219.528 20.148 -5.8
    endloop
  endfacet
  facet normal -0.947013 0.321194 0
    outer loop
      vertex 219.528 20.148 -3.4
      vertex 219.402 19.7765 -5.8
      vertex 219.402 19.7765 -3.4
    endloop
  endfacet
  facet normal -0.659478 0.751724 0
    outer loop
      vertex 220.474 21.3801 -5.8
      vertex 220.179 21.1213 -3.4
      vertex 220.474 21.3801 -3.4
    endloop
  endfacet
  facet normal -0.659478 0.751724 0
    outer loop
      vertex 220.179 21.1213 -3.4
      vertex 220.474 21.3801 -5.8
      vertex 220.179 21.1213 -5.8
    endloop
  endfacet
  facet normal -0.607969 0.533776 0.587756
    outer loop
      vertex 220.179 21.1213 -3.4
      vertex 219.92 20.8263 -3.4
      vertex 222.032 19.2678 0.199999
    endloop
  endfacet
  facet normal 0.533545 0.608175 0.587753
    outer loop
      vertex 240.126 21.3801 -3.4
      vertex 238.568 19.2678 0.199999
      vertex 240.421 21.1213 -3.4
    endloop
  endfacet
  facet normal 0.451858 0.675714 0.582439
    outer loop
      vertex 239.8 21.5981 -3.4
      vertex 238.322 19.4834 0.199999
      vertex 240.126 21.3801 -3.4
    endloop
  endfacet
  facet normal 0.165408 0.830284 0.53223
    outer loop
      vertex 238.692 21.9743 -3.4
      vertex 237.126 19.9786 0.199999
      vertex 239.076 21.8978 -3.4
    endloop
  endfacet
  facet normal 0.751471 0.659766 0
    outer loop
      vertex 240.68 20.8263 -3.4
      vertex 240.421 21.1213 -5.8
      vertex 240.421 21.1213 -3.4
    endloop
  endfacet
  facet normal 0.751471 0.659766 0
    outer loop
      vertex 240.421 21.1213 -5.8
      vertex 240.68 20.8263 -3.4
      vertex 240.68 20.8263 -5.8
    endloop
  endfacet
  facet normal 0.735524 0.363583 0.571674
    outer loop
      vertex 240.898 20.5 -3.4
      vertex 239.11 18.4567 0.199999
      vertex 241.072 20.148 -3.4
    endloop
  endfacet
  facet normal 0.675881 0.451554 0.582481
    outer loop
      vertex 240.68 20.8263 -3.4
      vertex 238.783 19.0219 0.199999
      vertex 240.898 20.5 -3.4
    endloop
  endfacet
  facet normal 0.981058 0.193714 0
    outer loop
      vertex 241.274 19.3916 -3.4
      vertex 241.198 19.7765 -5.8
      vertex 241.198 19.7765 -3.4
    endloop
  endfacet
  facet normal 0.981058 0.193714 0
    outer loop
      vertex 241.198 19.7765 -5.8
      vertex 241.274 19.3916 -3.4
      vertex 241.274 19.3916 -5.8
    endloop
  endfacet
  facet normal 0.78783 0.267205 0.55491
    outer loop
      vertex 241.072 20.148 -3.4
      vertex 239.215 18.147 0.199999
      vertex 241.198 19.7765 -3.4
    endloop
  endfacet
  facet normal 0.862807 0.0555285 0.502474
    outer loop
      vertex 241.3 19 -3.4
      vertex 239.279 17.8263 0.199999
      vertex 239.3 17.5 0.199999
    endloop
  endfacet
  facet normal -0.533254 -0.608416 0.587767
    outer loop
      vertex 222.032 2.73223 0.199999
      vertex 220.474 0.61994 -3.4
      vertex 222.278 2.51662 0.199999
    endloop
  endfacet
  facet normal -0.0653328 -0.997864 0
    outer loop
      vertex 221.908 0.0256653 -5.8
      vertex 222.3 0 -3.4
      vertex 221.908 0.0256653 -3.4
    endloop
  endfacet
  facet normal -0.0653328 -0.997864 -0
    outer loop
      vertex 222.3 0 -3.4
      vertex 221.908 0.0256653 -5.8
      vertex 222.3 0 -5.8
    endloop
  endfacet
  facet normal -0.862808 -0.0555251 0.502473
    outer loop
      vertex 221.3 4.5 0.199999
      vertex 219.3 3 -3.4
      vertex 221.321 4.17368 0.199999
    endloop
  endfacet
  facet normal 0 0 1
    outer loop
      vertex 236.8 20 0.199999
      vertex 239.3 17.5 0.199999
      vertex 239.279 17.8263 0.199999
    endloop
  endfacet
  facet normal 0 0 1
    outer loop
      vertex 239.3 17.5 0.199999
      vertex 236.319 8.80881 0.199999
      vertex 239.3 4.5 0.199999
    endloop
  endfacet
  facet normal 0 0 1
    outer loop
      vertex 236.8 20 0.199999
      vertex 239.279 17.8263 0.199999
      vertex 239.215 18.147 0.199999
    endloop
  endfacet
  facet normal -0 -0 1
    outer loop
      vertex 236.398 8.40789 0.199999
      vertex 239.3 4.5 0.199999
      vertex 236.319 8.80881 0.199999
    endloop
  endfacet
  facet normal 0 0 1
    outer loop
      vertex 236.8 20 0.199999
      vertex 239.215 18.147 0.199999
      vertex 239.11 18.4567 0.199999
    endloop
  endfacet
  facet normal -0 -0 1
    outer loop
      vertex 236.425 8 0.199999
      vertex 239.3 4.5 0.199999
      vertex 236.398 8.40789 0.199999
    endloop
  endfacet
  facet normal 0 0 1
    outer loop
      vertex 236.8 20 0.199999
      vertex 239.11 18.4567 0.199999
      vertex 238.965 18.75 0.199999
    endloop
  endfacet
  facet normal -0 0 1
    outer loop
      vertex 236.398 7.5921 0.199999
      vertex 239.3 4.5 0.199999
      vertex 236.425 8 0.199999
    endloop
  endfacet
  facet normal 0 0 1
    outer loop
      vertex 236.8 20 0.199999
      vertex 238.965 18.75 0.199999
      vertex 238.783 19.0219 0.199999
    endloop
  endfacet
  facet normal -0 0 1
    outer loop
      vertex 236.319 7.19119 0.199999
      vertex 239.3 4.5 0.199999
      vertex 236.398 7.5921 0.199999
    endloop
  endfacet
  facet normal 0 0 1
    outer loop
      vertex 236.8 20 0.199999
      vertex 238.783 19.0219 0.199999
      vertex 238.568 19.2678 0.199999
    endloop
  endfacet
  facet normal -0 0 1
    outer loop
      vertex 236.006 6.4375 0.199999
      vertex 239.3 4.5 0.199999
      vertex 236.187 6.80411 0.199999
    endloop
  endfacet
  facet normal 0 0 1
    outer loop
      vertex 236.8 20 0.199999
      vertex 238.568 19.2678 0.199999
      vertex 238.322 19.4834 0.199999
    endloop
  endfacet
  facet normal -0 0 1
    outer loop
      vertex 235.779 6.09762 0.199999
      vertex 239.3 4.5 0.199999
      vertex 236.006 6.4375 0.199999
    endloop
  endfacet
  facet normal 0 0 1
    outer loop
      vertex 236.8 20 0.199999
      vertex 238.322 19.4834 0.199999
      vertex 238.05 19.6651 0.199999
    endloop
  endfacet
  facet normal -0 0 1
    outer loop
      vertex 235.51 5.79029 0.199999
      vertex 239.3 4.5 0.199999
      vertex 235.779 6.09762 0.199999
    endloop
  endfacet
  facet normal 0 0 1
    outer loop
      vertex 236.8 20 0.199999
      vertex 238.05 19.6651 0.199999
      vertex 237.757 19.8097 0.199999
    endloop
  endfacet
  facet normal 0 0 1
    outer loop
      vertex 239.3 4.5 0.199999
      vertex 235.51 5.79029 0.199999
      vertex 239.279 4.17368 0.199999
    endloop
  endfacet
  facet normal 0 0 1
    outer loop
      vertex 236.8 20 0.199999
      vertex 237.757 19.8097 0.199999
      vertex 237.447 19.9148 0.199999
    endloop
  endfacet
  facet normal 0 0 1
    outer loop
      vertex 239.279 4.17368 0.199999
      vertex 235.51 5.79029 0.199999
      vertex 239.215 3.85295 0.199999
    endloop
  endfacet
  facet normal 0 0 1
    outer loop
      vertex 236.8 20 0.199999
      vertex 237.447 19.9148 0.199999
      vertex 237.126 19.9786 0.199999
    endloop
  endfacet
  facet normal 0 0 1
    outer loop
      vertex 239.215 3.85295 0.199999
      vertex 235.51 5.79029 0.199999
      vertex 239.11 3.54329 0.199999
    endloop
  endfacet
  facet normal 0 0 1
    outer loop
      vertex 239.3 17.5 0.199999
      vertex 236.8 20 0.199999
      vertex 234.109 11.0185 0.199999
    endloop
  endfacet
  facet normal 0 0 1
    outer loop
      vertex 238.965 3.25 0.199999
      vertex 235.51 5.79029 0.199999
      vertex 238.783 2.9781 0.199999
    endloop
  endfacet
  facet normal 0 0 1
    outer loop
      vertex 238.783 2.9781 0.199999
      vertex 235.51 5.79029 0.199999
      vertex 238.568 2.73223 0.199999
    endloop
  endfacet
  facet normal 0 0 1
    outer loop
      vertex 239.11 3.54329 0.199999
      vertex 235.51 5.79029 0.199999
      vertex 238.965 3.25 0.199999
    endloop
  endfacet
  facet normal -0 0 1
    outer loop
      vertex 236.187 6.80411 0.199999
      vertex 239.3 4.5 0.199999
      vertex 236.319 7.19119 0.199999
    endloop
  endfacet
  facet normal 0 0 1
    outer loop
      vertex 239.3 17.5 0.199999
      vertex 236.187 9.19589 0.199999
      vertex 236.319 8.80881 0.199999
    endloop
  endfacet
  facet normal 0 0 1
    outer loop
      vertex 239.3 17.5 0.199999
      vertex 236.006 9.5625 0.199999
      vertex 236.187 9.19589 0.199999
    endloop
  endfacet
  facet normal 0 0 1
    outer loop
      vertex 239.3 17.5 0.199999
      vertex 235.779 9.90238 0.199999
      vertex 236.006 9.5625 0.199999
    endloop
  endfacet
  facet normal 0 0 1
    outer loop
      vertex 239.3 17.5 0.199999
      vertex 235.51 10.2097 0.199999
      vertex 235.779 9.90238 0.199999
    endloop
  endfacet
  facet normal 0 0 1
    outer loop
      vertex 239.3 17.5 0.199999
      vertex 235.202 10.4792 0.199999
      vertex 235.51 10.2097 0.199999
    endloop
  endfacet
  facet normal 0 0 1
    outer loop
      vertex 239.3 17.5 0.199999
      vertex 234.863 10.7063 0.199999
      vertex 235.202 10.4792 0.199999
    endloop
  endfacet
  facet normal 0 0 1
    outer loop
      vertex 239.3 17.5 0.199999
      vertex 234.496 10.8871 0.199999
      vertex 234.863 10.7063 0.199999
    endloop
  endfacet
  facet normal 0 0 1
    outer loop
      vertex 239.3 17.5 0.199999
      vertex 234.109 11.0185 0.199999
      vertex 234.496 10.8871 0.199999
    endloop
  endfacet
  facet normal -0 0 1
    outer loop
      vertex 230.598 13.9519 0.199999
      vertex 234.109 11.0185 0.199999
      vertex 236.8 20 0.199999
    endloop
  endfacet
  facet normal 0 0 1
    outer loop
      vertex 234.109 11.0185 0.199999
      vertex 230.598 13.9519 0.199999
      vertex 233.708 11.0983 0.199999
    endloop
  endfacet
  facet normal -0 -0 1
    outer loop
      vertex 230.697 13.6616 0.199999
      vertex 233.708 11.0983 0.199999
      vertex 230.598 13.9519 0.199999
    endloop
  endfacet
  facet normal 0 0 1
    outer loop
      vertex 233.708 11.0983 0.199999
      vertex 230.703 13.6438 0.199999
      vertex 233.3 11.125 0.199999
    endloop
  endfacet
  facet normal -0 -0 1
    outer loop
      vertex 230.766 13.3247 0.199999
      vertex 233.3 11.125 0.199999
      vertex 230.763 13.3431 0.199999
    endloop
  endfacet
  facet normal -0 -0 1
    outer loop
      vertex 230.786 13.0188 0.199999
      vertex 233.3 11.125 0.199999
      vertex 230.766 13.3247 0.199999
    endloop
  endfacet
  facet normal -0 0 1
    outer loop
      vertex 230.786 12.9812 0.199999
      vertex 232.892 11.0983 0.199999
      vertex 230.788 13 0.199999
    endloop
  endfacet
  facet normal -0 0 1
    outer loop
      vertex 230.763 12.6569 0.199999
      vertex 232.491 11.0185 0.199999
      vertex 230.766 12.6753 0.199999
    endloop
  endfacet
  facet normal 0 0 1
    outer loop
      vertex 232.491 11.0185 0.199999
      vertex 230.703 12.3562 0.199999
      vertex 232.104 10.8871 0.199999
    endloop
  endfacet
  facet normal -0 0 1
    outer loop
      vertex 230.703 12.3562 0.199999
      vertex 232.491 11.0185 0.199999
      vertex 230.763 12.6569 0.199999
    endloop
  endfacet
  facet normal 0 0 1
    outer loop
      vertex 232.892 11.0983 0.199999
      vertex 230.766 12.6753 0.199999
      vertex 232.491 11.0185 0.199999
    endloop
  endfacet
  facet normal -0 0 1
    outer loop
      vertex 230.766 12.6753 0.199999
      vertex 232.892 11.0983 0.199999
      vertex 230.786 12.9812 0.199999
    endloop
  endfacet
  facet normal -0 -0 1
    outer loop
      vertex 230.788 13 0.199999
      vertex 232.892 11.0983 0.199999
      vertex 230.786 13.0188 0.199999
    endloop
  endfacet
  facet normal 0 0 1
    outer loop
      vertex 233.3 11.125 0.199999
      vertex 230.786 13.0188 0.199999
      vertex 232.892 11.0983 0.199999
    endloop
  endfacet
  facet normal -0 -0 1
    outer loop
      vertex 230.763 13.3431 0.199999
      vertex 233.3 11.125 0.199999
      vertex 230.703 13.6438 0.199999
    endloop
  endfacet
  facet normal -0 -0 1
    outer loop
      vertex 230.703 13.6438 0.199999
      vertex 233.708 11.0983 0.199999
      vertex 230.697 13.6616 0.199999
    endloop
  endfacet
  facet normal 0 0 1
    outer loop
      vertex 236.8 20 0.199999
      vertex 230.463 14.2269 0.199999
      vertex 230.598 13.9519 0.199999
    endloop
  endfacet
  facet normal 0 0 1
    outer loop
      vertex 236.8 20 0.199999
      vertex 230.454 14.2437 0.199999
      vertex 230.463 14.2269 0.199999
    endloop
  endfacet
  facet normal 0 0 1
    outer loop
      vertex 236.8 20 0.199999
      vertex 230.444 14.2594 0.199999
      vertex 230.454 14.2437 0.199999
    endloop
  endfacet
  facet normal 0 0 1
    outer loop
      vertex 236.8 20 0.199999
      vertex 230.273 14.5143 0.199999
      vertex 230.444 14.2594 0.199999
    endloop
  endfacet
  facet normal 0 0 1
    outer loop
      vertex 236.8 20 0.199999
      vertex 230.071 14.7448 0.199999
      vertex 230.273 14.5143 0.199999
    endloop
  endfacet
  facet normal 0 0 1
    outer loop
      vertex 236.8 20 0.199999
      vertex 230.059 14.7589 0.199999
      vertex 230.071 14.7448 0.199999
    endloop
  endfacet
  facet normal 0 0 1
    outer loop
      vertex 236.8 20 0.199999
      vertex 230.045 14.7713 0.199999
      vertex 230.059 14.7589 0.199999
    endloop
  endfacet
  facet normal 0 0 1
    outer loop
      vertex 236.8 20 0.199999
      vertex 229.814 14.9735 0.199999
      vertex 230.045 14.7713 0.199999
    endloop
  endfacet
  facet normal 0 0 1
    outer loop
      vertex 236.8 20 0.199999
      vertex 229.559 15.1438 0.199999
      vertex 229.814 14.9735 0.199999
    endloop
  endfacet
  facet normal 0 0 1
    outer loop
      vertex 236.8 20 0.199999
      vertex 229.544 15.1542 0.199999
      vertex 229.559 15.1438 0.199999
    endloop
  endfacet
  facet normal 0 0 1
    outer loop
      vertex 236.8 20 0.199999
      vertex 229.527 15.1626 0.199999
      vertex 229.544 15.1542 0.199999
    endloop
  endfacet
  facet normal 0 0 1
    outer loop
      vertex 236.8 20 0.199999
      vertex 229.252 15.2982 0.199999
      vertex 229.527 15.1626 0.199999
    endloop
  endfacet
  facet normal 0 0 1
    outer loop
      vertex 236.8 20 0.199999
      vertex 228.962 15.3967 0.199999
      vertex 229.252 15.2982 0.199999
    endloop
  endfacet
  facet normal 0 0 1
    outer loop
      vertex 236.8 20 0.199999
      vertex 228.944 15.4027 0.199999
      vertex 228.962 15.3967 0.199999
    endloop
  endfacet
  facet normal -0 0 1
    outer loop
      vertex 223.8 20 0.199999
      vertex 228.944 15.4027 0.199999
      vertex 236.8 20 0.199999
    endloop
  endfacet
  facet normal 0 0 1
    outer loop
      vertex 228.944 15.4027 0.199999
      vertex 223.8 20 0.199999
      vertex 228.643 15.4626 0.199999
    endloop
  endfacet
  facet normal 0 0 1
    outer loop
      vertex 228.643 15.4626 0.199999
      vertex 223.8 20 0.199999
      vertex 228.625 15.4662 0.199999
    endloop
  endfacet
  facet normal 0 0 1
    outer loop
      vertex 228.625 15.4662 0.199999
      vertex 223.8 20 0.199999
      vertex 228.319 15.4863 0.199999
    endloop
  endfacet
  facet normal 0 0 1
    outer loop
      vertex 228.319 15.4863 0.199999
      vertex 223.8 20 0.199999
      vertex 228.3 15.4875 0.199999
    endloop
  endfacet
  facet normal 0 0 1
    outer loop
      vertex 228.3 15.4875 0.199999
      vertex 223.8 20 0.199999
      vertex 228.281 15.4863 0.199999
    endloop
  endfacet
  facet normal 0 0 1
    outer loop
      vertex 228.281 15.4863 0.199999
      vertex 223.8 20 0.199999
      vertex 227.975 15.4662 0.199999
    endloop
  endfacet
  facet normal 0 0 1
    outer loop
      vertex 227.975 15.4662 0.199999
      vertex 223.8 20 0.199999
      vertex 227.957 15.4626 0.199999
    endloop
  endfacet
  facet normal 0 0 1
    outer loop
      vertex 227.957 15.4626 0.199999
      vertex 223.8 20 0.199999
      vertex 227.656 15.4027 0.199999
    endloop
  endfacet
  facet normal 0 0 1
    outer loop
      vertex 227.656 15.4027 0.199999
      vertex 223.8 20 0.199999
      vertex 227.638 15.3967 0.199999
    endloop
  endfacet
  facet normal 0 0 1
    outer loop
      vertex 227.638 15.3967 0.199999
      vertex 223.8 20 0.199999
      vertex 227.348 15.2982 0.199999
    endloop
  endfacet
  facet normal 0 0 1
    outer loop
      vertex 227.348 15.2982 0.199999
      vertex 223.8 20 0.199999
      vertex 227.073 15.1626 0.199999
    endloop
  endfacet
  facet normal 0 0 1
    outer loop
      vertex 223.8 20 0.199999
      vertex 226.801 14.9839 0.199999
      vertex 227.056 15.1542 0.199999
    endloop
  endfacet
  facet normal 0 0 1
    outer loop
      vertex 221.3 17.5 0.199999
      vertex 226.137 14.2269 0.199999
      vertex 226.146 14.2437 0.199999
    endloop
  endfacet
  facet normal 0 0 1
    outer loop
      vertex 225.834 13.3247 0.199999
      vertex 221.3 17.5 0.199999
      vertex 225.833 13.3059 0.199999
    endloop
  endfacet
  facet normal 0 0 1
    outer loop
      vertex 225.837 13.3431 0.199999
      vertex 221.3 17.5 0.199999
      vertex 225.834 13.3247 0.199999
    endloop
  endfacet
  facet normal 0 0 1
    outer loop
      vertex 225.897 13.6438 0.199999
      vertex 221.3 17.5 0.199999
      vertex 225.837 13.3431 0.199999
    endloop
  endfacet
  facet normal 0 0 1
    outer loop
      vertex 225.903 13.6616 0.199999
      vertex 221.3 17.5 0.199999
      vertex 225.897 13.6438 0.199999
    endloop
  endfacet
  facet normal 0 0 1
    outer loop
      vertex 226.002 13.9519 0.199999
      vertex 221.3 17.5 0.199999
      vertex 225.903 13.6616 0.199999
    endloop
  endfacet
  facet normal 0 0 1
    outer loop
      vertex 226.137 14.2269 0.199999
      vertex 221.3 17.5 0.199999
      vertex 226.002 13.9519 0.199999
    endloop
  endfacet
  facet normal 0 0 1
    outer loop
      vertex 226.156 14.2594 0.199999
      vertex 221.3 17.5 0.199999
      vertex 226.146 14.2437 0.199999
    endloop
  endfacet
  facet normal 0 0 1
    outer loop
      vertex 226.327 14.5143 0.199999
      vertex 221.3 17.5 0.199999
      vertex 226.156 14.2594 0.199999
    endloop
  endfacet
  facet normal 0 0 1
    outer loop
      vertex 226.529 14.7448 0.199999
      vertex 221.3 17.5 0.199999
      vertex 226.327 14.5143 0.199999
    endloop
  endfacet
  facet normal 0 0 1
    outer loop
      vertex 226.541 14.7589 0.199999
      vertex 221.3 17.5 0.199999
      vertex 226.529 14.7448 0.199999
    endloop
  endfacet
  facet normal -0 0 1
    outer loop
      vertex 221.3 17.5 0.199999
      vertex 226.541 14.7589 0.199999
      vertex 223.8 20 0.199999
    endloop
  endfacet
  facet normal 0 0 1
    outer loop
      vertex 226.555 14.7713 0.199999
      vertex 223.8 20 0.199999
      vertex 226.541 14.7589 0.199999
    endloop
  endfacet
  facet normal 0 0 1
    outer loop
      vertex 226.786 14.9735 0.199999
      vertex 223.8 20 0.199999
      vertex 226.555 14.7713 0.199999
    endloop
  endfacet
  facet normal 0 0 1
    outer loop
      vertex 226.801 14.9839 0.199999
      vertex 223.8 20 0.199999
      vertex 226.786 14.9735 0.199999
    endloop
  endfacet
  facet normal 0 0 1
    outer loop
      vertex 227.073 15.1626 0.199999
      vertex 223.8 20 0.199999
      vertex 227.056 15.1542 0.199999
    endloop
  endfacet
  facet normal 0 0 1
    outer loop
      vertex 238.568 2.73223 0.199999
      vertex 235.51 5.79029 0.199999
      vertex 238.322 2.51662 0.199999
    endloop
  endfacet
  facet normal 0 0 1
    outer loop
      vertex 238.322 2.51662 0.199999
      vertex 235.51 5.79029 0.199999
      vertex 238.05 2.33494 0.199999
    endloop
  endfacet
  facet normal 0 0 1
    outer loop
      vertex 238.05 2.33494 0.199999
      vertex 235.51 5.79029 0.199999
      vertex 237.757 2.1903 0.199999
    endloop
  endfacet
  facet normal 0 0 1
    outer loop
      vertex 237.757 2.1903 0.199999
      vertex 235.51 5.79029 0.199999
      vertex 237.447 2.08519 0.199999
    endloop
  endfacet
  facet normal 0 0 1
    outer loop
      vertex 237.447 2.08519 0.199999
      vertex 235.51 5.79029 0.199999
      vertex 237.126 2.02139 0.199999
    endloop
  endfacet
  facet normal 0 0 1
    outer loop
      vertex 237.126 2.02139 0.199999
      vertex 235.51 5.79029 0.199999
      vertex 236.8 2 0.199999
    endloop
  endfacet
  facet normal -0 0 1
    outer loop
      vertex 235.202 5.52077 0.199999
      vertex 236.8 2 0.199999
      vertex 235.51 5.79029 0.199999
    endloop
  endfacet
  facet normal -0 0 1
    outer loop
      vertex 234.863 5.29367 0.199999
      vertex 236.8 2 0.199999
      vertex 235.202 5.52077 0.199999
    endloop
  endfacet
  facet normal -0 0 1
    outer loop
      vertex 234.496 5.11288 0.199999
      vertex 236.8 2 0.199999
      vertex 234.863 5.29367 0.199999
    endloop
  endfacet
  facet normal -0 0 1
    outer loop
      vertex 234.109 4.98148 0.199999
      vertex 236.8 2 0.199999
      vertex 234.496 5.11288 0.199999
    endloop
  endfacet
  facet normal -0 0 1
    outer loop
      vertex 233.708 4.90173 0.199999
      vertex 236.8 2 0.199999
      vertex 234.109 4.98148 0.199999
    endloop
  endfacet
  facet normal -0 0 1
    outer loop
      vertex 233.3 4.875 0.199999
      vertex 236.8 2 0.199999
      vertex 233.708 4.90173 0.199999
    endloop
  endfacet
  facet normal 0 0 1
    outer loop
      vertex 232.892 4.90173 0.199999
      vertex 236.8 2 0.199999
      vertex 233.3 4.875 0.199999
    endloop
  endfacet
  facet normal 0 0 1
    outer loop
      vertex 232.491 4.98148 0.199999
      vertex 236.8 2 0.199999
      vertex 232.892 4.90173 0.199999
    endloop
  endfacet
  facet normal 0 0 1
    outer loop
      vertex 223.8 2 0.199999
      vertex 232.491 4.98148 0.199999
      vertex 232.104 5.11288 0.199999
    endloop
  endfacet
  facet normal 0 0 1
    outer loop
      vertex 223.8 2 0.199999
      vertex 232.104 5.11288 0.199999
      vertex 231.738 5.29367 0.199999
    endloop
  endfacet
  facet normal -0 0 1
    outer loop
      vertex 229.544 10.8458 0.199999
      vertex 230.594 9.5625 0.199999
      vertex 229.559 10.8562 0.199999
    endloop
  endfacet
  facet normal -0 0 1
    outer loop
      vertex 229.527 10.8374 0.199999
      vertex 230.594 9.5625 0.199999
      vertex 229.544 10.8458 0.199999
    endloop
  endfacet
  facet normal -0 0 1
    outer loop
      vertex 229.252 10.7018 0.199999
      vertex 230.594 9.5625 0.199999
      vertex 229.527 10.8374 0.199999
    endloop
  endfacet
  facet normal 0 0 1
    outer loop
      vertex 230.594 9.5625 0.199999
      vertex 229.252 10.7018 0.199999
      vertex 230.413 9.19589 0.199999
    endloop
  endfacet
  facet normal -0 0 1
    outer loop
      vertex 228.962 10.6033 0.199999
      vertex 230.413 9.19589 0.199999
      vertex 229.252 10.7018 0.199999
    endloop
  endfacet
  facet normal -0 0 1
    outer loop
      vertex 228.944 10.5973 0.199999
      vertex 230.413 9.19589 0.199999
      vertex 228.962 10.6033 0.199999
    endloop
  endfacet
  facet normal 0 0 1
    outer loop
      vertex 230.413 9.19589 0.199999
      vertex 228.944 10.5973 0.199999
      vertex 230.281 8.80881 0.199999
    endloop
  endfacet
  facet normal -0 0 1
    outer loop
      vertex 228.643 10.5374 0.199999
      vertex 230.281 8.80881 0.199999
      vertex 228.944 10.5973 0.199999
    endloop
  endfacet
  facet normal -0 0 1
    outer loop
      vertex 228.625 10.5338 0.199999
      vertex 230.281 8.80881 0.199999
      vertex 228.643 10.5374 0.199999
    endloop
  endfacet
  facet normal -0 0 1
    outer loop
      vertex 228.606 10.5326 0.199999
      vertex 230.281 8.80881 0.199999
      vertex 228.625 10.5338 0.199999
    endloop
  endfacet
  facet normal 0 0 1
    outer loop
      vertex 230.281 8.80881 0.199999
      vertex 228.606 10.5326 0.199999
      vertex 230.202 8.40789 0.199999
    endloop
  endfacet
  facet normal -0 0 1
    outer loop
      vertex 228.3 10.5125 0.199999
      vertex 230.202 8.40789 0.199999
      vertex 228.606 10.5326 0.199999
    endloop
  endfacet
  facet normal 0 0 1
    outer loop
      vertex 230.202 8.40789 0.199999
      vertex 228.3 10.5125 0.199999
      vertex 230.175 8 0.199999
    endloop
  endfacet
  facet normal 0 0 1
    outer loop
      vertex 227.994 10.5326 0.199999
      vertex 230.175 8 0.199999
      vertex 228.3 10.5125 0.199999
    endloop
  endfacet
  facet normal 0 0 1
    outer loop
      vertex 227.975 10.5338 0.199999
      vertex 230.175 8 0.199999
      vertex 227.994 10.5326 0.199999
    endloop
  endfacet
  facet normal 0 0 1
    outer loop
      vertex 227.957 10.5374 0.199999
      vertex 230.175 8 0.199999
      vertex 227.975 10.5338 0.199999
    endloop
  endfacet
  facet normal 0 0 1
    outer loop
      vertex 227.656 10.5973 0.199999
      vertex 230.175 8 0.199999
      vertex 227.957 10.5374 0.199999
    endloop
  endfacet
  facet normal 0 0 1
    outer loop
      vertex 230.175 8 0.199999
      vertex 227.656 10.5973 0.199999
      vertex 230.202 7.5921 0.199999
    endloop
  endfacet
  facet normal 0 0 1
    outer loop
      vertex 227.638 10.6033 0.199999
      vertex 230.202 7.5921 0.199999
      vertex 227.656 10.5973 0.199999
    endloop
  endfacet
  facet normal 0 0 1
    outer loop
      vertex 227.348 10.7018 0.199999
      vertex 230.202 7.5921 0.199999
      vertex 227.638 10.6033 0.199999
    endloop
  endfacet
  facet normal 0 0 1
    outer loop
      vertex 230.202 7.5921 0.199999
      vertex 227.348 10.7018 0.199999
      vertex 230.281 7.19119 0.199999
    endloop
  endfacet
  facet normal 0 0 1
    outer loop
      vertex 223.8 2 0.199999
      vertex 230.281 7.19119 0.199999
      vertex 227.348 10.7018 0.199999
    endloop
  endfacet
  facet normal 0 0 1
    outer loop
      vertex 230.281 7.19119 0.199999
      vertex 223.8 2 0.199999
      vertex 230.413 6.80411 0.199999
    endloop
  endfacet
  facet normal 0 0 1
    outer loop
      vertex 230.413 6.80411 0.199999
      vertex 223.8 2 0.199999
      vertex 230.594 6.4375 0.199999
    endloop
  endfacet
  facet normal 0 0 1
    outer loop
      vertex 221.3 4.5 0.199999
      vertex 227.348 10.7018 0.199999
      vertex 227.073 10.8374 0.199999
    endloop
  endfacet
  facet normal 0 0 1
    outer loop
      vertex 221.3 4.5 0.199999
      vertex 227.073 10.8374 0.199999
      vertex 227.056 10.8458 0.199999
    endloop
  endfacet
  facet normal 0 0 1
    outer loop
      vertex 221.3 4.5 0.199999
      vertex 227.056 10.8458 0.199999
      vertex 226.801 11.0161 0.199999
    endloop
  endfacet
  facet normal 0 0 1
    outer loop
      vertex 221.3 4.5 0.199999
      vertex 226.801 11.0161 0.199999
      vertex 226.786 11.0265 0.199999
    endloop
  endfacet
  facet normal 0 0 1
    outer loop
      vertex 221.3 4.5 0.199999
      vertex 226.786 11.0265 0.199999
      vertex 226.555 11.2287 0.199999
    endloop
  endfacet
  facet normal 0 0 1
    outer loop
      vertex 221.3 4.5 0.199999
      vertex 226.555 11.2287 0.199999
      vertex 226.541 11.2411 0.199999
    endloop
  endfacet
  facet normal 0 0 1
    outer loop
      vertex 221.3 4.5 0.199999
      vertex 226.541 11.2411 0.199999
      vertex 226.529 11.2552 0.199999
    endloop
  endfacet
  facet normal 0 0 1
    outer loop
      vertex 221.3 4.5 0.199999
      vertex 226.529 11.2552 0.199999
      vertex 226.327 11.4857 0.199999
    endloop
  endfacet
  facet normal 0 0 1
    outer loop
      vertex 221.3 4.5 0.199999
      vertex 226.137 11.7731 0.199999
      vertex 226.002 12.0481 0.199999
    endloop
  endfacet
  facet normal 0 0 1
    outer loop
      vertex 225.833 13.3059 0.199999
      vertex 221.3 17.5 0.199999
      vertex 225.812 13 0.199999
    endloop
  endfacet
  facet normal 0 0 1
    outer loop
      vertex 225.812 13 0.199999
      vertex 221.3 17.5 0.199999
      vertex 225.833 12.6941 0.199999
    endloop
  endfacet
  facet normal 0 0 1
    outer loop
      vertex 225.833 12.6941 0.199999
      vertex 221.3 17.5 0.199999
      vertex 225.834 12.6753 0.199999
    endloop
  endfacet
  facet normal 0 0 1
    outer loop
      vertex 225.834 12.6753 0.199999
      vertex 221.3 17.5 0.199999
      vertex 225.837 12.6569 0.199999
    endloop
  endfacet
  facet normal 0 0 1
    outer loop
      vertex 232.491 4.98148 0.199999
      vertex 223.8 2 0.199999
      vertex 236.8 2 0.199999
    endloop
  endfacet
  facet normal 0 0 1
    outer loop
      vertex 231.398 5.52077 0.199999
      vertex 223.8 2 0.199999
      vertex 231.738 5.29367 0.199999
    endloop
  endfacet
  facet normal 0 0 1
    outer loop
      vertex 231.09 5.79029 0.199999
      vertex 223.8 2 0.199999
      vertex 231.398 5.52077 0.199999
    endloop
  endfacet
  facet normal 0 0 1
    outer loop
      vertex 230.821 6.09762 0.199999
      vertex 223.8 2 0.199999
      vertex 231.09 5.79029 0.199999
    endloop
  endfacet
  facet normal 0 0 1
    outer loop
      vertex 230.594 6.4375 0.199999
      vertex 223.8 2 0.199999
      vertex 230.821 6.09762 0.199999
    endloop
  endfacet
  facet normal 0 0 1
    outer loop
      vertex 221.3 4.5 0.199999
      vertex 226.327 11.4857 0.199999
      vertex 226.316 11.5013 0.199999
    endloop
  endfacet
  facet normal 0 0 1
    outer loop
      vertex 221.3 4.5 0.199999
      vertex 226.316 11.5013 0.199999
      vertex 226.146 11.7563 0.199999
    endloop
  endfacet
  facet normal 0 0 1
    outer loop
      vertex 226.137 11.7731 0.199999
      vertex 221.3 4.5 0.199999
      vertex 226.146 11.7563 0.199999
    endloop
  endfacet
  facet normal 0 0 1
    outer loop
      vertex 221.3 4.5 0.199999
      vertex 226.002 12.0481 0.199999
      vertex 225.903 12.3384 0.199999
    endloop
  endfacet
  facet normal 0 0 1
    outer loop
      vertex 221.3 4.5 0.199999
      vertex 225.903 12.3384 0.199999
      vertex 225.897 12.3562 0.199999
    endloop
  endfacet
  facet normal 0 0 1
    outer loop
      vertex 225.837 12.6569 0.199999
      vertex 221.3 17.5 0.199999
      vertex 225.897 12.3562 0.199999
    endloop
  endfacet
  facet normal 0 0 1
    outer loop
      vertex 221.3 17.5 0.199999
      vertex 223.8 20 0.199999
      vertex 223.474 19.9786 0.199999
    endloop
  endfacet
  facet normal 0 0 1
    outer loop
      vertex 221.3 4.5 0.199999
      vertex 225.897 12.3562 0.199999
      vertex 221.3 17.5 0.199999
    endloop
  endfacet
  facet normal 0 0 1
    outer loop
      vertex 221.3 17.5 0.199999
      vertex 223.474 19.9786 0.199999
      vertex 223.153 19.9148 0.199999
    endloop
  endfacet
  facet normal 0 0 1
    outer loop
      vertex 227.348 10.7018 0.199999
      vertex 221.3 4.5 0.199999
      vertex 223.8 2 0.199999
    endloop
  endfacet
  facet normal 0 0 1
    outer loop
      vertex 221.3 17.5 0.199999
      vertex 223.153 19.9148 0.199999
      vertex 222.843 19.8097 0.199999
    endloop
  endfacet
  facet normal 0 0 1
    outer loop
      vertex 223.8 2 0.199999
      vertex 221.3 4.5 0.199999
      vertex 223.474 2.02139 0.199999
    endloop
  endfacet
  facet normal 0 0 1
    outer loop
      vertex 221.3 17.5 0.199999
      vertex 222.843 19.8097 0.199999
      vertex 222.55 19.6651 0.199999
    endloop
  endfacet
  facet normal 0 0 1
    outer loop
      vertex 223.474 2.02139 0.199999
      vertex 221.3 4.5 0.199999
      vertex 223.153 2.08519 0.199999
    endloop
  endfacet
  facet normal 0 0 1
    outer loop
      vertex 221.3 17.5 0.199999
      vertex 222.55 19.6651 0.199999
      vertex 222.278 19.4834 0.199999
    endloop
  endfacet
  facet normal 0 0 1
    outer loop
      vertex 223.153 2.08519 0.199999
      vertex 221.3 4.5 0.199999
      vertex 222.843 2.1903 0.199999
    endloop
  endfacet
  facet normal 0 0 1
    outer loop
      vertex 221.3 17.5 0.199999
      vertex 222.278 19.4834 0.199999
      vertex 222.032 19.2678 0.199999
    endloop
  endfacet
  facet normal 0 0 1
    outer loop
      vertex 222.843 2.1903 0.199999
      vertex 221.3 4.5 0.199999
      vertex 222.55 2.33494 0.199999
    endloop
  endfacet
  facet normal 0 0 1
    outer loop
      vertex 221.3 17.5 0.199999
      vertex 222.032 19.2678 0.199999
      vertex 221.817 19.0219 0.199999
    endloop
  endfacet
  facet normal 0 0 1
    outer loop
      vertex 222.55 2.33494 0.199999
      vertex 221.3 4.5 0.199999
      vertex 222.278 2.51662 0.199999
    endloop
  endfacet
  facet normal 0 0 1
    outer loop
      vertex 221.3 17.5 0.199999
      vertex 221.817 19.0219 0.199999
      vertex 221.635 18.75 0.199999
    endloop
  endfacet
  facet normal 0 0 1
    outer loop
      vertex 222.278 2.51662 0.199999
      vertex 221.3 4.5 0.199999
      vertex 222.032 2.73223 0.199999
    endloop
  endfacet
  facet normal 0 0 1
    outer loop
      vertex 221.3 17.5 0.199999
      vertex 221.635 18.75 0.199999
      vertex 221.49 18.4567 0.199999
    endloop
  endfacet
  facet normal 0 0 1
    outer loop
      vertex 222.032 2.73223 0.199999
      vertex 221.3 4.5 0.199999
      vertex 221.817 2.9781 0.199999
    endloop
  endfacet
  facet normal 0 0 1
    outer loop
      vertex 221.3 17.5 0.199999
      vertex 221.49 18.4567 0.199999
      vertex 221.385 18.147 0.199999
    endloop
  endfacet
  facet normal 0 0 1
    outer loop
      vertex 221.817 2.9781 0.199999
      vertex 221.3 4.5 0.199999
      vertex 221.635 3.25 0.199999
    endloop
  endfacet
  facet normal 0 0 1
    outer loop
      vertex 221.3 17.5 0.199999
      vertex 221.385 18.147 0.199999
      vertex 221.321 17.8263 0.199999
    endloop
  endfacet
  facet normal 0 0 1
    outer loop
      vertex 221.635 3.25 0.199999
      vertex 221.3 4.5 0.199999
      vertex 221.49 3.54329 0.199999
    endloop
  endfacet
  facet normal 0 0 1
    outer loop
      vertex 221.49 3.54329 0.199999
      vertex 221.3 4.5 0.199999
      vertex 221.385 3.85295 0.199999
    endloop
  endfacet
  facet normal 0 0 1
    outer loop
      vertex 221.385 3.85295 0.199999
      vertex 221.3 4.5 0.199999
      vertex 221.321 4.17368 0.199999
    endloop
  endfacet
  facet normal -0 0 1
    outer loop
      vertex 230.697 12.3384 0.199999
      vertex 232.104 10.8871 0.199999
      vertex 230.703 12.3562 0.199999
    endloop
  endfacet
  facet normal -0 0 1
    outer loop
      vertex 230.598 12.0481 0.199999
      vertex 232.104 10.8871 0.199999
      vertex 230.697 12.3384 0.199999
    endloop
  endfacet
  facet normal 0 0 1
    outer loop
      vertex 232.104 10.8871 0.199999
      vertex 230.598 12.0481 0.199999
      vertex 231.738 10.7063 0.199999
    endloop
  endfacet
  facet normal -0 0 1
    outer loop
      vertex 230.463 11.7731 0.199999
      vertex 231.738 10.7063 0.199999
      vertex 230.598 12.0481 0.199999
    endloop
  endfacet
  facet normal -0 0 1
    outer loop
      vertex 230.454 11.7563 0.199999
      vertex 231.738 10.7063 0.199999
      vertex 230.463 11.7731 0.199999
    endloop
  endfacet
  facet normal 0 0 1
    outer loop
      vertex 231.738 10.7063 0.199999
      vertex 230.454 11.7563 0.199999
      vertex 231.398 10.4792 0.199999
    endloop
  endfacet
  facet normal -0 0 1
    outer loop
      vertex 230.284 11.5013 0.199999
      vertex 231.398 10.4792 0.199999
      vertex 230.454 11.7563 0.199999
    endloop
  endfacet
  facet normal -0 0 1
    outer loop
      vertex 230.273 11.4857 0.199999
      vertex 231.398 10.4792 0.199999
      vertex 230.284 11.5013 0.199999
    endloop
  endfacet
  facet normal 0 0 1
    outer loop
      vertex 231.398 10.4792 0.199999
      vertex 230.273 11.4857 0.199999
      vertex 231.09 10.2097 0.199999
    endloop
  endfacet
  facet normal -0 0 1
    outer loop
      vertex 230.071 11.2552 0.199999
      vertex 231.09 10.2097 0.199999
      vertex 230.273 11.4857 0.199999
    endloop
  endfacet
  facet normal -0 0 1
    outer loop
      vertex 230.059 11.2411 0.199999
      vertex 231.09 10.2097 0.199999
      vertex 230.071 11.2552 0.199999
    endloop
  endfacet
  facet normal -0 0 1
    outer loop
      vertex 230.045 11.2287 0.199999
      vertex 231.09 10.2097 0.199999
      vertex 230.059 11.2411 0.199999
    endloop
  endfacet
  facet normal -0 0 1
    outer loop
      vertex 229.814 11.0265 0.199999
      vertex 231.09 10.2097 0.199999
      vertex 230.045 11.2287 0.199999
    endloop
  endfacet
  facet normal 0 0 1
    outer loop
      vertex 231.09 10.2097 0.199999
      vertex 229.814 11.0265 0.199999
      vertex 230.821 9.90238 0.199999
    endloop
  endfacet
  facet normal -0 0 1
    outer loop
      vertex 229.559 10.8562 0.199999
      vertex 230.821 9.90238 0.199999
      vertex 229.814 11.0265 0.199999
    endloop
  endfacet
  facet normal 0 0 1
    outer loop
      vertex 230.821 9.90238 0.199999
      vertex 229.559 10.8562 0.199999
      vertex 230.594 9.5625 0.199999
    endloop
  endfacet
  facet normal -0.78786 -0.267149 0.554895
    outer loop
      vertex 221.385 3.85295 0.199999
      vertex 219.528 1.85195 -3.4
      vertex 221.49 3.54329 0.199999
    endloop
  endfacet
  facet normal -0.831485 -0.555547 0
    outer loop
      vertex 219.92 1.17372 -5.8
      vertex 219.702 1.5 -3.4
      vertex 219.702 1.5 -5.8
    endloop
  endfacet
  facet normal -0.831485 -0.555547 0
    outer loop
      vertex 219.702 1.5 -3.4
      vertex 219.92 1.17372 -5.8
      vertex 219.92 1.17372 -3.4
    endloop
  endfacet
  facet normal -0.862473 -0.0572662 0.502853
    outer loop
      vertex 221.321 4.17368 0.199999
      vertex 219.3 3 -3.4
      vertex 219.326 2.60842 -3.4
    endloop
  endfacet
  facet normal 0.362886 -0.735968 0.571546
    outer loop
      vertex 239.8 0.401923 -3.4
      vertex 237.757 2.1903 0.199999
      vertex 239.448 0.228361 -3.4
    endloop
  endfacet
  facet normal 0.165052 -0.830433 0.532109
    outer loop
      vertex 237.447 2.08519 0.199999
      vertex 237.126 2.02139 0.199999
      vertex 239.076 0.102222 -3.4
    endloop
  endfacet
  facet normal 0.787859 -0.26715 0.554895
    outer loop
      vertex 241.198 2.22354 -3.4
      vertex 239.215 3.85295 0.199999
      vertex 241.072 1.85195 -3.4
    endloop
  endfacet
  facet normal 0.4515 -0.675957 0.582434
    outer loop
      vertex 238.322 2.51662 0.199999
      vertex 238.05 2.33494 0.199999
      vertex 239.8 0.401923 -3.4
    endloop
  endfacet
  facet normal 0.862808 -0.0555251 0.502473
    outer loop
      vertex 239.3 4.5 0.199999
      vertex 239.279 4.17368 0.199999
      vertex 241.3 3 -3.4
    endloop
  endfacet
  facet normal -0.165408 0.830284 0.53223
    outer loop
      vertex 221.908 21.9743 -3.4
      vertex 221.524 21.8978 -3.4
      vertex 223.474 19.9786 0.199999
    endloop
  endfacet
  facet normal -0.533239 0.608427 0.587769
    outer loop
      vertex 222.278 19.4834 0.199999
      vertex 220.474 21.3801 -3.4
      vertex 222.032 19.2678 0.199999
    endloop
  endfacet
  facet normal -0.555877 0.831265 0
    outer loop
      vertex 220.8 21.5981 -5.8
      vertex 220.474 21.3801 -3.4
      vertex 220.8 21.5981 -3.4
    endloop
  endfacet
  facet normal -0.555877 0.831265 0
    outer loop
      vertex 220.474 21.3801 -3.4
      vertex 220.8 21.5981 -5.8
      vertex 220.474 21.3801 -5.8
    endloop
  endfacet
  facet normal -0.997803 0.0662484 0
    outer loop
      vertex 219.3 19 -5.8
      vertex 219.326 19.3916 -3.4
      vertex 219.326 19.3916 -5.8
    endloop
  endfacet
  facet normal -0.997803 0.0662484 0
    outer loop
      vertex 219.326 19.3916 -3.4
      vertex 219.3 19 -5.8
      vertex 219.3 19 -3.4
    endloop
  endfacet
  facet normal -0.896455 0.443134 0
    outer loop
      vertex 219.528 20.148 -5.8
      vertex 219.702 20.5 -3.4
      vertex 219.702 20.5 -5.8
    endloop
  endfacet
  facet normal -0.896455 0.443134 0
    outer loop
      vertex 219.702 20.5 -3.4
      vertex 219.528 20.148 -5.8
      vertex 219.528 20.148 -3.4
    endloop
  endfacet
  facet normal -0.831501 0.555523 0
    outer loop
      vertex 219.702 20.5 -5.8
      vertex 219.92 20.8263 -3.4
      vertex 219.92 20.8263 -5.8
    endloop
  endfacet
  facet normal -0.831501 0.555523 0
    outer loop
      vertex 219.92 20.8263 -3.4
      vertex 219.702 20.5 -5.8
      vertex 219.702 20.5 -3.4
    endloop
  endfacet
  facet normal -0.451534 0.675934 0.582435
    outer loop
      vertex 222.55 19.6651 0.199999
      vertex 220.8 21.5981 -3.4
      vertex 222.278 19.4834 0.199999
    endloop
  endfacet
  facet normal -0.609027 0.532496 0.587822
    outer loop
      vertex 222.032 19.2678 0.199999
      vertex 219.92 20.8263 -3.4
      vertex 221.817 19.0219 0.199999
    endloop
  endfacet
  facet normal 0.321264 0.94699 -0
    outer loop
      vertex 239.448 21.7716 -5.8
      vertex 239.076 21.8978 -3.4
      vertex 239.448 21.7716 -3.4
    endloop
  endfacet
  facet normal 0.321264 0.94699 0
    outer loop
      vertex 239.076 21.8978 -3.4
      vertex 239.448 21.7716 -5.8
      vertex 239.076 21.8978 -5.8
    endloop
  endfacet
  facet normal 0.44211 0.896961 -0
    outer loop
      vertex 239.8 21.5981 -5.8
      vertex 239.448 21.7716 -3.4
      vertex 239.8 21.5981 -3.4
    endloop
  endfacet
  facet normal 0.44211 0.896961 0
    outer loop
      vertex 239.448 21.7716 -3.4
      vertex 239.8 21.5981 -5.8
      vertex 239.448 21.7716 -5.8
    endloop
  endfacet
  facet normal 0.555877 0.831265 -0
    outer loop
      vertex 240.126 21.3801 -5.8
      vertex 239.8 21.5981 -3.4
      vertex 240.126 21.3801 -3.4
    endloop
  endfacet
  facet normal 0.555877 0.831265 0
    outer loop
      vertex 239.8 21.5981 -3.4
      vertex 240.126 21.3801 -5.8
      vertex 239.8 21.5981 -5.8
    endloop
  endfacet
  facet normal 0.165051 0.830429 0.532114
    outer loop
      vertex 239.076 21.8978 -3.4
      vertex 237.126 19.9786 0.199999
      vertex 237.447 19.9148 0.199999
    endloop
  endfacet
  facet normal 0.735503 0.363614 0.571681
    outer loop
      vertex 240.898 20.5 -3.4
      vertex 238.965 18.75 0.199999
      vertex 239.11 18.4567 0.199999
    endloop
  endfacet
  facet normal 0.675481 0.452143 0.582488
    outer loop
      vertex 240.898 20.5 -3.4
      vertex 238.783 19.0219 0.199999
      vertex 238.965 18.75 0.199999
    endloop
  endfacet
  facet normal 0.607969 0.533776 0.587756
    outer loop
      vertex 240.421 21.1213 -3.4
      vertex 238.568 19.2678 0.199999
      vertex 240.68 20.8263 -3.4
    endloop
  endfacet
  facet normal 0.609027 0.532496 0.587822
    outer loop
      vertex 240.68 20.8263 -3.4
      vertex 238.568 19.2678 0.199999
      vertex 238.783 19.0219 0.199999
    endloop
  endfacet
  facet normal 0.947013 0.321194 0
    outer loop
      vertex 241.198 19.7765 -3.4
      vertex 241.072 20.148 -5.8
      vertex 241.072 20.148 -3.4
    endloop
  endfacet
  facet normal 0.947013 0.321194 0
    outer loop
      vertex 241.072 20.148 -5.8
      vertex 241.198 19.7765 -3.4
      vertex 241.198 19.7765 -5.8
    endloop
  endfacet
  facet normal 0.830192 0.165676 0.532289
    outer loop
      vertex 241.198 19.7765 -3.4
      vertex 239.215 18.147 0.199999
      vertex 239.279 17.8263 0.199999
    endloop
  endfacet
  facet normal -0.442237 -0.896898 0
    outer loop
      vertex 220.8 0.401923 -5.8
      vertex 221.152 0.228361 -3.4
      vertex 220.8 0.401923 -3.4
    endloop
  endfacet
  facet normal -0.442237 -0.896898 -0
    outer loop
      vertex 221.152 0.228361 -3.4
      vertex 220.8 0.401923 -5.8
      vertex 221.152 0.228361 -5.8
    endloop
  endfacet
  facet normal -0.267143 -0.787882 0.554866
    outer loop
      vertex 222.843 2.1903 0.199999
      vertex 221.152 0.228361 -3.4
      vertex 223.153 2.08519 0.199999
    endloop
  endfacet
  facet normal -0.165522 -0.830241 0.532261
    outer loop
      vertex 223.474 2.02139 0.199999
      vertex 221.524 0.102222 -3.4
      vertex 221.908 0.0256653 -3.4
    endloop
  endfacet
  facet normal -0.533472 -0.608236 0.587756
    outer loop
      vertex 222.032 2.73223 0.199999
      vertex 220.179 0.878679 -3.4
      vertex 220.474 0.61994 -3.4
    endloop
  endfacet
  facet normal -0.65939 -0.751801 0
    outer loop
      vertex 220.179 0.878679 -5.8
      vertex 220.474 0.61994 -3.4
      vertex 220.179 0.878679 -3.4
    endloop
  endfacet
  facet normal -0.65939 -0.751801 -0
    outer loop
      vertex 220.474 0.61994 -3.4
      vertex 220.179 0.878679 -5.8
      vertex 220.474 0.61994 -5.8
    endloop
  endfacet
  facet normal -0.195519 -0.9807 0
    outer loop
      vertex 221.524 0.102222 -5.8
      vertex 221.908 0.0256653 -3.4
      vertex 221.524 0.102222 -3.4
    endloop
  endfacet
  facet normal -0.195519 -0.9807 -0
    outer loop
      vertex 221.908 0.0256653 -3.4
      vertex 221.524 0.102222 -5.8
      vertex 221.908 0.0256653 -5.8
    endloop
  endfacet
  facet normal -0.0564756 -0.862582 0.502755
    outer loop
      vertex 223.474 2.02139 0.199999
      vertex 221.908 0.0256653 -3.4
      vertex 222.3 0 -3.4
    endloop
  endfacet
  facet normal -0.735499 -0.363622 0.571683
    outer loop
      vertex 221.49 3.54329 0.199999
      vertex 219.528 1.85195 -3.4
      vertex 219.702 1.5 -3.4
    endloop
  endfacet
  facet normal -0.675868 -0.451573 0.582481
    outer loop
      vertex 221.817 2.9781 0.199999
      vertex 219.702 1.5 -3.4
      vertex 219.92 1.17372 -3.4
    endloop
  endfacet
  facet normal -0.787859 -0.26715 0.554895
    outer loop
      vertex 221.385 3.85295 0.199999
      vertex 219.402 2.22354 -3.4
      vertex 219.528 1.85195 -3.4
    endloop
  endfacet
  facet normal -0.981056 -0.193723 0
    outer loop
      vertex 219.402 2.22354 -5.8
      vertex 219.326 2.60842 -3.4
      vertex 219.326 2.60842 -5.8
    endloop
  endfacet
  facet normal -0.981056 -0.193723 0
    outer loop
      vertex 219.326 2.60842 -3.4
      vertex 219.402 2.22354 -5.8
      vertex 219.402 2.22354 -3.4
    endloop
  endfacet
  facet normal -0.83085 -0.164063 0.531763
    outer loop
      vertex 221.321 4.17368 0.199999
      vertex 219.326 2.60842 -3.4
      vertex 219.402 2.22354 -3.4
    endloop
  endfacet
  facet normal -0.8302 -0.165662 0.532283
    outer loop
      vertex 221.321 4.17368 0.199999
      vertex 219.402 2.22354 -3.4
      vertex 221.385 3.85295 0.199999
    endloop
  endfacet
  facet normal 0.0565955 -0.862559 0.502781
    outer loop
      vertex 237.126 2.02139 0.199999
      vertex 236.8 2 0.199999
      vertex 238.3 0 -3.4
    endloop
  endfacet
  facet normal 0.165522 -0.830241 0.532261
    outer loop
      vertex 239.076 0.102222 -3.4
      vertex 237.126 2.02139 0.199999
      vertex 238.692 0.0256653 -3.4
    endloop
  endfacet
  facet normal 0.363206 -0.735753 0.57162
    outer loop
      vertex 238.05 2.33494 0.199999
      vertex 237.757 2.1903 0.199999
      vertex 239.8 0.401923 -3.4
    endloop
  endfacet
  facet normal 1 -0 0
    outer loop
      vertex 241.3 3 -3.4
      vertex 241.3 19 -5.8
      vertex 241.3 19 -3.4
    endloop
  endfacet
  facet normal 1 0 0
    outer loop
      vertex 241.3 19 -5.8
      vertex 241.3 3 -3.4
      vertex 241.3 3 -5.8
    endloop
  endfacet
  facet normal 0.555906 -0.831245 0
    outer loop
      vertex 239.8 0.401923 -5.8
      vertex 240.126 0.61994 -3.4
      vertex 239.8 0.401923 -3.4
    endloop
  endfacet
  facet normal 0.555906 -0.831245 0
    outer loop
      vertex 240.126 0.61994 -3.4
      vertex 239.8 0.401923 -5.8
      vertex 240.126 0.61994 -5.8
    endloop
  endfacet
  facet normal 0.735498 -0.363624 0.571683
    outer loop
      vertex 239.11 3.54329 0.199999
      vertex 238.965 3.25 0.199999
      vertex 240.898 1.5 -3.4
    endloop
  endfacet
  facet normal 0.675481 -0.452143 0.582488
    outer loop
      vertex 238.965 3.25 0.199999
      vertex 238.783 2.9781 0.199999
      vertex 240.898 1.5 -3.4
    endloop
  endfacet
  facet normal 0.981056 -0.193723 0
    outer loop
      vertex 241.198 2.22354 -3.4
      vertex 241.274 2.60842 -5.8
      vertex 241.274 2.60842 -3.4
    endloop
  endfacet
  facet normal 0.981056 -0.193723 0
    outer loop
      vertex 241.274 2.60842 -5.8
      vertex 241.198 2.22354 -3.4
      vertex 241.198 2.22354 -5.8
    endloop
  endfacet
  facet normal 0.947037 -0.321125 0
    outer loop
      vertex 241.072 1.85195 -3.4
      vertex 241.198 2.22354 -5.8
      vertex 241.198 2.22354 -3.4
    endloop
  endfacet
  facet normal 0.947037 -0.321125 0
    outer loop
      vertex 241.198 2.22354 -5.8
      vertex 241.072 1.85195 -3.4
      vertex 241.072 1.85195 -5.8
    endloop
  endfacet
  facet normal -0.267122 0.787897 0.554855
    outer loop
      vertex 223.153 19.9148 0.199999
      vertex 221.152 21.7716 -3.4
      vertex 222.843 19.8097 0.199999
    endloop
  endfacet
  facet normal -0.830192 0.165676 0.532289
    outer loop
      vertex 221.385 18.147 0.199999
      vertex 219.402 19.7765 -3.4
      vertex 221.321 17.8263 0.199999
    endloop
  endfacet
  facet normal -0.363129 0.735801 0.571606
    outer loop
      vertex 222.843 19.8097 0.199999
      vertex 220.8 21.5981 -3.4
      vertex 222.55 19.6651 0.199999
    endloop
  endfacet
  facet normal -0.675881 0.451554 0.582481
    outer loop
      vertex 219.92 20.8263 -3.4
      vertex 219.702 20.5 -3.4
      vertex 221.817 19.0219 0.199999
    endloop
  endfacet
  facet normal -0.675481 0.452143 0.582488
    outer loop
      vertex 221.817 19.0219 0.199999
      vertex 219.702 20.5 -3.4
      vertex 221.635 18.75 0.199999
    endloop
  endfacet
  facet normal 0.363129 0.735801 0.571606
    outer loop
      vertex 239.8 21.5981 -3.4
      vertex 237.757 19.8097 0.199999
      vertex 238.05 19.6651 0.199999
    endloop
  endfacet
  facet normal 0.267122 0.787897 0.554855
    outer loop
      vertex 239.448 21.7716 -3.4
      vertex 237.447 19.9148 0.199999
      vertex 237.757 19.8097 0.199999
    endloop
  endfacet
  facet normal 0.267266 0.78782 0.554895
    outer loop
      vertex 239.076 21.8978 -3.4
      vertex 237.447 19.9148 0.199999
      vertex 239.448 21.7716 -3.4
    endloop
  endfacet
  facet normal -0.555906 -0.831245 0
    outer loop
      vertex 220.474 0.61994 -5.8
      vertex 220.8 0.401923 -3.4
      vertex 220.474 0.61994 -3.4
    endloop
  endfacet
  facet normal -0.555906 -0.831245 -0
    outer loop
      vertex 220.8 0.401923 -3.4
      vertex 220.474 0.61994 -5.8
      vertex 220.8 0.401923 -5.8
    endloop
  endfacet
  facet normal -0.451882 -0.675698 0.582439
    outer loop
      vertex 222.278 2.51662 0.199999
      vertex 220.474 0.61994 -3.4
      vertex 220.8 0.401923 -3.4
    endloop
  endfacet
  facet normal -0.165052 -0.830433 0.532109
    outer loop
      vertex 223.153 2.08519 0.199999
      vertex 221.524 0.102222 -3.4
      vertex 223.474 2.02139 0.199999
    endloop
  endfacet
  facet normal -0.267156 -0.787876 0.554869
    outer loop
      vertex 223.153 2.08519 0.199999
      vertex 221.152 0.228361 -3.4
      vertex 221.524 0.102222 -3.4
    endloop
  endfacet
  facet normal -0.4515 -0.675957 0.582434
    outer loop
      vertex 222.278 2.51662 0.199999
      vertex 220.8 0.401923 -3.4
      vertex 222.55 2.33494 0.199999
    endloop
  endfacet
  facet normal -0.362886 -0.735968 0.571546
    outer loop
      vertex 222.843 2.1903 0.199999
      vertex 220.8 0.401923 -3.4
      vertex 221.152 0.228361 -3.4
    endloop
  endfacet
  facet normal -0.321124 -0.947037 0
    outer loop
      vertex 221.152 0.228361 -5.8
      vertex 221.524 0.102222 -3.4
      vertex 221.152 0.228361 -3.4
    endloop
  endfacet
  facet normal -0.321124 -0.947037 -0
    outer loop
      vertex 221.524 0.102222 -3.4
      vertex 221.152 0.228361 -5.8
      vertex 221.524 0.102222 -5.8
    endloop
  endfacet
  facet normal -0.735498 -0.363624 0.571683
    outer loop
      vertex 221.49 3.54329 0.199999
      vertex 219.702 1.5 -3.4
      vertex 221.635 3.25 0.199999
    endloop
  endfacet
  facet normal -0.675481 -0.452143 0.582488
    outer loop
      vertex 221.635 3.25 0.199999
      vertex 219.702 1.5 -3.4
      vertex 221.817 2.9781 0.199999
    endloop
  endfacet
  facet normal -0.608004 -0.533733 0.587759
    outer loop
      vertex 222.032 2.73223 0.199999
      vertex 219.92 1.17372 -3.4
      vertex 220.179 0.878679 -3.4
    endloop
  endfacet
  facet normal -0.608995 -0.532533 0.587821
    outer loop
      vertex 221.817 2.9781 0.199999
      vertex 219.92 1.17372 -3.4
      vertex 222.032 2.73223 0.199999
    endloop
  endfacet
  facet normal -0.89643 -0.443185 0
    outer loop
      vertex 219.702 1.5 -5.8
      vertex 219.528 1.85195 -3.4
      vertex 219.528 1.85195 -5.8
    endloop
  endfacet
  facet normal -0.89643 -0.443185 0
    outer loop
      vertex 219.528 1.85195 -3.4
      vertex 219.702 1.5 -5.8
      vertex 219.702 1.5 -3.4
    endloop
  endfacet
  facet normal -0.947037 -0.321125 0
    outer loop
      vertex 219.528 1.85195 -5.8
      vertex 219.402 2.22354 -3.4
      vertex 219.402 2.22354 -5.8
    endloop
  endfacet
  facet normal -0.947037 -0.321125 0
    outer loop
      vertex 219.402 2.22354 -3.4
      vertex 219.528 1.85195 -5.8
      vertex 219.528 1.85195 -3.4
    endloop
  endfacet
  facet normal 0.195519 -0.9807 0
    outer loop
      vertex 238.692 0.0256653 -5.8
      vertex 239.076 0.102222 -3.4
      vertex 238.692 0.0256653 -3.4
    endloop
  endfacet
  facet normal 0.195519 -0.9807 0
    outer loop
      vertex 239.076 0.102222 -3.4
      vertex 238.692 0.0256653 -5.8
      vertex 239.076 0.102222 -5.8
    endloop
  endfacet
  facet normal 0.533254 -0.608416 0.587767
    outer loop
      vertex 238.568 2.73223 0.199999
      vertex 238.322 2.51662 0.199999
      vertex 240.126 0.61994 -3.4
    endloop
  endfacet
  facet normal 0.451882 -0.675698 0.582439
    outer loop
      vertex 240.126 0.61994 -3.4
      vertex 238.322 2.51662 0.199999
      vertex 239.8 0.401923 -3.4
    endloop
  endfacet
  facet normal 0.675868 -0.451573 0.582481
    outer loop
      vertex 240.898 1.5 -3.4
      vertex 238.783 2.9781 0.199999
      vertex 240.68 1.17372 -3.4
    endloop
  endfacet
  facet normal 0.608995 -0.532533 0.587821
    outer loop
      vertex 238.783 2.9781 0.199999
      vertex 238.568 2.73223 0.199999
      vertex 240.68 1.17372 -3.4
    endloop
  endfacet
  facet normal 0.83085 -0.164063 0.531763
    outer loop
      vertex 241.274 2.60842 -3.4
      vertex 239.279 4.17368 0.199999
      vertex 241.198 2.22354 -3.4
    endloop
  endfacet
  facet normal 0.8302 -0.165662 0.532283
    outer loop
      vertex 239.279 4.17368 0.199999
      vertex 239.215 3.85295 0.199999
      vertex 241.198 2.22354 -3.4
    endloop
  endfacet
  facet normal -0.78783 0.267205 0.55491
    outer loop
      vertex 219.528 20.148 -3.4
      vertex 219.402 19.7765 -3.4
      vertex 221.385 18.147 0.199999
    endloop
  endfacet
  facet normal -0.735524 0.363583 0.571674
    outer loop
      vertex 219.702 20.5 -3.4
      vertex 219.528 20.148 -3.4
      vertex 221.49 18.4567 0.199999
    endloop
  endfacet
  facet normal -0.363206 -0.735753 0.57162
    outer loop
      vertex 222.55 2.33494 0.199999
      vertex 220.8 0.401923 -3.4
      vertex 222.843 2.1903 0.199999
    endloop
  endfacet
  facet normal 0.442237 -0.896898 0
    outer loop
      vertex 239.448 0.228361 -5.8
      vertex 239.8 0.401923 -3.4
      vertex 239.448 0.228361 -3.4
    endloop
  endfacet
  facet normal 0.442237 -0.896898 0
    outer loop
      vertex 239.8 0.401923 -3.4
      vertex 239.448 0.228361 -5.8
      vertex 239.8 0.401923 -5.8
    endloop
  endfacet
  facet normal 0.0564756 -0.862582 0.502755
    outer loop
      vertex 238.692 0.0256653 -3.4
      vertex 237.126 2.02139 0.199999
      vertex 238.3 0 -3.4
    endloop
  endfacet
  facet normal 0.267156 -0.787876 0.554869
    outer loop
      vertex 239.448 0.228361 -3.4
      vertex 237.447 2.08519 0.199999
      vertex 239.076 0.102222 -3.4
    endloop
  endfacet
  facet normal 0.267143 -0.787882 0.554866
    outer loop
      vertex 237.757 2.1903 0.199999
      vertex 237.447 2.08519 0.199999
      vertex 239.448 0.228361 -3.4
    endloop
  endfacet
  facet normal 0.65939 -0.751801 0
    outer loop
      vertex 240.126 0.61994 -5.8
      vertex 240.421 0.878679 -3.4
      vertex 240.126 0.61994 -3.4
    endloop
  endfacet
  facet normal 0.65939 -0.751801 0
    outer loop
      vertex 240.421 0.878679 -3.4
      vertex 240.126 0.61994 -5.8
      vertex 240.421 0.878679 -5.8
    endloop
  endfacet
  facet normal 0.533472 -0.608236 0.587756
    outer loop
      vertex 240.421 0.878679 -3.4
      vertex 238.568 2.73223 0.199999
      vertex 240.126 0.61994 -3.4
    endloop
  endfacet
  facet normal 0.831485 -0.555547 0
    outer loop
      vertex 240.68 1.17372 -3.4
      vertex 240.898 1.5 -5.8
      vertex 240.898 1.5 -3.4
    endloop
  endfacet
  facet normal 0.831485 -0.555547 0
    outer loop
      vertex 240.898 1.5 -5.8
      vertex 240.68 1.17372 -3.4
      vertex 240.68 1.17372 -5.8
    endloop
  endfacet
  facet normal 0.89643 -0.443185 0
    outer loop
      vertex 240.898 1.5 -3.4
      vertex 241.072 1.85195 -5.8
      vertex 241.072 1.85195 -3.4
    endloop
  endfacet
  facet normal 0.89643 -0.443185 0
    outer loop
      vertex 241.072 1.85195 -5.8
      vertex 240.898 1.5 -3.4
      vertex 240.898 1.5 -5.8
    endloop
  endfacet
  facet normal 0.735499 -0.363622 0.571683
    outer loop
      vertex 241.072 1.85195 -3.4
      vertex 239.11 3.54329 0.199999
      vertex 240.898 1.5 -3.4
    endloop
  endfacet
  facet normal -0.787876 0.26712 0.554887
    outer loop
      vertex 221.49 18.4567 0.199999
      vertex 219.528 20.148 -3.4
      vertex 221.385 18.147 0.199999
    endloop
  endfacet
  facet normal -0.555626 -0.831432 0
    outer loop
      vertex 234.3 17.9282 -5.8
      vertex 235.17 17.3468 -5
      vertex 234.3 17.9282 -5
    endloop
  endfacet
  facet normal -0.555626 -0.831432 -0
    outer loop
      vertex 235.17 17.3468 -5
      vertex 234.3 17.9282 -5.8
      vertex 235.17 17.3468 -5.8
    endloop
  endfacet
  facet normal 0.980632 -0.195859 0
    outer loop
      vertex 222.368 12.0442 -5
      vertex 222.573 13.0706 -5.8
      vertex 222.573 13.0706 -5
    endloop
  endfacet
  facet normal 0.980632 -0.195859 0
    outer loop
      vertex 222.573 13.0706 -5.8
      vertex 222.368 12.0442 -5
      vertex 222.368 12.0442 -5.8
    endloop
  endfacet
  facet normal 0.194968 0.98081 -0
    outer loop
      vertex 229.256 3.06844 -5.8
      vertex 228.229 3.27259 -5
      vertex 229.256 3.06844 -5
    endloop
  endfacet
  facet normal 0.194968 0.98081 0
    outer loop
      vertex 228.229 3.27259 -5
      vertex 229.256 3.06844 -5.8
      vertex 228.229 3.27259 -5.8
    endloop
  endfacet
  facet normal -0.442086 -0.896973 0
    outer loop
      vertex 233.361 18.391 -5.8
      vertex 234.3 17.9282 -5
      vertex 233.361 18.391 -5
    endloop
  endfacet
  facet normal -0.442086 -0.896973 -0
    outer loop
      vertex 234.3 17.9282 -5
      vertex 233.361 18.391 -5.8
      vertex 234.3 17.9282 -5.8
    endloop
  endfacet
  facet normal 0.442086 -0.896973 0
    outer loop
      vertex 226.3 17.9282 -5.8
      vertex 227.239 18.391 -5
      vertex 226.3 17.9282 -5
    endloop
  endfacet
  facet normal 0.442086 -0.896973 0
    outer loop
      vertex 227.239 18.391 -5
      vertex 226.3 17.9282 -5.8
      vertex 227.239 18.391 -5.8
    endloop
  endfacet
  facet normal 0.947036 -0.321126 0
    outer loop
      vertex 222.573 13.0706 -5
      vertex 222.909 14.0615 -5.8
      vertex 222.909 14.0615 -5
    endloop
  endfacet
  facet normal 0.947036 -0.321126 0
    outer loop
      vertex 222.909 14.0615 -5.8
      vertex 222.573 13.0706 -5
      vertex 222.573 13.0706 -5.8
    endloop
  endfacet
  facet normal 0.831635 0.555322 0
    outer loop
      vertex 223.953 6.12991 -5
      vertex 223.372 7 -5.8
      vertex 223.372 7 -5
    endloop
  endfacet
  facet normal 0.831635 0.555322 0
    outer loop
      vertex 223.372 7 -5.8
      vertex 223.953 6.12991 -5
      vertex 223.953 6.12991 -5.8
    endloop
  endfacet
  facet normal -0.947036 -0.321126 0
    outer loop
      vertex 238.027 13.0706 -5.8
      vertex 237.691 14.0615 -5
      vertex 237.691 14.0615 -5.8
    endloop
  endfacet
  facet normal -0.947036 -0.321126 0
    outer loop
      vertex 237.691 14.0615 -5
      vertex 238.027 13.0706 -5.8
      vertex 238.027 13.0706 -5
    endloop
  endfacet
  facet normal -0.896803 -0.442429 0
    outer loop
      vertex 237.691 14.0615 -5.8
      vertex 237.228 15 -5
      vertex 237.228 15 -5.8
    endloop
  endfacet
  facet normal -0.896803 -0.442429 0
    outer loop
      vertex 237.228 15 -5
      vertex 237.691 14.0615 -5.8
      vertex 237.691 14.0615 -5
    endloop
  endfacet
  facet normal -0.659194 -0.751973 0
    outer loop
      vertex 235.17 17.3468 -5.8
      vertex 235.957 16.6569 -5
      vertex 235.17 17.3468 -5
    endloop
  endfacet
  facet normal -0.659194 -0.751973 -0
    outer loop
      vertex 235.957 16.6569 -5
      vertex 235.17 17.3468 -5.8
      vertex 235.957 16.6569 -5.8
    endloop
  endfacet
  facet normal -0.321731 -0.946831 0
    outer loop
      vertex 232.371 18.7274 -5.8
      vertex 233.361 18.391 -5
      vertex 232.371 18.7274 -5
    endloop
  endfacet
  facet normal -0.321731 -0.946831 -0
    outer loop
      vertex 233.361 18.391 -5
      vertex 232.371 18.7274 -5.8
      vertex 233.361 18.391 -5.8
    endloop
  endfacet
  facet normal 0.0653771 -0.997861 0
    outer loop
      vertex 229.256 18.9316 -5.8
      vertex 230.3 19 -5
      vertex 229.256 18.9316 -5
    endloop
  endfacet
  facet normal 0.0653771 -0.997861 0
    outer loop
      vertex 230.3 19 -5
      vertex 229.256 18.9316 -5.8
      vertex 230.3 19 -5.8
    endloop
  endfacet
  facet normal -0.0653771 -0.997861 0
    outer loop
      vertex 230.3 19 -5.8
      vertex 231.344 18.9316 -5
      vertex 230.3 19 -5
    endloop
  endfacet
  facet normal -0.0653771 -0.997861 -0
    outer loop
      vertex 231.344 18.9316 -5
      vertex 230.3 19 -5.8
      vertex 231.344 18.9316 -5.8
    endloop
  endfacet
  facet normal 0.997886 0.0649834 0
    outer loop
      vertex 222.368 9.95579 -5
      vertex 222.3 11 -5.8
      vertex 222.3 11 -5
    endloop
  endfacet
  facet normal 0.997886 0.0649834 0
    outer loop
      vertex 222.3 11 -5.8
      vertex 222.368 9.95579 -5
      vertex 222.368 9.95579 -5.8
    endloop
  endfacet
  facet normal 0.831638 -0.555318 0
    outer loop
      vertex 223.372 15 -5
      vertex 223.953 15.8701 -5.8
      vertex 223.953 15.8701 -5
    endloop
  endfacet
  facet normal 0.831638 -0.555318 0
    outer loop
      vertex 223.953 15.8701 -5.8
      vertex 223.372 15 -5
      vertex 223.372 15 -5.8
    endloop
  endfacet
  facet normal 0.555626 -0.831432 0
    outer loop
      vertex 225.43 17.3468 -5.8
      vertex 226.3 17.9282 -5
      vertex 225.43 17.3468 -5
    endloop
  endfacet
  facet normal 0.555626 -0.831432 0
    outer loop
      vertex 226.3 17.9282 -5
      vertex 225.43 17.3468 -5.8
      vertex 226.3 17.9282 -5.8
    endloop
  endfacet
  facet normal 0.659194 -0.751973 0
    outer loop
      vertex 224.643 16.6569 -5.8
      vertex 225.43 17.3468 -5
      vertex 224.643 16.6569 -5
    endloop
  endfacet
  facet normal 0.659194 -0.751973 0
    outer loop
      vertex 225.43 17.3468 -5
      vertex 224.643 16.6569 -5.8
      vertex 225.43 17.3468 -5.8
    endloop
  endfacet
  facet normal -0.997886 -0.064984 0
    outer loop
      vertex 238.3 11 -5.8
      vertex 238.232 12.0442 -5
      vertex 238.232 12.0442 -5.8
    endloop
  endfacet
  facet normal -0.997886 -0.064984 0
    outer loop
      vertex 238.232 12.0442 -5
      vertex 238.3 11 -5.8
      vertex 238.3 11 -5
    endloop
  endfacet
  facet normal -0.442117 0.896957 0
    outer loop
      vertex 234.3 4.0718 -5.8
      vertex 233.361 3.60896 -5
      vertex 234.3 4.0718 -5
    endloop
  endfacet
  facet normal -0.442117 0.896957 0
    outer loop
      vertex 233.361 3.60896 -5
      vertex 234.3 4.0718 -5.8
      vertex 233.361 3.60896 -5.8
    endloop
  endfacet
  facet normal -0.831635 0.555322 0
    outer loop
      vertex 236.647 6.12991 -5.8
      vertex 237.228 7 -5
      vertex 237.228 7 -5.8
    endloop
  endfacet
  facet normal -0.831635 0.555322 0
    outer loop
      vertex 237.228 7 -5
      vertex 236.647 6.12991 -5.8
      vertex 236.647 6.12991 -5
    endloop
  endfacet
  facet normal -0.980632 -0.195859 0
    outer loop
      vertex 238.232 12.0442 -5.8
      vertex 238.027 13.0706 -5
      vertex 238.027 13.0706 -5.8
    endloop
  endfacet
  facet normal -0.980632 -0.195859 0
    outer loop
      vertex 238.027 13.0706 -5
      vertex 238.232 12.0442 -5.8
      vertex 238.232 12.0442 -5
    endloop
  endfacet
  facet normal -0.831638 -0.555318 0
    outer loop
      vertex 237.228 15 -5.8
      vertex 236.647 15.8701 -5
      vertex 236.647 15.8701 -5.8
    endloop
  endfacet
  facet normal -0.831638 -0.555318 0
    outer loop
      vertex 236.647 15.8701 -5
      vertex 237.228 15 -5.8
      vertex 237.228 15 -5
    endloop
  endfacet
  facet normal -0.751842 -0.659343 0
    outer loop
      vertex 236.647 15.8701 -5.8
      vertex 235.957 16.6569 -5
      vertex 235.957 16.6569 -5.8
    endloop
  endfacet
  facet normal -0.751842 -0.659343 0
    outer loop
      vertex 235.957 16.6569 -5
      vertex 236.647 15.8701 -5.8
      vertex 236.647 15.8701 -5
    endloop
  endfacet
  facet normal -0.195014 -0.9808 0
    outer loop
      vertex 231.344 18.9316 -5.8
      vertex 232.371 18.7274 -5
      vertex 231.344 18.9316 -5
    endloop
  endfacet
  facet normal -0.195014 -0.9808 -0
    outer loop
      vertex 232.371 18.7274 -5
      vertex 231.344 18.9316 -5.8
      vertex 232.371 18.7274 -5.8
    endloop
  endfacet
  facet normal 0.896803 -0.442429 0
    outer loop
      vertex 222.909 14.0615 -5
      vertex 223.372 15 -5.8
      vertex 223.372 15 -5
    endloop
  endfacet
  facet normal 0.896803 -0.442429 0
    outer loop
      vertex 223.372 15 -5.8
      vertex 222.909 14.0615 -5
      vertex 222.909 14.0615 -5.8
    endloop
  endfacet
  facet normal 0.195014 -0.9808 0
    outer loop
      vertex 228.229 18.7274 -5.8
      vertex 229.256 18.9316 -5
      vertex 228.229 18.7274 -5
    endloop
  endfacet
  facet normal 0.195014 -0.9808 0
    outer loop
      vertex 229.256 18.9316 -5
      vertex 228.229 18.7274 -5.8
      vertex 229.256 18.9316 -5.8
    endloop
  endfacet
  facet normal 0.321731 -0.946831 0
    outer loop
      vertex 227.239 18.391 -5.8
      vertex 228.229 18.7274 -5
      vertex 227.239 18.391 -5
    endloop
  endfacet
  facet normal 0.321731 -0.946831 0
    outer loop
      vertex 228.229 18.7274 -5
      vertex 227.239 18.391 -5.8
      vertex 228.229 18.7274 -5.8
    endloop
  endfacet
  facet normal 0.751842 -0.659343 0
    outer loop
      vertex 223.953 15.8701 -5
      vertex 224.643 16.6569 -5.8
      vertex 224.643 16.6569 -5
    endloop
  endfacet
  facet normal 0.751842 -0.659343 0
    outer loop
      vertex 224.643 16.6569 -5.8
      vertex 223.953 15.8701 -5
      vertex 223.953 15.8701 -5.8
    endloop
  endfacet
  facet normal -0.997886 0.0649834 0
    outer loop
      vertex 238.232 9.95579 -5.8
      vertex 238.3 11 -5
      vertex 238.3 11 -5.8
    endloop
  endfacet
  facet normal -0.997886 0.0649834 0
    outer loop
      vertex 238.3 11 -5
      vertex 238.232 9.95579 -5.8
      vertex 238.232 9.95579 -5
    endloop
  endfacet
  facet normal -0.98063 0.19587 0
    outer loop
      vertex 238.027 8.92945 -5.8
      vertex 238.232 9.95579 -5
      vertex 238.232 9.95579 -5.8
    endloop
  endfacet
  facet normal -0.98063 0.19587 0
    outer loop
      vertex 238.232 9.95579 -5
      vertex 238.027 8.92945 -5.8
      vertex 238.027 8.92945 -5
    endloop
  endfacet
  facet normal -0.194968 0.98081 0
    outer loop
      vertex 232.371 3.27259 -5.8
      vertex 231.344 3.06844 -5
      vertex 232.371 3.27259 -5
    endloop
  endfacet
  facet normal -0.194968 0.98081 0
    outer loop
      vertex 231.344 3.06844 -5
      vertex 232.371 3.27259 -5.8
      vertex 231.344 3.06844 -5.8
    endloop
  endfacet
  facet normal -0.321706 0.94684 0
    outer loop
      vertex 233.361 3.60896 -5.8
      vertex 232.371 3.27259 -5
      vertex 233.361 3.60896 -5
    endloop
  endfacet
  facet normal -0.321706 0.94684 0
    outer loop
      vertex 232.371 3.27259 -5
      vertex 233.361 3.60896 -5.8
      vertex 232.371 3.27259 -5.8
    endloop
  endfacet
  facet normal -0.555606 0.831446 0
    outer loop
      vertex 235.17 4.65317 -5.8
      vertex 234.3 4.0718 -5
      vertex 235.17 4.65317 -5
    endloop
  endfacet
  facet normal -0.555606 0.831446 0
    outer loop
      vertex 234.3 4.0718 -5
      vertex 235.17 4.65317 -5.8
      vertex 234.3 4.0718 -5.8
    endloop
  endfacet
  facet normal -0.751826 0.659362 0
    outer loop
      vertex 235.957 5.34315 -5.8
      vertex 236.647 6.12991 -5
      vertex 236.647 6.12991 -5.8
    endloop
  endfacet
  facet normal -0.751826 0.659362 0
    outer loop
      vertex 236.647 6.12991 -5
      vertex 235.957 5.34315 -5.8
      vertex 235.957 5.34315 -5
    endloop
  endfacet
  facet normal -0.947038 0.321121 0
    outer loop
      vertex 237.691 7.93853 -5.8
      vertex 238.027 8.92945 -5
      vertex 238.027 8.92945 -5.8
    endloop
  endfacet
  facet normal -0.947038 0.321121 0
    outer loop
      vertex 238.027 8.92945 -5
      vertex 237.691 7.93853 -5.8
      vertex 237.691 7.93853 -5
    endloop
  endfacet
  facet normal -0.896809 0.442418 0
    outer loop
      vertex 237.228 7 -5.8
      vertex 237.691 7.93853 -5
      vertex 237.691 7.93853 -5.8
    endloop
  endfacet
  facet normal -0.896809 0.442418 0
    outer loop
      vertex 237.691 7.93853 -5
      vertex 237.228 7 -5.8
      vertex 237.228 7 -5
    endloop
  endfacet
  facet normal 0.0654151 0.997858 -0
    outer loop
      vertex 230.3 3 -5.8
      vertex 229.256 3.06844 -5
      vertex 230.3 3 -5
    endloop
  endfacet
  facet normal 0.0654151 0.997858 0
    outer loop
      vertex 229.256 3.06844 -5
      vertex 230.3 3 -5.8
      vertex 229.256 3.06844 -5.8
    endloop
  endfacet
  facet normal -0.0654151 0.997858 0
    outer loop
      vertex 231.344 3.06844 -5.8
      vertex 230.3 3 -5
      vertex 231.344 3.06844 -5
    endloop
  endfacet
  facet normal -0.0654151 0.997858 0
    outer loop
      vertex 230.3 3 -5
      vertex 231.344 3.06844 -5.8
      vertex 230.3 3 -5.8
    endloop
  endfacet
  facet normal 0.321706 0.94684 -0
    outer loop
      vertex 228.229 3.27259 -5.8
      vertex 227.239 3.60896 -5
      vertex 228.229 3.27259 -5
    endloop
  endfacet
  facet normal 0.321706 0.94684 0
    outer loop
      vertex 227.239 3.60896 -5
      vertex 228.229 3.27259 -5.8
      vertex 227.239 3.60896 -5.8
    endloop
  endfacet
  facet normal 0.555606 0.831446 -0
    outer loop
      vertex 226.3 4.0718 -5.8
      vertex 225.43 4.65317 -5
      vertex 226.3 4.0718 -5
    endloop
  endfacet
  facet normal 0.555606 0.831446 0
    outer loop
      vertex 225.43 4.65317 -5
      vertex 226.3 4.0718 -5.8
      vertex 225.43 4.65317 -5.8
    endloop
  endfacet
  facet normal 0.896809 0.442418 0
    outer loop
      vertex 223.372 7 -5
      vertex 222.909 7.93853 -5.8
      vertex 222.909 7.93853 -5
    endloop
  endfacet
  facet normal 0.896809 0.442418 0
    outer loop
      vertex 222.909 7.93853 -5.8
      vertex 223.372 7 -5
      vertex 223.372 7 -5.8
    endloop
  endfacet
  facet normal 0.98063 0.19587 0
    outer loop
      vertex 222.573 8.92945 -5
      vertex 222.368 9.95579 -5.8
      vertex 222.368 9.95579 -5
    endloop
  endfacet
  facet normal 0.98063 0.19587 0
    outer loop
      vertex 222.368 9.95579 -5.8
      vertex 222.573 8.92945 -5
      vertex 222.573 8.92945 -5.8
    endloop
  endfacet
  facet normal 0.751826 0.659362 0
    outer loop
      vertex 224.643 5.34315 -5
      vertex 223.953 6.12991 -5.8
      vertex 223.953 6.12991 -5
    endloop
  endfacet
  facet normal 0.751826 0.659362 0
    outer loop
      vertex 223.953 6.12991 -5.8
      vertex 224.643 5.34315 -5
      vertex 224.643 5.34315 -5.8
    endloop
  endfacet
  facet normal 0.659238 0.751935 -0
    outer loop
      vertex 225.43 4.65317 -5.8
      vertex 224.643 5.34315 -5
      vertex 225.43 4.65317 -5
    endloop
  endfacet
  facet normal 0.659238 0.751935 0
    outer loop
      vertex 224.643 5.34315 -5
      vertex 225.43 4.65317 -5.8
      vertex 224.643 5.34315 -5.8
    endloop
  endfacet
  facet normal 0 0 -1
    outer loop
      vertex 238.232 9.95579 -5
      vertex 238.232 12.0442 -5
      vertex 238.3 11 -5
    endloop
  endfacet
  facet normal 0 0 -1
    outer loop
      vertex 238.027 8.92945 -5
      vertex 238.232 12.0442 -5
      vertex 238.232 9.95579 -5
    endloop
  endfacet
  facet normal 0 0 -1
    outer loop
      vertex 238.027 8.92945 -5
      vertex 238.027 13.0706 -5
      vertex 238.232 12.0442 -5
    endloop
  endfacet
  facet normal 0 0 -1
    outer loop
      vertex 237.691 7.93853 -5
      vertex 238.027 13.0706 -5
      vertex 238.027 8.92945 -5
    endloop
  endfacet
  facet normal 0 0 -1
    outer loop
      vertex 237.691 7.93853 -5
      vertex 237.691 14.0615 -5
      vertex 238.027 13.0706 -5
    endloop
  endfacet
  facet normal 0 0 -1
    outer loop
      vertex 237.228 7 -5
      vertex 237.691 14.0615 -5
      vertex 237.691 7.93853 -5
    endloop
  endfacet
  facet normal 0 0 -1
    outer loop
      vertex 237.228 7 -5
      vertex 237.228 15 -5
      vertex 237.691 14.0615 -5
    endloop
  endfacet
  facet normal 0 0 -1
    outer loop
      vertex 236.647 6.12991 -5
      vertex 237.228 15 -5
      vertex 237.228 7 -5
    endloop
  endfacet
  facet normal 0 0 -1
    outer loop
      vertex 236.647 6.12991 -5
      vertex 236.647 15.8701 -5
      vertex 237.228 15 -5
    endloop
  endfacet
  facet normal 0 0 -1
    outer loop
      vertex 235.957 5.34315 -5
      vertex 236.647 15.8701 -5
      vertex 236.647 6.12991 -5
    endloop
  endfacet
  facet normal 0 0 -1
    outer loop
      vertex 235.957 5.34315 -5
      vertex 235.957 16.6569 -5
      vertex 236.647 15.8701 -5
    endloop
  endfacet
  facet normal 0 0 -1
    outer loop
      vertex 235.17 4.65317 -5
      vertex 235.957 16.6569 -5
      vertex 235.957 5.34315 -5
    endloop
  endfacet
  facet normal 0 0 -1
    outer loop
      vertex 235.17 4.65317 -5
      vertex 235.17 17.3468 -5
      vertex 235.957 16.6569 -5
    endloop
  endfacet
  facet normal 0 0 -1
    outer loop
      vertex 234.3 4.0718 -5
      vertex 235.17 17.3468 -5
      vertex 235.17 4.65317 -5
    endloop
  endfacet
  facet normal 0 0 -1
    outer loop
      vertex 234.3 4.0718 -5
      vertex 234.3 17.9282 -5
      vertex 235.17 17.3468 -5
    endloop
  endfacet
  facet normal 0 0 -1
    outer loop
      vertex 233.361 3.60896 -5
      vertex 234.3 17.9282 -5
      vertex 234.3 4.0718 -5
    endloop
  endfacet
  facet normal 0 0 -1
    outer loop
      vertex 233.361 3.60896 -5
      vertex 233.361 18.391 -5
      vertex 234.3 17.9282 -5
    endloop
  endfacet
  facet normal 0 0 -1
    outer loop
      vertex 232.371 3.27259 -5
      vertex 233.361 18.391 -5
      vertex 233.361 3.60896 -5
    endloop
  endfacet
  facet normal 0 0 -1
    outer loop
      vertex 232.371 3.27259 -5
      vertex 232.371 18.7274 -5
      vertex 233.361 18.391 -5
    endloop
  endfacet
  facet normal 0 0 -1
    outer loop
      vertex 231.344 3.06844 -5
      vertex 232.371 18.7274 -5
      vertex 232.371 3.27259 -5
    endloop
  endfacet
  facet normal 0 0 -1
    outer loop
      vertex 231.344 3.06844 -5
      vertex 231.344 18.9316 -5
      vertex 232.371 18.7274 -5
    endloop
  endfacet
  facet normal 0 0 -1
    outer loop
      vertex 230.3 3 -5
      vertex 231.344 18.9316 -5
      vertex 231.344 3.06844 -5
    endloop
  endfacet
  facet normal 0 0 -1
    outer loop
      vertex 230.3 3 -5
      vertex 230.3 19 -5
      vertex 231.344 18.9316 -5
    endloop
  endfacet
  facet normal 0 0 -1
    outer loop
      vertex 229.256 3.06844 -5
      vertex 230.3 19 -5
      vertex 230.3 3 -5
    endloop
  endfacet
  facet normal 0 0 -1
    outer loop
      vertex 229.256 3.06844 -5
      vertex 229.256 18.9316 -5
      vertex 230.3 19 -5
    endloop
  endfacet
  facet normal 0 0 -1
    outer loop
      vertex 228.229 3.27259 -5
      vertex 229.256 18.9316 -5
      vertex 229.256 3.06844 -5
    endloop
  endfacet
  facet normal 0 0 -1
    outer loop
      vertex 228.229 3.27259 -5
      vertex 228.229 18.7274 -5
      vertex 229.256 18.9316 -5
    endloop
  endfacet
  facet normal 0 0 -1
    outer loop
      vertex 227.239 3.60896 -5
      vertex 228.229 18.7274 -5
      vertex 228.229 3.27259 -5
    endloop
  endfacet
  facet normal 0 0 -1
    outer loop
      vertex 227.239 3.60896 -5
      vertex 227.239 18.391 -5
      vertex 228.229 18.7274 -5
    endloop
  endfacet
  facet normal 0 0 -1
    outer loop
      vertex 226.3 4.0718 -5
      vertex 227.239 18.391 -5
      vertex 227.239 3.60896 -5
    endloop
  endfacet
  facet normal 0 0 -1
    outer loop
      vertex 226.3 4.0718 -5
      vertex 226.3 17.9282 -5
      vertex 227.239 18.391 -5
    endloop
  endfacet
  facet normal 0 0 -1
    outer loop
      vertex 225.43 4.65317 -5
      vertex 226.3 17.9282 -5
      vertex 226.3 4.0718 -5
    endloop
  endfacet
  facet normal 0 0 -1
    outer loop
      vertex 225.43 4.65317 -5
      vertex 225.43 17.3468 -5
      vertex 226.3 17.9282 -5
    endloop
  endfacet
  facet normal 0 0 -1
    outer loop
      vertex 224.643 5.34315 -5
      vertex 225.43 17.3468 -5
      vertex 225.43 4.65317 -5
    endloop
  endfacet
  facet normal 0 0 -1
    outer loop
      vertex 224.643 5.34315 -5
      vertex 224.643 16.6569 -5
      vertex 225.43 17.3468 -5
    endloop
  endfacet
  facet normal 0 0 -1
    outer loop
      vertex 223.953 6.12991 -5
      vertex 224.643 16.6569 -5
      vertex 224.643 5.34315 -5
    endloop
  endfacet
  facet normal 0 0 -1
    outer loop
      vertex 223.953 6.12991 -5
      vertex 223.953 15.8701 -5
      vertex 224.643 16.6569 -5
    endloop
  endfacet
  facet normal 0 0 -1
    outer loop
      vertex 223.372 7 -5
      vertex 223.953 15.8701 -5
      vertex 223.953 6.12991 -5
    endloop
  endfacet
  facet normal 0 0 -1
    outer loop
      vertex 223.372 7 -5
      vertex 223.372 15 -5
      vertex 223.953 15.8701 -5
    endloop
  endfacet
  facet normal 0 0 -1
    outer loop
      vertex 222.909 7.93853 -5
      vertex 223.372 15 -5
      vertex 223.372 7 -5
    endloop
  endfacet
  facet normal 0 0 -1
    outer loop
      vertex 222.909 7.93853 -5
      vertex 222.909 14.0615 -5
      vertex 223.372 15 -5
    endloop
  endfacet
  facet normal 0 0 -1
    outer loop
      vertex 222.573 8.92945 -5
      vertex 222.909 14.0615 -5
      vertex 222.909 7.93853 -5
    endloop
  endfacet
  facet normal 0 0 -1
    outer loop
      vertex 222.573 8.92945 -5
      vertex 222.573 13.0706 -5
      vertex 222.909 14.0615 -5
    endloop
  endfacet
  facet normal 0 0 -1
    outer loop
      vertex 222.368 9.95579 -5
      vertex 222.573 13.0706 -5
      vertex 222.573 8.92945 -5
    endloop
  endfacet
  facet normal 0 0 -1
    outer loop
      vertex 222.368 9.95579 -5
      vertex 222.368 12.0442 -5
      vertex 222.573 13.0706 -5
    endloop
  endfacet
  facet normal 0 -0 -1
    outer loop
      vertex 222.368 12.0442 -5
      vertex 222.368 9.95579 -5
      vertex 222.3 11 -5
    endloop
  endfacet
  facet normal 0.997886 -0.064984 0
    outer loop
      vertex 222.3 11 -5
      vertex 222.368 12.0442 -5.8
      vertex 222.368 12.0442 -5
    endloop
  endfacet
  facet normal 0.997886 -0.064984 0
    outer loop
      vertex 222.368 12.0442 -5.8
      vertex 222.3 11 -5
      vertex 222.3 11 -5.8
    endloop
  endfacet
  facet normal -0.659238 0.751935 0
    outer loop
      vertex 235.957 5.34315 -5.8
      vertex 235.17 4.65317 -5
      vertex 235.957 5.34315 -5
    endloop
  endfacet
  facet normal -0.659238 0.751935 0
    outer loop
      vertex 235.17 4.65317 -5
      vertex 235.957 5.34315 -5.8
      vertex 235.17 4.65317 -5.8
    endloop
  endfacet
  facet normal 0.442117 0.896957 -0
    outer loop
      vertex 227.239 3.60896 -5.8
      vertex 226.3 4.0718 -5
      vertex 227.239 3.60896 -5
    endloop
  endfacet
  facet normal 0.442117 0.896957 0
    outer loop
      vertex 226.3 4.0718 -5
      vertex 227.239 3.60896 -5.8
      vertex 226.3 4.0718 -5.8
    endloop
  endfacet
  facet normal 0.947038 0.321121 0
    outer loop
      vertex 222.909 7.93853 -5
      vertex 222.573 8.92945 -5.8
      vertex 222.573 8.92945 -5
    endloop
  endfacet
  facet normal 0.947038 0.321121 0
    outer loop
      vertex 222.573 8.92945 -5.8
      vertex 222.909 7.93853 -5
      vertex 222.909 7.93853 -5.8
    endloop
  endfacet
  facet normal -0.997816 -0.0660498 0
    outer loop
      vertex 236.425 8 -2.05
      vertex 236.398 8.40789 0.199999
      vertex 236.398 8.40789 -2.05
    endloop
  endfacet
  facet normal -0.997816 -0.0660498 0
    outer loop
      vertex 236.398 8.40789 0.199999
      vertex 236.425 8 -2.05
      vertex 236.425 8 0.199999
    endloop
  endfacet
  facet normal 0.0653015 -0.997866 0
    outer loop
      vertex 232.892 11.0983 -2.05
      vertex 233.3 11.125 0.199999
      vertex 232.892 11.0983 0.199999
    endloop
  endfacet
  facet normal 0.0653015 -0.997866 0
    outer loop
      vertex 233.3 11.125 0.199999
      vertex 232.892 11.0983 -2.05
      vertex 233.3 11.125 -2.05
    endloop
  endfacet
  facet normal -0.0653746 0.997861 0
    outer loop
      vertex 233.708 4.90173 -2.05
      vertex 233.3 4.875 0.199999
      vertex 233.708 4.90173 0.199999
    endloop
  endfacet
  facet normal -0.0653746 0.997861 0
    outer loop
      vertex 233.3 4.875 0.199999
      vertex 233.708 4.90173 -2.05
      vertex 233.3 4.875 -2.05
    endloop
  endfacet
  facet normal 0.658532 0.752552 -0
    outer loop
      vertex 231.398 5.52077 -2.05
      vertex 231.09 5.79029 0.199999
      vertex 231.398 5.52077 0.199999
    endloop
  endfacet
  facet normal 0.658532 0.752552 0
    outer loop
      vertex 231.09 5.79029 0.199999
      vertex 231.398 5.52077 -2.05
      vertex 231.09 5.79029 -2.05
    endloop
  endfacet
  facet normal -0.658505 -0.752577 0
    outer loop
      vertex 235.202 10.4792 -2.05
      vertex 235.51 10.2097 0.199999
      vertex 235.202 10.4792 0.199999
    endloop
  endfacet
  facet normal -0.658505 -0.752577 -0
    outer loop
      vertex 235.51 10.2097 0.199999
      vertex 235.202 10.4792 -2.05
      vertex 235.51 10.2097 -2.05
    endloop
  endfacet
  facet normal 0.752461 -0.658636 0
    outer loop
      vertex 230.821 9.90238 0.199999
      vertex 231.09 10.2097 -2.05
      vertex 231.09 10.2097 0.199999
    endloop
  endfacet
  facet normal 0.752461 -0.658636 0
    outer loop
      vertex 231.09 10.2097 -2.05
      vertex 230.821 9.90238 0.199999
      vertex 230.821 9.90238 -2.05
    endloop
  endfacet
  facet normal 0.442897 -0.896572 0
    outer loop
      vertex 231.738 10.7063 -2.05
      vertex 232.104 10.8871 0.199999
      vertex 231.738 10.7063 0.199999
    endloop
  endfacet
  facet normal 0.442897 -0.896572 0
    outer loop
      vertex 232.104 10.8871 0.199999
      vertex 231.738 10.7063 -2.05
      vertex 232.104 10.8871 -2.05
    endloop
  endfacet
  facet normal -0.896671 -0.442698 0
    outer loop
      vertex 236.187 9.19589 -2.05
      vertex 236.006 9.5625 0.199999
      vertex 236.006 9.5625 -2.05
    endloop
  endfacet
  facet normal -0.896671 -0.442698 0
    outer loop
      vertex 236.006 9.5625 0.199999
      vertex 236.187 9.19589 -2.05
      vertex 236.187 9.19589 0.199999
    endloop
  endfacet
  facet normal -0.831583 -0.5554 0
    outer loop
      vertex 236.006 9.5625 -2.05
      vertex 235.779 9.90238 0.199999
      vertex 235.779 9.90238 -2.05
    endloop
  endfacet
  facet normal -0.831583 -0.5554 0
    outer loop
      vertex 235.779 9.90238 0.199999
      vertex 236.006 9.5625 -2.05
      vertex 236.006 9.5625 0.199999
    endloop
  endfacet
  facet normal -0.321508 -0.946907 0
    outer loop
      vertex 234.109 11.0185 -2.05
      vertex 234.496 10.8871 0.199999
      vertex 234.109 11.0185 0.199999
    endloop
  endfacet
  facet normal -0.321508 -0.946907 -0
    outer loop
      vertex 234.496 10.8871 0.199999
      vertex 234.109 11.0185 -2.05
      vertex 234.496 10.8871 -2.05
    endloop
  endfacet
  facet normal -0.556565 -0.830804 0
    outer loop
      vertex 234.863 10.7063 -2.05
      vertex 235.202 10.4792 0.199999
      vertex 234.863 10.7063 0.199999
    endloop
  endfacet
  facet normal -0.556565 -0.830804 -0
    outer loop
      vertex 235.202 10.4792 0.199999
      vertex 234.863 10.7063 -2.05
      vertex 235.202 10.4792 -2.05
    endloop
  endfacet
  facet normal 0.94648 -0.322764 0
    outer loop
      vertex 230.281 8.80881 0.199999
      vertex 230.413 9.19589 -2.05
      vertex 230.413 9.19589 0.199999
    endloop
  endfacet
  facet normal 0.94648 -0.322764 0
    outer loop
      vertex 230.413 9.19589 -2.05
      vertex 230.281 8.80881 0.199999
      vertex 230.281 8.80881 -2.05
    endloop
  endfacet
  facet normal 0.831583 -0.5554 0
    outer loop
      vertex 230.594 9.5625 0.199999
      vertex 230.821 9.90238 -2.05
      vertex 230.821 9.90238 0.199999
    endloop
  endfacet
  facet normal 0.831583 -0.5554 0
    outer loop
      vertex 230.821 9.90238 -2.05
      vertex 230.594 9.5625 0.199999
      vertex 230.594 9.5625 -2.05
    endloop
  endfacet
  facet normal 0.981134 -0.193329 0
    outer loop
      vertex 230.202 8.40789 0.199999
      vertex 230.281 8.80881 -2.05
      vertex 230.281 8.80881 0.199999
    endloop
  endfacet
  facet normal 0.981134 -0.193329 0
    outer loop
      vertex 230.281 8.80881 -2.05
      vertex 230.202 8.40789 0.199999
      vertex 230.202 8.40789 -2.05
    endloop
  endfacet
  facet normal 0.555434 -0.831561 0
    outer loop
      vertex 231.398 10.4792 -2.05
      vertex 231.738 10.7063 0.199999
      vertex 231.398 10.4792 0.199999
    endloop
  endfacet
  facet normal 0.555434 -0.831561 0
    outer loop
      vertex 231.738 10.7063 0.199999
      vertex 231.398 10.4792 -2.05
      vertex 231.738 10.7063 -2.05
    endloop
  endfacet
  facet normal 0.321508 -0.946907 0
    outer loop
      vertex 232.104 10.8871 -2.05
      vertex 232.491 11.0185 0.199999
      vertex 232.104 10.8871 0.199999
    endloop
  endfacet
  facet normal 0.321508 -0.946907 0
    outer loop
      vertex 232.491 11.0185 0.199999
      vertex 232.104 10.8871 -2.05
      vertex 232.491 11.0185 -2.05
    endloop
  endfacet
  facet normal -0.94648 0.322764 0
    outer loop
      vertex 236.187 6.80411 -2.05
      vertex 236.319 7.19119 0.199999
      vertex 236.319 7.19119 -2.05
    endloop
  endfacet
  facet normal -0.94648 0.322764 0
    outer loop
      vertex 236.319 7.19119 0.199999
      vertex 236.187 6.80411 -2.05
      vertex 236.187 6.80411 0.199999
    endloop
  endfacet
  facet normal -0.556565 0.830804 0
    outer loop
      vertex 235.202 5.52077 -2.05
      vertex 234.863 5.29367 0.199999
      vertex 235.202 5.52077 0.199999
    endloop
  endfacet
  facet normal -0.556565 0.830804 0
    outer loop
      vertex 234.863 5.29367 0.199999
      vertex 235.202 5.52077 -2.05
      vertex 234.863 5.29367 -2.05
    endloop
  endfacet
  facet normal 0.195058 0.980792 -0
    outer loop
      vertex 232.892 4.90173 -2.05
      vertex 232.491 4.98148 0.199999
      vertex 232.892 4.90173 0.199999
    endloop
  endfacet
  facet normal 0.195058 0.980792 0
    outer loop
      vertex 232.491 4.98148 0.199999
      vertex 232.892 4.90173 -2.05
      vertex 232.491 4.98148 -2.05
    endloop
  endfacet
  facet normal 0.831583 0.5554 0
    outer loop
      vertex 230.821 6.09762 0.199999
      vertex 230.594 6.4375 -2.05
      vertex 230.594 6.4375 0.199999
    endloop
  endfacet
  facet normal 0.831583 0.5554 0
    outer loop
      vertex 230.594 6.4375 -2.05
      vertex 230.821 6.09762 0.199999
      vertex 230.821 6.09762 -2.05
    endloop
  endfacet
  facet normal -0.94648 -0.322764 0
    outer loop
      vertex 236.319 8.80881 -2.05
      vertex 236.187 9.19589 0.199999
      vertex 236.187 9.19589 -2.05
    endloop
  endfacet
  facet normal -0.94648 -0.322764 0
    outer loop
      vertex 236.187 9.19589 0.199999
      vertex 236.319 8.80881 -2.05
      vertex 236.319 8.80881 0.199999
    endloop
  endfacet
  facet normal -0.981134 -0.193329 0
    outer loop
      vertex 236.398 8.40789 -2.05
      vertex 236.319 8.80881 0.199999
      vertex 236.319 8.80881 -2.05
    endloop
  endfacet
  facet normal -0.981134 -0.193329 0
    outer loop
      vertex 236.319 8.80881 0.199999
      vertex 236.398 8.40789 -2.05
      vertex 236.398 8.40789 0.199999
    endloop
  endfacet
  facet normal -0.752461 -0.658636 0
    outer loop
      vertex 235.779 9.90238 -2.05
      vertex 235.51 10.2097 0.199999
      vertex 235.51 10.2097 -2.05
    endloop
  endfacet
  facet normal -0.752461 -0.658636 0
    outer loop
      vertex 235.51 10.2097 0.199999
      vertex 235.779 9.90238 -2.05
      vertex 235.779 9.90238 0.199999
    endloop
  endfacet
  facet normal -0.195175 -0.980768 0
    outer loop
      vertex 233.708 11.0983 -2.05
      vertex 234.109 11.0185 0.199999
      vertex 233.708 11.0983 0.199999
    endloop
  endfacet
  facet normal -0.195175 -0.980768 -0
    outer loop
      vertex 234.109 11.0185 0.199999
      vertex 233.708 11.0983 -2.05
      vertex 234.109 11.0185 -2.05
    endloop
  endfacet
  facet normal -0.0653015 -0.997866 0
    outer loop
      vertex 233.3 11.125 -2.05
      vertex 233.708 11.0983 0.199999
      vertex 233.3 11.125 0.199999
    endloop
  endfacet
  facet normal -0.0653015 -0.997866 -0
    outer loop
      vertex 233.708 11.0983 0.199999
      vertex 233.3 11.125 -2.05
      vertex 233.708 11.0983 -2.05
    endloop
  endfacet
  facet normal -0.441926 -0.897051 0
    outer loop
      vertex 234.496 10.8871 -2.05
      vertex 234.863 10.7063 0.199999
      vertex 234.496 10.8871 0.199999
    endloop
  endfacet
  facet normal -0.441926 -0.897051 -0
    outer loop
      vertex 234.863 10.7063 0.199999
      vertex 234.496 10.8871 -2.05
      vertex 234.863 10.7063 -2.05
    endloop
  endfacet
  facet normal 0 0 1
    outer loop
      vertex 236.398 8.40789 -2.05
      vertex 236.398 7.5921 -2.05
      vertex 236.425 8 -2.05
    endloop
  endfacet
  facet normal 0 0 1
    outer loop
      vertex 236.319 8.80881 -2.05
      vertex 236.398 7.5921 -2.05
      vertex 236.398 8.40789 -2.05
    endloop
  endfacet
  facet normal 0 0 1
    outer loop
      vertex 236.319 8.80881 -2.05
      vertex 236.319 7.19119 -2.05
      vertex 236.398 7.5921 -2.05
    endloop
  endfacet
  facet normal 0 0 1
    outer loop
      vertex 236.187 9.19589 -2.05
      vertex 236.319 7.19119 -2.05
      vertex 236.319 8.80881 -2.05
    endloop
  endfacet
  facet normal 0 0 1
    outer loop
      vertex 236.187 9.19589 -2.05
      vertex 236.187 6.80411 -2.05
      vertex 236.319 7.19119 -2.05
    endloop
  endfacet
  facet normal 0 0 1
    outer loop
      vertex 236.006 9.5625 -2.05
      vertex 236.187 6.80411 -2.05
      vertex 236.187 9.19589 -2.05
    endloop
  endfacet
  facet normal 0 0 1
    outer loop
      vertex 236.006 9.5625 -2.05
      vertex 236.006 6.4375 -2.05
      vertex 236.187 6.80411 -2.05
    endloop
  endfacet
  facet normal 0 0 1
    outer loop
      vertex 235.779 9.90238 -2.05
      vertex 236.006 6.4375 -2.05
      vertex 236.006 9.5625 -2.05
    endloop
  endfacet
  facet normal 0 0 1
    outer loop
      vertex 235.779 9.90238 -2.05
      vertex 235.779 6.09762 -2.05
      vertex 236.006 6.4375 -2.05
    endloop
  endfacet
  facet normal 0 0 1
    outer loop
      vertex 235.51 10.2097 -2.05
      vertex 235.779 6.09762 -2.05
      vertex 235.779 9.90238 -2.05
    endloop
  endfacet
  facet normal 0 0 1
    outer loop
      vertex 235.51 10.2097 -2.05
      vertex 235.51 5.79029 -2.05
      vertex 235.779 6.09762 -2.05
    endloop
  endfacet
  facet normal 0 0 1
    outer loop
      vertex 235.202 10.4792 -2.05
      vertex 235.51 5.79029 -2.05
      vertex 235.51 10.2097 -2.05
    endloop
  endfacet
  facet normal 0 0 1
    outer loop
      vertex 235.202 10.4792 -2.05
      vertex 235.202 5.52077 -2.05
      vertex 235.51 5.79029 -2.05
    endloop
  endfacet
  facet normal 0 0 1
    outer loop
      vertex 234.863 10.7063 -2.05
      vertex 235.202 5.52077 -2.05
      vertex 235.202 10.4792 -2.05
    endloop
  endfacet
  facet normal 0 0 1
    outer loop
      vertex 234.863 10.7063 -2.05
      vertex 234.863 5.29367 -2.05
      vertex 235.202 5.52077 -2.05
    endloop
  endfacet
  facet normal 0 0 1
    outer loop
      vertex 234.496 10.8871 -2.05
      vertex 234.863 5.29367 -2.05
      vertex 234.863 10.7063 -2.05
    endloop
  endfacet
  facet normal 0 0 1
    outer loop
      vertex 234.496 10.8871 -2.05
      vertex 234.496 5.11288 -2.05
      vertex 234.863 5.29367 -2.05
    endloop
  endfacet
  facet normal 0 0 1
    outer loop
      vertex 234.109 11.0185 -2.05
      vertex 234.496 5.11288 -2.05
      vertex 234.496 10.8871 -2.05
    endloop
  endfacet
  facet normal 0 0 1
    outer loop
      vertex 234.109 11.0185 -2.05
      vertex 234.109 4.98148 -2.05
      vertex 234.496 5.11288 -2.05
    endloop
  endfacet
  facet normal 0 0 1
    outer loop
      vertex 233.708 11.0983 -2.05
      vertex 234.109 4.98148 -2.05
      vertex 234.109 11.0185 -2.05
    endloop
  endfacet
  facet normal 0 0 1
    outer loop
      vertex 233.708 11.0983 -2.05
      vertex 233.708 4.90173 -2.05
      vertex 234.109 4.98148 -2.05
    endloop
  endfacet
  facet normal 0 0 1
    outer loop
      vertex 233.3 11.125 -2.05
      vertex 233.708 4.90173 -2.05
      vertex 233.708 11.0983 -2.05
    endloop
  endfacet
  facet normal 0 0 1
    outer loop
      vertex 233.3 11.125 -2.05
      vertex 233.3 4.875 -2.05
      vertex 233.708 4.90173 -2.05
    endloop
  endfacet
  facet normal -0 0 1
    outer loop
      vertex 232.892 11.0983 -2.05
      vertex 233.3 4.875 -2.05
      vertex 233.3 11.125 -2.05
    endloop
  endfacet
  facet normal 0 0 1
    outer loop
      vertex 232.892 11.0983 -2.05
      vertex 232.892 4.90173 -2.05
      vertex 233.3 4.875 -2.05
    endloop
  endfacet
  facet normal -0 0 1
    outer loop
      vertex 232.491 11.0185 -2.05
      vertex 232.892 4.90173 -2.05
      vertex 232.892 11.0983 -2.05
    endloop
  endfacet
  facet normal 0 0 1
    outer loop
      vertex 232.491 11.0185 -2.05
      vertex 232.491 4.98148 -2.05
      vertex 232.892 4.90173 -2.05
    endloop
  endfacet
  facet normal -0 0 1
    outer loop
      vertex 232.104 10.8871 -2.05
      vertex 232.491 4.98148 -2.05
      vertex 232.491 11.0185 -2.05
    endloop
  endfacet
  facet normal 0 0 1
    outer loop
      vertex 232.104 10.8871 -2.05
      vertex 232.104 5.11288 -2.05
      vertex 232.491 4.98148 -2.05
    endloop
  endfacet
  facet normal -0 0 1
    outer loop
      vertex 231.738 10.7063 -2.05
      vertex 232.104 5.11288 -2.05
      vertex 232.104 10.8871 -2.05
    endloop
  endfacet
  facet normal 0 0 1
    outer loop
      vertex 231.738 10.7063 -2.05
      vertex 231.738 5.29367 -2.05
      vertex 232.104 5.11288 -2.05
    endloop
  endfacet
  facet normal -0 0 1
    outer loop
      vertex 231.398 10.4792 -2.05
      vertex 231.738 5.29367 -2.05
      vertex 231.738 10.7063 -2.05
    endloop
  endfacet
  facet normal 0 0 1
    outer loop
      vertex 231.398 10.4792 -2.05
      vertex 231.398 5.52077 -2.05
      vertex 231.738 5.29367 -2.05
    endloop
  endfacet
  facet normal -0 0 1
    outer loop
      vertex 231.09 10.2097 -2.05
      vertex 231.398 5.52077 -2.05
      vertex 231.398 10.4792 -2.05
    endloop
  endfacet
  facet normal 0 0 1
    outer loop
      vertex 231.09 10.2097 -2.05
      vertex 231.09 5.79029 -2.05
      vertex 231.398 5.52077 -2.05
    endloop
  endfacet
  facet normal -0 0 1
    outer loop
      vertex 230.821 9.90238 -2.05
      vertex 231.09 5.79029 -2.05
      vertex 231.09 10.2097 -2.05
    endloop
  endfacet
  facet normal 0 0 1
    outer loop
      vertex 230.821 9.90238 -2.05
      vertex 230.821 6.09762 -2.05
      vertex 231.09 5.79029 -2.05
    endloop
  endfacet
  facet normal -0 0 1
    outer loop
      vertex 230.594 9.5625 -2.05
      vertex 230.821 6.09762 -2.05
      vertex 230.821 9.90238 -2.05
    endloop
  endfacet
  facet normal 0 0 1
    outer loop
      vertex 230.594 9.5625 -2.05
      vertex 230.594 6.4375 -2.05
      vertex 230.821 6.09762 -2.05
    endloop
  endfacet
  facet normal -0 0 1
    outer loop
      vertex 230.413 9.19589 -2.05
      vertex 230.594 6.4375 -2.05
      vertex 230.594 9.5625 -2.05
    endloop
  endfacet
  facet normal 0 0 1
    outer loop
      vertex 230.413 9.19589 -2.05
      vertex 230.413 6.80411 -2.05
      vertex 230.594 6.4375 -2.05
    endloop
  endfacet
  facet normal -0 0 1
    outer loop
      vertex 230.281 8.80881 -2.05
      vertex 230.413 6.80411 -2.05
      vertex 230.413 9.19589 -2.05
    endloop
  endfacet
  facet normal 0 0 1
    outer loop
      vertex 230.281 8.80881 -2.05
      vertex 230.281 7.19119 -2.05
      vertex 230.413 6.80411 -2.05
    endloop
  endfacet
  facet normal -0 0 1
    outer loop
      vertex 230.202 8.40789 -2.05
      vertex 230.281 7.19119 -2.05
      vertex 230.281 8.80881 -2.05
    endloop
  endfacet
  facet normal 0 0 1
    outer loop
      vertex 230.202 8.40789 -2.05
      vertex 230.202 7.5921 -2.05
      vertex 230.281 7.19119 -2.05
    endloop
  endfacet
  facet normal 0 -0 1
    outer loop
      vertex 230.202 7.5921 -2.05
      vertex 230.202 8.40789 -2.05
      vertex 230.175 8 -2.05
    endloop
  endfacet
  facet normal 0.896671 -0.442698 0
    outer loop
      vertex 230.413 9.19589 0.199999
      vertex 230.594 9.5625 -2.05
      vertex 230.594 9.5625 0.199999
    endloop
  endfacet
  facet normal 0.896671 -0.442698 0
    outer loop
      vertex 230.594 9.5625 -2.05
      vertex 230.413 9.19589 0.199999
      vertex 230.413 9.19589 -2.05
    endloop
  endfacet
  facet normal 0.997816 -0.0660498 0
    outer loop
      vertex 230.175 8 0.199999
      vertex 230.202 8.40789 -2.05
      vertex 230.202 8.40789 0.199999
    endloop
  endfacet
  facet normal 0.997816 -0.0660498 0
    outer loop
      vertex 230.202 8.40789 -2.05
      vertex 230.175 8 0.199999
      vertex 230.175 8 -2.05
    endloop
  endfacet
  facet normal 0.658505 -0.752577 0
    outer loop
      vertex 231.09 10.2097 -2.05
      vertex 231.398 10.4792 0.199999
      vertex 231.09 10.2097 0.199999
    endloop
  endfacet
  facet normal 0.658505 -0.752577 0
    outer loop
      vertex 231.398 10.4792 0.199999
      vertex 231.09 10.2097 -2.05
      vertex 231.398 10.4792 -2.05
    endloop
  endfacet
  facet normal 0.195175 -0.980768 0
    outer loop
      vertex 232.491 11.0185 -2.05
      vertex 232.892 11.0983 0.199999
      vertex 232.491 11.0185 0.199999
    endloop
  endfacet
  facet normal 0.195175 -0.980768 0
    outer loop
      vertex 232.892 11.0983 0.199999
      vertex 232.491 11.0185 -2.05
      vertex 232.892 11.0983 -2.05
    endloop
  endfacet
  facet normal -0.997816 0.0660482 0
    outer loop
      vertex 236.398 7.5921 -2.05
      vertex 236.425 8 0.199999
      vertex 236.425 8 -2.05
    endloop
  endfacet
  facet normal -0.997816 0.0660482 0
    outer loop
      vertex 236.425 8 0.199999
      vertex 236.398 7.5921 -2.05
      vertex 236.398 7.5921 0.199999
    endloop
  endfacet
  facet normal -0.195058 0.980792 0
    outer loop
      vertex 234.109 4.98148 -2.05
      vertex 233.708 4.90173 0.199999
      vertex 234.109 4.98148 0.199999
    endloop
  endfacet
  facet normal -0.195058 0.980792 0
    outer loop
      vertex 233.708 4.90173 0.199999
      vertex 234.109 4.98148 -2.05
      vertex 233.708 4.90173 -2.05
    endloop
  endfacet
  facet normal -0.441906 0.897061 0
    outer loop
      vertex 234.863 5.29367 -2.05
      vertex 234.496 5.11288 0.199999
      vertex 234.863 5.29367 0.199999
    endloop
  endfacet
  facet normal -0.441906 0.897061 0
    outer loop
      vertex 234.496 5.11288 0.199999
      vertex 234.863 5.29367 -2.05
      vertex 234.496 5.11288 -2.05
    endloop
  endfacet
  facet normal -0.658532 0.752552 0
    outer loop
      vertex 235.51 5.79029 -2.05
      vertex 235.202 5.52077 0.199999
      vertex 235.51 5.79029 0.199999
    endloop
  endfacet
  facet normal -0.658532 0.752552 0
    outer loop
      vertex 235.202 5.52077 0.199999
      vertex 235.51 5.79029 -2.05
      vertex 235.202 5.52077 -2.05
    endloop
  endfacet
  facet normal -0.831583 0.5554 0
    outer loop
      vertex 235.779 6.09762 -2.05
      vertex 236.006 6.4375 0.199999
      vertex 236.006 6.4375 -2.05
    endloop
  endfacet
  facet normal -0.831583 0.5554 0
    outer loop
      vertex 236.006 6.4375 0.199999
      vertex 235.779 6.09762 -2.05
      vertex 235.779 6.09762 0.199999
    endloop
  endfacet
  facet normal 0.555434 0.831561 -0
    outer loop
      vertex 231.738 5.29367 -2.05
      vertex 231.398 5.52077 0.199999
      vertex 231.738 5.29367 0.199999
    endloop
  endfacet
  facet normal 0.555434 0.831561 0
    outer loop
      vertex 231.398 5.52077 0.199999
      vertex 231.738 5.29367 -2.05
      vertex 231.398 5.52077 -2.05
    endloop
  endfacet
  facet normal 0.321508 0.946907 -0
    outer loop
      vertex 232.491 4.98148 -2.05
      vertex 232.104 5.11288 0.199999
      vertex 232.491 4.98148 0.199999
    endloop
  endfacet
  facet normal 0.321508 0.946907 0
    outer loop
      vertex 232.104 5.11288 0.199999
      vertex 232.491 4.98148 -2.05
      vertex 232.104 5.11288 -2.05
    endloop
  endfacet
  facet normal 0.0653746 0.997861 -0
    outer loop
      vertex 233.3 4.875 -2.05
      vertex 232.892 4.90173 0.199999
      vertex 233.3 4.875 0.199999
    endloop
  endfacet
  facet normal 0.0653746 0.997861 0
    outer loop
      vertex 232.892 4.90173 0.199999
      vertex 233.3 4.875 -2.05
      vertex 232.892 4.90173 -2.05
    endloop
  endfacet
  facet normal 0.752472 0.658624 0
    outer loop
      vertex 231.09 5.79029 0.199999
      vertex 230.821 6.09762 -2.05
      vertex 230.821 6.09762 0.199999
    endloop
  endfacet
  facet normal 0.752472 0.658624 0
    outer loop
      vertex 230.821 6.09762 -2.05
      vertex 231.09 5.79029 0.199999
      vertex 231.09 5.79029 -2.05
    endloop
  endfacet
  facet normal 0.896671 0.442698 0
    outer loop
      vertex 230.594 6.4375 0.199999
      vertex 230.413 6.80411 -2.05
      vertex 230.413 6.80411 0.199999
    endloop
  endfacet
  facet normal 0.896671 0.442698 0
    outer loop
      vertex 230.413 6.80411 -2.05
      vertex 230.594 6.4375 0.199999
      vertex 230.594 6.4375 -2.05
    endloop
  endfacet
  facet normal 0.981133 0.193334 0
    outer loop
      vertex 230.281 7.19119 0.199999
      vertex 230.202 7.5921 -2.05
      vertex 230.202 7.5921 0.199999
    endloop
  endfacet
  facet normal 0.981133 0.193334 0
    outer loop
      vertex 230.202 7.5921 -2.05
      vertex 230.281 7.19119 0.199999
      vertex 230.281 7.19119 -2.05
    endloop
  endfacet
  facet normal 0.997816 0.0660482 0
    outer loop
      vertex 230.202 7.5921 0.199999
      vertex 230.175 8 -2.05
      vertex 230.175 8 0.199999
    endloop
  endfacet
  facet normal 0.997816 0.0660482 0
    outer loop
      vertex 230.175 8 -2.05
      vertex 230.202 7.5921 0.199999
      vertex 230.202 7.5921 -2.05
    endloop
  endfacet
  facet normal -0.321508 0.946907 0
    outer loop
      vertex 234.496 5.11288 -2.05
      vertex 234.109 4.98148 0.199999
      vertex 234.496 5.11288 0.199999
    endloop
  endfacet
  facet normal -0.321508 0.946907 0
    outer loop
      vertex 234.109 4.98148 0.199999
      vertex 234.496 5.11288 -2.05
      vertex 234.109 4.98148 -2.05
    endloop
  endfacet
  facet normal -0.752472 0.658624 0
    outer loop
      vertex 235.51 5.79029 -2.05
      vertex 235.779 6.09762 0.199999
      vertex 235.779 6.09762 -2.05
    endloop
  endfacet
  facet normal -0.752472 0.658624 0
    outer loop
      vertex 235.779 6.09762 0.199999
      vertex 235.51 5.79029 -2.05
      vertex 235.51 5.79029 0.199999
    endloop
  endfacet
  facet normal -0.981133 0.193334 0
    outer loop
      vertex 236.319 7.19119 -2.05
      vertex 236.398 7.5921 0.199999
      vertex 236.398 7.5921 -2.05
    endloop
  endfacet
  facet normal -0.981133 0.193334 0
    outer loop
      vertex 236.398 7.5921 0.199999
      vertex 236.319 7.19119 -2.05
      vertex 236.319 7.19119 0.199999
    endloop
  endfacet
  facet normal -0.896671 0.442698 0
    outer loop
      vertex 236.006 6.4375 -2.05
      vertex 236.187 6.80411 0.199999
      vertex 236.187 6.80411 -2.05
    endloop
  endfacet
  facet normal -0.896671 0.442698 0
    outer loop
      vertex 236.187 6.80411 0.199999
      vertex 236.006 6.4375 -2.05
      vertex 236.006 6.4375 0.199999
    endloop
  endfacet
  facet normal 0.442877 0.896582 -0
    outer loop
      vertex 232.104 5.11288 -2.05
      vertex 231.738 5.29367 0.199999
      vertex 232.104 5.11288 0.199999
    endloop
  endfacet
  facet normal 0.442877 0.896582 0
    outer loop
      vertex 231.738 5.29367 0.199999
      vertex 232.104 5.11288 -2.05
      vertex 231.738 5.29367 -2.05
    endloop
  endfacet
  facet normal 0.94648 0.322764 0
    outer loop
      vertex 230.413 6.80411 0.199999
      vertex 230.281 7.19119 -2.05
      vertex 230.281 7.19119 0.199999
    endloop
  endfacet
  facet normal 0.94648 0.322764 0
    outer loop
      vertex 230.281 7.19119 -2.05
      vertex 230.413 6.80411 0.199999
      vertex 230.413 6.80411 -2.05
    endloop
  endfacet
  facet normal 0.995859 0.0663463 0.062159
    outer loop
      vertex 230.6 13 3.2
      vertex 230.786 13.0188 0.199999
      vertex 230.58 13.3002 3.2
    endloop
  endfacet
  facet normal 0.992464 0.105581 0.0621944
    outer loop
      vertex 230.786 13.0188 0.199999
      vertex 230.6 13 3.2
      vertex 230.788 13 0.199999
    endloop
  endfacet
  facet normal 0.995932 0.0651149 0.0622796
    outer loop
      vertex 230.766 13.3247 0.199999
      vertex 230.58 13.3002 3.2
      vertex 230.786 13.0188 0.199999
    endloop
  endfacet
  facet normal 0.0653985 -0.995916 0.0622427
    outer loop
      vertex 228.606 10.5326 0.199999
      vertex 228.6 10.7197 3.2
      vertex 228.3 10.7 3.2
    endloop
  endfacet
  facet normal 0.0629101 -0.996076 0.0622477
    outer loop
      vertex 228.6 10.7197 3.2
      vertex 228.606 10.5326 0.199999
      vertex 228.625 10.5338 0.199999
    endloop
  endfacet
  facet normal -0.995856 -0.0663462 0.0622011
    outer loop
      vertex 225.833 12.6941 0.199999
      vertex 226.02 12.6998 3.2
      vertex 226 13 3.2
    endloop
  endfacet
  facet normal -0.996653 -0.0530135 0.0622254
    outer loop
      vertex 226.02 12.6998 3.2
      vertex 225.833 12.6941 0.199999
      vertex 225.834 12.6753 0.199999
    endloop
  endfacet
  facet normal 0.978769 0.195298 0.0622097
    outer loop
      vertex 230.703 13.6438 0.199999
      vertex 230.522 13.5953 3.2
      vertex 230.763 13.3431 0.199999
    endloop
  endfacet
  facet normal -0.0654179 0.995914 0.0622586
    outer loop
      vertex 228.281 15.4863 0.199999
      vertex 227.975 15.4662 0.199999
      vertex 228 15.2803 3.2
    endloop
  endfacet
  facet normal -0.978769 -0.195298 0.0622097
    outer loop
      vertex 226.078 12.4047 3.2
      vertex 225.837 12.6569 0.199999
      vertex 225.897 12.3562 0.199999
    endloop
  endfacet
  facet normal 0.830133 -0.554086 0.0621895
    outer loop
      vertex 230.125 11.5998 3.2
      vertex 230.284 11.5013 0.199999
      vertex 230.292 11.85 3.2
    endloop
  endfacet
  facet normal 0.81568 -0.575159 0.0621154
    outer loop
      vertex 230.284 11.5013 0.199999
      vertex 230.125 11.5998 3.2
      vertex 230.273 11.4857 0.199999
    endloop
  endfacet
  facet normal 0.657366 0.750997 0.0622294
    outer loop
      vertex 229.814 14.9735 0.199999
      vertex 229.7 14.8247 3.2
      vertex 230.045 14.7713 0.199999
    endloop
  endfacet
  facet normal -0.944645 -0.322149 0.0621739
    outer loop
      vertex 226.175 12.1198 3.2
      vertex 225.903 12.3384 0.199999
      vertex 226.002 12.0481 0.199999
    endloop
  endfacet
  facet normal 0.749205 -0.659406 0.0622581
    outer loop
      vertex 229.926 11.3737 3.2
      vertex 230.071 11.2552 0.199999
      vertex 230.125 11.5998 3.2
    endloop
  endfacet
  facet normal 0.760061 -0.64686 0.0622872
    outer loop
      vertex 230.071 11.2552 0.199999
      vertex 229.926 11.3737 3.2
      vertex 230.059 11.2411 0.199999
    endloop
  endfacet
  facet normal 0.895931 0.439821 0.062177
    outer loop
      vertex 230.463 14.2269 0.199999
      vertex 230.425 13.8802 3.2
      vertex 230.598 13.9519 0.199999
    endloop
  endfacet
  facet normal 0.944803 0.321677 0.0622225
    outer loop
      vertex 230.522 13.5953 3.2
      vertex 230.697 13.6616 0.199999
      vertex 230.425 13.8802 3.2
    endloop
  endfacet
  facet normal 0.945777 0.318801 0.0622158
    outer loop
      vertex 230.697 13.6616 0.199999
      vertex 230.522 13.5953 3.2
      vertex 230.703 13.6438 0.199999
    endloop
  endfacet
  facet normal -0.750622 0.657812 0.0620494
    outer loop
      vertex 226.529 14.7448 0.199999
      vertex 226.327 14.5143 0.199999
      vertex 226.475 14.4002 3.2
    endloop
  endfacet
  facet normal -0.945777 0.318801 0.0622158
    outer loop
      vertex 226.078 13.5953 3.2
      vertex 225.903 13.6616 0.199999
      vertex 225.897 13.6438 0.199999
    endloop
  endfacet
  facet normal -0.944803 0.321677 0.0622225
    outer loop
      vertex 225.903 13.6616 0.199999
      vertex 226.078 13.5953 3.2
      vertex 226.175 13.8802 3.2
    endloop
  endfacet
  facet normal 0.0654179 0.995914 0.0622586
    outer loop
      vertex 228.625 15.4662 0.199999
      vertex 228.319 15.4863 0.199999
      vertex 228.6 15.2803 3.2
    endloop
  endfacet
  facet normal 0.320985 0.945033 0.062295
    outer loop
      vertex 229.252 15.2982 0.199999
      vertex 228.962 15.3967 0.199999
      vertex 229.18 15.1249 3.2
    endloop
  endfacet
  facet normal -0.657366 -0.750997 0.0622294
    outer loop
      vertex 226.9 11.1753 3.2
      vertex 226.555 11.2287 0.199999
      vertex 226.786 11.0265 0.199999
    endloop
  endfacet
  facet normal -0.320682 -0.945134 0.0623262
    outer loop
      vertex 227.638 10.6033 0.199999
      vertex 227.705 10.7784 3.2
      vertex 227.42 10.8751 3.2
    endloop
  endfacet
  facet normal -0.315613 -0.94684 0.0623126
    outer loop
      vertex 227.705 10.7784 3.2
      vertex 227.638 10.6033 0.199999
      vertex 227.656 10.5973 0.199999
    endloop
  endfacet
  facet normal 0.194797 -0.978865 0.0622725
    outer loop
      vertex 228.895 10.7784 3.2
      vertex 228.643 10.5374 0.199999
      vertex 228.944 10.5973 0.199999
    endloop
  endfacet
  facet normal 0.315613 -0.94684 0.0623126
    outer loop
      vertex 228.962 10.6033 0.199999
      vertex 228.895 10.7784 3.2
      vertex 228.944 10.5973 0.199999
    endloop
  endfacet
  facet normal 0.320682 -0.945134 0.0623262
    outer loop
      vertex 228.895 10.7784 3.2
      vertex 228.962 10.6033 0.199999
      vertex 229.18 10.8751 3.2
    endloop
  endfacet
  facet normal 0.44139 -0.89515 0.0623032
    outer loop
      vertex 229.527 10.8374 0.199999
      vertex 229.18 10.8751 3.2
      vertex 229.252 10.7018 0.199999
    endloop
  endfacet
  facet normal 0.895931 -0.439821 0.062177
    outer loop
      vertex 230.598 12.0481 0.199999
      vertex 230.425 12.1198 3.2
      vertex 230.463 11.7731 0.199999
    endloop
  endfacet
  facet normal 0.750622 -0.657812 0.0620494
    outer loop
      vertex 230.125 11.5998 3.2
      vertex 230.071 11.2552 0.199999
      vertex 230.273 11.4857 0.199999
    endloop
  endfacet
  facet normal -0.828843 0.556031 0.0620373
    outer loop
      vertex 226.327 14.5143 0.199999
      vertex 226.156 14.2594 0.199999
      vertex 226.475 14.4002 3.2
    endloop
  endfacet
  facet normal -0.657366 0.750997 0.0622294
    outer loop
      vertex 226.786 14.9735 0.199999
      vertex 226.555 14.7713 0.199999
      vertex 226.9 14.8247 3.2
    endloop
  endfacet
  facet normal 0.879772 0.471306 0.0622281
    outer loop
      vertex 230.292 14.15 3.2
      vertex 230.463 14.2269 0.199999
      vertex 230.454 14.2437 0.199999
    endloop
  endfacet
  facet normal 0.895195 0.441293 0.0623379
    outer loop
      vertex 230.463 14.2269 0.199999
      vertex 230.292 14.15 3.2
      vertex 230.425 13.8802 3.2
    endloop
  endfacet
  facet normal 0.830129 0.554083 0.0622654
    outer loop
      vertex 230.292 14.15 3.2
      vertex 230.444 14.2594 0.199999
      vertex 230.125 14.4002 3.2
    endloop
  endfacet
  facet normal 0.841807 0.536183 0.0622043
    outer loop
      vertex 230.444 14.2594 0.199999
      vertex 230.292 14.15 3.2
      vertex 230.454 14.2437 0.199999
    endloop
  endfacet
  facet normal 0.554852 0.829623 0.0621662
    outer loop
      vertex 229.559 15.1438 0.199999
      vertex 229.45 14.9919 3.2
      vertex 229.7 14.8247 3.2
    endloop
  endfacet
  facet normal 0.568677 0.820207 0.0621917
    outer loop
      vertex 229.45 14.9919 3.2
      vertex 229.559 15.1438 0.199999
      vertex 229.544 15.1542 0.199999
    endloop
  endfacet
  facet normal 0.554301 0.829987 0.0622308
    outer loop
      vertex 229.814 14.9735 0.199999
      vertex 229.559 15.1438 0.199999
      vertex 229.7 14.8247 3.2
    endloop
  endfacet
  facet normal -0.895931 -0.439821 0.062177
    outer loop
      vertex 226.175 12.1198 3.2
      vertex 226.002 12.0481 0.199999
      vertex 226.137 11.7731 0.199999
    endloop
  endfacet
  facet normal -0.945777 -0.318801 0.0622158
    outer loop
      vertex 225.903 12.3384 0.199999
      vertex 226.078 12.4047 3.2
      vertex 225.897 12.3562 0.199999
    endloop
  endfacet
  facet normal -0.944803 -0.321677 0.0622225
    outer loop
      vertex 226.078 12.4047 3.2
      vertex 225.903 12.3384 0.199999
      vertex 226.175 12.1198 3.2
    endloop
  endfacet
  facet normal -0.895195 -0.441293 0.0623379
    outer loop
      vertex 226.137 11.7731 0.199999
      vertex 226.308 11.85 3.2
      vertex 226.175 12.1198 3.2
    endloop
  endfacet
  facet normal -0.879772 -0.471306 0.0622281
    outer loop
      vertex 226.308 11.85 3.2
      vertex 226.137 11.7731 0.199999
      vertex 226.146 11.7563 0.199999
    endloop
  endfacet
  facet normal -0.320985 -0.945033 0.062295
    outer loop
      vertex 227.42 10.8751 3.2
      vertex 227.348 10.7018 0.199999
      vertex 227.638 10.6033 0.199999
    endloop
  endfacet
  facet normal -0.44139 -0.89515 0.0623032
    outer loop
      vertex 227.42 10.8751 3.2
      vertex 227.073 10.8374 0.199999
      vertex 227.348 10.7018 0.199999
    endloop
  endfacet
  facet normal -0.194797 -0.978865 0.0622725
    outer loop
      vertex 227.705 10.7784 3.2
      vertex 227.656 10.5973 0.199999
      vertex 227.957 10.5374 0.199999
    endloop
  endfacet
  facet normal -0.0629101 -0.996076 0.0622477
    outer loop
      vertex 227.994 10.5326 0.199999
      vertex 228 10.7197 3.2
      vertex 227.975 10.5338 0.199999
    endloop
  endfacet
  facet normal -0.0653985 -0.995916 0.0622427
    outer loop
      vertex 228 10.7197 3.2
      vertex 227.994 10.5326 0.199999
      vertex 228.3 10.7 3.2
    endloop
  endfacet
  facet normal -0.568673 -0.820202 0.0622916
    outer loop
      vertex 226.801 11.0161 0.199999
      vertex 226.9 11.1753 3.2
      vertex 226.786 11.0265 0.199999
    endloop
  endfacet
  facet normal -0.554846 -0.829614 0.0623348
    outer loop
      vertex 226.9 11.1753 3.2
      vertex 226.801 11.0161 0.199999
      vertex 227.15 11.0081 3.2
    endloop
  endfacet
  facet normal 0.568677 -0.820207 0.0621917
    outer loop
      vertex 229.559 10.8562 0.199999
      vertex 229.45 11.0081 3.2
      vertex 229.544 10.8458 0.199999
    endloop
  endfacet
  facet normal 0.554852 -0.829623 0.0621662
    outer loop
      vertex 229.45 11.0081 3.2
      vertex 229.559 10.8562 0.199999
      vertex 229.7 11.1753 3.2
    endloop
  endfacet
  facet normal 0.657366 -0.750997 0.0622294
    outer loop
      vertex 230.045 11.2287 0.199999
      vertex 229.7 11.1753 3.2
      vertex 229.814 11.0265 0.199999
    endloop
  endfacet
  facet normal 0.441032 -0.895329 0.062264
    outer loop
      vertex 229.527 10.8374 0.199999
      vertex 229.45 11.0081 3.2
      vertex 229.18 10.8751 3.2
    endloop
  endfacet
  facet normal 0.44213 -0.894787 0.0622614
    outer loop
      vertex 229.45 11.0081 3.2
      vertex 229.527 10.8374 0.199999
      vertex 229.544 10.8458 0.199999
    endloop
  endfacet
  facet normal 0.830443 -0.553628 0.0621355
    outer loop
      vertex 230.292 11.85 3.2
      vertex 230.284 11.5013 0.199999
      vertex 230.454 11.7563 0.199999
    endloop
  endfacet
  facet normal 0.985045 -0.160605 0.0623844
    outer loop
      vertex 230.58 12.6998 3.2
      vertex 230.763 12.6569 0.199999
      vertex 230.766 12.6753 0.199999
    endloop
  endfacet
  facet normal 0.97931 -0.192477 0.0624903
    outer loop
      vertex 230.763 12.6569 0.199999
      vertex 230.58 12.6998 3.2
      vertex 230.522 12.4047 3.2
    endloop
  endfacet
  facet normal 0.944645 -0.322149 0.0621739
    outer loop
      vertex 230.697 12.3384 0.199999
      vertex 230.425 12.1198 3.2
      vertex 230.598 12.0481 0.199999
    endloop
  endfacet
  facet normal 0.995932 -0.0651149 0.0622796
    outer loop
      vertex 230.786 12.9812 0.199999
      vertex 230.58 12.6998 3.2
      vertex 230.766 12.6753 0.199999
    endloop
  endfacet
  facet normal 0.992464 -0.105581 0.0621944
    outer loop
      vertex 230.6 13 3.2
      vertex 230.786 12.9812 0.199999
      vertex 230.788 13 0.199999
    endloop
  endfacet
  facet normal 0.995859 -0.0663463 0.062159
    outer loop
      vertex 230.786 12.9812 0.199999
      vertex 230.6 13 3.2
      vertex 230.58 12.6998 3.2
    endloop
  endfacet
  facet normal -0.978769 0.195298 0.0622097
    outer loop
      vertex 225.897 13.6438 0.199999
      vertex 225.837 13.3431 0.199999
      vertex 226.078 13.5953 3.2
    endloop
  endfacet
  facet normal -0.996653 0.0530135 0.0622254
    outer loop
      vertex 225.833 13.3059 0.199999
      vertex 226.02 13.3002 3.2
      vertex 225.834 13.3247 0.199999
    endloop
  endfacet
  facet normal -0.995856 0.0663462 0.0622011
    outer loop
      vertex 226.02 13.3002 3.2
      vertex 225.833 13.3059 0.199999
      vertex 226 13 3.2
    endloop
  endfacet
  facet normal -0.44139 0.89515 0.0623032
    outer loop
      vertex 227.348 15.2982 0.199999
      vertex 227.073 15.1626 0.199999
      vertex 227.42 15.1249 3.2
    endloop
  endfacet
  facet normal -0.320985 0.945033 0.062295
    outer loop
      vertex 227.638 15.3967 0.199999
      vertex 227.348 15.2982 0.199999
      vertex 227.42 15.1249 3.2
    endloop
  endfacet
  facet normal -0.195735 0.978677 0.0622765
    outer loop
      vertex 227.957 15.4626 0.199999
      vertex 228 15.2803 3.2
      vertex 227.975 15.4662 0.199999
    endloop
  endfacet
  facet normal -0.194778 0.978868 0.0622744
    outer loop
      vertex 228 15.2803 3.2
      vertex 227.957 15.4626 0.199999
      vertex 227.705 15.2216 3.2
    endloop
  endfacet
  facet normal 0.97931 0.192477 0.0624903
    outer loop
      vertex 230.58 13.3002 3.2
      vertex 230.763 13.3431 0.199999
      vertex 230.522 13.5953 3.2
    endloop
  endfacet
  facet normal 0.985045 0.160605 0.0623844
    outer loop
      vertex 230.763 13.3431 0.199999
      vertex 230.58 13.3002 3.2
      vertex 230.766 13.3247 0.199999
    endloop
  endfacet
  facet normal 0.944645 0.322149 0.0621739
    outer loop
      vertex 230.598 13.9519 0.199999
      vertex 230.425 13.8802 3.2
      vertex 230.697 13.6616 0.199999
    endloop
  endfacet
  facet normal 0.750622 0.657812 0.0620494
    outer loop
      vertex 230.273 14.5143 0.199999
      vertex 230.071 14.7448 0.199999
      vertex 230.125 14.4002 3.2
    endloop
  endfacet
  facet normal 0.828843 0.556031 0.0620373
    outer loop
      vertex 230.273 14.5143 0.199999
      vertex 230.125 14.4002 3.2
      vertex 230.444 14.2594 0.199999
    endloop
  endfacet
  facet normal 0.760061 0.64686 0.0622872
    outer loop
      vertex 229.926 14.6263 3.2
      vertex 230.071 14.7448 0.199999
      vertex 230.059 14.7589 0.199999
    endloop
  endfacet
  facet normal 0.749205 0.659406 0.0622581
    outer loop
      vertex 230.071 14.7448 0.199999
      vertex 229.926 14.6263 3.2
      vertex 230.125 14.4002 3.2
    endloop
  endfacet
  facet normal 0.661745 0.747131 0.0623605
    outer loop
      vertex 230.045 14.7713 0.199999
      vertex 229.926 14.6263 3.2
      vertex 230.059 14.7589 0.199999
    endloop
  endfacet
  facet normal 0.658443 0.750041 0.0623702
    outer loop
      vertex 229.926 14.6263 3.2
      vertex 230.045 14.7713 0.199999
      vertex 229.7 14.8247 3.2
    endloop
  endfacet
  facet normal 0.44139 0.89515 0.0623032
    outer loop
      vertex 229.252 15.2982 0.199999
      vertex 229.18 15.1249 3.2
      vertex 229.527 15.1626 0.199999
    endloop
  endfacet
  facet normal 0.44213 0.894787 0.0622614
    outer loop
      vertex 229.527 15.1626 0.199999
      vertex 229.45 14.9919 3.2
      vertex 229.544 15.1542 0.199999
    endloop
  endfacet
  facet normal 0.441032 0.895329 0.062264
    outer loop
      vertex 229.45 14.9919 3.2
      vertex 229.527 15.1626 0.199999
      vertex 229.18 15.1249 3.2
    endloop
  endfacet
  facet normal 0.320682 0.945134 0.0623262
    outer loop
      vertex 228.962 15.3967 0.199999
      vertex 228.895 15.2216 3.2
      vertex 229.18 15.1249 3.2
    endloop
  endfacet
  facet normal 0.315613 0.94684 0.0623126
    outer loop
      vertex 228.895 15.2216 3.2
      vertex 228.962 15.3967 0.199999
      vertex 228.944 15.4027 0.199999
    endloop
  endfacet
  facet normal 0.194778 0.978868 0.0622744
    outer loop
      vertex 228.643 15.4626 0.199999
      vertex 228.6 15.2803 3.2
      vertex 228.895 15.2216 3.2
    endloop
  endfacet
  facet normal 0.195735 0.978677 0.0622765
    outer loop
      vertex 228.6 15.2803 3.2
      vertex 228.643 15.4626 0.199999
      vertex 228.625 15.4662 0.199999
    endloop
  endfacet
  facet normal 0.194797 0.978865 0.0622725
    outer loop
      vertex 228.944 15.4027 0.199999
      vertex 228.643 15.4626 0.199999
      vertex 228.895 15.2216 3.2
    endloop
  endfacet
  facet normal 0.0653984 0.995915 0.0622605
    outer loop
      vertex 228.319 15.4863 0.199999
      vertex 228.3 15.3 3.2
      vertex 228.6 15.2803 3.2
    endloop
  endfacet
  facet normal 0.06291 0.996076 0.0622547
    outer loop
      vertex 228.3 15.3 3.2
      vertex 228.319 15.4863 0.199999
      vertex 228.3 15.4875 0.199999
    endloop
  endfacet
  facet normal -0.06291 0.996076 0.0622547
    outer loop
      vertex 228.281 15.4863 0.199999
      vertex 228.3 15.3 3.2
      vertex 228.3 15.4875 0.199999
    endloop
  endfacet
  facet normal -0.0653984 0.995915 0.0622605
    outer loop
      vertex 228.3 15.3 3.2
      vertex 228.281 15.4863 0.199999
      vertex 228 15.2803 3.2
    endloop
  endfacet
  facet normal -0.985045 -0.160605 0.0623844
    outer loop
      vertex 225.837 12.6569 0.199999
      vertex 226.02 12.6998 3.2
      vertex 225.834 12.6753 0.199999
    endloop
  endfacet
  facet normal -0.97931 -0.192477 0.0624903
    outer loop
      vertex 226.02 12.6998 3.2
      vertex 225.837 12.6569 0.199999
      vertex 226.078 12.4047 3.2
    endloop
  endfacet
  facet normal -0.750622 -0.657812 0.0620494
    outer loop
      vertex 226.475 11.5998 3.2
      vertex 226.327 11.4857 0.199999
      vertex 226.529 11.2552 0.199999
    endloop
  endfacet
  facet normal -0.0654179 -0.995915 0.0622446
    outer loop
      vertex 228.3 10.7 3.2
      vertex 227.994 10.5326 0.199999
      vertex 228.3 10.5125 0.199999
    endloop
  endfacet
  facet normal 0.0654179 -0.995915 0.0622446
    outer loop
      vertex 228.3 10.7 3.2
      vertex 228.3 10.5125 0.199999
      vertex 228.606 10.5326 0.199999
    endloop
  endfacet
  facet normal -0.44213 -0.894787 0.0622614
    outer loop
      vertex 227.073 10.8374 0.199999
      vertex 227.15 11.0081 3.2
      vertex 227.056 10.8458 0.199999
    endloop
  endfacet
  facet normal -0.441032 -0.895329 0.062264
    outer loop
      vertex 227.15 11.0081 3.2
      vertex 227.073 10.8374 0.199999
      vertex 227.42 10.8751 3.2
    endloop
  endfacet
  facet normal -0.5543 -0.829985 0.0622702
    outer loop
      vertex 227.15 11.0081 3.2
      vertex 226.801 11.0161 0.199999
      vertex 227.056 10.8458 0.199999
    endloop
  endfacet
  facet normal 0.658443 -0.750041 0.0623702
    outer loop
      vertex 230.045 11.2287 0.199999
      vertex 229.926 11.3737 3.2
      vertex 229.7 11.1753 3.2
    endloop
  endfacet
  facet normal 0.661745 -0.747131 0.0623605
    outer loop
      vertex 229.926 11.3737 3.2
      vertex 230.045 11.2287 0.199999
      vertex 230.059 11.2411 0.199999
    endloop
  endfacet
  facet normal 0.554301 -0.829987 0.0622308
    outer loop
      vertex 229.7 11.1753 3.2
      vertex 229.559 10.8562 0.199999
      vertex 229.814 11.0265 0.199999
    endloop
  endfacet
  facet normal 0.195735 -0.978677 0.0622765
    outer loop
      vertex 228.643 10.5374 0.199999
      vertex 228.6 10.7197 3.2
      vertex 228.625 10.5338 0.199999
    endloop
  endfacet
  facet normal 0.194778 -0.978868 0.0622744
    outer loop
      vertex 228.6 10.7197 3.2
      vertex 228.643 10.5374 0.199999
      vertex 228.895 10.7784 3.2
    endloop
  endfacet
  facet normal 0.320985 -0.945033 0.062295
    outer loop
      vertex 229.18 10.8751 3.2
      vertex 228.962 10.6033 0.199999
      vertex 229.252 10.7018 0.199999
    endloop
  endfacet
  facet normal 0.895195 -0.441293 0.0623379
    outer loop
      vertex 230.292 11.85 3.2
      vertex 230.463 11.7731 0.199999
      vertex 230.425 12.1198 3.2
    endloop
  endfacet
  facet normal 0.879772 -0.471306 0.0622281
    outer loop
      vertex 230.463 11.7731 0.199999
      vertex 230.292 11.85 3.2
      vertex 230.454 11.7563 0.199999
    endloop
  endfacet
  facet normal 0.945777 -0.318801 0.0622158
    outer loop
      vertex 230.522 12.4047 3.2
      vertex 230.697 12.3384 0.199999
      vertex 230.703 12.3562 0.199999
    endloop
  endfacet
  facet normal 0.944803 -0.321677 0.0622225
    outer loop
      vertex 230.697 12.3384 0.199999
      vertex 230.522 12.4047 3.2
      vertex 230.425 12.1198 3.2
    endloop
  endfacet
  facet normal 0.978769 -0.195298 0.0622097
    outer loop
      vertex 230.763 12.6569 0.199999
      vertex 230.522 12.4047 3.2
      vertex 230.703 12.3562 0.199999
    endloop
  endfacet
  facet normal -0.995708 0.0683552 0.0623977
    outer loop
      vertex 225.833 13.3059 0.199999
      vertex 225.812 13 0.199999
      vertex 226 13 3.2
    endloop
  endfacet
  facet normal -0.995708 -0.0683552 0.0623977
    outer loop
      vertex 226 13 3.2
      vertex 225.812 13 0.199999
      vertex 225.833 12.6941 0.199999
    endloop
  endfacet
  facet normal -0.841807 0.536183 0.0622043
    outer loop
      vertex 226.308 14.15 3.2
      vertex 226.156 14.2594 0.199999
      vertex 226.146 14.2437 0.199999
    endloop
  endfacet
  facet normal -0.830129 0.554083 0.0622654
    outer loop
      vertex 226.156 14.2594 0.199999
      vertex 226.308 14.15 3.2
      vertex 226.475 14.4002 3.2
    endloop
  endfacet
  facet normal -0.944645 0.322149 0.0621739
    outer loop
      vertex 226.002 13.9519 0.199999
      vertex 225.903 13.6616 0.199999
      vertex 226.175 13.8802 3.2
    endloop
  endfacet
  facet normal -0.441032 0.895329 0.062264
    outer loop
      vertex 227.073 15.1626 0.199999
      vertex 227.15 14.9919 3.2
      vertex 227.42 15.1249 3.2
    endloop
  endfacet
  facet normal -0.44213 0.894787 0.0622614
    outer loop
      vertex 227.15 14.9919 3.2
      vertex 227.073 15.1626 0.199999
      vertex 227.056 15.1542 0.199999
    endloop
  endfacet
  facet normal -0.554846 0.829614 0.0623348
    outer loop
      vertex 226.801 14.9839 0.199999
      vertex 226.9 14.8247 3.2
      vertex 227.15 14.9919 3.2
    endloop
  endfacet
  facet normal -0.568673 0.820202 0.0622916
    outer loop
      vertex 226.9 14.8247 3.2
      vertex 226.801 14.9839 0.199999
      vertex 226.786 14.9735 0.199999
    endloop
  endfacet
  facet normal -0.5543 0.829985 0.0622702
    outer loop
      vertex 227.056 15.1542 0.199999
      vertex 226.801 14.9839 0.199999
      vertex 227.15 14.9919 3.2
    endloop
  endfacet
  facet normal -0.658443 0.750041 0.0623702
    outer loop
      vertex 226.555 14.7713 0.199999
      vertex 226.674 14.6263 3.2
      vertex 226.9 14.8247 3.2
    endloop
  endfacet
  facet normal -0.661745 0.747131 0.0623605
    outer loop
      vertex 226.674 14.6263 3.2
      vertex 226.555 14.7713 0.199999
      vertex 226.541 14.7589 0.199999
    endloop
  endfacet
  facet normal -0.760061 0.64686 0.0622872
    outer loop
      vertex 226.529 14.7448 0.199999
      vertex 226.674 14.6263 3.2
      vertex 226.541 14.7589 0.199999
    endloop
  endfacet
  facet normal -0.749205 0.659406 0.0622581
    outer loop
      vertex 226.674 14.6263 3.2
      vertex 226.529 14.7448 0.199999
      vertex 226.475 14.4002 3.2
    endloop
  endfacet
  facet normal -0.315613 0.94684 0.0623126
    outer loop
      vertex 227.638 15.3967 0.199999
      vertex 227.705 15.2216 3.2
      vertex 227.656 15.4027 0.199999
    endloop
  endfacet
  facet normal -0.320682 0.945134 0.0623262
    outer loop
      vertex 227.705 15.2216 3.2
      vertex 227.638 15.3967 0.199999
      vertex 227.42 15.1249 3.2
    endloop
  endfacet
  facet normal -0.194797 0.978865 0.0622725
    outer loop
      vertex 227.957 15.4626 0.199999
      vertex 227.656 15.4027 0.199999
      vertex 227.705 15.2216 3.2
    endloop
  endfacet
  facet normal -0.830133 -0.554086 0.0621895
    outer loop
      vertex 226.316 11.5013 0.199999
      vertex 226.475 11.5998 3.2
      vertex 226.308 11.85 3.2
    endloop
  endfacet
  facet normal -0.81568 -0.575159 0.0621154
    outer loop
      vertex 226.475 11.5998 3.2
      vertex 226.316 11.5013 0.199999
      vertex 226.327 11.4857 0.199999
    endloop
  endfacet
  facet normal -0.830443 -0.553628 0.0621355
    outer loop
      vertex 226.308 11.85 3.2
      vertex 226.146 11.7563 0.199999
      vertex 226.316 11.5013 0.199999
    endloop
  endfacet
  facet normal -0.749205 -0.659406 0.0622581
    outer loop
      vertex 226.529 11.2552 0.199999
      vertex 226.674 11.3737 3.2
      vertex 226.475 11.5998 3.2
    endloop
  endfacet
  facet normal -0.760061 -0.64686 0.0622872
    outer loop
      vertex 226.674 11.3737 3.2
      vertex 226.529 11.2552 0.199999
      vertex 226.541 11.2411 0.199999
    endloop
  endfacet
  facet normal -0.661745 -0.747131 0.0623605
    outer loop
      vertex 226.555 11.2287 0.199999
      vertex 226.674 11.3737 3.2
      vertex 226.541 11.2411 0.199999
    endloop
  endfacet
  facet normal -0.658443 -0.750041 0.0623702
    outer loop
      vertex 226.674 11.3737 3.2
      vertex 226.555 11.2287 0.199999
      vertex 226.9 11.1753 3.2
    endloop
  endfacet
  facet normal -0.194778 -0.978868 0.0622744
    outer loop
      vertex 227.957 10.5374 0.199999
      vertex 228 10.7197 3.2
      vertex 227.705 10.7784 3.2
    endloop
  endfacet
  facet normal -0.195735 -0.978677 0.0622765
    outer loop
      vertex 228 10.7197 3.2
      vertex 227.957 10.5374 0.199999
      vertex 227.975 10.5338 0.199999
    endloop
  endfacet
  facet normal 0 0 1
    outer loop
      vertex 230.58 13.3002 3.2
      vertex 230.58 12.6998 3.2
      vertex 230.6 13 3.2
    endloop
  endfacet
  facet normal 0 0 1
    outer loop
      vertex 230.522 13.5953 3.2
      vertex 230.58 12.6998 3.2
      vertex 230.58 13.3002 3.2
    endloop
  endfacet
  facet normal 0 0 1
    outer loop
      vertex 230.522 13.5953 3.2
      vertex 230.522 12.4047 3.2
      vertex 230.58 12.6998 3.2
    endloop
  endfacet
  facet normal 0 0 1
    outer loop
      vertex 230.425 13.8802 3.2
      vertex 230.522 12.4047 3.2
      vertex 230.522 13.5953 3.2
    endloop
  endfacet
  facet normal 0 0 1
    outer loop
      vertex 230.425 13.8802 3.2
      vertex 230.425 12.1198 3.2
      vertex 230.522 12.4047 3.2
    endloop
  endfacet
  facet normal 0 0 1
    outer loop
      vertex 230.292 14.15 3.2
      vertex 230.425 12.1198 3.2
      vertex 230.425 13.8802 3.2
    endloop
  endfacet
  facet normal 0 0 1
    outer loop
      vertex 230.292 14.15 3.2
      vertex 230.292 11.85 3.2
      vertex 230.425 12.1198 3.2
    endloop
  endfacet
  facet normal 0 0 1
    outer loop
      vertex 230.125 14.4002 3.2
      vertex 230.292 11.85 3.2
      vertex 230.292 14.15 3.2
    endloop
  endfacet
  facet normal 0 0 1
    outer loop
      vertex 230.125 14.4002 3.2
      vertex 230.125 11.5998 3.2
      vertex 230.292 11.85 3.2
    endloop
  endfacet
  facet normal 0 0 1
    outer loop
      vertex 229.926 14.6263 3.2
      vertex 230.125 11.5998 3.2
      vertex 230.125 14.4002 3.2
    endloop
  endfacet
  facet normal 0 0 1
    outer loop
      vertex 229.926 14.6263 3.2
      vertex 229.926 11.3737 3.2
      vertex 230.125 11.5998 3.2
    endloop
  endfacet
  facet normal 0 0 1
    outer loop
      vertex 229.7 14.8247 3.2
      vertex 229.926 11.3737 3.2
      vertex 229.926 14.6263 3.2
    endloop
  endfacet
  facet normal 0 0 1
    outer loop
      vertex 229.7 14.8247 3.2
      vertex 229.7 11.1753 3.2
      vertex 229.926 11.3737 3.2
    endloop
  endfacet
  facet normal 0 0 1
    outer loop
      vertex 229.45 14.9919 3.2
      vertex 229.7 11.1753 3.2
      vertex 229.7 14.8247 3.2
    endloop
  endfacet
  facet normal 0 0 1
    outer loop
      vertex 229.45 14.9919 3.2
      vertex 229.45 11.0081 3.2
      vertex 229.7 11.1753 3.2
    endloop
  endfacet
  facet normal 0 0 1
    outer loop
      vertex 229.18 15.1249 3.2
      vertex 229.45 11.0081 3.2
      vertex 229.45 14.9919 3.2
    endloop
  endfacet
  facet normal 0 0 1
    outer loop
      vertex 229.18 15.1249 3.2
      vertex 229.18 10.8751 3.2
      vertex 229.45 11.0081 3.2
    endloop
  endfacet
  facet normal 0 0 1
    outer loop
      vertex 228.895 15.2216 3.2
      vertex 229.18 10.8751 3.2
      vertex 229.18 15.1249 3.2
    endloop
  endfacet
  facet normal 0 0 1
    outer loop
      vertex 228.895 15.2216 3.2
      vertex 228.895 10.7784 3.2
      vertex 229.18 10.8751 3.2
    endloop
  endfacet
  facet normal 0 0 1
    outer loop
      vertex 228.6 15.2803 3.2
      vertex 228.895 10.7784 3.2
      vertex 228.895 15.2216 3.2
    endloop
  endfacet
  facet normal 0 0 1
    outer loop
      vertex 228.6 15.2803 3.2
      vertex 228.6 10.7197 3.2
      vertex 228.895 10.7784 3.2
    endloop
  endfacet
  facet normal 0 0 1
    outer loop
      vertex 228.3 15.3 3.2
      vertex 228.6 10.7197 3.2
      vertex 228.6 15.2803 3.2
    endloop
  endfacet
  facet normal 0 0 1
    outer loop
      vertex 228.3 15.3 3.2
      vertex 228.3 10.7 3.2
      vertex 228.6 10.7197 3.2
    endloop
  endfacet
  facet normal -0 0 1
    outer loop
      vertex 228 15.2803 3.2
      vertex 228.3 10.7 3.2
      vertex 228.3 15.3 3.2
    endloop
  endfacet
  facet normal 0 0 1
    outer loop
      vertex 228 15.2803 3.2
      vertex 228 10.7197 3.2
      vertex 228.3 10.7 3.2
    endloop
  endfacet
  facet normal -0 0 1
    outer loop
      vertex 227.705 15.2216 3.2
      vertex 228 10.7197 3.2
      vertex 228 15.2803 3.2
    endloop
  endfacet
  facet normal 0 0 1
    outer loop
      vertex 227.705 15.2216 3.2
      vertex 227.705 10.7784 3.2
      vertex 228 10.7197 3.2
    endloop
  endfacet
  facet normal -0 0 1
    outer loop
      vertex 227.42 15.1249 3.2
      vertex 227.705 10.7784 3.2
      vertex 227.705 15.2216 3.2
    endloop
  endfacet
  facet normal 0 0 1
    outer loop
      vertex 227.42 15.1249 3.2
      vertex 227.42 10.8751 3.2
      vertex 227.705 10.7784 3.2
    endloop
  endfacet
  facet normal -0 0 1
    outer loop
      vertex 227.15 14.9919 3.2
      vertex 227.42 10.8751 3.2
      vertex 227.42 15.1249 3.2
    endloop
  endfacet
  facet normal 0 0 1
    outer loop
      vertex 227.15 14.9919 3.2
      vertex 227.15 11.0081 3.2
      vertex 227.42 10.8751 3.2
    endloop
  endfacet
  facet normal -0 0 1
    outer loop
      vertex 226.9 14.8247 3.2
      vertex 227.15 11.0081 3.2
      vertex 227.15 14.9919 3.2
    endloop
  endfacet
  facet normal 0 0 1
    outer loop
      vertex 226.9 14.8247 3.2
      vertex 226.9 11.1753 3.2
      vertex 227.15 11.0081 3.2
    endloop
  endfacet
  facet normal -0 0 1
    outer loop
      vertex 226.674 14.6263 3.2
      vertex 226.9 11.1753 3.2
      vertex 226.9 14.8247 3.2
    endloop
  endfacet
  facet normal 0 0 1
    outer loop
      vertex 226.674 14.6263 3.2
      vertex 226.674 11.3737 3.2
      vertex 226.9 11.1753 3.2
    endloop
  endfacet
  facet normal -0 0 1
    outer loop
      vertex 226.475 14.4002 3.2
      vertex 226.674 11.3737 3.2
      vertex 226.674 14.6263 3.2
    endloop
  endfacet
  facet normal 0 0 1
    outer loop
      vertex 226.475 14.4002 3.2
      vertex 226.475 11.5998 3.2
      vertex 226.674 11.3737 3.2
    endloop
  endfacet
  facet normal -0 0 1
    outer loop
      vertex 226.308 14.15 3.2
      vertex 226.475 11.5998 3.2
      vertex 226.475 14.4002 3.2
    endloop
  endfacet
  facet normal 0 0 1
    outer loop
      vertex 226.308 14.15 3.2
      vertex 226.308 11.85 3.2
      vertex 226.475 11.5998 3.2
    endloop
  endfacet
  facet normal -0 0 1
    outer loop
      vertex 226.175 13.8802 3.2
      vertex 226.308 11.85 3.2
      vertex 226.308 14.15 3.2
    endloop
  endfacet
  facet normal 0 0 1
    outer loop
      vertex 226.175 13.8802 3.2
      vertex 226.175 12.1198 3.2
      vertex 226.308 11.85 3.2
    endloop
  endfacet
  facet normal -0 0 1
    outer loop
      vertex 226.078 13.5953 3.2
      vertex 226.175 12.1198 3.2
      vertex 226.175 13.8802 3.2
    endloop
  endfacet
  facet normal 0 0 1
    outer loop
      vertex 226.078 13.5953 3.2
      vertex 226.078 12.4047 3.2
      vertex 226.175 12.1198 3.2
    endloop
  endfacet
  facet normal -0 0 1
    outer loop
      vertex 226.02 13.3002 3.2
      vertex 226.078 12.4047 3.2
      vertex 226.078 13.5953 3.2
    endloop
  endfacet
  facet normal 0 0 1
    outer loop
      vertex 226.02 13.3002 3.2
      vertex 226.02 12.6998 3.2
      vertex 226.078 12.4047 3.2
    endloop
  endfacet
  facet normal 0 -0 1
    outer loop
      vertex 226.02 12.6998 3.2
      vertex 226.02 13.3002 3.2
      vertex 226 13 3.2
    endloop
  endfacet
  facet normal -0.985045 0.160605 0.0623844
    outer loop
      vertex 226.02 13.3002 3.2
      vertex 225.837 13.3431 0.199999
      vertex 225.834 13.3247 0.199999
    endloop
  endfacet
  facet normal -0.97931 0.192477 0.0624903
    outer loop
      vertex 225.837 13.3431 0.199999
      vertex 226.02 13.3002 3.2
      vertex 226.078 13.5953 3.2
    endloop
  endfacet
  facet normal -0.879772 0.471306 0.0622281
    outer loop
      vertex 226.137 14.2269 0.199999
      vertex 226.308 14.15 3.2
      vertex 226.146 14.2437 0.199999
    endloop
  endfacet
  facet normal -0.895195 0.441293 0.0623379
    outer loop
      vertex 226.308 14.15 3.2
      vertex 226.137 14.2269 0.199999
      vertex 226.175 13.8802 3.2
    endloop
  endfacet
  facet normal -0.895931 0.439821 0.062177
    outer loop
      vertex 226.137 14.2269 0.199999
      vertex 226.002 13.9519 0.199999
      vertex 226.175 13.8802 3.2
    endloop
  endfacet
  facet normal -0.0555251 -0.862808 0.502473
    outer loop
      vertex 4.17368 130.021 0.199999
      vertex 3 128 -3.4
      vertex 4.5 130 0.199999
    endloop
  endfacet
  facet normal 0.997858 0.0654208 0
    outer loop
      vertex 22 147 -3.4
      vertex 21.9743 147.392 -5.8
      vertex 21.9743 147.392 -3.4
    endloop
  endfacet
  facet normal 0.997858 0.0654208 0
    outer loop
      vertex 21.9743 147.392 -5.8
      vertex 22 147 -3.4
      vertex 22 147 -5.8
    endloop
  endfacet
  facet normal -0.997864 -0.0653328 0
    outer loop
      vertex 0.0256653 130.608 -5.8
      vertex 0 131 -3.4
      vertex 0 131 -5.8
    endloop
  endfacet
  facet normal -0.997864 -0.0653328 0
    outer loop
      vertex 0 131 -3.4
      vertex 0.0256653 130.608 -5.8
      vertex 0.0256653 130.608 -3.4
    endloop
  endfacet
  facet normal -0.751801 -0.65939 0
    outer loop
      vertex 0.878679 128.879 -5.8
      vertex 0.61994 129.174 -3.4
      vertex 0.61994 129.174 -5.8
    endloop
  endfacet
  facet normal -0.751801 -0.65939 0
    outer loop
      vertex 0.61994 129.174 -3.4
      vertex 0.878679 128.879 -5.8
      vertex 0.878679 128.879 -3.4
    endloop
  endfacet
  facet normal 0.193714 0.981058 -0
    outer loop
      vertex 19.7765 149.898 -5.8
      vertex 19.3916 149.974 -3.4
      vertex 19.7765 149.898 -3.4
    endloop
  endfacet
  facet normal 0.193714 0.981058 0
    outer loop
      vertex 19.3916 149.974 -3.4
      vertex 19.7765 149.898 -5.8
      vertex 19.3916 149.974 -5.8
    endloop
  endfacet
  facet normal -0.0555251 0.862808 0.502473
    outer loop
      vertex 4.5 148 0.199999
      vertex 3 150 -3.4
      vertex 4.17368 147.979 0.199999
    endloop
  endfacet
  facet normal 0.0572633 0.862473 0.502853
    outer loop
      vertex 19 150 -3.4
      vertex 17.8263 147.979 0.199999
      vertex 19.3916 149.974 -3.4
    endloop
  endfacet
  facet normal 0.736031 0.362788 0.571526
    outer loop
      vertex 21.5981 148.5 -3.4
      vertex 19.8097 146.457 0.199999
      vertex 21.7716 148.148 -3.4
    endloop
  endfacet
  facet normal 0.0662484 -0.997803 0
    outer loop
      vertex 19 128 -5.8
      vertex 19.3916 128.026 -3.4
      vertex 19 128 -3.4
    endloop
  endfacet
  facet normal 0.0662484 -0.997803 0
    outer loop
      vertex 19.3916 128.026 -3.4
      vertex 19 128 -5.8
      vertex 19.3916 128.026 -5.8
    endloop
  endfacet
  facet normal 0 -0.874157 0.485643
    outer loop
      vertex 3 128 -3.4
      vertex 17.5 130 0.199999
      vertex 4.5 130 0.199999
    endloop
  endfacet
  facet normal 0 -0.874157 0.485643
    outer loop
      vertex 17.5 130 0.199999
      vertex 3 128 -3.4
      vertex 19 128 -3.4
    endloop
  endfacet
  facet normal 0 0.874157 0.485643
    outer loop
      vertex 19 150 -3.4
      vertex 4.5 148 0.199999
      vertex 17.5 148 0.199999
    endloop
  endfacet
  facet normal 0 0.874157 0.485643
    outer loop
      vertex 4.5 148 0.199999
      vertex 19 150 -3.4
      vertex 3 150 -3.4
    endloop
  endfacet
  facet normal -0.0662518 0.997803 0
    outer loop
      vertex 3 150 -5.8
      vertex 2.60842 149.974 -3.4
      vertex 3 150 -3.4
    endloop
  endfacet
  facet normal -0.0662518 0.997803 0
    outer loop
      vertex 2.60842 149.974 -3.4
      vertex 3 150 -5.8
      vertex 2.60842 149.974 -5.8
    endloop
  endfacet
  facet normal 0.451554 0.675881 0.582481
    outer loop
      vertex 20.5 149.598 -3.4
      vertex 19.0219 147.483 0.199999
      vertex 20.8263 149.38 -3.4
    endloop
  endfacet
  facet normal 0.0555285 0.862807 0.502474
    outer loop
      vertex 19 150 -3.4
      vertex 17.5 148 0.199999
      vertex 17.8263 147.979 0.199999
    endloop
  endfacet
  facet normal 0.874157 -0 0.485643
    outer loop
      vertex 20 132.5 0.199999
      vertex 22 147 -3.4
      vertex 20 145.5 0.199999
    endloop
  endfacet
  facet normal 0.874157 0 0.485643
    outer loop
      vertex 22 147 -3.4
      vertex 20 132.5 0.199999
      vertex 22 131 -3.4
    endloop
  endfacet
  facet normal 0.94699 0.321264 0
    outer loop
      vertex 21.8978 147.776 -3.4
      vertex 21.7716 148.148 -5.8
      vertex 21.7716 148.148 -3.4
    endloop
  endfacet
  facet normal 0.94699 0.321264 0
    outer loop
      vertex 21.7716 148.148 -5.8
      vertex 21.8978 147.776 -3.4
      vertex 21.8978 147.776 -5.8
    endloop
  endfacet
  facet normal -0.862559 -0.0565955 0.502781
    outer loop
      vertex 2 132.5 0.199999
      vertex 0 131 -3.4
      vertex 2.02139 132.174 0.199999
    endloop
  endfacet
  facet normal -0.862582 0.0564756 0.502755
    outer loop
      vertex 0.0256653 147.392 -3.4
      vertex 0 147 -3.4
      vertex 2.02139 145.826 0.199999
    endloop
  endfacet
  facet normal -0.735968 -0.362886 0.571546
    outer loop
      vertex 2.1903 131.543 0.199999
      vertex 0.228361 129.852 -3.4
      vertex 0.401923 129.5 -3.4
    endloop
  endfacet
  facet normal -1 0 0
    outer loop
      vertex 0 131 -5.8
      vertex 0 147 -3.4
      vertex 0 147 -5.8
    endloop
  endfacet
  facet normal -1 -0 0
    outer loop
      vertex 0 147 -3.4
      vertex 0 131 -5.8
      vertex 0 131 -3.4
    endloop
  endfacet
  facet normal 0 0 -1
    outer loop
      vertex 22 131 -5.8
      vertex 18.9316 137.956 -5.8
      vertex 19 139 -5.8
    endloop
  endfacet
  facet normal 0 0 -1
    outer loop
      vertex 22 131 -5.8
      vertex 18.7274 136.929 -5.8
      vertex 18.9316 137.956 -5.8
    endloop
  endfacet
  facet normal 0 0 -1
    outer loop
      vertex 22 131 -5.8
      vertex 18.391 135.939 -5.8
      vertex 18.7274 136.929 -5.8
    endloop
  endfacet
  facet normal 0 0 -1
    outer loop
      vertex 22 131 -5.8
      vertex 17.9282 135 -5.8
      vertex 18.391 135.939 -5.8
    endloop
  endfacet
  facet normal 0 0 -1
    outer loop
      vertex 22 131 -5.8
      vertex 17.3468 134.13 -5.8
      vertex 17.9282 135 -5.8
    endloop
  endfacet
  facet normal 0 0 -1
    outer loop
      vertex 22 131 -5.8
      vertex 16.6569 133.343 -5.8
      vertex 17.3468 134.13 -5.8
    endloop
  endfacet
  facet normal 0 0 -1
    outer loop
      vertex 19 128 -5.8
      vertex 15.8701 132.653 -5.8
      vertex 16.6569 133.343 -5.8
    endloop
  endfacet
  facet normal 0 0 -1
    outer loop
      vertex 19 128 -5.8
      vertex 15 132.072 -5.8
      vertex 15.8701 132.653 -5.8
    endloop
  endfacet
  facet normal 0 0 -1
    outer loop
      vertex 19 128 -5.8
      vertex 14.0615 131.609 -5.8
      vertex 15 132.072 -5.8
    endloop
  endfacet
  facet normal 0 0 -1
    outer loop
      vertex 19 128 -5.8
      vertex 13.0706 131.273 -5.8
      vertex 14.0615 131.609 -5.8
    endloop
  endfacet
  facet normal 0 0 -1
    outer loop
      vertex 19 128 -5.8
      vertex 12.0442 131.068 -5.8
      vertex 13.0706 131.273 -5.8
    endloop
  endfacet
  facet normal 0 0 -1
    outer loop
      vertex 19 128 -5.8
      vertex 11 131 -5.8
      vertex 12.0442 131.068 -5.8
    endloop
  endfacet
  facet normal 0 0 -1
    outer loop
      vertex 3 128 -5.8
      vertex 11 131 -5.8
      vertex 19 128 -5.8
    endloop
  endfacet
  facet normal -0 0 -1
    outer loop
      vertex 11 131 -5.8
      vertex 3 128 -5.8
      vertex 9.95579 131.068 -5.8
    endloop
  endfacet
  facet normal -0 0 -1
    outer loop
      vertex 9.95579 131.068 -5.8
      vertex 3 128 -5.8
      vertex 8.92945 131.273 -5.8
    endloop
  endfacet
  facet normal 0 0 -1
    outer loop
      vertex 3 128 -5.8
      vertex 7.93853 131.609 -5.8
      vertex 8.92945 131.273 -5.8
    endloop
  endfacet
  facet normal 0 0 -1
    outer loop
      vertex 3 128 -5.8
      vertex 7 132.072 -5.8
      vertex 7.93853 131.609 -5.8
    endloop
  endfacet
  facet normal 0 0 -1
    outer loop
      vertex 3 128 -5.8
      vertex 6.12991 132.653 -5.8
      vertex 7 132.072 -5.8
    endloop
  endfacet
  facet normal 0 0 -1
    outer loop
      vertex 3 128 -5.8
      vertex 5.34315 133.343 -5.8
      vertex 6.12991 132.653 -5.8
    endloop
  endfacet
  facet normal 0 0 -1
    outer loop
      vertex 0 131 -5.8
      vertex 5.34315 133.343 -5.8
      vertex 3 128 -5.8
    endloop
  endfacet
  facet normal -0 0 -1
    outer loop
      vertex 5.34315 133.343 -5.8
      vertex 0 131 -5.8
      vertex 4.65317 134.13 -5.8
    endloop
  endfacet
  facet normal -0 0 -1
    outer loop
      vertex 4.65317 134.13 -5.8
      vertex 0 131 -5.8
      vertex 4.0718 135 -5.8
    endloop
  endfacet
  facet normal -0 0 -1
    outer loop
      vertex 4.0718 135 -5.8
      vertex 0 131 -5.8
      vertex 3.60896 135.939 -5.8
    endloop
  endfacet
  facet normal -0 0 -1
    outer loop
      vertex 3.60896 135.939 -5.8
      vertex 0 131 -5.8
      vertex 3.27259 136.929 -5.8
    endloop
  endfacet
  facet normal -0 0 -1
    outer loop
      vertex 3.27259 136.929 -5.8
      vertex 0 131 -5.8
      vertex 3.06844 137.956 -5.8
    endloop
  endfacet
  facet normal -0 0 -1
    outer loop
      vertex 3.06844 137.956 -5.8
      vertex 0 131 -5.8
      vertex 3 139 -5.8
    endloop
  endfacet
  facet normal 0 0 -1
    outer loop
      vertex 0 131 -5.8
      vertex 3 128 -5.8
      vertex 2.60842 128.026 -5.8
    endloop
  endfacet
  facet normal 0 0 -1
    outer loop
      vertex 0 147 -5.8
      vertex 3 139 -5.8
      vertex 0 131 -5.8
    endloop
  endfacet
  facet normal 0 0 -1
    outer loop
      vertex 0 131 -5.8
      vertex 2.60842 128.026 -5.8
      vertex 2.22354 128.102 -5.8
    endloop
  endfacet
  facet normal 0 0 -1
    outer loop
      vertex 3 139 -5.8
      vertex 0 147 -5.8
      vertex 3 150 -5.8
    endloop
  endfacet
  facet normal 0 0 -1
    outer loop
      vertex 0 131 -5.8
      vertex 2.22354 128.102 -5.8
      vertex 1.85195 128.228 -5.8
    endloop
  endfacet
  facet normal 0 0 -1
    outer loop
      vertex 3 150 -5.8
      vertex 0 147 -5.8
      vertex 2.60842 149.974 -5.8
    endloop
  endfacet
  facet normal 0 0 -1
    outer loop
      vertex 0 131 -5.8
      vertex 1.85195 128.228 -5.8
      vertex 1.5 128.402 -5.8
    endloop
  endfacet
  facet normal 0 0 -1
    outer loop
      vertex 2.60842 149.974 -5.8
      vertex 0 147 -5.8
      vertex 2.22354 149.898 -5.8
    endloop
  endfacet
  facet normal 0 0 -1
    outer loop
      vertex 0 131 -5.8
      vertex 1.5 128.402 -5.8
      vertex 1.17372 128.62 -5.8
    endloop
  endfacet
  facet normal 0 0 -1
    outer loop
      vertex 2.22354 149.898 -5.8
      vertex 0 147 -5.8
      vertex 1.85195 149.772 -5.8
    endloop
  endfacet
  facet normal 0 0 -1
    outer loop
      vertex 0 131 -5.8
      vertex 1.17372 128.62 -5.8
      vertex 0.878679 128.879 -5.8
    endloop
  endfacet
  facet normal 0 0 -1
    outer loop
      vertex 1.85195 149.772 -5.8
      vertex 0 147 -5.8
      vertex 1.5 149.598 -5.8
    endloop
  endfacet
  facet normal 0 0 -1
    outer loop
      vertex 0 131 -5.8
      vertex 0.878679 128.879 -5.8
      vertex 0.61994 129.174 -5.8
    endloop
  endfacet
  facet normal 0 0 -1
    outer loop
      vertex 1.5 149.598 -5.8
      vertex 0 147 -5.8
      vertex 1.17372 149.38 -5.8
    endloop
  endfacet
  facet normal 0 0 -1
    outer loop
      vertex 0 131 -5.8
      vertex 0.61994 129.174 -5.8
      vertex 0.401923 129.5 -5.8
    endloop
  endfacet
  facet normal 0 0 -1
    outer loop
      vertex 1.17372 149.38 -5.8
      vertex 0 147 -5.8
      vertex 0.878679 149.121 -5.8
    endloop
  endfacet
  facet normal 0 0 -1
    outer loop
      vertex 0 131 -5.8
      vertex 0.401923 129.5 -5.8
      vertex 0.228361 129.852 -5.8
    endloop
  endfacet
  facet normal 0 0 -1
    outer loop
      vertex 0.878679 149.121 -5.8
      vertex 0 147 -5.8
      vertex 0.61994 148.826 -5.8
    endloop
  endfacet
  facet normal 0 0 -1
    outer loop
      vertex 0 131 -5.8
      vertex 0.228361 129.852 -5.8
      vertex 0.102222 130.224 -5.8
    endloop
  endfacet
  facet normal 0 0 -1
    outer loop
      vertex 0.61994 148.826 -5.8
      vertex 0 147 -5.8
      vertex 0.401923 148.5 -5.8
    endloop
  endfacet
  facet normal 0 0 -1
    outer loop
      vertex 0 131 -5.8
      vertex 0.102222 130.224 -5.8
      vertex 0.0256653 130.608 -5.8
    endloop
  endfacet
  facet normal 0 0 -1
    outer loop
      vertex 0.401923 148.5 -5.8
      vertex 0 147 -5.8
      vertex 0.228361 148.148 -5.8
    endloop
  endfacet
  facet normal 0 0 -1
    outer loop
      vertex 0.228361 148.148 -5.8
      vertex 0 147 -5.8
      vertex 0.102222 147.776 -5.8
    endloop
  endfacet
  facet normal 0 0 -1
    outer loop
      vertex 0.102222 147.776 -5.8
      vertex 0 147 -5.8
      vertex 0.0256653 147.392 -5.8
    endloop
  endfacet
  facet normal 0 0 -1
    outer loop
      vertex 19 128 -5.8
      vertex 22 131 -5.8
      vertex 21.9743 130.608 -5.8
    endloop
  endfacet
  facet normal 0 0 -1
    outer loop
      vertex 22 131 -5.8
      vertex 19 139 -5.8
      vertex 22 147 -5.8
    endloop
  endfacet
  facet normal 0 0 -1
    outer loop
      vertex 19 128 -5.8
      vertex 21.9743 130.608 -5.8
      vertex 21.8978 130.224 -5.8
    endloop
  endfacet
  facet normal 0 0 -1
    outer loop
      vertex 18.9316 140.044 -5.8
      vertex 22 147 -5.8
      vertex 19 139 -5.8
    endloop
  endfacet
  facet normal 0 0 -1
    outer loop
      vertex 19 128 -5.8
      vertex 21.8978 130.224 -5.8
      vertex 21.7716 129.852 -5.8
    endloop
  endfacet
  facet normal 0 0 -1
    outer loop
      vertex 18.7274 141.071 -5.8
      vertex 22 147 -5.8
      vertex 18.9316 140.044 -5.8
    endloop
  endfacet
  facet normal 0 0 -1
    outer loop
      vertex 19 128 -5.8
      vertex 21.7716 129.852 -5.8
      vertex 21.5981 129.5 -5.8
    endloop
  endfacet
  facet normal 0 0 -1
    outer loop
      vertex 18.391 142.061 -5.8
      vertex 22 147 -5.8
      vertex 18.7274 141.071 -5.8
    endloop
  endfacet
  facet normal 0 0 -1
    outer loop
      vertex 19 128 -5.8
      vertex 21.5981 129.5 -5.8
      vertex 21.3801 129.174 -5.8
    endloop
  endfacet
  facet normal 0 0 -1
    outer loop
      vertex 17.9282 143 -5.8
      vertex 22 147 -5.8
      vertex 18.391 142.061 -5.8
    endloop
  endfacet
  facet normal 0 0 -1
    outer loop
      vertex 19 128 -5.8
      vertex 21.3801 129.174 -5.8
      vertex 21.1213 128.879 -5.8
    endloop
  endfacet
  facet normal 0 0 -1
    outer loop
      vertex 17.3468 143.87 -5.8
      vertex 22 147 -5.8
      vertex 17.9282 143 -5.8
    endloop
  endfacet
  facet normal 0 0 -1
    outer loop
      vertex 19 128 -5.8
      vertex 21.1213 128.879 -5.8
      vertex 20.8263 128.62 -5.8
    endloop
  endfacet
  facet normal 0 0 -1
    outer loop
      vertex 16.6569 144.657 -5.8
      vertex 22 147 -5.8
      vertex 17.3468 143.87 -5.8
    endloop
  endfacet
  facet normal 0 0 -1
    outer loop
      vertex 19 128 -5.8
      vertex 20.8263 128.62 -5.8
      vertex 20.5 128.402 -5.8
    endloop
  endfacet
  facet normal -0 0 -1
    outer loop
      vertex 22 147 -5.8
      vertex 16.6569 144.657 -5.8
      vertex 21.9743 147.392 -5.8
    endloop
  endfacet
  facet normal 0 0 -1
    outer loop
      vertex 19 128 -5.8
      vertex 20.5 128.402 -5.8
      vertex 20.148 128.228 -5.8
    endloop
  endfacet
  facet normal -0 0 -1
    outer loop
      vertex 21.9743 147.392 -5.8
      vertex 16.6569 144.657 -5.8
      vertex 21.8978 147.776 -5.8
    endloop
  endfacet
  facet normal 0 0 -1
    outer loop
      vertex 19 128 -5.8
      vertex 20.148 128.228 -5.8
      vertex 19.7765 128.102 -5.8
    endloop
  endfacet
  facet normal -0 0 -1
    outer loop
      vertex 21.8978 147.776 -5.8
      vertex 16.6569 144.657 -5.8
      vertex 21.7716 148.148 -5.8
    endloop
  endfacet
  facet normal 0 0 -1
    outer loop
      vertex 19 128 -5.8
      vertex 19.7765 128.102 -5.8
      vertex 19.3916 128.026 -5.8
    endloop
  endfacet
  facet normal -0 0 -1
    outer loop
      vertex 21.7716 148.148 -5.8
      vertex 16.6569 144.657 -5.8
      vertex 21.5981 148.5 -5.8
    endloop
  endfacet
  facet normal 0 0 -1
    outer loop
      vertex 16.6569 133.343 -5.8
      vertex 22 131 -5.8
      vertex 19 128 -5.8
    endloop
  endfacet
  facet normal -0 0 -1
    outer loop
      vertex 21.5981 148.5 -5.8
      vertex 16.6569 144.657 -5.8
      vertex 21.3801 148.826 -5.8
    endloop
  endfacet
  facet normal -0 0 -1
    outer loop
      vertex 21.3801 148.826 -5.8
      vertex 16.6569 144.657 -5.8
      vertex 21.1213 149.121 -5.8
    endloop
  endfacet
  facet normal -0 0 -1
    outer loop
      vertex 21.1213 149.121 -5.8
      vertex 16.6569 144.657 -5.8
      vertex 20.8263 149.38 -5.8
    endloop
  endfacet
  facet normal -0 0 -1
    outer loop
      vertex 20.8263 149.38 -5.8
      vertex 16.6569 144.657 -5.8
      vertex 20.5 149.598 -5.8
    endloop
  endfacet
  facet normal -0 0 -1
    outer loop
      vertex 20.5 149.598 -5.8
      vertex 16.6569 144.657 -5.8
      vertex 20.148 149.772 -5.8
    endloop
  endfacet
  facet normal -0 0 -1
    outer loop
      vertex 20.148 149.772 -5.8
      vertex 16.6569 144.657 -5.8
      vertex 19.7765 149.898 -5.8
    endloop
  endfacet
  facet normal -0 0 -1
    outer loop
      vertex 19.7765 149.898 -5.8
      vertex 16.6569 144.657 -5.8
      vertex 19.3916 149.974 -5.8
    endloop
  endfacet
  facet normal -0 0 -1
    outer loop
      vertex 19.3916 149.974 -5.8
      vertex 16.6569 144.657 -5.8
      vertex 19 150 -5.8
    endloop
  endfacet
  facet normal 0 0 -1
    outer loop
      vertex 15.8701 145.347 -5.8
      vertex 19 150 -5.8
      vertex 16.6569 144.657 -5.8
    endloop
  endfacet
  facet normal 0 0 -1
    outer loop
      vertex 15 145.928 -5.8
      vertex 19 150 -5.8
      vertex 15.8701 145.347 -5.8
    endloop
  endfacet
  facet normal 0 0 -1
    outer loop
      vertex 14.0615 146.391 -5.8
      vertex 19 150 -5.8
      vertex 15 145.928 -5.8
    endloop
  endfacet
  facet normal 0 0 -1
    outer loop
      vertex 13.0706 146.727 -5.8
      vertex 19 150 -5.8
      vertex 14.0615 146.391 -5.8
    endloop
  endfacet
  facet normal 0 0 -1
    outer loop
      vertex 12.0442 146.932 -5.8
      vertex 19 150 -5.8
      vertex 13.0706 146.727 -5.8
    endloop
  endfacet
  facet normal 0 0 -1
    outer loop
      vertex 11 147 -5.8
      vertex 19 150 -5.8
      vertex 12.0442 146.932 -5.8
    endloop
  endfacet
  facet normal 0 0 -1
    outer loop
      vertex 3 150 -5.8
      vertex 11 147 -5.8
      vertex 9.95579 146.932 -5.8
    endloop
  endfacet
  facet normal 0 0 -1
    outer loop
      vertex 3 150 -5.8
      vertex 9.95579 146.932 -5.8
      vertex 8.92945 146.727 -5.8
    endloop
  endfacet
  facet normal 0 0 -1
    outer loop
      vertex 11 147 -5.8
      vertex 3 150 -5.8
      vertex 19 150 -5.8
    endloop
  endfacet
  facet normal 0 0 -1
    outer loop
      vertex 7.93853 146.391 -5.8
      vertex 3 150 -5.8
      vertex 8.92945 146.727 -5.8
    endloop
  endfacet
  facet normal 0 0 -1
    outer loop
      vertex 7 145.928 -5.8
      vertex 3 150 -5.8
      vertex 7.93853 146.391 -5.8
    endloop
  endfacet
  facet normal 0 0 -1
    outer loop
      vertex 6.12991 145.347 -5.8
      vertex 3 150 -5.8
      vertex 7 145.928 -5.8
    endloop
  endfacet
  facet normal 0 0 -1
    outer loop
      vertex 5.34315 144.657 -5.8
      vertex 3 150 -5.8
      vertex 6.12991 145.347 -5.8
    endloop
  endfacet
  facet normal 0 0 -1
    outer loop
      vertex 4.65317 143.87 -5.8
      vertex 3 150 -5.8
      vertex 5.34315 144.657 -5.8
    endloop
  endfacet
  facet normal 0 0 -1
    outer loop
      vertex 4.0718 143 -5.8
      vertex 3 150 -5.8
      vertex 4.65317 143.87 -5.8
    endloop
  endfacet
  facet normal 0 0 -1
    outer loop
      vertex 3.60896 142.061 -5.8
      vertex 3 150 -5.8
      vertex 4.0718 143 -5.8
    endloop
  endfacet
  facet normal 0 0 -1
    outer loop
      vertex 3.27259 141.071 -5.8
      vertex 3 150 -5.8
      vertex 3.60896 142.061 -5.8
    endloop
  endfacet
  facet normal 0 0 -1
    outer loop
      vertex 3.06844 140.044 -5.8
      vertex 3 150 -5.8
      vertex 3.27259 141.071 -5.8
    endloop
  endfacet
  facet normal 0 0 -1
    outer loop
      vertex 3 150 -5.8
      vertex 3.06844 140.044 -5.8
      vertex 3 139 -5.8
    endloop
  endfacet
  facet normal 0.997858 -0.0654208 0
    outer loop
      vertex 21.9743 130.608 -3.4
      vertex 22 131 -5.8
      vertex 22 131 -3.4
    endloop
  endfacet
  facet normal 0.997858 -0.0654208 0
    outer loop
      vertex 22 131 -5.8
      vertex 21.9743 130.608 -3.4
      vertex 21.9743 130.608 -5.8
    endloop
  endfacet
  facet normal -0.0572662 0.862473 0.502853
    outer loop
      vertex 3 150 -3.4
      vertex 2.60842 149.974 -3.4
      vertex 4.17368 147.979 0.199999
    endloop
  endfacet
  facet normal 0.0662484 0.997803 -0
    outer loop
      vertex 19.3916 149.974 -5.8
      vertex 19 150 -3.4
      vertex 19.3916 149.974 -3.4
    endloop
  endfacet
  facet normal 0.0662484 0.997803 0
    outer loop
      vertex 19 150 -3.4
      vertex 19.3916 149.974 -5.8
      vertex 19 150 -5.8
    endloop
  endfacet
  facet normal -0.830241 0.165522 0.532261
    outer loop
      vertex 0.102222 147.776 -3.4
      vertex 0.0256653 147.392 -3.4
      vertex 2.02139 145.826 0.199999
    endloop
  endfacet
  facet normal 0.659766 0.751471 -0
    outer loop
      vertex 21.1213 149.121 -5.8
      vertex 20.8263 149.38 -3.4
      vertex 21.1213 149.121 -3.4
    endloop
  endfacet
  facet normal 0.659766 0.751471 0
    outer loop
      vertex 20.8263 149.38 -3.4
      vertex 21.1213 149.121 -5.8
      vertex 20.8263 149.38 -5.8
    endloop
  endfacet
  facet normal 0.862567 0.0565509 0.502773
    outer loop
      vertex 21.9743 147.392 -3.4
      vertex 19.9786 145.826 0.199999
      vertex 22 147 -3.4
    endloop
  endfacet
  facet normal 0.830284 0.165408 0.53223
    outer loop
      vertex 21.8978 147.776 -3.4
      vertex 19.9786 145.826 0.199999
      vertex 21.9743 147.392 -3.4
    endloop
  endfacet
  facet normal -0.443185 -0.89643 0
    outer loop
      vertex 1.5 128.402 -5.8
      vertex 1.85195 128.228 -3.4
      vertex 1.5 128.402 -3.4
    endloop
  endfacet
  facet normal -0.443185 -0.89643 -0
    outer loop
      vertex 1.85195 128.228 -3.4
      vertex 1.5 128.402 -5.8
      vertex 1.85195 128.228 -5.8
    endloop
  endfacet
  facet normal -0.862559 0.0565955 0.502781
    outer loop
      vertex 2.02139 145.826 0.199999
      vertex 0 147 -3.4
      vertex 2 145.5 0.199999
    endloop
  endfacet
  facet normal -0.874157 0 0.485643
    outer loop
      vertex 0 147 -3.4
      vertex 2 132.5 0.199999
      vertex 2 145.5 0.199999
    endloop
  endfacet
  facet normal -0.874157 0 0.485643
    outer loop
      vertex 2 132.5 0.199999
      vertex 0 147 -3.4
      vertex 0 131 -3.4
    endloop
  endfacet
  facet normal 0 -1 0
    outer loop
      vertex 3 128 -5.8
      vertex 19 128 -3.4
      vertex 3 128 -3.4
    endloop
  endfacet
  facet normal 0 -1 -0
    outer loop
      vertex 19 128 -3.4
      vertex 3 128 -5.8
      vertex 19 128 -5.8
    endloop
  endfacet
  facet normal 0.452143 -0.675481 0.582488
    outer loop
      vertex 19.0219 130.517 0.199999
      vertex 18.75 130.335 0.199999
      vertex 20.5 128.402 -3.4
    endloop
  endfacet
  facet normal -0.363622 0.735499 0.571683
    outer loop
      vertex 1.85195 149.772 -3.4
      vertex 1.5 149.598 -3.4
      vertex 3.54329 147.81 0.199999
    endloop
  endfacet
  facet normal 0 1 -0
    outer loop
      vertex 19 150 -5.8
      vertex 3 150 -3.4
      vertex 19 150 -3.4
    endloop
  endfacet
  facet normal 0 1 0
    outer loop
      vertex 3 150 -3.4
      vertex 19 150 -5.8
      vertex 3 150 -5.8
    endloop
  endfacet
  facet normal -0.193723 0.981056 0
    outer loop
      vertex 2.60842 149.974 -5.8
      vertex 2.22354 149.898 -3.4
      vertex 2.60842 149.974 -3.4
    endloop
  endfacet
  facet normal -0.193723 0.981056 0
    outer loop
      vertex 2.22354 149.898 -3.4
      vertex 2.60842 149.974 -5.8
      vertex 2.22354 149.898 -5.8
    endloop
  endfacet
  facet normal -0.443185 0.89643 0
    outer loop
      vertex 1.85195 149.772 -5.8
      vertex 1.5 149.598 -3.4
      vertex 1.85195 149.772 -3.4
    endloop
  endfacet
  facet normal -0.443185 0.89643 0
    outer loop
      vertex 1.5 149.598 -3.4
      vertex 1.85195 149.772 -5.8
      vertex 1.5 149.598 -5.8
    endloop
  endfacet
  facet normal -0.9807 0.195519 0
    outer loop
      vertex 0.0256653 147.392 -5.8
      vertex 0.102222 147.776 -3.4
      vertex 0.102222 147.776 -5.8
    endloop
  endfacet
  facet normal -0.9807 0.195519 0
    outer loop
      vertex 0.102222 147.776 -3.4
      vertex 0.0256653 147.392 -5.8
      vertex 0.0256653 147.392 -3.4
    endloop
  endfacet
  facet normal -0.735753 0.363206 0.57162
    outer loop
      vertex 2.33494 146.75 0.199999
      vertex 0.401923 148.5 -3.4
      vertex 2.1903 146.457 0.199999
    endloop
  endfacet
  facet normal -0.751801 0.65939 0
    outer loop
      vertex 0.61994 148.826 -5.8
      vertex 0.878679 149.121 -3.4
      vertex 0.878679 149.121 -5.8
    endloop
  endfacet
  facet normal -0.751801 0.65939 0
    outer loop
      vertex 0.878679 149.121 -3.4
      vertex 0.61994 148.826 -5.8
      vertex 0.61994 148.826 -3.4
    endloop
  endfacet
  facet normal -0.659714 0.751516 0
    outer loop
      vertex 1.17372 149.38 -5.8
      vertex 0.878679 149.121 -3.4
      vertex 1.17372 149.38 -3.4
    endloop
  endfacet
  facet normal -0.659714 0.751516 0
    outer loop
      vertex 0.878679 149.121 -3.4
      vertex 1.17372 149.38 -5.8
      vertex 0.878679 149.121 -5.8
    endloop
  endfacet
  facet normal -0.363624 0.735498 0.571683
    outer loop
      vertex 3.54329 147.81 0.199999
      vertex 1.5 149.598 -3.4
      vertex 3.25 147.665 0.199999
    endloop
  endfacet
  facet normal -0.533733 0.608004 0.587759
    outer loop
      vertex 1.17372 149.38 -3.4
      vertex 0.878679 149.121 -3.4
      vertex 2.73223 147.268 0.199999
    endloop
  endfacet
  facet normal 0.532496 0.609027 0.587822
    outer loop
      vertex 20.8263 149.38 -3.4
      vertex 19.0219 147.483 0.199999
      vertex 19.2678 147.268 0.199999
    endloop
  endfacet
  facet normal 0.533776 0.607969 0.587756
    outer loop
      vertex 20.8263 149.38 -3.4
      vertex 19.2678 147.268 0.199999
      vertex 21.1213 149.121 -3.4
    endloop
  endfacet
  facet normal 0.555523 0.831501 -0
    outer loop
      vertex 20.8263 149.38 -5.8
      vertex 20.5 149.598 -3.4
      vertex 20.8263 149.38 -3.4
    endloop
  endfacet
  facet normal 0.555523 0.831501 0
    outer loop
      vertex 20.5 149.598 -3.4
      vertex 20.8263 149.38 -5.8
      vertex 20.5 149.598 -5.8
    endloop
  endfacet
  facet normal 0.165676 0.830192 0.532289
    outer loop
      vertex 19.7765 149.898 -3.4
      vertex 17.8263 147.979 0.199999
      vertex 18.147 147.915 0.199999
    endloop
  endfacet
  facet normal 0.164055 0.830852 0.531762
    outer loop
      vertex 19.3916 149.974 -3.4
      vertex 17.8263 147.979 0.199999
      vertex 19.7765 149.898 -3.4
    endloop
  endfacet
  facet normal 0.751724 0.659478 0
    outer loop
      vertex 21.3801 148.826 -3.4
      vertex 21.1213 149.121 -5.8
      vertex 21.1213 149.121 -3.4
    endloop
  endfacet
  facet normal 0.751724 0.659478 0
    outer loop
      vertex 21.1213 149.121 -5.8
      vertex 21.3801 148.826 -3.4
      vertex 21.3801 148.826 -5.8
    endloop
  endfacet
  facet normal 0.675714 0.451858 0.582439
    outer loop
      vertex 21.3801 148.826 -3.4
      vertex 19.4834 147.022 0.199999
      vertex 21.5981 148.5 -3.4
    endloop
  endfacet
  facet normal 0.831265 0.555877 0
    outer loop
      vertex 21.5981 148.5 -3.4
      vertex 21.3801 148.826 -5.8
      vertex 21.3801 148.826 -3.4
    endloop
  endfacet
  facet normal 0.831265 0.555877 0
    outer loop
      vertex 21.3801 148.826 -5.8
      vertex 21.5981 148.5 -3.4
      vertex 21.5981 148.5 -5.8
    endloop
  endfacet
  facet normal 0.980728 0.195379 0
    outer loop
      vertex 21.9743 147.392 -3.4
      vertex 21.8978 147.776 -5.8
      vertex 21.8978 147.776 -3.4
    endloop
  endfacet
  facet normal 0.980728 0.195379 0
    outer loop
      vertex 21.8978 147.776 -5.8
      vertex 21.9743 147.392 -3.4
      vertex 21.9743 147.392 -5.8
    endloop
  endfacet
  facet normal 0.787897 0.267122 0.554855
    outer loop
      vertex 21.7716 148.148 -3.4
      vertex 19.8097 146.457 0.199999
      vertex 19.9148 146.147 0.199999
    endloop
  endfacet
  facet normal 0.862553 0.0566216 0.502789
    outer loop
      vertex 22 147 -3.4
      vertex 19.9786 145.826 0.199999
      vertex 20 145.5 0.199999
    endloop
  endfacet
  facet normal -0.659714 -0.751516 0
    outer loop
      vertex 0.878679 128.879 -5.8
      vertex 1.17372 128.62 -3.4
      vertex 0.878679 128.879 -3.4
    endloop
  endfacet
  facet normal -0.659714 -0.751516 -0
    outer loop
      vertex 1.17372 128.62 -3.4
      vertex 0.878679 128.879 -5.8
      vertex 1.17372 128.62 -5.8
    endloop
  endfacet
  facet normal -0.164063 -0.83085 0.531763
    outer loop
      vertex 4.17368 130.021 0.199999
      vertex 2.22354 128.102 -3.4
      vertex 2.60842 128.026 -3.4
    endloop
  endfacet
  facet normal -0.0662518 -0.997803 0
    outer loop
      vertex 2.60842 128.026 -5.8
      vertex 3 128 -3.4
      vertex 2.60842 128.026 -3.4
    endloop
  endfacet
  facet normal -0.0662518 -0.997803 -0
    outer loop
      vertex 3 128 -3.4
      vertex 2.60842 128.026 -5.8
      vertex 3 128 -5.8
    endloop
  endfacet
  facet normal 0 0 1
    outer loop
      vertex 17.5 148 0.199999
      vertex 20 145.5 0.199999
      vertex 19.9786 145.826 0.199999
    endloop
  endfacet
  facet normal 0 0 1
    outer loop
      vertex 20 145.5 0.199999
      vertex 15.4027 137.644 0.199999
      vertex 20 132.5 0.199999
    endloop
  endfacet
  facet normal 0 0 1
    outer loop
      vertex 17.5 148 0.199999
      vertex 19.9786 145.826 0.199999
      vertex 19.9148 146.147 0.199999
    endloop
  endfacet
  facet normal -0 -0 1
    outer loop
      vertex 15.4626 137.343 0.199999
      vertex 20 132.5 0.199999
      vertex 15.4027 137.644 0.199999
    endloop
  endfacet
  facet normal 0 0 1
    outer loop
      vertex 17.5 148 0.199999
      vertex 19.9148 146.147 0.199999
      vertex 19.8097 146.457 0.199999
    endloop
  endfacet
  facet normal -0 -0 1
    outer loop
      vertex 15.4662 137.325 0.199999
      vertex 20 132.5 0.199999
      vertex 15.4626 137.343 0.199999
    endloop
  endfacet
  facet normal 0 0 1
    outer loop
      vertex 17.5 148 0.199999
      vertex 19.8097 146.457 0.199999
      vertex 19.6651 146.75 0.199999
    endloop
  endfacet
  facet normal -0 -0 1
    outer loop
      vertex 15.4875 137 0.199999
      vertex 20 132.5 0.199999
      vertex 15.4863 137.019 0.199999
    endloop
  endfacet
  facet normal 0 0 1
    outer loop
      vertex 17.5 148 0.199999
      vertex 19.6651 146.75 0.199999
      vertex 19.4834 147.022 0.199999
    endloop
  endfacet
  facet normal -0 0 1
    outer loop
      vertex 15.4662 136.675 0.199999
      vertex 20 132.5 0.199999
      vertex 15.4863 136.981 0.199999
    endloop
  endfacet
  facet normal 0 0 1
    outer loop
      vertex 17.5 148 0.199999
      vertex 19.4834 147.022 0.199999
      vertex 19.2678 147.268 0.199999
    endloop
  endfacet
  facet normal -0 0 1
    outer loop
      vertex 15.4626 136.657 0.199999
      vertex 20 132.5 0.199999
      vertex 15.4662 136.675 0.199999
    endloop
  endfacet
  facet normal 0 0 1
    outer loop
      vertex 17.5 148 0.199999
      vertex 19.2678 147.268 0.199999
      vertex 19.0219 147.483 0.199999
    endloop
  endfacet
  facet normal -0 0 1
    outer loop
      vertex 15.4027 136.356 0.199999
      vertex 20 132.5 0.199999
      vertex 15.4626 136.657 0.199999
    endloop
  endfacet
  facet normal 0 0 1
    outer loop
      vertex 17.5 148 0.199999
      vertex 19.0219 147.483 0.199999
      vertex 18.75 147.665 0.199999
    endloop
  endfacet
  facet normal -0 0 1
    outer loop
      vertex 15.3967 136.338 0.199999
      vertex 20 132.5 0.199999
      vertex 15.4027 136.356 0.199999
    endloop
  endfacet
  facet normal 0 0 1
    outer loop
      vertex 17.5 148 0.199999
      vertex 18.75 147.665 0.199999
      vertex 18.4567 147.81 0.199999
    endloop
  endfacet
  facet normal -0 0 1
    outer loop
      vertex 15.2982 136.048 0.199999
      vertex 20 132.5 0.199999
      vertex 15.3967 136.338 0.199999
    endloop
  endfacet
  facet normal 0 0 1
    outer loop
      vertex 17.5 148 0.199999
      vertex 18.4567 147.81 0.199999
      vertex 18.147 147.915 0.199999
    endloop
  endfacet
  facet normal -0 0 1
    outer loop
      vertex 15.1626 135.773 0.199999
      vertex 20 132.5 0.199999
      vertex 15.2982 136.048 0.199999
    endloop
  endfacet
  facet normal 0 0 1
    outer loop
      vertex 17.5 148 0.199999
      vertex 18.147 147.915 0.199999
      vertex 17.8263 147.979 0.199999
    endloop
  endfacet
  facet normal -0 0 1
    outer loop
      vertex 15.1542 135.756 0.199999
      vertex 20 132.5 0.199999
      vertex 15.1626 135.773 0.199999
    endloop
  endfacet
  facet normal 0 0 1
    outer loop
      vertex 20 145.5 0.199999
      vertex 17.5 148 0.199999
      vertex 13.9519 139.298 0.199999
    endloop
  endfacet
  facet normal -0 0 1
    outer loop
      vertex 14.9839 135.501 0.199999
      vertex 20 132.5 0.199999
      vertex 15.1542 135.756 0.199999
    endloop
  endfacet
  facet normal -0 0 1
    outer loop
      vertex 14.9735 135.486 0.199999
      vertex 20 132.5 0.199999
      vertex 14.9839 135.501 0.199999
    endloop
  endfacet
  facet normal -0 0 1
    outer loop
      vertex 14.7589 135.241 0.199999
      vertex 20 132.5 0.199999
      vertex 14.7713 135.255 0.199999
    endloop
  endfacet
  facet normal -0 0 1
    outer loop
      vertex 14.7713 135.255 0.199999
      vertex 20 132.5 0.199999
      vertex 14.9735 135.486 0.199999
    endloop
  endfacet
  facet normal -0 0 1
    outer loop
      vertex 15.4863 136.981 0.199999
      vertex 20 132.5 0.199999
      vertex 15.4875 137 0.199999
    endloop
  endfacet
  facet normal -0 -0 1
    outer loop
      vertex 15.4863 137.019 0.199999
      vertex 20 132.5 0.199999
      vertex 15.4662 137.325 0.199999
    endloop
  endfacet
  facet normal 0 0 1
    outer loop
      vertex 20 145.5 0.199999
      vertex 15.3967 137.662 0.199999
      vertex 15.4027 137.644 0.199999
    endloop
  endfacet
  facet normal 0 0 1
    outer loop
      vertex 20 145.5 0.199999
      vertex 15.2982 137.952 0.199999
      vertex 15.3967 137.662 0.199999
    endloop
  endfacet
  facet normal 0 0 1
    outer loop
      vertex 20 145.5 0.199999
      vertex 15.1626 138.227 0.199999
      vertex 15.2982 137.952 0.199999
    endloop
  endfacet
  facet normal 0 0 1
    outer loop
      vertex 20 145.5 0.199999
      vertex 15.1542 138.244 0.199999
      vertex 15.1626 138.227 0.199999
    endloop
  endfacet
  facet normal 0 0 1
    outer loop
      vertex 20 145.5 0.199999
      vertex 15.1438 138.259 0.199999
      vertex 15.1542 138.244 0.199999
    endloop
  endfacet
  facet normal 0 0 1
    outer loop
      vertex 20 145.5 0.199999
      vertex 14.9735 138.514 0.199999
      vertex 15.1438 138.259 0.199999
    endloop
  endfacet
  facet normal 0 0 1
    outer loop
      vertex 20 145.5 0.199999
      vertex 14.7713 138.745 0.199999
      vertex 14.9735 138.514 0.199999
    endloop
  endfacet
  facet normal 0 0 1
    outer loop
      vertex 20 145.5 0.199999
      vertex 14.7589 138.759 0.199999
      vertex 14.7713 138.745 0.199999
    endloop
  endfacet
  facet normal 0 0 1
    outer loop
      vertex 20 145.5 0.199999
      vertex 14.7448 138.771 0.199999
      vertex 14.7589 138.759 0.199999
    endloop
  endfacet
  facet normal 0 0 1
    outer loop
      vertex 20 145.5 0.199999
      vertex 14.5143 138.973 0.199999
      vertex 14.7448 138.771 0.199999
    endloop
  endfacet
  facet normal 0 0 1
    outer loop
      vertex 20 145.5 0.199999
      vertex 14.2594 139.144 0.199999
      vertex 14.5143 138.973 0.199999
    endloop
  endfacet
  facet normal 0 0 1
    outer loop
      vertex 20 145.5 0.199999
      vertex 14.2437 139.154 0.199999
      vertex 14.2594 139.144 0.199999
    endloop
  endfacet
  facet normal 0 0 1
    outer loop
      vertex 20 145.5 0.199999
      vertex 14.2269 139.163 0.199999
      vertex 14.2437 139.154 0.199999
    endloop
  endfacet
  facet normal 0 0 1
    outer loop
      vertex 20 145.5 0.199999
      vertex 13.9519 139.298 0.199999
      vertex 14.2269 139.163 0.199999
    endloop
  endfacet
  facet normal -0 0 1
    outer loop
      vertex 11.0185 142.809 0.199999
      vertex 13.9519 139.298 0.199999
      vertex 17.5 148 0.199999
    endloop
  endfacet
  facet normal -0 -0 1
    outer loop
      vertex 11.0983 142.408 0.199999
      vertex 13.9519 139.298 0.199999
      vertex 11.0185 142.809 0.199999
    endloop
  endfacet
  facet normal 0 0 1
    outer loop
      vertex 13.9519 139.298 0.199999
      vertex 11.0983 142.408 0.199999
      vertex 13.6616 139.397 0.199999
    endloop
  endfacet
  facet normal 0 0 1
    outer loop
      vertex 13.6616 139.397 0.199999
      vertex 11.0983 142.408 0.199999
      vertex 13.6438 139.403 0.199999
    endloop
  endfacet
  facet normal -0 -0 1
    outer loop
      vertex 11.125 142 0.199999
      vertex 13.6438 139.403 0.199999
      vertex 11.0983 142.408 0.199999
    endloop
  endfacet
  facet normal 0 0 1
    outer loop
      vertex 13.3431 139.463 0.199999
      vertex 11.125 142 0.199999
      vertex 13.3247 139.466 0.199999
    endloop
  endfacet
  facet normal 0 0 1
    outer loop
      vertex 13.3247 139.466 0.199999
      vertex 11.125 142 0.199999
      vertex 13.0188 139.486 0.199999
    endloop
  endfacet
  facet normal -0 0 1
    outer loop
      vertex 11.0983 141.592 0.199999
      vertex 13.0188 139.486 0.199999
      vertex 11.125 142 0.199999
    endloop
  endfacet
  facet normal 0 0 1
    outer loop
      vertex 13.0188 139.486 0.199999
      vertex 11.0983 141.592 0.199999
      vertex 13 139.488 0.199999
    endloop
  endfacet
  facet normal 0 0 1
    outer loop
      vertex 13 139.488 0.199999
      vertex 11.0983 141.592 0.199999
      vertex 12.9812 139.486 0.199999
    endloop
  endfacet
  facet normal 0 0 1
    outer loop
      vertex 12.9812 139.486 0.199999
      vertex 11.0983 141.592 0.199999
      vertex 12.6753 139.466 0.199999
    endloop
  endfacet
  facet normal -0 0 1
    outer loop
      vertex 11.0185 141.191 0.199999
      vertex 12.6753 139.466 0.199999
      vertex 11.0983 141.592 0.199999
    endloop
  endfacet
  facet normal 0 0 1
    outer loop
      vertex 12.6569 139.463 0.199999
      vertex 11.0185 141.191 0.199999
      vertex 12.3562 139.403 0.199999
    endloop
  endfacet
  facet normal -0 0 1
    outer loop
      vertex 10.8871 140.804 0.199999
      vertex 12.3562 139.403 0.199999
      vertex 11.0185 141.191 0.199999
    endloop
  endfacet
  facet normal 0 0 1
    outer loop
      vertex 12.3562 139.403 0.199999
      vertex 10.8871 140.804 0.199999
      vertex 12.3384 139.397 0.199999
    endloop
  endfacet
  facet normal -0 0 1
    outer loop
      vertex 10.7063 140.438 0.199999
      vertex 12.0481 139.298 0.199999
      vertex 10.8871 140.804 0.199999
    endloop
  endfacet
  facet normal 0 0 1
    outer loop
      vertex 12.0481 139.298 0.199999
      vertex 10.7063 140.438 0.199999
      vertex 11.7731 139.163 0.199999
    endloop
  endfacet
  facet normal 0 0 1
    outer loop
      vertex 11.7731 139.163 0.199999
      vertex 10.7063 140.438 0.199999
      vertex 11.7563 139.154 0.199999
    endloop
  endfacet
  facet normal -0 0 1
    outer loop
      vertex 10.4792 140.098 0.199999
      vertex 11.7563 139.154 0.199999
      vertex 10.7063 140.438 0.199999
    endloop
  endfacet
  facet normal 0 0 1
    outer loop
      vertex 12.3384 139.397 0.199999
      vertex 10.8871 140.804 0.199999
      vertex 12.0481 139.298 0.199999
    endloop
  endfacet
  facet normal 0 0 1
    outer loop
      vertex 12.6753 139.466 0.199999
      vertex 11.0185 141.191 0.199999
      vertex 12.6569 139.463 0.199999
    endloop
  endfacet
  facet normal 0 0 1
    outer loop
      vertex 13.6438 139.403 0.199999
      vertex 11.125 142 0.199999
      vertex 13.3431 139.463 0.199999
    endloop
  endfacet
  facet normal 0 0 1
    outer loop
      vertex 17.5 148 0.199999
      vertex 10.8871 143.196 0.199999
      vertex 11.0185 142.809 0.199999
    endloop
  endfacet
  facet normal 0 0 1
    outer loop
      vertex 17.5 148 0.199999
      vertex 10.7063 143.562 0.199999
      vertex 10.8871 143.196 0.199999
    endloop
  endfacet
  facet normal 0 0 1
    outer loop
      vertex 17.5 148 0.199999
      vertex 10.4792 143.902 0.199999
      vertex 10.7063 143.562 0.199999
    endloop
  endfacet
  facet normal 0 0 1
    outer loop
      vertex 17.5 148 0.199999
      vertex 10.2097 144.21 0.199999
      vertex 10.4792 143.902 0.199999
    endloop
  endfacet
  facet normal 0 0 1
    outer loop
      vertex 17.5 148 0.199999
      vertex 9.90238 144.479 0.199999
      vertex 10.2097 144.21 0.199999
    endloop
  endfacet
  facet normal 0 0 1
    outer loop
      vertex 17.5 148 0.199999
      vertex 9.5625 144.706 0.199999
      vertex 9.90238 144.479 0.199999
    endloop
  endfacet
  facet normal 0 0 1
    outer loop
      vertex 17.5 148 0.199999
      vertex 9.19589 144.887 0.199999
      vertex 9.5625 144.706 0.199999
    endloop
  endfacet
  facet normal 0 0 1
    outer loop
      vertex 17.5 148 0.199999
      vertex 8.80881 145.019 0.199999
      vertex 9.19589 144.887 0.199999
    endloop
  endfacet
  facet normal -0 0 1
    outer loop
      vertex 4.5 148 0.199999
      vertex 8.80881 145.019 0.199999
      vertex 17.5 148 0.199999
    endloop
  endfacet
  facet normal 0 0 1
    outer loop
      vertex 8.80881 145.019 0.199999
      vertex 4.5 148 0.199999
      vertex 8.40789 145.098 0.199999
    endloop
  endfacet
  facet normal 0 0 1
    outer loop
      vertex 8.40789 145.098 0.199999
      vertex 4.5 148 0.199999
      vertex 8 145.125 0.199999
    endloop
  endfacet
  facet normal 0 0 1
    outer loop
      vertex 8 145.125 0.199999
      vertex 4.5 148 0.199999
      vertex 7.5921 145.098 0.199999
    endloop
  endfacet
  facet normal 0 0 1
    outer loop
      vertex 4.98148 142.809 0.199999
      vertex 2 145.5 0.199999
      vertex 4.90173 142.408 0.199999
    endloop
  endfacet
  facet normal 0 0 1
    outer loop
      vertex 5.11288 143.196 0.199999
      vertex 2 145.5 0.199999
      vertex 4.98148 142.809 0.199999
    endloop
  endfacet
  facet normal 0 0 1
    outer loop
      vertex 5.29367 143.562 0.199999
      vertex 2 145.5 0.199999
      vertex 5.11288 143.196 0.199999
    endloop
  endfacet
  facet normal 0 0 1
    outer loop
      vertex 5.52077 143.902 0.199999
      vertex 2 145.5 0.199999
      vertex 5.29367 143.562 0.199999
    endloop
  endfacet
  facet normal 0 0 1
    outer loop
      vertex 5.79029 144.21 0.199999
      vertex 2 145.5 0.199999
      vertex 5.52077 143.902 0.199999
    endloop
  endfacet
  facet normal -0 0 1
    outer loop
      vertex 2 145.5 0.199999
      vertex 5.79029 144.21 0.199999
      vertex 4.5 148 0.199999
    endloop
  endfacet
  facet normal 0 0 1
    outer loop
      vertex 6.09762 144.479 0.199999
      vertex 4.5 148 0.199999
      vertex 5.79029 144.21 0.199999
    endloop
  endfacet
  facet normal 0 0 1
    outer loop
      vertex 6.4375 144.706 0.199999
      vertex 4.5 148 0.199999
      vertex 6.09762 144.479 0.199999
    endloop
  endfacet
  facet normal 0 0 1
    outer loop
      vertex 6.80411 144.887 0.199999
      vertex 4.5 148 0.199999
      vertex 6.4375 144.706 0.199999
    endloop
  endfacet
  facet normal 0 0 1
    outer loop
      vertex 7.19119 145.019 0.199999
      vertex 4.5 148 0.199999
      vertex 6.80411 144.887 0.199999
    endloop
  endfacet
  facet normal 0 0 1
    outer loop
      vertex 7.5921 145.098 0.199999
      vertex 4.5 148 0.199999
      vertex 7.19119 145.019 0.199999
    endloop
  endfacet
  facet normal 0 -0 1
    outer loop
      vertex 17.5 130 0.199999
      vertex 20 132.5 0.199999
      vertex 14.7589 135.241 0.199999
    endloop
  endfacet
  facet normal 0 0 1
    outer loop
      vertex 20 132.5 0.199999
      vertex 17.5 130 0.199999
      vertex 19.9786 132.174 0.199999
    endloop
  endfacet
  facet normal 0 0 1
    outer loop
      vertex 19.9786 132.174 0.199999
      vertex 17.5 130 0.199999
      vertex 19.9148 131.853 0.199999
    endloop
  endfacet
  facet normal 0 0 1
    outer loop
      vertex 19.8097 131.543 0.199999
      vertex 17.5 130 0.199999
      vertex 19.6651 131.25 0.199999
    endloop
  endfacet
  facet normal 0 0 1
    outer loop
      vertex 19.6651 131.25 0.199999
      vertex 17.5 130 0.199999
      vertex 19.4834 130.978 0.199999
    endloop
  endfacet
  facet normal 0 0 1
    outer loop
      vertex 19.4834 130.978 0.199999
      vertex 17.5 130 0.199999
      vertex 19.2678 130.732 0.199999
    endloop
  endfacet
  facet normal 0 0 1
    outer loop
      vertex 19.0219 130.517 0.199999
      vertex 17.5 130 0.199999
      vertex 18.75 130.335 0.199999
    endloop
  endfacet
  facet normal 0 0 1
    outer loop
      vertex 18.75 130.335 0.199999
      vertex 17.5 130 0.199999
      vertex 18.4567 130.19 0.199999
    endloop
  endfacet
  facet normal 0 0 1
    outer loop
      vertex 18.4567 130.19 0.199999
      vertex 17.5 130 0.199999
      vertex 18.147 130.085 0.199999
    endloop
  endfacet
  facet normal 0 0 1
    outer loop
      vertex 18.147 130.085 0.199999
      vertex 17.5 130 0.199999
      vertex 17.8263 130.021 0.199999
    endloop
  endfacet
  facet normal 0 0 1
    outer loop
      vertex 19.2678 130.732 0.199999
      vertex 17.5 130 0.199999
      vertex 19.0219 130.517 0.199999
    endloop
  endfacet
  facet normal 0 0 1
    outer loop
      vertex 19.9148 131.853 0.199999
      vertex 17.5 130 0.199999
      vertex 19.8097 131.543 0.199999
    endloop
  endfacet
  facet normal -0 0 1
    outer loop
      vertex 14.7448 135.229 0.199999
      vertex 17.5 130 0.199999
      vertex 14.7589 135.241 0.199999
    endloop
  endfacet
  facet normal -0 0 1
    outer loop
      vertex 14.5143 135.027 0.199999
      vertex 17.5 130 0.199999
      vertex 14.7448 135.229 0.199999
    endloop
  endfacet
  facet normal -0 0 1
    outer loop
      vertex 14.2594 134.856 0.199999
      vertex 17.5 130 0.199999
      vertex 14.5143 135.027 0.199999
    endloop
  endfacet
  facet normal -0 0 1
    outer loop
      vertex 14.2437 134.846 0.199999
      vertex 17.5 130 0.199999
      vertex 14.2594 134.856 0.199999
    endloop
  endfacet
  facet normal -0 0 1
    outer loop
      vertex 14.2269 134.837 0.199999
      vertex 17.5 130 0.199999
      vertex 14.2437 134.846 0.199999
    endloop
  endfacet
  facet normal -0 0 1
    outer loop
      vertex 13.9519 134.702 0.199999
      vertex 17.5 130 0.199999
      vertex 14.2269 134.837 0.199999
    endloop
  endfacet
  facet normal -0 0 1
    outer loop
      vertex 13.6616 134.603 0.199999
      vertex 17.5 130 0.199999
      vertex 13.9519 134.702 0.199999
    endloop
  endfacet
  facet normal -0 0 1
    outer loop
      vertex 13.6438 134.597 0.199999
      vertex 17.5 130 0.199999
      vertex 13.6616 134.603 0.199999
    endloop
  endfacet
  facet normal -0 0 1
    outer loop
      vertex 13.3431 134.537 0.199999
      vertex 17.5 130 0.199999
      vertex 13.6438 134.597 0.199999
    endloop
  endfacet
  facet normal -0 0 1
    outer loop
      vertex 13.3247 134.534 0.199999
      vertex 17.5 130 0.199999
      vertex 13.3431 134.537 0.199999
    endloop
  endfacet
  facet normal -0 0 1
    outer loop
      vertex 13.3059 134.533 0.199999
      vertex 17.5 130 0.199999
      vertex 13.3247 134.534 0.199999
    endloop
  endfacet
  facet normal -0 0 1
    outer loop
      vertex 13 134.512 0.199999
      vertex 17.5 130 0.199999
      vertex 13.3059 134.533 0.199999
    endloop
  endfacet
  facet normal 0 0 1
    outer loop
      vertex 12.6941 134.533 0.199999
      vertex 17.5 130 0.199999
      vertex 13 134.512 0.199999
    endloop
  endfacet
  facet normal 0 0 1
    outer loop
      vertex 12.6753 134.534 0.199999
      vertex 17.5 130 0.199999
      vertex 12.6941 134.533 0.199999
    endloop
  endfacet
  facet normal 0 0 1
    outer loop
      vertex 12.6569 134.537 0.199999
      vertex 17.5 130 0.199999
      vertex 12.6753 134.534 0.199999
    endloop
  endfacet
  facet normal 0 0 1
    outer loop
      vertex 12.3562 134.597 0.199999
      vertex 17.5 130 0.199999
      vertex 12.6569 134.537 0.199999
    endloop
  endfacet
  facet normal 0 0 1
    outer loop
      vertex 4.5 130 0.199999
      vertex 12.3562 134.597 0.199999
      vertex 12.3384 134.603 0.199999
    endloop
  endfacet
  facet normal 0 0 1
    outer loop
      vertex 4.5 130 0.199999
      vertex 12.3384 134.603 0.199999
      vertex 12.0481 134.702 0.199999
    endloop
  endfacet
  facet normal 0 0 1
    outer loop
      vertex 4.5 130 0.199999
      vertex 12.0481 134.702 0.199999
      vertex 11.7731 134.837 0.199999
    endloop
  endfacet
  facet normal 0 0 1
    outer loop
      vertex 4.5 130 0.199999
      vertex 11.7731 134.837 0.199999
      vertex 11.7563 134.846 0.199999
    endloop
  endfacet
  facet normal 0 0 1
    outer loop
      vertex 4.5 130 0.199999
      vertex 11.7563 134.846 0.199999
      vertex 11.5013 135.016 0.199999
    endloop
  endfacet
  facet normal 0 0 1
    outer loop
      vertex 4.5 130 0.199999
      vertex 11.5013 135.016 0.199999
      vertex 11.4857 135.027 0.199999
    endloop
  endfacet
  facet normal 0 0 1
    outer loop
      vertex 4.5 130 0.199999
      vertex 11.0161 135.501 0.199999
      vertex 10.8458 135.756 0.199999
    endloop
  endfacet
  facet normal 0 0 1
    outer loop
      vertex 8 138.875 0.199999
      vertex 10.5374 136.657 0.199999
      vertex 10.5338 136.675 0.199999
    endloop
  endfacet
  facet normal 0 0 1
    outer loop
      vertex 8.40789 138.902 0.199999
      vertex 10.5326 136.694 0.199999
      vertex 10.5125 137 0.199999
    endloop
  endfacet
  facet normal -0 0 1
    outer loop
      vertex 8.80881 138.981 0.199999
      vertex 10.5973 137.644 0.199999
      vertex 9.19589 139.113 0.199999
    endloop
  endfacet
  facet normal 0 0 1
    outer loop
      vertex 10.5973 137.644 0.199999
      vertex 8.80881 138.981 0.199999
      vertex 10.5374 137.343 0.199999
    endloop
  endfacet
  facet normal 0 0 1
    outer loop
      vertex 10.5374 137.343 0.199999
      vertex 8.80881 138.981 0.199999
      vertex 10.5338 137.325 0.199999
    endloop
  endfacet
  facet normal 0 0 1
    outer loop
      vertex 10.5338 137.325 0.199999
      vertex 8.80881 138.981 0.199999
      vertex 10.5326 137.306 0.199999
    endloop
  endfacet
  facet normal -0 0 1
    outer loop
      vertex 8.40789 138.902 0.199999
      vertex 10.5326 137.306 0.199999
      vertex 8.80881 138.981 0.199999
    endloop
  endfacet
  facet normal 0 0 1
    outer loop
      vertex 10.5326 137.306 0.199999
      vertex 8.40789 138.902 0.199999
      vertex 10.5125 137 0.199999
    endloop
  endfacet
  facet normal -0 0 1
    outer loop
      vertex 8 138.875 0.199999
      vertex 10.5326 136.694 0.199999
      vertex 8.40789 138.902 0.199999
    endloop
  endfacet
  facet normal 0 0 1
    outer loop
      vertex 10.5326 136.694 0.199999
      vertex 8 138.875 0.199999
      vertex 10.5338 136.675 0.199999
    endloop
  endfacet
  facet normal 0 0 1
    outer loop
      vertex 10.5374 136.657 0.199999
      vertex 8 138.875 0.199999
      vertex 10.5973 136.356 0.199999
    endloop
  endfacet
  facet normal 0 0 1
    outer loop
      vertex 7.5921 138.902 0.199999
      vertex 10.5973 136.356 0.199999
      vertex 8 138.875 0.199999
    endloop
  endfacet
  facet normal 0 0 1
    outer loop
      vertex 10.5973 136.356 0.199999
      vertex 7.5921 138.902 0.199999
      vertex 10.6033 136.338 0.199999
    endloop
  endfacet
  facet normal 0 0 1
    outer loop
      vertex 10.6033 136.338 0.199999
      vertex 7.5921 138.902 0.199999
      vertex 10.7018 136.048 0.199999
    endloop
  endfacet
  facet normal 0 0 1
    outer loop
      vertex 7.19119 138.981 0.199999
      vertex 10.7018 136.048 0.199999
      vertex 7.5921 138.902 0.199999
    endloop
  endfacet
  facet normal 0 0 1
    outer loop
      vertex 4.5 130 0.199999
      vertex 10.7018 136.048 0.199999
      vertex 7.19119 138.981 0.199999
    endloop
  endfacet
  facet normal 0 0 1
    outer loop
      vertex 10.7018 136.048 0.199999
      vertex 4.5 130 0.199999
      vertex 10.8374 135.773 0.199999
    endloop
  endfacet
  facet normal 0 0 1
    outer loop
      vertex 11.0161 135.501 0.199999
      vertex 4.5 130 0.199999
      vertex 11.0265 135.486 0.199999
    endloop
  endfacet
  facet normal 0 0 1
    outer loop
      vertex 11.0265 135.486 0.199999
      vertex 4.5 130 0.199999
      vertex 11.2287 135.255 0.199999
    endloop
  endfacet
  facet normal 0 0 1
    outer loop
      vertex 10.8374 135.773 0.199999
      vertex 4.5 130 0.199999
      vertex 10.8458 135.756 0.199999
    endloop
  endfacet
  facet normal 0 0 1
    outer loop
      vertex 2 132.5 0.199999
      vertex 7.19119 138.981 0.199999
      vertex 6.80411 139.113 0.199999
    endloop
  endfacet
  facet normal 0 0 1
    outer loop
      vertex 11.2287 135.255 0.199999
      vertex 4.5 130 0.199999
      vertex 11.2411 135.241 0.199999
    endloop
  endfacet
  facet normal 0 0 1
    outer loop
      vertex 11.2411 135.241 0.199999
      vertex 4.5 130 0.199999
      vertex 11.2552 135.229 0.199999
    endloop
  endfacet
  facet normal 0 0 1
    outer loop
      vertex 2 132.5 0.199999
      vertex 6.80411 139.113 0.199999
      vertex 6.4375 139.294 0.199999
    endloop
  endfacet
  facet normal 0 0 1
    outer loop
      vertex 2 132.5 0.199999
      vertex 6.4375 139.294 0.199999
      vertex 6.09762 139.521 0.199999
    endloop
  endfacet
  facet normal 0 0 1
    outer loop
      vertex 11.2552 135.229 0.199999
      vertex 4.5 130 0.199999
      vertex 11.4857 135.027 0.199999
    endloop
  endfacet
  facet normal 0 0 1
    outer loop
      vertex 12.3562 134.597 0.199999
      vertex 4.5 130 0.199999
      vertex 17.5 130 0.199999
    endloop
  endfacet
  facet normal 0 0 1
    outer loop
      vertex 2 132.5 0.199999
      vertex 6.09762 139.521 0.199999
      vertex 5.79029 139.79 0.199999
    endloop
  endfacet
  facet normal 0 0 1
    outer loop
      vertex 2 132.5 0.199999
      vertex 5.79029 139.79 0.199999
      vertex 5.52077 140.098 0.199999
    endloop
  endfacet
  facet normal 0 0 1
    outer loop
      vertex 2 132.5 0.199999
      vertex 5.52077 140.098 0.199999
      vertex 5.29367 140.438 0.199999
    endloop
  endfacet
  facet normal 0 0 1
    outer loop
      vertex 2 132.5 0.199999
      vertex 5.29367 140.438 0.199999
      vertex 5.11288 140.804 0.199999
    endloop
  endfacet
  facet normal 0 0 1
    outer loop
      vertex 2 132.5 0.199999
      vertex 5.11288 140.804 0.199999
      vertex 4.98148 141.191 0.199999
    endloop
  endfacet
  facet normal 0 0 1
    outer loop
      vertex 2 145.5 0.199999
      vertex 4.98148 141.191 0.199999
      vertex 4.90173 141.592 0.199999
    endloop
  endfacet
  facet normal 0 0 1
    outer loop
      vertex 2 145.5 0.199999
      vertex 4.90173 141.592 0.199999
      vertex 4.875 142 0.199999
    endloop
  endfacet
  facet normal 0 0 1
    outer loop
      vertex 4.90173 142.408 0.199999
      vertex 2 145.5 0.199999
      vertex 4.875 142 0.199999
    endloop
  endfacet
  facet normal 0 0 1
    outer loop
      vertex 2 145.5 0.199999
      vertex 4.5 148 0.199999
      vertex 4.17368 147.979 0.199999
    endloop
  endfacet
  facet normal 0 0 1
    outer loop
      vertex 4.98148 141.191 0.199999
      vertex 2 145.5 0.199999
      vertex 2 132.5 0.199999
    endloop
  endfacet
  facet normal 0 0 1
    outer loop
      vertex 2 145.5 0.199999
      vertex 4.17368 147.979 0.199999
      vertex 3.85295 147.915 0.199999
    endloop
  endfacet
  facet normal 0 0 1
    outer loop
      vertex 7.19119 138.981 0.199999
      vertex 2 132.5 0.199999
      vertex 4.5 130 0.199999
    endloop
  endfacet
  facet normal 0 0 1
    outer loop
      vertex 2 145.5 0.199999
      vertex 3.85295 147.915 0.199999
      vertex 3.54329 147.81 0.199999
    endloop
  endfacet
  facet normal 0 0 1
    outer loop
      vertex 4.5 130 0.199999
      vertex 2 132.5 0.199999
      vertex 4.17368 130.021 0.199999
    endloop
  endfacet
  facet normal 0 0 1
    outer loop
      vertex 2 145.5 0.199999
      vertex 3.54329 147.81 0.199999
      vertex 3.25 147.665 0.199999
    endloop
  endfacet
  facet normal 0 0 1
    outer loop
      vertex 4.17368 130.021 0.199999
      vertex 2 132.5 0.199999
      vertex 3.85295 130.085 0.199999
    endloop
  endfacet
  facet normal 0 0 1
    outer loop
      vertex 2 145.5 0.199999
      vertex 3.25 147.665 0.199999
      vertex 2.9781 147.483 0.199999
    endloop
  endfacet
  facet normal 0 0 1
    outer loop
      vertex 3.85295 130.085 0.199999
      vertex 2 132.5 0.199999
      vertex 3.54329 130.19 0.199999
    endloop
  endfacet
  facet normal 0 0 1
    outer loop
      vertex 2 145.5 0.199999
      vertex 2.9781 147.483 0.199999
      vertex 2.73223 147.268 0.199999
    endloop
  endfacet
  facet normal 0 0 1
    outer loop
      vertex 3.54329 130.19 0.199999
      vertex 2 132.5 0.199999
      vertex 3.25 130.335 0.199999
    endloop
  endfacet
  facet normal 0 0 1
    outer loop
      vertex 2 145.5 0.199999
      vertex 2.73223 147.268 0.199999
      vertex 2.51662 147.022 0.199999
    endloop
  endfacet
  facet normal 0 0 1
    outer loop
      vertex 3.25 130.335 0.199999
      vertex 2 132.5 0.199999
      vertex 2.9781 130.517 0.199999
    endloop
  endfacet
  facet normal 0 0 1
    outer loop
      vertex 2 145.5 0.199999
      vertex 2.51662 147.022 0.199999
      vertex 2.33494 146.75 0.199999
    endloop
  endfacet
  facet normal 0 0 1
    outer loop
      vertex 2.9781 130.517 0.199999
      vertex 2 132.5 0.199999
      vertex 2.73223 130.732 0.199999
    endloop
  endfacet
  facet normal 0 0 1
    outer loop
      vertex 2 145.5 0.199999
      vertex 2.33494 146.75 0.199999
      vertex 2.1903 146.457 0.199999
    endloop
  endfacet
  facet normal 0 0 1
    outer loop
      vertex 2.73223 130.732 0.199999
      vertex 2 132.5 0.199999
      vertex 2.51662 130.978 0.199999
    endloop
  endfacet
  facet normal 0 0 1
    outer loop
      vertex 2 145.5 0.199999
      vertex 2.1903 146.457 0.199999
      vertex 2.08519 146.147 0.199999
    endloop
  endfacet
  facet normal 0 0 1
    outer loop
      vertex 2.51662 130.978 0.199999
      vertex 2 132.5 0.199999
      vertex 2.33494 131.25 0.199999
    endloop
  endfacet
  facet normal 0 0 1
    outer loop
      vertex 2 145.5 0.199999
      vertex 2.08519 146.147 0.199999
      vertex 2.02139 145.826 0.199999
    endloop
  endfacet
  facet normal 0 0 1
    outer loop
      vertex 2.33494 131.25 0.199999
      vertex 2 132.5 0.199999
      vertex 2.1903 131.543 0.199999
    endloop
  endfacet
  facet normal 0 0 1
    outer loop
      vertex 2.1903 131.543 0.199999
      vertex 2 132.5 0.199999
      vertex 2.08519 131.853 0.199999
    endloop
  endfacet
  facet normal 0 0 1
    outer loop
      vertex 2.08519 131.853 0.199999
      vertex 2 132.5 0.199999
      vertex 2.02139 132.174 0.199999
    endloop
  endfacet
  facet normal 0 0 1
    outer loop
      vertex 11.7563 139.154 0.199999
      vertex 10.4792 140.098 0.199999
      vertex 11.5013 138.984 0.199999
    endloop
  endfacet
  facet normal 0 0 1
    outer loop
      vertex 11.5013 138.984 0.199999
      vertex 10.4792 140.098 0.199999
      vertex 11.4857 138.973 0.199999
    endloop
  endfacet
  facet normal -0 0 1
    outer loop
      vertex 10.2097 139.79 0.199999
      vertex 11.4857 138.973 0.199999
      vertex 10.4792 140.098 0.199999
    endloop
  endfacet
  facet normal 0 0 1
    outer loop
      vertex 11.4857 138.973 0.199999
      vertex 10.2097 139.79 0.199999
      vertex 11.2552 138.771 0.199999
    endloop
  endfacet
  facet normal 0 0 1
    outer loop
      vertex 11.2552 138.771 0.199999
      vertex 10.2097 139.79 0.199999
      vertex 11.2411 138.759 0.199999
    endloop
  endfacet
  facet normal 0 0 1
    outer loop
      vertex 11.2411 138.759 0.199999
      vertex 10.2097 139.79 0.199999
      vertex 11.2287 138.745 0.199999
    endloop
  endfacet
  facet normal 0 0 1
    outer loop
      vertex 11.2287 138.745 0.199999
      vertex 10.2097 139.79 0.199999
      vertex 11.0265 138.514 0.199999
    endloop
  endfacet
  facet normal -0 0 1
    outer loop
      vertex 9.90238 139.521 0.199999
      vertex 11.0265 138.514 0.199999
      vertex 10.2097 139.79 0.199999
    endloop
  endfacet
  facet normal 0 0 1
    outer loop
      vertex 11.0265 138.514 0.199999
      vertex 9.90238 139.521 0.199999
      vertex 10.8562 138.259 0.199999
    endloop
  endfacet
  facet normal -0 0 1
    outer loop
      vertex 9.5625 139.294 0.199999
      vertex 10.8562 138.259 0.199999
      vertex 9.90238 139.521 0.199999
    endloop
  endfacet
  facet normal 0 0 1
    outer loop
      vertex 10.8562 138.259 0.199999
      vertex 9.5625 139.294 0.199999
      vertex 10.8458 138.244 0.199999
    endloop
  endfacet
  facet normal 0 0 1
    outer loop
      vertex 10.8458 138.244 0.199999
      vertex 9.5625 139.294 0.199999
      vertex 10.8374 138.227 0.199999
    endloop
  endfacet
  facet normal 0 0 1
    outer loop
      vertex 10.8374 138.227 0.199999
      vertex 9.5625 139.294 0.199999
      vertex 10.7018 137.952 0.199999
    endloop
  endfacet
  facet normal -0 0 1
    outer loop
      vertex 9.19589 139.113 0.199999
      vertex 10.7018 137.952 0.199999
      vertex 9.5625 139.294 0.199999
    endloop
  endfacet
  facet normal 0 0 1
    outer loop
      vertex 10.7018 137.952 0.199999
      vertex 9.19589 139.113 0.199999
      vertex 10.6033 137.662 0.199999
    endloop
  endfacet
  facet normal 0 0 1
    outer loop
      vertex 10.6033 137.662 0.199999
      vertex 9.19589 139.113 0.199999
      vertex 10.5973 137.644 0.199999
    endloop
  endfacet
  facet normal -0.947037 -0.321124 0
    outer loop
      vertex 0.228361 129.852 -5.8
      vertex 0.102222 130.224 -3.4
      vertex 0.102222 130.224 -5.8
    endloop
  endfacet
  facet normal -0.947037 -0.321124 0
    outer loop
      vertex 0.102222 130.224 -3.4
      vertex 0.228361 129.852 -5.8
      vertex 0.228361 129.852 -3.4
    endloop
  endfacet
  facet normal -0.831245 -0.555906 0
    outer loop
      vertex 0.61994 129.174 -5.8
      vertex 0.401923 129.5 -3.4
      vertex 0.401923 129.5 -5.8
    endloop
  endfacet
  facet normal -0.831245 -0.555906 0
    outer loop
      vertex 0.401923 129.5 -3.4
      vertex 0.61994 129.174 -5.8
      vertex 0.61994 129.174 -3.4
    endloop
  endfacet
  facet normal -0.862582 -0.0564756 0.502755
    outer loop
      vertex 2.02139 132.174 0.199999
      vertex 0 131 -3.4
      vertex 0.0256653 130.608 -3.4
    endloop
  endfacet
  facet normal 0.363583 -0.735524 0.571674
    outer loop
      vertex 20.5 128.402 -3.4
      vertex 18.4567 130.19 0.199999
      vertex 20.148 128.228 -3.4
    endloop
  endfacet
  facet normal 0.165676 -0.830192 0.532289
    outer loop
      vertex 18.147 130.085 0.199999
      vertex 17.8263 130.021 0.199999
      vertex 19.7765 128.102 -3.4
    endloop
  endfacet
  facet normal 0.193714 -0.981058 0
    outer loop
      vertex 19.3916 128.026 -5.8
      vertex 19.7765 128.102 -3.4
      vertex 19.3916 128.026 -3.4
    endloop
  endfacet
  facet normal 0.193714 -0.981058 0
    outer loop
      vertex 19.7765 128.102 -3.4
      vertex 19.3916 128.026 -5.8
      vertex 19.7765 128.102 -5.8
    endloop
  endfacet
  facet normal 1 -0 0
    outer loop
      vertex 22 131 -3.4
      vertex 22 147 -5.8
      vertex 22 147 -3.4
    endloop
  endfacet
  facet normal 1 0 0
    outer loop
      vertex 22 147 -5.8
      vertex 22 131 -3.4
      vertex 22 131 -5.8
    endloop
  endfacet
  facet normal 0.736031 -0.362788 0.571526
    outer loop
      vertex 21.7716 129.852 -3.4
      vertex 19.8097 131.543 0.199999
      vertex 21.5981 129.5 -3.4
    endloop
  endfacet
  facet normal 0.608175 -0.533545 0.587753
    outer loop
      vertex 21.3801 129.174 -3.4
      vertex 19.2678 130.732 0.199999
      vertex 21.1213 128.879 -3.4
    endloop
  endfacet
  facet normal 0.862553 -0.0566216 0.502789
    outer loop
      vertex 20 132.5 0.199999
      vertex 19.9786 132.174 0.199999
      vertex 22 131 -3.4
    endloop
  endfacet
  facet normal -0.164063 0.83085 0.531763
    outer loop
      vertex 2.60842 149.974 -3.4
      vertex 2.22354 149.898 -3.4
      vertex 4.17368 147.979 0.199999
    endloop
  endfacet
  facet normal -0.451573 0.675868 0.582481
    outer loop
      vertex 1.5 149.598 -3.4
      vertex 1.17372 149.38 -3.4
      vertex 2.9781 147.483 0.199999
    endloop
  endfacet
  facet normal -0.555547 0.831485 0
    outer loop
      vertex 1.5 149.598 -5.8
      vertex 1.17372 149.38 -3.4
      vertex 1.5 149.598 -3.4
    endloop
  endfacet
  facet normal -0.555547 0.831485 0
    outer loop
      vertex 1.17372 149.38 -3.4
      vertex 1.5 149.598 -5.8
      vertex 1.17372 149.38 -5.8
    endloop
  endfacet
  facet normal -0.997864 0.0653328 0
    outer loop
      vertex 0 147 -5.8
      vertex 0.0256653 147.392 -3.4
      vertex 0.0256653 147.392 -5.8
    endloop
  endfacet
  facet normal -0.997864 0.0653328 0
    outer loop
      vertex 0.0256653 147.392 -3.4
      vertex 0 147 -5.8
      vertex 0 147 -3.4
    endloop
  endfacet
  facet normal -0.947037 0.321124 0
    outer loop
      vertex 0.102222 147.776 -5.8
      vertex 0.228361 148.148 -3.4
      vertex 0.228361 148.148 -5.8
    endloop
  endfacet
  facet normal -0.947037 0.321124 0
    outer loop
      vertex 0.228361 148.148 -3.4
      vertex 0.102222 147.776 -5.8
      vertex 0.102222 147.776 -3.4
    endloop
  endfacet
  facet normal -0.831245 0.555906 0
    outer loop
      vertex 0.401923 148.5 -5.8
      vertex 0.61994 148.826 -3.4
      vertex 0.61994 148.826 -5.8
    endloop
  endfacet
  facet normal -0.831245 0.555906 0
    outer loop
      vertex 0.61994 148.826 -3.4
      vertex 0.401923 148.5 -5.8
      vertex 0.401923 148.5 -3.4
    endloop
  endfacet
  facet normal -0.608416 0.533254 0.587767
    outer loop
      vertex 2.73223 147.268 0.199999
      vertex 0.61994 148.826 -3.4
      vertex 2.51662 147.022 0.199999
    endloop
  endfacet
  facet normal -0.608236 0.533472 0.587756
    outer loop
      vertex 0.878679 149.121 -3.4
      vertex 0.61994 148.826 -3.4
      vertex 2.73223 147.268 0.199999
    endloop
  endfacet
  facet normal -0.532533 0.608995 0.587821
    outer loop
      vertex 2.9781 147.483 0.199999
      vertex 1.17372 149.38 -3.4
      vertex 2.73223 147.268 0.199999
    endloop
  endfacet
  facet normal 0.321194 0.947013 -0
    outer loop
      vertex 20.148 149.772 -5.8
      vertex 19.7765 149.898 -3.4
      vertex 20.148 149.772 -3.4
    endloop
  endfacet
  facet normal 0.321194 0.947013 0
    outer loop
      vertex 19.7765 149.898 -3.4
      vertex 20.148 149.772 -5.8
      vertex 19.7765 149.898 -5.8
    endloop
  endfacet
  facet normal 0.443134 0.896455 -0
    outer loop
      vertex 20.5 149.598 -5.8
      vertex 20.148 149.772 -3.4
      vertex 20.5 149.598 -3.4
    endloop
  endfacet
  facet normal 0.443134 0.896455 0
    outer loop
      vertex 20.148 149.772 -3.4
      vertex 20.5 149.598 -5.8
      vertex 20.148 149.772 -5.8
    endloop
  endfacet
  facet normal 0.363614 0.735503 0.571681
    outer loop
      vertex 20.5 149.598 -3.4
      vertex 18.4567 147.81 0.199999
      vertex 18.75 147.665 0.199999
    endloop
  endfacet
  facet normal 0.735801 0.363129 0.571606
    outer loop
      vertex 21.5981 148.5 -3.4
      vertex 19.6651 146.75 0.199999
      vertex 19.8097 146.457 0.199999
    endloop
  endfacet
  facet normal 0.675934 0.451534 0.582435
    outer loop
      vertex 21.5981 148.5 -3.4
      vertex 19.4834 147.022 0.199999
      vertex 19.6651 146.75 0.199999
    endloop
  endfacet
  facet normal 0.608175 0.533545 0.587753
    outer loop
      vertex 21.1213 149.121 -3.4
      vertex 19.2678 147.268 0.199999
      vertex 21.3801 148.826 -3.4
    endloop
  endfacet
  facet normal 0.608427 0.533239 0.587769
    outer loop
      vertex 21.3801 148.826 -3.4
      vertex 19.2678 147.268 0.199999
      vertex 19.4834 147.022 0.199999
    endloop
  endfacet
  facet normal 0.896961 0.44211 0
    outer loop
      vertex 21.7716 148.148 -3.4
      vertex 21.5981 148.5 -5.8
      vertex 21.5981 148.5 -3.4
    endloop
  endfacet
  facet normal 0.896961 0.44211 0
    outer loop
      vertex 21.5981 148.5 -5.8
      vertex 21.7716 148.148 -3.4
      vertex 21.7716 148.148 -5.8
    endloop
  endfacet
  facet normal 0.830429 0.165051 0.532114
    outer loop
      vertex 21.8978 147.776 -3.4
      vertex 19.9148 146.147 0.199999
      vertex 19.9786 145.826 0.199999
    endloop
  endfacet
  facet normal 0.78782 0.267266 0.554895
    outer loop
      vertex 21.7716 148.148 -3.4
      vertex 19.9148 146.147 0.199999
      vertex 21.8978 147.776 -3.4
    endloop
  endfacet
  facet normal -0.451573 -0.675868 0.582481
    outer loop
      vertex 2.9781 130.517 0.199999
      vertex 1.17372 128.62 -3.4
      vertex 1.5 128.402 -3.4
    endloop
  endfacet
  facet normal -0.267149 -0.78786 0.554895
    outer loop
      vertex 3.54329 130.19 0.199999
      vertex 1.85195 128.228 -3.4
      vertex 3.85295 130.085 0.199999
    endloop
  endfacet
  facet normal -0.555547 -0.831485 0
    outer loop
      vertex 1.17372 128.62 -5.8
      vertex 1.5 128.402 -3.4
      vertex 1.17372 128.62 -3.4
    endloop
  endfacet
  facet normal -0.555547 -0.831485 -0
    outer loop
      vertex 1.5 128.402 -3.4
      vertex 1.17372 128.62 -5.8
      vertex 1.5 128.402 -5.8
    endloop
  endfacet
  facet normal -0.193723 -0.981056 0
    outer loop
      vertex 2.22354 128.102 -5.8
      vertex 2.60842 128.026 -3.4
      vertex 2.22354 128.102 -3.4
    endloop
  endfacet
  facet normal -0.193723 -0.981056 -0
    outer loop
      vertex 2.60842 128.026 -3.4
      vertex 2.22354 128.102 -5.8
      vertex 2.60842 128.026 -5.8
    endloop
  endfacet
  facet normal -0.0572662 -0.862473 0.502853
    outer loop
      vertex 4.17368 130.021 0.199999
      vertex 2.60842 128.026 -3.4
      vertex 3 128 -3.4
    endloop
  endfacet
  facet normal -0.675698 -0.451882 0.582439
    outer loop
      vertex 2.51662 130.978 0.199999
      vertex 0.401923 129.5 -3.4
      vertex 0.61994 129.174 -3.4
    endloop
  endfacet
  facet normal -0.830241 -0.165522 0.532261
    outer loop
      vertex 2.02139 132.174 0.199999
      vertex 0.0256653 130.608 -3.4
      vertex 0.102222 130.224 -3.4
    endloop
  endfacet
  facet normal -0.9807 -0.195519 0
    outer loop
      vertex 0.102222 130.224 -5.8
      vertex 0.0256653 130.608 -3.4
      vertex 0.0256653 130.608 -5.8
    endloop
  endfacet
  facet normal -0.9807 -0.195519 0
    outer loop
      vertex 0.0256653 130.608 -3.4
      vertex 0.102222 130.224 -5.8
      vertex 0.102222 130.224 -3.4
    endloop
  endfacet
  facet normal -0.787882 -0.267143 0.554866
    outer loop
      vertex 2.08519 131.853 0.199999
      vertex 0.228361 129.852 -3.4
      vertex 2.1903 131.543 0.199999
    endloop
  endfacet
  facet normal 0.164055 -0.830852 0.531762
    outer loop
      vertex 19.7765 128.102 -3.4
      vertex 17.8263 130.021 0.199999
      vertex 19.3916 128.026 -3.4
    endloop
  endfacet
  facet normal 0.363614 -0.735503 0.571681
    outer loop
      vertex 18.75 130.335 0.199999
      vertex 18.4567 130.19 0.199999
      vertex 20.5 128.402 -3.4
    endloop
  endfacet
  facet normal 0.735801 -0.363129 0.571606
    outer loop
      vertex 19.8097 131.543 0.199999
      vertex 19.6651 131.25 0.199999
      vertex 21.5981 129.5 -3.4
    endloop
  endfacet
  facet normal 0.831265 -0.555877 0
    outer loop
      vertex 21.3801 129.174 -3.4
      vertex 21.5981 129.5 -5.8
      vertex 21.5981 129.5 -3.4
    endloop
  endfacet
  facet normal 0.831265 -0.555877 0
    outer loop
      vertex 21.5981 129.5 -5.8
      vertex 21.3801 129.174 -3.4
      vertex 21.3801 129.174 -5.8
    endloop
  endfacet
  facet normal 0.555523 -0.831501 0
    outer loop
      vertex 20.5 128.402 -5.8
      vertex 20.8263 128.62 -3.4
      vertex 20.5 128.402 -3.4
    endloop
  endfacet
  facet normal 0.555523 -0.831501 0
    outer loop
      vertex 20.8263 128.62 -3.4
      vertex 20.5 128.402 -5.8
      vertex 20.8263 128.62 -5.8
    endloop
  endfacet
  facet normal 0.862567 -0.0565509 0.502773
    outer loop
      vertex 22 131 -3.4
      vertex 19.9786 132.174 0.199999
      vertex 21.9743 130.608 -3.4
    endloop
  endfacet
  facet normal 0.675934 -0.451534 0.582435
    outer loop
      vertex 19.6651 131.25 0.199999
      vertex 19.4834 130.978 0.199999
      vertex 21.5981 129.5 -3.4
    endloop
  endfacet
  facet normal 0.78782 -0.267266 0.554895
    outer loop
      vertex 21.8978 130.224 -3.4
      vertex 19.9148 131.853 0.199999
      vertex 21.7716 129.852 -3.4
    endloop
  endfacet
  facet normal 0.830429 -0.165051 0.532114
    outer loop
      vertex 19.9786 132.174 0.199999
      vertex 19.9148 131.853 0.199999
      vertex 21.8978 130.224 -3.4
    endloop
  endfacet
  facet normal -0.165662 0.8302 0.532283
    outer loop
      vertex 4.17368 147.979 0.199999
      vertex 2.22354 149.898 -3.4
      vertex 3.85295 147.915 0.199999
    endloop
  endfacet
  facet normal -0.321125 0.947037 0
    outer loop
      vertex 2.22354 149.898 -5.8
      vertex 1.85195 149.772 -3.4
      vertex 2.22354 149.898 -3.4
    endloop
  endfacet
  facet normal -0.321125 0.947037 0
    outer loop
      vertex 1.85195 149.772 -3.4
      vertex 2.22354 149.898 -5.8
      vertex 1.85195 149.772 -5.8
    endloop
  endfacet
  facet normal -0.26715 0.787859 0.554895
    outer loop
      vertex 2.22354 149.898 -3.4
      vertex 1.85195 149.772 -3.4
      vertex 3.85295 147.915 0.199999
    endloop
  endfacet
  facet normal -0.267149 0.78786 0.554895
    outer loop
      vertex 3.85295 147.915 0.199999
      vertex 1.85195 149.772 -3.4
      vertex 3.54329 147.81 0.199999
    endloop
  endfacet
  facet normal -0.896898 0.442237 0
    outer loop
      vertex 0.228361 148.148 -5.8
      vertex 0.401923 148.5 -3.4
      vertex 0.401923 148.5 -5.8
    endloop
  endfacet
  facet normal -0.896898 0.442237 0
    outer loop
      vertex 0.401923 148.5 -3.4
      vertex 0.228361 148.148 -5.8
      vertex 0.228361 148.148 -3.4
    endloop
  endfacet
  facet normal -0.830433 0.165052 0.532109
    outer loop
      vertex 2.08519 146.147 0.199999
      vertex 0.102222 147.776 -3.4
      vertex 2.02139 145.826 0.199999
    endloop
  endfacet
  facet normal -0.675698 0.451882 0.582439
    outer loop
      vertex 0.61994 148.826 -3.4
      vertex 0.401923 148.5 -3.4
      vertex 2.51662 147.022 0.199999
    endloop
  endfacet
  facet normal -0.675957 0.4515 0.582434
    outer loop
      vertex 2.51662 147.022 0.199999
      vertex 0.401923 148.5 -3.4
      vertex 2.33494 146.75 0.199999
    endloop
  endfacet
  facet normal -0.452143 0.675481 0.582488
    outer loop
      vertex 3.25 147.665 0.199999
      vertex 1.5 149.598 -3.4
      vertex 2.9781 147.483 0.199999
    endloop
  endfacet
  facet normal 0.363583 0.735524 0.571674
    outer loop
      vertex 20.148 149.772 -3.4
      vertex 18.4567 147.81 0.199999
      vertex 20.5 149.598 -3.4
    endloop
  endfacet
  facet normal 0.26712 0.787876 0.554887
    outer loop
      vertex 20.148 149.772 -3.4
      vertex 18.147 147.915 0.199999
      vertex 18.4567 147.81 0.199999
    endloop
  endfacet
  facet normal 0.267205 0.78783 0.55491
    outer loop
      vertex 19.7765 149.898 -3.4
      vertex 18.147 147.915 0.199999
      vertex 20.148 149.772 -3.4
    endloop
  endfacet
  facet normal 0.452143 0.675481 0.582488
    outer loop
      vertex 20.5 149.598 -3.4
      vertex 18.75 147.665 0.199999
      vertex 19.0219 147.483 0.199999
    endloop
  endfacet
  facet normal -0.452143 -0.675481 0.582488
    outer loop
      vertex 2.9781 130.517 0.199999
      vertex 1.5 128.402 -3.4
      vertex 3.25 130.335 0.199999
    endloop
  endfacet
  facet normal -0.363622 -0.735499 0.571683
    outer loop
      vertex 3.54329 130.19 0.199999
      vertex 1.5 128.402 -3.4
      vertex 1.85195 128.228 -3.4
    endloop
  endfacet
  facet normal -0.165662 -0.8302 0.532283
    outer loop
      vertex 3.85295 130.085 0.199999
      vertex 2.22354 128.102 -3.4
      vertex 4.17368 130.021 0.199999
    endloop
  endfacet
  facet normal -0.26715 -0.787859 0.554895
    outer loop
      vertex 3.85295 130.085 0.199999
      vertex 1.85195 128.228 -3.4
      vertex 2.22354 128.102 -3.4
    endloop
  endfacet
  facet normal -0.321125 -0.947037 0
    outer loop
      vertex 1.85195 128.228 -5.8
      vertex 2.22354 128.102 -3.4
      vertex 1.85195 128.228 -3.4
    endloop
  endfacet
  facet normal -0.321125 -0.947037 -0
    outer loop
      vertex 2.22354 128.102 -3.4
      vertex 1.85195 128.228 -5.8
      vertex 2.22354 128.102 -5.8
    endloop
  endfacet
  facet normal -0.532533 -0.608995 0.587821
    outer loop
      vertex 2.73223 130.732 0.199999
      vertex 1.17372 128.62 -3.4
      vertex 2.9781 130.517 0.199999
    endloop
  endfacet
  facet normal -0.533733 -0.608004 0.587759
    outer loop
      vertex 2.73223 130.732 0.199999
      vertex 0.878679 128.879 -3.4
      vertex 1.17372 128.62 -3.4
    endloop
  endfacet
  facet normal -0.735753 -0.363206 0.57162
    outer loop
      vertex 2.1903 131.543 0.199999
      vertex 0.401923 129.5 -3.4
      vertex 2.33494 131.25 0.199999
    endloop
  endfacet
  facet normal -0.675957 -0.4515 0.582434
    outer loop
      vertex 2.33494 131.25 0.199999
      vertex 0.401923 129.5 -3.4
      vertex 2.51662 130.978 0.199999
    endloop
  endfacet
  facet normal -0.608236 -0.533472 0.587756
    outer loop
      vertex 2.73223 130.732 0.199999
      vertex 0.61994 129.174 -3.4
      vertex 0.878679 128.879 -3.4
    endloop
  endfacet
  facet normal -0.608416 -0.533254 0.587767
    outer loop
      vertex 2.51662 130.978 0.199999
      vertex 0.61994 129.174 -3.4
      vertex 2.73223 130.732 0.199999
    endloop
  endfacet
  facet normal -0.896898 -0.442237 0
    outer loop
      vertex 0.401923 129.5 -5.8
      vertex 0.228361 129.852 -3.4
      vertex 0.228361 129.852 -5.8
    endloop
  endfacet
  facet normal -0.896898 -0.442237 0
    outer loop
      vertex 0.228361 129.852 -3.4
      vertex 0.401923 129.5 -5.8
      vertex 0.401923 129.5 -3.4
    endloop
  endfacet
  facet normal -0.787876 -0.267156 0.554869
    outer loop
      vertex 2.08519 131.853 0.199999
      vertex 0.102222 130.224 -3.4
      vertex 0.228361 129.852 -3.4
    endloop
  endfacet
  facet normal -0.830433 -0.165052 0.532109
    outer loop
      vertex 2.02139 132.174 0.199999
      vertex 0.102222 130.224 -3.4
      vertex 2.08519 131.853 0.199999
    endloop
  endfacet
  facet normal 0.0555285 -0.862807 0.502474
    outer loop
      vertex 17.8263 130.021 0.199999
      vertex 17.5 130 0.199999
      vertex 19 128 -3.4
    endloop
  endfacet
  facet normal 0.532496 -0.609027 0.587822
    outer loop
      vertex 19.2678 130.732 0.199999
      vertex 19.0219 130.517 0.199999
      vertex 20.8263 128.62 -3.4
    endloop
  endfacet
  facet normal 0.451554 -0.675881 0.582481
    outer loop
      vertex 20.8263 128.62 -3.4
      vertex 19.0219 130.517 0.199999
      vertex 20.5 128.402 -3.4
    endloop
  endfacet
  facet normal 0.896961 -0.44211 0
    outer loop
      vertex 21.5981 129.5 -3.4
      vertex 21.7716 129.852 -5.8
      vertex 21.7716 129.852 -3.4
    endloop
  endfacet
  facet normal 0.896961 -0.44211 0
    outer loop
      vertex 21.7716 129.852 -5.8
      vertex 21.5981 129.5 -3.4
      vertex 21.5981 129.5 -5.8
    endloop
  endfacet
  facet normal 0.751724 -0.659478 0
    outer loop
      vertex 21.1213 128.879 -3.4
      vertex 21.3801 129.174 -5.8
      vertex 21.3801 129.174 -3.4
    endloop
  endfacet
  facet normal 0.751724 -0.659478 0
    outer loop
      vertex 21.3801 129.174 -5.8
      vertex 21.1213 128.879 -3.4
      vertex 21.1213 128.879 -5.8
    endloop
  endfacet
  facet normal 0.980728 -0.195379 0
    outer loop
      vertex 21.8978 130.224 -3.4
      vertex 21.9743 130.608 -5.8
      vertex 21.9743 130.608 -3.4
    endloop
  endfacet
  facet normal 0.980728 -0.195379 0
    outer loop
      vertex 21.9743 130.608 -5.8
      vertex 21.8978 130.224 -3.4
      vertex 21.8978 130.224 -5.8
    endloop
  endfacet
  facet normal 0.94699 -0.321264 0
    outer loop
      vertex 21.7716 129.852 -3.4
      vertex 21.8978 130.224 -5.8
      vertex 21.8978 130.224 -3.4
    endloop
  endfacet
  facet normal 0.94699 -0.321264 0
    outer loop
      vertex 21.8978 130.224 -5.8
      vertex 21.7716 129.852 -3.4
      vertex 21.7716 129.852 -5.8
    endloop
  endfacet
  facet normal 0.830284 -0.165408 0.53223
    outer loop
      vertex 21.9743 130.608 -3.4
      vertex 19.9786 132.174 0.199999
      vertex 21.8978 130.224 -3.4
    endloop
  endfacet
  facet normal 0.787897 -0.267122 0.554855
    outer loop
      vertex 19.9148 131.853 0.199999
      vertex 19.8097 131.543 0.199999
      vertex 21.7716 129.852 -3.4
    endloop
  endfacet
  facet normal -0.787876 0.267156 0.554869
    outer loop
      vertex 0.228361 148.148 -3.4
      vertex 0.102222 147.776 -3.4
      vertex 2.08519 146.147 0.199999
    endloop
  endfacet
  facet normal -0.735968 0.362886 0.571546
    outer loop
      vertex 0.401923 148.5 -3.4
      vertex 0.228361 148.148 -3.4
      vertex 2.1903 146.457 0.199999
    endloop
  endfacet
  facet normal -0.363624 -0.735498 0.571683
    outer loop
      vertex 3.25 130.335 0.199999
      vertex 1.5 128.402 -3.4
      vertex 3.54329 130.19 0.199999
    endloop
  endfacet
  facet normal 0.443134 -0.896455 0
    outer loop
      vertex 20.148 128.228 -5.8
      vertex 20.5 128.402 -3.4
      vertex 20.148 128.228 -3.4
    endloop
  endfacet
  facet normal 0.443134 -0.896455 0
    outer loop
      vertex 20.5 128.402 -3.4
      vertex 20.148 128.228 -5.8
      vertex 20.5 128.402 -5.8
    endloop
  endfacet
  facet normal 0.321194 -0.947013 0
    outer loop
      vertex 19.7765 128.102 -5.8
      vertex 20.148 128.228 -3.4
      vertex 19.7765 128.102 -3.4
    endloop
  endfacet
  facet normal 0.321194 -0.947013 0
    outer loop
      vertex 20.148 128.228 -3.4
      vertex 19.7765 128.102 -5.8
      vertex 20.148 128.228 -5.8
    endloop
  endfacet
  facet normal 0.0572633 -0.862473 0.502853
    outer loop
      vertex 19.3916 128.026 -3.4
      vertex 17.8263 130.021 0.199999
      vertex 19 128 -3.4
    endloop
  endfacet
  facet normal 0.267205 -0.78783 0.55491
    outer loop
      vertex 20.148 128.228 -3.4
      vertex 18.147 130.085 0.199999
      vertex 19.7765 128.102 -3.4
    endloop
  endfacet
  facet normal 0.26712 -0.787876 0.554887
    outer loop
      vertex 18.4567 130.19 0.199999
      vertex 18.147 130.085 0.199999
      vertex 20.148 128.228 -3.4
    endloop
  endfacet
  facet normal 0.659766 -0.751471 0
    outer loop
      vertex 20.8263 128.62 -5.8
      vertex 21.1213 128.879 -3.4
      vertex 20.8263 128.62 -3.4
    endloop
  endfacet
  facet normal 0.659766 -0.751471 0
    outer loop
      vertex 21.1213 128.879 -3.4
      vertex 20.8263 128.62 -5.8
      vertex 21.1213 128.879 -5.8
    endloop
  endfacet
  facet normal 0.533776 -0.607969 0.587756
    outer loop
      vertex 21.1213 128.879 -3.4
      vertex 19.2678 130.732 0.199999
      vertex 20.8263 128.62 -3.4
    endloop
  endfacet
  facet normal 0.675714 -0.451858 0.582439
    outer loop
      vertex 21.5981 129.5 -3.4
      vertex 19.4834 130.978 0.199999
      vertex 21.3801 129.174 -3.4
    endloop
  endfacet
  facet normal 0.608427 -0.533239 0.587769
    outer loop
      vertex 19.4834 130.978 0.199999
      vertex 19.2678 130.732 0.199999
      vertex 21.3801 129.174 -3.4
    endloop
  endfacet
  facet normal -0.787882 0.267143 0.554866
    outer loop
      vertex 2.1903 146.457 0.199999
      vertex 0.228361 148.148 -3.4
      vertex 2.08519 146.147 0.199999
    endloop
  endfacet
  facet normal -0.555318 -0.831638 0
    outer loop
      vertex 15 145.928 -5.8
      vertex 15.8701 145.347 -5
      vertex 15 145.928 -5
    endloop
  endfacet
  facet normal -0.555318 -0.831638 -0
    outer loop
      vertex 15.8701 145.347 -5
      vertex 15 145.928 -5.8
      vertex 15.8701 145.347 -5.8
    endloop
  endfacet
  facet normal 0.19587 0.98063 -0
    outer loop
      vertex 9.95579 131.068 -5.8
      vertex 8.92945 131.273 -5
      vertex 9.95579 131.068 -5
    endloop
  endfacet
  facet normal 0.19587 0.98063 0
    outer loop
      vertex 8.92945 131.273 -5
      vertex 9.95579 131.068 -5.8
      vertex 8.92945 131.273 -5.8
    endloop
  endfacet
  facet normal 0.442418 -0.896809 0
    outer loop
      vertex 7 145.928 -5.8
      vertex 7.93853 146.391 -5
      vertex 7 145.928 -5
    endloop
  endfacet
  facet normal 0.442418 -0.896809 0
    outer loop
      vertex 7.93853 146.391 -5
      vertex 7 145.928 -5.8
      vertex 7.93853 146.391 -5.8
    endloop
  endfacet
  facet normal 0.94684 -0.321706 0
    outer loop
      vertex 3.27259 141.071 -5
      vertex 3.60896 142.061 -5.8
      vertex 3.60896 142.061 -5
    endloop
  endfacet
  facet normal 0.94684 -0.321706 0
    outer loop
      vertex 3.60896 142.061 -5.8
      vertex 3.27259 141.071 -5
      vertex 3.27259 141.071 -5.8
    endloop
  endfacet
  facet normal -0.896973 -0.442086 0
    outer loop
      vertex 18.391 142.061 -5.8
      vertex 17.9282 143 -5
      vertex 17.9282 143 -5.8
    endloop
  endfacet
  facet normal -0.896973 -0.442086 0
    outer loop
      vertex 17.9282 143 -5
      vertex 18.391 142.061 -5.8
      vertex 18.391 142.061 -5
    endloop
  endfacet
  facet normal -0.831432 -0.555626 0
    outer loop
      vertex 17.9282 143 -5.8
      vertex 17.3468 143.87 -5
      vertex 17.3468 143.87 -5.8
    endloop
  endfacet
  facet normal -0.831432 -0.555626 0
    outer loop
      vertex 17.3468 143.87 -5
      vertex 17.9282 143 -5.8
      vertex 17.9282 143 -5
    endloop
  endfacet
  facet normal -0.659343 -0.751842 0
    outer loop
      vertex 15.8701 145.347 -5.8
      vertex 16.6569 144.657 -5
      vertex 15.8701 145.347 -5
    endloop
  endfacet
  facet normal -0.659343 -0.751842 -0
    outer loop
      vertex 16.6569 144.657 -5
      vertex 15.8701 145.347 -5.8
      vertex 16.6569 144.657 -5.8
    endloop
  endfacet
  facet normal -0.321126 -0.947036 0
    outer loop
      vertex 13.0706 146.727 -5.8
      vertex 14.0615 146.391 -5
      vertex 13.0706 146.727 -5
    endloop
  endfacet
  facet normal -0.321126 -0.947036 -0
    outer loop
      vertex 14.0615 146.391 -5
      vertex 13.0706 146.727 -5.8
      vertex 14.0615 146.391 -5.8
    endloop
  endfacet
  facet normal 0.0649834 -0.997886 0
    outer loop
      vertex 9.95579 146.932 -5.8
      vertex 11 147 -5
      vertex 9.95579 146.932 -5
    endloop
  endfacet
  facet normal 0.0649834 -0.997886 0
    outer loop
      vertex 11 147 -5
      vertex 9.95579 146.932 -5.8
      vertex 11 147 -5.8
    endloop
  endfacet
  facet normal 0.831446 -0.555606 0
    outer loop
      vertex 4.0718 143 -5
      vertex 4.65317 143.87 -5.8
      vertex 4.65317 143.87 -5
    endloop
  endfacet
  facet normal 0.831446 -0.555606 0
    outer loop
      vertex 4.65317 143.87 -5.8
      vertex 4.0718 143 -5
      vertex 4.0718 143 -5.8
    endloop
  endfacet
  facet normal 0.555322 -0.831635 0
    outer loop
      vertex 6.12991 145.347 -5.8
      vertex 7 145.928 -5
      vertex 6.12991 145.347 -5
    endloop
  endfacet
  facet normal 0.555322 -0.831635 0
    outer loop
      vertex 7 145.928 -5
      vertex 6.12991 145.347 -5.8
      vertex 7 145.928 -5.8
    endloop
  endfacet
  facet normal 0.321121 -0.947038 0
    outer loop
      vertex 7.93853 146.391 -5.8
      vertex 8.92945 146.727 -5
      vertex 7.93853 146.391 -5
    endloop
  endfacet
  facet normal 0.321121 -0.947038 0
    outer loop
      vertex 8.92945 146.727 -5
      vertex 7.93853 146.391 -5.8
      vertex 8.92945 146.727 -5.8
    endloop
  endfacet
  facet normal -0.997861 -0.0653771 0
    outer loop
      vertex 19 139 -5.8
      vertex 18.9316 140.044 -5
      vertex 18.9316 140.044 -5.8
    endloop
  endfacet
  facet normal -0.997861 -0.0653771 0
    outer loop
      vertex 18.9316 140.044 -5
      vertex 19 139 -5.8
      vertex 19 139 -5
    endloop
  endfacet
  facet normal -0.442429 0.896803 0
    outer loop
      vertex 15 132.072 -5.8
      vertex 14.0615 131.609 -5
      vertex 15 132.072 -5
    endloop
  endfacet
  facet normal -0.442429 0.896803 0
    outer loop
      vertex 14.0615 131.609 -5
      vertex 15 132.072 -5.8
      vertex 14.0615 131.609 -5.8
    endloop
  endfacet
  facet normal -0.831432 0.555626 0
    outer loop
      vertex 17.3468 134.13 -5.8
      vertex 17.9282 135 -5
      vertex 17.9282 135 -5.8
    endloop
  endfacet
  facet normal -0.831432 0.555626 0
    outer loop
      vertex 17.9282 135 -5
      vertex 17.3468 134.13 -5.8
      vertex 17.3468 134.13 -5
    endloop
  endfacet
  facet normal 0.0649834 0.997886 -0
    outer loop
      vertex 11 131 -5.8
      vertex 9.95579 131.068 -5
      vertex 11 131 -5
    endloop
  endfacet
  facet normal 0.0649834 0.997886 0
    outer loop
      vertex 9.95579 131.068 -5
      vertex 11 131 -5.8
      vertex 9.95579 131.068 -5.8
    endloop
  endfacet
  facet normal 0.555322 0.831635 -0
    outer loop
      vertex 7 132.072 -5.8
      vertex 6.12991 132.653 -5
      vertex 7 132.072 -5
    endloop
  endfacet
  facet normal 0.555322 0.831635 0
    outer loop
      vertex 6.12991 132.653 -5
      vertex 7 132.072 -5.8
      vertex 6.12991 132.653 -5.8
    endloop
  endfacet
  facet normal 0.831446 0.555606 0
    outer loop
      vertex 4.65317 134.13 -5
      vertex 4.0718 135 -5.8
      vertex 4.0718 135 -5
    endloop
  endfacet
  facet normal 0.831446 0.555606 0
    outer loop
      vertex 4.0718 135 -5.8
      vertex 4.65317 134.13 -5
      vertex 4.65317 134.13 -5.8
    endloop
  endfacet
  facet normal -0.9808 -0.195014 0
    outer loop
      vertex 18.9316 140.044 -5.8
      vertex 18.7274 141.071 -5
      vertex 18.7274 141.071 -5.8
    endloop
  endfacet
  facet normal -0.9808 -0.195014 0
    outer loop
      vertex 18.7274 141.071 -5
      vertex 18.9316 140.044 -5.8
      vertex 18.9316 140.044 -5
    endloop
  endfacet
  facet normal -0.946831 -0.321731 0
    outer loop
      vertex 18.7274 141.071 -5.8
      vertex 18.391 142.061 -5
      vertex 18.391 142.061 -5.8
    endloop
  endfacet
  facet normal -0.946831 -0.321731 0
    outer loop
      vertex 18.391 142.061 -5
      vertex 18.7274 141.071 -5.8
      vertex 18.7274 141.071 -5
    endloop
  endfacet
  facet normal -0.751973 -0.659194 0
    outer loop
      vertex 17.3468 143.87 -5.8
      vertex 16.6569 144.657 -5
      vertex 16.6569 144.657 -5.8
    endloop
  endfacet
  facet normal -0.751973 -0.659194 0
    outer loop
      vertex 16.6569 144.657 -5
      vertex 17.3468 143.87 -5.8
      vertex 17.3468 143.87 -5
    endloop
  endfacet
  facet normal -0.442429 -0.896803 0
    outer loop
      vertex 14.0615 146.391 -5.8
      vertex 15 145.928 -5
      vertex 14.0615 146.391 -5
    endloop
  endfacet
  facet normal -0.442429 -0.896803 -0
    outer loop
      vertex 15 145.928 -5
      vertex 14.0615 146.391 -5.8
      vertex 15 145.928 -5.8
    endloop
  endfacet
  facet normal -0.195859 -0.980632 0
    outer loop
      vertex 12.0442 146.932 -5.8
      vertex 13.0706 146.727 -5
      vertex 12.0442 146.932 -5
    endloop
  endfacet
  facet normal -0.195859 -0.980632 -0
    outer loop
      vertex 13.0706 146.727 -5
      vertex 12.0442 146.932 -5.8
      vertex 13.0706 146.727 -5.8
    endloop
  endfacet
  facet normal -0.064984 -0.997886 0
    outer loop
      vertex 11 147 -5.8
      vertex 12.0442 146.932 -5
      vertex 11 147 -5
    endloop
  endfacet
  facet normal -0.064984 -0.997886 -0
    outer loop
      vertex 12.0442 146.932 -5
      vertex 11 147 -5.8
      vertex 12.0442 146.932 -5.8
    endloop
  endfacet
  facet normal 0.997858 0.0654151 0
    outer loop
      vertex 3.06844 137.956 -5
      vertex 3 139 -5.8
      vertex 3 139 -5
    endloop
  endfacet
  facet normal 0.997858 0.0654151 0
    outer loop
      vertex 3 139 -5.8
      vertex 3.06844 137.956 -5
      vertex 3.06844 137.956 -5.8
    endloop
  endfacet
  facet normal 0.98081 -0.194968 0
    outer loop
      vertex 3.06844 140.044 -5
      vertex 3.27259 141.071 -5.8
      vertex 3.27259 141.071 -5
    endloop
  endfacet
  facet normal 0.98081 -0.194968 0
    outer loop
      vertex 3.27259 141.071 -5.8
      vertex 3.06844 140.044 -5
      vertex 3.06844 140.044 -5.8
    endloop
  endfacet
  facet normal 0.896957 -0.442117 0
    outer loop
      vertex 3.60896 142.061 -5
      vertex 4.0718 143 -5.8
      vertex 4.0718 143 -5
    endloop
  endfacet
  facet normal 0.896957 -0.442117 0
    outer loop
      vertex 4.0718 143 -5.8
      vertex 3.60896 142.061 -5
      vertex 3.60896 142.061 -5.8
    endloop
  endfacet
  facet normal 0.19587 -0.98063 0
    outer loop
      vertex 8.92945 146.727 -5.8
      vertex 9.95579 146.932 -5
      vertex 8.92945 146.727 -5
    endloop
  endfacet
  facet normal 0.19587 -0.98063 0
    outer loop
      vertex 9.95579 146.932 -5
      vertex 8.92945 146.727 -5.8
      vertex 9.95579 146.932 -5.8
    endloop
  endfacet
  facet normal 0.659362 -0.751826 0
    outer loop
      vertex 5.34315 144.657 -5.8
      vertex 6.12991 145.347 -5
      vertex 5.34315 144.657 -5
    endloop
  endfacet
  facet normal 0.659362 -0.751826 0
    outer loop
      vertex 6.12991 145.347 -5
      vertex 5.34315 144.657 -5.8
      vertex 6.12991 145.347 -5.8
    endloop
  endfacet
  facet normal 0.751935 -0.659238 0
    outer loop
      vertex 4.65317 143.87 -5
      vertex 5.34315 144.657 -5.8
      vertex 5.34315 144.657 -5
    endloop
  endfacet
  facet normal 0.751935 -0.659238 0
    outer loop
      vertex 5.34315 144.657 -5.8
      vertex 4.65317 143.87 -5
      vertex 4.65317 143.87 -5.8
    endloop
  endfacet
  facet normal -0.9808 0.195014 0
    outer loop
      vertex 18.7274 136.929 -5.8
      vertex 18.9316 137.956 -5
      vertex 18.9316 137.956 -5.8
    endloop
  endfacet
  facet normal -0.9808 0.195014 0
    outer loop
      vertex 18.9316 137.956 -5
      vertex 18.7274 136.929 -5.8
      vertex 18.7274 136.929 -5
    endloop
  endfacet
  facet normal -0.195859 0.980632 0
    outer loop
      vertex 13.0706 131.273 -5.8
      vertex 12.0442 131.068 -5
      vertex 13.0706 131.273 -5
    endloop
  endfacet
  facet normal -0.195859 0.980632 0
    outer loop
      vertex 12.0442 131.068 -5
      vertex 13.0706 131.273 -5.8
      vertex 12.0442 131.068 -5.8
    endloop
  endfacet
  facet normal -0.321126 0.947036 0
    outer loop
      vertex 14.0615 131.609 -5.8
      vertex 13.0706 131.273 -5
      vertex 14.0615 131.609 -5
    endloop
  endfacet
  facet normal -0.321126 0.947036 0
    outer loop
      vertex 13.0706 131.273 -5
      vertex 14.0615 131.609 -5.8
      vertex 13.0706 131.273 -5.8
    endloop
  endfacet
  facet normal -0.751973 0.659194 0
    outer loop
      vertex 16.6569 133.343 -5.8
      vertex 17.3468 134.13 -5
      vertex 17.3468 134.13 -5.8
    endloop
  endfacet
  facet normal -0.751973 0.659194 0
    outer loop
      vertex 17.3468 134.13 -5
      vertex 16.6569 133.343 -5.8
      vertex 16.6569 133.343 -5
    endloop
  endfacet
  facet normal -0.555318 0.831638 0
    outer loop
      vertex 15.8701 132.653 -5.8
      vertex 15 132.072 -5
      vertex 15.8701 132.653 -5
    endloop
  endfacet
  facet normal -0.555318 0.831638 0
    outer loop
      vertex 15 132.072 -5
      vertex 15.8701 132.653 -5.8
      vertex 15 132.072 -5.8
    endloop
  endfacet
  facet normal -0.946831 0.321731 0
    outer loop
      vertex 18.391 135.939 -5.8
      vertex 18.7274 136.929 -5
      vertex 18.7274 136.929 -5.8
    endloop
  endfacet
  facet normal -0.946831 0.321731 0
    outer loop
      vertex 18.7274 136.929 -5
      vertex 18.391 135.939 -5.8
      vertex 18.391 135.939 -5
    endloop
  endfacet
  facet normal -0.064984 0.997886 0
    outer loop
      vertex 12.0442 131.068 -5.8
      vertex 11 131 -5
      vertex 12.0442 131.068 -5
    endloop
  endfacet
  facet normal -0.064984 0.997886 0
    outer loop
      vertex 11 131 -5
      vertex 12.0442 131.068 -5.8
      vertex 11 131 -5.8
    endloop
  endfacet
  facet normal 0.321121 0.947038 -0
    outer loop
      vertex 8.92945 131.273 -5.8
      vertex 7.93853 131.609 -5
      vertex 8.92945 131.273 -5
    endloop
  endfacet
  facet normal 0.321121 0.947038 0
    outer loop
      vertex 7.93853 131.609 -5
      vertex 8.92945 131.273 -5.8
      vertex 7.93853 131.609 -5.8
    endloop
  endfacet
  facet normal 0.896957 0.442117 0
    outer loop
      vertex 4.0718 135 -5
      vertex 3.60896 135.939 -5.8
      vertex 3.60896 135.939 -5
    endloop
  endfacet
  facet normal 0.896957 0.442117 0
    outer loop
      vertex 3.60896 135.939 -5.8
      vertex 4.0718 135 -5
      vertex 4.0718 135 -5.8
    endloop
  endfacet
  facet normal 0.98081 0.194968 0
    outer loop
      vertex 3.27259 136.929 -5
      vertex 3.06844 137.956 -5.8
      vertex 3.06844 137.956 -5
    endloop
  endfacet
  facet normal 0.98081 0.194968 0
    outer loop
      vertex 3.06844 137.956 -5.8
      vertex 3.27259 136.929 -5
      vertex 3.27259 136.929 -5.8
    endloop
  endfacet
  facet normal 0.751935 0.659238 0
    outer loop
      vertex 5.34315 133.343 -5
      vertex 4.65317 134.13 -5.8
      vertex 4.65317 134.13 -5
    endloop
  endfacet
  facet normal 0.751935 0.659238 0
    outer loop
      vertex 4.65317 134.13 -5.8
      vertex 5.34315 133.343 -5
      vertex 5.34315 133.343 -5.8
    endloop
  endfacet
  facet normal 0.659362 0.751826 -0
    outer loop
      vertex 6.12991 132.653 -5.8
      vertex 5.34315 133.343 -5
      vertex 6.12991 132.653 -5
    endloop
  endfacet
  facet normal 0.659362 0.751826 0
    outer loop
      vertex 5.34315 133.343 -5
      vertex 6.12991 132.653 -5.8
      vertex 5.34315 133.343 -5.8
    endloop
  endfacet
  facet normal 0 0 -1
    outer loop
      vertex 18.9316 137.956 -5
      vertex 18.9316 140.044 -5
      vertex 19 139 -5
    endloop
  endfacet
  facet normal 0 0 -1
    outer loop
      vertex 18.7274 136.929 -5
      vertex 18.9316 140.044 -5
      vertex 18.9316 137.956 -5
    endloop
  endfacet
  facet normal 0 0 -1
    outer loop
      vertex 18.7274 136.929 -5
      vertex 18.7274 141.071 -5
      vertex 18.9316 140.044 -5
    endloop
  endfacet
  facet normal 0 0 -1
    outer loop
      vertex 18.391 135.939 -5
      vertex 18.7274 141.071 -5
      vertex 18.7274 136.929 -5
    endloop
  endfacet
  facet normal 0 0 -1
    outer loop
      vertex 18.391 135.939 -5
      vertex 18.391 142.061 -5
      vertex 18.7274 141.071 -5
    endloop
  endfacet
  facet normal 0 0 -1
    outer loop
      vertex 17.9282 135 -5
      vertex 18.391 142.061 -5
      vertex 18.391 135.939 -5
    endloop
  endfacet
  facet normal 0 0 -1
    outer loop
      vertex 17.9282 135 -5
      vertex 17.9282 143 -5
      vertex 18.391 142.061 -5
    endloop
  endfacet
  facet normal 0 0 -1
    outer loop
      vertex 17.3468 134.13 -5
      vertex 17.9282 143 -5
      vertex 17.9282 135 -5
    endloop
  endfacet
  facet normal 0 0 -1
    outer loop
      vertex 17.3468 134.13 -5
      vertex 17.3468 143.87 -5
      vertex 17.9282 143 -5
    endloop
  endfacet
  facet normal 0 0 -1
    outer loop
      vertex 16.6569 133.343 -5
      vertex 17.3468 143.87 -5
      vertex 17.3468 134.13 -5
    endloop
  endfacet
  facet normal 0 0 -1
    outer loop
      vertex 16.6569 133.343 -5
      vertex 16.6569 144.657 -5
      vertex 17.3468 143.87 -5
    endloop
  endfacet
  facet normal 0 0 -1
    outer loop
      vertex 15.8701 132.653 -5
      vertex 16.6569 144.657 -5
      vertex 16.6569 133.343 -5
    endloop
  endfacet
  facet normal 0 0 -1
    outer loop
      vertex 15.8701 132.653 -5
      vertex 15.8701 145.347 -5
      vertex 16.6569 144.657 -5
    endloop
  endfacet
  facet normal 0 0 -1
    outer loop
      vertex 15 132.072 -5
      vertex 15.8701 145.347 -5
      vertex 15.8701 132.653 -5
    endloop
  endfacet
  facet normal 0 0 -1
    outer loop
      vertex 15 132.072 -5
      vertex 15 145.928 -5
      vertex 15.8701 145.347 -5
    endloop
  endfacet
  facet normal 0 0 -1
    outer loop
      vertex 14.0615 131.609 -5
      vertex 15 145.928 -5
      vertex 15 132.072 -5
    endloop
  endfacet
  facet normal 0 0 -1
    outer loop
      vertex 14.0615 131.609 -5
      vertex 14.0615 146.391 -5
      vertex 15 145.928 -5
    endloop
  endfacet
  facet normal 0 0 -1
    outer loop
      vertex 13.0706 131.273 -5
      vertex 14.0615 146.391 -5
      vertex 14.0615 131.609 -5
    endloop
  endfacet
  facet normal 0 0 -1
    outer loop
      vertex 13.0706 131.273 -5
      vertex 13.0706 146.727 -5
      vertex 14.0615 146.391 -5
    endloop
  endfacet
  facet normal 0 0 -1
    outer loop
      vertex 12.0442 131.068 -5
      vertex 13.0706 146.727 -5
      vertex 13.0706 131.273 -5
    endloop
  endfacet
  facet normal 0 0 -1
    outer loop
      vertex 12.0442 131.068 -5
      vertex 12.0442 146.932 -5
      vertex 13.0706 146.727 -5
    endloop
  endfacet
  facet normal 0 0 -1
    outer loop
      vertex 11 131 -5
      vertex 12.0442 146.932 -5
      vertex 12.0442 131.068 -5
    endloop
  endfacet
  facet normal 0 0 -1
    outer loop
      vertex 11 131 -5
      vertex 11 147 -5
      vertex 12.0442 146.932 -5
    endloop
  endfacet
  facet normal 0 0 -1
    outer loop
      vertex 9.95579 131.068 -5
      vertex 11 147 -5
      vertex 11 131 -5
    endloop
  endfacet
  facet normal 0 0 -1
    outer loop
      vertex 9.95579 131.068 -5
      vertex 9.95579 146.932 -5
      vertex 11 147 -5
    endloop
  endfacet
  facet normal 0 0 -1
    outer loop
      vertex 8.92945 131.273 -5
      vertex 9.95579 146.932 -5
      vertex 9.95579 131.068 -5
    endloop
  endfacet
  facet normal 0 0 -1
    outer loop
      vertex 8.92945 131.273 -5
      vertex 8.92945 146.727 -5
      vertex 9.95579 146.932 -5
    endloop
  endfacet
  facet normal 0 0 -1
    outer loop
      vertex 7.93853 131.609 -5
      vertex 8.92945 146.727 -5
      vertex 8.92945 131.273 -5
    endloop
  endfacet
  facet normal 0 0 -1
    outer loop
      vertex 7.93853 131.609 -5
      vertex 7.93853 146.391 -5
      vertex 8.92945 146.727 -5
    endloop
  endfacet
  facet normal 0 0 -1
    outer loop
      vertex 7 132.072 -5
      vertex 7.93853 146.391 -5
      vertex 7.93853 131.609 -5
    endloop
  endfacet
  facet normal 0 0 -1
    outer loop
      vertex 7 132.072 -5
      vertex 7 145.928 -5
      vertex 7.93853 146.391 -5
    endloop
  endfacet
  facet normal 0 0 -1
    outer loop
      vertex 6.12991 132.653 -5
      vertex 7 145.928 -5
      vertex 7 132.072 -5
    endloop
  endfacet
  facet normal 0 0 -1
    outer loop
      vertex 6.12991 132.653 -5
      vertex 6.12991 145.347 -5
      vertex 7 145.928 -5
    endloop
  endfacet
  facet normal 0 0 -1
    outer loop
      vertex 5.34315 133.343 -5
      vertex 6.12991 145.347 -5
      vertex 6.12991 132.653 -5
    endloop
  endfacet
  facet normal 0 0 -1
    outer loop
      vertex 5.34315 133.343 -5
      vertex 5.34315 144.657 -5
      vertex 6.12991 145.347 -5
    endloop
  endfacet
  facet normal 0 0 -1
    outer loop
      vertex 4.65317 134.13 -5
      vertex 5.34315 144.657 -5
      vertex 5.34315 133.343 -5
    endloop
  endfacet
  facet normal 0 0 -1
    outer loop
      vertex 4.65317 134.13 -5
      vertex 4.65317 143.87 -5
      vertex 5.34315 144.657 -5
    endloop
  endfacet
  facet normal 0 0 -1
    outer loop
      vertex 4.0718 135 -5
      vertex 4.65317 143.87 -5
      vertex 4.65317 134.13 -5
    endloop
  endfacet
  facet normal 0 0 -1
    outer loop
      vertex 4.0718 135 -5
      vertex 4.0718 143 -5
      vertex 4.65317 143.87 -5
    endloop
  endfacet
  facet normal 0 0 -1
    outer loop
      vertex 3.60896 135.939 -5
      vertex 4.0718 143 -5
      vertex 4.0718 135 -5
    endloop
  endfacet
  facet normal 0 0 -1
    outer loop
      vertex 3.60896 135.939 -5
      vertex 3.60896 142.061 -5
      vertex 4.0718 143 -5
    endloop
  endfacet
  facet normal 0 0 -1
    outer loop
      vertex 3.27259 136.929 -5
      vertex 3.60896 142.061 -5
      vertex 3.60896 135.939 -5
    endloop
  endfacet
  facet normal 0 0 -1
    outer loop
      vertex 3.27259 136.929 -5
      vertex 3.27259 141.071 -5
      vertex 3.60896 142.061 -5
    endloop
  endfacet
  facet normal 0 0 -1
    outer loop
      vertex 3.06844 137.956 -5
      vertex 3.27259 141.071 -5
      vertex 3.27259 136.929 -5
    endloop
  endfacet
  facet normal 0 0 -1
    outer loop
      vertex 3.06844 137.956 -5
      vertex 3.06844 140.044 -5
      vertex 3.27259 141.071 -5
    endloop
  endfacet
  facet normal 0 -0 -1
    outer loop
      vertex 3.06844 140.044 -5
      vertex 3.06844 137.956 -5
      vertex 3 139 -5
    endloop
  endfacet
  facet normal 0.997858 -0.0654151 0
    outer loop
      vertex 3 139 -5
      vertex 3.06844 140.044 -5.8
      vertex 3.06844 140.044 -5
    endloop
  endfacet
  facet normal 0.997858 -0.0654151 0
    outer loop
      vertex 3.06844 140.044 -5.8
      vertex 3 139 -5
      vertex 3 139 -5.8
    endloop
  endfacet
  facet normal -0.997861 0.0653771 0
    outer loop
      vertex 18.9316 137.956 -5.8
      vertex 19 139 -5
      vertex 19 139 -5.8
    endloop
  endfacet
  facet normal -0.997861 0.0653771 0
    outer loop
      vertex 19 139 -5
      vertex 18.9316 137.956 -5.8
      vertex 18.9316 137.956 -5
    endloop
  endfacet
  facet normal -0.659343 0.751842 0
    outer loop
      vertex 16.6569 133.343 -5.8
      vertex 15.8701 132.653 -5
      vertex 16.6569 133.343 -5
    endloop
  endfacet
  facet normal -0.659343 0.751842 0
    outer loop
      vertex 15.8701 132.653 -5
      vertex 16.6569 133.343 -5.8
      vertex 15.8701 132.653 -5.8
    endloop
  endfacet
  facet normal -0.896973 0.442086 0
    outer loop
      vertex 17.9282 135 -5.8
      vertex 18.391 135.939 -5
      vertex 18.391 135.939 -5.8
    endloop
  endfacet
  facet normal -0.896973 0.442086 0
    outer loop
      vertex 18.391 135.939 -5
      vertex 17.9282 135 -5.8
      vertex 17.9282 135 -5
    endloop
  endfacet
  facet normal 0.442418 0.896809 -0
    outer loop
      vertex 7.93853 131.609 -5.8
      vertex 7 132.072 -5
      vertex 7.93853 131.609 -5
    endloop
  endfacet
  facet normal 0.442418 0.896809 0
    outer loop
      vertex 7 132.072 -5
      vertex 7.93853 131.609 -5.8
      vertex 7 132.072 -5.8
    endloop
  endfacet
  facet normal 0.94684 0.321706 0
    outer loop
      vertex 3.60896 135.939 -5
      vertex 3.27259 136.929 -5.8
      vertex 3.27259 136.929 -5
    endloop
  endfacet
  facet normal 0.94684 0.321706 0
    outer loop
      vertex 3.27259 136.929 -5.8
      vertex 3.60896 135.939 -5
      vertex 3.60896 135.939 -5.8
    endloop
  endfacet
  facet normal -0.5554 -0.831583 0
    outer loop
      vertex 9.5625 144.706 -2.05
      vertex 9.90238 144.479 0.199999
      vertex 9.5625 144.706 0.199999
    endloop
  endfacet
  facet normal -0.5554 -0.831583 -0
    outer loop
      vertex 9.90238 144.479 0.199999
      vertex 9.5625 144.706 -2.05
      vertex 9.90238 144.479 -2.05
    endloop
  endfacet
  facet normal 0.980792 -0.195058 0
    outer loop
      vertex 4.90173 142.408 0.199999
      vertex 4.98148 142.809 -2.05
      vertex 4.98148 142.809 0.199999
    endloop
  endfacet
  facet normal 0.980792 -0.195058 0
    outer loop
      vertex 4.98148 142.809 -2.05
      vertex 4.90173 142.408 0.199999
      vertex 4.90173 142.408 -2.05
    endloop
  endfacet
  facet normal 0.193334 0.981133 -0
    outer loop
      vertex 7.5921 138.902 -2.05
      vertex 7.19119 138.981 0.199999
      vertex 7.5921 138.902 0.199999
    endloop
  endfacet
  facet normal 0.193334 0.981133 0
    outer loop
      vertex 7.19119 138.981 0.199999
      vertex 7.5921 138.902 -2.05
      vertex 7.19119 138.981 -2.05
    endloop
  endfacet
  facet normal 0.442698 -0.896671 0
    outer loop
      vertex 6.4375 144.706 -2.05
      vertex 6.80411 144.887 0.199999
      vertex 6.4375 144.706 0.199999
    endloop
  endfacet
  facet normal 0.442698 -0.896671 0
    outer loop
      vertex 6.80411 144.887 0.199999
      vertex 6.4375 144.706 -2.05
      vertex 6.80411 144.887 -2.05
    endloop
  endfacet
  facet normal 0.946907 -0.321508 0
    outer loop
      vertex 4.98148 142.809 0.199999
      vertex 5.11288 143.196 -2.05
      vertex 5.11288 143.196 0.199999
    endloop
  endfacet
  facet normal 0.946907 -0.321508 0
    outer loop
      vertex 5.11288 143.196 -2.05
      vertex 4.98148 142.809 0.199999
      vertex 4.98148 142.809 -2.05
    endloop
  endfacet
  facet normal -0.896572 -0.442897 0
    outer loop
      vertex 10.8871 143.196 -2.05
      vertex 10.7063 143.562 0.199999
      vertex 10.7063 143.562 -2.05
    endloop
  endfacet
  facet normal -0.896572 -0.442897 0
    outer loop
      vertex 10.7063 143.562 0.199999
      vertex 10.8871 143.196 -2.05
      vertex 10.8871 143.196 0.199999
    endloop
  endfacet
  facet normal -0.831561 -0.555434 0
    outer loop
      vertex 10.7063 143.562 -2.05
      vertex 10.4792 143.902 0.199999
      vertex 10.4792 143.902 -2.05
    endloop
  endfacet
  facet normal -0.831561 -0.555434 0
    outer loop
      vertex 10.4792 143.902 0.199999
      vertex 10.7063 143.562 -2.05
      vertex 10.7063 143.562 0.199999
    endloop
  endfacet
  facet normal -0.322764 -0.94648 0
    outer loop
      vertex 8.80881 145.019 -2.05
      vertex 9.19589 144.887 0.199999
      vertex 8.80881 145.019 0.199999
    endloop
  endfacet
  facet normal -0.322764 -0.94648 -0
    outer loop
      vertex 9.19589 144.887 0.199999
      vertex 8.80881 145.019 -2.05
      vertex 9.19589 144.887 -2.05
    endloop
  endfacet
  facet normal 0.0660482 -0.997816 0
    outer loop
      vertex 7.5921 145.098 -2.05
      vertex 8 145.125 0.199999
      vertex 7.5921 145.098 0.199999
    endloop
  endfacet
  facet normal 0.0660482 -0.997816 0
    outer loop
      vertex 8 145.125 0.199999
      vertex 7.5921 145.098 -2.05
      vertex 8 145.125 -2.05
    endloop
  endfacet
  facet normal 0 0 1
    outer loop
      vertex 11.0983 142.408 -2.05
      vertex 11.0983 141.592 -2.05
      vertex 11.125 142 -2.05
    endloop
  endfacet
  facet normal 0 0 1
    outer loop
      vertex 11.0185 142.809 -2.05
      vertex 11.0983 141.592 -2.05
      vertex 11.0983 142.408 -2.05
    endloop
  endfacet
  facet normal 0 0 1
    outer loop
      vertex 11.0185 142.809 -2.05
      vertex 11.0185 141.191 -2.05
      vertex 11.0983 141.592 -2.05
    endloop
  endfacet
  facet normal 0 0 1
    outer loop
      vertex 10.8871 143.196 -2.05
      vertex 11.0185 141.191 -2.05
      vertex 11.0185 142.809 -2.05
    endloop
  endfacet
  facet normal 0 0 1
    outer loop
      vertex 10.8871 143.196 -2.05
      vertex 10.8871 140.804 -2.05
      vertex 11.0185 141.191 -2.05
    endloop
  endfacet
  facet normal 0 0 1
    outer loop
      vertex 10.7063 143.562 -2.05
      vertex 10.8871 140.804 -2.05
      vertex 10.8871 143.196 -2.05
    endloop
  endfacet
  facet normal 0 0 1
    outer loop
      vertex 10.7063 143.562 -2.05
      vertex 10.7063 140.438 -2.05
      vertex 10.8871 140.804 -2.05
    endloop
  endfacet
  facet normal 0 0 1
    outer loop
      vertex 10.4792 143.902 -2.05
      vertex 10.7063 140.438 -2.05
      vertex 10.7063 143.562 -2.05
    endloop
  endfacet
  facet normal 0 0 1
    outer loop
      vertex 10.4792 143.902 -2.05
      vertex 10.4792 140.098 -2.05
      vertex 10.7063 140.438 -2.05
    endloop
  endfacet
  facet normal 0 0 1
    outer loop
      vertex 10.2097 144.21 -2.05
      vertex 10.4792 140.098 -2.05
      vertex 10.4792 143.902 -2.05
    endloop
  endfacet
  facet normal 0 0 1
    outer loop
      vertex 10.2097 144.21 -2.05
      vertex 10.2097 139.79 -2.05
      vertex 10.4792 140.098 -2.05
    endloop
  endfacet
  facet normal 0 0 1
    outer loop
      vertex 9.90238 144.479 -2.05
      vertex 10.2097 139.79 -2.05
      vertex 10.2097 144.21 -2.05
    endloop
  endfacet
  facet normal 0 0 1
    outer loop
      vertex 9.90238 144.479 -2.05
      vertex 9.90238 139.521 -2.05
      vertex 10.2097 139.79 -2.05
    endloop
  endfacet
  facet normal 0 0 1
    outer loop
      vertex 9.5625 144.706 -2.05
      vertex 9.90238 139.521 -2.05
      vertex 9.90238 144.479 -2.05
    endloop
  endfacet
  facet normal 0 0 1
    outer loop
      vertex 9.5625 144.706 -2.05
      vertex 9.5625 139.294 -2.05
      vertex 9.90238 139.521 -2.05
    endloop
  endfacet
  facet normal 0 0 1
    outer loop
      vertex 9.19589 144.887 -2.05
      vertex 9.5625 139.294 -2.05
      vertex 9.5625 144.706 -2.05
    endloop
  endfacet
  facet normal 0 0 1
    outer loop
      vertex 9.19589 144.887 -2.05
      vertex 9.19589 139.113 -2.05
      vertex 9.5625 139.294 -2.05
    endloop
  endfacet
  facet normal 0 0 1
    outer loop
      vertex 8.80881 145.019 -2.05
      vertex 9.19589 139.113 -2.05
      vertex 9.19589 144.887 -2.05
    endloop
  endfacet
  facet normal 0 0 1
    outer loop
      vertex 8.80881 145.019 -2.05
      vertex 8.80881 138.981 -2.05
      vertex 9.19589 139.113 -2.05
    endloop
  endfacet
  facet normal 0 0 1
    outer loop
      vertex 8.40789 145.098 -2.05
      vertex 8.80881 138.981 -2.05
      vertex 8.80881 145.019 -2.05
    endloop
  endfacet
  facet normal 0 0 1
    outer loop
      vertex 8.40789 145.098 -2.05
      vertex 8.40789 138.902 -2.05
      vertex 8.80881 138.981 -2.05
    endloop
  endfacet
  facet normal 0 0 1
    outer loop
      vertex 8 145.125 -2.05
      vertex 8.40789 138.902 -2.05
      vertex 8.40789 145.098 -2.05
    endloop
  endfacet
  facet normal 0 0 1
    outer loop
      vertex 8 145.125 -2.05
      vertex 8 138.875 -2.05
      vertex 8.40789 138.902 -2.05
    endloop
  endfacet
  facet normal -0 0 1
    outer loop
      vertex 7.5921 145.098 -2.05
      vertex 8 138.875 -2.05
      vertex 8 145.125 -2.05
    endloop
  endfacet
  facet normal 0 0 1
    outer loop
      vertex 7.5921 145.098 -2.05
      vertex 7.5921 138.902 -2.05
      vertex 8 138.875 -2.05
    endloop
  endfacet
  facet normal -0 0 1
    outer loop
      vertex 7.19119 145.019 -2.05
      vertex 7.5921 138.902 -2.05
      vertex 7.5921 145.098 -2.05
    endloop
  endfacet
  facet normal 0 0 1
    outer loop
      vertex 7.19119 145.019 -2.05
      vertex 7.19119 138.981 -2.05
      vertex 7.5921 138.902 -2.05
    endloop
  endfacet
  facet normal -0 0 1
    outer loop
      vertex 6.80411 144.887 -2.05
      vertex 7.19119 138.981 -2.05
      vertex 7.19119 145.019 -2.05
    endloop
  endfacet
  facet normal 0 0 1
    outer loop
      vertex 6.80411 144.887 -2.05
      vertex 6.80411 139.113 -2.05
      vertex 7.19119 138.981 -2.05
    endloop
  endfacet
  facet normal -0 0 1
    outer loop
      vertex 6.4375 144.706 -2.05
      vertex 6.80411 139.113 -2.05
      vertex 6.80411 144.887 -2.05
    endloop
  endfacet
  facet normal 0 0 1
    outer loop
      vertex 6.4375 144.706 -2.05
      vertex 6.4375 139.294 -2.05
      vertex 6.80411 139.113 -2.05
    endloop
  endfacet
  facet normal -0 0 1
    outer loop
      vertex 6.09762 144.479 -2.05
      vertex 6.4375 139.294 -2.05
      vertex 6.4375 144.706 -2.05
    endloop
  endfacet
  facet normal 0 0 1
    outer loop
      vertex 6.09762 144.479 -2.05
      vertex 6.09762 139.521 -2.05
      vertex 6.4375 139.294 -2.05
    endloop
  endfacet
  facet normal -0 0 1
    outer loop
      vertex 5.79029 144.21 -2.05
      vertex 6.09762 139.521 -2.05
      vertex 6.09762 144.479 -2.05
    endloop
  endfacet
  facet normal 0 0 1
    outer loop
      vertex 5.79029 144.21 -2.05
      vertex 5.79029 139.79 -2.05
      vertex 6.09762 139.521 -2.05
    endloop
  endfacet
  facet normal -0 0 1
    outer loop
      vertex 5.52077 143.902 -2.05
      vertex 5.79029 139.79 -2.05
      vertex 5.79029 144.21 -2.05
    endloop
  endfacet
  facet normal 0 0 1
    outer loop
      vertex 5.52077 143.902 -2.05
      vertex 5.52077 140.098 -2.05
      vertex 5.79029 139.79 -2.05
    endloop
  endfacet
  facet normal -0 0 1
    outer loop
      vertex 5.29367 143.562 -2.05
      vertex 5.52077 140.098 -2.05
      vertex 5.52077 143.902 -2.05
    endloop
  endfacet
  facet normal 0 0 1
    outer loop
      vertex 5.29367 143.562 -2.05
      vertex 5.29367 140.438 -2.05
      vertex 5.52077 140.098 -2.05
    endloop
  endfacet
  facet normal -0 0 1
    outer loop
      vertex 5.11288 143.196 -2.05
      vertex 5.29367 140.438 -2.05
      vertex 5.29367 143.562 -2.05
    endloop
  endfacet
  facet normal 0 0 1
    outer loop
      vertex 5.11288 143.196 -2.05
      vertex 5.11288 140.804 -2.05
      vertex 5.29367 140.438 -2.05
    endloop
  endfacet
  facet normal -0 0 1
    outer loop
      vertex 4.98148 142.809 -2.05
      vertex 5.11288 140.804 -2.05
      vertex 5.11288 143.196 -2.05
    endloop
  endfacet
  facet normal 0 0 1
    outer loop
      vertex 4.98148 142.809 -2.05
      vertex 4.98148 141.191 -2.05
      vertex 5.11288 140.804 -2.05
    endloop
  endfacet
  facet normal -0 0 1
    outer loop
      vertex 4.90173 142.408 -2.05
      vertex 4.98148 141.191 -2.05
      vertex 4.98148 142.809 -2.05
    endloop
  endfacet
  facet normal 0 0 1
    outer loop
      vertex 4.90173 142.408 -2.05
      vertex 4.90173 141.592 -2.05
      vertex 4.98148 141.191 -2.05
    endloop
  endfacet
  facet normal 0 -0 1
    outer loop
      vertex 4.90173 141.592 -2.05
      vertex 4.90173 142.408 -2.05
      vertex 4.875 142 -2.05
    endloop
  endfacet
  facet normal 0.831561 -0.555434 0
    outer loop
      vertex 5.29367 143.562 0.199999
      vertex 5.52077 143.902 -2.05
      vertex 5.52077 143.902 0.199999
    endloop
  endfacet
  facet normal 0.831561 -0.555434 0
    outer loop
      vertex 5.52077 143.902 -2.05
      vertex 5.29367 143.562 0.199999
      vertex 5.29367 143.562 -2.05
    endloop
  endfacet
  facet normal 0.5554 -0.831583 0
    outer loop
      vertex 6.09762 144.479 -2.05
      vertex 6.4375 144.706 0.199999
      vertex 6.09762 144.479 0.199999
    endloop
  endfacet
  facet normal 0.5554 -0.831583 0
    outer loop
      vertex 6.4375 144.706 0.199999
      vertex 6.09762 144.479 -2.05
      vertex 6.4375 144.706 -2.05
    endloop
  endfacet
  facet normal 0.322764 -0.94648 0
    outer loop
      vertex 6.80411 144.887 -2.05
      vertex 7.19119 145.019 0.199999
      vertex 6.80411 144.887 0.199999
    endloop
  endfacet
  facet normal 0.322764 -0.94648 0
    outer loop
      vertex 7.19119 145.019 0.199999
      vertex 6.80411 144.887 -2.05
      vertex 7.19119 145.019 -2.05
    endloop
  endfacet
  facet normal -0.997866 -0.0653015 0
    outer loop
      vertex 11.125 142 -2.05
      vertex 11.0983 142.408 0.199999
      vertex 11.0983 142.408 -2.05
    endloop
  endfacet
  facet normal -0.997866 -0.0653015 0
    outer loop
      vertex 11.0983 142.408 0.199999
      vertex 11.125 142 -2.05
      vertex 11.125 142 0.199999
    endloop
  endfacet
  facet normal -0.831561 0.555434 0
    outer loop
      vertex 10.4792 140.098 -2.05
      vertex 10.7063 140.438 0.199999
      vertex 10.7063 140.438 -2.05
    endloop
  endfacet
  facet normal -0.831561 0.555434 0
    outer loop
      vertex 10.7063 140.438 0.199999
      vertex 10.4792 140.098 -2.05
      vertex 10.4792 140.098 0.199999
    endloop
  endfacet
  facet normal -0.946907 0.321508 0
    outer loop
      vertex 10.8871 140.804 -2.05
      vertex 11.0185 141.191 0.199999
      vertex 11.0185 141.191 -2.05
    endloop
  endfacet
  facet normal -0.946907 0.321508 0
    outer loop
      vertex 11.0185 141.191 0.199999
      vertex 10.8871 140.804 -2.05
      vertex 10.8871 140.804 0.199999
    endloop
  endfacet
  facet normal -0.442698 0.896671 0
    outer loop
      vertex 9.5625 139.294 -2.05
      vertex 9.19589 139.113 0.199999
      vertex 9.5625 139.294 0.199999
    endloop
  endfacet
  facet normal -0.442698 0.896671 0
    outer loop
      vertex 9.19589 139.113 0.199999
      vertex 9.5625 139.294 -2.05
      vertex 9.19589 139.113 -2.05
    endloop
  endfacet
  facet normal -0.5554 0.831583 0
    outer loop
      vertex 9.90238 139.521 -2.05
      vertex 9.5625 139.294 0.199999
      vertex 9.90238 139.521 0.199999
    endloop
  endfacet
  facet normal -0.5554 0.831583 0
    outer loop
      vertex 9.5625 139.294 0.199999
      vertex 9.90238 139.521 -2.05
      vertex 9.5625 139.294 -2.05
    endloop
  endfacet
  facet normal 0.0660482 0.997816 -0
    outer loop
      vertex 8 138.875 -2.05
      vertex 7.5921 138.902 0.199999
      vertex 8 138.875 0.199999
    endloop
  endfacet
  facet normal 0.0660482 0.997816 0
    outer loop
      vertex 7.5921 138.902 0.199999
      vertex 8 138.875 -2.05
      vertex 7.5921 138.902 -2.05
    endloop
  endfacet
  facet normal 0.5554 0.831583 -0
    outer loop
      vertex 6.4375 139.294 -2.05
      vertex 6.09762 139.521 0.199999
      vertex 6.4375 139.294 0.199999
    endloop
  endfacet
  facet normal 0.5554 0.831583 0
    outer loop
      vertex 6.09762 139.521 0.199999
      vertex 6.4375 139.294 -2.05
      vertex 6.09762 139.521 -2.05
    endloop
  endfacet
  facet normal 0.831561 0.555434 0
    outer loop
      vertex 5.52077 140.098 0.199999
      vertex 5.29367 140.438 -2.05
      vertex 5.29367 140.438 0.199999
    endloop
  endfacet
  facet normal 0.831561 0.555434 0
    outer loop
      vertex 5.29367 140.438 -2.05
      vertex 5.52077 140.098 0.199999
      vertex 5.52077 140.098 -2.05
    endloop
  endfacet
  facet normal -0.946907 -0.321508 0
    outer loop
      vertex 11.0185 142.809 -2.05
      vertex 10.8871 143.196 0.199999
      vertex 10.8871 143.196 -2.05
    endloop
  endfacet
  facet normal -0.946907 -0.321508 0
    outer loop
      vertex 10.8871 143.196 0.199999
      vertex 11.0185 142.809 -2.05
      vertex 11.0185 142.809 0.199999
    endloop
  endfacet
  facet normal -0.752577 -0.658505 0
    outer loop
      vertex 10.4792 143.902 -2.05
      vertex 10.2097 144.21 0.199999
      vertex 10.2097 144.21 -2.05
    endloop
  endfacet
  facet normal -0.752577 -0.658505 0
    outer loop
      vertex 10.2097 144.21 0.199999
      vertex 10.4792 143.902 -2.05
      vertex 10.4792 143.902 0.199999
    endloop
  endfacet
  facet normal -0.658636 -0.752461 0
    outer loop
      vertex 9.90238 144.479 -2.05
      vertex 10.2097 144.21 0.199999
      vertex 9.90238 144.479 0.199999
    endloop
  endfacet
  facet normal -0.658636 -0.752461 -0
    outer loop
      vertex 10.2097 144.21 0.199999
      vertex 9.90238 144.479 -2.05
      vertex 10.2097 144.21 -2.05
    endloop
  endfacet
  facet normal -0.442698 -0.896671 0
    outer loop
      vertex 9.19589 144.887 -2.05
      vertex 9.5625 144.706 0.199999
      vertex 9.19589 144.887 0.199999
    endloop
  endfacet
  facet normal -0.442698 -0.896671 -0
    outer loop
      vertex 9.5625 144.706 0.199999
      vertex 9.19589 144.887 -2.05
      vertex 9.5625 144.706 -2.05
    endloop
  endfacet
  facet normal -0.193329 -0.981134 0
    outer loop
      vertex 8.40789 145.098 -2.05
      vertex 8.80881 145.019 0.199999
      vertex 8.40789 145.098 0.199999
    endloop
  endfacet
  facet normal -0.193329 -0.981134 -0
    outer loop
      vertex 8.80881 145.019 0.199999
      vertex 8.40789 145.098 -2.05
      vertex 8.80881 145.019 -2.05
    endloop
  endfacet
  facet normal -0.0660498 -0.997816 0
    outer loop
      vertex 8 145.125 -2.05
      vertex 8.40789 145.098 0.199999
      vertex 8 145.125 0.199999
    endloop
  endfacet
  facet normal -0.0660498 -0.997816 -0
    outer loop
      vertex 8.40789 145.098 0.199999
      vertex 8 145.125 -2.05
      vertex 8.40789 145.098 -2.05
    endloop
  endfacet
  facet normal 0.997861 0.0653746 0
    outer loop
      vertex 4.90173 141.592 0.199999
      vertex 4.875 142 -2.05
      vertex 4.875 142 0.199999
    endloop
  endfacet
  facet normal 0.997861 0.0653746 0
    outer loop
      vertex 4.875 142 -2.05
      vertex 4.90173 141.592 0.199999
      vertex 4.90173 141.592 -2.05
    endloop
  endfacet
  facet normal 0.896582 -0.442877 0
    outer loop
      vertex 5.11288 143.196 0.199999
      vertex 5.29367 143.562 -2.05
      vertex 5.29367 143.562 0.199999
    endloop
  endfacet
  facet normal 0.896582 -0.442877 0
    outer loop
      vertex 5.29367 143.562 -2.05
      vertex 5.11288 143.196 0.199999
      vertex 5.11288 143.196 -2.05
    endloop
  endfacet
  facet normal 0.193334 -0.981133 0
    outer loop
      vertex 7.19119 145.019 -2.05
      vertex 7.5921 145.098 0.199999
      vertex 7.19119 145.019 0.199999
    endloop
  endfacet
  facet normal 0.193334 -0.981133 0
    outer loop
      vertex 7.5921 145.098 0.199999
      vertex 7.19119 145.019 -2.05
      vertex 7.5921 145.098 -2.05
    endloop
  endfacet
  facet normal 0.658624 -0.752472 0
    outer loop
      vertex 5.79029 144.21 -2.05
      vertex 6.09762 144.479 0.199999
      vertex 5.79029 144.21 0.199999
    endloop
  endfacet
  facet normal 0.658624 -0.752472 0
    outer loop
      vertex 6.09762 144.479 0.199999
      vertex 5.79029 144.21 -2.05
      vertex 6.09762 144.479 -2.05
    endloop
  endfacet
  facet normal 0.752552 -0.658532 0
    outer loop
      vertex 5.52077 143.902 0.199999
      vertex 5.79029 144.21 -2.05
      vertex 5.79029 144.21 0.199999
    endloop
  endfacet
  facet normal 0.752552 -0.658532 0
    outer loop
      vertex 5.79029 144.21 -2.05
      vertex 5.52077 143.902 0.199999
      vertex 5.52077 143.902 -2.05
    endloop
  endfacet
  facet normal -0.997866 0.0653015 0
    outer loop
      vertex 11.0983 141.592 -2.05
      vertex 11.125 142 0.199999
      vertex 11.125 142 -2.05
    endloop
  endfacet
  facet normal -0.997866 0.0653015 0
    outer loop
      vertex 11.125 142 0.199999
      vertex 11.0983 141.592 -2.05
      vertex 11.0983 141.592 0.199999
    endloop
  endfacet
  facet normal -0.193329 0.981134 0
    outer loop
      vertex 8.80881 138.981 -2.05
      vertex 8.40789 138.902 0.199999
      vertex 8.80881 138.981 0.199999
    endloop
  endfacet
  facet normal -0.193329 0.981134 0
    outer loop
      vertex 8.40789 138.902 0.199999
      vertex 8.80881 138.981 -2.05
      vertex 8.40789 138.902 -2.05
    endloop
  endfacet
  facet normal -0.322764 0.94648 0
    outer loop
      vertex 9.19589 139.113 -2.05
      vertex 8.80881 138.981 0.199999
      vertex 9.19589 139.113 0.199999
    endloop
  endfacet
  facet normal -0.322764 0.94648 0
    outer loop
      vertex 8.80881 138.981 0.199999
      vertex 9.19589 139.113 -2.05
      vertex 8.80881 138.981 -2.05
    endloop
  endfacet
  facet normal -0.752577 0.658505 0
    outer loop
      vertex 10.2097 139.79 -2.05
      vertex 10.4792 140.098 0.199999
      vertex 10.4792 140.098 -2.05
    endloop
  endfacet
  facet normal -0.752577 0.658505 0
    outer loop
      vertex 10.4792 140.098 0.199999
      vertex 10.2097 139.79 -2.05
      vertex 10.2097 139.79 0.199999
    endloop
  endfacet
  facet normal -0.658636 0.752461 0
    outer loop
      vertex 10.2097 139.79 -2.05
      vertex 9.90238 139.521 0.199999
      vertex 10.2097 139.79 0.199999
    endloop
  endfacet
  facet normal -0.658636 0.752461 0
    outer loop
      vertex 9.90238 139.521 0.199999
      vertex 10.2097 139.79 -2.05
      vertex 9.90238 139.521 -2.05
    endloop
  endfacet
  facet normal -0.0660498 0.997816 0
    outer loop
      vertex 8.40789 138.902 -2.05
      vertex 8 138.875 0.199999
      vertex 8.40789 138.902 0.199999
    endloop
  endfacet
  facet normal -0.0660498 0.997816 0
    outer loop
      vertex 8 138.875 0.199999
      vertex 8.40789 138.902 -2.05
      vertex 8 138.875 -2.05
    endloop
  endfacet
  facet normal 0.322764 0.94648 -0
    outer loop
      vertex 7.19119 138.981 -2.05
      vertex 6.80411 139.113 0.199999
      vertex 7.19119 138.981 0.199999
    endloop
  endfacet
  facet normal 0.322764 0.94648 0
    outer loop
      vertex 6.80411 139.113 0.199999
      vertex 7.19119 138.981 -2.05
      vertex 6.80411 139.113 -2.05
    endloop
  endfacet
  facet normal 0.896582 0.442877 0
    outer loop
      vertex 5.29367 140.438 0.199999
      vertex 5.11288 140.804 -2.05
      vertex 5.11288 140.804 0.199999
    endloop
  endfacet
  facet normal 0.896582 0.442877 0
    outer loop
      vertex 5.11288 140.804 -2.05
      vertex 5.29367 140.438 0.199999
      vertex 5.29367 140.438 -2.05
    endloop
  endfacet
  facet normal 0.980792 0.195058 0
    outer loop
      vertex 4.98148 141.191 0.199999
      vertex 4.90173 141.592 -2.05
      vertex 4.90173 141.592 0.199999
    endloop
  endfacet
  facet normal 0.980792 0.195058 0
    outer loop
      vertex 4.90173 141.592 -2.05
      vertex 4.98148 141.191 0.199999
      vertex 4.98148 141.191 -2.05
    endloop
  endfacet
  facet normal 0.752552 0.658532 0
    outer loop
      vertex 5.79029 139.79 0.199999
      vertex 5.52077 140.098 -2.05
      vertex 5.52077 140.098 0.199999
    endloop
  endfacet
  facet normal 0.752552 0.658532 0
    outer loop
      vertex 5.52077 140.098 -2.05
      vertex 5.79029 139.79 0.199999
      vertex 5.79029 139.79 -2.05
    endloop
  endfacet
  facet normal -0.980768 -0.195175 0
    outer loop
      vertex 11.0983 142.408 -2.05
      vertex 11.0185 142.809 0.199999
      vertex 11.0185 142.809 -2.05
    endloop
  endfacet
  facet normal -0.980768 -0.195175 0
    outer loop
      vertex 11.0185 142.809 0.199999
      vertex 11.0983 142.408 -2.05
      vertex 11.0983 142.408 0.199999
    endloop
  endfacet
  facet normal 0.997861 -0.0653746 0
    outer loop
      vertex 4.875 142 0.199999
      vertex 4.90173 142.408 -2.05
      vertex 4.90173 142.408 0.199999
    endloop
  endfacet
  facet normal 0.997861 -0.0653746 0
    outer loop
      vertex 4.90173 142.408 -2.05
      vertex 4.875 142 0.199999
      vertex 4.875 142 -2.05
    endloop
  endfacet
  facet normal -0.980768 0.195175 0
    outer loop
      vertex 11.0185 141.191 -2.05
      vertex 11.0983 141.592 0.199999
      vertex 11.0983 141.592 -2.05
    endloop
  endfacet
  facet normal -0.980768 0.195175 0
    outer loop
      vertex 11.0983 141.592 0.199999
      vertex 11.0185 141.191 -2.05
      vertex 11.0185 141.191 0.199999
    endloop
  endfacet
  facet normal -0.896572 0.442897 0
    outer loop
      vertex 10.7063 140.438 -2.05
      vertex 10.8871 140.804 0.199999
      vertex 10.8871 140.804 -2.05
    endloop
  endfacet
  facet normal -0.896572 0.442897 0
    outer loop
      vertex 10.8871 140.804 0.199999
      vertex 10.7063 140.438 -2.05
      vertex 10.7063 140.438 0.199999
    endloop
  endfacet
  facet normal 0.442698 0.896671 -0
    outer loop
      vertex 6.80411 139.113 -2.05
      vertex 6.4375 139.294 0.199999
      vertex 6.80411 139.113 0.199999
    endloop
  endfacet
  facet normal 0.442698 0.896671 0
    outer loop
      vertex 6.4375 139.294 0.199999
      vertex 6.80411 139.113 -2.05
      vertex 6.4375 139.294 -2.05
    endloop
  endfacet
  facet normal 0.946907 0.321508 0
    outer loop
      vertex 5.11288 140.804 0.199999
      vertex 4.98148 141.191 -2.05
      vertex 4.98148 141.191 0.199999
    endloop
  endfacet
  facet normal 0.946907 0.321508 0
    outer loop
      vertex 4.98148 141.191 -2.05
      vertex 5.11288 140.804 0.199999
      vertex 5.11288 140.804 -2.05
    endloop
  endfacet
  facet normal 0.658624 0.752472 -0
    outer loop
      vertex 6.09762 139.521 -2.05
      vertex 5.79029 139.79 0.199999
      vertex 6.09762 139.521 0.199999
    endloop
  endfacet
  facet normal 0.658624 0.752472 0
    outer loop
      vertex 5.79029 139.79 0.199999
      vertex 6.09762 139.521 -2.05
      vertex 5.79029 139.79 -2.05
    endloop
  endfacet
  facet normal 0.995915 0.0653984 0.0622605
    outer loop
      vertex 15.3 137 3.2
      vertex 15.4863 137.019 0.199999
      vertex 15.2803 137.3 3.2
    endloop
  endfacet
  facet normal 0.996076 0.06291 0.0622547
    outer loop
      vertex 15.4863 137.019 0.199999
      vertex 15.3 137 3.2
      vertex 15.4875 137 0.199999
    endloop
  endfacet
  facet normal 0.995914 0.0654179 0.0622586
    outer loop
      vertex 15.4662 137.325 0.199999
      vertex 15.2803 137.3 3.2
      vertex 15.4863 137.019 0.199999
    endloop
  endfacet
  facet normal -0.575159 -0.81568 0.0621154
    outer loop
      vertex 11.5013 135.016 0.199999
      vertex 11.5998 135.175 3.2
      vertex 11.4857 135.027 0.199999
    endloop
  endfacet
  facet normal -0.554086 -0.830133 0.0621895
    outer loop
      vertex 11.5998 135.175 3.2
      vertex 11.5013 135.016 0.199999
      vertex 11.85 135.008 3.2
    endloop
  endfacet
  facet normal 0.829614 -0.554846 0.0623348
    outer loop
      vertex 14.8247 135.6 3.2
      vertex 14.9839 135.501 0.199999
      vertex 14.9919 135.85 3.2
    endloop
  endfacet
  facet normal 0.820202 -0.568673 0.0622916
    outer loop
      vertex 14.9839 135.501 0.199999
      vertex 14.8247 135.6 3.2
      vertex 14.9735 135.486 0.199999
    endloop
  endfacet
  facet normal 0.556031 0.828843 0.0620373
    outer loop
      vertex 14.5143 138.973 0.199999
      vertex 14.2594 139.144 0.199999
      vertex 14.4002 138.825 3.2
    endloop
  endfacet
  facet normal 0.996076 -0.06291 0.0622547
    outer loop
      vertex 15.3 137 3.2
      vertex 15.4863 136.981 0.199999
      vertex 15.4875 137 0.199999
    endloop
  endfacet
  facet normal 0.995915 -0.0653984 0.0622605
    outer loop
      vertex 15.4863 136.981 0.199999
      vertex 15.3 137 3.2
      vertex 15.2803 136.7 3.2
    endloop
  endfacet
  facet normal -0.750997 0.657366 0.0622294
    outer loop
      vertex 11.2287 138.745 0.199999
      vertex 11.0265 138.514 0.199999
      vertex 11.1753 138.4 3.2
    endloop
  endfacet
  facet normal 0.322149 0.944645 0.0621739
    outer loop
      vertex 13.9519 139.298 0.199999
      vertex 13.6616 139.397 0.199999
      vertex 13.8802 139.125 3.2
    endloop
  endfacet
  facet normal -0.471306 -0.879772 0.0622281
    outer loop
      vertex 11.7731 134.837 0.199999
      vertex 11.85 135.008 3.2
      vertex 11.7563 134.846 0.199999
    endloop
  endfacet
  facet normal -0.441293 -0.895195 0.0623379
    outer loop
      vertex 11.85 135.008 3.2
      vertex 11.7731 134.837 0.199999
      vertex 12.1198 134.875 3.2
    endloop
  endfacet
  facet normal 0.750997 -0.657366 0.0622294
    outer loop
      vertex 14.8247 135.6 3.2
      vertex 14.7713 135.255 0.199999
      vertex 14.9735 135.486 0.199999
    endloop
  endfacet
  facet normal 0.536183 -0.841807 0.0622043
    outer loop
      vertex 14.2594 134.856 0.199999
      vertex 14.15 135.008 3.2
      vertex 14.2437 134.846 0.199999
    endloop
  endfacet
  facet normal 0.554083 -0.830129 0.0622654
    outer loop
      vertex 14.15 135.008 3.2
      vertex 14.2594 134.856 0.199999
      vertex 14.4002 135.175 3.2
    endloop
  endfacet
  facet normal -0.995916 -0.0653985 0.0622427
    outer loop
      vertex 10.5326 136.694 0.199999
      vertex 10.7197 136.7 3.2
      vertex 10.7 137 3.2
    endloop
  endfacet
  facet normal -0.996076 -0.0629101 0.0622477
    outer loop
      vertex 10.7197 136.7 3.2
      vertex 10.5326 136.694 0.199999
      vertex 10.5338 136.675 0.199999
    endloop
  endfacet
  facet normal -0.439821 0.895931 0.062177
    outer loop
      vertex 12.0481 139.298 0.199999
      vertex 11.7731 139.163 0.199999
      vertex 12.1198 139.125 3.2
    endloop
  endfacet
  facet normal 0.657812 0.750622 0.0620494
    outer loop
      vertex 14.5143 138.973 0.199999
      vertex 14.4002 138.825 3.2
      vertex 14.7448 138.771 0.199999
    endloop
  endfacet
  facet normal 0.894787 0.44213 0.0622614
    outer loop
      vertex 14.9919 138.15 3.2
      vertex 15.1626 138.227 0.199999
      vertex 15.1542 138.244 0.199999
    endloop
  endfacet
  facet normal 0.895329 0.441032 0.062264
    outer loop
      vertex 15.1626 138.227 0.199999
      vertex 14.9919 138.15 3.2
      vertex 15.1249 137.88 3.2
    endloop
  endfacet
  facet normal 0.554083 0.830129 0.0622654
    outer loop
      vertex 14.2594 139.144 0.199999
      vertex 14.15 138.992 3.2
      vertex 14.4002 138.825 3.2
    endloop
  endfacet
  facet normal 0.536183 0.841807 0.0622043
    outer loop
      vertex 14.15 138.992 3.2
      vertex 14.2594 139.144 0.199999
      vertex 14.2437 139.154 0.199999
    endloop
  endfacet
  facet normal -0.0651149 0.995932 0.0622796
    outer loop
      vertex 12.9812 139.486 0.199999
      vertex 12.6753 139.466 0.199999
      vertex 12.6998 139.28 3.2
    endloop
  endfacet
  facet normal -0.945033 -0.320985 0.062295
    outer loop
      vertex 10.8751 136.12 3.2
      vertex 10.6033 136.338 0.199999
      vertex 10.7018 136.048 0.199999
    endloop
  endfacet
  facet normal -0.657812 -0.750622 0.0620494
    outer loop
      vertex 11.5998 135.175 3.2
      vertex 11.2552 135.229 0.199999
      vertex 11.4857 135.027 0.199999
    endloop
  endfacet
  facet normal -0.89515 -0.44139 0.0623032
    outer loop
      vertex 10.8751 136.12 3.2
      vertex 10.7018 136.048 0.199999
      vertex 10.8374 135.773 0.199999
    endloop
  endfacet
  facet normal -0.553628 -0.830443 0.0621355
    outer loop
      vertex 11.85 135.008 3.2
      vertex 11.5013 135.016 0.199999
      vertex 11.7563 134.846 0.199999
    endloop
  endfacet
  facet normal -0.195298 -0.978769 0.0622097
    outer loop
      vertex 12.4047 134.778 3.2
      vertex 12.3562 134.597 0.199999
      vertex 12.6569 134.537 0.199999
    endloop
  endfacet
  facet normal 0.995914 -0.0654179 0.0622586
    outer loop
      vertex 15.4863 136.981 0.199999
      vertex 15.2803 136.7 3.2
      vertex 15.4662 136.675 0.199999
    endloop
  endfacet
  facet normal -0.978865 0.194797 0.0622725
    outer loop
      vertex 10.5973 137.644 0.199999
      vertex 10.5374 137.343 0.199999
      vertex 10.7784 137.595 3.2
    endloop
  endfacet
  facet normal -0.829987 0.554301 0.0622308
    outer loop
      vertex 11.0265 138.514 0.199999
      vertex 10.8562 138.259 0.199999
      vertex 11.1753 138.4 3.2
    endloop
  endfacet
  facet normal -0.657812 0.750622 0.0620494
    outer loop
      vertex 11.4857 138.973 0.199999
      vertex 11.2552 138.771 0.199999
      vertex 11.5998 138.825 3.2
    endloop
  endfacet
  facet normal 0.829987 0.554301 0.0622308
    outer loop
      vertex 14.9735 138.514 0.199999
      vertex 14.8247 138.4 3.2
      vertex 15.1438 138.259 0.199999
    endloop
  endfacet
  facet normal 0.747131 0.661745 0.0623605
    outer loop
      vertex 14.6263 138.626 3.2
      vertex 14.7713 138.745 0.199999
      vertex 14.7589 138.759 0.199999
    endloop
  endfacet
  facet normal 0.750041 0.658443 0.0623702
    outer loop
      vertex 14.7713 138.745 0.199999
      vertex 14.6263 138.626 3.2
      vertex 14.8247 138.4 3.2
    endloop
  endfacet
  facet normal 0.750997 0.657366 0.0622294
    outer loop
      vertex 14.9735 138.514 0.199999
      vertex 14.7713 138.745 0.199999
      vertex 14.8247 138.4 3.2
    endloop
  endfacet
  facet normal 0.64686 0.760061 0.0622872
    outer loop
      vertex 14.7448 138.771 0.199999
      vertex 14.6263 138.626 3.2
      vertex 14.7589 138.759 0.199999
    endloop
  endfacet
  facet normal 0.659406 0.749205 0.0622581
    outer loop
      vertex 14.6263 138.626 3.2
      vertex 14.7448 138.771 0.199999
      vertex 14.4002 138.825 3.2
    endloop
  endfacet
  facet normal 0.945134 0.320682 0.0623262
    outer loop
      vertex 15.2216 137.595 3.2
      vertex 15.3967 137.662 0.199999
      vertex 15.1249 137.88 3.2
    endloop
  endfacet
  facet normal 0.94684 0.315613 0.0623126
    outer loop
      vertex 15.3967 137.662 0.199999
      vertex 15.2216 137.595 3.2
      vertex 15.4027 137.644 0.199999
    endloop
  endfacet
  facet normal 0.89515 0.44139 0.0623032
    outer loop
      vertex 15.1626 138.227 0.199999
      vertex 15.1249 137.88 3.2
      vertex 15.2982 137.952 0.199999
    endloop
  endfacet
  facet normal -0.105581 0.992464 0.0621944
    outer loop
      vertex 12.9812 139.486 0.199999
      vertex 13 139.3 3.2
      vertex 13 139.488 0.199999
    endloop
  endfacet
  facet normal -0.0663463 0.995859 0.062159
    outer loop
      vertex 13 139.3 3.2
      vertex 12.9812 139.486 0.199999
      vertex 12.6998 139.28 3.2
    endloop
  endfacet
  facet normal -0.829985 -0.5543 0.0622702
    outer loop
      vertex 11.0081 135.85 3.2
      vertex 10.8458 135.756 0.199999
      vertex 11.0161 135.501 0.199999
    endloop
  endfacet
  facet normal -0.978677 -0.195735 0.0622765
    outer loop
      vertex 10.5374 136.657 0.199999
      vertex 10.7197 136.7 3.2
      vertex 10.5338 136.675 0.199999
    endloop
  endfacet
  facet normal -0.978868 -0.194778 0.0622744
    outer loop
      vertex 10.7197 136.7 3.2
      vertex 10.5374 136.657 0.199999
      vertex 10.7784 136.405 3.2
    endloop
  endfacet
  facet normal -0.321677 -0.944803 0.0622225
    outer loop
      vertex 12.3384 134.603 0.199999
      vertex 12.4047 134.778 3.2
      vertex 12.1198 134.875 3.2
    endloop
  endfacet
  facet normal -0.318801 -0.945777 0.0622158
    outer loop
      vertex 12.4047 134.778 3.2
      vertex 12.3384 134.603 0.199999
      vertex 12.3562 134.597 0.199999
    endloop
  endfacet
  facet normal 0.0663462 -0.995856 0.0622011
    outer loop
      vertex 13.3059 134.533 0.199999
      vertex 13.3002 134.72 3.2
      vertex 13 134.7 3.2
    endloop
  endfacet
  facet normal 0.0530135 -0.996653 0.0622254
    outer loop
      vertex 13.3002 134.72 3.2
      vertex 13.3059 134.533 0.199999
      vertex 13.3247 134.534 0.199999
    endloop
  endfacet
  facet normal -0.0683552 -0.995708 0.0623977
    outer loop
      vertex 13 134.7 3.2
      vertex 12.6941 134.533 0.199999
      vertex 13 134.512 0.199999
    endloop
  endfacet
  facet normal 0.0683552 -0.995708 0.0623977
    outer loop
      vertex 13 134.7 3.2
      vertex 13 134.512 0.199999
      vertex 13.3059 134.533 0.199999
    endloop
  endfacet
  facet normal 0.318801 -0.945777 0.0622158
    outer loop
      vertex 13.6616 134.603 0.199999
      vertex 13.5953 134.778 3.2
      vertex 13.6438 134.597 0.199999
    endloop
  endfacet
  facet normal 0.321677 -0.944803 0.0622225
    outer loop
      vertex 13.5953 134.778 3.2
      vertex 13.6616 134.603 0.199999
      vertex 13.8802 134.875 3.2
    endloop
  endfacet
  facet normal 0.657812 -0.750622 0.0620494
    outer loop
      vertex 14.7448 135.229 0.199999
      vertex 14.4002 135.175 3.2
      vertex 14.5143 135.027 0.199999
    endloop
  endfacet
  facet normal 0.556031 -0.828843 0.0620373
    outer loop
      vertex 14.4002 135.175 3.2
      vertex 14.2594 134.856 0.199999
      vertex 14.5143 135.027 0.199999
    endloop
  endfacet
  facet normal 0.659406 -0.749205 0.0622581
    outer loop
      vertex 14.7448 135.229 0.199999
      vertex 14.6263 135.374 3.2
      vertex 14.4002 135.175 3.2
    endloop
  endfacet
  facet normal 0.64686 -0.760061 0.0622872
    outer loop
      vertex 14.6263 135.374 3.2
      vertex 14.7448 135.229 0.199999
      vertex 14.7589 135.241 0.199999
    endloop
  endfacet
  facet normal 0.750041 -0.658443 0.0623702
    outer loop
      vertex 14.6263 135.374 3.2
      vertex 14.7713 135.255 0.199999
      vertex 14.8247 135.6 3.2
    endloop
  endfacet
  facet normal 0.747131 -0.661745 0.0623605
    outer loop
      vertex 14.7713 135.255 0.199999
      vertex 14.6263 135.374 3.2
      vertex 14.7589 135.241 0.199999
    endloop
  endfacet
  facet normal 0.89515 -0.44139 0.0623032
    outer loop
      vertex 15.2982 136.048 0.199999
      vertex 15.1249 136.12 3.2
      vertex 15.1626 135.773 0.199999
    endloop
  endfacet
  facet normal 0.829985 -0.5543 0.0622702
    outer loop
      vertex 14.9919 135.85 3.2
      vertex 14.9839 135.501 0.199999
      vertex 15.1542 135.756 0.199999
    endloop
  endfacet
  facet normal 0.945033 -0.320985 0.062295
    outer loop
      vertex 15.3967 136.338 0.199999
      vertex 15.1249 136.12 3.2
      vertex 15.2982 136.048 0.199999
    endloop
  endfacet
  facet normal 0.978677 -0.195735 0.0622765
    outer loop
      vertex 15.2803 136.7 3.2
      vertex 15.4626 136.657 0.199999
      vertex 15.4662 136.675 0.199999
    endloop
  endfacet
  facet normal 0.978868 -0.194778 0.0622744
    outer loop
      vertex 15.4626 136.657 0.199999
      vertex 15.2803 136.7 3.2
      vertex 15.2216 136.405 3.2
    endloop
  endfacet
  facet normal -0.995915 0.0654179 0.0622446
    outer loop
      vertex 10.5326 137.306 0.199999
      vertex 10.5125 137 0.199999
      vertex 10.7 137 3.2
    endloop
  endfacet
  facet normal -0.995915 -0.0654179 0.0622446
    outer loop
      vertex 10.7 137 3.2
      vertex 10.5125 137 0.199999
      vertex 10.5326 136.694 0.199999
    endloop
  endfacet
  facet normal -0.94684 0.315613 0.0623126
    outer loop
      vertex 10.7784 137.595 3.2
      vertex 10.6033 137.662 0.199999
      vertex 10.5973 137.644 0.199999
    endloop
  endfacet
  facet normal -0.945134 0.320682 0.0623262
    outer loop
      vertex 10.6033 137.662 0.199999
      vertex 10.7784 137.595 3.2
      vertex 10.8751 137.88 3.2
    endloop
  endfacet
  facet normal -0.160605 0.985045 0.0623844
    outer loop
      vertex 12.6569 139.463 0.199999
      vertex 12.6998 139.28 3.2
      vertex 12.6753 139.466 0.199999
    endloop
  endfacet
  facet normal -0.192477 0.97931 0.0624903
    outer loop
      vertex 12.6998 139.28 3.2
      vertex 12.6569 139.463 0.199999
      vertex 12.4047 139.222 3.2
    endloop
  endfacet
  facet normal 0.829623 0.554852 0.0621662
    outer loop
      vertex 14.9919 138.15 3.2
      vertex 15.1438 138.259 0.199999
      vertex 14.8247 138.4 3.2
    endloop
  endfacet
  facet normal 0.820207 0.568677 0.0621917
    outer loop
      vertex 15.1438 138.259 0.199999
      vertex 14.9919 138.15 3.2
      vertex 15.1542 138.244 0.199999
    endloop
  endfacet
  facet normal 0.978868 0.194778 0.0622744
    outer loop
      vertex 15.2803 137.3 3.2
      vertex 15.4626 137.343 0.199999
      vertex 15.2216 137.595 3.2
    endloop
  endfacet
  facet normal 0.978677 0.195735 0.0622765
    outer loop
      vertex 15.4626 137.343 0.199999
      vertex 15.2803 137.3 3.2
      vertex 15.4662 137.325 0.199999
    endloop
  endfacet
  facet normal 0.978865 0.194797 0.0622725
    outer loop
      vertex 15.4027 137.644 0.199999
      vertex 15.2216 137.595 3.2
      vertex 15.4626 137.343 0.199999
    endloop
  endfacet
  facet normal 0.945033 0.320985 0.062295
    outer loop
      vertex 15.2982 137.952 0.199999
      vertex 15.1249 137.88 3.2
      vertex 15.3967 137.662 0.199999
    endloop
  endfacet
  facet normal 0.471306 0.879772 0.0622281
    outer loop
      vertex 14.2269 139.163 0.199999
      vertex 14.15 138.992 3.2
      vertex 14.2437 139.154 0.199999
    endloop
  endfacet
  facet normal 0.441293 0.895195 0.0623379
    outer loop
      vertex 14.15 138.992 3.2
      vertex 14.2269 139.163 0.199999
      vertex 13.8802 139.125 3.2
    endloop
  endfacet
  facet normal 0.439821 0.895931 0.062177
    outer loop
      vertex 13.9519 139.298 0.199999
      vertex 13.8802 139.125 3.2
      vertex 14.2269 139.163 0.199999
    endloop
  endfacet
  facet normal 0.195298 0.978769 0.0622097
    outer loop
      vertex 13.6438 139.403 0.199999
      vertex 13.3431 139.463 0.199999
      vertex 13.5953 139.222 3.2
    endloop
  endfacet
  facet normal -0.750997 -0.657366 0.0622294
    outer loop
      vertex 11.1753 135.6 3.2
      vertex 11.0265 135.486 0.199999
      vertex 11.2287 135.255 0.199999
    endloop
  endfacet
  facet normal -0.829614 -0.554846 0.0623348
    outer loop
      vertex 11.0161 135.501 0.199999
      vertex 11.1753 135.6 3.2
      vertex 11.0081 135.85 3.2
    endloop
  endfacet
  facet normal -0.820202 -0.568673 0.0622916
    outer loop
      vertex 11.1753 135.6 3.2
      vertex 11.0161 135.501 0.199999
      vertex 11.0265 135.486 0.199999
    endloop
  endfacet
  facet normal -0.750041 -0.658443 0.0623702
    outer loop
      vertex 11.2287 135.255 0.199999
      vertex 11.3737 135.374 3.2
      vertex 11.1753 135.6 3.2
    endloop
  endfacet
  facet normal -0.747131 -0.661745 0.0623605
    outer loop
      vertex 11.3737 135.374 3.2
      vertex 11.2287 135.255 0.199999
      vertex 11.2411 135.241 0.199999
    endloop
  endfacet
  facet normal -0.64686 -0.760061 0.0622872
    outer loop
      vertex 11.2552 135.229 0.199999
      vertex 11.3737 135.374 3.2
      vertex 11.2411 135.241 0.199999
    endloop
  endfacet
  facet normal -0.659406 -0.749205 0.0622581
    outer loop
      vertex 11.3737 135.374 3.2
      vertex 11.2552 135.229 0.199999
      vertex 11.5998 135.175 3.2
    endloop
  endfacet
  facet normal -0.895329 -0.441032 0.062264
    outer loop
      vertex 10.8374 135.773 0.199999
      vertex 11.0081 135.85 3.2
      vertex 10.8751 136.12 3.2
    endloop
  endfacet
  facet normal -0.894787 -0.44213 0.0622614
    outer loop
      vertex 11.0081 135.85 3.2
      vertex 10.8374 135.773 0.199999
      vertex 10.8458 135.756 0.199999
    endloop
  endfacet
  facet normal -0.978865 -0.194797 0.0622725
    outer loop
      vertex 10.7784 136.405 3.2
      vertex 10.5374 136.657 0.199999
      vertex 10.5973 136.356 0.199999
    endloop
  endfacet
  facet normal -0.94684 -0.315613 0.0623126
    outer loop
      vertex 10.6033 136.338 0.199999
      vertex 10.7784 136.405 3.2
      vertex 10.5973 136.356 0.199999
    endloop
  endfacet
  facet normal -0.945134 -0.320682 0.0623262
    outer loop
      vertex 10.7784 136.405 3.2
      vertex 10.6033 136.338 0.199999
      vertex 10.8751 136.12 3.2
    endloop
  endfacet
  facet normal -0.192477 -0.97931 0.0624903
    outer loop
      vertex 12.6569 134.537 0.199999
      vertex 12.6998 134.72 3.2
      vertex 12.4047 134.778 3.2
    endloop
  endfacet
  facet normal -0.160605 -0.985045 0.0623844
    outer loop
      vertex 12.6998 134.72 3.2
      vertex 12.6569 134.537 0.199999
      vertex 12.6753 134.534 0.199999
    endloop
  endfacet
  facet normal -0.0530135 -0.996653 0.0622254
    outer loop
      vertex 12.6941 134.533 0.199999
      vertex 12.6998 134.72 3.2
      vertex 12.6753 134.534 0.199999
    endloop
  endfacet
  facet normal -0.0663462 -0.995856 0.0622011
    outer loop
      vertex 12.6998 134.72 3.2
      vertex 12.6941 134.533 0.199999
      vertex 13 134.7 3.2
    endloop
  endfacet
  facet normal 0.322149 -0.944645 0.0621739
    outer loop
      vertex 13.8802 134.875 3.2
      vertex 13.6616 134.603 0.199999
      vertex 13.9519 134.702 0.199999
    endloop
  endfacet
  facet normal 0.439821 -0.895931 0.062177
    outer loop
      vertex 14.2269 134.837 0.199999
      vertex 13.8802 134.875 3.2
      vertex 13.9519 134.702 0.199999
    endloop
  endfacet
  facet normal 0.895329 -0.441032 0.062264
    outer loop
      vertex 14.9919 135.85 3.2
      vertex 15.1626 135.773 0.199999
      vertex 15.1249 136.12 3.2
    endloop
  endfacet
  facet normal 0.894787 -0.44213 0.0622614
    outer loop
      vertex 15.1626 135.773 0.199999
      vertex 14.9919 135.85 3.2
      vertex 15.1542 135.756 0.199999
    endloop
  endfacet
  facet normal 0.94684 -0.315613 0.0623126
    outer loop
      vertex 15.2216 136.405 3.2
      vertex 15.3967 136.338 0.199999
      vertex 15.4027 136.356 0.199999
    endloop
  endfacet
  facet normal 0.945134 -0.320682 0.0623262
    outer loop
      vertex 15.3967 136.338 0.199999
      vertex 15.2216 136.405 3.2
      vertex 15.1249 136.12 3.2
    endloop
  endfacet
  facet normal 0.978865 -0.194797 0.0622725
    outer loop
      vertex 15.4626 136.657 0.199999
      vertex 15.2216 136.405 3.2
      vertex 15.4027 136.356 0.199999
    endloop
  endfacet
  facet normal -0.996076 0.0629101 0.0622477
    outer loop
      vertex 10.5326 137.306 0.199999
      vertex 10.7197 137.3 3.2
      vertex 10.5338 137.325 0.199999
    endloop
  endfacet
  facet normal -0.995916 0.0653985 0.0622427
    outer loop
      vertex 10.7197 137.3 3.2
      vertex 10.5326 137.306 0.199999
      vertex 10.7 137 3.2
    endloop
  endfacet
  facet normal -0.820207 0.568677 0.0621917
    outer loop
      vertex 11.0081 138.15 3.2
      vertex 10.8562 138.259 0.199999
      vertex 10.8458 138.244 0.199999
    endloop
  endfacet
  facet normal -0.829623 0.554852 0.0621662
    outer loop
      vertex 10.8562 138.259 0.199999
      vertex 11.0081 138.15 3.2
      vertex 11.1753 138.4 3.2
    endloop
  endfacet
  facet normal -0.945033 0.320985 0.062295
    outer loop
      vertex 10.7018 137.952 0.199999
      vertex 10.6033 137.662 0.199999
      vertex 10.8751 137.88 3.2
    endloop
  endfacet
  facet normal -0.322149 0.944645 0.0621739
    outer loop
      vertex 12.3384 139.397 0.199999
      vertex 12.0481 139.298 0.199999
      vertex 12.1198 139.125 3.2
    endloop
  endfacet
  facet normal -0.195298 0.978769 0.0622097
    outer loop
      vertex 12.6569 139.463 0.199999
      vertex 12.3562 139.403 0.199999
      vertex 12.4047 139.222 3.2
    endloop
  endfacet
  facet normal -0.318801 0.945777 0.0622158
    outer loop
      vertex 12.3384 139.397 0.199999
      vertex 12.4047 139.222 3.2
      vertex 12.3562 139.403 0.199999
    endloop
  endfacet
  facet normal -0.321677 0.944803 0.0622225
    outer loop
      vertex 12.4047 139.222 3.2
      vertex 12.3384 139.397 0.199999
      vertex 12.1198 139.125 3.2
    endloop
  endfacet
  facet normal -0.441293 0.895195 0.0623379
    outer loop
      vertex 11.7731 139.163 0.199999
      vertex 11.85 138.992 3.2
      vertex 12.1198 139.125 3.2
    endloop
  endfacet
  facet normal -0.471306 0.879772 0.0622281
    outer loop
      vertex 11.85 138.992 3.2
      vertex 11.7731 139.163 0.199999
      vertex 11.7563 139.154 0.199999
    endloop
  endfacet
  facet normal -0.554086 0.830133 0.0621895
    outer loop
      vertex 11.5013 138.984 0.199999
      vertex 11.5998 138.825 3.2
      vertex 11.85 138.992 3.2
    endloop
  endfacet
  facet normal -0.575159 0.81568 0.0621154
    outer loop
      vertex 11.5998 138.825 3.2
      vertex 11.5013 138.984 0.199999
      vertex 11.4857 138.973 0.199999
    endloop
  endfacet
  facet normal -0.553628 0.830443 0.0621355
    outer loop
      vertex 11.7563 139.154 0.199999
      vertex 11.5013 138.984 0.199999
      vertex 11.85 138.992 3.2
    endloop
  endfacet
  facet normal -0.659406 0.749205 0.0622581
    outer loop
      vertex 11.2552 138.771 0.199999
      vertex 11.3737 138.626 3.2
      vertex 11.5998 138.825 3.2
    endloop
  endfacet
  facet normal -0.64686 0.760061 0.0622872
    outer loop
      vertex 11.3737 138.626 3.2
      vertex 11.2552 138.771 0.199999
      vertex 11.2411 138.759 0.199999
    endloop
  endfacet
  facet normal -0.747131 0.661745 0.0623605
    outer loop
      vertex 11.2287 138.745 0.199999
      vertex 11.3737 138.626 3.2
      vertex 11.2411 138.759 0.199999
    endloop
  endfacet
  facet normal -0.750041 0.658443 0.0623702
    outer loop
      vertex 11.3737 138.626 3.2
      vertex 11.2287 138.745 0.199999
      vertex 11.1753 138.4 3.2
    endloop
  endfacet
  facet normal 0.0651149 0.995932 0.0622796
    outer loop
      vertex 13.3247 139.466 0.199999
      vertex 13.0188 139.486 0.199999
      vertex 13.3002 139.28 3.2
    endloop
  endfacet
  facet normal 0.192477 0.97931 0.0624903
    outer loop
      vertex 13.3431 139.463 0.199999
      vertex 13.3002 139.28 3.2
      vertex 13.5953 139.222 3.2
    endloop
  endfacet
  facet normal 0.160605 0.985045 0.0623844
    outer loop
      vertex 13.3002 139.28 3.2
      vertex 13.3431 139.463 0.199999
      vertex 13.3247 139.466 0.199999
    endloop
  endfacet
  facet normal 0.0663463 0.995859 0.062159
    outer loop
      vertex 13.0188 139.486 0.199999
      vertex 13 139.3 3.2
      vertex 13.3002 139.28 3.2
    endloop
  endfacet
  facet normal 0.105581 0.992464 0.0621944
    outer loop
      vertex 13 139.3 3.2
      vertex 13.0188 139.486 0.199999
      vertex 13 139.488 0.199999
    endloop
  endfacet
  facet normal 0.321677 0.944803 0.0622225
    outer loop
      vertex 13.6616 139.397 0.199999
      vertex 13.5953 139.222 3.2
      vertex 13.8802 139.125 3.2
    endloop
  endfacet
  facet normal 0.318801 0.945777 0.0622158
    outer loop
      vertex 13.5953 139.222 3.2
      vertex 13.6616 139.397 0.199999
      vertex 13.6438 139.403 0.199999
    endloop
  endfacet
  facet normal -0.439821 -0.895931 0.062177
    outer loop
      vertex 12.1198 134.875 3.2
      vertex 11.7731 134.837 0.199999
      vertex 12.0481 134.702 0.199999
    endloop
  endfacet
  facet normal -0.322149 -0.944645 0.0621739
    outer loop
      vertex 12.1198 134.875 3.2
      vertex 12.0481 134.702 0.199999
      vertex 12.3384 134.603 0.199999
    endloop
  endfacet
  facet normal 0.441293 -0.895195 0.0623379
    outer loop
      vertex 14.2269 134.837 0.199999
      vertex 14.15 135.008 3.2
      vertex 13.8802 134.875 3.2
    endloop
  endfacet
  facet normal 0.471306 -0.879772 0.0622281
    outer loop
      vertex 14.15 135.008 3.2
      vertex 14.2269 134.837 0.199999
      vertex 14.2437 134.846 0.199999
    endloop
  endfacet
  facet normal 0.160605 -0.985045 0.0623844
    outer loop
      vertex 13.3431 134.537 0.199999
      vertex 13.3002 134.72 3.2
      vertex 13.3247 134.534 0.199999
    endloop
  endfacet
  facet normal 0.192477 -0.97931 0.0624903
    outer loop
      vertex 13.3002 134.72 3.2
      vertex 13.3431 134.537 0.199999
      vertex 13.5953 134.778 3.2
    endloop
  endfacet
  facet normal 0.195298 -0.978769 0.0622097
    outer loop
      vertex 13.5953 134.778 3.2
      vertex 13.3431 134.537 0.199999
      vertex 13.6438 134.597 0.199999
    endloop
  endfacet
  facet normal 0 0 1
    outer loop
      vertex 15.2803 137.3 3.2
      vertex 15.2803 136.7 3.2
      vertex 15.3 137 3.2
    endloop
  endfacet
  facet normal 0 0 1
    outer loop
      vertex 15.2216 137.595 3.2
      vertex 15.2803 136.7 3.2
      vertex 15.2803 137.3 3.2
    endloop
  endfacet
  facet normal 0 0 1
    outer loop
      vertex 15.2216 137.595 3.2
      vertex 15.2216 136.405 3.2
      vertex 15.2803 136.7 3.2
    endloop
  endfacet
  facet normal 0 0 1
    outer loop
      vertex 15.1249 137.88 3.2
      vertex 15.2216 136.405 3.2
      vertex 15.2216 137.595 3.2
    endloop
  endfacet
  facet normal 0 0 1
    outer loop
      vertex 15.1249 137.88 3.2
      vertex 15.1249 136.12 3.2
      vertex 15.2216 136.405 3.2
    endloop
  endfacet
  facet normal 0 0 1
    outer loop
      vertex 14.9919 138.15 3.2
      vertex 15.1249 136.12 3.2
      vertex 15.1249 137.88 3.2
    endloop
  endfacet
  facet normal 0 0 1
    outer loop
      vertex 14.9919 138.15 3.2
      vertex 14.9919 135.85 3.2
      vertex 15.1249 136.12 3.2
    endloop
  endfacet
  facet normal 0 0 1
    outer loop
      vertex 14.8247 138.4 3.2
      vertex 14.9919 135.85 3.2
      vertex 14.9919 138.15 3.2
    endloop
  endfacet
  facet normal 0 0 1
    outer loop
      vertex 14.8247 138.4 3.2
      vertex 14.8247 135.6 3.2
      vertex 14.9919 135.85 3.2
    endloop
  endfacet
  facet normal 0 0 1
    outer loop
      vertex 14.6263 138.626 3.2
      vertex 14.8247 135.6 3.2
      vertex 14.8247 138.4 3.2
    endloop
  endfacet
  facet normal 0 0 1
    outer loop
      vertex 14.6263 138.626 3.2
      vertex 14.6263 135.374 3.2
      vertex 14.8247 135.6 3.2
    endloop
  endfacet
  facet normal 0 0 1
    outer loop
      vertex 14.4002 138.825 3.2
      vertex 14.6263 135.374 3.2
      vertex 14.6263 138.626 3.2
    endloop
  endfacet
  facet normal 0 0 1
    outer loop
      vertex 14.4002 138.825 3.2
      vertex 14.4002 135.175 3.2
      vertex 14.6263 135.374 3.2
    endloop
  endfacet
  facet normal 0 0 1
    outer loop
      vertex 14.15 138.992 3.2
      vertex 14.4002 135.175 3.2
      vertex 14.4002 138.825 3.2
    endloop
  endfacet
  facet normal 0 0 1
    outer loop
      vertex 14.15 138.992 3.2
      vertex 14.15 135.008 3.2
      vertex 14.4002 135.175 3.2
    endloop
  endfacet
  facet normal 0 0 1
    outer loop
      vertex 13.8802 139.125 3.2
      vertex 14.15 135.008 3.2
      vertex 14.15 138.992 3.2
    endloop
  endfacet
  facet normal 0 0 1
    outer loop
      vertex 13.8802 139.125 3.2
      vertex 13.8802 134.875 3.2
      vertex 14.15 135.008 3.2
    endloop
  endfacet
  facet normal 0 0 1
    outer loop
      vertex 13.5953 139.222 3.2
      vertex 13.8802 134.875 3.2
      vertex 13.8802 139.125 3.2
    endloop
  endfacet
  facet normal 0 0 1
    outer loop
      vertex 13.5953 139.222 3.2
      vertex 13.5953 134.778 3.2
      vertex 13.8802 134.875 3.2
    endloop
  endfacet
  facet normal 0 0 1
    outer loop
      vertex 13.3002 139.28 3.2
      vertex 13.5953 134.778 3.2
      vertex 13.5953 139.222 3.2
    endloop
  endfacet
  facet normal 0 0 1
    outer loop
      vertex 13.3002 139.28 3.2
      vertex 13.3002 134.72 3.2
      vertex 13.5953 134.778 3.2
    endloop
  endfacet
  facet normal 0 0 1
    outer loop
      vertex 13 139.3 3.2
      vertex 13.3002 134.72 3.2
      vertex 13.3002 139.28 3.2
    endloop
  endfacet
  facet normal 0 0 1
    outer loop
      vertex 13 139.3 3.2
      vertex 13 134.7 3.2
      vertex 13.3002 134.72 3.2
    endloop
  endfacet
  facet normal -0 0 1
    outer loop
      vertex 12.6998 139.28 3.2
      vertex 13 134.7 3.2
      vertex 13 139.3 3.2
    endloop
  endfacet
  facet normal 0 0 1
    outer loop
      vertex 12.6998 139.28 3.2
      vertex 12.6998 134.72 3.2
      vertex 13 134.7 3.2
    endloop
  endfacet
  facet normal -0 0 1
    outer loop
      vertex 12.4047 139.222 3.2
      vertex 12.6998 134.72 3.2
      vertex 12.6998 139.28 3.2
    endloop
  endfacet
  facet normal 0 0 1
    outer loop
      vertex 12.4047 139.222 3.2
      vertex 12.4047 134.778 3.2
      vertex 12.6998 134.72 3.2
    endloop
  endfacet
  facet normal -0 0 1
    outer loop
      vertex 12.1198 139.125 3.2
      vertex 12.4047 134.778 3.2
      vertex 12.4047 139.222 3.2
    endloop
  endfacet
  facet normal 0 0 1
    outer loop
      vertex 12.1198 139.125 3.2
      vertex 12.1198 134.875 3.2
      vertex 12.4047 134.778 3.2
    endloop
  endfacet
  facet normal -0 0 1
    outer loop
      vertex 11.85 138.992 3.2
      vertex 12.1198 134.875 3.2
      vertex 12.1198 139.125 3.2
    endloop
  endfacet
  facet normal 0 0 1
    outer loop
      vertex 11.85 138.992 3.2
      vertex 11.85 135.008 3.2
      vertex 12.1198 134.875 3.2
    endloop
  endfacet
  facet normal -0 0 1
    outer loop
      vertex 11.5998 138.825 3.2
      vertex 11.85 135.008 3.2
      vertex 11.85 138.992 3.2
    endloop
  endfacet
  facet normal 0 0 1
    outer loop
      vertex 11.5998 138.825 3.2
      vertex 11.5998 135.175 3.2
      vertex 11.85 135.008 3.2
    endloop
  endfacet
  facet normal -0 0 1
    outer loop
      vertex 11.3737 138.626 3.2
      vertex 11.5998 135.175 3.2
      vertex 11.5998 138.825 3.2
    endloop
  endfacet
  facet normal 0 0 1
    outer loop
      vertex 11.3737 138.626 3.2
      vertex 11.3737 135.374 3.2
      vertex 11.5998 135.175 3.2
    endloop
  endfacet
  facet normal -0 0 1
    outer loop
      vertex 11.1753 138.4 3.2
      vertex 11.3737 135.374 3.2
      vertex 11.3737 138.626 3.2
    endloop
  endfacet
  facet normal 0 0 1
    outer loop
      vertex 11.1753 138.4 3.2
      vertex 11.1753 135.6 3.2
      vertex 11.3737 135.374 3.2
    endloop
  endfacet
  facet normal -0 0 1
    outer loop
      vertex 11.0081 138.15 3.2
      vertex 11.1753 135.6 3.2
      vertex 11.1753 138.4 3.2
    endloop
  endfacet
  facet normal 0 0 1
    outer loop
      vertex 11.0081 138.15 3.2
      vertex 11.0081 135.85 3.2
      vertex 11.1753 135.6 3.2
    endloop
  endfacet
  facet normal -0 0 1
    outer loop
      vertex 10.8751 137.88 3.2
      vertex 11.0081 135.85 3.2
      vertex 11.0081 138.15 3.2
    endloop
  endfacet
  facet normal 0 0 1
    outer loop
      vertex 10.8751 137.88 3.2
      vertex 10.8751 136.12 3.2
      vertex 11.0081 135.85 3.2
    endloop
  endfacet
  facet normal -0 0 1
    outer loop
      vertex 10.7784 137.595 3.2
      vertex 10.8751 136.12 3.2
      vertex 10.8751 137.88 3.2
    endloop
  endfacet
  facet normal 0 0 1
    outer loop
      vertex 10.7784 137.595 3.2
      vertex 10.7784 136.405 3.2
      vertex 10.8751 136.12 3.2
    endloop
  endfacet
  facet normal -0 0 1
    outer loop
      vertex 10.7197 137.3 3.2
      vertex 10.7784 136.405 3.2
      vertex 10.7784 137.595 3.2
    endloop
  endfacet
  facet normal 0 0 1
    outer loop
      vertex 10.7197 137.3 3.2
      vertex 10.7197 136.7 3.2
      vertex 10.7784 136.405 3.2
    endloop
  endfacet
  facet normal 0 -0 1
    outer loop
      vertex 10.7197 136.7 3.2
      vertex 10.7197 137.3 3.2
      vertex 10.7 137 3.2
    endloop
  endfacet
  facet normal -0.978677 0.195735 0.0622765
    outer loop
      vertex 10.7197 137.3 3.2
      vertex 10.5374 137.343 0.199999
      vertex 10.5338 137.325 0.199999
    endloop
  endfacet
  facet normal -0.978868 0.194778 0.0622744
    outer loop
      vertex 10.5374 137.343 0.199999
      vertex 10.7197 137.3 3.2
      vertex 10.7784 137.595 3.2
    endloop
  endfacet
  facet normal -0.894787 0.44213 0.0622614
    outer loop
      vertex 10.8374 138.227 0.199999
      vertex 11.0081 138.15 3.2
      vertex 10.8458 138.244 0.199999
    endloop
  endfacet
  facet normal -0.895329 0.441032 0.062264
    outer loop
      vertex 11.0081 138.15 3.2
      vertex 10.8374 138.227 0.199999
      vertex 10.8751 137.88 3.2
    endloop
  endfacet
  facet normal -0.89515 0.44139 0.0623032
    outer loop
      vertex 10.8374 138.227 0.199999
      vertex 10.7018 137.952 0.199999
      vertex 10.8751 137.88 3.2
    endloop
  endfacet
  facet normal -0.830255 0.165534 0.532236
    outer loop
      vertex 221.385 146.147 0.199999
      vertex 219.402 147.776 -3.4
      vertex 221.321 145.826 0.199999
    endloop
  endfacet
  facet normal -0.997808 -0.0661811 0
    outer loop
      vertex 219.326 130.608 -5.8
      vertex 219.3 131 -3.4
      vertex 219.3 131 -5.8
    endloop
  endfacet
  facet normal -0.997808 -0.0661811 0
    outer loop
      vertex 219.3 131 -3.4
      vertex 219.326 130.608 -5.8
      vertex 219.326 130.608 -3.4
    endloop
  endfacet
  facet normal 0.194151 0.980972 -0
    outer loop
      vertex 239.076 149.898 -5.8
      vertex 238.692 149.974 -3.4
      vertex 239.076 149.898 -3.4
    endloop
  endfacet
  facet normal 0.194151 0.980972 0
    outer loop
      vertex 238.692 149.974 -3.4
      vertex 239.076 149.898 -5.8
      vertex 238.692 149.974 -5.8
    endloop
  endfacet
  facet normal -0.0555788 0.862795 0.502489
    outer loop
      vertex 223.8 148 0.199999
      vertex 222.3 150 -3.4
      vertex 223.474 147.979 0.199999
    endloop
  endfacet
  facet normal 0.0572055 0.862482 0.502844
    outer loop
      vertex 238.3 150 -3.4
      vertex 237.126 147.979 0.199999
      vertex 238.692 149.974 -3.4
    endloop
  endfacet
  facet normal 0.735537 0.363589 0.571654
    outer loop
      vertex 240.898 148.5 -3.4
      vertex 239.11 146.457 0.199999
      vertex 241.072 148.148 -3.4
    endloop
  endfacet
  facet normal 0.0661811 -0.997808 0
    outer loop
      vertex 238.3 128 -5.8
      vertex 238.692 128.026 -3.4
      vertex 238.3 128 -3.4
    endloop
  endfacet
  facet normal 0.0661811 -0.997808 0
    outer loop
      vertex 238.692 128.026 -3.4
      vertex 238.3 128 -5.8
      vertex 238.692 128.026 -5.8
    endloop
  endfacet
  facet normal 0.194151 -0.980972 0
    outer loop
      vertex 238.692 128.026 -5.8
      vertex 239.076 128.102 -3.4
      vertex 238.692 128.026 -3.4
    endloop
  endfacet
  facet normal 0.194151 -0.980972 0
    outer loop
      vertex 239.076 128.102 -3.4
      vertex 238.692 128.026 -5.8
      vertex 239.076 128.102 -5.8
    endloop
  endfacet
  facet normal 0 -0.874157 0.485643
    outer loop
      vertex 222.3 128 -3.4
      vertex 236.8 130 0.199999
      vertex 223.8 130 0.199999
    endloop
  endfacet
  facet normal 0 -0.874157 0.485643
    outer loop
      vertex 236.8 130 0.199999
      vertex 222.3 128 -3.4
      vertex 238.3 128 -3.4
    endloop
  endfacet
  facet normal 0 0.874157 0.485643
    outer loop
      vertex 238.3 150 -3.4
      vertex 223.8 148 0.199999
      vertex 236.8 148 0.199999
    endloop
  endfacet
  facet normal 0 0.874157 0.485643
    outer loop
      vertex 223.8 148 0.199999
      vertex 238.3 150 -3.4
      vertex 222.3 150 -3.4
    endloop
  endfacet
  facet normal -0.0661811 0.997808 0
    outer loop
      vertex 222.3 150 -5.8
      vertex 221.908 149.974 -3.4
      vertex 222.3 150 -3.4
    endloop
  endfacet
  facet normal -0.0661811 0.997808 0
    outer loop
      vertex 221.908 149.974 -3.4
      vertex 222.3 150 -5.8
      vertex 221.908 149.974 -5.8
    endloop
  endfacet
  facet normal 0.451843 0.675692 0.582476
    outer loop
      vertex 239.8 149.598 -3.4
      vertex 238.322 147.483 0.199999
      vertex 240.126 149.38 -3.4
    endloop
  endfacet
  facet normal 0.0555788 0.862795 0.502489
    outer loop
      vertex 238.3 150 -3.4
      vertex 236.8 148 0.199999
      vertex 237.126 147.979 0.199999
    endloop
  endfacet
  facet normal 0.874157 -0 0.485643
    outer loop
      vertex 239.3 132.5 0.199999
      vertex 241.3 147 -3.4
      vertex 239.3 145.5 0.199999
    endloop
  endfacet
  facet normal 0.874157 0 0.485643
    outer loop
      vertex 241.3 147 -3.4
      vertex 239.3 132.5 0.199999
      vertex 241.3 131 -3.4
    endloop
  endfacet
  facet normal 0.947145 0.320807 0
    outer loop
      vertex 241.198 147.776 -3.4
      vertex 241.072 148.148 -5.8
      vertex 241.072 148.148 -3.4
    endloop
  endfacet
  facet normal 0.947145 0.320807 0
    outer loop
      vertex 241.072 148.148 -5.8
      vertex 241.198 147.776 -3.4
      vertex 241.198 147.776 -5.8
    endloop
  endfacet
  facet normal -0.675564 -0.452032 0.582478
    outer loop
      vertex 221.635 131.25 0.199999
      vertex 219.702 129.5 -3.4
      vertex 221.817 130.978 0.199999
    endloop
  endfacet
  facet normal -0.862795 -0.0555788 0.502489
    outer loop
      vertex 221.3 132.5 0.199999
      vertex 219.3 131 -3.4
      vertex 221.321 132.174 0.199999
    endloop
  endfacet
  facet normal -0.862482 0.0572055 0.502844
    outer loop
      vertex 219.326 147.392 -3.4
      vertex 219.3 147 -3.4
      vertex 221.321 145.826 0.199999
    endloop
  endfacet
  facet normal -0.675692 -0.451843 0.582476
    outer loop
      vertex 221.817 130.978 0.199999
      vertex 219.702 129.5 -3.4
      vertex 219.92 129.174 -3.4
    endloop
  endfacet
  facet normal -1 0 0
    outer loop
      vertex 219.3 131 -5.8
      vertex 219.3 147 -3.4
      vertex 219.3 147 -5.8
    endloop
  endfacet
  facet normal -1 -0 0
    outer loop
      vertex 219.3 147 -3.4
      vertex 219.3 131 -5.8
      vertex 219.3 131 -3.4
    endloop
  endfacet
  facet normal 0 0 -1
    outer loop
      vertex 241.3 131 -5.8
      vertex 238.232 137.956 -5.8
      vertex 238.3 139 -5.8
    endloop
  endfacet
  facet normal 0 0 -1
    outer loop
      vertex 241.3 131 -5.8
      vertex 238.027 136.929 -5.8
      vertex 238.232 137.956 -5.8
    endloop
  endfacet
  facet normal 0 0 -1
    outer loop
      vertex 241.3 131 -5.8
      vertex 237.691 135.939 -5.8
      vertex 238.027 136.929 -5.8
    endloop
  endfacet
  facet normal 0 0 -1
    outer loop
      vertex 241.3 131 -5.8
      vertex 237.228 135 -5.8
      vertex 237.691 135.939 -5.8
    endloop
  endfacet
  facet normal 0 0 -1
    outer loop
      vertex 241.3 131 -5.8
      vertex 236.647 134.13 -5.8
      vertex 237.228 135 -5.8
    endloop
  endfacet
  facet normal 0 0 -1
    outer loop
      vertex 241.3 131 -5.8
      vertex 235.957 133.343 -5.8
      vertex 236.647 134.13 -5.8
    endloop
  endfacet
  facet normal 0 0 -1
    outer loop
      vertex 238.3 128 -5.8
      vertex 235.17 132.653 -5.8
      vertex 235.957 133.343 -5.8
    endloop
  endfacet
  facet normal 0 0 -1
    outer loop
      vertex 238.3 128 -5.8
      vertex 234.3 132.072 -5.8
      vertex 235.17 132.653 -5.8
    endloop
  endfacet
  facet normal 0 0 -1
    outer loop
      vertex 238.3 128 -5.8
      vertex 233.361 131.609 -5.8
      vertex 234.3 132.072 -5.8
    endloop
  endfacet
  facet normal 0 0 -1
    outer loop
      vertex 238.3 128 -5.8
      vertex 232.371 131.273 -5.8
      vertex 233.361 131.609 -5.8
    endloop
  endfacet
  facet normal 0 0 -1
    outer loop
      vertex 238.3 128 -5.8
      vertex 231.344 131.068 -5.8
      vertex 232.371 131.273 -5.8
    endloop
  endfacet
  facet normal 0 0 -1
    outer loop
      vertex 238.3 128 -5.8
      vertex 230.3 131 -5.8
      vertex 231.344 131.068 -5.8
    endloop
  endfacet
  facet normal 0 0 -1
    outer loop
      vertex 222.3 128 -5.8
      vertex 230.3 131 -5.8
      vertex 238.3 128 -5.8
    endloop
  endfacet
  facet normal -0 0 -1
    outer loop
      vertex 230.3 131 -5.8
      vertex 222.3 128 -5.8
      vertex 229.256 131.068 -5.8
    endloop
  endfacet
  facet normal -0 0 -1
    outer loop
      vertex 229.256 131.068 -5.8
      vertex 222.3 128 -5.8
      vertex 228.229 131.273 -5.8
    endloop
  endfacet
  facet normal 0 0 -1
    outer loop
      vertex 222.3 128 -5.8
      vertex 227.239 131.609 -5.8
      vertex 228.229 131.273 -5.8
    endloop
  endfacet
  facet normal 0 0 -1
    outer loop
      vertex 222.3 128 -5.8
      vertex 226.3 132.072 -5.8
      vertex 227.239 131.609 -5.8
    endloop
  endfacet
  facet normal 0 0 -1
    outer loop
      vertex 222.3 128 -5.8
      vertex 225.43 132.653 -5.8
      vertex 226.3 132.072 -5.8
    endloop
  endfacet
  facet normal 0 0 -1
    outer loop
      vertex 222.3 128 -5.8
      vertex 224.643 133.343 -5.8
      vertex 225.43 132.653 -5.8
    endloop
  endfacet
  facet normal 0 0 -1
    outer loop
      vertex 219.3 131 -5.8
      vertex 224.643 133.343 -5.8
      vertex 222.3 128 -5.8
    endloop
  endfacet
  facet normal -0 0 -1
    outer loop
      vertex 224.643 133.343 -5.8
      vertex 219.3 131 -5.8
      vertex 223.953 134.13 -5.8
    endloop
  endfacet
  facet normal -0 0 -1
    outer loop
      vertex 223.953 134.13 -5.8
      vertex 219.3 131 -5.8
      vertex 223.372 135 -5.8
    endloop
  endfacet
  facet normal -0 0 -1
    outer loop
      vertex 223.372 135 -5.8
      vertex 219.3 131 -5.8
      vertex 222.909 135.939 -5.8
    endloop
  endfacet
  facet normal -0 0 -1
    outer loop
      vertex 222.909 135.939 -5.8
      vertex 219.3 131 -5.8
      vertex 222.573 136.929 -5.8
    endloop
  endfacet
  facet normal -0 0 -1
    outer loop
      vertex 222.573 136.929 -5.8
      vertex 219.3 131 -5.8
      vertex 222.368 137.956 -5.8
    endloop
  endfacet
  facet normal -0 0 -1
    outer loop
      vertex 222.368 137.956 -5.8
      vertex 219.3 131 -5.8
      vertex 222.3 139 -5.8
    endloop
  endfacet
  facet normal 0 0 -1
    outer loop
      vertex 219.3 131 -5.8
      vertex 222.3 128 -5.8
      vertex 221.908 128.026 -5.8
    endloop
  endfacet
  facet normal 0 0 -1
    outer loop
      vertex 219.3 147 -5.8
      vertex 222.3 139 -5.8
      vertex 219.3 131 -5.8
    endloop
  endfacet
  facet normal 0 0 -1
    outer loop
      vertex 219.3 131 -5.8
      vertex 221.908 128.026 -5.8
      vertex 221.524 128.102 -5.8
    endloop
  endfacet
  facet normal 0 0 -1
    outer loop
      vertex 222.3 139 -5.8
      vertex 219.3 147 -5.8
      vertex 222.3 150 -5.8
    endloop
  endfacet
  facet normal 0 0 -1
    outer loop
      vertex 219.3 131 -5.8
      vertex 221.524 128.102 -5.8
      vertex 221.152 128.228 -5.8
    endloop
  endfacet
  facet normal 0 0 -1
    outer loop
      vertex 222.3 150 -5.8
      vertex 219.3 147 -5.8
      vertex 221.908 149.974 -5.8
    endloop
  endfacet
  facet normal 0 0 -1
    outer loop
      vertex 219.3 131 -5.8
      vertex 221.152 128.228 -5.8
      vertex 220.8 128.402 -5.8
    endloop
  endfacet
  facet normal 0 0 -1
    outer loop
      vertex 221.908 149.974 -5.8
      vertex 219.3 147 -5.8
      vertex 221.524 149.898 -5.8
    endloop
  endfacet
  facet normal 0 0 -1
    outer loop
      vertex 219.3 131 -5.8
      vertex 220.8 128.402 -5.8
      vertex 220.474 128.62 -5.8
    endloop
  endfacet
  facet normal 0 0 -1
    outer loop
      vertex 221.524 149.898 -5.8
      vertex 219.3 147 -5.8
      vertex 221.152 149.772 -5.8
    endloop
  endfacet
  facet normal 0 0 -1
    outer loop
      vertex 219.3 131 -5.8
      vertex 220.474 128.62 -5.8
      vertex 220.179 128.879 -5.8
    endloop
  endfacet
  facet normal 0 0 -1
    outer loop
      vertex 221.152 149.772 -5.8
      vertex 219.3 147 -5.8
      vertex 220.8 149.598 -5.8
    endloop
  endfacet
  facet normal 0 0 -1
    outer loop
      vertex 219.3 131 -5.8
      vertex 220.179 128.879 -5.8
      vertex 219.92 129.174 -5.8
    endloop
  endfacet
  facet normal 0 0 -1
    outer loop
      vertex 220.8 149.598 -5.8
      vertex 219.3 147 -5.8
      vertex 220.474 149.38 -5.8
    endloop
  endfacet
  facet normal 0 0 -1
    outer loop
      vertex 219.3 131 -5.8
      vertex 219.92 129.174 -5.8
      vertex 219.702 129.5 -5.8
    endloop
  endfacet
  facet normal 0 0 -1
    outer loop
      vertex 220.474 149.38 -5.8
      vertex 219.3 147 -5.8
      vertex 220.179 149.121 -5.8
    endloop
  endfacet
  facet normal 0 0 -1
    outer loop
      vertex 219.3 131 -5.8
      vertex 219.702 129.5 -5.8
      vertex 219.528 129.852 -5.8
    endloop
  endfacet
  facet normal 0 0 -1
    outer loop
      vertex 220.179 149.121 -5.8
      vertex 219.3 147 -5.8
      vertex 219.92 148.826 -5.8
    endloop
  endfacet
  facet normal 0 0 -1
    outer loop
      vertex 219.3 131 -5.8
      vertex 219.528 129.852 -5.8
      vertex 219.402 130.224 -5.8
    endloop
  endfacet
  facet normal 0 0 -1
    outer loop
      vertex 219.92 148.826 -5.8
      vertex 219.3 147 -5.8
      vertex 219.702 148.5 -5.8
    endloop
  endfacet
  facet normal 0 0 -1
    outer loop
      vertex 219.3 131 -5.8
      vertex 219.402 130.224 -5.8
      vertex 219.326 130.608 -5.8
    endloop
  endfacet
  facet normal 0 0 -1
    outer loop
      vertex 219.702 148.5 -5.8
      vertex 219.3 147 -5.8
      vertex 219.528 148.148 -5.8
    endloop
  endfacet
  facet normal 0 0 -1
    outer loop
      vertex 219.528 148.148 -5.8
      vertex 219.3 147 -5.8
      vertex 219.402 147.776 -5.8
    endloop
  endfacet
  facet normal 0 0 -1
    outer loop
      vertex 219.402 147.776 -5.8
      vertex 219.3 147 -5.8
      vertex 219.326 147.392 -5.8
    endloop
  endfacet
  facet normal 0 0 -1
    outer loop
      vertex 238.3 128 -5.8
      vertex 241.3 131 -5.8
      vertex 241.274 130.608 -5.8
    endloop
  endfacet
  facet normal 0 0 -1
    outer loop
      vertex 241.3 131 -5.8
      vertex 238.3 139 -5.8
      vertex 241.3 147 -5.8
    endloop
  endfacet
  facet normal 0 0 -1
    outer loop
      vertex 238.3 128 -5.8
      vertex 241.274 130.608 -5.8
      vertex 241.198 130.224 -5.8
    endloop
  endfacet
  facet normal 0 0 -1
    outer loop
      vertex 238.232 140.044 -5.8
      vertex 241.3 147 -5.8
      vertex 238.3 139 -5.8
    endloop
  endfacet
  facet normal 0 0 -1
    outer loop
      vertex 238.3 128 -5.8
      vertex 241.198 130.224 -5.8
      vertex 241.072 129.852 -5.8
    endloop
  endfacet
  facet normal 0 0 -1
    outer loop
      vertex 238.027 141.071 -5.8
      vertex 241.3 147 -5.8
      vertex 238.232 140.044 -5.8
    endloop
  endfacet
  facet normal 0 0 -1
    outer loop
      vertex 238.3 128 -5.8
      vertex 241.072 129.852 -5.8
      vertex 240.898 129.5 -5.8
    endloop
  endfacet
  facet normal 0 0 -1
    outer loop
      vertex 237.691 142.061 -5.8
      vertex 241.3 147 -5.8
      vertex 238.027 141.071 -5.8
    endloop
  endfacet
  facet normal 0 0 -1
    outer loop
      vertex 238.3 128 -5.8
      vertex 240.898 129.5 -5.8
      vertex 240.68 129.174 -5.8
    endloop
  endfacet
  facet normal 0 0 -1
    outer loop
      vertex 237.228 143 -5.8
      vertex 241.3 147 -5.8
      vertex 237.691 142.061 -5.8
    endloop
  endfacet
  facet normal 0 0 -1
    outer loop
      vertex 238.3 128 -5.8
      vertex 240.68 129.174 -5.8
      vertex 240.421 128.879 -5.8
    endloop
  endfacet
  facet normal 0 0 -1
    outer loop
      vertex 236.647 143.87 -5.8
      vertex 241.3 147 -5.8
      vertex 237.228 143 -5.8
    endloop
  endfacet
  facet normal 0 0 -1
    outer loop
      vertex 238.3 128 -5.8
      vertex 240.421 128.879 -5.8
      vertex 240.126 128.62 -5.8
    endloop
  endfacet
  facet normal 0 0 -1
    outer loop
      vertex 235.957 144.657 -5.8
      vertex 241.3 147 -5.8
      vertex 236.647 143.87 -5.8
    endloop
  endfacet
  facet normal 0 0 -1
    outer loop
      vertex 238.3 128 -5.8
      vertex 240.126 128.62 -5.8
      vertex 239.8 128.402 -5.8
    endloop
  endfacet
  facet normal -0 0 -1
    outer loop
      vertex 241.3 147 -5.8
      vertex 235.957 144.657 -5.8
      vertex 241.274 147.392 -5.8
    endloop
  endfacet
  facet normal 0 0 -1
    outer loop
      vertex 238.3 128 -5.8
      vertex 239.8 128.402 -5.8
      vertex 239.448 128.228 -5.8
    endloop
  endfacet
  facet normal -0 0 -1
    outer loop
      vertex 241.274 147.392 -5.8
      vertex 235.957 144.657 -5.8
      vertex 241.198 147.776 -5.8
    endloop
  endfacet
  facet normal 0 0 -1
    outer loop
      vertex 238.3 128 -5.8
      vertex 239.448 128.228 -5.8
      vertex 239.076 128.102 -5.8
    endloop
  endfacet
  facet normal -0 0 -1
    outer loop
      vertex 241.198 147.776 -5.8
      vertex 235.957 144.657 -5.8
      vertex 241.072 148.148 -5.8
    endloop
  endfacet
  facet normal 0 0 -1
    outer loop
      vertex 238.3 128 -5.8
      vertex 239.076 128.102 -5.8
      vertex 238.692 128.026 -5.8
    endloop
  endfacet
  facet normal -0 0 -1
    outer loop
      vertex 241.072 148.148 -5.8
      vertex 235.957 144.657 -5.8
      vertex 240.898 148.5 -5.8
    endloop
  endfacet
  facet normal 0 0 -1
    outer loop
      vertex 235.957 133.343 -5.8
      vertex 241.3 131 -5.8
      vertex 238.3 128 -5.8
    endloop
  endfacet
  facet normal -0 0 -1
    outer loop
      vertex 240.898 148.5 -5.8
      vertex 235.957 144.657 -5.8
      vertex 240.68 148.826 -5.8
    endloop
  endfacet
  facet normal -0 0 -1
    outer loop
      vertex 240.68 148.826 -5.8
      vertex 235.957 144.657 -5.8
      vertex 240.421 149.121 -5.8
    endloop
  endfacet
  facet normal -0 0 -1
    outer loop
      vertex 240.421 149.121 -5.8
      vertex 235.957 144.657 -5.8
      vertex 240.126 149.38 -5.8
    endloop
  endfacet
  facet normal -0 0 -1
    outer loop
      vertex 240.126 149.38 -5.8
      vertex 235.957 144.657 -5.8
      vertex 239.8 149.598 -5.8
    endloop
  endfacet
  facet normal -0 0 -1
    outer loop
      vertex 239.8 149.598 -5.8
      vertex 235.957 144.657 -5.8
      vertex 239.448 149.772 -5.8
    endloop
  endfacet
  facet normal -0 0 -1
    outer loop
      vertex 239.448 149.772 -5.8
      vertex 235.957 144.657 -5.8
      vertex 239.076 149.898 -5.8
    endloop
  endfacet
  facet normal -0 0 -1
    outer loop
      vertex 239.076 149.898 -5.8
      vertex 235.957 144.657 -5.8
      vertex 238.692 149.974 -5.8
    endloop
  endfacet
  facet normal -0 0 -1
    outer loop
      vertex 238.692 149.974 -5.8
      vertex 235.957 144.657 -5.8
      vertex 238.3 150 -5.8
    endloop
  endfacet
  facet normal 0 0 -1
    outer loop
      vertex 235.17 145.347 -5.8
      vertex 238.3 150 -5.8
      vertex 235.957 144.657 -5.8
    endloop
  endfacet
  facet normal 0 0 -1
    outer loop
      vertex 234.3 145.928 -5.8
      vertex 238.3 150 -5.8
      vertex 235.17 145.347 -5.8
    endloop
  endfacet
  facet normal 0 0 -1
    outer loop
      vertex 233.361 146.391 -5.8
      vertex 238.3 150 -5.8
      vertex 234.3 145.928 -5.8
    endloop
  endfacet
  facet normal 0 0 -1
    outer loop
      vertex 232.371 146.727 -5.8
      vertex 238.3 150 -5.8
      vertex 233.361 146.391 -5.8
    endloop
  endfacet
  facet normal 0 0 -1
    outer loop
      vertex 231.344 146.932 -5.8
      vertex 238.3 150 -5.8
      vertex 232.371 146.727 -5.8
    endloop
  endfacet
  facet normal 0 0 -1
    outer loop
      vertex 230.3 147 -5.8
      vertex 238.3 150 -5.8
      vertex 231.344 146.932 -5.8
    endloop
  endfacet
  facet normal 0 0 -1
    outer loop
      vertex 222.3 150 -5.8
      vertex 230.3 147 -5.8
      vertex 229.256 146.932 -5.8
    endloop
  endfacet
  facet normal 0 0 -1
    outer loop
      vertex 222.3 150 -5.8
      vertex 229.256 146.932 -5.8
      vertex 228.229 146.727 -5.8
    endloop
  endfacet
  facet normal 0 0 -1
    outer loop
      vertex 230.3 147 -5.8
      vertex 222.3 150 -5.8
      vertex 238.3 150 -5.8
    endloop
  endfacet
  facet normal 0 0 -1
    outer loop
      vertex 227.239 146.391 -5.8
      vertex 222.3 150 -5.8
      vertex 228.229 146.727 -5.8
    endloop
  endfacet
  facet normal 0 0 -1
    outer loop
      vertex 226.3 145.928 -5.8
      vertex 222.3 150 -5.8
      vertex 227.239 146.391 -5.8
    endloop
  endfacet
  facet normal 0 0 -1
    outer loop
      vertex 225.43 145.347 -5.8
      vertex 222.3 150 -5.8
      vertex 226.3 145.928 -5.8
    endloop
  endfacet
  facet normal 0 0 -1
    outer loop
      vertex 224.643 144.657 -5.8
      vertex 222.3 150 -5.8
      vertex 225.43 145.347 -5.8
    endloop
  endfacet
  facet normal 0 0 -1
    outer loop
      vertex 223.953 143.87 -5.8
      vertex 222.3 150 -5.8
      vertex 224.643 144.657 -5.8
    endloop
  endfacet
  facet normal 0 0 -1
    outer loop
      vertex 223.372 143 -5.8
      vertex 222.3 150 -5.8
      vertex 223.953 143.87 -5.8
    endloop
  endfacet
  facet normal 0 0 -1
    outer loop
      vertex 222.909 142.061 -5.8
      vertex 222.3 150 -5.8
      vertex 223.372 143 -5.8
    endloop
  endfacet
  facet normal 0 0 -1
    outer loop
      vertex 222.573 141.071 -5.8
      vertex 222.3 150 -5.8
      vertex 222.909 142.061 -5.8
    endloop
  endfacet
  facet normal 0 0 -1
    outer loop
      vertex 222.368 140.044 -5.8
      vertex 222.3 150 -5.8
      vertex 222.573 141.071 -5.8
    endloop
  endfacet
  facet normal 0 0 -1
    outer loop
      vertex 222.3 150 -5.8
      vertex 222.368 140.044 -5.8
      vertex 222.3 139 -5.8
    endloop
  endfacet
  facet normal 0.997808 -0.0661811 0
    outer loop
      vertex 241.274 130.608 -3.4
      vertex 241.3 131 -5.8
      vertex 241.3 131 -3.4
    endloop
  endfacet
  facet normal 0.997808 -0.0661811 0
    outer loop
      vertex 241.3 131 -5.8
      vertex 241.274 130.608 -3.4
      vertex 241.274 130.608 -5.8
    endloop
  endfacet
  facet normal -0.0572055 0.862482 0.502844
    outer loop
      vertex 222.3 150 -3.4
      vertex 221.908 149.974 -3.4
      vertex 223.474 147.979 0.199999
    endloop
  endfacet
  facet normal 0.0661811 0.997808 -0
    outer loop
      vertex 238.692 149.974 -5.8
      vertex 238.3 150 -3.4
      vertex 238.692 149.974 -3.4
    endloop
  endfacet
  facet normal 0.0661811 0.997808 0
    outer loop
      vertex 238.3 150 -3.4
      vertex 238.692 149.974 -5.8
      vertex 238.3 150 -5.8
    endloop
  endfacet
  facet normal -0.830711 0.164412 0.531872
    outer loop
      vertex 219.402 147.776 -3.4
      vertex 219.326 147.392 -3.4
      vertex 221.321 145.826 0.199999
    endloop
  endfacet
  facet normal -0.675692 0.451843 0.582476
    outer loop
      vertex 219.92 148.826 -3.4
      vertex 219.702 148.5 -3.4
      vertex 221.817 147.022 0.199999
    endloop
  endfacet
  facet normal 0.363589 0.735537 0.571654
    outer loop
      vertex 239.448 149.772 -3.4
      vertex 237.757 147.81 0.199999
      vertex 239.8 149.598 -3.4
    endloop
  endfacet
  facet normal 0.659766 0.751471 -0
    outer loop
      vertex 240.421 149.121 -5.8
      vertex 240.126 149.38 -3.4
      vertex 240.421 149.121 -3.4
    endloop
  endfacet
  facet normal 0.659766 0.751471 0
    outer loop
      vertex 240.126 149.38 -3.4
      vertex 240.421 149.121 -5.8
      vertex 240.126 149.38 -5.8
    endloop
  endfacet
  facet normal 0.862482 0.0572055 0.502844
    outer loop
      vertex 241.274 147.392 -3.4
      vertex 239.279 145.826 0.199999
      vertex 241.3 147 -3.4
    endloop
  endfacet
  facet normal 0.830711 0.164412 0.531872
    outer loop
      vertex 241.198 147.776 -3.4
      vertex 239.279 145.826 0.199999
      vertex 241.274 147.392 -3.4
    endloop
  endfacet
  facet normal 0.831265 0.555877 0
    outer loop
      vertex 240.898 148.5 -3.4
      vertex 240.68 148.826 -5.8
      vertex 240.68 148.826 -3.4
    endloop
  endfacet
  facet normal 0.831265 0.555877 0
    outer loop
      vertex 240.68 148.826 -5.8
      vertex 240.898 148.5 -3.4
      vertex 240.898 148.5 -5.8
    endloop
  endfacet
  facet normal -0.443134 -0.896455 0
    outer loop
      vertex 220.8 128.402 -5.8
      vertex 221.152 128.228 -3.4
      vertex 220.8 128.402 -3.4
    endloop
  endfacet
  facet normal -0.443134 -0.896455 -0
    outer loop
      vertex 221.152 128.228 -3.4
      vertex 220.8 128.402 -5.8
      vertex 221.152 128.228 -5.8
    endloop
  endfacet
  facet normal -0.0572055 -0.862482 0.502844
    outer loop
      vertex 223.474 130.021 0.199999
      vertex 221.908 128.026 -3.4
      vertex 222.3 128 -3.4
    endloop
  endfacet
  facet normal -0.659766 -0.751471 0
    outer loop
      vertex 220.179 128.879 -5.8
      vertex 220.474 128.62 -3.4
      vertex 220.179 128.879 -3.4
    endloop
  endfacet
  facet normal -0.659766 -0.751471 -0
    outer loop
      vertex 220.474 128.62 -3.4
      vertex 220.179 128.879 -5.8
      vertex 220.474 128.62 -5.8
    endloop
  endfacet
  facet normal -0.862795 0.0555788 0.502489
    outer loop
      vertex 221.321 145.826 0.199999
      vertex 219.3 147 -3.4
      vertex 221.3 145.5 0.199999
    endloop
  endfacet
  facet normal -0.874157 0 0.485643
    outer loop
      vertex 219.3 147 -3.4
      vertex 221.3 132.5 0.199999
      vertex 221.3 145.5 0.199999
    endloop
  endfacet
  facet normal -0.874157 0 0.485643
    outer loop
      vertex 221.3 132.5 0.199999
      vertex 219.3 147 -3.4
      vertex 219.3 131 -3.4
    endloop
  endfacet
  facet normal -0.787993 -0.266901 0.554825
    outer loop
      vertex 221.385 131.853 0.199999
      vertex 219.402 130.224 -3.4
      vertex 219.528 129.852 -3.4
    endloop
  endfacet
  facet normal 0 -1 0
    outer loop
      vertex 222.3 128 -5.8
      vertex 238.3 128 -3.4
      vertex 222.3 128 -3.4
    endloop
  endfacet
  facet normal 0 -1 -0
    outer loop
      vertex 238.3 128 -3.4
      vertex 222.3 128 -5.8
      vertex 238.3 128 -5.8
    endloop
  endfacet
  facet normal 0.555877 -0.831265 0
    outer loop
      vertex 239.8 128.402 -5.8
      vertex 240.126 128.62 -3.4
      vertex 239.8 128.402 -3.4
    endloop
  endfacet
  facet normal 0.555877 -0.831265 0
    outer loop
      vertex 240.126 128.62 -3.4
      vertex 239.8 128.402 -5.8
      vertex 240.126 128.62 -5.8
    endloop
  endfacet
  facet normal 0.533799 -0.607995 0.587707
    outer loop
      vertex 240.421 128.879 -3.4
      vertex 238.568 130.732 0.199999
      vertex 240.126 128.62 -3.4
    endloop
  endfacet
  facet normal -0.320807 0.947145 0
    outer loop
      vertex 221.524 149.898 -5.8
      vertex 221.152 149.772 -3.4
      vertex 221.524 149.898 -3.4
    endloop
  endfacet
  facet normal -0.320807 0.947145 0
    outer loop
      vertex 221.152 149.772 -3.4
      vertex 221.524 149.898 -5.8
      vertex 221.152 149.772 -5.8
    endloop
  endfacet
  facet normal 0 1 -0
    outer loop
      vertex 238.3 150 -5.8
      vertex 222.3 150 -3.4
      vertex 238.3 150 -3.4
    endloop
  endfacet
  facet normal 0 1 0
    outer loop
      vertex 222.3 150 -3.4
      vertex 238.3 150 -5.8
      vertex 222.3 150 -5.8
    endloop
  endfacet
  facet normal -0.194151 0.980972 0
    outer loop
      vertex 221.908 149.974 -5.8
      vertex 221.524 149.898 -3.4
      vertex 221.908 149.974 -3.4
    endloop
  endfacet
  facet normal -0.194151 0.980972 0
    outer loop
      vertex 221.524 149.898 -3.4
      vertex 221.908 149.974 -5.8
      vertex 221.524 149.898 -5.8
    endloop
  endfacet
  facet normal -0.443134 0.896455 0
    outer loop
      vertex 221.152 149.772 -5.8
      vertex 220.8 149.598 -3.4
      vertex 221.152 149.772 -3.4
    endloop
  endfacet
  facet normal -0.443134 0.896455 0
    outer loop
      vertex 220.8 149.598 -3.4
      vertex 221.152 149.772 -5.8
      vertex 220.8 149.598 -5.8
    endloop
  endfacet
  facet normal -0.980972 0.194151 0
    outer loop
      vertex 219.326 147.392 -5.8
      vertex 219.402 147.776 -3.4
      vertex 219.402 147.776 -5.8
    endloop
  endfacet
  facet normal -0.980972 0.194151 0
    outer loop
      vertex 219.402 147.776 -3.4
      vertex 219.326 147.392 -5.8
      vertex 219.326 147.392 -3.4
    endloop
  endfacet
  facet normal -0.735328 0.363899 0.571726
    outer loop
      vertex 221.635 146.75 0.199999
      vertex 219.702 148.5 -3.4
      vertex 221.49 146.457 0.199999
    endloop
  endfacet
  facet normal -0.751471 0.659766 0
    outer loop
      vertex 219.92 148.826 -5.8
      vertex 220.179 149.121 -3.4
      vertex 220.179 149.121 -5.8
    endloop
  endfacet
  facet normal -0.751471 0.659766 0
    outer loop
      vertex 220.179 149.121 -3.4
      vertex 219.92 148.826 -5.8
      vertex 219.92 148.826 -3.4
    endloop
  endfacet
  facet normal -0.659766 0.751471 0
    outer loop
      vertex 220.474 149.38 -5.8
      vertex 220.179 149.121 -3.4
      vertex 220.474 149.38 -3.4
    endloop
  endfacet
  facet normal -0.659766 0.751471 0
    outer loop
      vertex 220.179 149.121 -3.4
      vertex 220.474 149.38 -5.8
      vertex 220.179 149.121 -5.8
    endloop
  endfacet
  facet normal -0.532393 0.609157 0.58778
    outer loop
      vertex 222.278 147.483 0.199999
      vertex 220.474 149.38 -3.4
      vertex 222.032 147.268 0.199999
    endloop
  endfacet
  facet normal -0.533799 0.607995 0.587707
    outer loop
      vertex 220.474 149.38 -3.4
      vertex 220.179 149.121 -3.4
      vertex 222.032 147.268 0.199999
    endloop
  endfacet
  facet normal 0.532393 0.609157 0.58778
    outer loop
      vertex 240.126 149.38 -3.4
      vertex 238.322 147.483 0.199999
      vertex 238.568 147.268 0.199999
    endloop
  endfacet
  facet normal 0.533799 0.607995 0.587707
    outer loop
      vertex 240.126 149.38 -3.4
      vertex 238.568 147.268 0.199999
      vertex 240.421 149.121 -3.4
    endloop
  endfacet
  facet normal 0.555877 0.831265 -0
    outer loop
      vertex 240.126 149.38 -5.8
      vertex 239.8 149.598 -3.4
      vertex 240.126 149.38 -3.4
    endloop
  endfacet
  facet normal 0.555877 0.831265 0
    outer loop
      vertex 239.8 149.598 -3.4
      vertex 240.126 149.38 -5.8
      vertex 239.8 149.598 -5.8
    endloop
  endfacet
  facet normal 0.266901 0.787993 0.554825
    outer loop
      vertex 239.448 149.772 -3.4
      vertex 237.447 147.915 0.199999
      vertex 237.757 147.81 0.199999
    endloop
  endfacet
  facet normal 0.164412 0.830711 0.531872
    outer loop
      vertex 238.692 149.974 -3.4
      vertex 237.126 147.979 0.199999
      vertex 239.076 149.898 -3.4
    endloop
  endfacet
  facet normal 0.751471 0.659766 0
    outer loop
      vertex 240.68 148.826 -3.4
      vertex 240.421 149.121 -5.8
      vertex 240.421 149.121 -3.4
    endloop
  endfacet
  facet normal 0.751471 0.659766 0
    outer loop
      vertex 240.421 149.121 -5.8
      vertex 240.68 148.826 -3.4
      vertex 240.68 148.826 -5.8
    endloop
  endfacet
  facet normal 0.675692 0.451843 0.582476
    outer loop
      vertex 240.68 148.826 -3.4
      vertex 238.783 147.022 0.199999
      vertex 240.898 148.5 -3.4
    endloop
  endfacet
  facet normal 0.980972 0.194151 0
    outer loop
      vertex 241.274 147.392 -3.4
      vertex 241.198 147.776 -5.8
      vertex 241.198 147.776 -3.4
    endloop
  endfacet
  facet normal 0.980972 0.194151 0
    outer loop
      vertex 241.198 147.776 -5.8
      vertex 241.274 147.392 -3.4
      vertex 241.274 147.392 -5.8
    endloop
  endfacet
  facet normal 0.787993 0.266901 0.554825
    outer loop
      vertex 241.072 148.148 -3.4
      vertex 239.11 146.457 0.199999
      vertex 239.215 146.147 0.199999
    endloop
  endfacet
  facet normal 0.997808 0.0661811 0
    outer loop
      vertex 241.3 147 -3.4
      vertex 241.274 147.392 -5.8
      vertex 241.274 147.392 -3.4
    endloop
  endfacet
  facet normal 0.997808 0.0661811 0
    outer loop
      vertex 241.274 147.392 -5.8
      vertex 241.3 147 -3.4
      vertex 241.3 147 -5.8
    endloop
  endfacet
  facet normal 0.862795 0.0555788 0.502489
    outer loop
      vertex 241.3 147 -3.4
      vertex 239.279 145.826 0.199999
      vertex 239.3 145.5 0.199999
    endloop
  endfacet
  facet normal -0.363589 -0.735537 0.571654
    outer loop
      vertex 222.843 130.19 0.199999
      vertex 220.8 128.402 -3.4
      vertex 221.152 128.228 -3.4
    endloop
  endfacet
  facet normal -0.533799 -0.607995 0.587707
    outer loop
      vertex 222.032 130.732 0.199999
      vertex 220.179 128.879 -3.4
      vertex 220.474 128.62 -3.4
    endloop
  endfacet
  facet normal -0.194151 -0.980972 0
    outer loop
      vertex 221.524 128.102 -5.8
      vertex 221.908 128.026 -3.4
      vertex 221.524 128.102 -3.4
    endloop
  endfacet
  facet normal -0.194151 -0.980972 -0
    outer loop
      vertex 221.908 128.026 -3.4
      vertex 221.524 128.102 -5.8
      vertex 221.908 128.026 -5.8
    endloop
  endfacet
  facet normal -0.0661811 -0.997808 0
    outer loop
      vertex 221.908 128.026 -5.8
      vertex 222.3 128 -3.4
      vertex 221.908 128.026 -3.4
    endloop
  endfacet
  facet normal -0.0661811 -0.997808 -0
    outer loop
      vertex 222.3 128 -3.4
      vertex 221.908 128.026 -5.8
      vertex 222.3 128 -5.8
    endloop
  endfacet
  facet normal 0 0 1
    outer loop
      vertex 232.892 138.902 0.199999
      vertex 230.786 137.019 0.199999
      vertex 230.788 137 0.199999
    endloop
  endfacet
  facet normal 0 0 1
    outer loop
      vertex 231.09 139.79 0.199999
      vertex 230.766 137.325 0.199999
      vertex 230.786 137.019 0.199999
    endloop
  endfacet
  facet normal 0 0 1
    outer loop
      vertex 231.09 139.79 0.199999
      vertex 230.763 137.343 0.199999
      vertex 230.766 137.325 0.199999
    endloop
  endfacet
  facet normal 0 0 1
    outer loop
      vertex 231.09 139.79 0.199999
      vertex 230.703 137.644 0.199999
      vertex 230.763 137.343 0.199999
    endloop
  endfacet
  facet normal 0 0 1
    outer loop
      vertex 231.09 139.79 0.199999
      vertex 230.697 137.662 0.199999
      vertex 230.703 137.644 0.199999
    endloop
  endfacet
  facet normal 0 0 1
    outer loop
      vertex 231.09 139.79 0.199999
      vertex 230.598 137.952 0.199999
      vertex 230.697 137.662 0.199999
    endloop
  endfacet
  facet normal 0 0 1
    outer loop
      vertex 229.559 139.144 0.199999
      vertex 230.821 140.098 0.199999
      vertex 230.594 140.438 0.199999
    endloop
  endfacet
  facet normal 0 0 1
    outer loop
      vertex 231.09 139.79 0.199999
      vertex 230.463 138.227 0.199999
      vertex 230.598 137.952 0.199999
    endloop
  endfacet
  facet normal 0 0 1
    outer loop
      vertex 231.09 139.79 0.199999
      vertex 230.454 138.244 0.199999
      vertex 230.463 138.227 0.199999
    endloop
  endfacet
  facet normal 0 0 1
    outer loop
      vertex 231.09 139.79 0.199999
      vertex 230.444 138.259 0.199999
      vertex 230.454 138.244 0.199999
    endloop
  endfacet
  facet normal 0 0 1
    outer loop
      vertex 229.252 139.298 0.199999
      vertex 230.594 140.438 0.199999
      vertex 230.413 140.804 0.199999
    endloop
  endfacet
  facet normal 0 0 1
    outer loop
      vertex 228.944 139.403 0.199999
      vertex 230.413 140.804 0.199999
      vertex 230.281 141.191 0.199999
    endloop
  endfacet
  facet normal 0 0 1
    outer loop
      vertex 231.09 139.79 0.199999
      vertex 230.273 138.514 0.199999
      vertex 230.444 138.259 0.199999
    endloop
  endfacet
  facet normal 0 0 1
    outer loop
      vertex 228.625 139.466 0.199999
      vertex 230.281 141.191 0.199999
      vertex 230.202 141.592 0.199999
    endloop
  endfacet
  facet normal 0 0 1
    outer loop
      vertex 228.281 139.486 0.199999
      vertex 230.202 141.592 0.199999
      vertex 230.175 142 0.199999
    endloop
  endfacet
  facet normal 0 0 1
    outer loop
      vertex 231.09 139.79 0.199999
      vertex 230.071 138.745 0.199999
      vertex 230.273 138.514 0.199999
    endloop
  endfacet
  facet normal 0 0 1
    outer loop
      vertex 235.51 144.21 0.199999
      vertex 239.3 145.5 0.199999
      vertex 239.279 145.826 0.199999
    endloop
  endfacet
  facet normal 0 0 1
    outer loop
      vertex 239.3 145.5 0.199999
      vertex 236.319 141.191 0.199999
      vertex 239.3 132.5 0.199999
    endloop
  endfacet
  facet normal 0 0 1
    outer loop
      vertex 235.51 144.21 0.199999
      vertex 239.279 145.826 0.199999
      vertex 239.215 146.147 0.199999
    endloop
  endfacet
  facet normal -0 0 1
    outer loop
      vertex 236.187 140.804 0.199999
      vertex 239.3 132.5 0.199999
      vertex 236.319 141.191 0.199999
    endloop
  endfacet
  facet normal 0 0 1
    outer loop
      vertex 235.51 144.21 0.199999
      vertex 239.215 146.147 0.199999
      vertex 239.11 146.457 0.199999
    endloop
  endfacet
  facet normal -0 0 1
    outer loop
      vertex 236.006 140.438 0.199999
      vertex 239.3 132.5 0.199999
      vertex 236.187 140.804 0.199999
    endloop
  endfacet
  facet normal 0 0 1
    outer loop
      vertex 235.51 144.21 0.199999
      vertex 239.11 146.457 0.199999
      vertex 238.965 146.75 0.199999
    endloop
  endfacet
  facet normal 0 0 1
    outer loop
      vertex 239.3 145.5 0.199999
      vertex 236.398 141.592 0.199999
      vertex 236.319 141.191 0.199999
    endloop
  endfacet
  facet normal 0 0 1
    outer loop
      vertex 235.51 144.21 0.199999
      vertex 238.965 146.75 0.199999
      vertex 238.783 147.022 0.199999
    endloop
  endfacet
  facet normal -0 0 1
    outer loop
      vertex 235.779 140.098 0.199999
      vertex 239.3 132.5 0.199999
      vertex 236.006 140.438 0.199999
    endloop
  endfacet
  facet normal 0 0 1
    outer loop
      vertex 235.51 144.21 0.199999
      vertex 238.783 147.022 0.199999
      vertex 238.568 147.268 0.199999
    endloop
  endfacet
  facet normal -0 0 1
    outer loop
      vertex 235.51 139.79 0.199999
      vertex 239.3 132.5 0.199999
      vertex 235.779 140.098 0.199999
    endloop
  endfacet
  facet normal 0 0 1
    outer loop
      vertex 235.51 144.21 0.199999
      vertex 238.568 147.268 0.199999
      vertex 238.322 147.483 0.199999
    endloop
  endfacet
  facet normal -0 0 1
    outer loop
      vertex 235.202 139.521 0.199999
      vertex 239.3 132.5 0.199999
      vertex 235.51 139.79 0.199999
    endloop
  endfacet
  facet normal 0 0 1
    outer loop
      vertex 235.51 144.21 0.199999
      vertex 238.322 147.483 0.199999
      vertex 238.05 147.665 0.199999
    endloop
  endfacet
  facet normal -0 0 1
    outer loop
      vertex 234.863 139.294 0.199999
      vertex 239.3 132.5 0.199999
      vertex 235.202 139.521 0.199999
    endloop
  endfacet
  facet normal 0 0 1
    outer loop
      vertex 235.51 144.21 0.199999
      vertex 238.05 147.665 0.199999
      vertex 237.757 147.81 0.199999
    endloop
  endfacet
  facet normal -0 0 1
    outer loop
      vertex 234.496 139.113 0.199999
      vertex 239.3 132.5 0.199999
      vertex 234.863 139.294 0.199999
    endloop
  endfacet
  facet normal 0 0 1
    outer loop
      vertex 235.51 144.21 0.199999
      vertex 237.757 147.81 0.199999
      vertex 237.447 147.915 0.199999
    endloop
  endfacet
  facet normal -0 0 1
    outer loop
      vertex 234.109 138.981 0.199999
      vertex 239.3 132.5 0.199999
      vertex 234.496 139.113 0.199999
    endloop
  endfacet
  facet normal 0 0 1
    outer loop
      vertex 235.51 144.21 0.199999
      vertex 237.447 147.915 0.199999
      vertex 237.126 147.979 0.199999
    endloop
  endfacet
  facet normal 0 0 1
    outer loop
      vertex 239.3 145.5 0.199999
      vertex 236.425 142 0.199999
      vertex 236.398 141.592 0.199999
    endloop
  endfacet
  facet normal 0 0 1
    outer loop
      vertex 235.51 144.21 0.199999
      vertex 237.126 147.979 0.199999
      vertex 236.8 148 0.199999
    endloop
  endfacet
  facet normal 0 -0 1
    outer loop
      vertex 236.8 130 0.199999
      vertex 239.3 132.5 0.199999
      vertex 234.109 138.981 0.199999
    endloop
  endfacet
  facet normal 0 0 1
    outer loop
      vertex 239.3 132.5 0.199999
      vertex 236.8 130 0.199999
      vertex 239.279 132.174 0.199999
    endloop
  endfacet
  facet normal 0 0 1
    outer loop
      vertex 239.3 145.5 0.199999
      vertex 236.398 142.408 0.199999
      vertex 236.425 142 0.199999
    endloop
  endfacet
  facet normal 0 0 1
    outer loop
      vertex 239.3 145.5 0.199999
      vertex 236.319 142.809 0.199999
      vertex 236.398 142.408 0.199999
    endloop
  endfacet
  facet normal 0 0 1
    outer loop
      vertex 239.3 145.5 0.199999
      vertex 236.187 143.196 0.199999
      vertex 236.319 142.809 0.199999
    endloop
  endfacet
  facet normal 0 0 1
    outer loop
      vertex 239.3 145.5 0.199999
      vertex 236.006 143.562 0.199999
      vertex 236.187 143.196 0.199999
    endloop
  endfacet
  facet normal 0 0 1
    outer loop
      vertex 239.3 145.5 0.199999
      vertex 235.779 143.902 0.199999
      vertex 236.006 143.562 0.199999
    endloop
  endfacet
  facet normal 0 0 1
    outer loop
      vertex 239.3 145.5 0.199999
      vertex 235.51 144.21 0.199999
      vertex 235.779 143.902 0.199999
    endloop
  endfacet
  facet normal 0 0 1
    outer loop
      vertex 236.8 148 0.199999
      vertex 235.202 144.479 0.199999
      vertex 235.51 144.21 0.199999
    endloop
  endfacet
  facet normal 0 0 1
    outer loop
      vertex 236.8 148 0.199999
      vertex 234.863 144.706 0.199999
      vertex 235.202 144.479 0.199999
    endloop
  endfacet
  facet normal 0 0 1
    outer loop
      vertex 236.8 148 0.199999
      vertex 234.496 144.887 0.199999
      vertex 234.863 144.706 0.199999
    endloop
  endfacet
  facet normal 0 0 1
    outer loop
      vertex 236.8 148 0.199999
      vertex 234.109 145.019 0.199999
      vertex 234.496 144.887 0.199999
    endloop
  endfacet
  facet normal 0 0 1
    outer loop
      vertex 236.8 148 0.199999
      vertex 233.708 145.098 0.199999
      vertex 234.109 145.019 0.199999
    endloop
  endfacet
  facet normal 0 0 1
    outer loop
      vertex 236.8 148 0.199999
      vertex 233.3 145.125 0.199999
      vertex 233.708 145.098 0.199999
    endloop
  endfacet
  facet normal 0 0 1
    outer loop
      vertex 236.8 148 0.199999
      vertex 232.892 145.098 0.199999
      vertex 233.3 145.125 0.199999
    endloop
  endfacet
  facet normal 0 0 1
    outer loop
      vertex 236.8 148 0.199999
      vertex 232.491 145.019 0.199999
      vertex 232.892 145.098 0.199999
    endloop
  endfacet
  facet normal -0 0 1
    outer loop
      vertex 223.8 148 0.199999
      vertex 232.491 145.019 0.199999
      vertex 236.8 148 0.199999
    endloop
  endfacet
  facet normal 0 0 1
    outer loop
      vertex 232.491 145.019 0.199999
      vertex 223.8 148 0.199999
      vertex 232.104 144.887 0.199999
    endloop
  endfacet
  facet normal 0 0 1
    outer loop
      vertex 231.09 139.79 0.199999
      vertex 230.059 138.759 0.199999
      vertex 230.071 138.745 0.199999
    endloop
  endfacet
  facet normal 0 0 1
    outer loop
      vertex 231.09 139.79 0.199999
      vertex 230.045 138.771 0.199999
      vertex 230.059 138.759 0.199999
    endloop
  endfacet
  facet normal 0 0 1
    outer loop
      vertex 231.09 139.79 0.199999
      vertex 229.814 138.973 0.199999
      vertex 230.045 138.771 0.199999
    endloop
  endfacet
  facet normal 0 0 1
    outer loop
      vertex 227.656 139.403 0.199999
      vertex 230.175 142 0.199999
      vertex 230.202 142.408 0.199999
    endloop
  endfacet
  facet normal 0 0 1
    outer loop
      vertex 230.821 140.098 0.199999
      vertex 229.559 139.144 0.199999
      vertex 229.814 138.973 0.199999
    endloop
  endfacet
  facet normal 0 0 1
    outer loop
      vertex 230.594 140.438 0.199999
      vertex 229.544 139.154 0.199999
      vertex 229.559 139.144 0.199999
    endloop
  endfacet
  facet normal 0 0 1
    outer loop
      vertex 227.348 139.298 0.199999
      vertex 230.202 142.408 0.199999
      vertex 230.281 142.809 0.199999
    endloop
  endfacet
  facet normal 0 0 1
    outer loop
      vertex 230.594 140.438 0.199999
      vertex 229.527 139.163 0.199999
      vertex 229.544 139.154 0.199999
    endloop
  endfacet
  facet normal 0 0 1
    outer loop
      vertex 230.594 140.438 0.199999
      vertex 229.252 139.298 0.199999
      vertex 229.527 139.163 0.199999
    endloop
  endfacet
  facet normal 0 0 1
    outer loop
      vertex 230.413 140.804 0.199999
      vertex 228.962 139.397 0.199999
      vertex 229.252 139.298 0.199999
    endloop
  endfacet
  facet normal 0 0 1
    outer loop
      vertex 223.8 148 0.199999
      vertex 230.281 142.809 0.199999
      vertex 230.413 143.196 0.199999
    endloop
  endfacet
  facet normal 0 0 1
    outer loop
      vertex 230.413 140.804 0.199999
      vertex 228.944 139.403 0.199999
      vertex 228.962 139.397 0.199999
    endloop
  endfacet
  facet normal 0 0 1
    outer loop
      vertex 230.281 141.191 0.199999
      vertex 228.643 139.463 0.199999
      vertex 228.944 139.403 0.199999
    endloop
  endfacet
  facet normal 0 0 1
    outer loop
      vertex 230.281 141.191 0.199999
      vertex 228.625 139.466 0.199999
      vertex 228.643 139.463 0.199999
    endloop
  endfacet
  facet normal 0 0 1
    outer loop
      vertex 230.202 141.592 0.199999
      vertex 228.319 139.486 0.199999
      vertex 228.625 139.466 0.199999
    endloop
  endfacet
  facet normal 0 0 1
    outer loop
      vertex 223.8 148 0.199999
      vertex 230.413 143.196 0.199999
      vertex 230.594 143.562 0.199999
    endloop
  endfacet
  facet normal 0 0 1
    outer loop
      vertex 230.202 141.592 0.199999
      vertex 228.3 139.488 0.199999
      vertex 228.319 139.486 0.199999
    endloop
  endfacet
  facet normal 0 0 1
    outer loop
      vertex 230.202 141.592 0.199999
      vertex 228.281 139.486 0.199999
      vertex 228.3 139.488 0.199999
    endloop
  endfacet
  facet normal 0 0 1
    outer loop
      vertex 230.175 142 0.199999
      vertex 227.975 139.466 0.199999
      vertex 228.281 139.486 0.199999
    endloop
  endfacet
  facet normal 0 0 1
    outer loop
      vertex 230.175 142 0.199999
      vertex 227.957 139.463 0.199999
      vertex 227.975 139.466 0.199999
    endloop
  endfacet
  facet normal 0 0 1
    outer loop
      vertex 230.175 142 0.199999
      vertex 227.656 139.403 0.199999
      vertex 227.957 139.463 0.199999
    endloop
  endfacet
  facet normal 0 0 1
    outer loop
      vertex 223.8 148 0.199999
      vertex 230.594 143.562 0.199999
      vertex 230.821 143.902 0.199999
    endloop
  endfacet
  facet normal 0 0 1
    outer loop
      vertex 230.202 142.408 0.199999
      vertex 227.638 139.397 0.199999
      vertex 227.656 139.403 0.199999
    endloop
  endfacet
  facet normal 0 0 1
    outer loop
      vertex 230.281 142.809 0.199999
      vertex 223.8 148 0.199999
      vertex 227.348 139.298 0.199999
    endloop
  endfacet
  facet normal 0 0 1
    outer loop
      vertex 230.202 142.408 0.199999
      vertex 227.348 139.298 0.199999
      vertex 227.638 139.397 0.199999
    endloop
  endfacet
  facet normal -0 0 1
    outer loop
      vertex 221.3 145.5 0.199999
      vertex 227.348 139.298 0.199999
      vertex 223.8 148 0.199999
    endloop
  endfacet
  facet normal 0 0 1
    outer loop
      vertex 227.348 139.298 0.199999
      vertex 221.3 145.5 0.199999
      vertex 227.073 139.163 0.199999
    endloop
  endfacet
  facet normal 0 0 1
    outer loop
      vertex 227.073 139.163 0.199999
      vertex 221.3 145.5 0.199999
      vertex 227.056 139.154 0.199999
    endloop
  endfacet
  facet normal 0 0 1
    outer loop
      vertex 227.056 139.154 0.199999
      vertex 221.3 145.5 0.199999
      vertex 226.801 138.984 0.199999
    endloop
  endfacet
  facet normal 0 0 1
    outer loop
      vertex 226.801 138.984 0.199999
      vertex 221.3 145.5 0.199999
      vertex 226.786 138.973 0.199999
    endloop
  endfacet
  facet normal 0 0 1
    outer loop
      vertex 226.786 138.973 0.199999
      vertex 221.3 145.5 0.199999
      vertex 226.555 138.771 0.199999
    endloop
  endfacet
  facet normal 0 0 1
    outer loop
      vertex 226.555 138.771 0.199999
      vertex 221.3 145.5 0.199999
      vertex 226.541 138.759 0.199999
    endloop
  endfacet
  facet normal 0 0 1
    outer loop
      vertex 225.837 137.343 0.199999
      vertex 221.3 132.5 0.199999
      vertex 225.834 137.325 0.199999
    endloop
  endfacet
  facet normal 0 0 1
    outer loop
      vertex 225.897 137.644 0.199999
      vertex 221.3 132.5 0.199999
      vertex 225.837 137.343 0.199999
    endloop
  endfacet
  facet normal 0 0 1
    outer loop
      vertex 221.3 132.5 0.199999
      vertex 225.897 137.644 0.199999
      vertex 221.3 145.5 0.199999
    endloop
  endfacet
  facet normal 0 0 1
    outer loop
      vertex 225.903 137.662 0.199999
      vertex 221.3 145.5 0.199999
      vertex 225.897 137.644 0.199999
    endloop
  endfacet
  facet normal 0 0 1
    outer loop
      vertex 226.002 137.952 0.199999
      vertex 221.3 145.5 0.199999
      vertex 225.903 137.662 0.199999
    endloop
  endfacet
  facet normal 0 0 1
    outer loop
      vertex 226.137 138.227 0.199999
      vertex 221.3 145.5 0.199999
      vertex 226.002 137.952 0.199999
    endloop
  endfacet
  facet normal 0 0 1
    outer loop
      vertex 226.146 138.244 0.199999
      vertex 221.3 145.5 0.199999
      vertex 226.137 138.227 0.199999
    endloop
  endfacet
  facet normal 0 0 1
    outer loop
      vertex 226.156 138.259 0.199999
      vertex 221.3 145.5 0.199999
      vertex 226.146 138.244 0.199999
    endloop
  endfacet
  facet normal 0 0 1
    outer loop
      vertex 226.327 138.514 0.199999
      vertex 221.3 145.5 0.199999
      vertex 226.156 138.259 0.199999
    endloop
  endfacet
  facet normal 0 0 1
    outer loop
      vertex 226.529 138.745 0.199999
      vertex 221.3 145.5 0.199999
      vertex 226.327 138.514 0.199999
    endloop
  endfacet
  facet normal 0 0 1
    outer loop
      vertex 226.541 138.759 0.199999
      vertex 221.3 145.5 0.199999
      vertex 226.529 138.745 0.199999
    endloop
  endfacet
  facet normal 0 0 1
    outer loop
      vertex 231.09 144.21 0.199999
      vertex 223.8 148 0.199999
      vertex 230.821 143.902 0.199999
    endloop
  endfacet
  facet normal 0 0 1
    outer loop
      vertex 231.398 144.479 0.199999
      vertex 223.8 148 0.199999
      vertex 231.09 144.21 0.199999
    endloop
  endfacet
  facet normal 0 0 1
    outer loop
      vertex 231.738 144.706 0.199999
      vertex 223.8 148 0.199999
      vertex 231.398 144.479 0.199999
    endloop
  endfacet
  facet normal 0 0 1
    outer loop
      vertex 232.104 144.887 0.199999
      vertex 223.8 148 0.199999
      vertex 231.738 144.706 0.199999
    endloop
  endfacet
  facet normal 0 0 1
    outer loop
      vertex 239.279 132.174 0.199999
      vertex 236.8 130 0.199999
      vertex 239.215 131.853 0.199999
    endloop
  endfacet
  facet normal 0 0 1
    outer loop
      vertex 239.215 131.853 0.199999
      vertex 236.8 130 0.199999
      vertex 239.11 131.543 0.199999
    endloop
  endfacet
  facet normal 0 0 1
    outer loop
      vertex 238.965 131.25 0.199999
      vertex 236.8 130 0.199999
      vertex 238.783 130.978 0.199999
    endloop
  endfacet
  facet normal 0 0 1
    outer loop
      vertex 238.783 130.978 0.199999
      vertex 236.8 130 0.199999
      vertex 238.568 130.732 0.199999
    endloop
  endfacet
  facet normal 0 0 1
    outer loop
      vertex 238.568 130.732 0.199999
      vertex 236.8 130 0.199999
      vertex 238.322 130.517 0.199999
    endloop
  endfacet
  facet normal 0 0 1
    outer loop
      vertex 238.322 130.517 0.199999
      vertex 236.8 130 0.199999
      vertex 238.05 130.335 0.199999
    endloop
  endfacet
  facet normal 0 0 1
    outer loop
      vertex 238.05 130.335 0.199999
      vertex 236.8 130 0.199999
      vertex 237.757 130.19 0.199999
    endloop
  endfacet
  facet normal 0 0 1
    outer loop
      vertex 237.757 130.19 0.199999
      vertex 236.8 130 0.199999
      vertex 237.447 130.085 0.199999
    endloop
  endfacet
  facet normal 0 0 1
    outer loop
      vertex 237.447 130.085 0.199999
      vertex 236.8 130 0.199999
      vertex 237.126 130.021 0.199999
    endloop
  endfacet
  facet normal 0 0 1
    outer loop
      vertex 239.11 131.543 0.199999
      vertex 236.8 130 0.199999
      vertex 238.965 131.25 0.199999
    endloop
  endfacet
  facet normal 0 0 1
    outer loop
      vertex 230.598 136.048 0.199999
      vertex 234.109 138.981 0.199999
      vertex 233.708 138.902 0.199999
    endloop
  endfacet
  facet normal 0 0 1
    outer loop
      vertex 230.703 136.356 0.199999
      vertex 233.708 138.902 0.199999
      vertex 233.3 138.875 0.199999
    endloop
  endfacet
  facet normal 0 0 1
    outer loop
      vertex 230.786 136.981 0.199999
      vertex 233.3 138.875 0.199999
      vertex 232.892 138.902 0.199999
    endloop
  endfacet
  facet normal 0 0 1
    outer loop
      vertex 230.786 137.019 0.199999
      vertex 232.892 138.902 0.199999
      vertex 232.491 138.981 0.199999
    endloop
  endfacet
  facet normal 0 0 1
    outer loop
      vertex 230.786 137.019 0.199999
      vertex 232.491 138.981 0.199999
      vertex 232.104 139.113 0.199999
    endloop
  endfacet
  facet normal 0 0 1
    outer loop
      vertex 230.786 137.019 0.199999
      vertex 232.104 139.113 0.199999
      vertex 231.738 139.294 0.199999
    endloop
  endfacet
  facet normal 0 0 1
    outer loop
      vertex 230.786 137.019 0.199999
      vertex 231.738 139.294 0.199999
      vertex 231.398 139.521 0.199999
    endloop
  endfacet
  facet normal 0 0 1
    outer loop
      vertex 230.786 137.019 0.199999
      vertex 231.398 139.521 0.199999
      vertex 231.09 139.79 0.199999
    endloop
  endfacet
  facet normal 0 0 1
    outer loop
      vertex 229.814 138.973 0.199999
      vertex 231.09 139.79 0.199999
      vertex 230.821 140.098 0.199999
    endloop
  endfacet
  facet normal 0 0 1
    outer loop
      vertex 232.892 138.902 0.199999
      vertex 230.788 137 0.199999
      vertex 230.786 136.981 0.199999
    endloop
  endfacet
  facet normal 0 0 1
    outer loop
      vertex 233.3 138.875 0.199999
      vertex 230.786 136.981 0.199999
      vertex 230.766 136.675 0.199999
    endloop
  endfacet
  facet normal 0 0 1
    outer loop
      vertex 233.3 138.875 0.199999
      vertex 230.766 136.675 0.199999
      vertex 230.763 136.657 0.199999
    endloop
  endfacet
  facet normal 0 0 1
    outer loop
      vertex 233.3 138.875 0.199999
      vertex 230.763 136.657 0.199999
      vertex 230.703 136.356 0.199999
    endloop
  endfacet
  facet normal 0 0 1
    outer loop
      vertex 233.708 138.902 0.199999
      vertex 230.703 136.356 0.199999
      vertex 230.697 136.338 0.199999
    endloop
  endfacet
  facet normal 0 0 1
    outer loop
      vertex 233.708 138.902 0.199999
      vertex 230.697 136.338 0.199999
      vertex 230.598 136.048 0.199999
    endloop
  endfacet
  facet normal 0 0 1
    outer loop
      vertex 234.109 138.981 0.199999
      vertex 230.598 136.048 0.199999
      vertex 236.8 130 0.199999
    endloop
  endfacet
  facet normal -0 0 1
    outer loop
      vertex 230.463 135.773 0.199999
      vertex 236.8 130 0.199999
      vertex 230.598 136.048 0.199999
    endloop
  endfacet
  facet normal -0 0 1
    outer loop
      vertex 230.454 135.756 0.199999
      vertex 236.8 130 0.199999
      vertex 230.463 135.773 0.199999
    endloop
  endfacet
  facet normal -0 0 1
    outer loop
      vertex 230.284 135.501 0.199999
      vertex 236.8 130 0.199999
      vertex 230.454 135.756 0.199999
    endloop
  endfacet
  facet normal -0 0 1
    outer loop
      vertex 230.273 135.486 0.199999
      vertex 236.8 130 0.199999
      vertex 230.284 135.501 0.199999
    endloop
  endfacet
  facet normal -0 0 1
    outer loop
      vertex 230.071 135.255 0.199999
      vertex 236.8 130 0.199999
      vertex 230.273 135.486 0.199999
    endloop
  endfacet
  facet normal -0 0 1
    outer loop
      vertex 230.059 135.241 0.199999
      vertex 236.8 130 0.199999
      vertex 230.071 135.255 0.199999
    endloop
  endfacet
  facet normal -0 0 1
    outer loop
      vertex 230.045 135.229 0.199999
      vertex 236.8 130 0.199999
      vertex 230.059 135.241 0.199999
    endloop
  endfacet
  facet normal -0 0 1
    outer loop
      vertex 229.814 135.027 0.199999
      vertex 236.8 130 0.199999
      vertex 230.045 135.229 0.199999
    endloop
  endfacet
  facet normal -0 0 1
    outer loop
      vertex 229.559 134.856 0.199999
      vertex 236.8 130 0.199999
      vertex 229.814 135.027 0.199999
    endloop
  endfacet
  facet normal -0 0 1
    outer loop
      vertex 229.544 134.846 0.199999
      vertex 236.8 130 0.199999
      vertex 229.559 134.856 0.199999
    endloop
  endfacet
  facet normal -0 0 1
    outer loop
      vertex 229.527 134.837 0.199999
      vertex 236.8 130 0.199999
      vertex 229.544 134.846 0.199999
    endloop
  endfacet
  facet normal -0 0 1
    outer loop
      vertex 229.252 134.702 0.199999
      vertex 236.8 130 0.199999
      vertex 229.527 134.837 0.199999
    endloop
  endfacet
  facet normal -0 0 1
    outer loop
      vertex 228.962 134.603 0.199999
      vertex 236.8 130 0.199999
      vertex 229.252 134.702 0.199999
    endloop
  endfacet
  facet normal -0 0 1
    outer loop
      vertex 228.944 134.597 0.199999
      vertex 236.8 130 0.199999
      vertex 228.962 134.603 0.199999
    endloop
  endfacet
  facet normal 0 0 1
    outer loop
      vertex 223.8 130 0.199999
      vertex 228.944 134.597 0.199999
      vertex 228.643 134.537 0.199999
    endloop
  endfacet
  facet normal 0 0 1
    outer loop
      vertex 223.8 130 0.199999
      vertex 228.643 134.537 0.199999
      vertex 228.625 134.534 0.199999
    endloop
  endfacet
  facet normal 0 0 1
    outer loop
      vertex 223.8 130 0.199999
      vertex 228.625 134.534 0.199999
      vertex 228.606 134.533 0.199999
    endloop
  endfacet
  facet normal 0 0 1
    outer loop
      vertex 223.8 130 0.199999
      vertex 228.606 134.533 0.199999
      vertex 228.3 134.512 0.199999
    endloop
  endfacet
  facet normal 0 0 1
    outer loop
      vertex 223.8 130 0.199999
      vertex 228.3 134.512 0.199999
      vertex 227.994 134.533 0.199999
    endloop
  endfacet
  facet normal 0 0 1
    outer loop
      vertex 223.8 130 0.199999
      vertex 227.994 134.533 0.199999
      vertex 227.975 134.534 0.199999
    endloop
  endfacet
  facet normal 0 0 1
    outer loop
      vertex 223.8 130 0.199999
      vertex 227.975 134.534 0.199999
      vertex 227.957 134.537 0.199999
    endloop
  endfacet
  facet normal 0 0 1
    outer loop
      vertex 223.8 130 0.199999
      vertex 227.957 134.537 0.199999
      vertex 227.656 134.597 0.199999
    endloop
  endfacet
  facet normal 0 0 1
    outer loop
      vertex 223.8 130 0.199999
      vertex 227.656 134.597 0.199999
      vertex 227.638 134.603 0.199999
    endloop
  endfacet
  facet normal 0 0 1
    outer loop
      vertex 223.8 130 0.199999
      vertex 227.638 134.603 0.199999
      vertex 227.348 134.702 0.199999
    endloop
  endfacet
  facet normal 0 0 1
    outer loop
      vertex 223.8 130 0.199999
      vertex 227.348 134.702 0.199999
      vertex 227.073 134.837 0.199999
    endloop
  endfacet
  facet normal 0 0 1
    outer loop
      vertex 223.8 130 0.199999
      vertex 227.073 134.837 0.199999
      vertex 227.056 134.846 0.199999
    endloop
  endfacet
  facet normal 0 0 1
    outer loop
      vertex 225.834 137.325 0.199999
      vertex 221.3 132.5 0.199999
      vertex 225.833 137.306 0.199999
    endloop
  endfacet
  facet normal 0 0 1
    outer loop
      vertex 225.833 137.306 0.199999
      vertex 221.3 132.5 0.199999
      vertex 225.812 137 0.199999
    endloop
  endfacet
  facet normal 0 0 1
    outer loop
      vertex 228.944 134.597 0.199999
      vertex 223.8 130 0.199999
      vertex 236.8 130 0.199999
    endloop
  endfacet
  facet normal 0 0 1
    outer loop
      vertex 226.801 135.016 0.199999
      vertex 223.8 130 0.199999
      vertex 227.056 134.846 0.199999
    endloop
  endfacet
  facet normal 0 0 1
    outer loop
      vertex 226.786 135.027 0.199999
      vertex 223.8 130 0.199999
      vertex 226.801 135.016 0.199999
    endloop
  endfacet
  facet normal 0 0 1
    outer loop
      vertex 226.555 135.229 0.199999
      vertex 223.8 130 0.199999
      vertex 226.786 135.027 0.199999
    endloop
  endfacet
  facet normal 0 0 1
    outer loop
      vertex 226.541 135.241 0.199999
      vertex 223.8 130 0.199999
      vertex 226.555 135.229 0.199999
    endloop
  endfacet
  facet normal 0 0 1
    outer loop
      vertex 221.3 132.5 0.199999
      vertex 226.541 135.241 0.199999
      vertex 226.529 135.255 0.199999
    endloop
  endfacet
  facet normal 0 0 1
    outer loop
      vertex 221.3 132.5 0.199999
      vertex 226.529 135.255 0.199999
      vertex 226.327 135.486 0.199999
    endloop
  endfacet
  facet normal 0 0 1
    outer loop
      vertex 221.3 132.5 0.199999
      vertex 226.327 135.486 0.199999
      vertex 226.316 135.501 0.199999
    endloop
  endfacet
  facet normal 0 0 1
    outer loop
      vertex 221.3 132.5 0.199999
      vertex 226.316 135.501 0.199999
      vertex 226.146 135.756 0.199999
    endloop
  endfacet
  facet normal 0 0 1
    outer loop
      vertex 221.3 132.5 0.199999
      vertex 226.146 135.756 0.199999
      vertex 226.137 135.773 0.199999
    endloop
  endfacet
  facet normal 0 0 1
    outer loop
      vertex 221.3 132.5 0.199999
      vertex 226.137 135.773 0.199999
      vertex 226.002 136.048 0.199999
    endloop
  endfacet
  facet normal 0 0 1
    outer loop
      vertex 221.3 132.5 0.199999
      vertex 226.002 136.048 0.199999
      vertex 225.903 136.338 0.199999
    endloop
  endfacet
  facet normal 0 0 1
    outer loop
      vertex 221.3 132.5 0.199999
      vertex 225.903 136.338 0.199999
      vertex 225.897 136.356 0.199999
    endloop
  endfacet
  facet normal 0 0 1
    outer loop
      vertex 221.3 132.5 0.199999
      vertex 225.897 136.356 0.199999
      vertex 225.837 136.657 0.199999
    endloop
  endfacet
  facet normal 0 0 1
    outer loop
      vertex 221.3 132.5 0.199999
      vertex 225.837 136.657 0.199999
      vertex 225.834 136.675 0.199999
    endloop
  endfacet
  facet normal 0 0 1
    outer loop
      vertex 225.812 137 0.199999
      vertex 221.3 132.5 0.199999
      vertex 225.833 136.694 0.199999
    endloop
  endfacet
  facet normal 0 0 1
    outer loop
      vertex 221.3 145.5 0.199999
      vertex 223.8 148 0.199999
      vertex 223.474 147.979 0.199999
    endloop
  endfacet
  facet normal 0 0 1
    outer loop
      vertex 225.833 136.694 0.199999
      vertex 221.3 132.5 0.199999
      vertex 225.834 136.675 0.199999
    endloop
  endfacet
  facet normal 0 0 1
    outer loop
      vertex 221.3 145.5 0.199999
      vertex 223.474 147.979 0.199999
      vertex 223.153 147.915 0.199999
    endloop
  endfacet
  facet normal 0 0 1
    outer loop
      vertex 226.541 135.241 0.199999
      vertex 221.3 132.5 0.199999
      vertex 223.8 130 0.199999
    endloop
  endfacet
  facet normal 0 0 1
    outer loop
      vertex 221.3 145.5 0.199999
      vertex 223.153 147.915 0.199999
      vertex 222.843 147.81 0.199999
    endloop
  endfacet
  facet normal 0 0 1
    outer loop
      vertex 223.8 130 0.199999
      vertex 221.3 132.5 0.199999
      vertex 223.474 130.021 0.199999
    endloop
  endfacet
  facet normal 0 0 1
    outer loop
      vertex 221.3 145.5 0.199999
      vertex 222.843 147.81 0.199999
      vertex 222.55 147.665 0.199999
    endloop
  endfacet
  facet normal 0 0 1
    outer loop
      vertex 223.474 130.021 0.199999
      vertex 221.3 132.5 0.199999
      vertex 223.153 130.085 0.199999
    endloop
  endfacet
  facet normal 0 0 1
    outer loop
      vertex 221.3 145.5 0.199999
      vertex 222.55 147.665 0.199999
      vertex 222.278 147.483 0.199999
    endloop
  endfacet
  facet normal 0 0 1
    outer loop
      vertex 223.153 130.085 0.199999
      vertex 221.3 132.5 0.199999
      vertex 222.843 130.19 0.199999
    endloop
  endfacet
  facet normal 0 0 1
    outer loop
      vertex 221.3 145.5 0.199999
      vertex 222.278 147.483 0.199999
      vertex 222.032 147.268 0.199999
    endloop
  endfacet
  facet normal 0 0 1
    outer loop
      vertex 222.843 130.19 0.199999
      vertex 221.3 132.5 0.199999
      vertex 222.55 130.335 0.199999
    endloop
  endfacet
  facet normal 0 0 1
    outer loop
      vertex 221.3 145.5 0.199999
      vertex 222.032 147.268 0.199999
      vertex 221.817 147.022 0.199999
    endloop
  endfacet
  facet normal 0 0 1
    outer loop
      vertex 222.55 130.335 0.199999
      vertex 221.3 132.5 0.199999
      vertex 222.278 130.517 0.199999
    endloop
  endfacet
  facet normal 0 0 1
    outer loop
      vertex 221.3 145.5 0.199999
      vertex 221.817 147.022 0.199999
      vertex 221.635 146.75 0.199999
    endloop
  endfacet
  facet normal 0 0 1
    outer loop
      vertex 222.278 130.517 0.199999
      vertex 221.3 132.5 0.199999
      vertex 222.032 130.732 0.199999
    endloop
  endfacet
  facet normal 0 0 1
    outer loop
      vertex 221.3 145.5 0.199999
      vertex 221.635 146.75 0.199999
      vertex 221.49 146.457 0.199999
    endloop
  endfacet
  facet normal 0 0 1
    outer loop
      vertex 222.032 130.732 0.199999
      vertex 221.3 132.5 0.199999
      vertex 221.817 130.978 0.199999
    endloop
  endfacet
  facet normal 0 0 1
    outer loop
      vertex 221.3 145.5 0.199999
      vertex 221.49 146.457 0.199999
      vertex 221.385 146.147 0.199999
    endloop
  endfacet
  facet normal 0 0 1
    outer loop
      vertex 221.817 130.978 0.199999
      vertex 221.3 132.5 0.199999
      vertex 221.635 131.25 0.199999
    endloop
  endfacet
  facet normal 0 0 1
    outer loop
      vertex 221.3 145.5 0.199999
      vertex 221.385 146.147 0.199999
      vertex 221.321 145.826 0.199999
    endloop
  endfacet
  facet normal 0 0 1
    outer loop
      vertex 221.635 131.25 0.199999
      vertex 221.3 132.5 0.199999
      vertex 221.49 131.543 0.199999
    endloop
  endfacet
  facet normal 0 0 1
    outer loop
      vertex 221.49 131.543 0.199999
      vertex 221.3 132.5 0.199999
      vertex 221.385 131.853 0.199999
    endloop
  endfacet
  facet normal 0 0 1
    outer loop
      vertex 221.385 131.853 0.199999
      vertex 221.3 132.5 0.199999
      vertex 221.321 132.174 0.199999
    endloop
  endfacet
  facet normal -0.609157 -0.532393 0.58778
    outer loop
      vertex 221.817 130.978 0.199999
      vertex 219.92 129.174 -3.4
      vertex 222.032 130.732 0.199999
    endloop
  endfacet
  facet normal -0.830255 -0.165534 0.532236
    outer loop
      vertex 221.321 132.174 0.199999
      vertex 219.402 130.224 -3.4
      vertex 221.385 131.853 0.199999
    endloop
  endfacet
  facet normal -0.735537 -0.363589 0.571654
    outer loop
      vertex 221.49 131.543 0.199999
      vertex 219.528 129.852 -3.4
      vertex 219.702 129.5 -3.4
    endloop
  endfacet
  facet normal -0.862482 -0.0572055 0.502844
    outer loop
      vertex 221.321 132.174 0.199999
      vertex 219.3 131 -3.4
      vertex 219.326 130.608 -3.4
    endloop
  endfacet
  facet normal 0.320807 -0.947145 0
    outer loop
      vertex 239.076 128.102 -5.8
      vertex 239.448 128.228 -3.4
      vertex 239.076 128.102 -3.4
    endloop
  endfacet
  facet normal 0.320807 -0.947145 0
    outer loop
      vertex 239.448 128.228 -3.4
      vertex 239.076 128.102 -5.8
      vertex 239.448 128.228 -5.8
    endloop
  endfacet
  facet normal 0.443134 -0.896455 0
    outer loop
      vertex 239.448 128.228 -5.8
      vertex 239.8 128.402 -3.4
      vertex 239.448 128.228 -3.4
    endloop
  endfacet
  facet normal 0.443134 -0.896455 0
    outer loop
      vertex 239.8 128.402 -3.4
      vertex 239.448 128.228 -5.8
      vertex 239.8 128.402 -5.8
    endloop
  endfacet
  facet normal 0.266901 -0.787993 0.554825
    outer loop
      vertex 239.448 128.228 -3.4
      vertex 237.447 130.085 0.199999
      vertex 239.076 128.102 -3.4
    endloop
  endfacet
  facet normal 1 -0 0
    outer loop
      vertex 241.3 131 -3.4
      vertex 241.3 147 -5.8
      vertex 241.3 147 -3.4
    endloop
  endfacet
  facet normal 1 0 0
    outer loop
      vertex 241.3 147 -5.8
      vertex 241.3 131 -3.4
      vertex 241.3 131 -5.8
    endloop
  endfacet
  facet normal 0.751471 -0.659766 0
    outer loop
      vertex 240.421 128.879 -3.4
      vertex 240.68 129.174 -5.8
      vertex 240.68 129.174 -3.4
    endloop
  endfacet
  facet normal 0.751471 -0.659766 0
    outer loop
      vertex 240.68 129.174 -5.8
      vertex 240.421 128.879 -3.4
      vertex 240.421 128.879 -5.8
    endloop
  endfacet
  facet normal 0.735328 -0.363899 0.571726
    outer loop
      vertex 239.11 131.543 0.199999
      vertex 238.965 131.25 0.199999
      vertex 240.898 129.5 -3.4
    endloop
  endfacet
  facet normal 0.862795 -0.0555788 0.502489
    outer loop
      vertex 239.3 132.5 0.199999
      vertex 239.279 132.174 0.199999
      vertex 241.3 131 -3.4
    endloop
  endfacet
  facet normal -0.266901 0.787993 0.554825
    outer loop
      vertex 221.524 149.898 -3.4
      vertex 221.152 149.772 -3.4
      vertex 223.153 147.915 0.199999
    endloop
  endfacet
  facet normal -0.164412 0.830711 0.531872
    outer loop
      vertex 221.908 149.974 -3.4
      vertex 221.524 149.898 -3.4
      vertex 223.474 147.979 0.199999
    endloop
  endfacet
  facet normal -0.555877 0.831265 0
    outer loop
      vertex 220.8 149.598 -5.8
      vertex 220.474 149.38 -3.4
      vertex 220.8 149.598 -3.4
    endloop
  endfacet
  facet normal -0.555877 0.831265 0
    outer loop
      vertex 220.474 149.38 -3.4
      vertex 220.8 149.598 -5.8
      vertex 220.474 149.38 -5.8
    endloop
  endfacet
  facet normal -0.997808 0.0661811 0
    outer loop
      vertex 219.3 147 -5.8
      vertex 219.326 147.392 -3.4
      vertex 219.326 147.392 -5.8
    endloop
  endfacet
  facet normal -0.997808 0.0661811 0
    outer loop
      vertex 219.326 147.392 -3.4
      vertex 219.3 147 -5.8
      vertex 219.3 147 -3.4
    endloop
  endfacet
  facet normal -0.896455 0.443134 0
    outer loop
      vertex 219.528 148.148 -5.8
      vertex 219.702 148.5 -3.4
      vertex 219.702 148.5 -5.8
    endloop
  endfacet
  facet normal -0.896455 0.443134 0
    outer loop
      vertex 219.702 148.5 -3.4
      vertex 219.528 148.148 -5.8
      vertex 219.528 148.148 -3.4
    endloop
  endfacet
  facet normal -0.947145 0.320807 0
    outer loop
      vertex 219.402 147.776 -5.8
      vertex 219.528 148.148 -3.4
      vertex 219.528 148.148 -5.8
    endloop
  endfacet
  facet normal -0.947145 0.320807 0
    outer loop
      vertex 219.528 148.148 -3.4
      vertex 219.402 147.776 -5.8
      vertex 219.402 147.776 -3.4
    endloop
  endfacet
  facet normal -0.831265 0.555877 0
    outer loop
      vertex 219.702 148.5 -5.8
      vertex 219.92 148.826 -3.4
      vertex 219.92 148.826 -5.8
    endloop
  endfacet
  facet normal -0.831265 0.555877 0
    outer loop
      vertex 219.92 148.826 -3.4
      vertex 219.702 148.5 -5.8
      vertex 219.702 148.5 -3.4
    endloop
  endfacet
  facet normal -0.675564 0.452032 0.582478
    outer loop
      vertex 221.817 147.022 0.199999
      vertex 219.702 148.5 -3.4
      vertex 221.635 146.75 0.199999
    endloop
  endfacet
  facet normal -0.607995 0.533799 0.587707
    outer loop
      vertex 220.179 149.121 -3.4
      vertex 219.92 148.826 -3.4
      vertex 222.032 147.268 0.199999
    endloop
  endfacet
  facet normal -0.451843 0.675692 0.582476
    outer loop
      vertex 220.8 149.598 -3.4
      vertex 220.474 149.38 -3.4
      vertex 222.278 147.483 0.199999
    endloop
  endfacet
  facet normal 0.320807 0.947145 -0
    outer loop
      vertex 239.448 149.772 -5.8
      vertex 239.076 149.898 -3.4
      vertex 239.448 149.772 -3.4
    endloop
  endfacet
  facet normal 0.320807 0.947145 0
    outer loop
      vertex 239.076 149.898 -3.4
      vertex 239.448 149.772 -5.8
      vertex 239.076 149.898 -5.8
    endloop
  endfacet
  facet normal 0.443134 0.896455 -0
    outer loop
      vertex 239.8 149.598 -5.8
      vertex 239.448 149.772 -3.4
      vertex 239.8 149.598 -3.4
    endloop
  endfacet
  facet normal 0.443134 0.896455 0
    outer loop
      vertex 239.448 149.772 -3.4
      vertex 239.8 149.598 -5.8
      vertex 239.448 149.772 -5.8
    endloop
  endfacet
  facet normal 0.735328 0.363899 0.571726
    outer loop
      vertex 240.898 148.5 -3.4
      vertex 238.965 146.75 0.199999
      vertex 239.11 146.457 0.199999
    endloop
  endfacet
  facet normal 0.675564 0.452032 0.582478
    outer loop
      vertex 240.898 148.5 -3.4
      vertex 238.783 147.022 0.199999
      vertex 238.965 146.75 0.199999
    endloop
  endfacet
  facet normal 0.607995 0.533799 0.587707
    outer loop
      vertex 240.421 149.121 -3.4
      vertex 238.568 147.268 0.199999
      vertex 240.68 148.826 -3.4
    endloop
  endfacet
  facet normal 0.609157 0.532393 0.58778
    outer loop
      vertex 240.68 148.826 -3.4
      vertex 238.568 147.268 0.199999
      vertex 238.783 147.022 0.199999
    endloop
  endfacet
  facet normal 0.896455 0.443134 0
    outer loop
      vertex 241.072 148.148 -3.4
      vertex 240.898 148.5 -5.8
      vertex 240.898 148.5 -3.4
    endloop
  endfacet
  facet normal 0.896455 0.443134 0
    outer loop
      vertex 240.898 148.5 -5.8
      vertex 241.072 148.148 -3.4
      vertex 241.072 148.148 -5.8
    endloop
  endfacet
  facet normal 0.830255 0.165534 0.532236
    outer loop
      vertex 241.198 147.776 -3.4
      vertex 239.215 146.147 0.199999
      vertex 239.279 145.826 0.199999
    endloop
  endfacet
  facet normal 0.787993 0.266901 0.554825
    outer loop
      vertex 241.072 148.148 -3.4
      vertex 239.215 146.147 0.199999
      vertex 241.198 147.776 -3.4
    endloop
  endfacet
  facet normal -0.555877 -0.831265 0
    outer loop
      vertex 220.474 128.62 -5.8
      vertex 220.8 128.402 -3.4
      vertex 220.474 128.62 -3.4
    endloop
  endfacet
  facet normal -0.555877 -0.831265 -0
    outer loop
      vertex 220.8 128.402 -3.4
      vertex 220.474 128.62 -5.8
      vertex 220.8 128.402 -5.8
    endloop
  endfacet
  facet normal -0.266901 -0.787993 0.554825
    outer loop
      vertex 223.153 130.085 0.199999
      vertex 221.152 128.228 -3.4
      vertex 221.524 128.102 -3.4
    endloop
  endfacet
  facet normal -0.266901 -0.787993 0.554825
    outer loop
      vertex 222.843 130.19 0.199999
      vertex 221.152 128.228 -3.4
      vertex 223.153 130.085 0.199999
    endloop
  endfacet
  facet normal -0.320807 -0.947145 0
    outer loop
      vertex 221.152 128.228 -5.8
      vertex 221.524 128.102 -3.4
      vertex 221.152 128.228 -3.4
    endloop
  endfacet
  facet normal -0.320807 -0.947145 -0
    outer loop
      vertex 221.524 128.102 -3.4
      vertex 221.152 128.228 -5.8
      vertex 221.524 128.102 -5.8
    endloop
  endfacet
  facet normal -0.0555788 -0.862795 0.502489
    outer loop
      vertex 223.474 130.021 0.199999
      vertex 222.3 128 -3.4
      vertex 223.8 130 0.199999
    endloop
  endfacet
  facet normal -0.831265 -0.555877 0
    outer loop
      vertex 219.92 129.174 -5.8
      vertex 219.702 129.5 -3.4
      vertex 219.702 129.5 -5.8
    endloop
  endfacet
  facet normal -0.831265 -0.555877 0
    outer loop
      vertex 219.702 129.5 -3.4
      vertex 219.92 129.174 -5.8
      vertex 219.92 129.174 -3.4
    endloop
  endfacet
  facet normal -0.947145 -0.320807 0
    outer loop
      vertex 219.528 129.852 -5.8
      vertex 219.402 130.224 -3.4
      vertex 219.402 130.224 -5.8
    endloop
  endfacet
  facet normal -0.947145 -0.320807 0
    outer loop
      vertex 219.402 130.224 -3.4
      vertex 219.528 129.852 -5.8
      vertex 219.528 129.852 -3.4
    endloop
  endfacet
  facet normal -0.980972 -0.194151 0
    outer loop
      vertex 219.402 130.224 -5.8
      vertex 219.326 130.608 -3.4
      vertex 219.326 130.608 -5.8
    endloop
  endfacet
  facet normal -0.980972 -0.194151 0
    outer loop
      vertex 219.326 130.608 -3.4
      vertex 219.402 130.224 -5.8
      vertex 219.402 130.224 -3.4
    endloop
  endfacet
  facet normal -0.787993 -0.266901 0.554825
    outer loop
      vertex 221.385 131.853 0.199999
      vertex 219.528 129.852 -3.4
      vertex 221.49 131.543 0.199999
    endloop
  endfacet
  facet normal 0.0572055 -0.862482 0.502844
    outer loop
      vertex 238.692 128.026 -3.4
      vertex 237.126 130.021 0.199999
      vertex 238.3 128 -3.4
    endloop
  endfacet
  facet normal 0.363899 -0.735328 0.571726
    outer loop
      vertex 238.05 130.335 0.199999
      vertex 237.757 130.19 0.199999
      vertex 239.8 128.402 -3.4
    endloop
  endfacet
  facet normal 0.452032 -0.675564 0.582478
    outer loop
      vertex 238.322 130.517 0.199999
      vertex 238.05 130.335 0.199999
      vertex 239.8 128.402 -3.4
    endloop
  endfacet
  facet normal 0.675692 -0.451843 0.582476
    outer loop
      vertex 240.898 129.5 -3.4
      vertex 238.783 130.978 0.199999
      vertex 240.68 129.174 -3.4
    endloop
  endfacet
  facet normal 0.451843 -0.675692 0.582476
    outer loop
      vertex 240.126 128.62 -3.4
      vertex 238.322 130.517 0.199999
      vertex 239.8 128.402 -3.4
    endloop
  endfacet
  facet normal 0.830255 -0.165534 0.532236
    outer loop
      vertex 239.279 132.174 0.199999
      vertex 239.215 131.853 0.199999
      vertex 241.198 130.224 -3.4
    endloop
  endfacet
  facet normal 0.735537 -0.363589 0.571654
    outer loop
      vertex 241.072 129.852 -3.4
      vertex 239.11 131.543 0.199999
      vertex 240.898 129.5 -3.4
    endloop
  endfacet
  facet normal 0.980972 -0.194151 0
    outer loop
      vertex 241.198 130.224 -3.4
      vertex 241.274 130.608 -5.8
      vertex 241.274 130.608 -3.4
    endloop
  endfacet
  facet normal 0.980972 -0.194151 0
    outer loop
      vertex 241.274 130.608 -5.8
      vertex 241.198 130.224 -3.4
      vertex 241.198 130.224 -5.8
    endloop
  endfacet
  facet normal -0.363589 0.735537 0.571654
    outer loop
      vertex 221.152 149.772 -3.4
      vertex 220.8 149.598 -3.4
      vertex 222.843 147.81 0.199999
    endloop
  endfacet
  facet normal -0.266901 0.787993 0.554825
    outer loop
      vertex 223.153 147.915 0.199999
      vertex 221.152 149.772 -3.4
      vertex 222.843 147.81 0.199999
    endloop
  endfacet
  facet normal -0.165534 0.830255 0.532236
    outer loop
      vertex 223.474 147.979 0.199999
      vertex 221.524 149.898 -3.4
      vertex 223.153 147.915 0.199999
    endloop
  endfacet
  facet normal -0.787993 0.266901 0.554825
    outer loop
      vertex 219.528 148.148 -3.4
      vertex 219.402 147.776 -3.4
      vertex 221.385 146.147 0.199999
    endloop
  endfacet
  facet normal -0.609157 0.532393 0.58778
    outer loop
      vertex 222.032 147.268 0.199999
      vertex 219.92 148.826 -3.4
      vertex 221.817 147.022 0.199999
    endloop
  endfacet
  facet normal -0.363899 0.735328 0.571726
    outer loop
      vertex 222.843 147.81 0.199999
      vertex 220.8 149.598 -3.4
      vertex 222.55 147.665 0.199999
    endloop
  endfacet
  facet normal -0.452032 0.675564 0.582478
    outer loop
      vertex 222.55 147.665 0.199999
      vertex 220.8 149.598 -3.4
      vertex 222.278 147.483 0.199999
    endloop
  endfacet
  facet normal 0.266901 0.787993 0.554825
    outer loop
      vertex 239.076 149.898 -3.4
      vertex 237.447 147.915 0.199999
      vertex 239.448 149.772 -3.4
    endloop
  endfacet
  facet normal 0.165534 0.830255 0.532236
    outer loop
      vertex 239.076 149.898 -3.4
      vertex 237.126 147.979 0.199999
      vertex 237.447 147.915 0.199999
    endloop
  endfacet
  facet normal 0.452032 0.675564 0.582478
    outer loop
      vertex 239.8 149.598 -3.4
      vertex 238.05 147.665 0.199999
      vertex 238.322 147.483 0.199999
    endloop
  endfacet
  facet normal 0.363899 0.735328 0.571726
    outer loop
      vertex 239.8 149.598 -3.4
      vertex 237.757 147.81 0.199999
      vertex 238.05 147.665 0.199999
    endloop
  endfacet
  facet normal -0.363899 -0.735328 0.571726
    outer loop
      vertex 222.55 130.335 0.199999
      vertex 220.8 128.402 -3.4
      vertex 222.843 130.19 0.199999
    endloop
  endfacet
  facet normal -0.164412 -0.830711 0.531872
    outer loop
      vertex 223.474 130.021 0.199999
      vertex 221.524 128.102 -3.4
      vertex 221.908 128.026 -3.4
    endloop
  endfacet
  facet normal -0.165534 -0.830255 0.532236
    outer loop
      vertex 223.153 130.085 0.199999
      vertex 221.524 128.102 -3.4
      vertex 223.474 130.021 0.199999
    endloop
  endfacet
  facet normal -0.451843 -0.675692 0.582476
    outer loop
      vertex 222.278 130.517 0.199999
      vertex 220.474 128.62 -3.4
      vertex 220.8 128.402 -3.4
    endloop
  endfacet
  facet normal -0.532393 -0.609157 0.58778
    outer loop
      vertex 222.032 130.732 0.199999
      vertex 220.474 128.62 -3.4
      vertex 222.278 130.517 0.199999
    endloop
  endfacet
  facet normal -0.751471 -0.659766 0
    outer loop
      vertex 220.179 128.879 -5.8
      vertex 219.92 129.174 -3.4
      vertex 219.92 129.174 -5.8
    endloop
  endfacet
  facet normal -0.751471 -0.659766 0
    outer loop
      vertex 219.92 129.174 -3.4
      vertex 220.179 128.879 -5.8
      vertex 220.179 128.879 -3.4
    endloop
  endfacet
  facet normal -0.607995 -0.533799 0.587707
    outer loop
      vertex 222.032 130.732 0.199999
      vertex 219.92 129.174 -3.4
      vertex 220.179 128.879 -3.4
    endloop
  endfacet
  facet normal -0.735328 -0.363899 0.571726
    outer loop
      vertex 221.49 131.543 0.199999
      vertex 219.702 129.5 -3.4
      vertex 221.635 131.25 0.199999
    endloop
  endfacet
  facet normal -0.896455 -0.443134 0
    outer loop
      vertex 219.702 129.5 -5.8
      vertex 219.528 129.852 -3.4
      vertex 219.528 129.852 -5.8
    endloop
  endfacet
  facet normal -0.896455 -0.443134 0
    outer loop
      vertex 219.528 129.852 -3.4
      vertex 219.702 129.5 -5.8
      vertex 219.702 129.5 -3.4
    endloop
  endfacet
  facet normal -0.830711 -0.164412 0.531872
    outer loop
      vertex 221.321 132.174 0.199999
      vertex 219.326 130.608 -3.4
      vertex 219.402 130.224 -3.4
    endloop
  endfacet
  facet normal 0.363589 -0.735537 0.571654
    outer loop
      vertex 239.8 128.402 -3.4
      vertex 237.757 130.19 0.199999
      vertex 239.448 128.228 -3.4
    endloop
  endfacet
  facet normal 0.266901 -0.787993 0.554825
    outer loop
      vertex 237.757 130.19 0.199999
      vertex 237.447 130.085 0.199999
      vertex 239.448 128.228 -3.4
    endloop
  endfacet
  facet normal 0.0555788 -0.862795 0.502489
    outer loop
      vertex 237.126 130.021 0.199999
      vertex 236.8 130 0.199999
      vertex 238.3 128 -3.4
    endloop
  endfacet
  facet normal 0.164412 -0.830711 0.531872
    outer loop
      vertex 239.076 128.102 -3.4
      vertex 237.126 130.021 0.199999
      vertex 238.692 128.026 -3.4
    endloop
  endfacet
  facet normal 0.532393 -0.609157 0.58778
    outer loop
      vertex 238.568 130.732 0.199999
      vertex 238.322 130.517 0.199999
      vertex 240.126 128.62 -3.4
    endloop
  endfacet
  facet normal 0.831265 -0.555877 0
    outer loop
      vertex 240.68 129.174 -3.4
      vertex 240.898 129.5 -5.8
      vertex 240.898 129.5 -3.4
    endloop
  endfacet
  facet normal 0.831265 -0.555877 0
    outer loop
      vertex 240.898 129.5 -5.8
      vertex 240.68 129.174 -3.4
      vertex 240.68 129.174 -5.8
    endloop
  endfacet
  facet normal 0.675564 -0.452032 0.582478
    outer loop
      vertex 238.965 131.25 0.199999
      vertex 238.783 130.978 0.199999
      vertex 240.898 129.5 -3.4
    endloop
  endfacet
  facet normal 0.862482 -0.0572055 0.502844
    outer loop
      vertex 241.3 131 -3.4
      vertex 239.279 132.174 0.199999
      vertex 241.274 130.608 -3.4
    endloop
  endfacet
  facet normal 0.830711 -0.164412 0.531872
    outer loop
      vertex 241.274 130.608 -3.4
      vertex 239.279 132.174 0.199999
      vertex 241.198 130.224 -3.4
    endloop
  endfacet
  facet normal 0.787993 -0.266901 0.554825
    outer loop
      vertex 239.215 131.853 0.199999
      vertex 239.11 131.543 0.199999
      vertex 241.072 129.852 -3.4
    endloop
  endfacet
  facet normal 0.787993 -0.266901 0.554825
    outer loop
      vertex 241.198 130.224 -3.4
      vertex 239.215 131.853 0.199999
      vertex 241.072 129.852 -3.4
    endloop
  endfacet
  facet normal -0.452032 -0.675564 0.582478
    outer loop
      vertex 222.278 130.517 0.199999
      vertex 220.8 128.402 -3.4
      vertex 222.55 130.335 0.199999
    endloop
  endfacet
  facet normal 0.165534 -0.830255 0.532236
    outer loop
      vertex 237.447 130.085 0.199999
      vertex 237.126 130.021 0.199999
      vertex 239.076 128.102 -3.4
    endloop
  endfacet
  facet normal 0.659766 -0.751471 0
    outer loop
      vertex 240.126 128.62 -5.8
      vertex 240.421 128.879 -3.4
      vertex 240.126 128.62 -3.4
    endloop
  endfacet
  facet normal 0.659766 -0.751471 0
    outer loop
      vertex 240.421 128.879 -3.4
      vertex 240.126 128.62 -5.8
      vertex 240.421 128.879 -5.8
    endloop
  endfacet
  facet normal 0.609157 -0.532393 0.58778
    outer loop
      vertex 238.783 130.978 0.199999
      vertex 238.568 130.732 0.199999
      vertex 240.68 129.174 -3.4
    endloop
  endfacet
  facet normal 0.607995 -0.533799 0.587707
    outer loop
      vertex 240.68 129.174 -3.4
      vertex 238.568 130.732 0.199999
      vertex 240.421 128.879 -3.4
    endloop
  endfacet
  facet normal 0.947145 -0.320807 0
    outer loop
      vertex 241.072 129.852 -3.4
      vertex 241.198 130.224 -5.8
      vertex 241.198 130.224 -3.4
    endloop
  endfacet
  facet normal 0.947145 -0.320807 0
    outer loop
      vertex 241.198 130.224 -5.8
      vertex 241.072 129.852 -3.4
      vertex 241.072 129.852 -5.8
    endloop
  endfacet
  facet normal 0.896455 -0.443134 0
    outer loop
      vertex 240.898 129.5 -3.4
      vertex 241.072 129.852 -5.8
      vertex 241.072 129.852 -3.4
    endloop
  endfacet
  facet normal 0.896455 -0.443134 0
    outer loop
      vertex 241.072 129.852 -5.8
      vertex 240.898 129.5 -3.4
      vertex 240.898 129.5 -5.8
    endloop
  endfacet
  facet normal -0.735537 0.363589 0.571654
    outer loop
      vertex 219.702 148.5 -3.4
      vertex 219.528 148.148 -3.4
      vertex 221.49 146.457 0.199999
    endloop
  endfacet
  facet normal -0.787993 0.266901 0.554825
    outer loop
      vertex 221.49 146.457 0.199999
      vertex 219.528 148.148 -3.4
      vertex 221.385 146.147 0.199999
    endloop
  endfacet
  facet normal -0.946948 -0.321388 0
    outer loop
      vertex 238.027 141.071 -5.8
      vertex 237.691 142.061 -5
      vertex 237.691 142.061 -5.8
    endloop
  endfacet
  facet normal -0.946948 -0.321388 0
    outer loop
      vertex 237.691 142.061 -5
      vertex 238.027 141.071 -5.8
      vertex 238.027 141.071 -5
    endloop
  endfacet
  facet normal -0.997886 -0.0649964 0
    outer loop
      vertex 238.3 139 -5.8
      vertex 238.232 140.044 -5
      vertex 238.232 140.044 -5.8
    endloop
  endfacet
  facet normal -0.997886 -0.0649964 0
    outer loop
      vertex 238.232 140.044 -5
      vertex 238.3 139 -5.8
      vertex 238.3 139 -5
    endloop
  endfacet
  facet normal 0.0649964 -0.997886 0
    outer loop
      vertex 229.256 146.932 -5.8
      vertex 230.3 147 -5
      vertex 229.256 146.932 -5
    endloop
  endfacet
  facet normal 0.0649964 -0.997886 0
    outer loop
      vertex 230.3 147 -5
      vertex 229.256 146.932 -5.8
      vertex 230.3 147 -5.8
    endloop
  endfacet
  facet normal -0.659248 -0.751925 0
    outer loop
      vertex 235.17 145.347 -5.8
      vertex 235.957 144.657 -5
      vertex 235.17 145.347 -5
    endloop
  endfacet
  facet normal -0.659248 -0.751925 -0
    outer loop
      vertex 235.957 144.657 -5
      vertex 235.17 145.347 -5.8
      vertex 235.957 144.657 -5.8
    endloop
  endfacet
  facet normal 0.751925 -0.659248 0
    outer loop
      vertex 223.953 143.87 -5
      vertex 224.643 144.657 -5.8
      vertex 224.643 144.657 -5
    endloop
  endfacet
  facet normal 0.751925 -0.659248 0
    outer loop
      vertex 224.643 144.657 -5.8
      vertex 223.953 143.87 -5
      vertex 223.953 143.87 -5.8
    endloop
  endfacet
  facet normal 0.44224 -0.896897 0
    outer loop
      vertex 226.3 145.928 -5.8
      vertex 227.239 146.391 -5
      vertex 226.3 145.928 -5
    endloop
  endfacet
  facet normal 0.44224 -0.896897 0
    outer loop
      vertex 227.239 146.391 -5
      vertex 226.3 145.928 -5.8
      vertex 227.239 146.391 -5.8
    endloop
  endfacet
  facet normal 0.751925 0.659248 0
    outer loop
      vertex 224.643 133.343 -5
      vertex 223.953 134.13 -5.8
      vertex 223.953 134.13 -5
    endloop
  endfacet
  facet normal 0.751925 0.659248 0
    outer loop
      vertex 223.953 134.13 -5.8
      vertex 224.643 133.343 -5
      vertex 224.643 133.343 -5.8
    endloop
  endfacet
  facet normal -0.896897 -0.44224 0
    outer loop
      vertex 237.691 142.061 -5.8
      vertex 237.228 143 -5
      vertex 237.228 143 -5.8
    endloop
  endfacet
  facet normal -0.896897 -0.44224 0
    outer loop
      vertex 237.228 143 -5
      vertex 237.691 142.061 -5.8
      vertex 237.691 142.061 -5
    endloop
  endfacet
  facet normal -0.321388 -0.946948 0
    outer loop
      vertex 232.371 146.727 -5.8
      vertex 233.361 146.391 -5
      vertex 232.371 146.727 -5
    endloop
  endfacet
  facet normal -0.321388 -0.946948 -0
    outer loop
      vertex 233.361 146.391 -5
      vertex 232.371 146.727 -5.8
      vertex 233.361 146.391 -5.8
    endloop
  endfacet
  facet normal -0.0649964 -0.997886 0
    outer loop
      vertex 230.3 147 -5.8
      vertex 231.344 146.932 -5
      vertex 230.3 147 -5
    endloop
  endfacet
  facet normal -0.0649964 -0.997886 -0
    outer loop
      vertex 231.344 146.932 -5
      vertex 230.3 147 -5.8
      vertex 231.344 146.932 -5.8
    endloop
  endfacet
  facet normal -0.555362 -0.831609 0
    outer loop
      vertex 234.3 145.928 -5.8
      vertex 235.17 145.347 -5
      vertex 234.3 145.928 -5
    endloop
  endfacet
  facet normal -0.555362 -0.831609 -0
    outer loop
      vertex 235.17 145.347 -5
      vertex 234.3 145.928 -5.8
      vertex 235.17 145.347 -5.8
    endloop
  endfacet
  facet normal 0.946948 -0.321388 0
    outer loop
      vertex 222.573 141.071 -5
      vertex 222.909 142.061 -5.8
      vertex 222.909 142.061 -5
    endloop
  endfacet
  facet normal 0.946948 -0.321388 0
    outer loop
      vertex 222.909 142.061 -5.8
      vertex 222.573 141.071 -5
      vertex 222.573 141.071 -5.8
    endloop
  endfacet
  facet normal 0.896897 -0.44224 0
    outer loop
      vertex 222.909 142.061 -5
      vertex 223.372 143 -5.8
      vertex 223.372 143 -5
    endloop
  endfacet
  facet normal 0.896897 -0.44224 0
    outer loop
      vertex 223.372 143 -5.8
      vertex 222.909 142.061 -5
      vertex 222.909 142.061 -5.8
    endloop
  endfacet
  facet normal 0.980654 -0.195749 0
    outer loop
      vertex 222.368 140.044 -5
      vertex 222.573 141.071 -5.8
      vertex 222.573 141.071 -5
    endloop
  endfacet
  facet normal 0.980654 -0.195749 0
    outer loop
      vertex 222.573 141.071 -5.8
      vertex 222.368 140.044 -5
      vertex 222.368 140.044 -5.8
    endloop
  endfacet
  facet normal 0.997886 0.0649964 0
    outer loop
      vertex 222.368 137.956 -5
      vertex 222.3 139 -5.8
      vertex 222.3 139 -5
    endloop
  endfacet
  facet normal 0.997886 0.0649964 0
    outer loop
      vertex 222.3 139 -5.8
      vertex 222.368 137.956 -5
      vertex 222.368 137.956 -5.8
    endloop
  endfacet
  facet normal 0.555362 -0.831609 0
    outer loop
      vertex 225.43 145.347 -5.8
      vertex 226.3 145.928 -5
      vertex 225.43 145.347 -5
    endloop
  endfacet
  facet normal 0.555362 -0.831609 0
    outer loop
      vertex 226.3 145.928 -5
      vertex 225.43 145.347 -5.8
      vertex 226.3 145.928 -5.8
    endloop
  endfacet
  facet normal 0.195749 -0.980654 0
    outer loop
      vertex 228.229 146.727 -5.8
      vertex 229.256 146.932 -5
      vertex 228.229 146.727 -5
    endloop
  endfacet
  facet normal 0.195749 -0.980654 0
    outer loop
      vertex 229.256 146.932 -5
      vertex 228.229 146.727 -5.8
      vertex 229.256 146.932 -5.8
    endloop
  endfacet
  facet normal -0.997886 0.0649964 0
    outer loop
      vertex 238.232 137.956 -5.8
      vertex 238.3 139 -5
      vertex 238.3 139 -5.8
    endloop
  endfacet
  facet normal -0.997886 0.0649964 0
    outer loop
      vertex 238.3 139 -5
      vertex 238.232 137.956 -5.8
      vertex 238.232 137.956 -5
    endloop
  endfacet
  facet normal -0.980654 0.195749 0
    outer loop
      vertex 238.027 136.929 -5.8
      vertex 238.232 137.956 -5
      vertex 238.232 137.956 -5.8
    endloop
  endfacet
  facet normal -0.980654 0.195749 0
    outer loop
      vertex 238.232 137.956 -5
      vertex 238.027 136.929 -5.8
      vertex 238.027 136.929 -5
    endloop
  endfacet
  facet normal 0.195749 0.980654 -0
    outer loop
      vertex 229.256 131.068 -5.8
      vertex 228.229 131.273 -5
      vertex 229.256 131.068 -5
    endloop
  endfacet
  facet normal 0.195749 0.980654 0
    outer loop
      vertex 228.229 131.273 -5
      vertex 229.256 131.068 -5.8
      vertex 228.229 131.273 -5.8
    endloop
  endfacet
  facet normal 0.321388 0.946948 -0
    outer loop
      vertex 228.229 131.273 -5.8
      vertex 227.239 131.609 -5
      vertex 228.229 131.273 -5
    endloop
  endfacet
  facet normal 0.321388 0.946948 0
    outer loop
      vertex 227.239 131.609 -5
      vertex 228.229 131.273 -5.8
      vertex 227.239 131.609 -5.8
    endloop
  endfacet
  facet normal 0.831609 0.555362 0
    outer loop
      vertex 223.953 134.13 -5
      vertex 223.372 135 -5.8
      vertex 223.372 135 -5
    endloop
  endfacet
  facet normal 0.831609 0.555362 0
    outer loop
      vertex 223.372 135 -5.8
      vertex 223.953 134.13 -5
      vertex 223.953 134.13 -5.8
    endloop
  endfacet
  facet normal 0.896897 0.44224 0
    outer loop
      vertex 223.372 135 -5
      vertex 222.909 135.939 -5.8
      vertex 222.909 135.939 -5
    endloop
  endfacet
  facet normal 0.896897 0.44224 0
    outer loop
      vertex 222.909 135.939 -5.8
      vertex 223.372 135 -5
      vertex 223.372 135 -5.8
    endloop
  endfacet
  facet normal -0.831609 -0.555362 0
    outer loop
      vertex 237.228 143 -5.8
      vertex 236.647 143.87 -5
      vertex 236.647 143.87 -5.8
    endloop
  endfacet
  facet normal -0.831609 -0.555362 0
    outer loop
      vertex 236.647 143.87 -5
      vertex 237.228 143 -5.8
      vertex 237.228 143 -5
    endloop
  endfacet
  facet normal -0.751925 -0.659248 0
    outer loop
      vertex 236.647 143.87 -5.8
      vertex 235.957 144.657 -5
      vertex 235.957 144.657 -5.8
    endloop
  endfacet
  facet normal -0.751925 -0.659248 0
    outer loop
      vertex 235.957 144.657 -5
      vertex 236.647 143.87 -5.8
      vertex 236.647 143.87 -5
    endloop
  endfacet
  facet normal -0.44224 -0.896897 0
    outer loop
      vertex 233.361 146.391 -5.8
      vertex 234.3 145.928 -5
      vertex 233.361 146.391 -5
    endloop
  endfacet
  facet normal -0.44224 -0.896897 -0
    outer loop
      vertex 234.3 145.928 -5
      vertex 233.361 146.391 -5.8
      vertex 234.3 145.928 -5.8
    endloop
  endfacet
  facet normal 0.831609 -0.555362 0
    outer loop
      vertex 223.372 143 -5
      vertex 223.953 143.87 -5.8
      vertex 223.953 143.87 -5
    endloop
  endfacet
  facet normal 0.831609 -0.555362 0
    outer loop
      vertex 223.953 143.87 -5.8
      vertex 223.372 143 -5
      vertex 223.372 143 -5.8
    endloop
  endfacet
  facet normal 0.997886 -0.0649964 0
    outer loop
      vertex 222.3 139 -5
      vertex 222.368 140.044 -5.8
      vertex 222.368 140.044 -5
    endloop
  endfacet
  facet normal 0.997886 -0.0649964 0
    outer loop
      vertex 222.368 140.044 -5.8
      vertex 222.3 139 -5
      vertex 222.3 139 -5.8
    endloop
  endfacet
  facet normal 0.659248 -0.751925 0
    outer loop
      vertex 224.643 144.657 -5.8
      vertex 225.43 145.347 -5
      vertex 224.643 144.657 -5
    endloop
  endfacet
  facet normal 0.659248 -0.751925 0
    outer loop
      vertex 225.43 145.347 -5
      vertex 224.643 144.657 -5.8
      vertex 225.43 145.347 -5.8
    endloop
  endfacet
  facet normal 0.321388 -0.946948 0
    outer loop
      vertex 227.239 146.391 -5.8
      vertex 228.229 146.727 -5
      vertex 227.239 146.391 -5
    endloop
  endfacet
  facet normal 0.321388 -0.946948 0
    outer loop
      vertex 228.229 146.727 -5
      vertex 227.239 146.391 -5.8
      vertex 228.229 146.727 -5.8
    endloop
  endfacet
  facet normal -0.44224 0.896897 0
    outer loop
      vertex 234.3 132.072 -5.8
      vertex 233.361 131.609 -5
      vertex 234.3 132.072 -5
    endloop
  endfacet
  facet normal -0.44224 0.896897 0
    outer loop
      vertex 233.361 131.609 -5
      vertex 234.3 132.072 -5.8
      vertex 233.361 131.609 -5.8
    endloop
  endfacet
  facet normal -0.195749 0.980654 0
    outer loop
      vertex 232.371 131.273 -5.8
      vertex 231.344 131.068 -5
      vertex 232.371 131.273 -5
    endloop
  endfacet
  facet normal -0.195749 0.980654 0
    outer loop
      vertex 231.344 131.068 -5
      vertex 232.371 131.273 -5.8
      vertex 231.344 131.068 -5.8
    endloop
  endfacet
  facet normal -0.321388 0.946948 0
    outer loop
      vertex 233.361 131.609 -5.8
      vertex 232.371 131.273 -5
      vertex 233.361 131.609 -5
    endloop
  endfacet
  facet normal -0.321388 0.946948 0
    outer loop
      vertex 232.371 131.273 -5
      vertex 233.361 131.609 -5.8
      vertex 232.371 131.273 -5.8
    endloop
  endfacet
  facet normal -0.555362 0.831609 0
    outer loop
      vertex 235.17 132.653 -5.8
      vertex 234.3 132.072 -5
      vertex 235.17 132.653 -5
    endloop
  endfacet
  facet normal -0.555362 0.831609 0
    outer loop
      vertex 234.3 132.072 -5
      vertex 235.17 132.653 -5.8
      vertex 234.3 132.072 -5.8
    endloop
  endfacet
  facet normal -0.751925 0.659248 0
    outer loop
      vertex 235.957 133.343 -5.8
      vertex 236.647 134.13 -5
      vertex 236.647 134.13 -5.8
    endloop
  endfacet
  facet normal -0.751925 0.659248 0
    outer loop
      vertex 236.647 134.13 -5
      vertex 235.957 133.343 -5.8
      vertex 235.957 133.343 -5
    endloop
  endfacet
  facet normal -0.946948 0.321388 0
    outer loop
      vertex 237.691 135.939 -5.8
      vertex 238.027 136.929 -5
      vertex 238.027 136.929 -5.8
    endloop
  endfacet
  facet normal -0.946948 0.321388 0
    outer loop
      vertex 238.027 136.929 -5
      vertex 237.691 135.939 -5.8
      vertex 237.691 135.939 -5
    endloop
  endfacet
  facet normal -0.831609 0.555362 0
    outer loop
      vertex 236.647 134.13 -5.8
      vertex 237.228 135 -5
      vertex 237.228 135 -5.8
    endloop
  endfacet
  facet normal -0.831609 0.555362 0
    outer loop
      vertex 237.228 135 -5
      vertex 236.647 134.13 -5.8
      vertex 236.647 134.13 -5
    endloop
  endfacet
  facet normal -0.896897 0.44224 0
    outer loop
      vertex 237.228 135 -5.8
      vertex 237.691 135.939 -5
      vertex 237.691 135.939 -5.8
    endloop
  endfacet
  facet normal -0.896897 0.44224 0
    outer loop
      vertex 237.691 135.939 -5
      vertex 237.228 135 -5.8
      vertex 237.228 135 -5
    endloop
  endfacet
  facet normal 0.0649964 0.997886 -0
    outer loop
      vertex 230.3 131 -5.8
      vertex 229.256 131.068 -5
      vertex 230.3 131 -5
    endloop
  endfacet
  facet normal 0.0649964 0.997886 0
    outer loop
      vertex 229.256 131.068 -5
      vertex 230.3 131 -5.8
      vertex 229.256 131.068 -5.8
    endloop
  endfacet
  facet normal 0.555362 0.831609 -0
    outer loop
      vertex 226.3 132.072 -5.8
      vertex 225.43 132.653 -5
      vertex 226.3 132.072 -5
    endloop
  endfacet
  facet normal 0.555362 0.831609 0
    outer loop
      vertex 225.43 132.653 -5
      vertex 226.3 132.072 -5.8
      vertex 225.43 132.653 -5.8
    endloop
  endfacet
  facet normal -0.0649964 0.997886 0
    outer loop
      vertex 231.344 131.068 -5.8
      vertex 230.3 131 -5
      vertex 231.344 131.068 -5
    endloop
  endfacet
  facet normal -0.0649964 0.997886 0
    outer loop
      vertex 230.3 131 -5
      vertex 231.344 131.068 -5.8
      vertex 230.3 131 -5.8
    endloop
  endfacet
  facet normal 0.44224 0.896897 -0
    outer loop
      vertex 227.239 131.609 -5.8
      vertex 226.3 132.072 -5
      vertex 227.239 131.609 -5
    endloop
  endfacet
  facet normal 0.44224 0.896897 0
    outer loop
      vertex 226.3 132.072 -5
      vertex 227.239 131.609 -5.8
      vertex 226.3 132.072 -5.8
    endloop
  endfacet
  facet normal 0.659248 0.751925 -0
    outer loop
      vertex 225.43 132.653 -5.8
      vertex 224.643 133.343 -5
      vertex 225.43 132.653 -5
    endloop
  endfacet
  facet normal 0.659248 0.751925 0
    outer loop
      vertex 224.643 133.343 -5
      vertex 225.43 132.653 -5.8
      vertex 224.643 133.343 -5.8
    endloop
  endfacet
  facet normal 0.980654 0.195749 0
    outer loop
      vertex 222.573 136.929 -5
      vertex 222.368 137.956 -5.8
      vertex 222.368 137.956 -5
    endloop
  endfacet
  facet normal 0.980654 0.195749 0
    outer loop
      vertex 222.368 137.956 -5.8
      vertex 222.573 136.929 -5
      vertex 222.573 136.929 -5.8
    endloop
  endfacet
  facet normal -0.980654 -0.195749 0
    outer loop
      vertex 238.232 140.044 -5.8
      vertex 238.027 141.071 -5
      vertex 238.027 141.071 -5.8
    endloop
  endfacet
  facet normal -0.980654 -0.195749 0
    outer loop
      vertex 238.027 141.071 -5
      vertex 238.232 140.044 -5.8
      vertex 238.232 140.044 -5
    endloop
  endfacet
  facet normal -0.195749 -0.980654 0
    outer loop
      vertex 231.344 146.932 -5.8
      vertex 232.371 146.727 -5
      vertex 231.344 146.932 -5
    endloop
  endfacet
  facet normal -0.195749 -0.980654 -0
    outer loop
      vertex 232.371 146.727 -5
      vertex 231.344 146.932 -5.8
      vertex 232.371 146.727 -5.8
    endloop
  endfacet
  facet normal 0 0 -1
    outer loop
      vertex 238.232 137.956 -5
      vertex 238.232 140.044 -5
      vertex 238.3 139 -5
    endloop
  endfacet
  facet normal 0 0 -1
    outer loop
      vertex 238.027 136.929 -5
      vertex 238.232 140.044 -5
      vertex 238.232 137.956 -5
    endloop
  endfacet
  facet normal 0 0 -1
    outer loop
      vertex 238.027 136.929 -5
      vertex 238.027 141.071 -5
      vertex 238.232 140.044 -5
    endloop
  endfacet
  facet normal 0 0 -1
    outer loop
      vertex 237.691 135.939 -5
      vertex 238.027 141.071 -5
      vertex 238.027 136.929 -5
    endloop
  endfacet
  facet normal 0 0 -1
    outer loop
      vertex 237.691 135.939 -5
      vertex 237.691 142.061 -5
      vertex 238.027 141.071 -5
    endloop
  endfacet
  facet normal 0 0 -1
    outer loop
      vertex 237.228 135 -5
      vertex 237.691 142.061 -5
      vertex 237.691 135.939 -5
    endloop
  endfacet
  facet normal 0 0 -1
    outer loop
      vertex 237.228 135 -5
      vertex 237.228 143 -5
      vertex 237.691 142.061 -5
    endloop
  endfacet
  facet normal 0 0 -1
    outer loop
      vertex 236.647 134.13 -5
      vertex 237.228 143 -5
      vertex 237.228 135 -5
    endloop
  endfacet
  facet normal 0 0 -1
    outer loop
      vertex 236.647 134.13 -5
      vertex 236.647 143.87 -5
      vertex 237.228 143 -5
    endloop
  endfacet
  facet normal 0 0 -1
    outer loop
      vertex 235.957 133.343 -5
      vertex 236.647 143.87 -5
      vertex 236.647 134.13 -5
    endloop
  endfacet
  facet normal 0 0 -1
    outer loop
      vertex 235.957 133.343 -5
      vertex 235.957 144.657 -5
      vertex 236.647 143.87 -5
    endloop
  endfacet
  facet normal 0 0 -1
    outer loop
      vertex 235.17 132.653 -5
      vertex 235.957 144.657 -5
      vertex 235.957 133.343 -5
    endloop
  endfacet
  facet normal 0 0 -1
    outer loop
      vertex 235.17 132.653 -5
      vertex 235.17 145.347 -5
      vertex 235.957 144.657 -5
    endloop
  endfacet
  facet normal 0 0 -1
    outer loop
      vertex 234.3 132.072 -5
      vertex 235.17 145.347 -5
      vertex 235.17 132.653 -5
    endloop
  endfacet
  facet normal 0 0 -1
    outer loop
      vertex 234.3 132.072 -5
      vertex 234.3 145.928 -5
      vertex 235.17 145.347 -5
    endloop
  endfacet
  facet normal 0 0 -1
    outer loop
      vertex 233.361 131.609 -5
      vertex 234.3 145.928 -5
      vertex 234.3 132.072 -5
    endloop
  endfacet
  facet normal 0 0 -1
    outer loop
      vertex 233.361 131.609 -5
      vertex 233.361 146.391 -5
      vertex 234.3 145.928 -5
    endloop
  endfacet
  facet normal 0 0 -1
    outer loop
      vertex 232.371 131.273 -5
      vertex 233.361 146.391 -5
      vertex 233.361 131.609 -5
    endloop
  endfacet
  facet normal 0 0 -1
    outer loop
      vertex 232.371 131.273 -5
      vertex 232.371 146.727 -5
      vertex 233.361 146.391 -5
    endloop
  endfacet
  facet normal 0 0 -1
    outer loop
      vertex 231.344 131.068 -5
      vertex 232.371 146.727 -5
      vertex 232.371 131.273 -5
    endloop
  endfacet
  facet normal 0 0 -1
    outer loop
      vertex 231.344 131.068 -5
      vertex 231.344 146.932 -5
      vertex 232.371 146.727 -5
    endloop
  endfacet
  facet normal 0 0 -1
    outer loop
      vertex 230.3 131 -5
      vertex 231.344 146.932 -5
      vertex 231.344 131.068 -5
    endloop
  endfacet
  facet normal 0 0 -1
    outer loop
      vertex 230.3 131 -5
      vertex 230.3 147 -5
      vertex 231.344 146.932 -5
    endloop
  endfacet
  facet normal 0 0 -1
    outer loop
      vertex 229.256 131.068 -5
      vertex 230.3 147 -5
      vertex 230.3 131 -5
    endloop
  endfacet
  facet normal 0 0 -1
    outer loop
      vertex 229.256 131.068 -5
      vertex 229.256 146.932 -5
      vertex 230.3 147 -5
    endloop
  endfacet
  facet normal 0 0 -1
    outer loop
      vertex 228.229 131.273 -5
      vertex 229.256 146.932 -5
      vertex 229.256 131.068 -5
    endloop
  endfacet
  facet normal 0 0 -1
    outer loop
      vertex 228.229 131.273 -5
      vertex 228.229 146.727 -5
      vertex 229.256 146.932 -5
    endloop
  endfacet
  facet normal 0 0 -1
    outer loop
      vertex 227.239 131.609 -5
      vertex 228.229 146.727 -5
      vertex 228.229 131.273 -5
    endloop
  endfacet
  facet normal 0 0 -1
    outer loop
      vertex 227.239 131.609 -5
      vertex 227.239 146.391 -5
      vertex 228.229 146.727 -5
    endloop
  endfacet
  facet normal 0 0 -1
    outer loop
      vertex 226.3 132.072 -5
      vertex 227.239 146.391 -5
      vertex 227.239 131.609 -5
    endloop
  endfacet
  facet normal 0 0 -1
    outer loop
      vertex 226.3 132.072 -5
      vertex 226.3 145.928 -5
      vertex 227.239 146.391 -5
    endloop
  endfacet
  facet normal 0 0 -1
    outer loop
      vertex 225.43 132.653 -5
      vertex 226.3 145.928 -5
      vertex 226.3 132.072 -5
    endloop
  endfacet
  facet normal 0 0 -1
    outer loop
      vertex 225.43 132.653 -5
      vertex 225.43 145.347 -5
      vertex 226.3 145.928 -5
    endloop
  endfacet
  facet normal 0 0 -1
    outer loop
      vertex 224.643 133.343 -5
      vertex 225.43 145.347 -5
      vertex 225.43 132.653 -5
    endloop
  endfacet
  facet normal 0 0 -1
    outer loop
      vertex 224.643 133.343 -5
      vertex 224.643 144.657 -5
      vertex 225.43 145.347 -5
    endloop
  endfacet
  facet normal 0 0 -1
    outer loop
      vertex 223.953 134.13 -5
      vertex 224.643 144.657 -5
      vertex 224.643 133.343 -5
    endloop
  endfacet
  facet normal 0 0 -1
    outer loop
      vertex 223.953 134.13 -5
      vertex 223.953 143.87 -5
      vertex 224.643 144.657 -5
    endloop
  endfacet
  facet normal 0 0 -1
    outer loop
      vertex 223.372 135 -5
      vertex 223.953 143.87 -5
      vertex 223.953 134.13 -5
    endloop
  endfacet
  facet normal 0 0 -1
    outer loop
      vertex 223.372 135 -5
      vertex 223.372 143 -5
      vertex 223.953 143.87 -5
    endloop
  endfacet
  facet normal 0 0 -1
    outer loop
      vertex 222.909 135.939 -5
      vertex 223.372 143 -5
      vertex 223.372 135 -5
    endloop
  endfacet
  facet normal 0 0 -1
    outer loop
      vertex 222.909 135.939 -5
      vertex 222.909 142.061 -5
      vertex 223.372 143 -5
    endloop
  endfacet
  facet normal 0 0 -1
    outer loop
      vertex 222.573 136.929 -5
      vertex 222.909 142.061 -5
      vertex 222.909 135.939 -5
    endloop
  endfacet
  facet normal 0 0 -1
    outer loop
      vertex 222.573 136.929 -5
      vertex 222.573 141.071 -5
      vertex 222.909 142.061 -5
    endloop
  endfacet
  facet normal 0 0 -1
    outer loop
      vertex 222.368 137.956 -5
      vertex 222.573 141.071 -5
      vertex 222.573 136.929 -5
    endloop
  endfacet
  facet normal 0 0 -1
    outer loop
      vertex 222.368 137.956 -5
      vertex 222.368 140.044 -5
      vertex 222.573 141.071 -5
    endloop
  endfacet
  facet normal 0 -0 -1
    outer loop
      vertex 222.368 140.044 -5
      vertex 222.368 137.956 -5
      vertex 222.3 139 -5
    endloop
  endfacet
  facet normal -0.659248 0.751925 0
    outer loop
      vertex 235.957 133.343 -5.8
      vertex 235.17 132.653 -5
      vertex 235.957 133.343 -5
    endloop
  endfacet
  facet normal -0.659248 0.751925 0
    outer loop
      vertex 235.17 132.653 -5
      vertex 235.957 133.343 -5.8
      vertex 235.17 132.653 -5.8
    endloop
  endfacet
  facet normal 0.946948 0.321388 0
    outer loop
      vertex 222.909 135.939 -5
      vertex 222.573 136.929 -5.8
      vertex 222.573 136.929 -5
    endloop
  endfacet
  facet normal 0.946948 0.321388 0
    outer loop
      vertex 222.573 136.929 -5.8
      vertex 222.909 135.939 -5
      vertex 222.909 135.939 -5.8
    endloop
  endfacet
  facet normal -0.997818 -0.066032 0
    outer loop
      vertex 236.425 142 -2.05
      vertex 236.398 142.408 0.199999
      vertex 236.398 142.408 -2.05
    endloop
  endfacet
  facet normal -0.997818 -0.066032 0
    outer loop
      vertex 236.398 142.408 0.199999
      vertex 236.425 142 -2.05
      vertex 236.425 142 0.199999
    endloop
  endfacet
  facet normal 0.066032 -0.997818 0
    outer loop
      vertex 232.892 145.098 -2.05
      vertex 233.3 145.125 0.199999
      vertex 232.892 145.098 0.199999
    endloop
  endfacet
  facet normal 0.066032 -0.997818 0
    outer loop
      vertex 233.3 145.125 0.199999
      vertex 232.892 145.098 -2.05
      vertex 233.3 145.125 -2.05
    endloop
  endfacet
  facet normal -0.657812 -0.753182 0
    outer loop
      vertex 235.202 144.479 -2.05
      vertex 235.51 144.21 0.199999
      vertex 235.202 144.479 0.199999
    endloop
  endfacet
  facet normal -0.657812 -0.753182 -0
    outer loop
      vertex 235.51 144.21 0.199999
      vertex 235.202 144.479 -2.05
      vertex 235.51 144.21 -2.05
    endloop
  endfacet
  facet normal 0.753182 -0.657812 0
    outer loop
      vertex 230.821 143.902 0.199999
      vertex 231.09 144.21 -2.05
      vertex 231.09 144.21 0.199999
    endloop
  endfacet
  facet normal 0.753182 -0.657812 0
    outer loop
      vertex 231.09 144.21 -2.05
      vertex 230.821 143.902 0.199999
      vertex 230.821 143.902 -2.05
    endloop
  endfacet
  facet normal 0.443291 -0.896378 0
    outer loop
      vertex 231.738 144.706 -2.05
      vertex 232.104 144.887 0.199999
      vertex 231.738 144.706 0.199999
    endloop
  endfacet
  facet normal 0.443291 -0.896378 0
    outer loop
      vertex 232.104 144.887 0.199999
      vertex 231.738 144.706 -2.05
      vertex 232.104 144.887 -2.05
    endloop
  endfacet
  facet normal -0.896378 -0.443291 0
    outer loop
      vertex 236.187 143.196 -2.05
      vertex 236.006 143.562 0.199999
      vertex 236.006 143.562 -2.05
    endloop
  endfacet
  facet normal -0.896378 -0.443291 0
    outer loop
      vertex 236.006 143.562 0.199999
      vertex 236.187 143.196 -2.05
      vertex 236.187 143.196 0.199999
    endloop
  endfacet
  facet normal -0.831674 -0.555265 0
    outer loop
      vertex 236.006 143.562 -2.05
      vertex 235.779 143.902 0.199999
      vertex 235.779 143.902 -2.05
    endloop
  endfacet
  facet normal -0.831674 -0.555265 0
    outer loop
      vertex 235.779 143.902 0.199999
      vertex 236.006 143.562 -2.05
      vertex 236.006 143.562 0.199999
    endloop
  endfacet
  facet normal -0.322823 -0.946459 0
    outer loop
      vertex 234.109 145.019 -2.05
      vertex 234.496 144.887 0.199999
      vertex 234.109 145.019 0.199999
    endloop
  endfacet
  facet normal -0.322823 -0.946459 -0
    outer loop
      vertex 234.496 144.887 0.199999
      vertex 234.109 145.019 -2.05
      vertex 234.496 144.887 -2.05
    endloop
  endfacet
  facet normal -0.556396 -0.830917 0
    outer loop
      vertex 234.863 144.706 -2.05
      vertex 235.202 144.479 0.199999
      vertex 234.863 144.706 0.199999
    endloop
  endfacet
  facet normal -0.556396 -0.830917 -0
    outer loop
      vertex 235.202 144.479 0.199999
      vertex 234.863 144.706 -2.05
      vertex 235.202 144.479 -2.05
    endloop
  endfacet
  facet normal 0.946459 -0.322823 0
    outer loop
      vertex 230.281 142.809 0.199999
      vertex 230.413 143.196 -2.05
      vertex 230.413 143.196 0.199999
    endloop
  endfacet
  facet normal 0.946459 -0.322823 0
    outer loop
      vertex 230.413 143.196 -2.05
      vertex 230.281 142.809 0.199999
      vertex 230.281 142.809 -2.05
    endloop
  endfacet
  facet normal 0.831674 -0.555265 0
    outer loop
      vertex 230.594 143.562 0.199999
      vertex 230.821 143.902 -2.05
      vertex 230.821 143.902 0.199999
    endloop
  endfacet
  facet normal 0.831674 -0.555265 0
    outer loop
      vertex 230.821 143.902 -2.05
      vertex 230.594 143.562 0.199999
      vertex 230.594 143.562 -2.05
    endloop
  endfacet
  facet normal 0.981141 -0.193292 0
    outer loop
      vertex 230.202 142.408 0.199999
      vertex 230.281 142.809 -2.05
      vertex 230.281 142.809 0.199999
    endloop
  endfacet
  facet normal 0.981141 -0.193292 0
    outer loop
      vertex 230.281 142.809 -2.05
      vertex 230.202 142.408 0.199999
      vertex 230.202 142.408 -2.05
    endloop
  endfacet
  facet normal 0.555265 -0.831674 0
    outer loop
      vertex 231.398 144.479 -2.05
      vertex 231.738 144.706 0.199999
      vertex 231.398 144.479 0.199999
    endloop
  endfacet
  facet normal 0.555265 -0.831674 0
    outer loop
      vertex 231.738 144.706 0.199999
      vertex 231.398 144.479 -2.05
      vertex 231.738 144.706 -2.05
    endloop
  endfacet
  facet normal 0.322823 -0.946459 0
    outer loop
      vertex 232.104 144.887 -2.05
      vertex 232.491 145.019 0.199999
      vertex 232.104 144.887 0.199999
    endloop
  endfacet
  facet normal 0.322823 -0.946459 0
    outer loop
      vertex 232.491 145.019 0.199999
      vertex 232.104 144.887 -2.05
      vertex 232.491 145.019 -2.05
    endloop
  endfacet
  facet normal -0.946459 0.322823 0
    outer loop
      vertex 236.187 140.804 -2.05
      vertex 236.319 141.191 0.199999
      vertex 236.319 141.191 -2.05
    endloop
  endfacet
  facet normal -0.946459 0.322823 0
    outer loop
      vertex 236.319 141.191 0.199999
      vertex 236.187 140.804 -2.05
      vertex 236.187 140.804 0.199999
    endloop
  endfacet
  facet normal -0.556396 0.830917 0
    outer loop
      vertex 235.202 139.521 -2.05
      vertex 234.863 139.294 0.199999
      vertex 235.202 139.521 0.199999
    endloop
  endfacet
  facet normal -0.556396 0.830917 0
    outer loop
      vertex 234.863 139.294 0.199999
      vertex 235.202 139.521 -2.05
      vertex 234.863 139.294 -2.05
    endloop
  endfacet
  facet normal 0.193292 0.981141 -0
    outer loop
      vertex 232.892 138.902 -2.05
      vertex 232.491 138.981 0.199999
      vertex 232.892 138.902 0.199999
    endloop
  endfacet
  facet normal 0.193292 0.981141 0
    outer loop
      vertex 232.491 138.981 0.199999
      vertex 232.892 138.902 -2.05
      vertex 232.491 138.981 -2.05
    endloop
  endfacet
  facet normal 0.831674 0.555265 0
    outer loop
      vertex 230.821 140.098 0.199999
      vertex 230.594 140.438 -2.05
      vertex 230.594 140.438 0.199999
    endloop
  endfacet
  facet normal 0.831674 0.555265 0
    outer loop
      vertex 230.594 140.438 -2.05
      vertex 230.821 140.098 0.199999
      vertex 230.821 140.098 -2.05
    endloop
  endfacet
  facet normal -0.946459 -0.322823 0
    outer loop
      vertex 236.319 142.809 -2.05
      vertex 236.187 143.196 0.199999
      vertex 236.187 143.196 -2.05
    endloop
  endfacet
  facet normal -0.946459 -0.322823 0
    outer loop
      vertex 236.187 143.196 0.199999
      vertex 236.319 142.809 -2.05
      vertex 236.319 142.809 0.199999
    endloop
  endfacet
  facet normal -0.981141 -0.193292 0
    outer loop
      vertex 236.398 142.408 -2.05
      vertex 236.319 142.809 0.199999
      vertex 236.319 142.809 -2.05
    endloop
  endfacet
  facet normal -0.981141 -0.193292 0
    outer loop
      vertex 236.319 142.809 0.199999
      vertex 236.398 142.408 -2.05
      vertex 236.398 142.408 0.199999
    endloop
  endfacet
  facet normal -0.753182 -0.657812 0
    outer loop
      vertex 235.779 143.902 -2.05
      vertex 235.51 144.21 0.199999
      vertex 235.51 144.21 -2.05
    endloop
  endfacet
  facet normal -0.753182 -0.657812 0
    outer loop
      vertex 235.51 144.21 0.199999
      vertex 235.779 143.902 -2.05
      vertex 235.779 143.902 0.199999
    endloop
  endfacet
  facet normal -0.193292 -0.981141 0
    outer loop
      vertex 233.708 145.098 -2.05
      vertex 234.109 145.019 0.199999
      vertex 233.708 145.098 0.199999
    endloop
  endfacet
  facet normal -0.193292 -0.981141 -0
    outer loop
      vertex 234.109 145.019 0.199999
      vertex 233.708 145.098 -2.05
      vertex 234.109 145.019 -2.05
    endloop
  endfacet
  facet normal -0.066032 -0.997818 0
    outer loop
      vertex 233.3 145.125 -2.05
      vertex 233.708 145.098 0.199999
      vertex 233.3 145.125 0.199999
    endloop
  endfacet
  facet normal -0.066032 -0.997818 -0
    outer loop
      vertex 233.708 145.098 0.199999
      vertex 233.3 145.125 -2.05
      vertex 233.708 145.098 -2.05
    endloop
  endfacet
  facet normal -0.442319 -0.896858 0
    outer loop
      vertex 234.496 144.887 -2.05
      vertex 234.863 144.706 0.199999
      vertex 234.496 144.887 0.199999
    endloop
  endfacet
  facet normal -0.442319 -0.896858 -0
    outer loop
      vertex 234.863 144.706 0.199999
      vertex 234.496 144.887 -2.05
      vertex 234.863 144.706 -2.05
    endloop
  endfacet
  facet normal 0 0 1
    outer loop
      vertex 236.398 142.408 -2.05
      vertex 236.398 141.592 -2.05
      vertex 236.425 142 -2.05
    endloop
  endfacet
  facet normal 0 0 1
    outer loop
      vertex 236.319 142.809 -2.05
      vertex 236.398 141.592 -2.05
      vertex 236.398 142.408 -2.05
    endloop
  endfacet
  facet normal 0 0 1
    outer loop
      vertex 236.319 142.809 -2.05
      vertex 236.319 141.191 -2.05
      vertex 236.398 141.592 -2.05
    endloop
  endfacet
  facet normal 0 0 1
    outer loop
      vertex 236.187 143.196 -2.05
      vertex 236.319 141.191 -2.05
      vertex 236.319 142.809 -2.05
    endloop
  endfacet
  facet normal 0 0 1
    outer loop
      vertex 236.187 143.196 -2.05
      vertex 236.187 140.804 -2.05
      vertex 236.319 141.191 -2.05
    endloop
  endfacet
  facet normal 0 0 1
    outer loop
      vertex 236.006 143.562 -2.05
      vertex 236.187 140.804 -2.05
      vertex 236.187 143.196 -2.05
    endloop
  endfacet
  facet normal 0 0 1
    outer loop
      vertex 236.006 143.562 -2.05
      vertex 236.006 140.438 -2.05
      vertex 236.187 140.804 -2.05
    endloop
  endfacet
  facet normal 0 0 1
    outer loop
      vertex 235.779 143.902 -2.05
      vertex 236.006 140.438 -2.05
      vertex 236.006 143.562 -2.05
    endloop
  endfacet
  facet normal 0 0 1
    outer loop
      vertex 235.779 143.902 -2.05
      vertex 235.779 140.098 -2.05
      vertex 236.006 140.438 -2.05
    endloop
  endfacet
  facet normal 0 0 1
    outer loop
      vertex 235.51 144.21 -2.05
      vertex 235.779 140.098 -2.05
      vertex 235.779 143.902 -2.05
    endloop
  endfacet
  facet normal 0 0 1
    outer loop
      vertex 235.51 144.21 -2.05
      vertex 235.51 139.79 -2.05
      vertex 235.779 140.098 -2.05
    endloop
  endfacet
  facet normal 0 0 1
    outer loop
      vertex 235.202 144.479 -2.05
      vertex 235.51 139.79 -2.05
      vertex 235.51 144.21 -2.05
    endloop
  endfacet
  facet normal 0 0 1
    outer loop
      vertex 235.202 144.479 -2.05
      vertex 235.202 139.521 -2.05
      vertex 235.51 139.79 -2.05
    endloop
  endfacet
  facet normal 0 0 1
    outer loop
      vertex 234.863 144.706 -2.05
      vertex 235.202 139.521 -2.05
      vertex 235.202 144.479 -2.05
    endloop
  endfacet
  facet normal 0 0 1
    outer loop
      vertex 234.863 144.706 -2.05
      vertex 234.863 139.294 -2.05
      vertex 235.202 139.521 -2.05
    endloop
  endfacet
  facet normal 0 0 1
    outer loop
      vertex 234.496 144.887 -2.05
      vertex 234.863 139.294 -2.05
      vertex 234.863 144.706 -2.05
    endloop
  endfacet
  facet normal 0 0 1
    outer loop
      vertex 234.496 144.887 -2.05
      vertex 234.496 139.113 -2.05
      vertex 234.863 139.294 -2.05
    endloop
  endfacet
  facet normal 0 0 1
    outer loop
      vertex 234.109 145.019 -2.05
      vertex 234.496 139.113 -2.05
      vertex 234.496 144.887 -2.05
    endloop
  endfacet
  facet normal 0 0 1
    outer loop
      vertex 234.109 145.019 -2.05
      vertex 234.109 138.981 -2.05
      vertex 234.496 139.113 -2.05
    endloop
  endfacet
  facet normal 0 0 1
    outer loop
      vertex 233.708 145.098 -2.05
      vertex 234.109 138.981 -2.05
      vertex 234.109 145.019 -2.05
    endloop
  endfacet
  facet normal 0 0 1
    outer loop
      vertex 233.708 145.098 -2.05
      vertex 233.708 138.902 -2.05
      vertex 234.109 138.981 -2.05
    endloop
  endfacet
  facet normal 0 0 1
    outer loop
      vertex 233.3 145.125 -2.05
      vertex 233.708 138.902 -2.05
      vertex 233.708 145.098 -2.05
    endloop
  endfacet
  facet normal 0 0 1
    outer loop
      vertex 233.3 145.125 -2.05
      vertex 233.3 138.875 -2.05
      vertex 233.708 138.902 -2.05
    endloop
  endfacet
  facet normal -0 0 1
    outer loop
      vertex 232.892 145.098 -2.05
      vertex 233.3 138.875 -2.05
      vertex 233.3 145.125 -2.05
    endloop
  endfacet
  facet normal 0 0 1
    outer loop
      vertex 232.892 145.098 -2.05
      vertex 232.892 138.902 -2.05
      vertex 233.3 138.875 -2.05
    endloop
  endfacet
  facet normal -0 0 1
    outer loop
      vertex 232.491 145.019 -2.05
      vertex 232.892 138.902 -2.05
      vertex 232.892 145.098 -2.05
    endloop
  endfacet
  facet normal 0 0 1
    outer loop
      vertex 232.491 145.019 -2.05
      vertex 232.491 138.981 -2.05
      vertex 232.892 138.902 -2.05
    endloop
  endfacet
  facet normal -0 0 1
    outer loop
      vertex 232.104 144.887 -2.05
      vertex 232.491 138.981 -2.05
      vertex 232.491 145.019 -2.05
    endloop
  endfacet
  facet normal 0 0 1
    outer loop
      vertex 232.104 144.887 -2.05
      vertex 232.104 139.113 -2.05
      vertex 232.491 138.981 -2.05
    endloop
  endfacet
  facet normal -0 0 1
    outer loop
      vertex 231.738 144.706 -2.05
      vertex 232.104 139.113 -2.05
      vertex 232.104 144.887 -2.05
    endloop
  endfacet
  facet normal 0 0 1
    outer loop
      vertex 231.738 144.706 -2.05
      vertex 231.738 139.294 -2.05
      vertex 232.104 139.113 -2.05
    endloop
  endfacet
  facet normal -0 0 1
    outer loop
      vertex 231.398 144.479 -2.05
      vertex 231.738 139.294 -2.05
      vertex 231.738 144.706 -2.05
    endloop
  endfacet
  facet normal 0 0 1
    outer loop
      vertex 231.398 144.479 -2.05
      vertex 231.398 139.521 -2.05
      vertex 231.738 139.294 -2.05
    endloop
  endfacet
  facet normal -0 0 1
    outer loop
      vertex 231.09 144.21 -2.05
      vertex 231.398 139.521 -2.05
      vertex 231.398 144.479 -2.05
    endloop
  endfacet
  facet normal 0 0 1
    outer loop
      vertex 231.09 144.21 -2.05
      vertex 231.09 139.79 -2.05
      vertex 231.398 139.521 -2.05
    endloop
  endfacet
  facet normal -0 0 1
    outer loop
      vertex 230.821 143.902 -2.05
      vertex 231.09 139.79 -2.05
      vertex 231.09 144.21 -2.05
    endloop
  endfacet
  facet normal 0 0 1
    outer loop
      vertex 230.821 143.902 -2.05
      vertex 230.821 140.098 -2.05
      vertex 231.09 139.79 -2.05
    endloop
  endfacet
  facet normal -0 0 1
    outer loop
      vertex 230.594 143.562 -2.05
      vertex 230.821 140.098 -2.05
      vertex 230.821 143.902 -2.05
    endloop
  endfacet
  facet normal 0 0 1
    outer loop
      vertex 230.594 143.562 -2.05
      vertex 230.594 140.438 -2.05
      vertex 230.821 140.098 -2.05
    endloop
  endfacet
  facet normal -0 0 1
    outer loop
      vertex 230.413 143.196 -2.05
      vertex 230.594 140.438 -2.05
      vertex 230.594 143.562 -2.05
    endloop
  endfacet
  facet normal 0 0 1
    outer loop
      vertex 230.413 143.196 -2.05
      vertex 230.413 140.804 -2.05
      vertex 230.594 140.438 -2.05
    endloop
  endfacet
  facet normal -0 0 1
    outer loop
      vertex 230.281 142.809 -2.05
      vertex 230.413 140.804 -2.05
      vertex 230.413 143.196 -2.05
    endloop
  endfacet
  facet normal 0 0 1
    outer loop
      vertex 230.281 142.809 -2.05
      vertex 230.281 141.191 -2.05
      vertex 230.413 140.804 -2.05
    endloop
  endfacet
  facet normal -0 0 1
    outer loop
      vertex 230.202 142.408 -2.05
      vertex 230.281 141.191 -2.05
      vertex 230.281 142.809 -2.05
    endloop
  endfacet
  facet normal 0 0 1
    outer loop
      vertex 230.202 142.408 -2.05
      vertex 230.202 141.592 -2.05
      vertex 230.281 141.191 -2.05
    endloop
  endfacet
  facet normal 0 -0 1
    outer loop
      vertex 230.202 141.592 -2.05
      vertex 230.202 142.408 -2.05
      vertex 230.175 142 -2.05
    endloop
  endfacet
  facet normal 0.896378 -0.443291 0
    outer loop
      vertex 230.413 143.196 0.199999
      vertex 230.594 143.562 -2.05
      vertex 230.594 143.562 0.199999
    endloop
  endfacet
  facet normal 0.896378 -0.443291 0
    outer loop
      vertex 230.594 143.562 -2.05
      vertex 230.413 143.196 0.199999
      vertex 230.413 143.196 -2.05
    endloop
  endfacet
  facet normal 0.997818 -0.066032 0
    outer loop
      vertex 230.175 142 0.199999
      vertex 230.202 142.408 -2.05
      vertex 230.202 142.408 0.199999
    endloop
  endfacet
  facet normal 0.997818 -0.066032 0
    outer loop
      vertex 230.202 142.408 -2.05
      vertex 230.175 142 0.199999
      vertex 230.175 142 -2.05
    endloop
  endfacet
  facet normal 0.657812 -0.753182 0
    outer loop
      vertex 231.09 144.21 -2.05
      vertex 231.398 144.479 0.199999
      vertex 231.09 144.21 0.199999
    endloop
  endfacet
  facet normal 0.657812 -0.753182 0
    outer loop
      vertex 231.398 144.479 0.199999
      vertex 231.09 144.21 -2.05
      vertex 231.398 144.479 -2.05
    endloop
  endfacet
  facet normal 0.193292 -0.981141 0
    outer loop
      vertex 232.491 145.019 -2.05
      vertex 232.892 145.098 0.199999
      vertex 232.491 145.019 0.199999
    endloop
  endfacet
  facet normal 0.193292 -0.981141 0
    outer loop
      vertex 232.892 145.098 0.199999
      vertex 232.491 145.019 -2.05
      vertex 232.892 145.098 -2.05
    endloop
  endfacet
  facet normal -0.997818 0.066032 0
    outer loop
      vertex 236.398 141.592 -2.05
      vertex 236.425 142 0.199999
      vertex 236.425 142 -2.05
    endloop
  endfacet
  facet normal -0.997818 0.066032 0
    outer loop
      vertex 236.425 142 0.199999
      vertex 236.398 141.592 -2.05
      vertex 236.398 141.592 0.199999
    endloop
  endfacet
  facet normal -0.193292 0.981141 0
    outer loop
      vertex 234.109 138.981 -2.05
      vertex 233.708 138.902 0.199999
      vertex 234.109 138.981 0.199999
    endloop
  endfacet
  facet normal -0.193292 0.981141 0
    outer loop
      vertex 233.708 138.902 0.199999
      vertex 234.109 138.981 -2.05
      vertex 233.708 138.902 -2.05
    endloop
  endfacet
  facet normal -0.442319 0.896858 0
    outer loop
      vertex 234.863 139.294 -2.05
      vertex 234.496 139.113 0.199999
      vertex 234.863 139.294 0.199999
    endloop
  endfacet
  facet normal -0.442319 0.896858 0
    outer loop
      vertex 234.496 139.113 0.199999
      vertex 234.863 139.294 -2.05
      vertex 234.496 139.113 -2.05
    endloop
  endfacet
  facet normal -0.657812 0.753182 0
    outer loop
      vertex 235.51 139.79 -2.05
      vertex 235.202 139.521 0.199999
      vertex 235.51 139.79 0.199999
    endloop
  endfacet
  facet normal -0.657812 0.753182 0
    outer loop
      vertex 235.202 139.521 0.199999
      vertex 235.51 139.79 -2.05
      vertex 235.202 139.521 -2.05
    endloop
  endfacet
  facet normal -0.831674 0.555265 0
    outer loop
      vertex 235.779 140.098 -2.05
      vertex 236.006 140.438 0.199999
      vertex 236.006 140.438 -2.05
    endloop
  endfacet
  facet normal -0.831674 0.555265 0
    outer loop
      vertex 236.006 140.438 0.199999
      vertex 235.779 140.098 -2.05
      vertex 235.779 140.098 0.199999
    endloop
  endfacet
  facet normal 0.555265 0.831674 -0
    outer loop
      vertex 231.738 139.294 -2.05
      vertex 231.398 139.521 0.199999
      vertex 231.738 139.294 0.199999
    endloop
  endfacet
  facet normal 0.555265 0.831674 0
    outer loop
      vertex 231.398 139.521 0.199999
      vertex 231.738 139.294 -2.05
      vertex 231.398 139.521 -2.05
    endloop
  endfacet
  facet normal 0.322823 0.946459 -0
    outer loop
      vertex 232.491 138.981 -2.05
      vertex 232.104 139.113 0.199999
      vertex 232.491 138.981 0.199999
    endloop
  endfacet
  facet normal 0.322823 0.946459 0
    outer loop
      vertex 232.104 139.113 0.199999
      vertex 232.491 138.981 -2.05
      vertex 232.104 139.113 -2.05
    endloop
  endfacet
  facet normal 0.066032 0.997818 -0
    outer loop
      vertex 233.3 138.875 -2.05
      vertex 232.892 138.902 0.199999
      vertex 233.3 138.875 0.199999
    endloop
  endfacet
  facet normal 0.066032 0.997818 0
    outer loop
      vertex 232.892 138.902 0.199999
      vertex 233.3 138.875 -2.05
      vertex 232.892 138.902 -2.05
    endloop
  endfacet
  facet normal 0.753182 0.657812 0
    outer loop
      vertex 231.09 139.79 0.199999
      vertex 230.821 140.098 -2.05
      vertex 230.821 140.098 0.199999
    endloop
  endfacet
  facet normal 0.753182 0.657812 0
    outer loop
      vertex 230.821 140.098 -2.05
      vertex 231.09 139.79 0.199999
      vertex 231.09 139.79 -2.05
    endloop
  endfacet
  facet normal 0.896378 0.443291 0
    outer loop
      vertex 230.594 140.438 0.199999
      vertex 230.413 140.804 -2.05
      vertex 230.413 140.804 0.199999
    endloop
  endfacet
  facet normal 0.896378 0.443291 0
    outer loop
      vertex 230.413 140.804 -2.05
      vertex 230.594 140.438 0.199999
      vertex 230.594 140.438 -2.05
    endloop
  endfacet
  facet normal 0.981141 0.193292 0
    outer loop
      vertex 230.281 141.191 0.199999
      vertex 230.202 141.592 -2.05
      vertex 230.202 141.592 0.199999
    endloop
  endfacet
  facet normal 0.981141 0.193292 0
    outer loop
      vertex 230.202 141.592 -2.05
      vertex 230.281 141.191 0.199999
      vertex 230.281 141.191 -2.05
    endloop
  endfacet
  facet normal 0.997818 0.066032 0
    outer loop
      vertex 230.202 141.592 0.199999
      vertex 230.175 142 -2.05
      vertex 230.175 142 0.199999
    endloop
  endfacet
  facet normal 0.997818 0.066032 0
    outer loop
      vertex 230.175 142 -2.05
      vertex 230.202 141.592 0.199999
      vertex 230.202 141.592 -2.05
    endloop
  endfacet
  facet normal -0.322823 0.946459 0
    outer loop
      vertex 234.496 139.113 -2.05
      vertex 234.109 138.981 0.199999
      vertex 234.496 139.113 0.199999
    endloop
  endfacet
  facet normal -0.322823 0.946459 0
    outer loop
      vertex 234.109 138.981 0.199999
      vertex 234.496 139.113 -2.05
      vertex 234.109 138.981 -2.05
    endloop
  endfacet
  facet normal -0.753182 0.657812 0
    outer loop
      vertex 235.51 139.79 -2.05
      vertex 235.779 140.098 0.199999
      vertex 235.779 140.098 -2.05
    endloop
  endfacet
  facet normal -0.753182 0.657812 0
    outer loop
      vertex 235.779 140.098 0.199999
      vertex 235.51 139.79 -2.05
      vertex 235.51 139.79 0.199999
    endloop
  endfacet
  facet normal -0.981141 0.193292 0
    outer loop
      vertex 236.319 141.191 -2.05
      vertex 236.398 141.592 0.199999
      vertex 236.398 141.592 -2.05
    endloop
  endfacet
  facet normal -0.981141 0.193292 0
    outer loop
      vertex 236.398 141.592 0.199999
      vertex 236.319 141.191 -2.05
      vertex 236.319 141.191 0.199999
    endloop
  endfacet
  facet normal -0.896378 0.443291 0
    outer loop
      vertex 236.006 140.438 -2.05
      vertex 236.187 140.804 0.199999
      vertex 236.187 140.804 -2.05
    endloop
  endfacet
  facet normal -0.896378 0.443291 0
    outer loop
      vertex 236.187 140.804 0.199999
      vertex 236.006 140.438 -2.05
      vertex 236.006 140.438 0.199999
    endloop
  endfacet
  facet normal 0.443291 0.896378 -0
    outer loop
      vertex 232.104 139.113 -2.05
      vertex 231.738 139.294 0.199999
      vertex 232.104 139.113 0.199999
    endloop
  endfacet
  facet normal 0.443291 0.896378 0
    outer loop
      vertex 231.738 139.294 0.199999
      vertex 232.104 139.113 -2.05
      vertex 231.738 139.294 -2.05
    endloop
  endfacet
  facet normal -0.066032 0.997818 0
    outer loop
      vertex 233.708 138.902 -2.05
      vertex 233.3 138.875 0.199999
      vertex 233.708 138.902 0.199999
    endloop
  endfacet
  facet normal -0.066032 0.997818 0
    outer loop
      vertex 233.3 138.875 0.199999
      vertex 233.708 138.902 -2.05
      vertex 233.3 138.875 -2.05
    endloop
  endfacet
  facet normal 0.657812 0.753182 -0
    outer loop
      vertex 231.398 139.521 -2.05
      vertex 231.09 139.79 0.199999
      vertex 231.398 139.521 0.199999
    endloop
  endfacet
  facet normal 0.657812 0.753182 0
    outer loop
      vertex 231.09 139.79 0.199999
      vertex 231.398 139.521 -2.05
      vertex 231.09 139.79 -2.05
    endloop
  endfacet
  facet normal 0.946459 0.322823 0
    outer loop
      vertex 230.413 140.804 0.199999
      vertex 230.281 141.191 -2.05
      vertex 230.281 141.191 0.199999
    endloop
  endfacet
  facet normal 0.946459 0.322823 0
    outer loop
      vertex 230.281 141.191 -2.05
      vertex 230.413 140.804 0.199999
      vertex 230.413 140.804 -2.05
    endloop
  endfacet
  facet normal 0.995855 0.0663904 0.0621635
    outer loop
      vertex 230.6 137 3.2
      vertex 230.786 137.019 0.199999
      vertex 230.58 137.3 3.2
    endloop
  endfacet
  facet normal 0.99258 0.104482 0.0622016
    outer loop
      vertex 230.786 137.019 0.199999
      vertex 230.6 137 3.2
      vertex 230.788 137 0.199999
    endloop
  endfacet
  facet normal 0.995933 0.0650937 0.0622903
    outer loop
      vertex 230.766 137.325 0.199999
      vertex 230.58 137.3 3.2
      vertex 230.786 137.019 0.199999
    endloop
  endfacet
  facet normal 0.068333 -0.995709 0.0623978
    outer loop
      vertex 228.3 134.7 3.2
      vertex 228.3 134.512 0.199999
      vertex 228.606 134.533 0.199999
    endloop
  endfacet
  facet normal -0.995709 -0.068333 0.0623978
    outer loop
      vertex 226 137 3.2
      vertex 225.812 137 0.199999
      vertex 225.833 136.694 0.199999
    endloop
  endfacet
  facet normal -0.0650937 0.995933 0.0622903
    outer loop
      vertex 228.281 139.486 0.199999
      vertex 227.975 139.466 0.199999
      vertex 228 139.28 3.2
    endloop
  endfacet
  facet normal -0.944541 -0.322447 0.0622073
    outer loop
      vertex 226.175 136.12 3.2
      vertex 225.903 136.338 0.199999
      vertex 226.002 136.048 0.199999
    endloop
  endfacet
  facet normal 0.895324 -0.44103 0.0623532
    outer loop
      vertex 230.292 135.85 3.2
      vertex 230.463 135.773 0.199999
      vertex 230.425 136.12 3.2
    endloop
  endfacet
  facet normal 0.882073 -0.46698 0.062264
    outer loop
      vertex 230.463 135.773 0.199999
      vertex 230.292 135.85 3.2
      vertex 230.454 135.756 0.199999
    endloop
  endfacet
  facet normal 0.657006 0.751329 0.0620318
    outer loop
      vertex 229.814 138.973 0.199999
      vertex 229.7 138.825 3.2
      vertex 230.045 138.771 0.199999
    endloop
  endfacet
  facet normal -0.895928 -0.439819 0.0622208
    outer loop
      vertex 226.175 136.12 3.2
      vertex 226.002 136.048 0.199999
      vertex 226.137 135.773 0.199999
    endloop
  endfacet
  facet normal 0.659566 -0.749055 0.0623671
    outer loop
      vertex 230.045 135.229 0.199999
      vertex 229.926 135.374 3.2
      vertex 229.7 135.175 3.2
    endloop
  endfacet
  facet normal 0.649524 -0.757777 0.0623903
    outer loop
      vertex 229.926 135.374 3.2
      vertex 230.045 135.229 0.199999
      vertex 230.059 135.241 0.199999
    endloop
  endfacet
  facet normal 0.99258 -0.104482 0.0622016
    outer loop
      vertex 230.6 137 3.2
      vertex 230.786 136.981 0.199999
      vertex 230.788 137 0.199999
    endloop
  endfacet
  facet normal 0.995855 -0.0663904 0.0621635
    outer loop
      vertex 230.786 136.981 0.199999
      vertex 230.6 137 3.2
      vertex 230.58 136.7 3.2
    endloop
  endfacet
  facet normal 0.944541 0.322447 0.0622073
    outer loop
      vertex 230.598 137.952 0.199999
      vertex 230.425 137.88 3.2
      vertex 230.697 137.662 0.199999
    endloop
  endfacet
  facet normal 0.979297 0.19254 0.0624968
    outer loop
      vertex 230.58 137.3 3.2
      vertex 230.763 137.343 0.199999
      vertex 230.522 137.595 3.2
    endloop
  endfacet
  facet normal 0.984471 0.164079 0.0624045
    outer loop
      vertex 230.763 137.343 0.199999
      vertex 230.58 137.3 3.2
      vertex 230.766 137.325 0.199999
    endloop
  endfacet
  facet normal -0.751329 0.657006 0.0620318
    outer loop
      vertex 226.529 138.745 0.199999
      vertex 226.327 138.514 0.199999
      vertex 226.475 138.4 3.2
    endloop
  endfacet
  facet normal 0.828945 0.555881 0.0620181
    outer loop
      vertex 230.273 138.514 0.199999
      vertex 230.125 138.4 3.2
      vertex 230.444 138.259 0.199999
    endloop
  endfacet
  facet normal 0.757777 0.649524 0.0623903
    outer loop
      vertex 229.926 138.626 3.2
      vertex 230.071 138.745 0.199999
      vertex 230.059 138.759 0.199999
    endloop
  endfacet
  facet normal 0.749055 0.659566 0.0623671
    outer loop
      vertex 230.071 138.745 0.199999
      vertex 229.926 138.626 3.2
      vertex 230.125 138.4 3.2
    endloop
  endfacet
  facet normal -0.657006 -0.751329 0.0620318
    outer loop
      vertex 226.9 135.175 3.2
      vertex 226.555 135.229 0.199999
      vertex 226.786 135.027 0.199999
    endloop
  endfacet
  facet normal -0.649524 -0.757777 0.0623903
    outer loop
      vertex 226.555 135.229 0.199999
      vertex 226.674 135.374 3.2
      vertex 226.541 135.241 0.199999
    endloop
  endfacet
  facet normal -0.659566 -0.749055 0.0623671
    outer loop
      vertex 226.674 135.374 3.2
      vertex 226.555 135.229 0.199999
      vertex 226.9 135.175 3.2
    endloop
  endfacet
  facet normal -0.321575 -0.944833 0.0622971
    outer loop
      vertex 227.638 134.603 0.199999
      vertex 227.705 134.778 3.2
      vertex 227.42 134.875 3.2
    endloop
  endfacet
  facet normal -0.315614 -0.946842 0.0622811
    outer loop
      vertex 227.705 134.778 3.2
      vertex 227.638 134.603 0.199999
      vertex 227.656 134.597 0.199999
    endloop
  endfacet
  facet normal -0.439819 -0.895928 0.0622208
    outer loop
      vertex 227.42 134.875 3.2
      vertex 227.073 134.837 0.199999
      vertex 227.348 134.702 0.199999
    endloop
  endfacet
  facet normal 0.164079 -0.984471 0.0624045
    outer loop
      vertex 228.643 134.537 0.199999
      vertex 228.6 134.72 3.2
      vertex 228.625 134.534 0.199999
    endloop
  endfacet
  facet normal 0.19254 -0.979297 0.0624968
    outer loop
      vertex 228.6 134.72 3.2
      vertex 228.643 134.537 0.199999
      vertex 228.895 134.778 3.2
    endloop
  endfacet
  facet normal 0.322447 -0.944541 0.0622073
    outer loop
      vertex 229.18 134.875 3.2
      vertex 228.962 134.603 0.199999
      vertex 229.252 134.702 0.199999
    endloop
  endfacet
  facet normal 0.895928 -0.439819 0.0622208
    outer loop
      vertex 230.598 136.048 0.199999
      vertex 230.425 136.12 3.2
      vertex 230.463 135.773 0.199999
    endloop
  endfacet
  facet normal 0.751329 -0.657006 0.0620318
    outer loop
      vertex 230.125 135.6 3.2
      vertex 230.071 135.255 0.199999
      vertex 230.273 135.486 0.199999
    endloop
  endfacet
  facet normal 0.978804 -0.19511 0.0622413
    outer loop
      vertex 230.763 136.657 0.199999
      vertex 230.522 136.405 3.2
      vertex 230.703 136.356 0.199999
    endloop
  endfacet
  facet normal -0.828945 0.555881 0.0620181
    outer loop
      vertex 226.327 138.514 0.199999
      vertex 226.156 138.259 0.199999
      vertex 226.475 138.4 3.2
    endloop
  endfacet
  facet normal -0.322447 0.944541 0.0622073
    outer loop
      vertex 227.638 139.397 0.199999
      vertex 227.348 139.298 0.199999
      vertex 227.42 139.125 3.2
    endloop
  endfacet
  facet normal 0.882073 0.46698 0.062264
    outer loop
      vertex 230.292 138.15 3.2
      vertex 230.463 138.227 0.199999
      vertex 230.454 138.244 0.199999
    endloop
  endfacet
  facet normal 0.895324 0.44103 0.0623532
    outer loop
      vertex 230.463 138.227 0.199999
      vertex 230.292 138.15 3.2
      vertex 230.425 137.88 3.2
    endloop
  endfacet
  facet normal 0.829929 0.554392 0.0621926
    outer loop
      vertex 230.292 138.15 3.2
      vertex 230.444 138.259 0.199999
      vertex 230.125 138.4 3.2
    endloop
  endfacet
  facet normal 0.83044 0.553626 0.0621907
    outer loop
      vertex 230.444 138.259 0.199999
      vertex 230.292 138.15 3.2
      vertex 230.454 138.244 0.199999
    endloop
  endfacet
  facet normal 0.46698 0.882073 0.062264
    outer loop
      vertex 229.527 139.163 0.199999
      vertex 229.45 138.992 3.2
      vertex 229.544 139.154 0.199999
    endloop
  endfacet
  facet normal 0.44103 0.895324 0.0623532
    outer loop
      vertex 229.45 138.992 3.2
      vertex 229.527 139.163 0.199999
      vertex 229.18 139.125 3.2
    endloop
  endfacet
  facet normal 0.555881 0.828945 0.0620181
    outer loop
      vertex 229.814 138.973 0.199999
      vertex 229.559 139.144 0.199999
      vertex 229.7 138.825 3.2
    endloop
  endfacet
  facet normal 0.19254 0.979297 0.0624968
    outer loop
      vertex 228.643 139.463 0.199999
      vertex 228.6 139.28 3.2
      vertex 228.895 139.222 3.2
    endloop
  endfacet
  facet normal 0.164079 0.984471 0.0624045
    outer loop
      vertex 228.6 139.28 3.2
      vertex 228.643 139.463 0.199999
      vertex 228.625 139.466 0.199999
    endloop
  endfacet
  facet normal 0.0663904 0.995855 0.0621635
    outer loop
      vertex 228.319 139.486 0.199999
      vertex 228.3 139.3 3.2
      vertex 228.6 139.28 3.2
    endloop
  endfacet
  facet normal 0.104482 0.99258 0.0622016
    outer loop
      vertex 228.3 139.3 3.2
      vertex 228.319 139.486 0.199999
      vertex 228.3 139.488 0.199999
    endloop
  endfacet
  facet normal -0.895324 -0.44103 0.0623532
    outer loop
      vertex 226.137 135.773 0.199999
      vertex 226.308 135.85 3.2
      vertex 226.175 136.12 3.2
    endloop
  endfacet
  facet normal -0.882073 -0.46698 0.062264
    outer loop
      vertex 226.308 135.85 3.2
      vertex 226.137 135.773 0.199999
      vertex 226.146 135.756 0.199999
    endloop
  endfacet
  facet normal -0.946842 -0.315614 0.0622811
    outer loop
      vertex 225.903 136.338 0.199999
      vertex 226.078 136.405 3.2
      vertex 225.897 136.356 0.199999
    endloop
  endfacet
  facet normal -0.944833 -0.321575 0.0622971
    outer loop
      vertex 226.078 136.405 3.2
      vertex 225.903 136.338 0.199999
      vertex 226.175 136.12 3.2
    endloop
  endfacet
  facet normal 0.0663902 -0.995853 0.0622076
    outer loop
      vertex 228.606 134.533 0.199999
      vertex 228.6 134.72 3.2
      vertex 228.3 134.7 3.2
    endloop
  endfacet
  facet normal 0.052457 -0.996682 0.0622314
    outer loop
      vertex 228.6 134.72 3.2
      vertex 228.606 134.533 0.199999
      vertex 228.625 134.534 0.199999
    endloop
  endfacet
  facet normal -0.322447 -0.944541 0.0622073
    outer loop
      vertex 227.42 134.875 3.2
      vertex 227.348 134.702 0.199999
      vertex 227.638 134.603 0.199999
    endloop
  endfacet
  facet normal -0.19511 -0.978804 0.0622413
    outer loop
      vertex 227.705 134.778 3.2
      vertex 227.656 134.597 0.199999
      vertex 227.957 134.537 0.199999
    endloop
  endfacet
  facet normal -0.590221 -0.804847 0.0621342
    outer loop
      vertex 226.801 135.016 0.199999
      vertex 226.9 135.175 3.2
      vertex 226.786 135.027 0.199999
    endloop
  endfacet
  facet normal -0.554389 -0.829924 0.0622808
    outer loop
      vertex 226.9 135.175 3.2
      vertex 226.801 135.016 0.199999
      vertex 227.15 135.008 3.2
    endloop
  endfacet
  facet normal -0.46698 -0.882073 0.062264
    outer loop
      vertex 227.073 134.837 0.199999
      vertex 227.15 135.008 3.2
      vertex 227.056 134.846 0.199999
    endloop
  endfacet
  facet normal -0.44103 -0.895324 0.0623532
    outer loop
      vertex 227.15 135.008 3.2
      vertex 227.073 134.837 0.199999
      vertex 227.42 134.875 3.2
    endloop
  endfacet
  facet normal 0.553626 -0.83044 0.0621907
    outer loop
      vertex 229.559 134.856 0.199999
      vertex 229.45 135.008 3.2
      vertex 229.544 134.846 0.199999
    endloop
  endfacet
  facet normal 0.554392 -0.829929 0.0621926
    outer loop
      vertex 229.45 135.008 3.2
      vertex 229.559 134.856 0.199999
      vertex 229.7 135.175 3.2
    endloop
  endfacet
  facet normal 0.555881 -0.828945 0.0620181
    outer loop
      vertex 229.7 135.175 3.2
      vertex 229.559 134.856 0.199999
      vertex 229.814 135.027 0.199999
    endloop
  endfacet
  facet normal 0.44103 -0.895324 0.0623532
    outer loop
      vertex 229.527 134.837 0.199999
      vertex 229.45 135.008 3.2
      vertex 229.18 134.875 3.2
    endloop
  endfacet
  facet normal 0.46698 -0.882073 0.062264
    outer loop
      vertex 229.45 135.008 3.2
      vertex 229.527 134.837 0.199999
      vertex 229.544 134.846 0.199999
    endloop
  endfacet
  facet normal 0.995933 -0.0650937 0.0622903
    outer loop
      vertex 230.786 136.981 0.199999
      vertex 230.58 136.7 3.2
      vertex 230.766 136.675 0.199999
    endloop
  endfacet
  facet normal 0.944541 -0.322447 0.0622073
    outer loop
      vertex 230.697 136.338 0.199999
      vertex 230.425 136.12 3.2
      vertex 230.598 136.048 0.199999
    endloop
  endfacet
  facet normal 0.984471 -0.164079 0.0624045
    outer loop
      vertex 230.58 136.7 3.2
      vertex 230.763 136.657 0.199999
      vertex 230.766 136.675 0.199999
    endloop
  endfacet
  facet normal 0.979297 -0.19254 0.0624968
    outer loop
      vertex 230.763 136.657 0.199999
      vertex 230.58 136.7 3.2
      vertex 230.522 136.405 3.2
    endloop
  endfacet
  facet normal -0.995853 -0.0663902 0.0622076
    outer loop
      vertex 225.833 136.694 0.199999
      vertex 226.02 136.7 3.2
      vertex 226 137 3.2
    endloop
  endfacet
  facet normal -0.996682 -0.052457 0.0622314
    outer loop
      vertex 226.02 136.7 3.2
      vertex 225.833 136.694 0.199999
      vertex 225.834 136.675 0.199999
    endloop
  endfacet
  facet normal -0.978804 0.19511 0.0622413
    outer loop
      vertex 225.897 137.644 0.199999
      vertex 225.837 137.343 0.199999
      vertex 226.078 137.595 3.2
    endloop
  endfacet
  facet normal 0 0 1
    outer loop
      vertex 230.58 137.3 3.2
      vertex 230.58 136.7 3.2
      vertex 230.6 137 3.2
    endloop
  endfacet
  facet normal 0 0 1
    outer loop
      vertex 230.522 137.595 3.2
      vertex 230.58 136.7 3.2
      vertex 230.58 137.3 3.2
    endloop
  endfacet
  facet normal 0 0 1
    outer loop
      vertex 230.522 137.595 3.2
      vertex 230.522 136.405 3.2
      vertex 230.58 136.7 3.2
    endloop
  endfacet
  facet normal 0 0 1
    outer loop
      vertex 230.425 137.88 3.2
      vertex 230.522 136.405 3.2
      vertex 230.522 137.595 3.2
    endloop
  endfacet
  facet normal 0 0 1
    outer loop
      vertex 230.425 137.88 3.2
      vertex 230.425 136.12 3.2
      vertex 230.522 136.405 3.2
    endloop
  endfacet
  facet normal 0 0 1
    outer loop
      vertex 230.292 138.15 3.2
      vertex 230.425 136.12 3.2
      vertex 230.425 137.88 3.2
    endloop
  endfacet
  facet normal 0 0 1
    outer loop
      vertex 230.292 138.15 3.2
      vertex 230.292 135.85 3.2
      vertex 230.425 136.12 3.2
    endloop
  endfacet
  facet normal 0 0 1
    outer loop
      vertex 230.125 138.4 3.2
      vertex 230.292 135.85 3.2
      vertex 230.292 138.15 3.2
    endloop
  endfacet
  facet normal 0 0 1
    outer loop
      vertex 230.125 138.4 3.2
      vertex 230.125 135.6 3.2
      vertex 230.292 135.85 3.2
    endloop
  endfacet
  facet normal 0 0 1
    outer loop
      vertex 229.926 138.626 3.2
      vertex 230.125 135.6 3.2
      vertex 230.125 138.4 3.2
    endloop
  endfacet
  facet normal 0 0 1
    outer loop
      vertex 229.926 138.626 3.2
      vertex 229.926 135.374 3.2
      vertex 230.125 135.6 3.2
    endloop
  endfacet
  facet normal 0 0 1
    outer loop
      vertex 229.7 138.825 3.2
      vertex 229.926 135.374 3.2
      vertex 229.926 138.626 3.2
    endloop
  endfacet
  facet normal 0 0 1
    outer loop
      vertex 229.7 138.825 3.2
      vertex 229.7 135.175 3.2
      vertex 229.926 135.374 3.2
    endloop
  endfacet
  facet normal 0 0 1
    outer loop
      vertex 229.45 138.992 3.2
      vertex 229.7 135.175 3.2
      vertex 229.7 138.825 3.2
    endloop
  endfacet
  facet normal 0 0 1
    outer loop
      vertex 229.45 138.992 3.2
      vertex 229.45 135.008 3.2
      vertex 229.7 135.175 3.2
    endloop
  endfacet
  facet normal 0 0 1
    outer loop
      vertex 229.18 139.125 3.2
      vertex 229.45 135.008 3.2
      vertex 229.45 138.992 3.2
    endloop
  endfacet
  facet normal 0 0 1
    outer loop
      vertex 229.18 139.125 3.2
      vertex 229.18 134.875 3.2
      vertex 229.45 135.008 3.2
    endloop
  endfacet
  facet normal 0 0 1
    outer loop
      vertex 228.895 139.222 3.2
      vertex 229.18 134.875 3.2
      vertex 229.18 139.125 3.2
    endloop
  endfacet
  facet normal 0 0 1
    outer loop
      vertex 228.895 139.222 3.2
      vertex 228.895 134.778 3.2
      vertex 229.18 134.875 3.2
    endloop
  endfacet
  facet normal 0 0 1
    outer loop
      vertex 228.6 139.28 3.2
      vertex 228.895 134.778 3.2
      vertex 228.895 139.222 3.2
    endloop
  endfacet
  facet normal 0 0 1
    outer loop
      vertex 228.6 139.28 3.2
      vertex 228.6 134.72 3.2
      vertex 228.895 134.778 3.2
    endloop
  endfacet
  facet normal 0 0 1
    outer loop
      vertex 228.3 139.3 3.2
      vertex 228.6 134.72 3.2
      vertex 228.6 139.28 3.2
    endloop
  endfacet
  facet normal 0 0 1
    outer loop
      vertex 228.3 139.3 3.2
      vertex 228.3 134.7 3.2
      vertex 228.6 134.72 3.2
    endloop
  endfacet
  facet normal -0 0 1
    outer loop
      vertex 228 139.28 3.2
      vertex 228.3 134.7 3.2
      vertex 228.3 139.3 3.2
    endloop
  endfacet
  facet normal 0 0 1
    outer loop
      vertex 228 139.28 3.2
      vertex 228 134.72 3.2
      vertex 228.3 134.7 3.2
    endloop
  endfacet
  facet normal -0 0 1
    outer loop
      vertex 227.705 139.222 3.2
      vertex 228 134.72 3.2
      vertex 228 139.28 3.2
    endloop
  endfacet
  facet normal 0 0 1
    outer loop
      vertex 227.705 139.222 3.2
      vertex 227.705 134.778 3.2
      vertex 228 134.72 3.2
    endloop
  endfacet
  facet normal -0 0 1
    outer loop
      vertex 227.42 139.125 3.2
      vertex 227.705 134.778 3.2
      vertex 227.705 139.222 3.2
    endloop
  endfacet
  facet normal 0 0 1
    outer loop
      vertex 227.42 139.125 3.2
      vertex 227.42 134.875 3.2
      vertex 227.705 134.778 3.2
    endloop
  endfacet
  facet normal -0 0 1
    outer loop
      vertex 227.15 138.992 3.2
      vertex 227.42 134.875 3.2
      vertex 227.42 139.125 3.2
    endloop
  endfacet
  facet normal 0 0 1
    outer loop
      vertex 227.15 138.992 3.2
      vertex 227.15 135.008 3.2
      vertex 227.42 134.875 3.2
    endloop
  endfacet
  facet normal -0 0 1
    outer loop
      vertex 226.9 138.825 3.2
      vertex 227.15 135.008 3.2
      vertex 227.15 138.992 3.2
    endloop
  endfacet
  facet normal 0 0 1
    outer loop
      vertex 226.9 138.825 3.2
      vertex 226.9 135.175 3.2
      vertex 227.15 135.008 3.2
    endloop
  endfacet
  facet normal -0 0 1
    outer loop
      vertex 226.674 138.626 3.2
      vertex 226.9 135.175 3.2
      vertex 226.9 138.825 3.2
    endloop
  endfacet
  facet normal 0 0 1
    outer loop
      vertex 226.674 138.626 3.2
      vertex 226.674 135.374 3.2
      vertex 226.9 135.175 3.2
    endloop
  endfacet
  facet normal -0 0 1
    outer loop
      vertex 226.475 138.4 3.2
      vertex 226.674 135.374 3.2
      vertex 226.674 138.626 3.2
    endloop
  endfacet
  facet normal 0 0 1
    outer loop
      vertex 226.475 138.4 3.2
      vertex 226.475 135.6 3.2
      vertex 226.674 135.374 3.2
    endloop
  endfacet
  facet normal -0 0 1
    outer loop
      vertex 226.308 138.15 3.2
      vertex 226.475 135.6 3.2
      vertex 226.475 138.4 3.2
    endloop
  endfacet
  facet normal 0 0 1
    outer loop
      vertex 226.308 138.15 3.2
      vertex 226.308 135.85 3.2
      vertex 226.475 135.6 3.2
    endloop
  endfacet
  facet normal -0 0 1
    outer loop
      vertex 226.175 137.88 3.2
      vertex 226.308 135.85 3.2
      vertex 226.308 138.15 3.2
    endloop
  endfacet
  facet normal 0 0 1
    outer loop
      vertex 226.175 137.88 3.2
      vertex 226.175 136.12 3.2
      vertex 226.308 135.85 3.2
    endloop
  endfacet
  facet normal -0 0 1
    outer loop
      vertex 226.078 137.595 3.2
      vertex 226.175 136.12 3.2
      vertex 226.175 137.88 3.2
    endloop
  endfacet
  facet normal 0 0 1
    outer loop
      vertex 226.078 137.595 3.2
      vertex 226.078 136.405 3.2
      vertex 226.175 136.12 3.2
    endloop
  endfacet
  facet normal -0 0 1
    outer loop
      vertex 226.02 137.3 3.2
      vertex 226.078 136.405 3.2
      vertex 226.078 137.595 3.2
    endloop
  endfacet
  facet normal 0 0 1
    outer loop
      vertex 226.02 137.3 3.2
      vertex 226.02 136.7 3.2
      vertex 226.078 136.405 3.2
    endloop
  endfacet
  facet normal 0 -0 1
    outer loop
      vertex 226.02 136.7 3.2
      vertex 226.02 137.3 3.2
      vertex 226 137 3.2
    endloop
  endfacet
  facet normal -0.439819 0.895928 0.0622208
    outer loop
      vertex 227.348 139.298 0.199999
      vertex 227.073 139.163 0.199999
      vertex 227.42 139.125 3.2
    endloop
  endfacet
  facet normal -0.554389 0.829924 0.0622808
    outer loop
      vertex 226.801 138.984 0.199999
      vertex 226.9 138.825 3.2
      vertex 227.15 138.992 3.2
    endloop
  endfacet
  facet normal -0.590221 0.804847 0.0621342
    outer loop
      vertex 226.9 138.825 3.2
      vertex 226.801 138.984 0.199999
      vertex 226.786 138.973 0.199999
    endloop
  endfacet
  facet normal -0.659566 0.749055 0.0623671
    outer loop
      vertex 226.555 138.771 0.199999
      vertex 226.674 138.626 3.2
      vertex 226.9 138.825 3.2
    endloop
  endfacet
  facet normal -0.649524 0.757777 0.0623903
    outer loop
      vertex 226.674 138.626 3.2
      vertex 226.555 138.771 0.199999
      vertex 226.541 138.759 0.199999
    endloop
  endfacet
  facet normal -0.164079 0.984471 0.0624045
    outer loop
      vertex 227.957 139.463 0.199999
      vertex 228 139.28 3.2
      vertex 227.975 139.466 0.199999
    endloop
  endfacet
  facet normal -0.19254 0.979297 0.0624968
    outer loop
      vertex 228 139.28 3.2
      vertex 227.957 139.463 0.199999
      vertex 227.705 139.222 3.2
    endloop
  endfacet
  facet normal -0.315614 0.946842 0.0622811
    outer loop
      vertex 227.638 139.397 0.199999
      vertex 227.705 139.222 3.2
      vertex 227.656 139.403 0.199999
    endloop
  endfacet
  facet normal -0.321575 0.944833 0.0622971
    outer loop
      vertex 227.705 139.222 3.2
      vertex 227.638 139.397 0.199999
      vertex 227.42 139.125 3.2
    endloop
  endfacet
  facet normal 0.978804 0.19511 0.0622413
    outer loop
      vertex 230.703 137.644 0.199999
      vertex 230.522 137.595 3.2
      vertex 230.763 137.343 0.199999
    endloop
  endfacet
  facet normal 0.944833 0.321575 0.0622971
    outer loop
      vertex 230.522 137.595 3.2
      vertex 230.697 137.662 0.199999
      vertex 230.425 137.88 3.2
    endloop
  endfacet
  facet normal 0.946842 0.315614 0.0622811
    outer loop
      vertex 230.697 137.662 0.199999
      vertex 230.522 137.595 3.2
      vertex 230.703 137.644 0.199999
    endloop
  endfacet
  facet normal 0.895928 0.439819 0.0622208
    outer loop
      vertex 230.463 138.227 0.199999
      vertex 230.425 137.88 3.2
      vertex 230.598 137.952 0.199999
    endloop
  endfacet
  facet normal 0.751329 0.657006 0.0620318
    outer loop
      vertex 230.273 138.514 0.199999
      vertex 230.071 138.745 0.199999
      vertex 230.125 138.4 3.2
    endloop
  endfacet
  facet normal 0.649524 0.757777 0.0623903
    outer loop
      vertex 230.045 138.771 0.199999
      vertex 229.926 138.626 3.2
      vertex 230.059 138.759 0.199999
    endloop
  endfacet
  facet normal 0.659566 0.749055 0.0623671
    outer loop
      vertex 229.926 138.626 3.2
      vertex 230.045 138.771 0.199999
      vertex 229.7 138.825 3.2
    endloop
  endfacet
  facet normal 0.322447 0.944541 0.0622073
    outer loop
      vertex 229.252 139.298 0.199999
      vertex 228.962 139.397 0.199999
      vertex 229.18 139.125 3.2
    endloop
  endfacet
  facet normal 0.439819 0.895928 0.0622208
    outer loop
      vertex 229.252 139.298 0.199999
      vertex 229.18 139.125 3.2
      vertex 229.527 139.163 0.199999
    endloop
  endfacet
  facet normal 0.554392 0.829929 0.0621926
    outer loop
      vertex 229.559 139.144 0.199999
      vertex 229.45 138.992 3.2
      vertex 229.7 138.825 3.2
    endloop
  endfacet
  facet normal 0.553626 0.83044 0.0621907
    outer loop
      vertex 229.45 138.992 3.2
      vertex 229.559 139.144 0.199999
      vertex 229.544 139.154 0.199999
    endloop
  endfacet
  facet normal 0.321575 0.944833 0.0622971
    outer loop
      vertex 228.962 139.397 0.199999
      vertex 228.895 139.222 3.2
      vertex 229.18 139.125 3.2
    endloop
  endfacet
  facet normal 0.315614 0.946842 0.0622811
    outer loop
      vertex 228.895 139.222 3.2
      vertex 228.962 139.397 0.199999
      vertex 228.944 139.403 0.199999
    endloop
  endfacet
  facet normal 0.19511 0.978804 0.0622413
    outer loop
      vertex 228.944 139.403 0.199999
      vertex 228.643 139.463 0.199999
      vertex 228.895 139.222 3.2
    endloop
  endfacet
  facet normal 0.0650937 0.995933 0.0622903
    outer loop
      vertex 228.625 139.466 0.199999
      vertex 228.319 139.486 0.199999
      vertex 228.6 139.28 3.2
    endloop
  endfacet
  facet normal -0.104482 0.99258 0.0622016
    outer loop
      vertex 228.281 139.486 0.199999
      vertex 228.3 139.3 3.2
      vertex 228.3 139.488 0.199999
    endloop
  endfacet
  facet normal -0.0663904 0.995855 0.0621635
    outer loop
      vertex 228.3 139.3 3.2
      vertex 228.281 139.486 0.199999
      vertex 228 139.28 3.2
    endloop
  endfacet
  facet normal -0.984471 -0.164079 0.0624045
    outer loop
      vertex 225.837 136.657 0.199999
      vertex 226.02 136.7 3.2
      vertex 225.834 136.675 0.199999
    endloop
  endfacet
  facet normal -0.979297 -0.19254 0.0624968
    outer loop
      vertex 226.02 136.7 3.2
      vertex 225.837 136.657 0.199999
      vertex 226.078 136.405 3.2
    endloop
  endfacet
  facet normal -0.978804 -0.19511 0.0622413
    outer loop
      vertex 226.078 136.405 3.2
      vertex 225.837 136.657 0.199999
      vertex 225.897 136.356 0.199999
    endloop
  endfacet
  facet normal -0.751329 -0.657006 0.0620318
    outer loop
      vertex 226.475 135.6 3.2
      vertex 226.327 135.486 0.199999
      vertex 226.529 135.255 0.199999
    endloop
  endfacet
  facet normal -0.829924 -0.554389 0.0622808
    outer loop
      vertex 226.316 135.501 0.199999
      vertex 226.475 135.6 3.2
      vertex 226.308 135.85 3.2
    endloop
  endfacet
  facet normal -0.804847 -0.590221 0.0621342
    outer loop
      vertex 226.475 135.6 3.2
      vertex 226.316 135.501 0.199999
      vertex 226.327 135.486 0.199999
    endloop
  endfacet
  facet normal -0.19254 -0.979297 0.0624968
    outer loop
      vertex 227.957 134.537 0.199999
      vertex 228 134.72 3.2
      vertex 227.705 134.778 3.2
    endloop
  endfacet
  facet normal -0.164079 -0.984471 0.0624045
    outer loop
      vertex 228 134.72 3.2
      vertex 227.957 134.537 0.199999
      vertex 227.975 134.534 0.199999
    endloop
  endfacet
  facet normal -0.068333 -0.995709 0.0623978
    outer loop
      vertex 228.3 134.7 3.2
      vertex 227.994 134.533 0.199999
      vertex 228.3 134.512 0.199999
    endloop
  endfacet
  facet normal -0.553626 -0.83044 0.0621907
    outer loop
      vertex 227.15 135.008 3.2
      vertex 226.801 135.016 0.199999
      vertex 227.056 134.846 0.199999
    endloop
  endfacet
  facet normal 0.749055 -0.659566 0.0623671
    outer loop
      vertex 229.926 135.374 3.2
      vertex 230.071 135.255 0.199999
      vertex 230.125 135.6 3.2
    endloop
  endfacet
  facet normal 0.757777 -0.649524 0.0623903
    outer loop
      vertex 230.071 135.255 0.199999
      vertex 229.926 135.374 3.2
      vertex 230.059 135.241 0.199999
    endloop
  endfacet
  facet normal 0.657006 -0.751329 0.0620318
    outer loop
      vertex 230.045 135.229 0.199999
      vertex 229.7 135.175 3.2
      vertex 229.814 135.027 0.199999
    endloop
  endfacet
  facet normal 0.19511 -0.978804 0.0622413
    outer loop
      vertex 228.895 134.778 3.2
      vertex 228.643 134.537 0.199999
      vertex 228.944 134.597 0.199999
    endloop
  endfacet
  facet normal 0.315614 -0.946842 0.0622811
    outer loop
      vertex 228.962 134.603 0.199999
      vertex 228.895 134.778 3.2
      vertex 228.944 134.597 0.199999
    endloop
  endfacet
  facet normal 0.321575 -0.944833 0.0622971
    outer loop
      vertex 228.895 134.778 3.2
      vertex 228.962 134.603 0.199999
      vertex 229.18 134.875 3.2
    endloop
  endfacet
  facet normal 0.439819 -0.895928 0.0622208
    outer loop
      vertex 229.527 134.837 0.199999
      vertex 229.18 134.875 3.2
      vertex 229.252 134.702 0.199999
    endloop
  endfacet
  facet normal 0.829924 -0.554389 0.0622808
    outer loop
      vertex 230.125 135.6 3.2
      vertex 230.284 135.501 0.199999
      vertex 230.292 135.85 3.2
    endloop
  endfacet
  facet normal 0.804847 -0.590221 0.0621342
    outer loop
      vertex 230.284 135.501 0.199999
      vertex 230.125 135.6 3.2
      vertex 230.273 135.486 0.199999
    endloop
  endfacet
  facet normal 0.83044 -0.553626 0.0621907
    outer loop
      vertex 230.292 135.85 3.2
      vertex 230.284 135.501 0.199999
      vertex 230.454 135.756 0.199999
    endloop
  endfacet
  facet normal 0.946842 -0.315614 0.0622811
    outer loop
      vertex 230.522 136.405 3.2
      vertex 230.697 136.338 0.199999
      vertex 230.703 136.356 0.199999
    endloop
  endfacet
  facet normal 0.944833 -0.321575 0.0622971
    outer loop
      vertex 230.697 136.338 0.199999
      vertex 230.522 136.405 3.2
      vertex 230.425 136.12 3.2
    endloop
  endfacet
  facet normal -0.984471 0.164079 0.0624045
    outer loop
      vertex 226.02 137.3 3.2
      vertex 225.837 137.343 0.199999
      vertex 225.834 137.325 0.199999
    endloop
  endfacet
  facet normal -0.979297 0.19254 0.0624968
    outer loop
      vertex 225.837 137.343 0.199999
      vertex 226.02 137.3 3.2
      vertex 226.078 137.595 3.2
    endloop
  endfacet
  facet normal -0.995709 0.068333 0.0623978
    outer loop
      vertex 225.833 137.306 0.199999
      vertex 225.812 137 0.199999
      vertex 226 137 3.2
    endloop
  endfacet
  facet normal -0.895928 0.439819 0.0622208
    outer loop
      vertex 226.137 138.227 0.199999
      vertex 226.002 137.952 0.199999
      vertex 226.175 137.88 3.2
    endloop
  endfacet
  facet normal -0.946842 0.315614 0.0622811
    outer loop
      vertex 226.078 137.595 3.2
      vertex 225.903 137.662 0.199999
      vertex 225.897 137.644 0.199999
    endloop
  endfacet
  facet normal -0.944833 0.321575 0.0622971
    outer loop
      vertex 225.903 137.662 0.199999
      vertex 226.078 137.595 3.2
      vertex 226.175 137.88 3.2
    endloop
  endfacet
  facet normal -0.44103 0.895324 0.0623532
    outer loop
      vertex 227.073 139.163 0.199999
      vertex 227.15 138.992 3.2
      vertex 227.42 139.125 3.2
    endloop
  endfacet
  facet normal -0.46698 0.882073 0.062264
    outer loop
      vertex 227.15 138.992 3.2
      vertex 227.073 139.163 0.199999
      vertex 227.056 139.154 0.199999
    endloop
  endfacet
  facet normal -0.553626 0.83044 0.0621907
    outer loop
      vertex 227.056 139.154 0.199999
      vertex 226.801 138.984 0.199999
      vertex 227.15 138.992 3.2
    endloop
  endfacet
  facet normal -0.657006 0.751329 0.0620318
    outer loop
      vertex 226.786 138.973 0.199999
      vertex 226.555 138.771 0.199999
      vertex 226.9 138.825 3.2
    endloop
  endfacet
  facet normal -0.757777 0.649524 0.0623903
    outer loop
      vertex 226.529 138.745 0.199999
      vertex 226.674 138.626 3.2
      vertex 226.541 138.759 0.199999
    endloop
  endfacet
  facet normal -0.749055 0.659566 0.0623671
    outer loop
      vertex 226.674 138.626 3.2
      vertex 226.529 138.745 0.199999
      vertex 226.475 138.4 3.2
    endloop
  endfacet
  facet normal -0.19511 0.978804 0.0622413
    outer loop
      vertex 227.957 139.463 0.199999
      vertex 227.656 139.403 0.199999
      vertex 227.705 139.222 3.2
    endloop
  endfacet
  facet normal -0.749055 -0.659566 0.0623671
    outer loop
      vertex 226.529 135.255 0.199999
      vertex 226.674 135.374 3.2
      vertex 226.475 135.6 3.2
    endloop
  endfacet
  facet normal -0.757777 -0.649524 0.0623903
    outer loop
      vertex 226.674 135.374 3.2
      vertex 226.529 135.255 0.199999
      vertex 226.541 135.241 0.199999
    endloop
  endfacet
  facet normal -0.83044 -0.553626 0.0621907
    outer loop
      vertex 226.308 135.85 3.2
      vertex 226.146 135.756 0.199999
      vertex 226.316 135.501 0.199999
    endloop
  endfacet
  facet normal -0.052457 -0.996682 0.0622314
    outer loop
      vertex 227.994 134.533 0.199999
      vertex 228 134.72 3.2
      vertex 227.975 134.534 0.199999
    endloop
  endfacet
  facet normal -0.0663902 -0.995853 0.0622076
    outer loop
      vertex 228 134.72 3.2
      vertex 227.994 134.533 0.199999
      vertex 228.3 134.7 3.2
    endloop
  endfacet
  facet normal -0.996682 0.052457 0.0622314
    outer loop
      vertex 225.833 137.306 0.199999
      vertex 226.02 137.3 3.2
      vertex 225.834 137.325 0.199999
    endloop
  endfacet
  facet normal -0.995853 0.0663902 0.0622076
    outer loop
      vertex 226.02 137.3 3.2
      vertex 225.833 137.306 0.199999
      vertex 226 137 3.2
    endloop
  endfacet
  facet normal -0.83044 0.553626 0.0621907
    outer loop
      vertex 226.308 138.15 3.2
      vertex 226.156 138.259 0.199999
      vertex 226.146 138.244 0.199999
    endloop
  endfacet
  facet normal -0.829929 0.554392 0.0621926
    outer loop
      vertex 226.156 138.259 0.199999
      vertex 226.308 138.15 3.2
      vertex 226.475 138.4 3.2
    endloop
  endfacet
  facet normal -0.882073 0.46698 0.062264
    outer loop
      vertex 226.137 138.227 0.199999
      vertex 226.308 138.15 3.2
      vertex 226.146 138.244 0.199999
    endloop
  endfacet
  facet normal -0.895324 0.44103 0.0623532
    outer loop
      vertex 226.308 138.15 3.2
      vertex 226.137 138.227 0.199999
      vertex 226.175 137.88 3.2
    endloop
  endfacet
  facet normal -0.944541 0.322447 0.0622073
    outer loop
      vertex 226.002 137.952 0.199999
      vertex 225.903 137.662 0.199999
      vertex 226.175 137.88 3.2
    endloop
  endfacet
endsolid OpenSCAD_Model
